Xdata,P_Band4_nterms2,omega_Band4_nterms2,P_times_omega_Band4_nterms2,P_Band5,omega_Band5,P_times_omega_Band5,P_Band6,omega_Band6,P_times_omega_Band6,P_Band7_nterms2,omega_Band7_nterms2,P_times_omega_Band7_nterms2
10.0,0.9999999987979202,0.0006693427888802556,0.0006693427880756521,0.9999999976950884,0.0009483414198304324,0.0009483414176445893,0.9999999932575481,0.0017314832976376574,0.0017314832859632145,0.9999999663616367,0.0043757591230089805,0.004375758975815605
210.3807615230461,0.9997319630689253,0.8131817634714545,0.8129638007271678,0.9994489431288959,0.8529789542521651,0.8525089143385172,0.9979893311732846,0.9004913468417766,0.8986807569619548,0.975766358537446,0.9340930537243889,0.9114565775677699
410.7615230460922,0.99313682302556,0.9397515717084631,0.9333018903598198,0.9798480274462537,0.9466769460571034,0.9275995382228962,0.8558028369138825,0.9556449586694863,0.8178436667117963,0.6844888658131506,0.9646551331463855,0.6602956979882032
611.1422845691384,0.9132554448201732,0.9638636030883788,0.8802536835844522,0.77428504946639,0.9676621828606098,0.7492463611229822,0.6494856282620176,0.9705639150298985,0.630367314121637,0.40518749410457233,0.9728627542421591,0.39419182149905285
811.5230460921844,0.700064377555132,0.974585021004705,0.682272256104214,0.6430253302925922,0.9757021619420375,0.627401204949975,0.5979150136277296,0.9766144365872315,0.583932434161092,0.36459877003877283,0.9755006705533967,0.3556663446557666
1011.9038076152304,0.6518305084846686,0.9796316058287877,0.6385537677550311,0.6373252193310317,0.9798669508665283,0.6244939193762394,0.4613791199414647,0.9795039891693452,0.4519226885021065,0.3397234100076763,0.9757280969530004,0.3314776763371739
1212.2845691382765,0.63559327802572,0.9825114017985684,0.6244776425667974,0.4869500162822214,0.9822485941208652,0.4783059689003444,0.420426621345615,0.9808861114015791,0.4123906337414044,0.24802384085551374,0.9745502610044995,0.24171169884107935
1412.6653306613227,0.5110715078071881,0.9843277204649686,0.5030618522744439,0.46556394063530465,0.9836713856671482,0.45796192660138807,0.3348047324315528,0.9813869895683357,0.3285730084542337,0.14780742470390035,0.9721777646155193,0.14369509174221454
1613.0460921843687,0.4667501605763346,0.9854858590400063,0.45997568295262997,0.42130203820951245,0.9844423692304699,0.4147475766565984,0.30851481268017883,0.9812718276822621,0.3027368941057298,0.15607591221205222,0.969004572746281,0.15123827262902573
1813.426853707415,0.4522757070773939,0.9861704340892533,0.4460209303765375,0.33825127806366573,0.9847759224939713,0.3331017143899112,0.24975316956718654,0.9806626650222718,0.2449236088655165,0.1562409482337717,0.9656396413369362,0.1508724532146021
2013.807615230461,0.37571406622488956,0.9865780931348488,0.37067126702009184,0.32786072999307947,0.9847799056576507,0.3228706587514333,0.23995726378747625,0.9796317308631952,0.2350697496573217,0.1260173027516841,0.9622447940173101,0.12125949352891127
2214.188376753507,0.3397658841250383,0.986757863618395,0.33526665794963795,0.2734308917737217,0.9845322578703058,0.2692015332494735,0.1983468542429412,0.9782453804573458,0.19403189389140374,0.09830923192550693,0.9591920388455424,0.09429743260796628
2414.569138276553,0.32841269270419327,0.9867299879424372,0.3240546523121519,0.2449372192823573,0.9840894095357888,0.241040123496913,0.19670691413656166,0.9765825766308823,0.1921005450485931,0.08413219109679868,0.9568609677168557,0.08050280978902222
2614.9498997995997,0.27910622432311905,0.9865340071237811,0.27534778189467557,0.23951761197041108,0.9834581636810958,0.23555555083770174,0.1680177562908466,0.9747506240004923,0.16377541278766536,0.06433561887022447,0.9545783695158877,0.061413390162934456
2815.3306613226455,0.24885010028868948,0.9862269282224096,0.2454226699955528,0.18795660776201653,0.9826650316580187,0.18469838591679577,0.1506004578311825,0.9728927537374475,0.1465180941334995,0.05252963617616221,0.952033856660955,0.050009992117788525
3015.7114228456917,0.24357238928911276,0.9857853562340678,0.24011009454415108,0.1801165172825544,0.9817199735496831,0.17682398258249035,0.13140338058784579,0.9711462581783474,0.12761190136987174,0.044787442731266086,0.949664030817297,0.042533023394173
3216.0921843687374,0.20671825477409095,0.9852149900353291,0.20366192331737662,0.1517833313855684,0.9806385867701125,0.14884459158520347,0.10554611524561179,0.9695885240216223,0.10233630209720879,0.05895575501724312,0.9470105249344118,0.05583172050678399
3416.4729458917836,0.18231028893649773,0.9845557919369348,0.1794946509021249,0.1301741171408098,0.9794799227914037,0.1275029342065195,0.09218144756546486,0.9682274234796203,0.08925260546893175,0.06502985720460398,0.9441664879650854,0.06139901188974195
3616.85370741483,0.18415499453039583,0.9838464357776343,0.18118023499937969,0.1436343353127184,0.9783100249209594,0.140518910159291,0.08376602204885307,0.9670038105265298,0.08100206251389024,0.061303621808383515,0.9414232366933344,0.05771265406387249
3817.2344689378756,0.1503828725951158,0.9830500425244864,0.147833889299583,0.11781173969894772,0.9771936883917336,0.11512488845226154,0.07613445866056415,0.9657998473776079,0.07353064855454966,0.05817909540286568,0.9391916901520619,0.05464132294293547
4017.615230460922,0.1317720159639655,0.9821860414348587,0.12942463473153829,0.11419042386536729,0.9761523996588904,0.11146725627424411,0.0789086418639193,0.9644942068183835,0.07610692794565674,0.05413500383980285,0.9368299975231373,0.05071529551315754
4217.9959919839675,0.14047047269892796,0.981339774044995,0.13784926193835959,0.09415524590709945,0.9751716501341576,0.09181752652001356,0.0680902121421404,0.9631541327062494,0.06558136922154777,0.05019041306301275,0.9348038157133698,0.04691818964353448
4418.376753507014,0.11342662687113113,0.9805161150512971,0.11121663552305455,0.08135956961770312,0.9742368018149015,0.07926348690138792,0.07529608688524358,0.9618102636629315,0.07242054917988314,0.044971441271459384,0.9327907267405784,0.04194894338617584
4618.75751503006,0.09965295902378943,0.9796623045376641,0.09762624749124296,0.07554613686833812,0.9733278946900767,0.07353116235002793,0.05875493773502868,0.9604300272599391,0.056430006450509614,0.04237923993830249,0.9306805521157749,0.03944153442402626
4819.138276553106,0.11204663428487996,0.9788348853150866,0.10967515442018191,0.06985486444827889,0.9724431461022943,0.06792988415463364,0.06753518088883988,0.9590694431250881,0.06477092832641175,0.04699369368570986,0.9283676725578438,0.0436274260318987
5019.519038076152,0.0978637577056852,0.9781207540293935,0.09572257247923467,0.0713233042468912,0.9716170844689485,0.0692989409270562,0.06546569973876191,0.9577098421984949,0.06269714496622372,0.05176734469954007,0.9262003806715077,0.04794693436706717
5219.8997995991995,0.08756573045293335,0.9774459820665775,0.08559077139794466,0.07286459672121398,0.9708758420187359,0.07074247669506424,0.07446161879972607,0.9562661120811567,0.07120512270888323,0.0473729991488273,0.9240555350349444,0.043775282074679574
5420.280561122245,0.08632319051042796,0.9767510246782992,0.08431626478456054,0.06469682196900109,0.9701690596042902,0.06276685492905197,0.07226873498064229,0.9546971040689346,0.06899475200074451,0.04603792013444075,0.9220744455162881,0.042450389680687615
5620.661322645291,0.08234950765003725,0.9761199388366222,0.08038299637058031,0.06189975289029229,0.9694263448746849,0.06000725119308226,0.06365438862521444,0.9533642221198594,0.060685816696192794,0.05203490147428703,0.9202085635926139,0.047882961942336856
5821.042084168336,0.07369375618922895,0.9755813968307104,0.0718942576007898,0.06570352366133682,0.9686022594531541,0.06364058147240462,0.060806577347567205,0.9520246920068243,0.05788936307130681,0.054467220859837316,0.9183824877462966,0.050021741793884376
6021.422845691383,0.06396483000003421,0.9750165081194404,0.06236676518908698,0.04794985240113161,0.9676912086142102,0.04640065062292403,0.06249918686569091,0.9508314652424416,0.05942619342396605,0.052673784478466795,0.9164624992707767,0.04827354816918593
6221.803607214429,0.0653182112614954,0.9743882158799956,0.06364529533556114,0.05416718120074838,0.9667325334003083,0.052365176309353036,0.059218134306503564,0.9498002133209461,0.05624539659678552,0.05243032993925408,0.9145850556443802,0.047951996224945906
6422.184368737475,0.05831826071962544,0.9738038067340281,0.05679054429087879,0.04217736799548218,0.9657069732937711,0.04073097838841467,0.06278031446272178,0.9487659180669537,0.05956382268775628,0.05381510508961393,0.9126005216024832,0.04911169297487412
6622.565130260521,0.05702928022763768,0.9732526539737412,0.055503898335760575,0.042762570130236356,0.9646529118394703,0.041251037793872056,0.061032187302746656,0.9475331914233318,0.057830023214518085,0.05576443700713826,0.9105899614874572,0.05077853654669976
6822.945891783567,0.061477236646273616,0.9726136005674618,0.05979359648747009,0.050977410745849536,0.9637397184075565,0.049128955477351376,0.0629606177925296,0.9464280532875126,0.05958769493116291,0.05228524479260615,0.9087179284353522,0.047512539335672344
7023.326653306614,0.051561034333643736,0.9718959796272549,0.05011196197429121,0.048728993536020615,0.9629031688819416,0.0469213022922619,0.05527977083449633,0.9452097624004572,0.052250979056026,0.052978113551552075,0.9069572964511841,0.04804888663779951
7223.70741482966,0.053514241483385155,0.9712315426728367,0.05197471931087488,0.05404247071433925,0.9620830021695707,0.05199334246951261,0.05724454787381595,0.9439351536264349,0.054035141091546265,0.05745467579869128,0.9051879037936933,0.0520072775493636
7424.088176352706,0.059228463371605845,0.9705847901823547,0.05748624569435334,0.050767954978964434,0.9612366163257082,0.04880001726175567,0.05600470339227762,0.9427392277121357,0.052797830824283035,0.05997825521710337,0.9034567313381171,0.05418775840980758
7624.468937875751,0.0429726716063472,0.9698364707249375,0.0416764641683215,0.04885576585839261,0.9603421454486897,0.046918251001987606,0.05795259657007197,0.9415523858085123,0.054565405564349474,0.05895402411364077,0.9017569690552899,0.05316220209832918
7824.849699398798,0.04448755305645946,0.969061807818676,0.04311118859032187,0.04430675608432302,0.9595612150082969,0.042515044701349244,0.0564169169998023,0.9403637637127752,0.05305242440700534,0.05936614762326025,0.8999673130479324,0.053427592362512426
8025.230460921844,0.05179938431311808,0.9683793679514087,0.0501614550414094,0.04187095430526218,0.9588493513811068,0.0401479373773086,0.058811414522979125,0.9393026132613627,0.05524171535103155,0.061372037819162596,0.8981718497682296,0.055122636732083015
8225.611222444892,0.048716295435100844,0.9677295529684525,0.047144198803689204,0.0403289653104757,0.9580797130084356,0.03863836351058772,0.05770127470122353,0.9382484410523341,0.05413813103515546,0.06326664608699194,0.8964150665142863,0.05671317476020669
8425.991983967935,0.04948901588412327,0.9669948232402598,0.04785562216720219,0.04133461530457764,0.9572860644761395,0.03956905121155433,0.06208595682771018,0.937242893074345,0.05818962179649198,0.06238507408459357,0.894725680462812,0.055817527861060916
8626.372745490982,0.04492328315081731,0.9663113179483245,0.043409876948032035,0.03822500203192908,0.9566043950075328,0.03656620494291523,0.061420003248506806,0.9362482719296028,0.05750437190332509,0.06300333294707292,0.8930823925400864,0.05626716732637153
8826.753507014027,0.04310881457798407,0.9657181975545795,0.04163096671296536,0.04403589264494277,0.9559160119889433,0.04209461488152694,0.0624345358804141,0.9352006556940816,0.058388818893318935,0.06616793183725417,0.891504402220742,0.05898900251875408
9027.134268537075,0.04326089361367901,0.9651635605155355,0.04175383811126223,0.04256692739524769,0.9551842433213198,0.04065925833454322,0.061364502084853494,0.9341490115997612,0.057323588969877375,0.06809607321015608,0.8899191757551168,0.06060000134334219
9227.51503006012,0.03837163514811538,0.9645144667944668,0.03700999721491633,0.04399163599377094,0.9543787577250322,0.041984682910026924,0.060029086079233365,0.9330936914960816,0.056012761526807904,0.06678366535793333,0.8883201019713381,0.059325272420779056
9427.895791583167,0.03642475989239799,0.9639593094721608,0.03511198639356523,0.045981371346240876,0.9534843998658119,0.04384252026307752,0.05920872087155028,0.9320147028837923,0.05518339839122733,0.06804866169471534,0.8866975683041046,0.06033858285105276
9628.276553106212,0.03762144454290152,0.9634319716669324,0.03624570249292577,0.04079128112821853,0.9527022654408727,0.03886194594108931,0.060583862233033664,0.9309601800566507,0.05640116329299234,0.07114505852113313,0.8850611722086468,0.06296772889156686
9828.657314629258,0.04257123690764748,0.9629287337659694,0.040993067250332096,0.0434221799511191,0.9519556380713348,0.0413359890218159,0.05918585023564194,0.9299038059361892,0.05503714739169274,0.07256811109324221,0.8834524645848549,0.06411047659559238
10029.038076152307,0.040854914074741,0.9622890344184221,0.039314235816230114,0.0437300462930674,0.9512053394466734,0.041596253528215915,0.06154520301098531,0.9288297979759326,0.057165018479081245,0.07239116118126493,0.8819199806887777,0.06384321147101936
10229.41883767535,0.036935979496574164,0.9617630080635972,0.03552365874640052,0.04241747132671259,0.950407340979978,0.040313876134715376,0.060739737977176536,0.9277583518737963,0.05635179919895154,0.07312037530061297,0.8804227098775501,0.06437683896942915
10429.799599198397,0.040473712513214875,0.9611938630078346,0.03890308408084554,0.04488702321641832,0.94965839546159,0.04262733844475096,0.06335856452263615,0.9267205464942158,0.0587156835395064,0.07537695310553921,0.878934245931297,0.06625138543841584
10630.180360721444,0.03903101015846455,0.9606481960047664,0.037495069496972684,0.041495981484173126,0.948955133437788,0.03937782464644549,0.06179590325780272,0.9257245628214672,0.057205985527487103,0.0766840841834018,0.8774637727743778,0.06728750581931574
10830.561122244491,0.03623393172478657,0.9599584555753262,0.03478306913794793,0.04291136118860897,0.9482818832493357,0.04069206640072657,0.06449007595593781,0.9247780644703247,0.059639007620076394,0.07618593910237176,0.8759795640325971,0.0667373257203096
11030.941883767535,0.038794815458701566,0.9593990965617826,0.03721971090235936,0.0460101298332796,0.9476346450006492,0.043600793050993694,0.06455652954669745,0.9238558913568976,0.05964093014727207,0.07772052991175035,0.874463474924036,0.06796376465956669
11231.32264529058,0.03680415210415068,0.9587491561726429,0.03528594977350406,0.044556218464780625,0.9469813005506991,0.04219390570939903,0.06707491625644496,0.9229267712036904,0.06190523588931867,0.08035240631622856,0.8729589171397477,0.07014434960738791
11431.703406813627,0.03639067915896265,0.9581660298363857,0.034868312572792944,0.047526894779477455,0.9463205886788542,0.04497567904579307,0.06720255915271116,0.921948038282376,0.06195726757839739,0.0817401298146343,0.8715024403950606,0.07123672261166285
11632.084168336674,0.038838083907149754,0.9575113909178847,0.037187907742520475,0.045529916805069945,0.945674724743573,0.043056491542232296,0.0672155297507119,0.9209487629613605,0.061902058975710654,0.08144022914180399,0.8700782636563159,0.07085937316347331
11832.464929859721,0.03834152543412508,0.9569591856149465,0.03669127495467509,0.045161115542368006,0.9450025161528413,0.04267736781980695,0.06719120720987819,0.9199314102539241,0.06181130200524687,0.0826432819970617,0.8686861969365641,0.07179107834038354
12032.845691382765,0.03714457798849263,0.9563369247831517,0.03552273148588299,0.04476657386173007,0.9442982132378417,0.04227299571041158,0.06940538511505806,0.91891135403182,0.06377739641317792,0.08499592930316403,0.8673142768977022,0.07371818296282194
12233.226452905812,0.03962817498224628,0.9557879406457479,0.03787613175783052,0.04391850624491389,0.9435670977674997,0.04144005747579721,0.06921344429828129,0.9179243914417617,0.06353270873708812,0.08605189393870756,0.8659403903920708,0.0745158106312615
12433.60721442886,0.04095184864357403,0.9552436456873667,0.039118993195924906,0.047137782145405,0.9428423743669627,0.04444349844036627,0.07131316225775883,0.9169636336430043,0.06539157639044768,0.0860884781207312,0.8645485540016089,0.07442766927547731
12633.987975951906,0.039687484983847554,0.9547443002772069,0.03789140008066569,0.04813112664994451,0.9421472589719021,0.04534660904447469,0.07117535730587787,0.9160176280962461,0.06519788197823306,0.0874085352519367,0.8631546244611318,0.07544708142008302
12834.36873747495,0.041060419775080965,0.9542274507775603,0.039180979689832036,0.04665549887666011,0.9414611833615787,0.043924341182745234,0.07249121568369522,0.9150912303994942,0.06633607575314777,0.08972270334841106,0.8617720141706309,0.0773205147813942
13034.749498997995,0.04025501691807085,0.9537211662863682,0.03839206168398002,0.048203070878747055,0.9407740804247224,0.04534819967960098,0.07148024553043412,0.9141968900162256,0.06534701816151908,0.09056337079118607,0.8604225784633635,0.07792276901048598
13235.130260521042,0.039284347702148885,0.9532413521451366,0.037447464721736094,0.047973189408914305,0.9400790248039823,0.04509858911626889,0.07306593594280304,0.913296779250461,0.06673088396948251,0.09058695828042646,0.8591087668974591,0.07782405002528874
13435.51102204409,0.04132351683789776,0.9527565292618551,0.0393712504793693,0.04731418182494341,0.9393767686927471,0.044445843236056444,0.07271764908897241,0.9124082306113788,0.06634818153948846,0.09218281665742552,0.857815887494329,0.0790758846827165
13635.891783567136,0.03904929365846401,0.9522531923543923,0.03718481454545648,0.049391331806309564,0.9386918573403917,0.04636324098978029,0.07445627998160793,0.911509659577458,0.06786761841943935,0.09431893743141005,0.8565300507112383,0.08078700426115577
13836.27254509018,0.03819247415372187,0.9517293879532696,0.03634890005074278,0.04719269219409645,0.9380213665956857,0.0442677536252359,0.07430260836605254,0.9105926254656016,0.06765940723098615,0.09516257233330606,0.855245527566041,0.08138736437973988
14036.653306613227,0.040784112030437226,0.9512381501028109,0.0387954032814189,0.04909165031776548,0.9373803179115162,0.046017546781667994,0.07573008048962307,0.9096630250812843,0.06888885410783967,0.09543152793273846,0.8539498608875341,0.08149374000244683
14237.034068136274,0.040251448578142515,0.9507038838224926,0.03826720849272144,0.04916648758194796,0.9367727101913027,0.04605782382272842,0.07573836004473494,0.90874139237383,0.06882658276316289,0.09657901401033316,0.852648218040549,0.08234792419602378
14437.414829659321,0.03913503338349384,0.950158704969018,0.03718449263857979,0.049485608772839515,0.9361707316742246,0.046326978572213594,0.07777072419022346,0.9078187140681381,0.0706017188265165,0.09874932490738954,0.851371082052139,0.08407231959832247
14637.795591182365,0.04221978976085746,0.9495964839114309,0.04009176390839008,0.05187296544968039,0.935554826879216,0.04853000321098729,0.07784377941011521,0.9069133536603234,0.07059756304642202,0.09933306613395952,0.8501235575546137,0.08444537956460939
14838.17635270541,0.0432054385438921,0.9490771894615625,0.04100529618269137,0.050960983412591934,0.9349138759491292,0.047644130524445605,0.07962891241415296,0.9060202214810285,0.07214540486176428,0.09977692568183262,0.8488972332925482,0.0847003561577439
15038.557114228457,0.042187777488889126,0.9485307073396444,0.04001640242262353,0.052037362134514514,0.9342470607983996,0.048615752625872116,0.07967121477064318,0.9051330008056954,0.0721130457031873,0.10122074745681843,0.8476886171880957,0.08580367544241588
15238.937875751504,0.04225030620106523,0.947973082866651,0.04005215302148379,0.05171204851968076,0.9335819550561736,0.04827743535696327,0.08000369569387197,0.9042608749162645,0.07234421186467525,0.10323272083546076,0.8464904993307173,0.08738551740727772
15439.318637274551,0.043828071564161346,0.9474303526993152,0.04152404530016421,0.05137578843697049,0.932914570228749,0.04792922158983946,0.07982225782263012,0.903409675372678,0.07211220002705648,0.10378781862407625,0.8452829901672686,0.08773007766949731
15639.699398797595,0.04228938517998611,0.9469270893881011,0.04004496442049654,0.052819023668489444,0.9322347716453749,0.04923973046812591,0.08098603031831389,0.9025689307072914,0.07309547478662885,0.10420657002577957,0.8440700494146457,0.0879576447109905
15840.080160320642,0.04266775097398261,0.9464120574741455,0.040381273987081356,0.05229639355768331,0.931575898315276,0.048718059807148044,0.08072187217617371,0.9017348845532653,0.07278972808770545,0.10564951286148667,0.8428656445967722,0.08904834475933193
16040.460921843689,0.04444855146643711,0.9458891279149693,0.04204340158367182,0.05263856173304472,0.930931343443958,0.049002886991101044,0.08215984437684826,0.9008940439406753,0.07401731445019538,0.10742014509466252,0.8416787490500971,0.09041325334605547
16240.841683366734,0.04238779765423244,0.9453924067053201,0.040073102039272925,0.05495480497165722,0.9302929651534656,0.05112406846651341,0.08192985558032181,0.9000324252238557,0.07373952661619729,0.10804490372730571,0.8405151899091382,0.09081338277507092
16441.22244488978,0.04349035002964736,0.9449259740178454,0.04109516136214156,0.05442613954508605,0.9296591364684955,0.05059775789079853,0.08327371637650097,0.8991554287254955,0.07487601415007804,0.10855674236593428,0.8393745994418046,0.09111977214011327
16641.603206412827,0.04542971765990303,0.9444405830610061,0.0429056690350157,0.05604205221172508,0.9290252106677137,0.0520644793622489,0.082953923705749,0.8982776967932283,0.0745156595263614,0.10995910135617257,0.8382445354089557,0.09217261583029114
16841.98396793587,0.04301131640744762,0.9439465441835622,0.040600383483595924,0.0564147410886114,0.9284068342297819,0.05237583117797051,0.08441677880030521,0.8974091846381168,0.07575639263295816,0.11164505362996538,0.8371167033016267,0.09345993923464993
17042.364729458917,0.043941849310309415,0.9434700710312843,0.04145781969004362,0.05552503546327218,0.9278152872108623,0.05151697672574919,0.08448426972685005,0.8965620938394303,0.07574539376279987,0.11214721480559559,0.8359865714718727,0.0937535656054495
17242.745490981964,0.04604482398655119,0.9430067412177396,0.04342057941750205,0.05705798969012545,0.9272229626400493,0.052905478242763516,0.08598643636944811,0.8957347836955406,0.07702104198213797,0.11274588406591927,0.8348527160116082,0.0941262075315626
17443.12625250501,0.045028978869111023,0.942510052395648,0.042440265233248356,0.056636588399015954,0.9266220281341333,0.052480710408894286,0.086217657643779,0.894920961236877,0.07715798905416268,0.11427064662989132,0.8337274919729332,0.0952705796208646
17643.507014028055,0.04558913625343835,0.9420121379884205,0.04294551971114687,0.057638765456113704,0.9260265195760184,0.053375025367983414,0.08725383997479907,0.8941133375517889,0.0780148220740773,0.11574171894859003,0.8326235274580354,0.09636927830503157
17843.887775551102,0.0475411858568056,0.9415149895600613,0.04476073910564326,0.05884241648746576,0.9254275307047919,0.05445439219069837,0.08753517308822281,0.8933135428353919,0.07819635559414957,0.11634227544473826,0.8315391219334376,0.09674315356705579
18044.26853707415,0.047118012582204695,0.941024778682687,0.04433921736213723,0.05796299944880169,0.9248255163851307,0.053605660896469065,0.08888204955987185,0.8925135140560628,0.07932843038918636,0.1168338515031835,0.8304684464223152,0.09702682714738428
18244.649298597193,0.04737453832317205,0.9405038925375983,0.044555937700114935,0.059605870623264126,0.924219016352512,0.055088879116268266,0.08912422634767785,0.8917134635580631,0.0794732725634206,0.11837075091684543,0.8294095226935072,0.0981778280188128
18445.03006012024,0.04764886934495471,0.9399950728850637,0.04478970241280158,0.06008113644885548,0.9236006474639425,0.0554909765245324,0.09073379733066542,0.8909097436517867,0.0808356241204163,0.11970307578940521,0.8283504891159725,0.09915610137884014
18645.410821643287,0.04709433049708951,0.939485099966842,0.044244421794929635,0.0603120114525897,0.9229832774113027,0.05566697799777927,0.09094785443118375,0.8900994802204778,0.08095263795636433,0.12028361380948743,0.8272865747859524,0.09950901887132714
18845.791583166338,0.04710369260806142,0.9389907609892723,0.04422993216744835,0.061966228905069656,0.9223692173602397,0.05715574205793456,0.09202882831848082,0.889284083326251,0.08183977223078914,0.12092576182226135,0.8262260884007955,0.09991201917729324
19046.172344689377,0.04915956078521876,0.9384792507925215,0.04613522777500152,0.061391432583975156,0.921752382032248,0.056587699220651266,0.09218048734079143,0.8884713279440719,0.08189971999820467,0.12241901407970146,0.8251778304404631,0.10101745644294856
19246.553106212425,0.048873158199346386,0.9379925756813369,0.045842659541086364,0.06238609934611865,0.9211332385298889,0.057465909729937655,0.0934284032322694,0.8876675800004883,0.08293336460049838,0.12367696500958739,0.8241447728162868,0.10192772423043425
19446.93386773547,0.04896594771090993,0.9375068939922567,0.04590591354984242,0.06212418680409349,0.9205247341569918,0.057186850542557455,0.09350365883524775,0.8868750921107358,0.08292606604220117,0.12419035920909893,0.8231296098545391,0.10222476192348066
19647.314629258515,0.051270683865076216,0.9370393653594611,0.048042649070476576,0.062033183199528684,0.9199352004135043,0.057066508818946045,0.0948932109481362,0.886097536455356,0.08408464044748191,0.12488145041221597,0.8221278643002893,0.1026685201181176
19847.695390781562,0.051335690823635864,0.9365636493667302,0.04807914194054657,0.06421513020643241,0.9193651570305489,0.05903715326597388,0.09503187878284448,0.8853292858358192,0.08413450537445184,0.12633203462526235,0.8211304463244781,0.1037350799769211
20048.076152304613,0.05053947190192868,0.9361113478920716,0.047310573163867935,0.06439141897751369,0.9188056034380765,0.05916319656986847,0.09633562687311745,0.8845673254168025,0.08521534780550455,0.12751047715278035,0.8201334523389646,0.10457560783669842
20248.456913827657,0.05197940906037643,0.935649178666852,0.048634491394929535,0.06490204237747349,0.9182453052813381,0.05959599571628549,0.09665235795697658,0.883810682232583,0.08542238642534329,0.12805642088947666,0.8191356823512528,0.10489558370476068
20448.8376753507,0.05226410618803677,0.9351978655997497,0.04887728055453066,0.06578473409990983,0.9176808704268721,0.060369392049605584,0.09804380103216324,0.8830573849415956,0.08657830254919618,0.1287486128234071,0.8181413932873239,0.10533456947915251
20649.218436873747,0.051912233236435554,0.9347401655806074,0.04852444949108488,0.06550505107479918,0.9171118419829608,0.060075458050397,0.09835518524027023,0.8823013935165146,0.08677891699706536,0.13017028818406332,0.8171595443937016,0.10636989338608602
20849.599198396794,0.05313160299996807,0.9342912139429247,0.0496403898655737,0.06629099199612659,0.9165352104391149,0.06075802829938757,0.09984396263614098,0.8815419012852751,0.08801663665411968,0.1312636168113162,0.816193898007417,0.1071365630717801
21049.97995991984,0.053298086935721724,0.9338208232928008,0.04977086342224693,0.06684734770452098,0.915951833565058,0.06122895069891697,0.10015540715180528,0.8807755665416217,0.08821443547633809,0.13176765061440054,0.8152409804118339,0.10742238867344789
21250.360721442885,0.05266349342729846,0.9333562222829132,0.049153799277524314,0.06687339003712912,0.9153668391686746,0.06121368366278082,0.10115959479029975,0.8800034014864193,0.08902078750845165,0.132585197164926,0.8142984101049914,0.10796391525485606
21450.741482965932,0.05395712855253259,0.9328883991030889,0.05033597927557169,0.06822517858872817,0.9147878723096369,0.06241156595912764,0.10143333697069609,0.8792342996835937,0.08918366899599996,0.1339168097285297,0.8133602068963793,0.10892260406769999
21651.12224448898,0.05466765881439203,0.9324205559356722,0.05097324882341706,0.06792716551077158,0.9142118131797756,0.0620998171457652,0.10244079369952891,0.8784768580942218,0.08999186658984051,0.1349661085986517,0.8124204628597372,0.10964922841809419
21851.503006012023,0.054197027920127525,0.9319343052560792,0.05050806956168837,0.06905101390718286,0.9136346347621964,0.06308739787104836,0.10262977745902749,0.877733838131227,0.09008162847566588,0.13544604977316327,0.81148125859428,0.10991193094155002
22051.883767535073,0.05544881227074996,0.9314557961777729,0.051648117580763264,0.07006633924440873,0.9130555020798825,0.063974456557703,0.10387377473416405,0.8770049092048012,0.09109781037949552,0.13626789043118248,0.810549673961673,0.11045189416043993
22252.264529058117,0.05662489495227466,0.9309858526211104,0.05271697610672423,0.06975187319278547,0.9124749994471452,0.06364684045302427,0.10397726924662018,0.8762852190024464,0.0911137441530509,0.13757147590527236,0.8096292113276742,0.1113818855383698
22452.64529058116,0.05643295334427885,0.9305177668528714,0.052511865722830633,0.07101189447741772,0.9119003207464552,0.06475576935077065,0.10504272897664714,0.8755675756431206,0.09197200754902031,0.13854136944670994,0.8087220091717685,0.11204145465235153
22653.02605210421,0.05727288974631514,0.9300412112221375,0.05326614774985487,0.07090276157336681,0.9113374718153477,0.06461634347699849,0.10519579463362401,0.8748485341880504,0.09203038673797315,0.13906147015371423,0.8078273368335888,0.11233765709043855
22853.406813627254,0.05783774717654166,0.9295766546346796,0.053764619531975984,0.07150994254218533,0.9107823761363746,0.06512999538594717,0.10627329078931624,0.8741274765439303,0.09289640350168432,0.1398978212969749,0.8069395520265101,0.1128890852468657
23053.787575150305,0.057724559568078655,0.9291306686773877,0.05363365863059662,0.07259663062777028,0.9102387505033023,0.06608026635337139,0.10641726475326617,0.8734043384710307,0.09294530072372298,0.14116803562355515,0.8060537466391634,0.11378902402005751
23254.168336673345,0.058572260011015065,0.9286841854371735,0.05439513157754385,0.07224491534840977,0.9097028929245625,0.0657214084915385,0.107543137994945,0.8726804806420269,0.09385079735518043,0.14205831826254267,0.8051682226504586,0.11438084362816467
23454.549098196392,0.05845051491223248,0.928233221979973,0.054255709783370014,0.07330878795435743,0.9091686268612782,0.06665005008132775,0.10772964440327833,0.8719564736472897,0.09393556084115905,0.14257408764244833,0.8042851354732594,0.11467021939448292
23654.929859719443,0.05832458173531355,0.9277923946418579,0.05411310335469133,0.07416835476395711,0.9086326559722608,0.06739178917826724,0.10877511852153902,0.8712340020479032,0.09476858183275545,0.14344736142733605,0.8034090477909257,0.11524690805245683
23855.310621242486,0.05914751706640359,0.9273665742598448,0.0548514302778464,0.07432292181482962,0.9080904644386798,0.06749193658926832,0.10906078086694808,0.8705156382853253,0.0949391152682873,0.14466442028764376,0.8025447849560075,0.11609967607053254
24055.69138276553,0.059869188952617586,0.9269311252048282,0.055494614680950294,0.07550339221318353,0.9075415849004573,0.06852246823451343,0.110030800916402,0.8698055019738289,0.09570539602367346,0.14551542446631333,0.8016921455525443,0.11665857285138793
24256.072144288577,0.05979498801505338,0.9264885870500249,0.055399373958739985,0.07553185084753762,0.9069921172965127,0.06850679332353254,0.11030680885915291,0.8691047391292613,0.09586817033771539,0.14603427678771883,0.8008489667876765,0.11695139968103019
24456.452905811624,0.06072518357241741,0.9260485855729832,0.0562344703558969,0.07601887483471499,0.9064391048878191,0.06890648085975822,0.11147562992006005,0.8684139817191368,0.09680699564352828,0.14690546433790586,0.8000114421077517,0.11752605237847695
24656.83366733467,0.06183836985242097,0.9256165638142251,0.057238619414671066,0.07672596866526524,0.9058837924487251,0.06950481147379252,0.11173231341556471,0.8677298189965139,0.09695346009614973,0.14809104927977051,0.7991752039056899,0.11835069450476816
24857.214428857715,0.06182863797160185,0.9251702376884727,0.057202015688141414,0.07664009528918325,0.9053305341139433,0.06938461840269979,0.11268810589349006,0.8670483611826187,0.09770603753972396,0.1488749393236989,0.7983393024270085,0.118852715208545
25057.595190380765,0.0619718566936221,0.9247155895588884,0.05730634199850171,0.07790818434914314,0.9047800146906553,0.07048976817994,0.11295719315598769,0.8663671373696872,0.09786240007986788,0.14942818187035647,0.7975074276628815,0.11917008494376923
25257.97595190381,0.06296955228050481,0.9242624313258639,0.05820039149028048,0.07832856912126328,0.904235617289242,0.07082748205074856,0.11387490283490227,0.8656851337186191,0.09857981048782713,0.15030892222016487,0.7966835959136792,0.11974865265227047
25458.356713426852,0.06287461258573235,0.923818318138879,0.05808471885258486,0.07856231708740438,0.9036988358452279,0.070996674493191,0.11408315575060235,0.8650013808567067,0.09868208725676178,0.1514401543556542,0.7958699945242206,0.12052667481778162
25658.737474949903,0.06318913647420005,0.9233637905716882,0.058346560577769074,0.07973947398442423,0.9031677908942201,0.07201812456557956,0.11513481875359828,0.8643161628351066,0.09951288475382554,0.15219125750816948,0.7950669439173113,0.12100223799795286
25859.118236472947,0.06421936481982443,0.9229071423146926,0.059268510467128874,0.07965679691894766,0.9026434293751459,0.07190168434395847,0.11532577829493702,0.8636308018565685,0.0995988943835893,0.1527280575809617,0.7942716224499552,0.12130756208846062
26059.49899799599,0.06386583113646195,0.9224584036851408,0.05891357264016545,0.08036884113575213,0.9021251914442338,0.07250275619574159,0.11635348513457551,0.8629464149854785,0.10040682286794811,0.15363361153687863,0.7934798827608948,0.1219051800704153
26259.87975951904,0.06430347295167495,0.9220217059475215,0.05928919782925364,0.08112619168286746,0.9016081722362087,0.07314403740367445,0.11665322789314074,0.8622667421456739,0.10058619877619532,0.15470866627913732,0.7926892201957911,0.12263589203034025
26460.260521042084,0.06540183227859811,0.9215810230106424,0.0602730874980809,0.0812393479341061,0.9010902955373221,0.073203988039203,0.11767465137965577,0.8615960483018626,0.10138801461401074,0.15543814349086124,0.7919001955672388,0.12309149622902155
26660.641282565135,0.06525783344893613,0.9211447873149744,0.06011191311295629,0.08237523824326402,0.9005722885517012,0.0741848568247279,0.11800792402601999,0.8609358975170064,0.10159725798546022,0.15598090298352457,0.7911157963037502,0.12339895627198905
26861.022044088175,0.06560008859740718,0.9207171041615909,0.06039912360614854,0.08216693773212946,0.9000545891478078,0.07395472938202528,0.11911503812789731,0.8602843246529133,0.10247280013186415,0.15689047399574763,0.7903396300504406,0.12399675917623745
27061.402805611222,0.06674085970836884,0.9202988555024206,0.061421536804859456,0.08268191586270782,0.8995377949098545,0.07437550827406231,0.11944748557405914,0.8596381672151747,0.10268161757734522,0.15791765789845666,0.7895729889641238,0.12468751715709839
27261.783567134273,0.06718250193484229,0.9198775014058276,0.0617996720180149,0.08392788465881448,0.8990197713259893,0.0754528276738414,0.12048953584233615,0.8589926156413484,0.10349962155062034,0.15860626086566876,0.7888151596588973,0.1251110229876532
27462.164328657313,0.06740680532048494,0.9194582803163357,0.061977745301591114,0.08401405858576243,0.8984978467695082,0.07548645073767485,0.12086288465344255,0.8583441230070588,0.10374194673196245,0.15916852068687454,0.7880633015864872,0.12543486992113542
27662.545090180363,0.06846621981263835,0.9190407682093857,0.06292324725299982,0.08492607283054203,0.8979733092507589,0.07626134666131279,0.12176615020941063,0.8576924902929907,0.10443791260649977,0.16007936652674898,0.7873141909558795,0.12603275694573707
27862.925851703407,0.06872309851007097,0.918626525379513,0.06313086119762047,0.08525862968313831,0.897446687633827,0.07651507480133156,0.1221096364881899,0.8570395491130122,0.10465278779819209,0.1610605085851199,0.7865660400343737,0.12668472644372
28063.306613226454,0.06883233097158654,0.9182054921328684,0.0632022243344181,0.08546848284871299,0.8969191676876361,0.07665832050019265,0.12315363947343952,0.8563874376795632,0.10546722974957158,0.16172744636371522,0.7858203896112487,0.12708872491236703
28263.6873747495,0.069446603259511,0.917782640482891,0.06373688691208176,0.08633638873023175,0.8963950888677357,0.07739151484835546,0.12345604054134536,0.8557384201474152,0.10564607709050612,0.16228566377750053,0.7850801510087534,0.1274072534249959
28464.068136272545,0.06960333536932076,0.9173569885339843,0.06385110612632104,0.08646298874136712,0.8958787421195616,0.0774603535935138,0.1244335619355665,0.8550941654587353,0.10640241279835108,0.163199953302321,0.7843477504129108,0.1280055162401676
28664.448897795595,0.06961757968692037,0.9169313028240499,0.063834538041785,0.08715073908206351,0.8953726886448323,0.07803239156929147,0.1247363521904676,0.8544555032454206,0.10658166258390402,0.16413884405883486,0.7836240386529595,0.1286231438812125
28864.82965931864,0.07067368920410891,0.9165009138841113,0.06477250074312746,0.08790220158875217,0.8948746594072826,0.0786614527078849,0.12565214084211038,0.8538232116355383,0.10728471444269168,0.16477864626693028,0.7829076812605451,0.12900646787009395
29065.210420841682,0.07114321836577327,0.9160716380791112,0.06517228458655383,0.08791541433533674,0.894381047025515,0.07862988032292045,0.1259421357488256,0.8531976207987784,0.10745353057921476,0.16535899914153065,0.7821959857413282,0.129343145334709
29265.591182364733,0.0711465884084585,0.9156403907853902,0.06514469001336826,0.08904412955332955,0.8938888901194799,0.07959555813808093,0.12690222805708504,0.8525776271602211,0.1081940004782548,0.16625401826174388,0.7814861109881143,0.12992520616751715
29465.971943887776,0.07226333721774215,0.9152125821812156,0.06613631545208173,0.08942653301136164,0.8933953940152717,0.07989325269510512,0.12716030153771946,0.8519609131948086,0.1083356066202027,0.16716353036532405,0.7807777465822076,0.13051756454936414
29666.35270541082,0.07295468906906374,0.9147880746986916,0.0667380795537305,0.0896457920541996,0.8928998739538399,0.08004471642568696,0.12810137486568662,0.8513446697905053,0.10905842268473771,0.16776645031945606,0.7800725518776661,0.13087000302015578
29866.73346693387,0.07280615390598455,0.9143685652227858,0.06657165848640441,0.09052142332984393,0.8924033537632101,0.08078162176697201,0.12841853535817188,0.8507273776828206,0.10924916383112614,0.16836645099059225,0.7793731246393303,0.13122028699297256
30067.114228456914,0.07355196027820576,0.9139490182143181,0.06722274188400468,0.09052076023328365,0.8919058583128485,0.08073599635099842,0.1292938090272695,0.8501087143740209,0.10991379376869226,0.16924906268649917,0.778681132729092,0.13179105184606027
30267.494989979965,0.0743116421799998,0.9135365288538086,0.0678863996505433,0.09142715887845983,0.8914088836344316,0.08149898162971568,0.12962579573745794,0.849489647174624,0.11011577148574303,0.17012484272942777,0.7779968874943748,0.13235659812896483
30467.875751503005,0.07416377701064376,0.9131304231401364,0.06772120108339985,0.09197536242676742,0.8909112880289781,0.08194188860656344,0.13055094039749185,0.8488715724586458,0.11082098206117384,0.1707090376586159,0.777318671133644,0.13269532230329847
30668.256513026052,0.07477987680066531,0.912727690660317,0.06825366426013427,0.0920587993318218,0.8904121325530481,0.08197027183332056,0.13085287895864098,0.8482564219722343,0.11099679491022266,0.17131597857124028,0.7766437998400952,0.13305149257089238
30868.637274549103,0.0755007772176381,0.9123225850807931,0.06888106424680464,0.09307634670047815,0.8899125556669141,0.08282980956436226,0.13175319390582718,0.8476452701108186,0.11167997163626794,0.1721869109907585,0.7759706719681051,0.13361199302561116
31069.018036072142,0.07514691563895529,0.9119213055998934,0.06852807342128114,0.09336055070729685,0.8894137949833933,0.08303616170631642,0.13205555156989587,0.8470392655570534,0.1118562374144962,0.17302597945169848,0.7752994930111736,0.13414695414666358
31269.398797595193,0.07577787182897891,0.911523710175187,0.06907332687873063,0.09391803518062557,0.8889175486267744,0.08348538960460483,0.13284114311252468,0.8464395720040317,0.11244200032069172,0.1735931793621842,0.774631958425175,0.13447082449858141
31469.779559118237,0.0767190550559846,0.9111244680296083,0.06990060822561821,0.09464251067332839,0.8884265370548091,0.08408291801567795,0.1331279940330729,0.8458462422392318,0.11260581348972158,0.17421476778271436,0.7739702259453126,0.1348370431837976
31670.160320641284,0.07655302387632454,0.9107176542604528,0.06971819033119073,0.09474710615266886,0.8879410813566199,0.08412984789261124,0.13396836348811847,0.8452577732520051,0.11323780060818224,0.17506819988627312,0.7733155769722739,0.1353829660045507
31870.54108216433,0.0771209050861598,0.9103112258434601,0.07020402564713928,0.09561058101855142,0.8874606585635579,0.08485062919636806,0.13422043962490368,0.8446717892375132,0.11337221889021301,0.17587666116909728,0.7726675235041269,0.13589418422770083
32070.921843687374,0.07823567808466143,0.9099078751502034,0.07118725960694962,0.09587639424241308,0.886984597991894,0.0850408850040191,0.1350600355443337,0.8440857819321698,0.11400225571022557,0.17642548422912122,0.7720242706612261,0.13620475578804095
32271.302605210425,0.0783207624625482,0.9095000880921249,0.07123274035912998,0.09617910225451082,0.8865112731264263,0.08526385838780312,0.1353226625907574,0.8434976831341813,0.11414435237085241,0.1770538889511738,0.7713837931972074,0.1365765004594736
32471.68336673347,0.07872553652526154,0.9090848527450834,0.07156819277934508,0.0971665325717755,0.8860397585392124,0.08609341105798848,0.13612907116322678,0.8429076019037364,0.11474422892357856,0.17789842732279507,0.7707449544405119,0.1371143152619464
32672.064128256512,0.07968217518318343,0.9086731523009977,0.07240505330590362,0.0973262940772223,0.8855694509655266,0.08618919281047514,0.13643497549083247,0.8423173816048977,0.11492155131476639,0.17866845662718792,0.7701083719601868,0.13759407425380293
32872.44488977956,0.07976556131321995,0.9082674603646124,0.07244846379851606,0.09800552791875024,0.8850985406100587,0.08674454973260419,0.13727403171618457,0.8417294326988851,0.1155475928407528,0.17921410304524107,0.7694759260491723,0.13790093790180866
33072.825651302606,0.08007123415083464,0.9078595998873004,0.07269343859865908,0.09869195062533402,0.8846259676407962,0.08730546232029379,0.13756791119395692,0.8411456980632255,0.1157146566923407,0.1798421316988486,0.7688491489875933,0.13827146990877442
33273.20641282565,0.0806567042600069,0.9074496361813906,0.07319189693633328,0.09878029107830366,0.8841513160016083,0.08733672435190411,0.1384205803979359,0.840567575601447,0.11635185167843816,0.18067582063535245,0.7682288355543404,0.1388003752995217
33473.5871743487,0.08075180869949494,0.9070472129201033,0.07324570301913423,0.09952679504003814,0.8836733115698281,0.08794917256296204,0.13874676323399876,0.8399950748582193,0.11654659776907843,0.18141007831860745,0.7676141543809083,0.1392529438647122
33673.96793587174,0.08096948510664463,0.906653071951573,0.07341123240627649,0.099842704396504,0.8831931597669136,0.08818039357562228,0.13954196680594308,0.8394274590035098,0.1171353586202649,0.18194864016320247,0.7670033673113338,0.1395552196828945
33874.34869739479,0.0819026498327413,0.9062586963063637,0.07422498866145674,0.1003718888440529,0.8827135249910257,0.08859962381154135,0.13988590129877304,0.8388638336756704,0.1173452234406652,0.18258301068737162,0.7663947818979621,0.13993066665402146
34074.729458917835,0.08211560740541278,0.9058639682684151,0.07438556998103847,0.10118084931221157,0.8822370376103515,0.08926549276010491,0.14070707625176307,0.8383030771510555,0.11795517499878118,0.18340020016831235,0.7657880046918486,0.14044567334697755
34275.11022044088,0.0823201525997814,0.9054759090271316,0.07453891500653925,0.10113798663372613,0.8817656843543975,0.08918000599831342,0.14103417408598395,0.8377434324014614,0.11815045308469745,0.1841066570563338,0.7651838425474541,0.14087543928493185
34475.49098196393,0.08338941868696098,0.9050938438919722,0.07547524949929857,0.10189640922089667,0.8812991082283639,0.08980121457804867,0.14187543766470762,0.8371833853901309,0.11877575920784642,0.184635906650172,0.7645839062997706,0.1411696427497883
34675.871743486976,0.08368846039034336,0.9047081967434074,0.07571363608797962,0.10251257109924769,0.8808365162402495,0.09029681599789222,0.1421988220179248,0.8366223816090144,0.1189667171386326,0.18527373933788716,0.7639896038018892,0.1415472107116469
34876.25250501002,0.08376047876748141,0.9043198674524089,0.0757462650567591,0.10278761796340398,0.8803775058143566,0.09049190673122055,0.14298039813855037,0.8360610207426822,0.11954033761391152,0.18607562759068344,0.7634009249227559,0.14205030620831002
35076.63326653306,0.08465924997657368,0.9039346503325798,0.07652642952499258,0.10361160146602778,0.8799205051889312,0.09116997270542136,0.1433130559579386,0.8355005592454523,0.11973813840003251,0.18675263250231786,0.7628170530997322,0.14245809278403537
35277.01402805611,0.0849804958117774,0.9035504627230161,0.0767841663131628,0.10373078064104477,0.8794645219281214,0.09122754140570727,0.14411346974515,0.8349427202720823,0.12032649245686396,0.18727961721230865,0.7622363867341073,0.1427513387328569
35477.39478957916,0.08504531824199577,0.9031601133843462,0.0768095392662487,0.1042818866277931,0.8790099990887122,0.0916648210696656,0.14442550943713878,0.8343889764977357,0.12050705299941829,0.18791908426364765,0.7616576598072792,0.14313000995337677
35677.775551102204,0.08587333536406631,0.9027673165235041,0.07752364052754107,0.1049040058476541,0.8785576788568737,0.09216421988030289,0.1452368264206863,0.8338401048522364,0.12110429057103111,0.18870282415067605,0.7610807615992522,0.1436180891205263
35878.15631262525,0.08612696865042123,0.9023759089858735,0.07771890162412169,0.10507762225361461,0.8781070507174881,0.09226940097352782,0.14555521967009966,0.8332958760412239,0.12129056428736848,0.18935504513523443,0.7605068672431978,0.14400581217249148
36078.5370741483,0.08615555659353756,0.9019846606536364,0.07771099047744714,0.10589060265032024,0.8776558177238375,0.09293550345833676,0.14633966930158146,0.8327557918482634,0.12186520718805148,0.18987434078862694,0.7599372849166609,0.14429259101424996
36278.917835671346,0.08699950381974618,0.901590861281498,0.07843795757990793,0.10624245146787706,0.8772023750709015,0.09319613076097674,0.14669562194125169,0.832218959510873,0.12208287785674887,0.19052044822348965,0.7593728176723873,0.1446760495916775
36479.298597194385,0.08737636145546286,0.9011980746506492,0.07874340871364233,0.10657818838978225,0.8767464984799016,0.0934420534850729,0.1474802604380845,0.8316842364782859,0.12265700779806706,0.19128225313023817,0.7588135406215035,0.1451475637558147
36679.67935871744,0.08745893621539695,0.9008083077719498,0.07878373633172663,0.1074221579613246,0.8762889608276091,0.09413285116978841,0.14781983231347673,0.8311502354891347,0.12286048843731058,0.19191444551985457,0.7582582927385024,0.14552071981174125
36880.06012024048,0.08828788670830566,0.9004217652111935,0.07949633479665845,0.10762233032963249,0.8758310983445811,0.09425898377900534,0.14862088977297605,0.8306160144052734,0.12344689112059483,0.19242834575952333,0.7577055901168301,0.14580403327892505
37080.44088176353,0.0889111058764353,0.9000370383540762,0.08002328840981253,0.10816514560689601,0.8753747814426441,0.09468504069534837,0.14895710183337457,0.8300810380162605,0.12364646570974139,0.193075692820202,0.7571547052737128,0.14618816929279796
37280.821643286574,0.08900666959843223,0.8996559249674468,0.08007537766584948,0.10865718178266745,0.8749220249502013,0.09506656151067353,0.14970326959055255,0.8295457304856046,0.12418570812857832,0.19381900350522413,0.7566058905549632,0.14664459975354563
37481.20240480962,0.08976867597342701,0.8992783117053095,0.08072702337340443,0.10886528887028217,0.8744740337290121,0.09519986829146977,0.15004125452080477,0.8290117560815141,0.12438596389496578,0.19442830577424067,0.7560600413360147,0.1469994729005637
37681.58316633267,0.09027524380943984,0.898903707603972,0.08114875136515799,0.10971795451617587,0.8740303591100759,0.09589682318659618,0.1507735211148507,0.8284808537360883,0.12491297549402765,0.19494195930941924,0.7555185747023793,0.14728227124714163
37881.96392785571,0.09033737894151138,0.898531308425186,0.08117096330001806,0.10997452576400694,0.8735900119822216,0.09607264727991797,0.15108825971700593,0.827954311832804,0.1250941761000096,0.19558829182029747,0.7549820144450524,0.14766564256035494
38082.344689378755,0.09090210723955204,0.8981611265544701,0.08164473904445131,0.1103929120063023,0.8731523590635638,0.09638983154219927,0.1518338122299861,0.8274326234380969,0.1256322495800648,0.19631325632793015,0.7544499177090479,0.14810852008180211
38282.7254509018,0.09129948229505751,0.8977902962523544,0.08196778925736627,0.11112562730334966,0.872717088386592,0.09698123390531288,0.15213075423218583,0.826915506165852,0.12579927963930077,0.19690183436287687,0.7539211665421495,0.14844846065714923
38483.10621242485,0.09133886118261839,0.8974192399580315,0.08196925138113755,0.11130296114619388,0.8722834031669637,0.09708772573116234,0.1528410052381693,0.8264016928190513,0.12630806546098858,0.1974131177055516,0.7533946199179147,0.14872998078058458
38683.4869739479,0.09196307769645508,0.8970490758985223,0.08249539386438903,0.11198601909786472,0.8718505485191375,0.09763507217694796,0.15315242365896714,0.8258899232590204,0.12648704342263736,0.19805943979746696,0.7528697683452669,0.14911296455891226
38883.86773547094,0.09255295707502777,0.8966776304564709,0.08299016624177535,0.11237539291656527,0.8714173638576619,0.09792586865782228,0.15385656584691831,0.8253791734821475,0.12699000515353104,0.19876498921065097,0.7523470579777783,0.14954025486161812
39084.24849699399,0.09261025397041449,0.8963020279379214,0.08300675844152844,0.11268478752080337,0.8709827005717081,0.09814650054821843,0.1541618448697414,0.8248687349960048,0.12716328596235393,0.19933551820353274,0.7518276471933454,0.1498659536530283
39284.62925851704,0.09326510747658193,0.8959261232768048,0.08355864617848859,0.11345797337924717,0.870546562545144,0.09877044871864207,0.15487627898511266,0.8243579995557193,0.12767349952280097,0.19984707143291067,0.7513124371784056,0.150147590301227
39485.01002004008,0.09397415508543355,0.8955515651302675,0.0841587016685545,0.11359410356640165,0.8701093783191266,0.09883929483488021,0.15517826310976104,0.8238471753987736,0.12784317374626436,0.20048890524755444,0.7508017111594415,0.150527413128347
39685.390781563125,0.09406090671965768,0.8951755808751752,0.08420102681041523,0.11414496778493453,0.8696722199545739,0.09926870753016734,0.15587420556128917,0.8233371115827773,0.12833701817709192,0.20117758278561876,0.7502948780165964,0.15094250993580957
39885.77154308617,0.0945905384960332,0.8947970192529375,0.08463933189578075,0.11476405999334531,0.8692361797114234,0.09975707307678808,0.15619946244393224,0.8228291352141879,0.1285254686036618,0.20172878250617907,0.7497907966295827,0.15125438453842383
40086.15230460922,0.09528700648697003,0.8944213462635981,0.08522673262350394,0.11495944974969334,0.8688016917447269,0.0998769644245765,0.15688031804953895,0.8223244115315348,0.12900651522096712,0.20224231124037978,0.7492886278545062,0.15153786388342816
40286.533066132266,0.09536990079696728,0.8940498829208361,0.08526544864170035,0.11570123697108625,0.868369476000338,0.1004714225211731,0.15719920100222667,0.8218238436997265,0.12919005159417582,0.20287971620827758,0.7487881188173482,0.15191392104579363
40486.91382765531,0.09578986676615243,0.893679570959968,0.0856054470338876,0.11606766910897712,0.8679399384549179,0.10073976558305138,0.15789978851699088,0.8213275527583281,0.1296874468837177,0.20355021874590642,0.7482899830282685,0.15231458973077466
40687.29458917835,0.09645747358559197,0.8933087920687595,0.08616630921474944,0.11641117116631665,0.8675127399021374,0.10098817405370805,0.15821214384943122,0.8208349808196199,0.12986606206207882,0.2040864567198108,0.7477952142897992,0.15261487563643675
40887.6753507014,0.09642423457384781,0.892943282965637,0.08610137257782034,0.11699682172983539,0.8670881891743005,0.10144656229287143,0.15888866291665027,0.8203449442754459,0.13034351132635957,0.20459889691046737,0.7473044937925558,0.15289767508619212
41088.05611222445,0.09682353052919193,0.8925832293819357,0.08642305955990658,0.11719846416941461,0.8666668331192982,0.1015720217881521,0.159206881035984,0.8198563259664121,0.1305267685547335,0.2052333721770429,0.7468177898939319,0.15327193342173795
41288.4368737475,0.0975606226365298,0.8922235716415748,0.0870458871803405,0.11788899704016934,0.866249077863024,0.10212123497624345,0.15987025260818447,0.8193682202791829,0.1309926043551515,0.20588416093557432,0.7463343874898354,0.15365842914571057
41488.81763527054,0.09761664575229487,0.8918625657034546,0.08706063213600693,0.118370951708085,0.865834069726008,0.10248960285475199,0.16018393964278058,0.8188802756831166,0.13117146865468787,0.2064077928023704,0.745853347248017,0.1539499431597231
41689.19839679359,0.09799727136131867,0.8915059451813273,0.08736515003016342,0.11854940575627192,0.8654197398569485,0.10259499588978868,0.16086272866610485,0.8183923965968267,0.1316488340361586,0.20692014601542738,0.7453738943400555,0.15423287505293204
41889.57915831664,0.09878967622205562,0.8911517421811377,0.08803659207479538,0.11926854486442003,0.8650045905495383,0.10316783881588688,0.1611677989143877,0.8179049704401845,0.13181994380698187,0.2075494318556046,0.744896290590833,0.15460280190347472
42089.959919839675,0.09904841228555675,0.8907946267525937,0.08823179345234954,0.11957828166081631,0.8645879741880506,0.10338594429801329,0.1618368360223791,0.8174187214590194,0.1322884595863861,0.20818199030360193,0.7444212208905061,0.15497509138922286
42290.34068136272,0.09935801581428175,0.890434672186884,0.0884718222407292,0.12004393285183926,0.8641697426388113,0.10373833455792468,0.16216325917947794,0.8169348527276529,0.13247681825562302,0.20869322694244163,0.7439494907487356,0.15525721990653976
42490.72144288578,0.10011401886601283,0.8900768451567512,0.08910917006822418,0.12063150162723325,0.86375018308103,0.1041954816158623,0.16282547568372854,0.8164543166114644,0.1329395624762952,0.20920589753307156,0.7434815441739886,0.15554072374819328
42691.10220440882,0.10036473559993538,0.8897187277748098,0.08929638487142966,0.12078022511193244,0.8633303551830822,0.10427323464497726,0.16315918784198666,0.815977650663682,0.13313425077949867,0.20983013272889056,0.7430171807151291,0.15590739364930162
42891.482965931864,0.10060215365996086,0.8893573468729792,0.08947126446873056,0.12143021489157164,0.8629118642821482,0.10478357311226796,0.1638341715592166,0.8155046931555932,0.13360753580579973,0.2104439406003373,0.7425556245454547,0.15626633174429003
43091.86372745491,0.10118970085134184,0.8889940028195645,0.08995703720394868,0.12180211634571693,0.8624955926369672,0.10505378852203595,0.1641633386496666,0.8150347088375486,0.1337988189181309,0.2109458208100032,0.7420959595946931,0.15654204131648952
43292.244488977965,0.10143022466881564,0.8886331287770229,0.09013425790000602,0.1221447076894719,0.8620815896604183,0.10529870377354705,0.16483082160149165,0.8145667350171284,0.1342657041821178,0.2114570432835122,0.7416379652731376,0.15682457132345778
43492.625250501,0.10161060698313888,0.8882733670994187,0.09025799599792848,0.12283240490011657,0.8616697847942004,0.10584097189603754,0.1651707075189944,0.8140995935917804,0.13446540586448016,0.21207588031039284,0.7411818788043384,0.15718679941754096
43693.00601202405,0.102286229323636,0.8879128729280392,0.09082125973972589,0.12302999501622078,0.8612604109913774,0.10596086407193742,0.16581713877106236,0.8136326676845387,0.13491424096611682,0.2126714808316158,0.7407283970149501,0.15753180508719847
43893.3867735471,0.1026333841028252,0.8875534562041177,0.09109261478238725,0.1235521456418239,0.8608538089873445,0.10636033518432325,0.16615310082209478,0.8131658055876688,0.13511002008088785,0.2131641575002449,0.7402781916747266,0.1578007770441479
44093.76753507014,0.10279126458236032,0.8871985021101828,0.09119625596748156,0.12408820948433417,0.860449855993118,0.1067716819812392,0.16680849256289967,0.812699368410234,0.13556515655133178,0.21367588827956904,0.7398314869472372,0.1580841501506453
44294.14829659319,0.1035199725069488,0.886846028131224,0.09180627645004105,0.12433729673437727,0.8600481775737348,0.10693606546084584,0.1671323738246209,0.8122338198565621,0.13575056641326672,0.2142869543225065,0.7393879090856708,0.15844118310085473
44494.52905811624,0.1039512889473022,0.8864947455300726,0.09215227144286171,0.12495247758952387,0.8596481616613216,0.10741516765486168,0.16777562187930267,0.8117699945567497,0.13619521565971682,0.21486668152405344,0.7389466413093693,0.1587750126414892
44694.90981963928,0.10410954532897825,0.8861460405537687,0.09225626137712717,0.12521815258877134,0.8592489339303074,0.10759356412062433,0.16809937463954577,0.8113087000942237,0.1363804851254618,0.21534995852102237,0.7385071439598375,0.15903748281922972
44895.29058116232,0.10473174773167916,0.8858004419225974,0.0927714284240474,0.12562426244986433,0.8588497474212099,0.10789236607504175,0.16872511466976522,0.8108506888827515,0.13681087546180037,0.21586243627899213,0.7380692688153808,0.15932143050914246
45095.671342685375,0.10518946496990929,0.8854558046450918,0.09314062234511772,0.12626930939866138,0.8584499456418643,0.1083958817895166,0.1690497296706667,0.81039611467805,0.13699724411248296,0.216465041686141,0.7376333916143503,0.1596718428648899
45296.052104208415,0.10531817372206086,0.8851119147603953,0.09321837040220124,0.12646102601493125,0.858049394831261,0.10850980684185212,0.16967867768917294,0.8099447213195479,0.13743034931482656,0.21702905219439797,0.737200154497874,0.15999385080823736
45496.43286573146,0.10585347900528982,0.8847685556355482,0.09365582972850811,0.12702298614094873,0.8576482659534076,0.10894104380000841,0.16999207865241153,0.8094957207845733,0.13760786023640176,0.21750479699250366,0.7367700608540959,0.1602510225162247
45696.81362725451,0.10629937881239639,0.8844246820059858,0.0940137943035875,0.1274782830619675,0.8572467840739277,0.1092803481941375,0.17061416210047822,0.8090482476749407,0.13803508887592017,0.21801706700005766,0.7363431618691412,0.16053537645625884
45897.19438877756,0.10636544248440924,0.8840800016686836,0.0940355605691068,0.1277564979338868,0.8568457162560636,0.10946760797852755,0.17093596407986267,0.8086013169133558,0.13821904566283102,0.21861093133785373,0.7359188881270426,0.16087991352257058
46097.5751503006,0.10688677333054832,0.8837350059551337,0.09445958326579713,0.12837472304356845,0.8564456703570847,0.10994597573395408,0.17154249149145612,0.8081544504174736,0.13863282793452186,0.21915999336342437,0.7354966877722341,0.16119144921098344
46297.95591182365,0.10737923631289892,0.8833888187515091,0.09485761672489093,0.12860353845429892,0.856047161312078,0.11009069402849125,0.17186795688336554,0.8077076795220705,0.13881906863846244,0.21962872130542682,0.735076113014342,0.16144382676350333
46498.3366733467,0.10751742095866058,0.8830411327693956,0.09494230519577959,0.1290749616658878,0.8556509031643748,0.11044310752532395,0.17247530578575015,0.8072616241948519,0.1392326954821084,0.2201414197331607,0.7346571580428333,0.16172846978867833
46698.71743486974,0.10801218818433607,0.8826934071796063,0.09534164640535642,0.1296260051533883,0.8552575088065248,0.11086361424402862,0.17279148473498718,0.8068168741647749,0.13941108559617277,0.22072550855365913,0.7342402646003416,0.16206555580448365
46899.098196392784,0.10862413867691685,0.882346658337765,0.09584414577639556,0.12981426054669107,0.8548674768958122,0.11097398937864537,0.1733942435995966,0.8063741580695556,0.13982063719673213,0.2212607892167836,0.7338260031424708,0.162366920603101
47099.47895791584,0.10883546254816753,0.8820002346022587,0.09599290350052911,0.13042701825165817,0.8544803875091955,0.1114473290973458,0.17371033393897628,0.8059341226543368,0.1399990855791007,0.22172299299451043,0.7334147181097606,0.1626149064055213
47299.85971943888,0.10927575366692877,0.8816537407696421,0.09634337699586969,0.1307786052207895,0.8540951606520035,0.11169737383589515,0.17429307037013686,0.8054973066176644,0.1403925987452683,0.22223522112809843,0.7330062016498088,0.16289979531191276
47500.240480961926,0.10986279870416003,0.8813097758628836,0.09682315850163238,0.13110525771364384,0.8537109612820292,0.11192599559184305,0.17460759097997494,0.8050635596559053,0.14057020873728096,0.22280985189928312,0.7326000741727944,0.16323051402784414
47700.62124248497,0.11006457751037765,0.880969327662798,0.09696351684880732,0.13172507745763207,0.8533269935053298,0.11240456431617786,0.17519102837006445,0.8046323770630167,0.14096437359751934,0.2233312034282816,0.7321957550171172,0.16352215911305204
47901.00200400801,0.1104106270097749,0.8806302224867382,0.09723093502851833,0.13196914357803455,0.8529427928781939,0.11256212989719215,0.17549626217407163,0.8042029640438695,0.14113461421900841,0.2237890262718574,0.7317929538923049,0.16376723258416515
48101.38276553106,0.11089513464168611,0.8802916857021669,0.09762006500989863,0.13246095148414103,0.8525579951078227,0.11293064322739385,0.17607671515483878,0.8037746074444321,0.14152599260368562,0.22429970210415723,0.7313918004810335,0.164050962969319
48301.763527054114,0.11109702976649781,0.8799569040479803,0.09776059836225373,0.1328551300107641,0.8521727067942582,0.11321551575277593,0.17638258160932585,0.8033465440914722,0.14169633737378398,0.22486511998440165,0.7309927474342611,0.16437477185953253
48502.14428857716,0.11141283736724902,0.8796250133943132,0.09800151856146486,0.13311399729630674,0.8517875044269628,0.11338483956131859,0.17695224932776157,0.8029185768953113,0.14207824820867063,0.22537297446037896,0.7305962734766591,0.16465665528310314
48702.5250501002,0.11196633096803056,0.8792928356716158,0.09845119265662623,0.1337723027872466,0.8514026509803535,0.11389409322080829,0.1772672810542382,0.8024909800987606,0.14225539411265808,0.22582671555318873,0.7302024901759326,0.16489923004519041
48902.90581162325,0.11221174294874631,0.8789600064295907,0.09862963430370564,0.1340575706112306,0.8510182176972168,0.11408543481038826,0.17783883468904962,0.8020643247195843,0.14263818485379037,0.22633587032486124,0.7298112699459965,0.16518246895611938
49103.2865731463,0.11251630137738701,0.8786292914676153,0.09886011815777021,0.13441763160939574,0.8506344356688968,0.11434026620800801,0.17815039801265575,0.801639440052252,0.14281238530795118,0.22689129545525497,0.729422120570296,0.16549952986991365
49303.667334669335,0.11313481247648507,0.8782988377122877,0.09936617430289446,0.13496529630251133,0.8502519210488646,0.11475450245613948,0.17872393796446812,0.8012168158971379,0.14319662450048876,0.2273870447127435,0.7290345880661081,0.16577302047372466
49504.04809619238,0.11343667998164417,0.8779664167414188,0.09959359545052716,0.13520492382648677,0.8498714090571684,0.11490679912388344,0.17904091463753652,0.8007968303092355,0.14337539693740567,0.22783699215977524,0.7286485085990887,0.16601308454092248
49704.42885771544,0.11372121023752654,0.8776322112259921,0.09980539720405635,0.13575105795056064,0.8494932723617619,0.11531961044499292,0.1796047209592344,0.800379547426665,0.1437519452770445,0.22834415051802692,0.7282641090793737,0.1662948493404973
49904.80961923848,0.11430529208252485,0.8772989961141043,0.10027991799452853,0.13612396229328336,0.8491177645892269,0.11558527456950098,0.1799276940163706,0.7999649041974002,0.14393584050626504,0.22888978968458096,0.7278818296722881,0.166604718908918
50105.19038076152,0.11462345651288218,0.8769656559556978,0.10052083472872912,0.1363962832986267,0.848744808925093,0.11576563740638578,0.1804904789496181,0.7995523101105173,0.14431157939712083,0.22937375504322738,0.7275019597678143,0.1668698563132505
50305.57114228458,0.11485326188158082,0.8766309186527524,0.10068392047351535,0.13697790044063704,0.8483739223946614,0.11620847867820866,0.18080915175564888,0.7991410990965644,0.14449202426072674,0.22982096878439107,0.7271246473496339,0.16710849088090157
50505.951903807625,0.1153917395507802,0.8762955928026432,0.10111727281417915,0.13722261210364964,0.8480044331861207,0.11636538339727433,0.18137341129983553,0.7987305943553612,0.144868492607777,0.23032546286336963,0.7267496129901679,0.16738894099773519
50706.33266533066,0.11566953304802298,0.8759629328503558,0.10132222341017735,0.13769169853810154,0.8476355329433451,0.11671237627221812,0.1816908629527974,0.7983205034611881,0.14504754118677496,0.23086100728499456,0.7263763895522486,0.1676919849600697
50906.71342685371,0.11586554069535823,0.87563151961199,0.1014555194697414,0.13817981674399013,0.8472666769362335,0.11707515415233823,0.18224350044279844,0.7979106231925888,0.14541402501111214,0.231334151327944,0.7260046345974582,0.16794966600475708
51107.09418837676,0.11640859576117428,0.8753006856172658,0.101892523681499,0.13839236911881175,0.8468974369895474,0.11720414270563306,0.182563847894665,0.7975012680329757,0.14559490019297466,0.231778290765976,0.7256343124966805,0.16818628067162472
51307.4749498998,0.11671874739540553,0.8749714949904192,0.10212557690196707,0.13894891295893969,0.846527555141543,0.11762408357670627,0.18311452716350807,0.7970930311421816,0.14595931350292798,0.23228039142760978,0.725265610823944,0.16846497997117021
51507.855711422846,0.11692745083913292,0.8746458065613792,0.10227010454835943,0.13927760171579812,0.8461572894314641,0.11785075794635476,0.18343064819679913,0.7966867097187089,0.14613675957347794,0.23280525954104642,0.7248990214336608,0.16876030482591398
51708.2364729459,0.11747541281679495,0.8743217881646868,0.10271131299936492,0.13963651229000063,0.8457868779535074,0.11810272977807619,0.18398152102764848,0.7962826856273034,0.14650129966969214,0.23326894491245764,0.7245348131430551,0.16901147141422512
51908.61723446894,0.11790907883591119,0.8739990976846596,0.10305242851141577,0.1401584309001681,0.8454168883014089,0.11849230452082817,0.18429684254075285,0.7958812127198037,0.1466783945417651,0.2337102947398055,0.7241729380873245,0.16924667080297953
52108.99799599198,0.1181103639709395,0.8736775878785786,0.1031903778975914,0.14035915673117888,0.8450478941122643,0.11861020981505596,0.18483967273393825,0.7954822522518231,0.1470366791718831,0.23420958001562234,0.7238130703984619,0.16952395522784183
52309.378757515035,0.11863747183337268,0.8733577690718418,0.10361295772871784,0.1408680798824368,0.8446805001773786,0.11898852017412365,0.18516207422701098,0.7950855965795539,0.14721969825069067,0.23472409753798795,0.7234548120878999,0.16981227787684694
52509.759519038074,0.1190738826480049,0.8730383581704321,0.1039560670079929,0.1412985279634732,0.8443153016757293,0.11930050926381634,0.18570089243719423,0.7946905422695606,0.14757474291085523,0.23517844322147138,0.7230979167374444,0.1700570423550013
52710.14028056112,0.11924429770241801,0.8727189007914103,0.10406675241649795,0.14154996121187302,0.8439523538054124,0.11946142294582507,0.18602005142143138,0.7942964504384556,0.14775506655442194,0.2356176567530874,0.7227423639103023,0.17029086222073261
52910.521042084176,0.11969180049071605,0.8723987312955769,0.10441897489458399,0.14209419969030648,0.8435914406377523,0.1198694506230141,0.18655890991860136,0.7939028091611944,0.14810964265842783,0.23611339917030064,0.7223885445157889,0.17056561476730897
53110.90180360722,0.12009557356716725,0.872078389463342,0.10473275437813154,0.14238427440837859,0.8432324149611254,0.12006303556186465,0.18687597206053608,0.7935095153682815,0.1482878620237325,0.23661767596358005,0.722036800160464,0.17084666961414888
53311.28256513026,0.12024522219641168,0.871757427909996,0.1048246656204098,0.14278471754047006,0.8428750433608232,0.12034967498818659,0.1874048073213826,0.7931165592429323,0.14863385596831966,0.23706366467589526,0.7216872881772495,0.17108583328530766
53511.66332665331,0.120680053283449,0.8714359120239433,0.10516493229616045,0.14325442740140454,0.842518980587998,0.12069457413894873,0.1877226511478555,0.7927243949720717,0.14881232505373704,0.2375006730007192,0.7213398900832297,0.17131870935703186
53712.04408817636,0.12114635606505973,0.8711137876766102,0.10553226109505345,0.14346735364261703,0.8421636326864586,0.12082298771557919,0.18824373109802237,0.7923336428175329,0.14915184119846017,0.23799285583915636,0.7209942657905244,0.17159148435914265
53912.4248496994,0.12129337011457507,0.8707917015074217,0.10562126014364027,0.14399212276990403,0.8418085486189463,0.12121379988149404,0.18855614930827197,0.79194500348482,0.1493261003210237,0.23848688910013632,0.7206500805814152,0.1718655958476243
54112.805611222444,0.121741347699441,0.8704700615880859,0.10597219842974899,0.1443506144188128,0.8414535202716056,0.12146433265607923,0.18907564979047176,0.791558709643599,0.14966447737317085,0.23892520273499315,0.720307120208885,0.17209952472736692
54313.1863727455,0.12226736977088452,0.8701497312678227,0.10639091894895868,0.1446494246613781,0.8410982717968858,0.12166438109909894,0.1893826944314633,0.7911747957134717,0.1498348145784798,0.23936038762196096,0.7199655947007985,0.17233124382205875
54513.56713426854,0.12243894286651255,0.8698302690957168,0.1065010986213737,0.14518733227212746,0.840742668116823,0.12206518511123216,0.18989286624682453,0.7907929919677117,0.15016594785265086,0.23984813032266597,0.7196258019626465,0.17260090313268983
54713.947895791585,0.12285031094846305,0.8695119849533604,0.10681981772493564,0.14541981031726084,0.8403868149603536,0.12220889122466161,0.19020163907915372,0.7904128480834957,0.150337819254703,0.24033249595931777,0.7192880194201486,0.17286828502087856
54914.32865731463,0.12338173888505202,0.8691961415787689,0.10724293138016637,0.1458471084672837,0.8400311821239786,0.12251611893513645,0.19070609938310165,0.7900340190703405,0.15066430615685958,0.24076319023498638,0.7189523144823453,0.17309725286159666
55114.70941883767,0.1235546706250112,0.8688825790111555,0.10735450086153359,0.14629438278276163,0.8396763987936977,0.12283994049877602,0.1910131594980281,0.7896559146412306,0.15083467117192664,0.24119695209125708,0.7186185036617557,0.17332859279959534
55315.09018036072,0.12389839758566172,0.8685700361472847,0.10761443566956885,0.14655219863612826,0.839322960701994,0.12300462525666189,0.19151709348025547,0.7892782234122327,0.15116027129517054,0.24167998060462534,0.7182862725483067,0.17359541241804338
55515.470941883774,0.12441798728354812,0.8682586806770429,0.10802699749130659,0.14706127618004786,0.8389713575125386,0.12338019851430111,0.19182189010940062,0.7889008855946994,0.15132845898375527,0.24215486142091866,0.7179552822641403,0.17385636188308942
55715.85170340682,0.12455327286258426,0.8679494087206621,0.1081059395353033,0.14732282191955604,0.8386217886342501,0.12354812842482318,0.19232070559027756,0.788524269462545,0.1516495438780948,0.24257890914940394,0.7176255568776788,0.17408082476512085
55916.23246492986,0.12486617844003917,0.8676411474003428,0.10833903433321153,0.14768081198224478,0.8382744203436467,0.12379704706029532,0.1926297991065391,0.7881486696118308,0.15182091989341304,0.2430109663825915,0.7172972711965645,0.17431110305707295
56116.61322645291,0.12539732308381718,0.8673325040701623,0.10876117423398232,0.1482064970740187,0.8379290749277861,0.12418653299152013,0.19312311000905,0.7877745955779761,0.15213747988414036,0.2434890778162821,0.7169707062941699,0.1745745360968559
56316.993987975955,0.125568123667446,0.867023474092607,0.10887051081743913,0.1484326276218401,0.8375853080643271,0.12432498813343648,0.19343135786753335,0.7874024772051584,0.15230833035405328,0.24395444483850304,0.7166460603968303,0.17482899180980907
56517.374749498995,0.12586678050921687,0.8667150009462666,0.10909062678814944,0.14888093539317238,0.8372426474332253,0.12464946850091461,0.1939249034421014,0.7870326660863178,0.1526252337765688,0.2443723775755309,0.7163233307426691,0.17504963544640942
56717.75551102204,0.12644381710378286,0.8664062937614084,0.10955171894593389,0.14925276152524614,0.836900508959328,0.12490971208406369,0.19423083208228453,0.7866649770998276,0.15279459307209084,0.24480283562464022,0.7160023000757425,0.17527939337230633
56918.136272545096,0.12669296771963282,0.8660963751667383,0.10972832010109057,0.14953889023163183,0.8365584518927724,0.12509802250993715,0.1947192861574804,0.7862991189314267,0.1531076031445832,0.24527564431724733,0.7156826109973171,0.17553951353901684
57118.517034068136,0.12696267793488625,0.8657854476775171,0.1099224389541919,0.15005149918698207,0.8362163511556764,0.12547551713557709,0.19502654221866472,0.785934647661234,0.15327811674321504,0.24573196256716337,0.715364148234445,0.17578783609583737
57318.89779559118,0.12753650857070384,0.8654754459067094,0.11037971662461478,0.15030409720388357,0.8358741280731442,0.1256353061961173,0.19550921866663165,0.7855712263359463,0.15358641666792852,0.24614432887284154,0.7150469287842091,0.17600474639817565
57519.27855711424,0.12779652929489582,0.8651656637028053,0.11056516908633356,0.1506845640938856,0.8355318381071534,0.12590175081173938,0.19581577863045,0.7852083461536613,0.1537561836892071,0.24657310356845552,0.7147311490700322,0.17623347764324626
57719.659318637285,0.12802000274125883,0.8648556644693104,0.11071882453615434,0.15112830782032358,0.8351896218476661,0.12622079425893373,0.19629858618271795,0.7848458283519568,0.15406412647689324,0.2470405882261381,0.7144170572511784,0.1764900100621177
57920.04008016032,0.12852781218717407,0.864546338552344,0.11111824942856467,0.15136333580101183,0.8348477976444771,0.12636534753759615,0.1966026298880446,0.784483732313819,0.15423156487728562,0.24748790885764413,0.7141047846341038,0.17673229985433267
58120.42084168337,0.12878858447446384,0.8642393068781319,0.11130415698002637,0.15186153969169555,0.8345068255088222,0.12672949140499884,0.1970820415964003,0.7841224830991895,0.15453645983082717,0.24789532730245512,0.7137942595357348,0.17694626159422458
58320.80160320642,0.12897945581506062,0.8639335142479406,0.1114296745280923,0.15218713716718235,0.8341669685492344,0.12694948286293503,0.19738937138075666,0.7837624026913884,0.15470636797912463,0.24832208921656201,0.7134851952377911,0.17717413430653492
58521.18236472946,0.1294863176914672,0.8636290162760187,0.11182814116908586,0.15248153600746248,0.8338285084828728,0.1271434517402799,0.19786481348344237,0.7834039644979677,0.15500807931757968,0.24878407779055942,0.7131774101424172,0.1774271842833408
58721.563126252506,0.12978873653486792,0.863326020822922,0.11204999346028212,0.15296475503100984,0.8334917984762685,0.12749486877427824,0.19817410414477973,0.7830475046611839,0.15517973773903534,0.24922270728656992,0.7128707842481129,0.17766358679581498
58921.94388777556,0.12996214883631066,0.863025261495151,0.11216061748392875,0.1532080168270186,0.8331570810627785,0.12764634409501588,0.19864965822043873,0.782693243044344,0.1554817452222057,0.24962573010771671,0.7125653883249202,0.17787465531009689
59122.3246492986,0.1304943274994655,0.8627257682076177,0.11258081893871281,0.1536398363981198,0.83282433274521,0.12795499423134735,0.19895749911638086,0.7823408752696059,0.15565258400016124,0.2500506147835089,0.7122614285423379,0.17810140809359185
59322.70541082164,0.1308466185777585,0.8624270149502102,0.112845658676345,0.15402126992011414,0.8324931427429544,0.1282216510450567,0.1994306870487202,0.7819900041403028,0.15595280379093215,0.2505068488495796,0.711959103953227,0.17835063164109316
59523.086172344694,0.131030558270991,0.862128527013314,0.11296518219590168,0.15425934698122454,0.8321630779099821,0.1283689329802797,0.1997405814940424,0.7816401619563444,0.1561252604682577,0.2509372216671761,0.7116584843641031,0.17858160284220148
59723.466933867734,0.13153361550187614,0.8618309247628587,0.11335973748538421,0.15476205457149222,0.8318336203032239,0.12873628013976948,0.2002080856205872,0.781291093795814,0.15642079420127455,0.25133608196104384,0.7113593987229682,0.1787902841411948
59923.84769539078,0.13190670244847827,0.8615332804262804,0.11364201407065076,0.1550500165442759,0.8315044283922467,0.12892477537885652,0.20051751528804174,0.7809424534629114,0.15659264035133014,0.25175895757022665,0.711061682926773,0.17901614806177538
60124.228456913836,0.132077934311909,0.8612351456467232,0.1137501589938353,0.15538678367554304,0.8311751531242857,0.12915363371500974,0.20098321243734985,0.7805942183030983,0.15688633360457865,0.2522091682755867,0.7107651390883833,0.17926148456876287
60324.60921843688,0.1325293427100318,0.8609362232549047,0.11409931178322973,0.15582848471352118,0.8308455983254045,0.12946941061794665,0.20128931812122816,0.7802465741056099,0.15705530086814254,0.2526317060611073,0.7104697098488653,0.1794871749038587
60524.98997995992,0.13289621325519904,0.86063734014516,0.11437544349131847,0.1560705985104934,0.8305158891542114,0.12961911189277237,0.20175096791185432,0.7798998660375525,0.15734555284740173,0.25302676489189224,0.7101755017552208,0.17969340971459988
60725.37074148297,0.13303799541918085,0.8603381519812847,0.11445766312223267,0.15652479544184,0.8301863014624841,0.12994474101503303,0.20205618906920908,0.7795546371406252,0.15751383915186484,0.2534475301198868,0.7098827123541369,0.17991802012096206
60925.75150300602,0.13346749904020716,0.8600389553412698,0.1147872484465517,0.15685319528778213,0.8298571066577546,0.13016573881154261,0.20251149061676024,0.7792110941517544,0.1577992001817885,0.25389168867545575,0.7095914966931735,0.18015938336517387
61126.13226452906,0.1338439456034405,0.8597396731137192,0.11507095004135237,0.15712458730307835,0.8295286858206747,0.13033935241563846,0.2028164021615023,0.7788694130156572,0.15796749210147676,0.2543067823381403,0.7093018113284758,0.18038026134555935
61326.513026052104,0.13400442224993575,0.8594410793728369,0.11516890529921818,0.15760349112389072,0.8292014019331692,0.13068503578949198,0.2032692331558251,0.7785295526060404,0.15825110514737742,0.25469836494612214,0.7090135710887772,0.1805845972809227
61526.89378757516,0.13442096397692133,0.8591437136074923,0.11548692617783114,0.1578582265606218,0.8288756081560192,0.13084483354286605,0.2035710199696243,0.7781914083770909,0.15841721873492282,0.25511690307187446,0.708726568694179,0.18080812733001506
61727.2745490982,0.1348568024663792,0.8588476534203716,0.11582144834602437,0.1582427173142936,0.8285515409545444,0.13111224727559231,0.20402066317304807,0.7778544813900747,0.1586983871453304,0.25555471882024294,0.7084406555868713,0.18104535253933146
61927.655310621245,0.13504757706633383,0.8585525154447438,0.1159454369950188,0.15865230061464958,0.828229221895137,0.1314004714899446,0.20432279323372493,0.7775183822088605,0.1588647276434813,0.25596273024716054,0.7081558257381528,0.18126149859637003
62128.03607214429,0.1354400586390736,0.8582591537985552,0.116242670117998,0.15888055298242407,0.8279085309882507,0.13153856522227964,0.20476720589918287,0.7771828122746031,0.15914155294233964,0.25635098975776893,0.7078722111741252,0.18146374195650744
62328.41683366733,0.13588837068090878,0.8579676205030542,0.1165878220471363,0.1593291251115136,0.8275891385473154,0.13185905339653498,0.20506991336590658,0.7768477887554827,0.15930810873858292,0.2567672428251862,0.7075899864577795,0.18168592987347487
62528.79759519038,0.13607812305372208,0.8576773512998882,0.1167111241505766,0.15963947946172627,0.8272707243038193,0.13206506780178698,0.20551167609876578,0.7765132594560422,0.15958254146372702,0.25719871699030483,0.7073092105777327,0.18191902147601818
62729.17835671343,0.13642613635521214,0.8573878611920887,0.11697011326029559,0.15996138090118503,0.8269530217486659,0.13228054729932429,0.2058118309556782,0.7761794606971033,0.1597469159562617,0.25760004052622226,0.7070298989401185,0.18213093062022534
62929.55911823648,0.13684244300583467,0.8570994001644106,0.11728757581733344,0.16039919929208704,0.8266357226170862,0.1325917080140164,0.20625092534398345,0.7758467166664392,0.16001910323754445,0.2579854171263498,0.7067518958884358,0.18233168266561667
63129.93987975952,0.1370298394995016,0.8568117353469775,0.11740877457588576,0.16061332233523112,0.8263185810405952,0.13271777260826392,0.20655029587820337,0.775515493284672,0.16018295459607984,0.2583989991485489,0.7064750203294807,0.18255243817658856
63330.32064128257,0.13734573384083135,0.8565242329331932,0.1176399493246646,0.16103051584624598,0.8260013899178826,0.1330114299081928,0.2069837253199073,0.7751859235260725,0.16045087026697927,0.2588242192412618,0.7061991729815832,0.18278144957578307
63530.701402805615,0.1377778955752074,0.8562362686502066,0.11797043120979339,0.16141019981584756,0.8256840169945967,0.13327382216784953,0.20728256439175008,0.7748580971741164,0.16061457342196273,0.2592190565963708,0.7059243881576815,0.18298905392660447
63731.082164328654,0.13797993814938675,0.8559480020644749,0.1181036523839474,0.16166418459280754,0.8253667119949865,0.1334322364847161,0.20771301477358614,0.7745319013934719,0.160880356276756,0.2596017164666579,0.7056508057436862,0.18318816039714114
63931.4629258517,0.13828634101071047,0.8556598226115875,0.11832606601883001,0.16210566059966783,0.8250496011278557,0.1337452106183235,0.20800927120270943,0.7742071829163704,0.16104227187833695,0.26001249192768155,0.705378531607876,0.18340722975565274
64131.843687374756,0.1387495477007036,0.8553713182638424,0.11868238352526272,0.16236641957173362,0.8247330232291061,0.1339089480842814,0.20843728588135135,0.7738834503742341,0.16130616598450082,0.26043138086839707,0.7051076713474401,0.18363216450991374
64332.224448897796,0.13898218342289345,0.8550822888261235,0.11884120350729985,0.16271864236328193,0.8244174652847139,0.13414809069170677,0.20873275108423536,0.7735603585157175,0.16146738176269312,0.26082025943471315,0.7048381560549872,0.1838360707217466
64532.60521042084,0.13928240220464472,0.8547932184420196,0.1190576528528441,0.1631331188919136,0.8241034015921833,0.13443855819116807,0.20915648887121158,0.7732376968156448,0.16172768172882268,0.26120040156535007,0.7045698285676992,0.1840339221527129
64732.9859719439,0.13973961394200898,0.8545049683260759,0.11940819438541446,0.16336082363630527,0.823791078158821,0.13457518903226492,0.20945330257835024,0.7729155732502094,0.16188971943149513,0.2616082909046672,0.7043025387906703,0.18425138345284534
64933.36673346693,0.1399908825432438,0.8542172557546674,0.1195826275167637,0.16378284730957463,0.8234804081410813,0.1348719659489969,0.2098750500330285,0.7725940220401458,0.16214820903089433,0.2620209399905583,0.7040362307997018,0.18447223498154752
65133.74749498998,0.14025588750934176,0.8539303452147186,0.11976875843924895,0.16409927440066235,0.8231712290184946,0.13508180138943643,0.21017104114820737,0.7722733226428414,0.16230948827083144,0.2624041462978585,0.7037709265917281,0.18467240918155528
65334.12825651303,0.14069213527833768,0.853644541052458,0.1201010732493669,0.16438332381036388,0.8228633009403596,0.13526500445014406,0.21059172757326144,0.7719538007881231,0.16256708451471616,0.2627819881814828,0.7035068111480643,0.1848689185327033
65534.50901803608,0.1409326185730315,0.8533603413333688,0.12026630749048763,0.16482855112420694,0.8225563093229362,0.13558076468377456,0.2108881535023176,0.7716358541181272,0.16272886045115556,0.2631866585678228,0.7032440014048925,0.18508443888761894
65734.88977955912,0.14116810785999356,0.853077601626928,0.1204273508794148,0.1650717728395248,0.8222499324737155,0.13573025407061576,0.21130576894278275,0.7713195140378106,0.16298426301433308,0.26359312812552327,0.7029825158994952,0.18530136038349834
65935.27054108217,0.14159621198195624,0.8527961295343355,0.12075270153493557,0.1654344635237185,0.821943873228075,0.13597784371409388,0.21160357272948416,0.771004752822746,0.1631473602887059,0.2639709014695343,0.7027222614296251,0.1854982288322879
66135.65130260521,0.14184805113671792,0.8525155635465337,0.1209276712527966,0.16580507280774578,0.8216379919396265,0.1362317470751598,0.21201894369575108,0.7706913808566858,0.1634011724846543,0.26434649312740255,0.7024630891727541,0.18569365417425943
66336.03206412826,0.14208024018928478,0.8522364311531272,0.12108595683629517,0.16605163793187505,0.8213321739210282,0.1363835527657344,0.21231571851591338,0.7703790964561243,0.16356359139372217,0.2647479774667686,0.7022048836478808,0.185907322713064
66536.4128256513,0.14251519860094022,0.8519580110137585,0.1214169651392878,0.16648657235816947,0.821026341888532,0.13668986147678827,0.21272975655831808,0.7700677134279552,0.16381631721094955,0.26514827112210887,0.7019475852919344,0.18612018865849544
66736.79358717435,0.1428226754148179,0.8516797694337827,0.1216391832672081,0.16675937386736794,0.8207205792692476,0.13686284991900324,0.2130257440736901,0.7697568502269707,0.16397802577542045,0.26552114402256116,0.7016913248099524,0.18631388331424512
66937.1743486974,0.1430504496420289,0.8514014009220645,0.12179335322775464,0.16706415839520614,0.8204150871744177,0.13706195607352376,0.21343602434984904,0.7694463948747272,0.16422757947238584,0.2658945299264898,0.701436228839494,0.18650805634068698
67137.55511022043,0.1434782081314301,0.8511234163967283,0.12211766268330364,0.1674889898870238,0.8201102300110342,0.13735943402056286,0.21373229885331602,0.7691364091310199,0.16438929285535747,0.26629257080513646,0.7011823798915605,0.18671965854458747
67337.93587174348,0.14380589839089086,0.8508451953736214,0.12235655771227667,0.1677237957798574,0.8198063709105763,0.13750103633363153,0.2141397689279426,0.7688272370013972,0.16463648687698776,0.26668677623043524,0.7009297633481392,0.18692869895127712
67538.31663326653,0.14401469030913974,0.8505664681455037,0.1224940664973135,0.16810834779952674,0.8195036572669563,0.13776540583881766,0.21443484414708877,0.7685190408543422,0.16479726074967102,0.26705491460975467,0.7006782731121974,0.18711957639488824
67738.69739478957,0.14440704571677493,0.8502872817769471,0.12278747437195589,0.16843613182575362,0.8192023726738484,0.13798327883566247,0.21484060301429792,0.7682120884938237,0.16504314833488629,0.2674262160342948,0.7004277757401247,0.18731274967149916
67939.07815631262,0.14472911720852058,0.8500083755280838,0.12302096181002822,0.16870259994286535,0.8189025102276246,0.13815098257513916,0.21513473457730223,0.7679065606578426,0.165203374107294,0.2678206504955242,0.7001781492468201,0.1875221673940356
68139.45891783567,0.14492129247994898,0.8497297503761752,0.12314393368317972,0.16913255624210619,0.8186040280542852,0.13845259181490607,0.2155372497251911,0.7676026372552974,0.1654469613158103,0.2682089148437609,0.699929451504247,0.18772731865514286
68339.83967935872,0.14528964016174545,0.8494514393158568,0.12341649395307758,0.16937673879756374,0.8183068072350643,0.13860213834532184,0.21583223917153907,0.7673001105751335,0.16560810098200057,0.26857275870047753,0.6996817763833006,0.18791546489571367
68540.22044088176,0.1456343170075179,0.8491733933149231,0.12366878715637519,0.16971093760439165,0.8180106081704089,0.13882534728293874,0.21623191333771677,0.7669987619872872,0.16584960983217115,0.2689419425546549,0.6994352334230332,0.18810747036795905
68740.60120240481,0.14582036120277206,0.8488967219081561,0.12378642661249648,0.17009403165196182,0.8177151334519265,0.13908846379166018,0.21652603780779212,0.7666983063002716,0.1660101464571428,0.2693327864314113,0.6991898737647239,0.18831475694567978
68940.98196392786,0.1461879840463037,0.8486213759922336,0.12405824817490495,0.17032896685309812,0.8174200375495473,0.13923031048083506,0.216923933123812,0.7663986041249095,0.16625019954737472,0.2697151670399245,0.698945655643497,0.18851624426371533
69141.3627254509,0.14656745668502633,0.8483470672556911,0.12434007203386761,0.17073795261374913,0.8171250873955149,0.13951426445124104,0.21721692410064963,0.7660993632647584,0.16640974724383703,0.2700749202684313,0.6987024685737858,0.18870201349142132
69341.74348697395,0.14676756277384997,0.8480738612833397,0.1244697336727639,0.17103523655045882,0.8168301192940906,0.13970673267500427,0.2176114649652708,0.7658005514410656,0.16664697987030253,0.2704420088716469,0.698460162870379,0.18889296956348298
69542.124248497,0.14712069368320815,0.8478022594613546,0.1247292565181457,0.17131016123539092,0.8165350432344479,0.13988074991084018,0.2179041713621855,0.7655022850470263,0.1668061410990318,0.2708290038293956,0.6982187279088047,0.1890978825345694
69742.50501002005,0.14751345439233177,0.8475316770308254,0.12502232538574312,0.17171128493155532,0.8162400049683263,0.1401576200656504,0.218295096057839,0.7652049107268629,0.16704047949105066,0.27120574962465105,0.6979782018837708,0.1892957014635541
69942.88577154308,0.14772090388289075,0.8472618043245813,0.12515827956027606,0.17195466271527804,0.8159453110833976,0.14030560076145826,0.21858619343769772,0.7649085784462741,0.16719845449041165,0.2715617150092681,0.6977386810882465,0.18947911286462904
70143.26653306613,0.14803672069587887,0.8469924056196063,0.1253859781822402,0.17232409783396005,0.8156513496115323,0.14055638296885925,0.21897475825571242,0.7646135112359127,0.16743105878193543,0.2719268113619432,0.6975002531987109,0.18966901977647346
70343.64729458917,0.14842655178226608,0.8467235089813928,0.12567625075108874,0.17266233038656112,0.8153584033522342,0.14078168202306243,0.21926389973755916,0.7643198266568006,0.16758774583950534,0.2723099086052666,0.6972629402025057,0.1898716075203838
70544.02805611222,0.1486202093854582,0.8464548159809673,0.12580029198642084,0.17289364866152737,0.815066598399128,0.14091983809936506,0.2196489210724441,0.7640276212133857,0.1678178426690662,0.27268113698243035,0.6970266816219961,0.1900660280517764
70744.40881763527,0.14890891299507286,0.8461858419634919,0.1260046139186041,0.17330558022023998,0.8147760526647008,0.14120523655661277,0.21993758492289542,0.7637366373556255,0.16797439153712945,0.27303357358080765,0.6967913363715491,0.19024742860967064
70944.78957915831,0.1492976008171835,0.84591650313386,0.12629330440954678,0.1735820604616582,0.8144868091197996,0.14138029854585613,0.22031925105722258,0.7634466392305859,0.16820199177743628,0.27339657708511617,0.6965568501299534,0.1904362585707195
71145.17034068136,0.14950241350996604,0.8456471192659615,0.12642628530801134,0.17388799145247777,0.8141988297433991,0.14157939914703757,0.22060707414337463,0.7631573694925534,0.1683579143947065,0.27377562717184417,0.696323201987955,0.19063632133855912
71345.55110220441,0.14977745175019794,0.845377759030673,0.1266185265139071,0.17426270229103538,0.8139119833985988,0.14183450165409617,0.22098678004576472,0.7628687381933071,0.16858390605091444,0.27414155233552545,0.6960904458859315,0.19082731540109735
71545.93186372746,0.1501870701639631,0.8451082707805284,0.12692433515986074,0.17448826525259253,0.8136259433281702,0.1419681794158366,0.22127344532531307,0.7625805336660427,0.16873882202230117,0.27449061690047377,0.6958586725411254,0.19100667630135829
71746.3126252505,0.1504281429187938,0.8448388873298041,0.1270875448866025,0.1748710888802765,0.8133406377567918,0.1422297629551087,0.22165067964991003,0.7622927892332817,0.1689627148257825,0.2748515700857047,0.6956279476493945,0.19119443360693247
71946.69338677355,0.15068676926812988,0.8445700734467927,0.12726553578824434,0.175182549663249,0.8130557920848757,0.142433186675901,0.22193768035180061,0.762005664941761,0.16911776969210585,0.27522654538471003,0.695398267743516,0.19139206289755953
72147.0741482966,0.1511047830493233,0.8443020682211447,0.12757808084665104,0.17544090165645815,0.8127711327876223,0.1425933003766013,0.22231221956847322,0.7617193963159428,0.16933952968335475,0.27558738224202245,0.6951695294144538,0.19157995082574794
72347.45490981964,0.15135972175804935,0.8440350107815838,0.12775290438595271,0.17583667777242976,0.812486480736291,0.14286492350768265,0.2225988416585927,0.7614343419700194,0.16949440252159906,0.27593333910773965,0.6949416671514986,0.1917575747022124
72547.83567134269,0.1515942771266252,0.8437690782700008,0.1279105634821396,0.17607849676053405,0.8122017877998952,0.1430112698620238,0.22297174405107573,0.7611505485988939,0.16971506530652844,0.27629213929326785,0.6947146147610846,0.19194418711063851
72748.21643286572,0.15198917557808625,0.8435040941852444,0.1282034918719557,0.1764115334940923,0.8119172103483578,0.1432315601477993,0.2232573836663999,0.760868055812998,0.16986941145615028,0.2766629228267394,0.6944883743833706,0.19213918352609416
72948.59719438877,0.15224689134905994,0.8432404931693882,0.12838074374468758,0.17676732659971794,0.811632978340527,0.14347019176142173,0.22362805400858918,0.7605867775842827,0.17008854097583678,0.2770187599972765,0.6942630100805841,0.19232387816450008
73148.97795591182,0.15245824348997897,0.8429780955590429,0.12851895974945932,0.17699960460567948,0.8113493522857157,0.14360851455164583,0.22391351994498673,0.7603066531399554,0.1702429389421595,0.27736177237234366,0.6940386018450226,0.19249977670255883
73349.35871743486,0.15284154949861523,0.8427165257072677,0.1288020995771884,0.17737886897773952,0.8110665790900948,0.14386607246464533,0.22428138937734232,0.7600273380091757,0.1704599873334609,0.2777184009795753,0.6938151926439339,0.1926852458764093
73549.73947895791,0.15311652639080242,0.8424555190960407,0.12899386272274607,0.17765498422527615,0.8107848315253712,0.144039966454733,0.22456638669197032,0.7597486140228147,0.17061400104533592,0.27808498397891984,0.6935927305794832,0.19287772337109085
73750.12024048096,0.1533152272109749,0.8421951759931189,0.129121344763372,0.17794160312916837,0.8105042804344731,0.1442224310035632,0.22493260824268432,0.7594703399504673,0.17082964444801674,0.2784360730425137,0.6933711674686792,0.19305954503088218
73950.501002004,0.15370589009660454,0.8419351345889713,0.12941038926560236,0.17832330425317713,0.8102250097700209,0.14448200093075284,0.22521657287950553,0.759192611704429,0.17098275816351266,0.27877637789866916,0.6931504180726056,0.1932339628892292
74150.88176352705,0.1540077933961461,0.8416750516223903,0.1296245174569517,0.1785477716060067,0.8099469893207937,0.14461423006222182,0.22558077678812402,0.7589154103850924,0.17119672779114706,0.27913070352661606,0.6929304395694555,0.19341816109202944
74351.2625250501,0.1542090408817569,0.8414146964007114,0.12975375331576838,0.17889549801513466,0.8096700843403055,0.14484633296601504,0.22586481794756907,0.7586389164385399,0.17134984074933188,0.27949308850775434,0.6927112525192319,0.19360800741067505
74551.64328657315,0.15459094580985566,0.8411544365609652,0.13003485992011585,0.17922405623781817,0.8093940584686962,0.1450628862535495,0.22622669678270738,0.7583633430486484,0.17156203405898687,0.2798395604999119,0.6924929236907889,0.19378691541492937
74752.0240480962,0.15491132860496604,0.8408941402769895,0.13026402848643912,0.17946891996754227,0.8091186772830496,0.1452116551375553,0.22651086676963256,0.7580889860539617,0.17171539331959476,0.2801772536621999,0.6922755198010824,0.19395985391543916
74952.40480961924,0.1551057018864016,0.8406335595802797,0.1303870582879635,0.1798451457503689,0.8088436658556905,0.14546660697507932,0.2268712290340705,0.7578158393493231,0.17192661085466665,0.2805292116867323,0.6920590371017825,0.19414277611884206
75152.78557114229,0.1554627917736314,0.8403728163916828,0.13064670416692037,0.1800943792616156,0.8085687823120824,0.14561869294081486,0.22715474407205022,0.7575438854289166,0.17207968741795207,0.28088734501488405,0.6918434629312027,0.19433007346864886
75353.16633266534,0.15578453285358507,0.8401127605388723,0.130876573944884,0.18040266769177726,0.8082938116590852,0.14581835990205394,0.22751343378487723,0.7572729970041548,0.17228977986098032,0.281229474445547,0.691628720384793,0.1945063815452615
75553.54709418837,0.1559624100761597,0.8398533570458463,0.13098555367542367,0.1807622747956742,0.8080189279567128,0.14605933949541738,0.22779692551754546,0.7570030918041937,0.17244297692027152,0.2815647357722942,0.6914147398582495,0.19467800853725756
75753.92785571142,0.15630055242482555,0.8395944316893695,0.1312290734858559,0.1809847850022466,0.8077442916970228,0.14618942696957762,0.22815314759936883,0.7567338596054881,0.17265121196401098,0.2819143298835014,0.6912014987011762,0.19485960732081395
75954.30861723446,0.15662526728912038,0.8393362009107348,0.1314612568130787,0.18134429404228058,0.8074700434064042,0.14643008498182403,0.2284362768710257,0.756465136958644,0.17280407946956317,0.28226824368351033,0.6909890312764614,0.19504426026297694
76154.68937875751,0.15680531642397832,0.8390794509154619,0.131572118805657,0.18163428599141612,0.8071963119757879,0.14661452578062661,0.22879055737926318,0.7561968445975408,0.1730106975639114,0.2826061448830422,0.6907774022671783,0.19521793862704973
76355.07014028056,0.1571346824948263,0.8388237879065875,0.13180830958180914,0.1818958872923498,0.8069232978687119,0.14677602924269842,0.22907249267038463,0.7559291182513465,0.1731625673999619,0.2829390751721986,0.6905666398110496,0.19538828641291114
76555.4509018036,0.15748717103518362,0.8385689949864045,0.1320638587382259,0.1822723003156229,0.8066511998978094,0.14703016975773106,0.22942461550339158,0.7556619767593287,0.1733674584685418,0.283286164242268,0.6903567709398876,0.19556852159823876
76755.83166332665,0.1576794347407789,0.8383151683049515,0.13218506187294565,0.1825073109368779,0.806380199283915,0.14717028176405103,0.2297057166315063,0.7553956021715221,0.17351868813709773,0.2836358348589193,0.6901477465428661,0.19575063226668768
76956.2124248497,0.15799700541117162,0.8380623381234349,0.13241133977138747,0.18282481456311087,0.8061103857538992,0.14737698179285438,0.23005500718658972,0.7551301831545026,0.1737214797124199,0.2839698039052191,0.6899394941459167,0.19592198285908202
77156.59318637275,0.15836533311840414,0.8378101117045954,0.13268007743006563,0.18314861195773743,0.8058417513374398,0.1475887982150443,0.23033548389593758,0.7548659609441378,0.1738724163906399,0.28430047072195114,0.6897319609187562,0.1960911211611768
77356.97394789579,0.1585587891562759,0.8375581549427927,0.13280220689569372,0.1833857805803673,0.8055742148740187,0.14773085621008847,0.2306825683759941,0.754602883503302,0.17407373127047276,0.28464507181244547,0.6895251421941596,0.19626993361634323
77557.35470941884,0.15885481007440982,0.837306362143948,0.1330101431324719,0.1837574506730823,0.8053075574971263,0.1479812637734386,0.23096181330095078,0.7543408860328215,0.1742239388851863,0.28499053263112767,0.6893190803967402,0.1964494118750661
77757.73547094189,0.1592146506497953,0.8370548329649413,0.13327139280523587,0.1840155713630824,0.8050415081714863,0.14814017309717362,0.23130685107320056,0.7540798170805352,0.17442382794675368,0.2853207576470305,0.6891138132705912,0.1966184753073994
77958.11623246493,0.15940552112407702,0.8368030952455247,0.13339103347585352,0.1842878649991759,0.8047758016192491,0.14831041428341174,0.2315854308736668,0.7538194826581913,0.17457360969236183,0.2856492630169851,0.6889093983713778,0.19678646193025867
78158.49699398798,0.15967779103597488,0.8365510903050323,0.13357863018864388,0.18464627528522212,0.8045102497954225,0.1485498210535084,0.231927976930183,0.7535598185520975,0.17477160421266374,0.28599121237838876,0.6887058226356,0.1969638131876108
78358.87775551103,0.16004000597304174,0.836299052764663,0.13384130539970582,0.1848785812522006,0.804244803007868,0.14868763815955022,0.23220622153171472,0.753300598531092,0.17492108566248404,0.2863325146536054,0.6885030317419307,0.1971408044252981
78559.25851703406,0.16023576957463798,0.8360471714216511,0.13396466191344755,0.18521549841997817,0.8039794709827616,0.14890945843750256,0.23254672696335976,0.7530417976989776,0.17511740532150175,0.28665908914508337,0.6883009616502219,0.19730772672433758
78759.63927855711,0.16049661777043026,0.835795378324582,0.13414233136925258,0.1855097629034186,0.8037143368392475,0.14909685606912712,0.2328239551241262,0.7527834899575839,0.17526602948406764,0.28698550271920875,0.6880995754981045,0.19747460259519767
78960.02004008016,0.16087451471608444,0.8355438217194839,0.13441770684314455,0.18575046933491338,0.8034495248246617,0.14924112632309405,0.23316258892194272,0.7525259334002299,0.17546089486249905,0.28732473286474186,0.6878988618750675,0.19765035672621376
79160.4008016032,0.16108584700546474,0.835292921928523,0.13455386782652567,0.18611549538640026,0.8031851920380465,0.14948520990318206,0.23343909387439754,0.7522692011189693,0.17560904065882912,0.28766193006108404,0.6876988901143435,0.19782479003115738
79360.78156312625,0.16134173061036122,0.8350427283196397,0.13472723892068836,0.18635870134556204,0.8029214448474038,0.14963139774426448,0.23377530049745343,0.7520134441785045,0.1758021688909548,0.2879851224304074,0.6874997098677167,0.19798968811712397
79561.1623246493,0.1617230750551109,0.8347934790091455,0.1350053684613132,0.18665615743005345,0.8026586086068469,0.14982117161070727,0.23405121365447504,0.7517587448314974,0.17595004660317679,0.288309484856296,0.6873013406315478,0.19815549545852315
79761.54308617234,0.16194941843746277,0.8345453177814159,0.13515412887440786,0.18698734735218359,0.8023968259412592,0.15003805400656783,0.23438527960417074,0.7515051985618064,0.17614175608889684,0.28864600951347497,0.6871037576453655,0.19832975776604855
79961.92384769539,0.16218717142190991,0.8342980347825616,0.13531243838424187,0.1872107287909074,0.8021361507871125,0.15016849337838853,0.2346601567649254,0.7512526062010346,0.17628905434119355,0.28897915472275487,0.6869069052098474,0.19850177684076523
80162.30460921845,0.16255922668197156,0.8340516620200011,0.1355827931907845,0.18755872650409636,0.8018765433235491,0.15039894327927172,0.23499243114014143,0.7510008022573575,0.17647950431065307,0.2892990502150396,0.6867107296379761,0.1986647618567433
80362.68537074148,0.16278585777185925,0.8338063247632709,0.1357318777921905,0.1878329904986343,0.8016179158187613,0.15057029036552042,0.2352664999163521,0.7507496082830922,0.1766262326543355,0.2896214066245833,0.6865151893605922,0.19882949481175688
80563.06613226453,0.16300260133297859,0.8335617504357783,0.13587273369270295,0.18809105656189914,0.8013600797427768,0.15072866408534663,0.2355965867644592,0.7504989937972569,0.17681500130879477,0.28995507510601753,0.6863203268145305,0.1990020619082937
80763.4468937876,0.1633656325229744,0.833317647194977,0.13613546452656425,0.18843770505037086,0.8011028141702315,0.15095797581163214,0.2358704144677394,0.7502487989270253,0.17696149515684115,0.29028427324660633,0.6861261879078594,0.1991716418122974
80963.82765531063,0.1635976542501603,0.8330737932013833,0.13628891838502943,0.18866458777914621,0.8008459336129709,0.15109126793969663,0.23619873088854357,0.7499990494747025,0.17714882365353873,0.29060110415323126,0.6859328119280449,0.19933283252122055
81164.20841683369,0.16380595089774366,0.8328301441460922,0.13642253369815557,0.18898332756129024,0.8005893040739203,0.15129803069386707,0.23647197307336695,0.7497498470530047,0.17729482564407914,0.2909215056004572,0.6857402045120801,0.19949657274741978
81364.58917835672,0.16416908991090498,0.832586593832421,0.13668498338148885,0.18929062854846684,0.8003328636619634,0.15149551081056747,0.2367988584834922,0.7495014396037929,0.17748108532991222,0.2912523399199573,0.6855483324619198,0.19966755595775898
81564.96993987975,0.16442725792280852,0.8323428943279247,0.13685985976587464,0.18951686570644333,0.8000765542487362,0.15162800088643166,0.23707171811590125,0.7492538845115823,0.17762690570617384,0.2915776334974858,0.6853571426086748,0.19983481374243625
81765.3507014028,0.16463107910710723,0.8320989519423847,0.13698934838216775,0.1898639009144941,0.7998203847683794,0.15185701828305612,0.23739691164214197,0.7490072901605107,0.17781201748155495,0.2918915647128917,0.685166573796368,0.19999434331439284
81965.73146292586,0.16499230947363538,0.8318552287115115,0.13724971533283145,0.19011880507342482,0.7995644774883403,0.15201224303924052,0.2376696871198713,0.7487616904402022,0.17795795669426878,0.2922099887163653,0.6849766383540283,0.20015701576440445
82166.1122244489,0.1652679775749518,0.8316115426790195,0.13743875778654727,0.19039553348827393,0.7993090162410531,0.15218486656920271,0.23799319241053826,0.7485171326734052,0.17814198197892614,0.2925378772373799,0.6847873640414529,0.20032624183566752
82366.49298597194,0.1654628754459369,0.8313678900532275,0.13756052164162855,0.19072312555176632,0.799054226691844,0.15239811960001812,0.2382654314350015,0.7482734073212391,0.17828768622673366,0.29285939155207774,0.6845987935160263,0.20049118612638994
82566.87374749499,0.1658079773098365,0.8311245662756503,0.13780708322668075,0.1909424516294289,0.7988002901792218,0.15252488576911985,0.23858754099057938,0.7480303574683844,0.1784707235746859,0.2931704978579667,0.684410954893158,0.20064910038547354
82767.25450901804,0.16608693542260822,0.830882147800549,0.1379986696255478,0.1912716319585724,0.7985473419291553,0.15273945328696967,0.23885913235571518,0.7477878344178779,0.17861595331521352,0.2934869937022077,0.684223842241431,0.2008107984788112
82967.6352705411,0.16627107352311277,0.8306404408716764,0.1381114778154453,0.1915554075326214,0.798295457595756,0.15291781171119553,0.2391793580070566,0.7475458373345337,0.17879753345452135,0.29381194728377524,0.684037417338444,0.20097836560317267
83168.01603206413,0.16659723516765731,0.830399333734061,0.13834223308515933,0.19179537836884045,0.7980445944765545,0.15306126495283862,0.23945056267674775,0.7473042530950428,0.1789424238943347,0.2941297861905698,0.6838516146449738,0.20114112920160207
83368.39679358718,0.16688627564459324,0.8301591895795718,0.13854217534106855,0.1921355000474377,0.7977945137061906,0.15328464782604131,0.23976893906717336,0.7470631392408299,0.17912253631196579,0.29443826876888046,0.6836664220355467,0.20129755771956118
83568.77755511024,0.16706467016117013,0.8299202320596967,0.138650349829135,0.19236717593283587,0.7975451569034209,0.15342150951242156,0.2400394250727897,0.746822614886693,0.17926687110875922,0.29475278575312325,0.6834818427484196,0.2014581771617748
83769.15831663327,0.16738369438755502,0.8296821282970315,0.13887525980168652,0.19266044231938895,0.7972963436490473,0.15360746622705698,0.24035626449840966,0.7465828226184408,0.17944585838324723,0.29507472704345816,0.6832979083836188,0.2016239438056622
83969.53907815632,0.16769083299616647,0.8294446910958609,0.1390902711741129,0.19297464653698207,0.797047932498295,0.1538100430468908,0.2406260134973737,0.7463439861045043,0.17958977807406612,0.29538893498444413,0.6831146561890864,0.20178451076395895
84169.91983967937,0.16787505530601737,0.8292077653656394,0.1392032994709358,0.19319689149491542,0.7967997890535347,0.15393924238894724,0.2409410201558822,0.7461060820548748,0.17976756055480989,0.2956948741531173,0.6829321033172766,0.2019395223455258
84370.3006012024,0.16818566911332852,0.8289715181672478,0.13942112945885035,0.1935244031977888,0.7965518279072341,0.15415221711185526,0.2412103881021849,0.7458691043541734,0.1799113761346992,0.2960074454603813,0.6827502343722074,0.20209915276399373
84570.68136272545,0.16850504056424506,0.8287355140975142,0.1396461114200321,0.19377938765538658,0.7963040009435091,0.15430730169036755,0.24152362050026568,0.7456329723706614,0.18008797505133672,0.2963263481491865,0.6825689935641078,0.20226317722271767
84771.0621242485,0.16869603768676714,0.8284994977295144,0.1397645824924458,0.19403969718171638,0.7960563357473524,0.15446653032800298,0.24179240245343211,0.7453976538345846,0.18023148950381596,0.2966370879097108,0.6823883560740374,0.20242169476929725
84971.44288577154,0.16898643303606412,0.8282635528129407,0.13996530340363655,0.19437332947057404,0.7958089608356357,0.15468403734014016,0.24210407240569806,0.7451629096667377,0.1804069750359965,0.29694063862111175,0.68220830271246,0.2025753690800626
85171.82364729459,0.1693075749461926,0.8280276181695505,0.14019134802075853,0.19459199134005853,0.795562034332487,0.15481000049530666,0.2423720768182854,0.7449286195030722,0.1805498965903379,0.2972512086189076,0.6820288453005461,0.20273389857854526
85372.20440881765,0.16949499830230774,0.8277915340128599,0.1403065246521744,0.1948930994928669,0.7953157352006833,0.15500154870870936,0.2426820040615154,0.7446947257240274,0.18072400845274753,0.2975670905817814,0.6818500163547453,0.20289612557982162
85572.58517034068,0.169765310826837,0.8275554168936061,0.1404902025753757,0.1951828686129728,0.7950702162525451,0.15518408555690838,0.24294947683633702,0.7444613458400977,0.1808664944967271,0.29787442109990603,0.6816718460810666,0.20305260653150195
85772.96593186373,0.17008558900880627,0.8273195274484737,0.1407151291245609,0.19541621564381542,0.7948255943517792,0.15532180974507107,0.24325744706228913,0.7442284759750643,0.1810391190967523,0.29817565217634456,0.6814943415360999,0.20320501974201508
85973.34669338679,0.1702767328805844,0.827083936620194,0.14083315054569898,0.19574634914934594,0.794581944939477,0.15553651482188924,0.24352408351627314,0.7439962406156155,0.1811810026354704,0.298484192416785,0.6813174660738395,0.20336249364050027
86173.72745490982,0.17053518200385137,0.8268486220770942,0.14100678025555097,0.19598126741367633,0.7943392386273501,0.15567561074260275,0.2438303844621141,0.7437647648777012,0.18135244856950378,0.2987970090823175,0.6811411954629912,0.203522951967096
86374.10821643288,0.1708639650997492,0.826613957716207,0.14123853842218756,0.1962514501228825,0.7940973835163819,0.15584276305387673,0.2440960641844947,0.7435342296315314,0.1814937790395071,0.2991010939457595,0.6809654963876648,0.20367752490886767
86574.48897795592,0.17107208682648492,0.8263800584455648,0.14137056111007534,0.1965661485370885,0.7938562486877304,0.15604526529664828,0.24440048123859628,0.7433045785525989,0.18166399670510716,0.2994001330738437,0.6807903595961222,0.2038287242584689
86774.86973947896,0.17131985349978834,0.8261469879214588,0.14153538093999574,0.19678524117347684,0.7936156876717195,0.156171854497534,0.244665438034245,0.7430757680993869,0.18180495829466956,0.29970667807549695,0.6806158029096846,0.2039851013357487
86975.250501002,0.17165565260012777,0.8259148531398411,0.14177295310785812,0.19709889368404807,0.7933755534525662,0.15637344386147012,0.24496797437346174,0.7428476965731482,0.18197389549751605,0.30001645039407326,0.6804418573843557,0.20414375075200464
87175.63126252506,0.17187532245542986,0.825683615808698,0.14191463771328522,0.19736333634945713,0.7931356724131194,0.15653590248522334,0.24523225309352434,0.7426203263911985,0.18211445583396202,0.3003173528686506,0.6802685455247995,0.20429644883181491
87376.01202404809,0.17210946378883044,0.8254530797327233,0.1420682869356377,0.19760251239447232,0.7928958064268407,0.1566782034169849,0.24553318293620002,0.742393451747581,0.18228222719857579,0.30061427618789954,0.6800958525463036,0.2044465224515995
87576.39278557114,0.17243725138158442,0.8252232198541877,0.14229922380791707,0.19792715693307703,0.7926560569129423,0.15688815977056195,0.24579665636078094,0.7421669911516008,0.18242216488640475,0.30091874444800426,0.6799237651399715,0.20460180572627998
87776.77354709418,0.17266097732578728,0.8249939703251131,0.14244426520421558,0.1981527985270626,0.7924164822785051,0.15701954356245632,0.2460960520477943,0.7419409250815117,0.18258873251524835,0.3012254536885824,0.6797522471121377,0.20475867903218703
87977.15430861723,0.1728791065024384,0.824765168125552,0.14258466533987882,0.19843740160686163,0.7921772130350028,0.15719758776683124,0.24635908678870333,0.7417153887077405,0.18272832581916706,0.3015233404553756,0.6795812734301712,0.2049096156755832
88177.5350701403,0.173197810885868,0.8245365700260697,0.1428079289238575,0.1987275500299358,0.7919383866700702,0.15737997535760304,0.24665683531820312,0.741490397400486,0.18289367484164065,0.3018182065340929,0.6794108433666307,0.205058562244732
88377.91583166333,0.1734297528506345,0.8243078659694529,0.14295950946791616,0.19894755149176013,0.7917001602170719,0.15750680839082065,0.2469193523423953,0.7412660687982959,0.18303293762106865,0.30212062078444524,0.6792409783669918,0.20521270604646952
88578.29659318637,0.1736372752122496,0.8240793282407919,0.14309088911447215,0.199268173919126,0.7914626807079661,0.15771332310981268,0.24721574816007433,0.7410425043689557,0.18319737713598652,0.30242429778180835,0.6790717061385316,0.20536778387243995
88778.67735470943,0.17395642499302172,0.8238508320112231,0.14331414546419888,0.19951295199111482,0.791226040256793,0.15785984298387343,0.2474776219456401,0.7408198429398284,0.18333633302089133,0.3027192806971264,0.6789030297802549,0.2055170368381785
88979.05811623247,0.1742031256929199,0.823622195238247,0.14347756080056695,0.19976288041256182,0.7909902848356571,0.15801049767712358,0.24777255969833895,0.7405980022353309,0.1834998627213241,0.3030121722831085,0.6787349519798319,0.2056649522038802
89179.43887775551,0.17440916013518254,0.8233935688739014,0.14360738080800772,0.20007370610778658,0.7907553904800465,0.15820936159805285,0.24803390587114624,0.7403769167762576,0.18363857848485174,0.3033124459799042,0.6785674440470247,0.20581795121623486
89379.81963927858,0.17472539370613532,0.8231652197464248,0.14382786710539147,0.20029372022819977,0.7905212986580162,0.15833645182784187,0.24832728385510125,0.7401564794914656,0.18380104817986959,0.3036131011320375,0.6784004742634134,0.20597127180055994
89580.20040080161,0.17498631263639045,0.822937155745169,0.14400273841532607,0.20059064631963358,0.7902879145690289,0.15852436356199687,0.2485880655374663,0.7399365707468634,0.18393940074238932,0.30390523276228726,0.6782340256842373,0.20611886944287125
89780.58116232464,0.17518857530449164,0.8227094337105737,0.1441292935813205,0.20085846791387107,0.7900550926708774,0.15868925548142387,0.24888001010258706,0.7397171851117815,0.18410082050367746,0.3041961980728259,0.6780681043760407,0.20626573938563966
89980.9619238477,0.17549255445832848,0.8224823529228984,0.14433952911133588,0.2010840982633613,0.7898226781629151,0.15882078102634278,0.24914013096340162,0.7394981869410095,0.18423867514168119,0.30449435461961366,0.6779027332038766,0.20641755524178657
90181.34268537074,0.17575894288550023,0.8222561701261187,0.14451887524244666,0.20140093506713816,0.7895905160591921,0.15902426825446545,0.2494307228047668,0.739279587630234,0.1843990418974192,0.304792019713063,0.6777379247999301,0.2065691109359107
90381.72344689378,0.17595114765473338,0.8220306247081518,0.14463723182473673,0.20163150441634314,0.7893585157473682,0.15915954505399352,0.24969031818915033,0.7390614552620526,0.1845364899257184,0.30508146559554583,0.6775736971999553,0.20671517659075495
90582.10420841684,0.17624180680859597,0.8218058368325748,0.14483654552922318,0.20189734584371127,0.7891266671939033,0.15932257964094276,0.2499793980238293,0.738843979296415,0.18469577317804842,0.30537055668528046,0.6774100355741176,0.20686107966746392
90782.48496993988,0.176510696032488,0.8215818832597527,0.14501799006186125,0.20219043434837314,0.7888950074229452,0.15950702420610832,0.2502385997009702,0.7386271842695196,0.18483303229267503,0.3056665129366434,0.6772469111431045,0.20701170172622552
90982.86573146292,0.17669972824468394,0.821358827226366,0.14513388156227117,0.20240392905516874,0.7886636289412822,0.1596286172006232,0.25052640871595633,0.7384111463524269,0.18499149265150594,0.30596122000170006,0.677084297579469,0.20716153773140847
91183.24649298599,0.17698172711436264,0.8211363398273546,0.1453261276190114,0.20270732413804649,0.7884325275010952,0.15982104791314375,0.25078500312031504,0.7381958900092509,0.18512845857937374,0.3062480303154113,0.6769221854102495,0.20730608595869257
91383.62725450902,0.1772637288067173,0.8209141187281573,0.1455182977158334,0.2029608683784749,0.7882019717232054,0.1599741566385679,0.2510715115740645,0.73798146525478,0.18528612199516056,0.3065352915088883,0.6767605857033153,0.20745100342029174
91584.00801603208,0.17745702628595494,0.8206923011229773,0.14563761525306104,0.20319839951623148,0.7879721112709989,0.16011467187369283,0.2513296608914098,0.7377677112655302,0.18542290868899725,0.3068290191723262,0.6765995112603784,0.20760036441249718
91784.38877755511,0.17773159328078653,0.8204708249600465,0.1458235869605504,0.203501984625874,0.7877430407755368,0.16030727217304253,0.2516147732592278,0.7375545185838324,0.18557961295978992,0.3071208131036257,0.6764389900322354,0.2077484926336955
91984.76953907816,0.17802620743196673,0.820249332888355,0.14602587788271462,0.2037178789959178,0.787514811343761,0.16043084704482136,0.2518723901829699,0.73734178382047,0.18571603747263649,0.30740514469612507,0.6762790222364027,0.20789165068553533
92185.15030060122,0.17822135070041728,0.8200278243671894,0.14614646647064505,0.20399909308601347,0.7872874157472477,0.16060591881046976,0.2521560958306415,0.7371295231767954,0.1858717026857631,0.30769059669219817,0.6761195893007586,0.20803563986723436
92385.53106212425,0.1784840321761354,0.819806400129404,0.14632235189889828,0.20427748690054626,0.7870607996613632,0.16077880219275759,0.252413028880908,0.7369176421690788,0.18600761409567432,0.3079821238364221,0.6759606640352422,0.20818380093945207
92585.9118236473,0.178779459751987,0.8195849218353968,0.14652494954660672,0.20449301822556515,0.7868348585087777,0.16090223506154544,0.2526953853245396,0.7367061785716865,0.18616225166514141,0.30827103502946457,0.6758022259598602,0.20833025167186217
92786.29258517033,0.1789734063774382,0.819363488656957,0.14664427462623703,0.20479394261625025,0.7866094305358485,0.16109284657855985,0.25295159260592937,0.7364952123048573,0.1862976368991557,0.308552986589105,0.6756442623881072,0.20847205503164337
92986.67334669338,0.17922042625629406,0.8191423017835934,0.14680703249021748,0.2050287352614296,0.7863843686616105,0.1612313925360478,0.2532323662883981,0.7362849198193642,0.18645117250832108,0.3088366503504302,0.6754867982089406,0.2086150801147862
93187.05410821643,0.1795167468379285,0.8189214799201338,0.14701011999096442,0.20528108630588723,0.7861595612769986,0.161383688748702,0.25348796159041337,0.736075314194441,0.18658623097217192,0.3091259032765448,0.6753298537394133,0.20876195104681305
93387.43486973949,0.1797120870664098,0.818701147406166,0.1471304918840265,0.20557477408741928,0.785934948252366,0.1615683994343877,0.25376729452243174,0.7358664425547671,0.1867388362569697,0.3094119998065014,0.6751734409024686,0.20890676456586948
93587.81563126252,0.17994829504574522,0.8184813306286601,0.14728431997340027,0.20578423382689,0.7857105185262433,0.16168683706465145,0.2540220873463441,0.7356582989651582,0.18687345667679037,0.30969161333229467,0.6750175543587702,0.20904727543698745
93788.19639278557,0.18025157437670966,0.818262231943267,0.14749305556077424,0.20607040301145324,0.7854862859279811,0.16186547550114866,0.2543000034113498,0.7354509046806628,0.18702516756917284,0.3099735276616682,0.674862173481863,0.20918940859959376
93988.57715430863,0.18045458496774971,0.8180439056825496,0.14761977348534147,0.20632853817020458,0.7852623244368216,0.16202202748118633,0.25455414689964745,0.7352440994961128,0.1871594345102325,0.31026053016543154,0.674707273892772,0.20933503650444446
94188.95791583166,0.18068450483827395,0.8178263760873137,0.14776855380701628,0.20655435379850268,0.7850387454170697,0.1621531707664101,0.25483063915191934,0.735037784594562,0.18731014844904306,0.3105438701911634,0.6745528318806701,0.20947824706063248
94389.33867735471,0.18099229548109713,0.8176096082694516,0.14798103980808866,0.20685364492100763,0.7848156746286856,0.16234198288808319,0.2550841767142054,0.7348318790643266,0.1874439848944763,0.3108212828107204,0.6743988597898225,0.2096175187259598
94589.71943887777,0.18120555775230424,0.8173934097389565,0.14811622871480534,0.2070732162223673,0.7845932385960764,0.16246824534241275,0.255359264830876,0.7346264186700799,0.18759366219693094,0.3111014366320661,0.6742453733914047,0.20975870430458982
94790.1002004008,0.18142479926459507,0.8171777663614571,0.14825631222561753,0.20733383832515936,0.7843715262185225,0.16262675920384964,0.2556121503509395,0.7344213415600087,0.18772701837977562,0.311386132012525,0.6740923900630077,0.20990302196079821
94990.48096192385,0.1817297866155188,0.8169625180669602,0.1484664240811856,0.20761300357234957,0.7841506006740148,0.1627998614589943,0.25588598740968377,0.7342167026270658,0.1878757659244089,0.3116667459650222,0.6739399162967419,0.21004466068814498
95190.86172344691,0.18194700750508316,0.8167476315497036,0.14860478744733283,0.20782518730401667,0.7839303569478153,0.16292047326598436,0.2561381817581997,0.7340125851707189,0.18800864895326364,0.31194199887399854,0.6737879423491618,0.21018275755359603
95391.24248496995,0.1821523367484487,0.8165329423409217,0.1487333834794852,0.20811542800657926,0.7837108550611495,0.16310232003445332,0.25641067575008303,0.7338090750437738,0.18815648080351743,0.31222042829632035,0.6736364470676316,0.21032306001946746
95591.62324649298,0.18245177912259436,0.8163181430834842,0.14893869753563424,0.20835287397596602,0.7834919909665331,0.16324280805502878,0.25666230365726767,0.7336063128260513,0.18828908622744847,0.3125028024124903,0.6734854012191567,0.21046607526488686
95792.00400801604,0.1826727893284972,0.8161033700011464,0.14907987897849603,0.20858809283842675,0.7832736216752054,0.1633815509158785,0.2569334018493122,0.7334042483282063,0.18843604845370376,0.31278078392326725,0.6733348049455028,0.2106061881336746
95992.38476953907,0.182869570155068,0.81588874636077,0.1492012243413513,0.20888136438302482,0.783055622862916,0.16356572689140522,0.25718429675434806,0.7332028544231285,0.18856826049309294,0.31305399094153596,0.6731846647767462,0.21074314594900043
96192.76553106212,0.18316672443310242,0.8156741444568284,0.14940436124493045,0.20909239359080306,0.78283789663548,0.16368544960110218,0.2574541719567516,0.7330020624632696,0.18871443903407217,0.3133306716192009,0.6730349966653467,0.21088250752837973
96393.14629258518,0.183400889610536,0.8154596147085792,0.14955601877901833,0.20936088174607867,0.7826203707702784,0.1638500908969085,0.25770442074089905,0.7328018604518008,0.18884627896558448,0.3136107510271636,0.672885814326213,0.2110242255863682
96593.52705410821,0.18359303346452588,0.8152452537344484,0.1496733491506645,0.20962192406186894,0.7824030188987294,0.16400882621336646,0.2579729371073021,0.7326020901912178,0.1889915129375771,0.31388613045044833,0.6727371192799982,0.21116285118118033
96793.90781563128,0.18388892627350933,0.8150313628685857,0.14987524219713919,0.20983950537651083,0.7821858522996011,0.16413349235905286,0.25822260455840507,0.7324026929351551,0.18912293095530555,0.3141573342761901,0.672588898640111,0.21129873546053587
96994.28857715431,0.18413549857205033,0.8148179241824883,0.1500369047147856,0.21013075531523892,0.7819689462481464,0.16431572530818447,0.2584899061309933,0.7322036533996475,0.18926725363604527,0.31443226087780696,0.6724411241677519,0.21143718297928035
97194.66933867735,0.18432209940666489,0.8146050615540821,0.1501497151329439,0.21035242841840965,0.7817524140136394,0.164443518709723,0.2587390234318481,0.7320050773857867,0.18939827886995286,0.3147100095611287,0.6722937875524443,0.21157758430851717
97395.05010020042,0.1846101735046499,0.8143929049736096,0.15034521548813393,0.21059680448216464,0.7815363697579327,0.1645890620576121,0.2590051487994288,0.7318069605441274,0.18954177070818945,0.3149828871410991,0.672146884887889,0.2117147663848833
97595.43086172345,0.1848617736421462,0.8141814512217872,0.15051102713939613,0.21087675388803692,0.7813209282608043,0.1647624210964262,0.2592536812858295,0.7316093835047041,0.18967242593685074,0.31525218092712326,0.6720004254391755,0.21184959970365475
97795.8116232465,0.18504156206111227,0.8139706970923086,0.15061840926193323,0.21108562893885927,0.7811061756470317,0.16488028835448076,0.25951869106568437,0.7314124177665836,0.18981519328797128,0.3155253877844888,0.6718544241720814,0.2119871277216204
97996.19238476956,0.18531735528871893,0.8137605736874144,0.1508039573539823,0.21136283666938224,0.7808921675762446,0.16505158367181766,0.25976679431554484,0.7312161747967234,0.18994568167861992,0.31580082906325274,0.6717088908513569,0.21212622462001646
98196.57314629259,0.18557464454757322,0.813551093191374,0.15097445494027883,0.2116054697792648,0.7806789031157139,0.1651959260405618,0.26003060762632885,0.731020587097697,0.1900877274503698,0.3160712380291854,0.6715638226747143,0.21226200884840926
98396.95390781562,0.18574962634230383,0.813342202125241,0.15107801013319005,0.21182696088057773,0.7804663156867977,0.1653238077215959,0.2602781392400707,0.7308256084615862,0.19021792947937413,0.31633868046095703,0.6714191977877119,0.2123958630643191
98597.33466933868,0.18601761699755817,0.81313360315203,0.15125717515897877,0.21211333776742058,0.7802543159396603,0.16550234726139687,0.26054090470449903,0.7306311626679776,0.19035930412681487,0.31661012343264133,0.6712750048828267,0.21253246215319865
98797.71543086172,0.18628464741917175,0.8129251159700925,0.151435468606678,0.2123279359124168,0.7800427991112654,0.16562487745863896,0.26078787900254613,0.7304372374937992,0.19048917791048695,0.31688324080112645,0.6711312317675966,0.21267023972536792
98998.09619238476,0.1864612953925376,0.8127168466418296,0.1515402360121739,0.21258324290646566,0.7798316664680146,0.16577914457892387,0.2610494391504898,0.730243699172608,0.1906297081121883,0.3171512832582142,0.6709878786719808,0.21280466677152565
99198.47695390783,0.18672335688935676,0.8125086865771309,0.15171434945944415,0.21284471637401617,0.7796207081133727,0.16593814849770044,0.26129583277230534,0.7300505127591095,0.19075915669724003,0.31741691115087717,0.6708449564356279,0.21293753393294176
99398.85771543086,0.18699963733379063,0.8123005086679784,0.15189990052696561,0.21305194659302212,0.7794099555183527,0.1660548082171658,0.26155622918478844,0.7298576854440776,0.19089882404629038,0.317686618860694,0.6707024781488646,0.2130732025446013
99599.2384769539,0.18718040091242236,0.8120923947754582,0.15200778003199944,0.21333399029143887,0.7791993750628851,0.16622971191476077,0.2618020468535003,0.7296653309297771,0.1910278771554523,0.3179574357657908,0.6705604496255437,0.2132096810888936
99799.61923847697,0.187431487528224,0.8118842737975713,0.15217267713865068,0.21356387736820168,0.7789889796951711,0.16636390693080008,0.2620612642176252,0.7294734559473203,0.1911667360787549,0.31822318350070966,0.6704188582163707,0.2133428233405244
100000.0,0.18771130313836307,0.8116763463928475,0.15236082470798679,0.2137939171174708,0.7787788335362352,0.16649817738988648,0.26230640251462556,0.729282132437588,0.19129537257789841,0.3184870620441196,0.6702776949181414,0.21347477380818355
