Xdata,P_Band4_nterms2,omega_Band4_nterms2,P_times_omega_Band4_nterms2,P_Band5,omega_Band5,P_times_omega_Band5,P_Band6,omega_Band6,P_times_omega_Band6,P_Band7_nterms2,omega_Band7_nterms2,P_times_omega_Band7_nterms2
10.0,0.999999999892921,0.00022322050406555036,0.00022322050404164812,0.9999999997946966,0.0003163268056440996,0.00031632680557915657,0.9999999993994049,0.0005778687065397957,0.0005778687061927305,0.9999999970031006,0.0014630823375927934,0.001463082333208083
210.3807615230461,0.9999759619289451,0.5908713533980718,0.5908571499904945,0.9999509958801714,0.6578601180323603,0.6578278801763059,0.9998295199538082,0.750313893951659,0.7501859804043598,0.9984707583431403,0.8322179084397034,0.8309452461465328
410.7615230460922,0.9994901160143982,0.8387985676025353,0.8383708776457691,0.9987241690362463,0.8591802869572339,0.8580841181436871,0.9930612427159907,0.8833403651042789,0.8772110807116522,0.9492504786774739,0.9136841264192738,0.8673150943635052
611.1422845691384,0.9956195218617424,0.9027799845795551,0.8988253765934479,0.9880145612232206,0.9119872226607008,0.9010566556382958,0.9595978727105092,0.9263951466941218,0.8889668120570194,0.9423651966042146,0.9413085243106623,0.8870563925772403
811.5230460921844,0.9801006272723064,0.9317082798479916,0.9131678695138182,0.9626401372962463,0.9376162240774792,0.9025870106771327,0.9610212271597597,0.9458170847880663,0.9089502954916939,0.9323359761036243,0.9549010766241459,0.8902886273567748
1011.9038076152304,0.960649317464124,0.9478501434323494,0.9105515933465584,0.9603796404603824,0.9514205728215334,0.9137249476529553,0.934802432331417,0.9568633339786178,0.8944781720119609,0.8918163038525957,0.9628805883350995,0.8587126073404212
1212.2845691382765,0.9602837745490874,0.9576536835649734,0.91961929396461,0.9526171459290639,0.9601217827418893,0.9146284724199033,0.9287799205239621,0.963916657227054,0.8952664362910664,0.8734418718497402,0.9680613315823043,0.8455453015225999
1412.6653306613227,0.9547403087910938,0.9642902138026394,0.9206467364901618,0.9297262426121786,0.9660091548824266,0.8981240618978046,0.909548589079891,0.9687685080359619,0.8811420296291402,0.870401702224479,0.9716405496026023,0.8457175883244333
1613.0460921843687,0.9354040901940046,0.9690152133374196,0.9064207940160383,0.9279434567526239,0.9702705291677963,0.9003561888211625,0.8971611071556015,0.9723010990700841,0.8723107305303248,0.838957295965126,0.9742105811436598,0.8173210748568988
1813.426853707415,0.9270031354142579,0.972553413502683,0.9015600636748264,0.9170308103047153,0.973465778575841,0.8926981117313141,0.8839944053937453,0.9749704935904201,0.8618684617579098,0.8101734633629892,0.9760985001028764,0.7908091024117664
2013.807615230461,0.9260528472161674,0.9752911291564712,0.903171127020021,0.897446973036197,0.9759547192471554,0.8758676086087511,0.8669409149934663,0.9770408135724565,0.8470366569044662,0.8090723828170758,0.9774986182154028,0.7908671362399351
2214.188376753507,0.9107639987976507,0.977466814086895,0.8902415842897803,0.8968508450139404,0.9779346160822148,0.8770614868017177,0.8591376341445305,0.9786811710538613,0.840821825881013,0.7896746911049987,0.9785349056870144,0.7727242493838521
2414.569138276553,0.8969944060793005,0.9792342373633971,0.8783676331562972,0.8820745039992578,0.9795437484775551,0.8640305660839132,0.8383392467606172,0.9799995181936536,0.8215720579082354,0.7567029789061179,0.9792880853702361,0.7410302114069264
2614.9498997995997,0.8966468830384735,0.9806926272874313,0.8793349874760867,0.8669983402140811,0.9808691379317043,0.8504119145540041,0.8346908664998935,0.9810691152078688,0.8188894298691398,0.7498898871189008,0.9798138808474212,0.7347525205062048
2815.3306613226455,0.8860129713676672,0.9819147089376795,0.8699891688954915,0.866257970906158,0.9819757872383755,0.8506443529320923,0.8111485423291059,0.9819430824490203,0.7965016999786719,0.7419514143203537,0.9801512137445082,0.7272245792855492
3015.7114228456917,0.8695928989620134,0.9829486042954857,0.8547651263399764,0.8483295564804714,0.9829073312688209,0.8338293403966826,0.8098790109944799,0.9826588272207221,0.7958347591345138,0.7126663912212905,0.9803285997476937,0.6986472453932098
3216.0921843687374,0.8672670036525283,0.9838326328537795,0.8532455795906754,0.8384632123584337,0.9836982896183855,0.8247948279049283,0.7857771821142497,0.9832440771361338,0.7726107602625573,0.696363078760323,0.9803664211910458,0.6826909793738362
3416.4729458917836,0.8613589324696633,0.9845936923590649,0.8480885717667682,0.8358110216251285,0.9843724813967841,0.822749369335909,0.7851714119302382,0.9837204452464715,0.7723891709388147,0.6949787611866414,0.980280667719842,0.6812742440671494
3616.85370741483,0.8443145566762542,0.9852528027187155,0.8318632833414893,0.8165469892080278,0.9849499499740582,0.8042579161719148,0.7625997826650651,0.9841038123188323,0.7504773533942035,0.6747094530193033,0.9800835039104324,0.66127160483665
3817.2344689378756,0.838557302314381,0.985826938368164,0.8266723779868531,0.811432902852652,0.9854453008750957,0.799622741091584,0.760966367511949,0.9844066068064072,0.7491003197362351,0.6513794842752696,0.9797852051247434,0.6382119816146946
4017.615230460922,0.8363660848788259,0.9863282597898205,0.8249315050457577,0.8055090004913369,0.9858706478779845,0.794127680185942,0.7410843791505157,0.9846391122404242,0.7297006651820097,0.6491326209562152,0.9793940089024313,0.63575659994765
4217.9959919839675,0.8210948822961885,0.9867677109290798,0.8102299174589922,0.7872869020770084,0.986234931389509,0.7764498438537775,0.7373372888017374,0.984809023897511,0.7261364156680762,0.6393309631403525,0.9789183926923788,0.6258528388358243
4418.376753507014,0.8112639101769191,0.9871533089938465,0.8008418533984324,0.7854055233277686,0.9865463597920613,0.774838959999589,0.7206333877074266,0.9849226008777207,0.7097681105001215,0.6155627892853596,0.978365850474127,0.6022456118593966
4618.75751503006,0.8107874601336715,0.9874918940682758,0.800646044694206,0.7756820799921281,0.986810755154648,0.76545141911696,0.7143597743620395,0.9849853599728193,0.7036339195000955,0.606592387743912,0.9777446702365352,0.5930924741226637
4819.138276553106,0.7992932775186931,0.9877892283866885,0.789533289854857,0.7606182903938316,0.9870335882549222,0.750755800459748,0.7013739867655853,0.9850014295812635,0.6908543796352117,0.6046406680102084,0.9770634258431703,0.5907722824901572
5019.519038076152,0.7860409679137291,0.9880497593219436,0.7766475891643476,0.7600096863936477,0.9872188081919973,0.7502958568159105,0.6924734013034088,0.9849742213303536,0.6820684492408066,0.5861724770060641,0.9763318255755083,0.5722988445774483
5219.8997995991995,0.7851579446508252,0.9882775997099836,0.7759540089327417,0.7469166679540908,0.9873702073181847,0.7374832652872384,0.6832914457730177,0.984906982957596,0.6729785163370368,0.570720700801373,0.9755598694421136,0.556772212361699
5420.280561122245,0.7778116514295945,0.9884758233168704,0.768848012532323,0.7362266381524992,0.9874905654588836,0.7270168592151043,0.6717063219116352,0.9848021746615702,0.661497846552503,0.5699741493543832,0.9747586472305291,0.5555872307810501
5620.661322645291,0.7632266983234409,0.9886474490268774,0.754562128326676,0.7349532642818242,0.9875827200742078,0.725827143866862,0.6659390865747772,0.9846618897738578,0.6557248394609968,0.5601073426367182,0.9739396173737939,0.5455107309758578
5821.042084168336,0.7600891175080474,0.9887946055009579,0.7515720190919409,0.7198883849432649,0.9876484846481067,0.7109966725049885,0.6520686834986864,0.9844883845680473,0.6419540448450352,0.5417923805998599,0.9731140138894674,0.5272257581802596
6021.422845691383,0.7562886328907398,0.98891952505819,0.7479085956452182,0.7136665640736324,0.9876899044324257,0.7048812604665036,0.6489701728489724,0.9842835100051426,0.6387706396204307,0.5374962530820018,0.9722928619256771,0.5226037701834275
6221.803607214429,0.7423609491431014,0.9890238785657612,0.7342127052172699,0.7100882225545656,0.9877084563705125,0.701360142186251,0.6337509412760906,0.9840489256959131,0.6236419329215106,0.5345948905857585,0.9714859790152055,0.5193514406572323
6422.184368737475,0.736182292919827,0.9891090997188854,0.7281646049789148,0.6950785232431137,0.9877056521784149,0.6865329861150491,0.6325261576024153,0.9837866044850965,0.6222707608356851,0.5188606210376018,0.9707018529343228,0.5036589662558535
6622.565130260521,0.7348072763827179,0.9891767099275465,0.7268542440830782,0.6924376030786958,0.9876825476894946,0.6839085359247733,0.616948945968519,0.9834983390412698,0.6067682636333006,0.5089646786209904,0.9699463675784,0.4936684412541374
6822.945891783567,0.7228163927946339,0.9892275979983846,0.7150299240380926,0.685616580242724,0.9876402960602805,0.677142562294761,0.6165831773128809,0.9831858127846197,0.6062158323356881,0.5089744672345271,0.9692241129364463,0.49331032651268486
7023.326653306614,0.7138958219993612,0.9892629881073894,0.706230714068469,0.6725751125366531,0.987579719914126,0.6642215412601596,0.6013990261897887,0.9828510998880153,0.5910856943622151,0.49966728110136044,0.9685359305430649,0.4839457150634293
7223.70741482966,0.7133726039055955,0.9892836107953636,0.7057278254342183,0.6719605556311283,0.9875018174676702,0.6635622699523247,0.6010307078449357,0.9824962727688261,0.5905104302772586,0.48572646224425386,0.9678818164564111,0.47012581057791486
7424.088176352706,0.7043372714558268,0.9892903418786889,0.6967940600764378,0.6620585753334557,0.9874073446101155,0.6537214998463636,0.586940278746837,0.9821233593261863,0.5764477582866917,0.484093909684285,0.967257870575161,0.46824364423962583
7624.468937875751,0.6933033005165775,0.9892837950270328,0.6858737202398072,0.6522506702047359,0.9872969211626086,0.6439650785193838,0.585884438817682,0.9817347928442534,0.5751831381733488,0.48077141501417414,0.9666607988806624,0.46474288011658804
7824.849699398798,0.6922087246076872,0.9892646545482006,0.6847776248242742,0.6517512087560098,0.9871712614016019,0.643390062867689,0.5735920629856506,0.9813330790697761,0.5628848652996934,0.46839603699108245,0.9660831897673442,0.45250953749072786
8025.230460921844,0.6865100753748296,0.989233459860222,0.6791187370919445,0.6399077013562086,0.9870311089210361,0.6316088080767297,0.5713400427043225,0.9809206377411278,0.5604392390565672,0.46161216626466495,0.9655202759400586,0.4456959061491475
8225.611222444892,0.6744924316424024,0.9891906317236592,0.6672015945491749,0.6338439284998979,0.9868771034212288,0.6255260601791117,0.5612898285560001,0.9805001731602305,0.5503447740922341,0.46168963472592706,0.964963391333279,0.4455135956685534
8425.991983967935,0.6716591076135457,0.9891368283769296,0.6643627594553415,0.6316598217236816,0.986709788678325,0.6232649292095623,0.5573652192910611,0.9800744045904296,0.546259385436101,0.45322807579106517,0.9644081124485331,0.4370968330823419
8626.372745490982,0.668870921210693,0.9890722202791493,0.6615616471220201,0.6194479137949612,0.9865299128555551,0.6111038964146985,0.5496922732611208,0.9796458515065062,0.5385037551054378,0.44413013266355217,0.9638461797574094,0.42807313168291616
8826.753507014027,0.6573975123115695,0.9889974258849236,0.6501644474592946,0.61678738539902,0.9863380597253184,0.6083608729775216,0.54397666727608,0.979217143518845,0.5326712782709841,0.44305258313161183,0.9632751036581082,0.426781522942096
9027.134268537075,0.6521151043381148,0.9889127157943917,0.6448849188415482,0.6119333442290886,0.986135071316468,0.6034489320522771,0.5386144972117636,0.9787908148185629,0.5271909225989927,0.4391511600984687,0.9626883466901647,0.4227657042622627
9227.51503006012,0.6512497418044337,0.9888184384867721,0.6439677527559736,0.6009359942607453,0.9859215748993304,0.592475761875249,0.5312991125671502,0.9783690612949486,0.519806614029162,0.42941042262062457,0.9620858883532689,0.4131297079151162
9427.895791583167,0.6416018114079507,0.9887150196755172,0.6343613475900595,0.6003537501323326,0.985698347013287,0.5917676991286681,0.5280159337581238,0.9779539821987514,0.5163752850831493,0.426552369770454,0.9614636460086119,0.41011459665311434
9628.276553106212,0.6339368428359307,0.9886027410876175,0.6267117005040312,0.5929038542760391,0.9854660817611711,0.5842866381345047,0.519448293523882,0.9775474199193518,0.5077853391157809,0.425904425476246,0.9608242710280098,0.4092193091358174
9828.657314629258,0.6337740841897634,0.9884819781701055,0.6264742604528444,0.5844559602018808,0.9852258416647617,0.5758211153058845,0.5177879929201965,0.977150730028171,0.5059569152817914,0.4174537046803698,0.9601661833085341,0.4008249303309586
10029.038076152307,0.626559324964647,0.9883530438552259,0.6192618159846844,0.5841336352685026,0.9849783427131724,0.5753589799897904,0.5083063813654772,0.9767650032747196,0.49649588425901126,0.4114989757628336,0.9594940610002106,0.39483082335210845
10229.41883767535,0.6173602067880859,0.9882163829390083,0.6100854705226004,0.574842576597847,0.9847245588433399,0.5660616026446836,0.5077632912979848,0.976390981126773,0.49577549817059885,0.412371572702695,0.9588089019982027,0.395385534838343
10429.799599198397,0.6165866658950058,0.988072203542861,0.6092321456460241,0.5696262660087834,0.9844653003766803,0.5607772930687838,0.49785846472397094,0.9760288913807187,0.485924245389044,0.4086393354811652,0.9581161925701485,0.3915239642456096
10630.180360721444,0.6120011629069885,0.9879210380283704,0.6046088241336418,0.5681574311513635,0.9842016648346026,0.5591814896273231,0.4979225019361404,0.9756786837030611,0.48581237127518834,0.3994091844231817,0.9574189929669176,0.38240193913218046
10830.561122244491,0.6022449489837709,0.9877631979446866,0.5948753967542442,0.5581597659709681,0.983934591829749,0.5491927015064326,0.4881605617914871,0.975339999947364,0.4761225223120142,0.3985241820510785,0.9567222249084677,0.381276942131735
11030.941883767535,0.5999925913264773,0.9875990475604718,0.5925521117373683,0.555805158694472,0.9836651790671789,0.5467261809536595,0.48831060379045926,0.9750120512584699,0.47610872345299765,0.3985977737520774,0.9560305477653447,0.3810716479782455
11231.32264529058,0.5977002369237597,0.9874291193307861,0.5901866185694303,0.5524539478916664,0.9833941601258979,0.5432799860951618,0.47920691929985804,0.9746938534819775,0.4670800387876056,0.3924311132071285,0.9553464180486486,0.37490765833327394
11431.703406813627,0.5884048356445103,0.9872537576210414,0.5809048849924341,0.5431900787567643,0.9831226134282697,0.5340224498156577,0.4788943088350669,0.9743842261251862,0.46662706051001257,0.38652091225957574,0.9546757210543848,0.3690021306140091
11632.084168336674,0.5842674017474365,0.987073441668231,0.5767148350973972,0.5425616475906938,0.982851559189489,0.5332575612909315,0.47081839908250694,0.9740816969832732,0.45861558514923634,0.3875650636979606,0.954017135545831,0.3697437119067659
11832.464929859721,0.5834947624794042,0.9868886626259772,0.5758443657925615,0.5370707344828917,0.9825819533032875,0.5277160113502309,0.46968632385319803,0.9737847469171536,0.45737337800383465,0.384594606569812,0.9533772155392003,0.36666373512292155
12032.845691382765,0.5756514714812896,0.9866999294886964,0.5679952663206528,0.529891608333745,0.9823144278008981,0.5205201720368603,0.46293247278518174,0.9734918322937799,0.45066098115993697,0.3793916664087357,0.9527501193116149,0.3614654554367553
12233.226452905812,0.5695819282974289,0.9865076401992123,0.5618969239848136,0.5297515261245265,0.982049815816473,0.5202423886590867,0.46079207168697295,0.9732012895118802,0.44844343836261286,0.3776127936160225,0.9521431023114006,0.35954141678603435
12433.60721442886,0.5694155394998621,0.9863124526518653,0.5616216373421941,0.5223785664112949,0.9817888546320277,0.5128654544012659,0.4555157794923383,0.972911562281004,0.44317656866954014,0.37650072464213397,0.951545803172641,0.3582576844246807
12633.987975951906,0.5636236915292009,0.9861148169421948,0.555797673396602,0.5178469192191939,0.9815322888348472,0.5082834718872896,0.45228709628345865,0.9726212184847205,0.43990402669213363,0.3718305253367061,0.950966096964365,0.3535982234116568
12834.36873747495,0.556116637388968,0.9859151929242373,0.5482838418397226,0.5171225353726783,0.9812805329566325,0.5074422771143868,0.4484958882942846,0.9723288218303007,0.4360854786609159,0.37012367868355606,0.9503904298389156,0.35176200207762554
13034.749498997995,0.5555924998433869,0.9857142814157932,0.5476554617431283,0.5088781807664612,0.9810338768906414,0.49922673454237804,0.4441485567826846,0.9720331293847083,0.4317271115611747,0.37006251909312593,0.9498270629988305,0.35149539563617244
13235.130260521042,0.5519596262038573,0.9855124698990544,0.5439630945047222,0.5066983031890889,0.980792640716227,0.49696596683125793,0.44173112791124913,0.9717331159253061,0.42924476532639805,0.36522272125422645,0.9492611326406676,0.3466917340438938
13435.51102204409,0.5439160347245721,0.9853102775610889,0.535926059144395,0.5044455242247141,0.9805572453348519,0.494637713655281,0.43642417818070556,0.9714278257678707,0.4239545905226126,0.3619507973262605,0.9487008578300643,0.3433830319156991
13635.891783567136,0.5422223493204719,0.9851083389508208,0.5341477578811018,0.4968226540808855,0.9803277337786201,0.4870490265649938,0.4351896595868504,0.9711165455143567,0.422619878861551,0.36313971170120335,0.9481326279529896,0.34430460916935296
13836.27254509018,0.5404589941811939,0.9849070245169314,0.5323018598324132,0.4962954849985998,0.9801039154327961,0.4864211480587462,0.4292013209453057,0.9707988413216888,0.4166681450674411,0.36208110447461256,0.9475633679316056,0.34309479082035943
14036.653306613227,0.5328075209657083,0.984706779540274,0.5246591780849796,0.4919028504530692,0.9798856236323885,0.48200853138275523,0.4288386915348294,0.9704743848606452,0.4161769653717075,0.3554713453713043,0.9469835135361081,0.33662550360112514
14237.034068136274,0.529557636736968,0.9845082120240429,0.52135384210759,0.48596939422211394,0.9796728012890131,0.4760909977783031,0.422496214600901,0.9701430806878669,0.40988177921188024,0.3552001021611015,0.9463971746558164,0.3361603731227238
14437.414829659321,0.5290487192937503,0.9843115544548676,0.5207487672703883,0.4861853597157085,0.9794652700425818,0.47620167464469615,0.42263543694333844,0.9698051093676422,0.4098740061474756,0.3566268257360726,0.9458011938375703,0.3372980775356806
14637.795591182365,0.5225318587410189,0.9841171968186108,0.5142325880726298,0.4801059689565086,0.9792625437592181,0.4701497924343348,0.41623389458419197,0.9694607389230123,0.403522419008394,0.353913255384996,0.9451950772619919,0.3345170667676644
14838.17635270541,0.5178024450681278,0.9839256364081004,0.509479100297328,0.4762035288669942,0.9790639588411006,0.4662337121866217,0.4165498779954996,0.9691104163306923,0.4036828256867177,0.3489898845548519,0.9445839249578464,0.3296502349234077
15038.557114228457,0.5177217774668379,0.9837369458054742,0.5093020401422085,0.47588195939740174,0.9788690841463247,0.4658261377570931,0.4104058608745732,0.9687548299197206,0.3975826599496037,0.3502218713473443,0.9439611234850993,0.33059583114609303
15238.937875751504,0.512890149248096,0.9835514342373436,0.50445384189917,0.4693957111236083,0.9786776783030219,0.4593871047678489,0.4106227931243725,0.9683947259156204,0.3976449472023832,0.3498361948706149,0.9433404517254533,0.3300146340991596
15439.318637274551,0.5069784600260855,0.9833694295042681,0.4985471190068041,0.46746844459581727,0.9784891298912021,0.4574127916041548,0.4050034832835915,0.9680309625870829,0.39205591177413657,0.3470233590400135,0.942708748208047,0.3271419563995628
15639.699398797595,0.5066207861620419,0.9831908614754977,0.4981049271880519,0.4654849445031772,0.978302574952716,0.45538511980918034,0.4048537992512262,0.9676645744841456,0.3917626793807275,0.34540611807793187,0.9420872694976455,0.3254027066478202
15840.080160320642,0.5036134745541075,0.9830158958632587,0.49506005085761445,0.45953826129550485,0.9781173310534469,0.4494823376553007,0.3999690823146667,0.9672965890303169,0.38688872904056315,0.3450500917433338,0.94145710844809,0.32484986164242724
16040.460921843689,0.4971090623771495,0.9828447250832887,0.48858101974848095,0.45913922330133594,0.9779331013838642,0.44900744461005404,0.399235638814162,0.9669280414330551,0.3860321343088523,0.3429901995423377,0.9408440231522806,0.3227002792392165
16240.841683366734,0.49588325732467353,0.9826770929984348,0.487293117774405,0.45564422980128766,0.9777494501047126,0.44550589513159433,0.3951980775444045,0.9665600399281907,0.38198266961086386,0.34196769091852247,0.9402258748596375,0.3215268713675979
16441.22244488978,0.49449332641869614,0.9825130529191387,0.48584614778777335,0.4507561804142453,0.9775656352277223,0.4406437518394735,0.3938053101216247,0.9661936043361271,0.38049217199311886,0.34242445298637053,0.939628482969212,0.3217517692911456
16641.603206412827,0.48814056336739614,0.9823526624360481,0.47952618206699404,0.45074483361504447,0.9773807922742579,0.44054934259220074,0.39065356016621167,0.9658296690225836,0.3773047987178262,0.3391433079947424,0.9390300505858376,0.31846575766215124
16841.98396793587,0.48567724815634417,0.9821954834475827,0.47702999955241204,0.44638170389173976,0.9771946240269425,0.4362018013069946,0.3886300583197084,0.9654691573093274,0.37521033491100364,0.33721717822469416,0.9384518287506266,0.31646207759109024
17042.364729458917,0.48542697044938615,0.9820415073643878,0.4767094337754433,0.4429805167780352,0.9770070112933125,0.43279507075847523,0.3862908509349299,0.9651128458319557,0.37281426246465793,0.3382424017394918,0.9378764645206686,0.31722958789441424
17242.745490981964,0.479877859491772,0.9818906508777168,0.4711875837981815,0.4424580314591487,0.9768175380808961,0.4322007649940453,0.3837180407651246,0.9647613578888735,0.3701963380550197,0.3385554528257067,0.9373161310839849,0.317333487199978
17443.12625250501,0.47619003817331473,0.9817423521769856,0.46749592815951857,0.4376024214994553,0.9766254068092349,0.4273736429176118,0.3820762657986295,0.9644152359153322,0.36848017201783445,0.33426165171974215,0.9367622610552795,0.313123700649058
17643.507014028055,0.47639699587304674,0.981596559653681,0.4676296521783315,0.43577367232842884,0.9764302900255124,0.4255026132571304,0.3790804477265455,0.9640748268921717,0.3654619170201763,0.333814166916591,0.9362145264989105,0.3125216722184445
17843.887775551102,0.4720857488797602,0.9814530973618463,0.46333002045842736,0.4345792593960816,0.9762322608291656,0.4242502929097012,0.37799189580950326,0.9637402816250111,0.3642860161194225,0.3354356304211817,0.9356762972117707,0.31385916862538726
18044.26853707415,0.4675156560934764,0.9813113090236741,0.45877840047015117,0.4295930450555339,0.9760314474815271,0.4192963215935497,0.3747787253193035,0.9634116415117517,0.3610661869635521,0.3344740577800642,0.9351337216886704,0.31277797046018285
18244.649298597193,0.4674711619875608,0.9811711514649438,0.45866921828399027,0.42889124659237715,0.9758273713688945,0.41852381776536773,0.37407550612823737,0.9630887564434091,0.36026791401298297,0.3315695516872597,0.9346028684521076,0.3098858540982923
18445.03006012024,0.46458121565948013,0.9810323961652673,0.4557692232117926,0.4268614186170803,0.9756196081340823,0.4164543699587544,0.37087633659426683,0.962771301889621,0.3570690934229156,0.33157681004388845,0.9340584851110494,0.3097121328875486
18645.410821643287,0.4596060724085303,0.9808943133463514,0.4508249828049788,0.42235386861590835,0.9754082774519736,0.41196745946182034,0.3703407888767605,0.9624588779880519,0.3564377801355369,0.3321665134270475,0.9335264886925195,0.3100862389407883
18845.791583166338,0.4588060605270457,0.9807569529059632,0.44997723389729427,0.4223739833107274,0.9751940288157285,0.4118965864517355,0.36738160457426483,0.9621509409842592,0.35347655654143595,0.33054895296503095,0.9329754737724687,0.3083940659975432
19046.172344689377,0.45721831606820407,0.980620012105667,0.4483574306377349,0.4192598446197386,0.9749768711351683,0.40876865149996955,0.36682531861938533,0.9618468211203978,0.35282976662053284,0.3298599034020377,0.9324357300965207,0.3075731598582468
19246.553106212425,0.45238291013643034,0.9804827808535975,0.4435536537412103,0.41599247061345007,0.9747564459044191,0.4054913421781651,0.3643001698986549,0.9615458256300443,0.35029130764236754,0.3287107286590769,0.9318758140445639,0.30631757785435904
19446.93386773547,0.450552548023024,0.9803453997739806,0.4416971178108171,0.4162056431600245,0.9745327252618341,0.4056060196980931,0.3635905309128213,0.9612471784318085,0.3495003719444727,0.3278517727348966,0.9313249177512543,0.30533652527693045
19647.314629258515,0.44991167818672123,0.9802075327690244,0.4410068160393773,0.41184667016534277,0.9743065241434108,0.4012648976888329,0.3616559604531212,0.9609500403537964,0.34753330979161784,0.32698350234321344,0.9307573475702875,0.30434229734021223
19847.695390781562,0.44575318144893805,0.9800685332789343,0.43686866674707936,0.4102800241598219,0.9740785128939055,0.39964495580367493,0.3606962087332518,0.9606536238909904,0.34650412004333947,0.32776798617570596,0.9301953238629733,0.3048882480526254
20048.076152304613,0.4428184003681451,0.9799286258315018,0.4339304265656602,0.4100666131829322,0.9738486274161019,0.39934280839736813,0.3594344978364572,0.9603571402191526,0.34518548643832725,0.3260838109949505,0.9296246476291735,0.30313554789375885
20248.456913827657,0.4426658666158863,0.9797875102247577,0.43371848731306395,0.40515329228507857,0.9736165596412757,0.3944639545619344,0.3581382868803706,0.9600598078320535,0.34383417487966944,0.324585024764979,0.9290546166228407,0.30155721574454286
20448.8376753507,0.43952831479682414,0.9796445664078123,0.4305815253730912,0.40496830766019587,0.973382898479051,0.39418922510243753,0.35758414827259094,0.9597609638393457,0.3431953067997734,0.3251053887381761,0.92848670763162,0.3018560320228071
20649.218436873747,0.4357383234110628,0.9795001829423025,0.42680576749610816,0.40348059003147163,0.97314882403463,0.3926466617099253,0.35592313577354767,0.9594600051254973,0.34149401367357113,0.32587873514699656,0.9279143844021581,0.3023875659136792
20849.599198396794,0.4355070069308156,0.9793540519512257,0.42651555189084484,0.39965625689084305,0.97291475119178,0.38883146773519267,0.35605437140213453,0.9591563734024013,0.34151181960814303,0.32413542361198505,0.9273548386763938,0.30058855347299696
21049.97995991984,0.4335349007951319,0.9792056325537436,0.4245198167672216,0.40028155213960026,0.9726802804176337,0.38934597238115204,0.35407551784878666,0.9588496620621577,0.3395051906337926,0.3224595551816386,0.9267881656771823,0.298851699651871
21250.360721442885,0.42935087977071834,0.9790554692722834,0.42035832707638837,0.3967715686153531,0.9724454458471918,0.38583870494164674,0.35479917230804225,0.9585395625267623,0.3400890434090082,0.3237192787334695,0.9262412446096148,0.2998421476382156
21450.741482965932,0.4285480964347108,0.9789032486924633,0.41950712382090943,0.3945138824972454,0.9722113383328241,0.3835508696935255,0.3525914347286556,0.9582258324863736,0.3378622210704309,0.3234743700185916,0.9256872410582992,0.29943609713558145
21651.12224448898,0.4276509895323597,0.9787485317184975,0.4185627780927596,0.3952335338428779,0.9719790143902423,0.38415870067857294,0.35372894163220875,0.9579083974183826,0.3388399235994097,0.3220662434975143,0.9251550066164899,0.29796119763389084
21851.503006012023,0.42359475126325613,0.9785919919133359,0.41452643140274387,0.3911672887549437,0.9717483187916099,0.3801161552138888,0.35139954722919503,0.9575873010119916,0.3364957440080408,0.32057199259008995,0.9246165050604422,0.29640615540891097
22051.883767535073,0.4219403777640119,0.9784333511562342,0.41284053780376956,0.39022143267619536,0.9715186231885231,0.3791073890122303,0.35276208345724075,0.9572626491550519,0.33768596653173377,0.3213907102031839,0.9240980307783345,0.2969965224092126
22252.264529058117,0.4218157368204954,0.9782722102870013,0.41265061319322605,0.3895146308339,0.9712903373498093,0.37833179718534515,0.35044286937826014,0.9569346945928351,0.33535094018072215,0.3202861191649226,0.9235753977217134,0.2958083798924875
22452.64529058116,0.4183558700419099,0.9781094414325253,0.40919782636671065,0.38619415220837305,0.9710648680214691,0.3750195734448869,0.3518336966848101,0.9566037926988186,0.33656544864793514,0.3198939226384934,0.9230666695392664,0.2952834177757659
22653.02605210421,0.41578168806536475,0.9779447196069392,0.406611506352783,0.38633606142862886,0.9708426351992347,0.3750715199498635,0.34966991747729426,0.956270332234324,0.3343789681583608,0.3196509040832771,0.922557911258735,0.2948964704030344
22853.406813627254,0.41601861381228644,0.9777777328908485,0.40677373705377085,0.3840764205812702,0.9706227006672096,0.37279329260718747,0.35086144668378183,0.9559348115829506,0.33540067092738246,0.3192752800680221,0.9220529385239781,0.29438871018478585
23053.787575150305,0.4135029410858353,0.9776095180314607,0.4042444109395149,0.38153890056711437,0.9704045063030734,0.370247068440248,0.3489820178617007,0.9555978098429156,0.3334864519432024,0.3182853531918441,0.9215525251053686,0.293316670937998
23254.168336673345,0.41009944395966946,0.9774396816486892,0.4008474699482438,0.3819488425028369,0.9701889635075999,0.37056255162075485,0.34970424610972745,0.955259912423538,0.33405844751291763,0.3188647864489948,0.9210461205452126,0.29368917453732435
23454.549098196392,0.4103072699170772,0.9772680145264497,0.40098017101763017,0.3796308817824688,0.9699772758058103,0.3682333285231167,0.34821700769539066,0.9549217717398683,0.3325200019384378,0.3188476701035658,0.9205472994823192,0.2935143616600669
23654.929859719443,0.4088651236361718,0.9770956626800623,0.39950033892605086,0.3778896505629199,0.9697688298497306,0.36646560423872643,0.34825215935519205,0.9545840807014381,0.33243596739036674,0.3170251632990325,0.9200372517653083,0.2916749599820899
23855.310621242486,0.4049253999551396,0.9769221941952978,0.3955806102095835,0.3772885649614618,0.969562231412593,0.3658047429304899,0.34723659557469194,0.9542474877282772,0.3313496489744696,0.31691621069257686,0.9195345520727175,0.2914154058437816
24055.69138276553,0.4047357358893245,0.9767474242069925,0.3953245875144193,0.375021433716729,0.9693572357338197,0.3635297403285823,0.34644683585668057,0.9539126385396504,0.3304800153057593,0.31764144303311076,0.9190188163530442,0.29191846300096236
24256.072144288577,0.4043022617543613,0.9765726605670236,0.3948305354347218,0.37407502939191456,0.9691553197560849,0.3625368047230878,0.345933209714568,0.9535801543121194,0.3298750435013045,0.3169597995473834,0.9185092845610798,0.2911305187168904
24456.452905811624,0.4002451251154542,0.9763973370457806,0.39079827432828473,0.3734760779798166,0.9689568429798536,0.3618822014478207,0.344271881484213,0.9532505524727033,0.32817736122564306,0.31505855600172317,0.917987412361576,0.2892197885663965
24656.83366733467,0.39939698966692316,0.9762213292218631,0.38989986013985445,0.3711630494673944,0.9687602429123082,0.3595680059621061,0.34423692189727534,0.9529242879589791,0.3280317236881518,0.31569128094278015,0.917470691191342,0.28963749772965264
24857.214428857715,0.3997267442011321,0.9760460574732829,0.3901517127441464,0.37020008319369474,0.9685640834277517,0.3585625042633784,0.34177407628082707,0.9526017469578169,0.32557458213001,0.315716582473124,0.9169466339064559,0.28949525756718103
25057.595190380765,0.3959502503206186,0.9758707920424876,0.3863962843898033,0.36959675579683604,0.9683689791717566,0.35790603311617514,0.34217199281391186,0.952283182297923,0.325844634210054,0.31471818917472155,0.9164245194144544,0.28841546526543155
25257.97595190381,0.3944041769353385,0.975695475131978,0.3848183708089618,0.3672663507749495,0.9681764349801147,0.3555786261814469,0.33914283775843007,0.9519687579477724,0.3228533860277755,0.3143184845902258,0.9159026345032213,0.287885128109248
25458.356713426852,0.39508779624909407,0.9755215736139676,0.38541666871259084,0.3670487423192887,0.967985746988007,0.35529795101494516,0.3399027681346888,0.9516585522700924,0.32347137623565486,0.3147053412457073,0.9153791931287126,0.2880747213427917
25658.737474949903,0.39191863991202947,0.9753482268262949,0.3822571504983711,0.3660565352102554,0.9677947685574074,0.3542675997727356,0.33662868757809156,0.951352502222585,0.32025254424732225,0.31387242728758225,0.9148628231862124,0.28715021494862664
25859.118236472947,0.3897960335727671,0.9751753500359802,0.38011948348195984,0.3634754551721139,0.9676026459942612,0.3516998121785058,0.33763699672596603,0.9510504517214979,0.32110981825411994,0.3133206404661445,0.9143445541756134,0.28648302132103454
26059.49899799599,0.3904208782177086,0.975004521329023,0.38066212148351375,0.36394328977510604,0.9674109972936014,0.3520827409196495,0.3344206242046629,0.9507521656190997,0.31795113269027436,0.3137259404365903,0.9138366389604813,0.2866942589632898
26259.87975951904,0.3880391603415486,0.9748346464602647,0.37827401768429153,0.36223391747275974,0.9672208661023309,0.35036020338964297,0.33553251976568976,0.9504572846491908,0.3189093276479984,0.3129439554538651,0.9133280899781625,0.28582050510488977
26460.260521042084,0.3855698210460167,0.9746656503331622,0.37580166037865687,0.3607271015263677,0.9670303879429498,0.3488340689305792,0.3326029667790098,0.9501653823897227,0.3160278251135341,0.31184304603027524,0.9128304191812241,0.2846598184265659
26660.641282565135,0.38581416655584794,0.9744991988295071,0.37597559620574783,0.3612777047092646,0.9668375307974258,0.34929684395326693,0.33369575481280545,0.9498759908558545,0.31696958574720585,0.3120269718943844,0.9123328757850805,0.28467246459091416
26861.022044088175,0.38423195569141505,0.9743339099500946,0.37437022371658796,0.3581168106278109,0.966642562615153,0.3461709515408326,0.33120662456928246,0.9495885603506282,0.3145100218033359,0.3122982131865989,0.9118453187656346,0.2847676637530724
27061.402805611222,0.38172020647155036,0.9741697750810225,0.3718602876822717,0.35804334595628495,0.9664479306824694,0.34603025079407906,0.33217946572425844,0.9493025191602597,0.31533880362534766,0.31111630837063436,0.9113596434249741,0.2835388478603556
27261.783567134273,0.38136777735988237,0.9740084636109847,0.3714554428970351,0.3582036533073248,0.9662534700599804,0.3461155229963648,0.33020154114560474,0.9490173075679404,0.3133669775327863,0.3104022069989086,0.9108798871116282,0.2827391272703661
27462.164328657313,0.38044545571037797,0.973848366815373,0.3704961857058819,0.3551677866085453,0.9660567413756618,0.34311223457265766,0.33096078889036445,0.9487323381961786,0.31399320309520734,0.3108878525384615,0.9104042915294899,0.2830336351354026
27662.545090180363,0.3782125140589678,0.9736894789051509,0.3682615457294834,0.3558667041369961,0.9658563021392823,0.34371609891225313,0.32950860764704437,0.9484470539782973,0.3125214681833299,0.3105225479766661,0.9099290020285602,0.2825534721877735
27862.925851703407,0.3771746404660341,0.9735335224179805,0.36719215629963353,0.35435022871885513,0.9656540649784913,0.34217973878842056,0.32997310029581495,0.9481609675396498,0.3128676140385378,0.3096479332920653,0.9094588239892079,0.2816120452624904
28063.306613226454,0.3766627478952011,0.9733786273279313,0.3666354685117975,0.3528979779050967,0.9654523797613462,0.3407061925814426,0.32903747975648234,0.9478736136985197,0.31188594497903044,0.309298054832061,0.9089854907793273,0.28114744416861226
28263.6873747495,0.37494727418627855,0.9732248003769344,0.3649079860718166,0.35398612967024257,0.9652497283309428,0.34168501549712355,0.3291798664388276,0.9475845916546001,0.3119257693203522,0.30940254972293824,0.9085158709228972,0.2810971269273002
28464.068136272545,0.37334273729916373,0.9730738561999407,0.36329005706793865,0.3508080958610254,0.9650436054202707,0.3385451096403439,0.3287314274992101,0.9472935993078913,0.3114051771613478,0.3085861977595279,0.9080413483503887,0.2802090270958814
28664.448897795595,0.37289284862222977,0.9729236059573874,0.362796254917262,0.35037337151090825,0.9648338489566055,0.33805208860677227,0.3285667218629438,0.9470003730487665,0.3111528081756181,0.30829541012878625,0.9075685171298523,0.27979920820852217
28864.82965931864,0.371835042214413,0.9727741594791303,0.3617115206550125,0.3509834886324841,0.9646237981764846,0.3385670259018998,0.32853642921965664,0.9467047125391633,0.3110269857830382,0.30813404661360416,0.907090141665592,0.2795053559947263
29065.210420841682,0.3699174515087321,0.9726273637234609,0.3597918356562393,0.3489132162025801,0.9644146700500287,0.3364970242801056,0.32810176090893145,0.9464065164494924,0.31051764458276604,0.307527682814423,0.9066119785716539,0.27880828098194005
29265.591182364733,0.36921010658968206,0.972480778000042,0.3590497317018124,0.34927556893678774,0.9642039261273293,0.3367728748692074,0.32839794654102383,0.9461057224570961,0.3106991764656222,0.30684765053339763,0.906130096093359,0.278043891063849
29465.971943887776,0.36880690660253046,0.9723346002014506,0.3586037160829052,0.347337413858785,0.9639894730513061,0.3348296105567336,0.32773275561529785,0.9458023235263335,0.30997040175663676,0.307060904049959,0.9056464640304484,0.27808862199483814
29666.35270541082,0.36688102084190793,0.9721907355105864,0.35667832949716927,0.34595261539286487,0.9637729387297085,0.33341976879840995,0.3282658057313606,0.9454964122434301,0.31037414158120025,0.306846102160426,0.9051625643901138,0.27774560470464205
29866.73346693387,0.3657016289025944,0.9720465265673842,0.3554789981348014,0.34696977460804396,0.9635582693322288,0.3343255955319203,0.3274079952186572,0.9451881342358988,0.3094621521346387,0.3057389192937132,0.9046756344090832,0.2765945507755875
30067.114228456914,0.36580983587443994,0.9719022283838991,0.35553139465111655,0.3455566823158664,0.9633447859022276,0.3328902281426624,0.328083738777284,0.9448777123096203,0.3099990125418671,0.30557489652184616,0.9041917698751254,0.27629830651549636
30267.494989979965,0.36417780976945563,0.9717599019751253,0.353893392723082,0.34468290888886066,0.963129469961434,0.3319742673428936,0.32702413330766583,0.9445655174721335,0.30889571970363133,0.3058116989000703,0.9037055798802449,0.2763637386886509
30467.875751503005,0.3624018466429948,0.9716166016141814,0.3521156506539703,0.3439425264109751,0.9629112200461282,0.3311861177321397,0.3277308931568648,0.944252047353575,0.3094605668443854,0.30522140315189583,0.9032245393948001,0.2756834612753057
30668.256513026052,0.36281384211605544,0.9714727348279877,0.3524637554339341,0.34285197529196115,0.9626935352118025,0.3300613801481676,0.32639129063042027,0.9439379274182985,0.3080931184050624,0.304192181697187,0.9027425875690386,0.2746072372235897
30868.637274549103,0.361708130778937,0.9713304949389859,0.3513381376929603,0.3426399080103079,0.9624795523007951,0.3297839052621468,0.3270241043911474,0.943623905541023,0.30858776259162973,0.3043869442615905,0.9022671291248303,0.27463833434198504
31069.018036072142,0.3593342424069499,0.9711866678803709,0.3489806255385231,0.3421763827297157,0.9622667312012813,0.32926494930360206,0.32532518493647317,0.9433107113228003,0.30688273161364604,0.3042127815492353,0.9017923111140335,0.2743367473437135
31269.398797595193,0.35981255141518015,0.9710418598533367,0.34939304912477087,0.3410716727267988,0.9620520749319208,0.3281287104473178,0.32581357053214843,0.9429989470829653,0.3072418539571574,0.3035173367894626,0.9013242238460316,0.27356752800557693
31469.779559118237,0.3593540469556011,0.9708983630639333,0.3488962559495929,0.3403002885292721,0.9618360502627769,0.3273130854222784,0.3238206984372827,0.9426890811229649,0.3052622366584387,0.3030707304603624,0.9008587123188718,0.27302390798406195
31670.160320641284,0.35652731738090976,0.9707527738205487,0.3460998822903173,0.3402697386990548,0.9616235585214647,0.32721139698495405,0.3241166387048965,0.9423814371053482,0.30544150377247525,0.30311646127545233,0.9003983538851696,0.2729255627679151
31870.54108216433,0.3568247548789101,0.9706058353725144,0.3463361892908372,0.33920700911618623,0.9614153841638171,0.3261188369804976,0.3220492368434704,0.942076258447724,0.3033949400814415,0.30251636764147843,0.8999419905675737,0.27224718207454407
32070.921843687374,0.35700986386328826,0.9704600302828806,0.3464638032960538,0.3387156277222207,0.9612079342411779,0.3255761488180796,0.3221153473524046,0.9417738254206676,0.3033598029027812,0.30212283720607536,0.8994886083473279,0.27175605038843903
32271.302605210425,0.35397078166201124,0.9703117085753665,0.34346199394022414,0.33850565769006974,0.9609986451276301,0.32530347840819435,0.32029486822954145,0.9414744600928396,0.30154943813691476,0.3020491173062114,0.8990393791819746,0.27155405090543977
32471.68336673347,0.35389933566364856,0.9701617986614087,0.34333961603252294,0.33699100218636796,0.9607900149606811,0.32377759003225537,0.32011499580681047,0.9411784830817919,0.30128534616518804,0.3015834508714907,0.8985909114868552,0.271000148007964
32672.064128256512,0.35459353204164584,0.9700129792309492,0.3439603284317419,0.3374866963322232,0.960586973054373,0.3241853240758907,0.3188400387113465,0.9408861650174484,0.29999218127713356,0.30091859004649185,0.8981458470734316,0.27026878195744913
32872.44488977956,0.35159226676967353,0.9698613295079913,0.3409957432939639,0.33692958512925286,0.9603876036998533,0.3235829968778689,0.31843390224491,0.9405976134230868,0.29951816848456286,0.300925414533247,0.8976992220146831,0.27014051051094184
33072.825651302606,0.3510929710965519,0.9697080204818452,0.34045767000712707,0.3353558170922874,0.9601878381924727,0.3220045770391137,0.31779082511733153,0.9403127271239013,0.2988227574210328,0.300824026992256,0.8972550801524083,0.2699158864507069
33273.20641282565,0.35204847410967255,0.9695558615348205,0.34133066161742254,0.3360373440281173,0.9599863136305601,0.32259125113575665,0.317200322353456,0.9400312547797611,0.298178217038464,0.30001214713855,0.8968077548277827,0.26905322009638544
33473.5871743487,0.3493245426162455,0.9694007434034527,0.3386354713012595,0.33462180639595146,0.9597874725769291,0.3211658178298967,0.31705797971704436,0.9397528174123554,0.29795612972216184,0.29962493887968716,0.8963618209530212,0.26857235581713407
33673.96793587174,0.34842765951084725,0.9692439907717644,0.3377114151995591,0.33456225089438346,0.95959455260778,0.32104411346644773,0.31633982852288667,0.9394769451498133,0.29719397572989736,0.29977380954456323,0.8959121349670471,0.26857099371627463
33874.34869739479,0.3493949577024011,0.9690886218143115,0.33859467802868953,0.33511051149121257,0.9594035873551413,0.3215062268850856,0.3165143635438292,0.9392031534675714,0.29727128835814576,0.29942668489520907,0.8954629534761771,0.26812550360584453
34074.729458917835,0.3471126325436517,0.9689302856878438,0.33632794221638,0.3324692260122401,0.9592106166032519,0.3189080112848067,0.315736073414504,0.9389309446051128,0.2964543696569895,0.29861269304102456,0.8950103013574864,0.26726143638781796
34275.11022044088,0.3459311925789153,0.968770459331088,0.3351279203316268,0.33303737793401655,0.9590161862725031,0.3193882360724748,0.3160765715201546,0.9386598093540285,0.2966883743643833,0.298531736360395,0.8945579979542326,0.26705395240435575
34475.49098196393,0.3466908785231479,0.9686124033181809,0.3358090850547978,0.33299060995280694,0.958826058732473,0.31928007413597204,0.31531202103906913,0.9383892771127295,0.29588541948780583,0.29848392144566427,0.894103180404201,0.2668754234640861
34675.871743486976,0.34491381221037976,0.9684514507381597,0.33403228181477146,0.33199856205583816,0.9586403898346115,0.31826723095373916,0.3156983312081101,0.9381188996403836,0.2961625710912576,0.29798932943642437,0.8936490131392861,0.26629787017689827
34876.25250501002,0.34363042402151417,0.9682892970998389,0.3327336617379116,0.3329044001773956,0.958454376158701,0.3190736791925122,0.3150138278754273,0.9378482356978151,0.2954351626933847,0.29746977764021443,0.8931940314167137,0.2656982299150965
35076.63326653306,0.3440046678831497,0.9681293590377581,0.33304101862371055,0.3302692055529341,0.9582646942334583,0.31648531927390955,0.31534172435515073,0.9375768941885686,0.2956571145289699,0.2974742911543972,0.8927401961984484,0.26556725704917095
35277.01402805611,0.34269669656081264,0.9679667190300832,0.3317189969924178,0.3299861963288218,0.958074325019468,0.3161513023134776,0.31479757954568527,0.9373045173397964,0.29506119335580466,0.2971072728095309,0.8922876459948157,0.26510514906315585
35477.39478957916,0.3415144944710177,0.9678032067689101,0.33051882290711415,0.33106896325738283,0.9578889325210367,0.31712729580546073,0.3149947706999521,0.9370307587857561,0.2951597890025214,0.2967235302815781,0.8918368182394388,0.2646289691430964
35677.775551102204,0.34141919530902815,0.9676424341738449,0.33037170122250337,0.3297862977674201,0.9577055926595164,0.3158381817543348,0.3146342001117924,0.9367553252647784,0.2947352624651455,0.2965334265028222,0.8913891894175013,0.26432669068554493
35878.15631262525,0.34044691441806285,0.9674792063449891,0.3293753105637879,0.3300463580868193,0.957519484936724,0.3160258188005328,0.31466363076868054,0.9364779631868559,0.29467555603123485,0.29632546512917296,0.890943542539234,0.26400925964677163
36078.5370741483,0.3395415460299325,0.9673154419328243,0.3284437806524985,0.3284860890137511,0.9573288686314314,0.314469215956698,0.3144929316017476,0.9361984334513034,0.29442778989706403,0.2958006447659511,0.8905026793515466,0.2634112667179945
36278.917835671346,0.33902600631094737,0.9671549964733236,0.3278906959380293,0.3276306521230381,0.9571388257163761,0.3135880176417352,0.31433916857406935,0.9359165652418662,0.29419523497282696,0.29566686615015897,0.8900634471125678,0.2631622700825807
36479.298597194385,0.33818750967351574,0.9669923109629978,0.32702472151801415,0.3285066655485765,0.9569532540925484,0.31436552258780276,0.3143004987998703,0.9356322912119847,0.2940696958211923,0.29559842983996515,0.8896299003842071,0.26297320169225624
36679.67935871744,0.3376780488633553,0.9668294484595616,0.3264770817394587,0.327742598236038,0.9567673228718747,0.3135734083053665,0.3139640768806824,0.9353457009275319,0.2936649495560274,0.29509817492404894,0.8891972192092753,0.26240047653619664
36880.06012024048,0.3368820784132451,0.9666704252422698,0.32565394199623127,0.3271601838779223,0.9565765362367962,0.3129537554885362,0.3139254550110272,0.9350571721434792,0.29353824822646607,0.29467997058647416,0.8887701609978841,0.2619027649009924
37080.44088176353,0.3359759852671389,0.9665093754589539,0.3247239396897491,0.3267076942617059,0.9563817555235529,0.3124572781810625,0.31343060818029433,0.9347673589110258,0.2929847018105703,0.2947104127664422,0.8883430354713531,0.26180394266195667
37280.821643286574,0.3358875946546602,0.9663484324127454,0.32458445056141855,0.32618597075642186,0.9561893228081015,0.31189554248708623,0.31326274199539783,0.9344769557679069,0.2927368134953666,0.29455319847502043,0.8879206459255408,0.26153986624937414
37481.20240480962,0.3349954010710564,0.966191785592001,0.3236698047259525,0.32605110980086016,0.9559998761110482,0.3117048205754921,0.31265326311323166,0.9341864780024406,0.29207645070372024,0.29396216308571405,0.887497271747831,0.2608906177356622
37681.58316633267,0.33386082525167754,0.9660332828233206,0.322520669023981,0.32582871114953843,0.9558082060444334,0.3114297558816102,0.31235325772986966,0.9338961885495453,0.29170551687495905,0.2937544979217734,0.8870770638160786,0.2605828774992131
37881.96392785571,0.3341261182623702,0.9658750354721518,0.3227240763288392,0.3251835700766265,0.955610558327026,0.31074885295970067,0.3116804420024288,0.933606164572488,0.29098678203014533,0.2937524867558451,0.8866553558617966,0.2604572156797915
38082.344689378755,0.3333433683284532,0.9657214951320322,0.32191685605450154,0.32493800305444687,0.9554105297894164,0.3104491896469641,0.3112918845500518,0.9333164785268877,0.2905338454822528,0.2934667092719285,0.8862348370704001,0.26008042127719405
38282.7254509018,0.3318598719751351,0.9655661367744921,0.3204326545335087,0.3251551249305874,0.9552147317607732,0.31059296544121173,0.31061176501880894,0.9330273531874939,0.28980927298439507,0.2930271547314309,0.885812911456642,0.25956723706850476
38483.10621242485,0.33236787424450764,0.9654110905887903,0.320871631951068,0.3244853661221903,0.9550203041457138,0.3098901130448475,0.31023847037705454,0.9327392293560601,0.2893715917760967,0.29293653709805667,0.8853902519474129,0.25936315438585106
38683.4869739479,0.3318661058672818,0.9652610364503061,0.32033742131217946,0.3240485334023044,0.9548224232054809,0.3094088058993705,0.3096063804802332,0.9324527435210064,0.288693318890402,0.29277482451570863,0.8849669122392626,0.2590960324330586
38883.86773547094,0.3300084009105638,0.965109098190514,0.3184941101980879,0.3240767469689057,0.954619073731088,0.30936984400924095,0.30938417417878494,0.9321685214431553,0.2883981882021496,0.2924663502462118,0.8845414119457304,0.2586985983933987
39084.24849699399,0.33060078685679223,0.964957408129674,0.319015678410961,0.3233677466952019,0.9544156986011615,0.30862725386718454,0.30884340233514046,0.9318869427924252,0.287807134003705,0.2922528420813336,0.8841164902363627,0.25838555700255067
39284.62925851704,0.330494273314697,0.9648108538694556,0.31886446203571805,0.3238338977329373,0.9542175840213897,0.3090079995189532,0.30874116801343343,0.9316081308965799,0.28762578246382164,0.29212573965018723,0.883688705138267,0.2581482166090325
39485.01002004008,0.3283332331942149,0.9646622797942135,0.3167306852653365,0.32357118013928926,0.9540197884617662,0.3086933088288088,0.30832166309143016,0.9313320523063868,0.28714984725746,0.29181087647626863,0.8832630451981096,0.2577457633783584
39685.390781563125,0.3288313634188834,0.9645137202077442,0.31716236165213196,0.32225833259231024,0.9538177355347507,0.3073757130504019,0.3082140988123588,0.9310585758060276,0.286965379883573,0.2915933790524747,0.8828347460795184,0.25742876675426024
39885.77154308617,0.329149742604486,0.9643703671730173,0.31742225813039227,0.3228495278853392,0.9536123344842655,0.3078732919738813,0.30793878252376855,0.9307875345371686,0.28662558017367584,0.2915256289355185,0.8824099062880545,0.257245102909557
40086.15230460922,0.3268162561295982,0.964224744166144,0.3151243209558988,0.32223093901255845,0.9534097541040837,0.30721812032869134,0.30774762333803346,0.9305187526586757,0.2863649346021788,0.2912911599649718,0.8819834288653657,0.25691397606407557
40286.533066132266,0.32708340655623963,0.9640787956784638,0.31533417667914887,0.32218978397057146,0.9532121467107403,0.30711521562685806,0.30762406646199925,0.9302520208105123,0.2861679094762221,0.2909200831171643,0.8815612290947223,0.2564638660411061
40486.91382765531,0.3277562981695343,0.9639380438419214,0.3159367649144104,0.3226622215878364,0.9530141929986928,0.30750167671769735,0.3073226229659595,0.9299871108830491,0.28580607824111326,0.2908278437164518,0.8811388543600398,0.2562597130283151
40687.29458917835,0.3254128657172365,0.9637946851742629,0.3136311904655986,0.32063568155238875,0.9528116745133761,0.30550542064866915,0.30733416686963244,0.929723787257497,0.28573588557566226,0.2907814846514898,0.8807208878045973,0.256097327319399
40887.6753507014,0.32538716001261225,0.9636506055136745,0.3135595337725287,0.32101042467037905,0.9526083542929382,0.305797212356127,0.3069251428164388,0.9294617793648234,0.28527518937396973,0.2904907053120125,0.8803042845636883,0.25572021251209237
41088.05611222445,0.326269069009596,0.9635116142878732,0.3143640373736374,0.32124429742602223,0.9524106658554282,0.30595649521377705,0.30703964285769325,0.9292007963814484,0.28530148066404404,0.29016468875500007,0.8798914578159123,0.25531343099533743
41288.4368737475,0.32408959067872184,0.9633696867190062,0.31221808744105123,0.3205881459953332,0.9522168164534798,0.3052694237723996,0.30654498963462323,0.9289405419620786,0.2847620688069467,0.29015087786920785,0.8794812838190121,0.25518226656962434
41488.81763527054,0.3237645307646908,0.9632265570527235,0.3118585942642637,0.32120631295990537,0.9520219633649359,0.3057954647093012,0.306730021339571,0.928680688755801,0.28485424747971433,0.2900392830358798,0.8790736268417558,0.2549658844649334
41689.19839679359,0.3246983410809833,0.9630883981647781,0.3127132051984449,0.3193319310558103,0.9518230962330709,0.3039475073436269,0.3061867516048505,0.928420894828401,0.2842701779095766,0.289762018316859,0.8786693655574356,0.2546050087971165
41889.57915831664,0.3228140555497786,0.9629469811967184,0.31085282027952904,0.3190446601622168,0.9516254356378819,0.30361101371480953,0.30639940418240896,0.9281608255547317,0.2843879239354226,0.2895301405786032,0.8782660906896731,0.25428450470280134
42089.959919839675,0.32224727972751716,0.9628038436968338,0.3102609195425023,0.31984752227641206,0.951434988251031,0.3043141235991795,0.30584748179841864,0.9279001376243676,0.28379592045281893,0.2895084818111063,0.877866281822254,0.2541497344835215
42290.34068136272,0.323071216094777,0.9626655993377966,0.3110095458706693,0.31914140812615216,0.9512470486512192,0.3035823225823965,0.30602068529469423,0.9276385190985419,0.2838765753202911,0.2893116116422027,0.8774659979144106,0.2538611020178518
42490.72144288578,0.32154937833984304,0.9625237798148574,0.30949892303678334,0.3192066155991517,0.9510570611297149,0.3035837057248918,0.30550047777369216,0.9273757704349405,0.28331374094362016,0.2890975631068917,0.8770686496719736,0.2535584092976197
42691.10220440882,0.3208595553897682,0.9623797764140258,0.30878874717630883,0.3181719688097602,0.9508646802093035,0.3025384873738571,0.3055420168810475,0.9271118572546145,0.28327162673990874,0.2889644860573414,0.8766697615331726,0.2533264270834452
42891.482965931864,0.3214226611344948,0.962240594588984,0.3092859325644298,0.31755704519995626,0.9506749632442973,0.30189353227343607,0.30509395043181203,0.9268469227093976,0.28277538909497846,0.28885602781983744,0.876272845383636,0.2531166934039037
43091.86372745491,0.32027323651174466,0.9620976179948594,0.30813411795545376,0.3180401116106062,0.9504918991454668,0.30229454968920133,0.30494749969497625,0.9265811604450951,0.28255860814220135,0.288610613886746,0.8758739425874383,0.2527865162575651
43292.244488977965,0.31959947737392,0.9619520331763456,0.3074393670619398,0.31781516118934333,0.9503098819576462,0.30202288831419516,0.3046033110131904,0.9263146277306943,0.2821585026467203,0.2885005623976776,0.8754759038709342,0.25257529063237966
43492.625250501,0.3198243692107991,0.9618112540068781,0.3076106776125974,0.3172909481698793,0.9501243498489478,0.30146585584286273,0.30428288265611214,0.92604724437405,0.28178032499388506,0.28844566407217254,0.8750761126720256,0.2524119104333777
43693.00601202405,0.31898226548251357,0.9616665803934128,0.3067545844527126,0.31693988572713055,0.9499381873928383,0.3010733005601237,0.3040554509730622,0.9257789082174944,0.2814881234394194,0.28821083896277194,0.8746762002563201,0.2520911614966435
43893.3867735471,0.31845983733297606,0.9615189159033646,0.30620515755116495,0.31668351856795035,0.9497560358592047,0.30077208321704135,0.3035902601095172,0.9255095604928564,0.2809756882038712,0.28799684370000206,0.874275395465523,0.25178855441864173
44093.76753507014,0.31835498760533604,0.9613761513189322,0.3060588927372043,0.31642770056947783,0.9495783231206457,0.30047288529568655,0.3034819275718312,0.9252392649272665,0.280793395585271,0.28799115154996363,0.8738738370772106,0.2516679326492512
44294.14829659319,0.31770309957272186,0.9612294732211671,0.30538558304301944,0.31654824883706834,0.9494000707483179,0.3005309298411688,0.30293845078313403,0.9249682895294559,0.28020846065357874,0.28793602483567726,0.8734726365578028,0.251504238773192
44494.52905811624,0.31742988659097404,0.9610795389345705,0.30507536904890636,0.3160693822977432,0.9492170953434489,0.3000184609916619,0.30294591765220863,0.9246970469054704,0.28013319542506515,0.2876049320501817,0.8730705835816082,0.25109940586600094
44694.90981963928,0.31706564787741454,0.9609346541816063,0.3046793686959503,0.31575216143310525,0.9490343069875793,0.2996596337054973,0.3024000670041302,0.9244259316778439,0.27954646367973546,0.28750788222776125,0.8726702125543364,0.2508995646947475
44895.29058116232,0.3164765164255088,0.9607859678256037,0.304066196127958,0.31603437238001125,0.9488565664616833,0.2998712894603705,0.30250608555448155,0.9241552314703583,0.2795625815167939,0.287533536380054,0.8722693993418321,0.25080670506886255
45095.671342685375,0.3164865972458618,0.9606338568415488,0.3040277405509501,0.3154452738174818,0.948680807069124,0.2992568769513094,0.30195418490930337,0.9238851267167033,0.2789709803875706,0.28739172126803564,0.8718713528328751,0.2505686088149308
45296.052104208415,0.31597724965553203,0.9604869946510635,0.30349203889975074,0.315333321622184,0.948502855364112,0.29909455595009143,0.30212415902607975,0.9236157468036752,0.279046630766305,0.287075135894866,0.8714736079716966,0.25017840443726397
45496.43286573146,0.31533778514233907,0.960336588798953,0.30283041290301105,0.3154036046843802,0.9483203811827731,0.29910366662071214,0.30155573464737484,0.9233472317825904,0.27844065281481895,0.2871103170879449,0.8710792286206341,0.2500958335379927
45696.81362725451,0.3156060504205546,0.9601826428649324,0.3030394515969712,0.31475246425934045,0.9481379773786536,0.298428764837798,0.30175256624699304,0.9230797253292361,0.27854167596866647,0.2870512960803208,0.8706859722752274,0.2499315368205583
45897.19438877756,0.315098307290831,0.9600342289369428,0.30250516047928877,0.31512031070580937,0.9479606119871403,0.29872164258625683,0.30118530100622787,0.922813358811495,0.27793781924620825,0.28683413186776524,0.8702960882286817,0.24963062293498592
46097.5751503006,0.3143175733835784,0.959882602762722,0.3017079704334921,0.31488577320659417,0.9477833672174525,0.2984434984186169,0.30137716799386677,0.9225482638554303,0.27803498309840813,0.28667889249808387,0.8699079909568224,0.24938425942273498
46297.95591182365,0.3147802194845208,0.9597274143005039,0.30210320611882424,0.3141573512743031,0.9476023474586438,0.2976962435389194,0.30084010064963596,0.9222845511297204,0.2774601771894694,0.2867508661586593,0.8695226772946787,0.24933638085884552
46498.3366733467,0.31441121907114816,0.9595780591267912,0.3017021073639807,0.3145926675805454,0.9474183793488347,0.298050875274187,0.3009927997794359,0.9220222930848953,0.2775220714546782,0.28654151254218974,0.8691394934255013,0.24904454505629572
46698.71743486974,0.3134569809696121,0.9594258932790987,0.30073874397133954,0.3140327499608551,0.9472347142023273,0.2974627221593415,0.3005106498794576,0.9217615401102356,0.2769991594524166,0.2863655427995563,0.8687580986751648,0.24878238448862405
46899.098196392784,0.31399944188901513,0.9592702182119512,0.30121031313930646,0.31395532003901544,0.9470547627333891,0.297332881128435,0.3005879259035534,0.9215023066500884,0.27699246707129027,0.28640329479089693,0.8683790975289614,0.24870663465984016
47099.47895791584,0.3138756708768019,0.9591206439495692,0.30104463557146127,0.31425599689961753,0.9468737527898152,0.2975607551210454,0.300183836190578,0.9212445576038307,0.27654272537120983,0.28635837223651917,0.8680004532601492,0.24855919689613715
47299.85971943888,0.3127756964024525,0.9589687357814409,0.29994211416221966,0.31312242018820685,0.9466878168353162,0.2964291803701641,0.30015842209263405,0.9209882263577127,0.27644237278942474,0.2860656392479653,0.8676237540222737,0.24819734382110112
47500.240480961926,0.31326412528542597,0.9588133803178229,0.30036183489722523,0.31330801533741687,0.9465007153601608,0.2965462606449373,0.2998521801449397,0.920733206157019,0.27608385919802236,0.28604451549181475,0.8672464777712857,0.24807109854607032
47700.62124248497,0.31343298281103416,0.9586643718356876,0.3004770335791259,0.3133557387206781,0.9463151509062532,0.29653328317479893,0.29970758409194914,0.9204793462161585,0.2758746410609817,0.2861402519073416,0.8668704457132814,0.24804652770742783
47901.00200400801,0.31225739026194854,0.9585135064464352,0.2993029260537932,0.3128702237142174,0.94613164989897,0.2960164209669924,0.2995056650996952,0.9202264919039393,0.2756130475000486,0.285903035314503,0.866493293595899,0.24773306271872833
48101.38276553106,0.3125899152242964,0.9583592727387025,0.2995734438198094,0.3132280266006379,0.9459465574636976,0.29629697346402095,0.29922515433593566,0.9199745104051059,0.27527951486109464,0.28569893657588025,0.8661166345779904,0.24744860144961212
48301.763527054114,0.3130236344576875,0.9582115612901646,0.2999428654944225,0.31222111597223057,0.9457564079546931,0.29528512112950245,0.29911809502555103,0.9197232980105808,0.2751058808515421,0.2858150991998018,0.8657391919620177,0.24744133303178034
48502.14428857716,0.3118768738033991,0.9580624382181391,0.29879751813993544,0.3118889968917635,0.9455662265167531,0.29491170188304017,0.29869870868970677,0.9194727630071055,0.2746453269855792,0.28579184987874573,0.8653612627051274,0.2473131960819056
48702.5250501002,0.3119910728582456,0.957910037510525,0.29885938030459097,0.3123213891601846,0.9453792140838595,0.29526214942583456,0.2986737798844345,0.9192227569620113,0.27454773537763477,0.28548006492688266,0.8649830246968017,0.2469354100510943
48902.90581162325,0.31261306805392847,0.9577642039343542,0.2994096062641469,0.3119133364878836,0.945193296011417,0.2948183945849009,0.29814050364032835,0.9189730506004129,0.27398308813789607,0.28548879781456743,0.8646039543748237,0.24683474352018953
49103.2865731463,0.3116028030722737,0.957617387703106,0.29839626227903615,0.3118032036155104,0.9450056380571871,0.29465578538095044,0.29818265056734317,0.9187233893658477,0.27394737537932173,0.28557858088324634,0.8642254075844318,0.24680426546120718
49303.667334669335,0.3114746347751365,0.957467331308053,0.2982267873283004,0.3112236188084848,0.9448144386333206,0.2940485686939691,0.29756943566405086,0.9184735284683135,0.27330964953868564,0.2853815140381162,0.8638464376641812,0.24652580427703719
49504.04809619238,0.31218279338181776,0.9573237768121815,0.2988600108160587,0.31072763948688115,0.9446234744674634,0.2935206224251711,0.29765422163277727,0.9182232540769828,0.2733130279774002,0.2852031809755693,0.8634685534242893,0.2462639781089806
49704.42885771544,0.3113903204813242,0.9571796096251587,0.298056465399367,0.3108894926208573,0.9444368440536449,0.2936154912602814,0.2970025310510796,0.9179724356435134,0.27264013682124777,0.28536327254252225,0.8630906884618761,0.2462943833604595
49904.80961923848,0.3110493309330118,0.9570321750447826,0.29768421772904463,0.31089901769917666,0.9442510072842635,0.2935667106261356,0.297098215242428,0.9177210262331772,0.2726532789843264,0.2852588661177084,0.8627146883653283,0.2460970137861857
50105.19038076152,0.3117173259218431,0.9568910755849381,0.29827952727981316,0.31037992014902094,0.9440633391143678,0.29301830380993554,0.29644829403217876,0.9174690011849206,0.2719821202286767,0.2850228196421843,0.8623393845160312,0.24578640286326497
50305.57114228458,0.31119140923000843,0.9567496358408041,0.2977322674575972,0.31000315972217013,0.9438745149521278,0.2926040820163903,0.29652907514014115,0.9172163328032842,0.27198131086958977,0.2850794911844268,0.8619663945881274,0.24572894118725824
50505.951903807625,0.3107184348857851,0.9566048634970578,0.29723476598993587,0.30985528602833856,0.9436864071156834,0.2924062215978852,0.29589683344932244,0.9169629912901082,0.27132644551296164,0.2851831509617391,0.8615948285339843,0.24571232805366094
50706.33266533066,0.31122118111503994,0.9564661268607991,0.2976725176981455,0.3094744717247156,0.9435025481105551,0.2919899526474371,0.2959430963957637,0.9167089500910081,0.27129368518364255,0.28488520940204076,0.8612259524887537,0.2453505358172306
50906.71342685371,0.3109701941891478,0.956327258583444,0.2973892733100689,0.3096937431588543,0.9433194740387904,0.29214013890971463,0.29534202486693173,0.9164542199238428,0.2706674450101521,0.2848113591435201,0.8608587186675282,0.2451823416942479
51107.09418837676,0.3104665068065726,0.9561849275009119,0.296863394302304,0.3092972383587843,0.9431342972059842,0.2917088335272638,0.29533504607931677,0.9161988565104342,0.27058563150532644,0.2850017758022015,0.8604937570674835,0.24524224883094098
51307.4749498998,0.3107326523848022,0.9560482295331,0.29707540217061434,0.3087432056262262,0.9429499070954964,0.29112937706161574,0.29478169059489934,0.9159429396747522,0.27000320824578533,0.2848979063022343,0.860130733391077,0.24504944508932316
51507.855711422846,0.31070229167229774,0.9559115592845921,0.29700391210576227,0.30898160767551464,0.9427672774923483,0.2912977490634538,0.29470695586955076,0.9156865843485383,0.26985920580394435,0.2846023868680998,0.8597692149855172,0.24469237074059064
51708.2364729459,0.31027519608114845,0.955771215510243,0.2965521013011582,0.3083979845206049,0.9425879699461431,0.29069223016475904,0.2942217004321634,0.9154299406687367,0.2693393537700702,0.2847544410838783,0.8594096022002722,0.2447207009366567
51908.61723446894,0.31028380428633867,0.9556360588191056,0.2965183918435954,0.30839706362644204,0.9424093294306518,0.2906362699305773,0.2940751225069552,0.9151731679640398,0.26912966148410333,0.28485125239705256,0.8590506037410345,0.2447016403480778
52108.99799599198,0.31038669372486555,0.9555010186952889,0.2965748020435717,0.3084614544451709,0.9422283216280263,0.2906411185088133,0.29367482944977363,0.9149164396712761,0.26868792938125613,0.2845794503786936,0.8586935507660167,0.24436653872072187
52309.378757515035,0.31011936505347487,0.9553620639696511,0.29627627667444545,0.3076718803479863,0.942048854689863,0.28984194250209705,0.29345926138537864,0.9146599433759252,0.2684154314018912,0.2844978740083058,0.8583359318657071,0.2441947478007317
52509.759519038074,0.30989199945292123,0.9552278078297906,0.2960174553014046,0.3078863644264182,0.9418721140324618,0.28998958094407945,0.29314744086633787,0.914403855202728,0.2680551500709931,0.2847179999888977,0.8579797512355505,0.2442822788027579
52710.14028056112,0.3100374763821687,0.9550937285729837,0.2961148493152039,0.30763493226591027,0.9416976839783268,0.28969910322563713,0.2928688129858245,0.9141483439846757,0.26772554039574914,0.2845847001690781,0.8576224494104758,0.24406622762375063
52910.521042084176,0.309970504335505,0.9549554781082266,0.2960080311671603,0.3072389456044868,0.9415234433797665,0.2892726700059052,0.2926366933815582,0.9138935772032348,0.26743879453539837,0.2843663662846235,0.8572660350951593,0.24377762733923694
53110.90180360722,0.30957476128838674,0.9548214139550435,0.2955886112981725,0.3075234658422404,0.9413470725767958,0.28948631431926325,0.29230715723637474,0.9136397045303973,0.2670634247695618,0.28453247233910883,0.8569087358379793,0.24381836117696057
53311.28256513026,0.30967137816109924,0.954687613237352,0.29563942890454126,0.30682096512057166,0.9411716392157771,0.2887711906882952,0.2921441182172717,0.9133868696981502,0.26684060163920015,0.2845755423456608,0.8565514804666426,0.24375360210077351
53511.66332665331,0.3098073829952624,0.9545493526658376,0.29572643688922495,0.30666458213345504,0.9409993973090737,0.2885711869636201,0.29178144729762073,0.913135220078058,0.2664359160928072,0.2843112263447695,0.8561936586778615,0.2434254690873178
53712.04408817636,0.30934477388469006,0.9544148116538721,0.29524323410326614,0.30683110095482724,0.9408285195676065,0.2886754504686289,0.29167314746312917,0.9128848753578708,0.26626400486711654,0.28433866897550636,0.8558355902133451,0.24334715258312944
53912.4248496994,0.3093153070035589,0.9542806377425626,0.29517360843089274,0.30628950427771273,0.9406570066940837,0.288113368275688,0.2912957047654422,0.9126359105984823,0.265846920772036,0.2845581610651014,0.855477627879154,0.2434331406216272
54112.805611222444,0.30961693651071087,0.954141731179489,0.2954184398048196,0.30632371772355643,0.940484014665879,0.28809255983202786,0.29122109991386563,0.9123883569807443,0.265706740868537,0.2843300863248356,0.8551193721888531,0.24313616491249582
54313.1863727455,0.3091943102378476,0.9540061343893587,0.2949732686851931,0.3060594223852107,0.9403109289895126,0.28779101978903115,0.29084612068841975,0.9121421939408527,0.26529301862392124,0.2841864934267247,0.8547620890195102,0.2429118407925565
54513.56713426854,0.30900560499301977,0.9538710441459904,0.29475149908165527,0.3056413557919943,0.9401407241537931,0.2873458855656327,0.29078305769888163,0.9118973660365883,0.26516430440367544,0.28442667727928855,0.8544050885408996,0.24301560038420442
54713.947895791585,0.3093888394191196,0.9537310059047555,0.2950737290349018,0.305812698799446,0.9399710404036593,0.28745508065916614,0.2904310142938804,0.9116538043454016,0.26477253908090975,0.2844533536667648,0.8540495186982028,0.2429372497911901
54914.32865731463,0.30909870128707645,0.9535939088134513,0.2947546387695046,0.30544801684259,0.9397996651266638,0.28705994394226964,0.2903639774961177,0.9114114219486483,0.264641045612402,0.28411740376504496,0.8536945693883667,0.2425494846629408
55114.70941883767,0.3087627619531827,0.9534575430842329,0.2943921844077834,0.3051000027390609,0.9396274252409502,0.28668033001471066,0.29005145516075714,0.911170120201544,0.26428621926345985,0.28424829112839367,0.8533416906257455,0.24256091730898255
55315.09018036072,0.3091287647941741,0.9533160635218725,0.2946974171749609,0.3051844543882713,0.939454698150918,0.286706969477686,0.28996824983209457,0.9109297882710827,0.26414071642488635,0.28445904558507806,0.8529897853794981,0.2426406602428726
55515.470941883774,0.3090270920214986,0.9531772234099015,0.29455758553148814,0.304885607862576,0.939283964876304,0.2863741625868824,0.2896958326472525,0.9106902779322781,0.2638231783493491,0.28424525060242045,0.8526402417144251,0.24235893917982512
55715.85170340682,0.30858738577472694,0.9530394158168095,0.2940959418671822,0.3046713781156001,0.9391130515919185,0.28612086763485645,0.28958652849027083,0.9104514100605174,0.2636544631984973,0.2840852368785644,0.8522919482690504,0.24212356001370636
55916.23246492986,0.3088569724322407,0.9528964107858791,0.29430870047687535,0.3045241187548683,0.9389395193645881,0.2859297296986208,0.28934864301532703,0.9102129977064163,0.26336889574126454,0.28438387781767105,0.851946285552537,0.24227978837779138
56116.61322645291,0.308949085299379,0.9527557966695179,0.29435303189472867,0.3041252626761016,0.9387655054150165,0.28550230592560516,0.2892091777544411,0.9099748432737885,0.2631730762004388,0.2843494687869857,0.8516015955896625,0.24215246132406995
56316.993987975955,0.3084774421959794,0.9526165823989939,0.2938607267319171,0.304063569782014,0.9385913730969839,0.2853914434704711,0.28900370534346403,0.909736749605666,0.2629172915231566,0.2841001422626979,0.851259072976562,0.2418428237350536
56517.374749498995,0.30858673837446143,0.9524722119669776,0.2939202932831983,0.3040720797961867,0.938418376114814,0.2853468273441917,0.2888356677791986,0.9094985388101199,0.26269561780142636,0.2842395727930366,0.8509174364501798,0.24186440861874495
56717.75551102204,0.3088447554712151,0.9523299835264579,0.2941221208901352,0.30359662909708096,0.9382447107677553,0.28484793145725623,0.2886565802860946,0.909260043164908,0.26246389465076914,0.28442287486983,0.850577244835217,0.24192362527489167
56918.136272545096,0.30841740751842217,0.952189607609991,0.2936718502450571,0.3033927040148415,0.9380680767852031,0.2846030103658647,0.2884626890158669,0.9090211104053314,0.26221867387971115,0.284172573905901,0.8502377254740725,0.24161424287986605
57118.517034068136,0.30833226627105775,0.9520442373636159,0.2935459572966245,0.30329182536703436,0.9378911606072613,0.28445472209618267,0.2882977249802302,0.9087816216818114,0.2619996740347105,0.28414568791379446,0.8498988487553487,0.24149509303673053
57318.89779559118,0.30869294195378294,0.9519007401516796,0.29384503992540545,0.3028428933407957,0.93771489070051,0.28398029062849045,0.288083383725595,0.9085414821489045,0.2617357044325237,0.2844284594356314,0.8495607970317016,0.24163926869663402
57519.27855711424,0.30837502032586617,0.9517596100282527,0.29349888908780086,0.3029539859426908,0.9375393217641824,0.284031274506466,0.2879206364011103,0.9083006234481088,0.26151849354670476,0.2843143791542568,0.8492222721520436,0.24144610307087555
57719.659318637285,0.30810782504210543,0.9516137751680356,0.29319965054713054,0.3026469509392578,0.9373628297182348,0.2836900023380185,0.2876961048298968,0.9080590212896412,0.2612450433806781,0.28410354812252353,0.8488844021816244,0.24117107060566675
57920.04008016032,0.3084755529361094,0.9514695025017587,0.2935050808860749,0.30215066279901115,0.9371838622501052,0.28317072514340647,0.28752854074953976,0.9078166846125738,0.2610232065947385,0.2843475337108861,0.8485455793300594,0.24128184272377745
58120.42084168337,0.3083134163677958,0.9513281293807239,0.2933072256561554,0.30230323508967744,0.9370046825121563,0.28325954681760096,0.2873034697004801,0.907573652102501,0.26074905925778497,0.28448702690984023,0.848207352301802,0.24130398785940707
58320.80160320642,0.3079162629926714,0.9511824821954202,0.292884555341707,0.30176067768424514,0.9368270381683299,0.2826975619105994,0.2871259718494298,0.9073300063092143,0.26051800984968243,0.2841736265122492,0.8478684563221934,0.24094185403842028
58521.18236472946,0.3081945959632825,0.9510380117429975,0.29310477577485666,0.30166961498524847,0.9366499938009069,0.28255884300585493,0.2869058997751298,0.9070858600272731,0.26024828484442225,0.2842335553892676,0.8475298338479714,0.24089641797308414
58721.563126252506,0.30819859438091424,0.9508969624871665,0.29306510723962564,0.3017227494835376,0.9364719745255995,0.2825548989681413,0.2867184015887904,0.9068413436890532,0.2600081005571563,0.2845323653069352,0.8471907975229691,0.24105320148547923
58921.94388777556,0.3077448984852444,0.9507521798637014,0.2925891330767796,0.3009951559681408,0.9362925350492891,0.28181951761896673,0.28650969947050725,0.9065966107059643,0.25974872247434627,0.2843965834735113,0.8468522217207957,0.24084187856434677
59122.3246492986,0.30786490448301146,0.9506081283765359,0.2926588806434165,0.30106732461391017,0.9361131534972619,0.2818330826593113,0.2863186892840025,0.906351821764148,0.2595054656376787,0.28417797208122675,0.8465137687704402,0.24056056614802018
59322.70541082164,0.3080001722156137,0.9504679555204795,0.29274429398572993,0.30084860881948894,0.9359359766181762,0.281575036509688,0.2861300616416007,0.9061071346910209,0.259264490303036,0.284484232687424,0.846176017892321,0.2407237351685969
59523.086172344694,0.3075747471099081,0.9503246535859223,0.2922958649990011,0.3004854150033799,0.935759418642838,0.28118205725421463,0.28594428128628496,0.9058627171932397,0.25902626361186215,0.2845638173862169,0.8458390728895692,0.24069519547587437
59723.466933867734,0.30748841014640377,0.9501816269537582,0.2921698378223344,0.3006431460901733,0.9355819008285656,0.28127628609012445,0.28578036382581373,0.9056187380004874,0.25880805243325355,0.28430570080790135,0.8455034546979376,0.24038145222339882
59923.84769539078,0.30770101669150524,0.9500427974196468,0.2923291346664671,0.3000063454940722,0.9354041255091958,0.28062717325409225,0.28560428786463554,0.9053753552566847,0.25857908358827686,0.28438728532989915,0.8451688980881681,0.2403552885725563
60124.228456913836,0.3073759460848113,0.949901467337148,0.2919768622101063,0.2998012265584207,0.935227068516932,0.28038222225201237,0.2854639827185748,0.9051327246839017,0.2583827924771819,0.2846740082742951,0.8448358092040728,0.240502796139781
60324.60921843688,0.3070666191255567,0.949759992667106,0.2916395899290018,0.2998980643096346,0.9350523570236097,0.28042039189954193,0.2852991955064221,0.9048909873750424,0.25816467071911153,0.2844760145761624,0.8445042534800136,0.24024120432261148
60524.98997995992,0.30729551540702704,0.9496228431555064,0.29181484102975774,0.29946450206303316,0.9348782169245047,0.2799628397208731,0.28518119943599296,0.9046502540886991,0.257989244531091,0.284383594196914,0.8441741540931057,0.24006928006913691
60725.37074148297,0.3071157773933931,0.9494837942947201,0.2916014536072515,0.29940110888772364,0.9347031168908466,0.27985114967793107,0.2850274503814648,0.9044106145736144,0.25778185156985095,0.28468332741774316,0.8438457824823231,0.24022882518449687
60925.75150300602,0.3066152110500816,0.9493442577870187,0.29108338996054983,0.299088453783431,0.9345287396631443,0.2795067557620284,0.2849319951853069,0.9041721348958551,0.2576275703868344,0.28469390482378637,0.8435187020548007,0.24014463307987324
61126.13226452906,0.30678898547573896,0.9492089627995394,0.2912068547017491,0.2987332002709556,0.934355763100711,0.27912308730268626,0.2847853313582763,0.9039348501927343,0.25742738583843167,0.28443671579376006,0.8431936423210776,0.23983523039998575
61326.513026052104,0.30677378516970666,0.9490722896523237,0.2911504986963236,0.2987844347386119,0.9341847946509347,0.27911987581118575,0.284709678567484,0.903698776613791,0.25729178821154103,0.28464102234657024,0.8428691798650098,0.23991514506119158
61526.89378757516,0.3061424474935368,0.9489348872993457,0.2905092489098252,0.29849786346989443,0.9340141248659787,0.27880122072319785,0.28456394978555455,0.9034639086075332,0.25709325832205493,0.2848710132696084,0.8425463913792947,0.2400170442388717
61727.2745490982,0.3062039302488901,0.9488014337179277,0.29052672803021123,0.29818361978325814,0.933842530416262,0.2784565460270783,0.2845032798982463,0.9032302099895249,0.25697195724520155,0.28461714720499803,0.8422238371946236,0.23971134585038048
61927.655310621245,0.30633295882328326,0.9486670237627417,0.29060797632731866,0.29808286735703976,0.9336722388529438,0.2783116981289524,0.2843564811977559,0.9029976249987869,0.2567732271745858,0.28458461485600867,0.8419024390193285,0.23959248135464992
62128.03607214429,0.305644582078696,0.9485317218663654,0.2899135817182312,0.29783829221789554,0.933503668658403,0.27803313845235894,0.284308319112664,0.9027660775449169,0.25666390605872824,0.28492752877161737,0.8415809552037666,0.23978958182746643
62328.41683366733,0.3055696496017867,0.9483999134242448,0.2898022292274113,0.29759857824057473,0.9333364208240214,0.2777595918573755,0.2841622984488661,0.9025354645606415,0.25646655204116703,0.28488223689058234,0.8412600843910739,0.2396600546480892
62528.79759519038,0.30578449400970237,0.9482674748320932,0.2899654899773898,0.29747747513278167,0.9331690015067197,0.2775967584403979,0.2841248487799394,0.9023056694485985,0.256367461885365,0.28463338688722467,0.8409393609191723,0.23935941846520223
62729.17835671343,0.30511727225350443,0.948134006891757,0.28929206191359824,0.2971778523151213,0.9330007897792241,0.2772671709149018,0.2839790534346112,0.9020765640147992,0.25617084877446916,0.2848902468105371,0.840618383366791,0.23948397871083976
62929.55911823648,0.3049109168226686,0.9480034984805854,0.2890566158728126,0.29696096419404167,0.932833981416589,0.277015278554437,0.2839472329956077,0.9018480026081793,0.2560772449232081,0.285073479635062,0.8402975685974552,0.23954655180895879
63129.93987975952,0.3051414503242934,0.9478725912381687,0.28923521721306095,0.2969090974246006,0.9326687093273391,0.27691782468254744,0.2837998611402731,0.9016198362387232,0.25587958432586544,0.28483202996569956,0.8399762469843507,0.23925213955152244
63330.32064128257,0.304557021547925,0.947740510982346,0.28864102722509183,0.2965298843977448,0.9325038913386975,0.27651527109911117,0.2837690138578506,0.901391916108799,0.2557870951336323,0.2848493567391887,0.8396552770672936,0.23917526555528384
63530.701402805615,0.3042484832881176,0.9476108456338301,0.2883091625314634,0.29638967667653254,0.9323383537735547,0.2763354632280745,0.2836229863480804,0.9011640876482021,0.2555908497284264,0.2851772177219786,0.8393342315374376,0.23935900088866147
63731.082164328654,0.3044302686448618,0.9474809357587383,0.2884418758089177,0.29631003757562496,0.9321723304716613,0.2762120182690158,0.283590059158131,0.9009362046674123,0.2554965515793335,0.2850588854523409,0.8390134438308762,0.23916823717795982
63931.4629258517,0.303956720144453,0.9473496891671414,0.2879533043491113,0.29586592767087766,0.9320073642152997,0.2757492234096492,0.28345088247192407,0.9007081345473346,0.2553065155870825,0.2849026292170601,0.8386928556640798,0.23894579968426063
64131.843687374756,0.30359933683561374,0.9472203453583542,0.2875754686879974,0.2958525919186354,0.9318433917301986,0.27568828270563156,0.28341056477222487,0.9004797531464883,0.2552054754051999,0.2851839598258952,0.8383728790610717,0.23909049746127276
64332.224448897796,0.3036707788275451,0.9470908717356392,0.2876038226404202,0.2956356379315055,0.9316789943984318,0.27543751385636395,0.28328058635595166,0.9002509608840997,0.25502362006675666,0.28529554754155406,0.8380535385106838,0.23909294313854237
64532.60521042084,0.3033120632651194,0.9469598643947387,0.28722435029882587,0.29529053496678936,0.9315134853663362,0.2750671154226039,0.28322389529960623,0.9000216903432302,0.25490764899314566,0.28502641800731926,0.8377351159580955,0.23877663934048218
64732.9859719439,0.3029645029875567,0.9468303229624262,0.28685597820985925,0.29535891194733127,0.9313478933541975,0.27508190042553493,0.2831045163016252,0.8997918977811854,0.25473514999346386,0.2851562304972101,0.8374178036905676,0.23879490425165495
64933.36673346693,0.30288833208709987,0.9467007496524028,0.2867446110478234,0.2949268990421196,0.9311828367603994,0.27463086648698887,0.28302483974534465,0.8995615718245413,0.2545982697067111,0.2854469587556115,0.8371019976301749,0.23894821939178051
65133.74749498998,0.3026209829254395,0.946569421767892,0.2864517688225644,0.29475874343728237,0.9310180644969721,0.2744257148085382,0.2829206870275495,0.8993307341021863,0.254439269157181,0.28527493623862143,0.836787282307803,0.2387144386056478
65334.12825651303,0.3023377916919041,0.9464392211451323,0.286144344091625,0.2947859315553616,0.9308522219684979,0.2744021393933619,0.2828138160392595,0.8990994223356777,0.25427773862944686,0.2851480769388781,0.8364741003669787,0.23851898112882208
65534.50901803608,0.30211462461754857,0.9463090891452393,0.28589381523928825,0.29427233031228556,0.9306852312740027,0.2738749117942292,0.2827291518737083,0.8988676935285891,0.25413610063801434,0.28548454814413415,0.8361621932966983,0.23871138592851607
65734.88977955912,0.3018889217879304,0.9461769793645104,0.28564034812091293,0.29425616635007773,0.9305185529006115,0.2738108220941559,0.2825909484818002,0.898635627641248,0.25394629435467814,0.28553095926492134,0.8358516721993935,0.2386615297662814
65935.27054108217,0.3017127383953582,0.9460457579155603,0.2854340562680159,0.2940885529177939,0.9303519678554629,0.273605863930835,0.2825264001941024,0.8984031770347518,0.25382261553057334,0.28528339093118393,0.8355423776562535,0.2383663627644799
66135.65130260521,0.30137158228015276,0.9459147341486154,0.2850718201324783,0.2937331048971649,0.9301850238242578,0.2732261351767426,0.2823587711196198,0.8981705850023824,0.2536063426370627,0.28544379615740473,0.835234193831039,0.23841241896760137
66336.03206412826,0.30113409671765207,0.9457815205738639,0.28480706389025795,0.29379595945065845,0.9300167622256017,0.27323516696326555,0.28231461318739354,0.8979379782459347,0.25350101299477124,0.2857034499128178,0.8349273967510267,0.23854163767849632
66536.4128256513,0.3010768291861755,0.9456490540547702,0.2847130187177165,0.29338210635073425,0.9298477693728134,0.27280069716412775,0.28212893767743413,0.8977054862201882,0.2532686951745062,0.28550289990653616,0.8346209584515435,0.2382867039606883
66736.79358717435,0.30066926995924276,0.9455169593244107,0.2842878938941536,0.2931837523147573,0.9296794071606816,0.2725668970411277,0.2821054528590118,0.8974732383277658,0.2531820943272982,0.28545748549834327,0.8343155372028388,0.23816161536212183
66937.1743486974,0.3003758205701665,0.9453824905325133,0.2839700413463713,0.2932143576995342,0.9295108556913187,0.27254592852627446,0.2819140613381938,0.8972413650114228,0.25294495721099497,0.2857691063159615,0.8340101463470851,0.23833433418005076
67137.55511022043,0.30041917265535145,0.9452487106229467,0.28397083559888336,0.2927959996619491,0.92934156693067,0.2721074931168677,0.2819081100581615,0.8970099830812739,0.2528743890337454,0.2857425136944462,0.8337053596447779,0.23822506514543113
67337.93587174348,0.3000104334907201,0.9451155324796666,0.28354452059803753,0.29269481844624534,0.9291712252429726,0.2719636030779672,0.28171536768188044,0.8967791959646867,0.25263648092065283,0.2855381933440216,0.833400385788444,0.2379676404902429
67538.31663326653,0.2996300783374832,0.9449798429127693,0.2831443843592956,0.29255355113017906,0.9290008829688498,0.2717825073156089,0.2817202881671071,0.8965491001164251,0.25257607084075984,0.28577102508022806,0.8330956740601198,0.23807460476606399
67738.69739478957,0.29974244209840367,0.9448448408527976,0.28321010000129515,0.2922761213699752,0.9288313410332114,0.27147522176405975,0.28152808462167844,0.8963197747498848,0.25233918939386935,0.28595680105050064,0.832791157038567,0.23814229520989375
67939.07815631262,0.29939255161441414,0.9447107264555701,0.28283935493103995,0.29224858980611024,0.9286615181619995,0.2714000190900458,0.2815378593815866,0.8960912823907425,0.2522836214547905,0.2857102357748671,0.8324862758354482,0.23784985014828694
68139.45891783567,0.2989177278443993,0.9445740389260874,0.2823499254965932,0.29191150190081455,0.928490893498612,0.2710371712224091,0.2813520891945164,0.8958636753638188,0.2520531166970884,0.2857497468609535,0.8321817304662702,0.23779571882304695
68339.83967935872,0.2990551507569866,0.9444380530593077,0.28243906433828614,0.29166464345223636,0.928319960792794,0.2707581103742243,0.28135946835717685,0.8956369861315697,0.2519959462590026,0.28606647566654647,0.8318768114198498,0.23797206763160073
68540.22044088176,0.298808720735372,0.9443032848194217,0.28216605652310106,0.2916436370857095,0.9281497687902611,0.2706889743302521,0.28118644783341457,0.895411430986767,0.25177755962860365,0.2859827603893375,0.831572493273659,0.2378153970902448
68740.60120240481,0.29825994723181076,0.9441659972254257,0.28160690051052545,0.29144082763679147,0.9279803860362548,0.2704513717371153,0.2811801129019093,0.8951868135598318,0.25170872930505395,0.2857856278019838,0.8312684032408725,0.23756456249214536
68940.98196392786,0.2983665131121564,0.9440293851589062,0.28166675592527574,0.29123068670500435,0.927810731633644,0.2702069565059387,0.2810256902283378,0.8949631130742937,0.25150762658060527,0.2860717034994433,0.8309648256249719,0.23771552321465353
69141.3627254509,0.29824970650287247,0.943894349379439,0.28151621267213744,0.29101843473036,0.9276405386810266,0.26996049755938034,0.2809952963461139,0.894740288754533,0.25141781259138757,0.2862001214684346,0.8306618212999597,0.23773551415523958
69341.74348697395,0.2976622369893119,0.9437569781492994,0.2809208132901936,0.29080666361217106,0.9274709866553521,0.2697147432263314,0.2808656739271574,0.8945182880000273,0.25123948179929473,0.2859738637528568,0.8303596055616109,0.23746114470675206
69542.124248497,0.2976954340293332,0.9436201933254221,0.2809114230108548,0.2906549844432063,0.9273026633519769,0.26952514119071264,0.28080551179620605,0.894297039586277,0.2511235378988565,0.2860351384708219,0.8300583589733291,0.2374258576477994
69742.50501002005,0.29769924062655734,0.9434853285543708,0.28087486585293414,0.2905472135409953,0.9271349763692711,0.26937648396048824,0.2807082039237187,0.894076454970777,0.2509745958453324,0.28633071750630684,0.8297580689107822,0.23758522322787187
69942.88577154308,0.29711967362664343,0.9433484281579427,0.28028737709049506,0.290274431606149,0.9269670208863929,0.26907482510544295,0.28061390212295034,0.8938564381465476,0.2508285430460243,0.28619244714830805,0.8294590891840389,0.2373849265429868
70143.26653306613,0.2970583508056986,0.943211985056287,0.28018899674098985,0.29009400888614684,0.9267990473098872,0.26885885106598684,0.28055305341714565,0.8936368810377399,0.25071255562131245,0.2860907618100381,0.8291614888777007,0.23721544201656683
70343.64729458917,0.29714527109104266,0.9430777257500654,0.28023108647792716,0.29002033880420636,0.9266325151961184,0.26874227600417216,0.28041970340652833,0.8934176666543289,0.2505319171013595,0.2863619674672149,0.8288649956550858,0.23735541092049486
70544.02805611222,0.29661991691261175,0.9429418038386578,0.27969531950805093,0.289714934931893,0.9264672585598229,0.2684114015301884,0.28039562879699087,0.8931986819869955,0.2504490060763871,0.28642011614732793,0.8285697543035399,0.23731904526378286
70744.40881763527,0.2964601363816885,0.9428062156585885,0.27950445927564876,0.28961272660208504,0.9263023005838541,0.26826893492987414,0.2802221922762968,0.8929798158380352,0.250232761652618,0.2861972308415481,0.8282756223382259,0.23705018948676015
70944.78957915831,0.29658364574595375,0.9426729513269939,0.27958138065065785,0.2894551003648282,0.9261370400277587,0.2680750898728198,0.28023359761948136,0.8927609622471074,0.2501816162647369,0.2863599702023234,0.8279824907787197,0.23710104138743968
71145.17034068136,0.2961415647963884,0.9425383947140721,0.2791247950913013,0.289162835183551,0.9259723890597467,0.2677568013222025,0.28002540505710016,0.8925420334509534,0.24993444444759108,0.2865935491817055,0.8276902891795376,0.23721069759919583
71345.55110220441,0.29590027024543497,0.9424041014445226,0.27885762829784055,0.28916433493574967,0.925809488189831,0.26771108492961926,0.28006730265147994,0.8923229557364474,0.24991048330710275,0.2864013094006038,0.8273987803051489,0.23696809407585717
71545.93186372746,0.2960085481474486,0.9422721313844189,0.27892060557090376,0.28889267526329787,0.9256475232052975,0.267412789329624,0.27983071498760714,0.8921036673469589,0.24963800707676595,0.2863526015757046,0.8271083221045246,0.23684461981954646
71746.3126252505,0.2956637401237976,0.9421391754718963,0.27855639233717167,0.2886964379103809,0.9254853428550026,0.26718432182050683,0.2798926727456222,0.8918841264801884,0.2496318319399345,0.2866584166563917,0.8268178446417324,0.23701429420824946
71946.69338677355,0.295376145281605,0.9420064704769834,0.2782462400798214,0.2886827942961953,0.9253228639783914,0.2671247899994403,0.2796336900575017,0.8916643037813756,0.24933937955893926,0.2866560365106426,0.8265280913531206,0.23692926673199186
72147.0741482966,0.2954159337574958,0.9418759641589293,0.27824516743575173,0.288298012577326,0.9251615282993563,0.26672222992170597,0.2797033909436027,0.8914444078708036,0.2493400237191758,0.28643535391143676,0.8262381057773441,0.23666380424344868
72347.45490981964,0.2951720780348381,0.9417446963763555,0.2779767390076965,0.288241847830557,0.9250016730099335,0.2666241914747399,0.2794331811311527,0.8912242137145542,0.24903761713936814,0.2866384865482294,0.8259485525905953,0.23674864308126886
72547.83567134269,0.2948788549505523,0.9416136776748272,0.27766196307853147,0.2881357193973481,0.9248421391022614,0.2664800550792124,0.27949920630409764,0.8910037374878363,0.24903483744183483,0.286830657820661,0.825658705091097,0.23682422951663445
72748.21643286572,0.29481649823425343,0.9414846634511649,0.27756521161992703,0.28782033609539426,0.9246818328005426,0.2661422358979573,0.2792376557602634,0.8907830092277176,0.24874015928782092,0.28664222311629134,0.8253691070748228,0.23658563574343552
72948.59719438877,0.29465618732729304,0.9413550239616573,0.2773760822819345,0.28782114652020613,0.9245213469625249,0.2660967940651592,0.2792864514303856,0.8905620812922909,0.2487219234625825,0.2866294552862185,0.8250797536086089,0.23649216034452294
73148.97795591182,0.29439909385329394,0.9412256028756851,0.27709596459812197,0.28754192169201026,0.9243622555266393,0.2657928992936909,0.27905480816065975,0.8903410212179234,0.2484539428735335,0.28691462717243815,0.8247901792212413,0.2366443667667509
73349.35871743486,0.2942276193830149,0.9410979716442844,0.27689701580308185,0.2873867722489096,0.9242039688349345,0.2656039955031037,0.2790715768709115,0.8901199011061116,0.24840716440586236,0.28685048806766356,0.8245011133306337,0.23650854677122427
73549.73947895791,0.2941147899778562,0.9409697620916965,0.2767531239531126,0.2873814401422763,0.9240452919590773,0.2655534667598898,0.27888689492218105,0.8898988020855868,0.24818111370861784,0.2867068635155303,0.8242119206236385,0.2363072146341146
73750.12024048096,0.29392841519157914,0.9408417030079039,0.27654011071125956,0.2869996168921553,0.9238854084243773,0.2651547582700487,0.2788613030639356,0.8896778090976751,0.248096713152045,0.2869236803278969,0.8239235685033591,0.23640318258387788
73950.501002004,0.2936592868034534,0.9407152127270805,0.2762497584545934,0.2869042617669543,0.9237256677222522,0.26502083077303973,0.27873476077876114,0.8894570029467134,0.247922584939346,0.28704553142576195,0.8236357022616627,0.2364209478569296
74150.88176352705,0.29355855159022837,0.940588127013468,0.2761176882090394,0.2868182106732341,0.9235671892982978,0.26489588867104585,0.27866284956273485,0.8892364672024008,0.24779716788572043,0.2868355772053949,0.8233485930411951,0.23616566892622096
74351.2625250501,0.29345395346691194,0.9404610821672327,0.2759820226437448,0.2866200712254949,0.9234087506344014,0.2646674818770774,0.2785987752467355,0.8890162856356932,0.2476788483525061,0.2869187735327469,0.8230622405414011,0.23615200859725352
74551.64328657315,0.29311995578760885,0.9403353911151091,0.27563106826918465,0.28656798312858767,0.9232492669622223,0.2645736803583111,0.27847867585144953,0.888796533974959,0.24751088188270445,0.2871677561861504,0.8227768581257442,0.2362749841898606
74752.0240480962,0.2929964982927382,0.940209048952609,0.27547795900626015,0.2862351219571937,0.9230884924937725,0.26422034722623705,0.2784741049456599,0.8885772852888674,0.24744576419586162,0.2870495362706466,0.8224924810721431,0.23609608527785228
74952.40480961924,0.29296735243709376,0.9400825982821078,0.27541350989089314,0.286063575339913,0.9229283265664499,0.26401617688008144,0.2783070026534506,0.8883586077451449,0.24723642140294372,0.2869309867705569,0.8222091379234142,0.23591727927613415
75152.78557114229,0.2926138636342387,0.9399573110942425,0.27504454045053633,0.2860403668959621,0.9227689898040639,0.2639491804037707,0.27835507438699736,0.8881405562171326,0.24721843059192916,0.28719329378768343,0.8219269610326808,0.23605191119187655
75353.16633266534,0.29243589811063975,0.9398312909876688,0.2748404076524609,0.28586677522664344,0.9226090858659513,0.2637432841713009,0.2781491464796378,0.887923176950612,0.2469750738083011,0.287259496436444,0.8216461218240088,0.23602565120412186
75553.54709418837,0.2924665317523552,0.9397049963652939,0.27483226115731707,0.28571233516647154,0.9224477182328281,0.26355469164528467,0.27823991827489747,0.8877065059597289,0.24699538567032975,0.28705580402770364,0.821366082128745,0.23577790110655175
75753.92785571142,0.2921374583696224,0.939579702526685,0.2744864262318316,0.285514166507218,0.9222854706155472,0.26332556742451524,0.2780093961201921,0.8874905608882966,0.2467307148949259,0.2871648719439987,0.8210871545499829,0.23578738759120813
75954.30861723446,0.2918880953599087,0.9394535903478292,0.2742153191656557,0.2853659596217308,0.9221242172263818,0.26314286213924376,0.27812768959400463,0.88727558768962,0.24677590923727669,0.2873884065357277,0.8208089206445343,0.2358909677743433
76154.68937875751,0.2919482188842199,0.9393270426129303,0.2742348570406267,0.28526201796133444,0.9219633749858895,0.26300113283491733,0.27788820530328784,0.8870613429938222,0.2465038845984775,0.2872520569287989,0.8205314895053992,0.2356993581352771
76355.07014028056,0.2916812817106841,0.9392013592907595,0.27394745626234546,0.2851126105593563,0.9218015794331892,0.26281725472993445,0.27801488160157983,0.8868477979476337,0.24655688554503316,0.28718659009129516,0.8202545554686532,0.23556610879189363
76555.4509018036,0.2913599882310765,0.9390747977278989,0.2736088220141012,0.2849260698755242,0.9216382897181448,0.2625987757361907,0.2777829400230219,0.8866349111071564,0.24629205233439658,0.2874285578849692,0.8199781070794165,0.23568512481508352
76755.83166332665,0.29141027245266166,0.9389476547523316,0.27361899189016464,0.28481093090615506,0.9214749137233603,0.2624461279842192,0.277900888849754,0.8864226314883402,0.24633763718714768,0.28743753113674425,0.8197023536374562,0.23561322079652888
76956.2124248497,0.29123019622975216,0.9388212791534207,0.27341310535251767,0.2847297236603596,0.9213127830448309,0.2623251341211115,0.27769372627060546,0.8862108947053217,0.24609520561232795,0.2872760001508254,0.8194264138230692,0.23540154258102633
77156.59318637275,0.2908477217827316,0.9386939944105996,0.2730170097254551,0.2845376867315328,0.9211507418365452,0.26210210121320593,0.27778798204092037,0.8859996311058076,0.24612004961388215,0.28742899551834356,0.8191509957872178,0.2354477478969709
77356.97394789579,0.29085916675655954,0.9385660289151566,0.2729905331162754,0.2843925867367423,0.9209876177255113,0.2619220509574681,0.2776203084335418,0.8857887697964676,0.24591295147786288,0.28759092088444477,0.8188752499985152,0.23550108723655291
77557.35470941884,0.29076454130626106,0.9384387686066447,0.2728647180979235,0.28426587491465066,0.9208234226793536,0.26175867588984963,0.2776756327822112,0.8855782341005628,0.24590349653202692,0.2874218990289163,0.8185999281874378,0.23528354590456788
77757.73547094189,0.2903459832572252,0.9383105966915809,0.27243471279709075,0.2840937664335319,0.920660095435754,0.26155379411739826,0.2775567321909909,0.8853679480396257,0.24573983444452155,0.2874268106130024,0.8183242967283023,0.23520834265574414
77958.11623246493,0.2903007019123006,0.9381817381733607,0.27235481711302884,0.28404668356046553,0.9204980055328561,0.26146440569563084,0.2775613952527762,0.8851578390486223,0.2456856448252679,0.2876639310592313,0.818049091855889,0.23532321756269925
78158.49699398798,0.2902720535597299,0.9380535257083513,0.27229072325630804,0.2838601339179486,0.9203358465030389,0.26124665663784125,0.2774971009470987,0.8849478318303555,0.24557045782234427,0.2876210037904631,0.8177741702807759,0.23520902773006988
78358.87775551103,0.2898488729903285,0.9379244403509502,0.27185634198580755,0.2836914179620358,0.9201726488939568,0.2610450835346091,0.2774474871235292,0.884737854911331,0.24546829460821032,0.2874687253161479,0.8174993483860037,0.23500549562730602
78559.25851703406,0.2897380172432268,0.9377947537821117,0.2717147925419291,0.28363806506588896,0.9200091527178423,0.2609496159197967,0.27744016152899564,0.8845278462924991,0.2454035485522856,0.2876640885916362,0.8172250963835864,0.23508631252539647
78759.63927855711,0.28974930242084357,0.9376656720169115,0.2716879743708716,0.2833966179012256,0.9198472854151835,0.2606816096722864,0.2773392899312142,0.8843177494126393,0.2452560566956708,0.28778318064208297,0.8169510915704831,0.2351047835611752
78960.02004008016,0.2893458053819424,0.9375357746145271,0.27127204378022357,0.2833360328031857,0.9196864793693214,0.2605803184872324,0.2773868471197428,0.8841075198372075,0.24523979744249846,0.28761819038215763,0.8166779714556978,0.23489144027505918
79160.4008016032,0.2891772343834487,0.9374054387449503,0.2710763122722681,0.28322695812717363,0.9195255006145177,0.26043441045941634,0.27724087492488686,0.8838971299986282,0.24505241366441616,0.2876452936024308,0.8164056597027971,0.23483524568389727
79360.78156312625,0.2891928957016061,0.9372757128409065,0.2710534774672488,0.28300126981726714,0.9193636637309436,0.26018108425971204,0.27733694617864707,0.8836865614146969,0.2450789323218615,0.2878673777239644,0.8161341035992973,0.23493838427422803
79561.1623246493,0.28883032884802523,0.9371452086453792,0.2706759587913961,0.2829678473950526,0.9192024519485945,0.2601047391481481,0.2771567233288011,0.8834760567410584,0.2448613290258017,0.28779117383711905,0.8158635037949088,0.23479831544800164
79761.54308617234,0.2886235261191949,0.9370144932919894,0.2704444270787247,0.2827661886855809,0.9190431464544557,0.2598743277605306,0.27729176383901927,0.8832653796715296,0.2449222150670595,0.2876953424407579,0.815593798217555,0.23464253707075786
79961.92384769539,0.2886072036087398,0.9368844348901434,0.27039159685819875,0.28267404637533766,0.9188846230117094,0.2597448345387966,0.2770953828918503,0.8830545456479163,0.2446903374406983,0.2878788991522499,0.8153251245987263,0.23471489932065231
80162.30460921845,0.28830063789142113,0.936753623791436,0.27006666728617135,0.2826332937330354,0.9187257140767685,0.259662474606752,0.27725238943234565,0.8828435797493858,0.2447704919805228,0.2879493752654023,0.8150573380566672,0.23469525129889915
80362.68537074148,0.28808016712536566,0.9366228459614538,0.26982246599801124,0.2823436845734417,0.9185663422902605,0.2593514056073814,0.2770596547277979,0.882632521614938,0.24454186169016034,0.28779487010033095,0.8147905660571506,0.2344925451173928
80563.06613226453,0.28800833842732837,0.9364928114992108,0.2697177385890249,0.2822795976834066,0.9184083058987068,0.259247927098186,0.27721679016325074,0.8824214178607647,0.2446220330306658,0.2878827928113993,0.81452493269507,0.23448771243877378
80763.4468937876,0.2877558266645916,0.9363620493279544,0.26944363556171663,0.28217953826877046,0.9182519377425472,0.2591119078065957,0.27704653017704356,0.8822103221105434,0.24441330862709798,0.2880560614926065,0.8142598104572184,0.23455247403202262
80963.82765531063,0.28755075648133127,0.9362315432379648,0.269214088499761,0.28205145873631743,0.9180959288672214,0.2589502959968741,0.2771824786112539,0.8819992989673098,0.24447475182114728,0.2879455021367445,0.8139955973059654,0.23438637100336548
81164.20841683369,0.28741326495766784,0.9361019020495644,0.2690481040011483,0.28201166728097765,0.9179393106714796,0.25886959546521526,0.2770527276304631,0.881788416032452,0.24430188585473642,0.28789156980930225,0.813731713025745,0.23426650026659437
81364.58917835672,0.28720090150906424,0.9359715395359599,0.2688118699415544,0.28174895459610355,0.9177826574668602,0.25858430428772167,0.27715156374972955,0.8815777423663276,0.2443306498637839,0.28809419033417694,0.8134684690421436,0.23435553995107886
81564.96993987975,0.28703536284758724,0.9358416442804568,0.26861964593392357,0.2816489475027425,0.9176276429426681,0.25844885983422483,0.2770773012533454,0.8813673520803539,0.24420688732723156,0.28811632640366436,0.8132053636112965,0.23429774197544284
81765.3507014028,0.28683322478927287,0.9357127283272284,0.2683934993424677,0.28160904415084614,0.9174737288435718,0.25836889981315087,0.2771267206393691,0.881157316430524,0.24419223746977797,0.2879656221961679,0.8129426585170066,0.23409953846965667
81965.73146292586,0.2866462806090399,0.9355830972796594,0.26818141503589993,0.28144968959427785,0.9173196902374366,0.25817934207604565,0.2771167197420437,0.8809477008657502,0.24412533712821188,0.2880843637239481,0.8126803636335587,0.2341205054683205
82166.1122244489,0.2865291891735381,0.935454113418562,0.2680349086268715,0.2813613643506916,0.9171647977183581,0.2580547388204633,0.27710750155416897,0.8807385681090368,0.24405926413109147,0.28823099032900146,0.8124179005586978,0.2341640160390417
82366.49298597194,0.28627995607675993,0.9353261887941454,0.26776514024543124,0.28122580143208115,0.9170102675274694,0.2578869474068597,0.2771642065507127,0.88052997103893,0.2440513907671271,0.2881156578152645,0.8121558005232251,0.23399480271623174
82566.87374749499,0.2860989984069189,0.9351975593768188,0.2675590850503029,0.28111485543702835,0.9168572010529451,0.25774217953039713,0.27709461477634634,0.8803219501459454,0.2439324716548527,0.2880841965740565,0.8118934866715473,0.23389368281148212
82767.25450901804,0.2860320322938729,0.9350697029181849,0.2674598874621164,0.28105804715625965,0.9167045343008228,0.2576471862298777,0.2772152896695414,0.880114538028099,0.2439812066018341,0.28827602147887993,0.8116315795961705,0.2339739226726029
82967.6352705411,0.28576165138797116,0.934942959641812,0.26717084410080144,0.2808876481677333,0.9165512642938779,0.25744792905266994,0.2770925670806632,0.8799077546334713,0.24381589852557087,0.288261599464048,0.8113695439849068,0.23388668250550448
83168.01603206413,0.2855662348658224,0.9348154988020465,0.2669517422871161,0.2807594597698765,0.9163970850110529,0.25728715052239276,0.2772673802903944,0.8797018657575486,0.2439126317551677,0.2881558588645914,0.8111080373974255,0.23372553314822828
83368.39679358718,0.2855443005288465,0.9346888908657668,0.2668950855543487,0.28072157970043304,0.9162435498847932,0.25720933671399165,0.27710294948915554,0.8794966170841926,0.24371110665976417,0.28827781743222164,0.8108470017205636,0.23374920392746493
83568.77755511024,0.28527947737246134,0.9345634131463548,0.26661176207381576,0.2806212357941621,0.9160909185961843,0.2570745656762704,0.2773118892717927,0.879291993761855,0.24383812401166133,0.2883840982583336,0.810586251679913,0.2337601852513144
83769.15831663327,0.2850570123725958,0.9344371717051657,0.2663678684161728,0.2805005430320226,0.9159381690294691,0.2569211537965226,0.2771227785254811,0.8790879667405944,0.24361529991146927,0.2882590271484403,0.8103262215667478,0.23358384830170223
83969.53907815632,0.2850611410120933,0.934311827285976,0.26633599554723414,0.2803657404505388,0.9157843698636303,0.25675456294984683,0.2773440597106351,0.8788844981874832,0.24375339474406088,0.28828697807893955,0.8100666328072695,0.2335316616145897
84169.91983967937,0.2848302667070073,0.9341875776845041,0.26608489690625037,0.2802433184516832,0.915629858538702,0.2565991500303311,0.2771501862248289,0.878681538532137,0.24352675203650095,0.28844878197877233,0.8098079954811335,0.2335881299332041
84370.3006012024,0.2845733065548188,0.9340624992675204,0.26580925394541627,0.28017468708370463,0.9154760612433842,0.2564932189914876,0.2773632146060326,0.8784790266198901,0.2436577667872712,0.2884005718421518,0.809550295710775,0.23347476821797059
84570.68136272545,0.28458044427004325,0.9339383121012022,0.26578057977857444,0.28010165244063445,0.9153226954605287,0.2563833995149097,0.27718643856220093,0.8782768979155849,0.24344644540467872,0.2883134104766601,0.809293318413038,0.2333301167076366
84771.0621242485,0.2844036873118429,0.9338151528552407,0.2655804727397027,0.2799407143808728,0.9151688102909412,0.25619301053193955,0.2773698236793867,0.8780750840401658,0.2435515312374834,0.28846573857699487,0.809037334007655,0.23337955209088107
84971.44288577154,0.2841120675888383,0.9336910720526399,0.2652729009701145,0.27984897719274965,0.9150136644102852,0.2560656381026082,0.2772298483054943,0.8778735133725081,0.24337274094367173,0.288531531960251,0.8087820962980738,0.2333591372669065
85171.82364729459,0.2841055454687684,0.9335678347791202,0.265231798932019,0.27976495571161825,0.9148581232777041,0.2559452423412011,0.27736316924402055,0.8776721187001056,0.2434339203997755,0.28840960660497406,0.8085278210253045,0.23318719079108494
85372.20440881765,0.28398640694030414,0.9334455383750193,0.2650858445175795,0.2796121601653052,0.9147034108065287,0.2557621966061861,0.2772762335829473,0.8774708353636973,0.2433018083085284,0.28845540356959054,0.8082741967126318,0.2331510596076288
85572.58517034068,0.2836704514282141,0.9333221987351971,0.2647559294431867,0.2795784278555586,0.9145487672382759,0.25568810654171636,0.2773450285318412,0.877269599698556,0.2433063621585129,0.2886050314716417,0.8080214297171183,0.23319905015326983
85772.96593186373,0.28363657407935067,0.9331996377501482,0.2646895481835431,0.2794406431202551,0.9143933954226925,0.25551867848183096,0.27732320974115654,0.8770683561897967,0.2432314117009544,0.2885425421068188,0.8077695176100023,0.23307587004758878
85973.34669338679,0.2835699255706205,0.9330779267740988,0.2645928382469201,0.2793269021730169,0.9142369377829551,0.25537097168305806,0.2773208939924109,0.8768670564316966,0.24317355600213192,0.2884830667394859,0.8075179177210922,0.23295524535126452
86173.72745490982,0.28324208317054894,0.9329550293117214,0.2642521260066925,0.27929241070725336,0.9140805803699491,0.25529576887220834,0.27736899140603566,0.8766656575718188,0.2431598692410044,0.2886259942452561,0.8072669578088087,0.23299822831891062
86374.10821643288,0.28317165681251943,0.9328328234112794,0.26415181613447236,0.2791042787545971,0.9139250033443685,0.2550803788942227,0.2772942894829874,0.8764641296276864,0.24303849808243427,0.288660811354157,0.8070161331893589,0.23295393178233478
86574.48897795592,0.28314654871074046,0.9327113859874372,0.26409400988555415,0.2790805992167959,0.9137693773436145,0.25501530537501443,0.2774090127838809,0.8762624543142049,0.24308310239088413,0.28856451362875596,0.8067657452421815,0.23280396488815094
86774.86973947896,0.28281678993520254,0.9325886223356228,0.26375172049905377,0.27901522442814725,0.9136129807242365,0.2549119308572414,0.2772653447373953,0.8760608905965053,0.24290132484218957,0.28863078630112565,0.8065153570758826,0.23278516167674512
86975.250501002,0.2827117551582788,0.9324664368677095,0.2636192229930565,0.27881729615406925,0.9134558987292866,0.25468730383968496,0.277438783926109,0.8758591783004291,0.24299730531819214,0.2887473576343416,0.8062652658818503,0.23280696507573417
87175.63126252506,0.2827054995349968,0.9323449711274773,0.26357905080153565,0.27880636051991625,0.9132995192466126,0.25463371502573723,0.277242434639443,0.8756573325569166,0.24276937078795993,0.28866730493624226,0.8060155206180383,0.2326703280735913
87376.01202404809,0.2823886963833412,0.9322220437472077,0.2632489676735881,0.27867658064404055,0.9131438466896249,0.25447180483161064,0.27745939325644203,0.8754553753397857,0.24290331726486766,0.28865182652881394,0.8057656249971826,0.2325857194095681
87576.39278557114,0.28225621418052504,0.9320995827397198,0.2630908994633604,0.27859880765730904,0.9129881716458993,0.25435741602577416,0.2772316515066704,0.8752533402190739,0.2426479289956635,0.2887860443041503,0.8055161160782662,0.23262181278548524
87776.77354709418,0.2822452025640557,0.9319778113619,0.26304626615304477,0.2785871127901927,0.9128317325154799,0.254303156824757,0.2774713941295998,0.8750512710959316,0.24280169612586652,0.28879328413890526,0.8052665078665519,0.2325555594138491
87977.15430861723,0.28195408849841275,0.9318544738455972,0.26274017878630335,0.2783695787607138,0.9126753171979474,0.2540610435936934,0.27723522435238646,0.8748492163356058,0.24253901876531114,0.28870175414157045,0.8050173989327325,0.23240993518636427
88177.5350701403,0.28180539970133206,0.9317315036830911,0.2625669688097366,0.2783308307209429,0.9125199899443246,0.25398244685067034,0.27747361560158107,0.8746472320883285,0.24269152986346373,0.2887960729648564,0.8047683338231817,0.23241393445460548
88377.91583166333,0.28177332391291016,0.9316092089853517,0.2625026234036795,0.27829804178871603,0.9123653349894767,0.2539094861234773,0.2772523013586859,0.8744453807181701,0.2424419942165849,0.28888541292997527,0.8045199203935252,0.23241406941327436
88578.29659318637,0.28150974283460695,0.9314852941758175,0.2622221856176526,0.2781414057365825,0.9122106185218524,0.2537235437635054,0.27746706445222513,0.8742437239713571,0.24257383970611385,0.28880788099337174,0.8042721386377762,0.23228013210198345
88778.67735470943,0.2813616797373932,0.9313616583226164,0.2620494806286554,0.2781154324926434,0.9120555056325826,0.2536567114063023,0.27728319538963336,0.8740423252875185,0.24235724886150847,0.28880161353493805,0.8040247667014321,0.23220364994542572
88979.05811623247,0.2812959504156892,0.9312387237466572,0.2619536818602094,0.27800884184613905,0.9119009380835233,0.2535165236750081,0.27745528479403775,0.8738412488922773,0.24245187257618442,0.288932237695194,0.8037782303396233,0.2322374427027104
89179.43887775551,0.28105927679025244,0.9311141465345601,0.2616982686341766,0.2779107333191431,0.9117475904884538,0.253384441474608,0.2773274454128191,0.873640553361844,0.24228450287288186,0.28892107965447317,0.8035322012732364,0.2321573911289989
89379.81963927858,0.2809246957381241,0.9309897799210933,0.26153802065963627,0.27791188726027266,0.9115947484560639,0.25334301695997824,0.2774395930904573,0.8734402935799203,0.24232691963962263,0.28885872408080704,0.8032871586678586,0.23203650372329443
89580.20040080161,0.28081943150874983,0.9308661896028998,0.26140531417500246,0.27774070165939513,0.9114419449728265,0.25314452531855663,0.2773801412413488,0.8732405201658113,0.24221957882126163,0.28894651276741584,0.8030430227914216,0.2320364810377857
89780.58116232464,0.28060994390828214,0.9307409665285938,0.261175170410729,0.277648800663193,0.9112890410987499,0.25301830931857905,0.277420699562961,0.8730412729610825,0.2421997206922015,0.2890137861386104,0.8027995609614071,0.23202014062387044
89980.9619238477,0.2804947014631145,0.9306159493865291,0.26103284289998735,0.27766682468363935,0.9111370002633815,0.25299251771490944,0.2774362942792675,0.872842582496449,0.24215821157696066,0.2889437029959573,0.8025569727773798,0.2318937835795218
90181.34268537074,0.28035445821447047,0.9304917824988934,0.26086751955549414,0.27754432134234575,0.9109860647295173,0.25283900908768814,0.2774030878137802,0.8726444702722319,0.24207427061713765,0.288967924262187,0.8023149983799747,0.2318432996862812
90381.72344689378,0.2801669730325599,0.9303660415543075,0.26065783767455514,0.2774756648390946,0.9108356552152437,0.25273472899000204,0.2774944043858818,0.8724472128569363,0.24209921968985817,0.2890726787409323,0.8020737977033522,0.23185762125002063
90582.10420841684,0.280076904713285,0.9302405219822856,0.2605388860356691,0.27738514337666437,0.9106849658124233,0.25261047981285173,0.2773919233505295,0.8722505450485212,0.24195525633455695,0.28904527851657247,0.8018330627290585,0.23176606094031704
90782.48496993988,0.27991010180757875,0.930115959221944,0.2603488528386681,0.27725198173549853,0.9105343864466248,0.252447463080643,0.2775484624393163,0.8720544540970893,0.24203737289800445,0.28900682119755916,0.8015929649356234,0.23166583469037103
90982.86573146292,0.2797367508204646,0.9299899073409307,0.2601523549753769,0.27725758281526414,0.9103847602152837,0.2524110780491434,0.27738986425341366,0.8718589142844287,0.24184482588148631,0.2891037542535959,0.8013535221047149,0.23167431172481504
91183.24649298599,0.2796731075656023,0.9298641123500292,0.26005798591466306,0.27718476195396435,0.9102359618322325,0.25230353840240516,0.2775955717656317,0.8716638902692524,0.241970036006748,0.28914765985803464,0.8011141921206084,0.2316402939307339
91383.62725450902,0.27949080938817716,0.9297394061382653,0.25985361914166694,0.2770319706039523,0.9100874380767305,0.25212331639229907,0.27739726895921774,0.8714693398524934,0.24174321485677405,0.28907743254980867,0.8008753391718927,0.23151498684026794
91584.00801603208,0.2793256077589111,0.9296133046096762,0.25966480129086755,0.27702496703895146,0.9099383977292087,0.25207565463841036,0.2776331355133677,0.8712752107443555,0.24189486865402568,0.2891197082356918,0.8006364793504221,0.23147978531264551
91784.38877755511,0.27927987168161134,0.9294875199515646,0.25958715530173215,0.27692470673812347,0.9097895352684306,0.2519432002476238,0.27741581095037654,0.8710814445428074,0.24165176534166838,0.2892129946479314,0.8003979625220456,0.23148549165110358
91984.76953907816,0.27909888211523975,0.9293629515384563,0.25938416085370286,0.2768085198696169,0.9096415114892853,0.2517965204073102,0.2776598022568115,0.8708879809191649,0.24181058456984916,0.28918502223544607,0.8001593888978444,0.2313941106703241
92185.15030060122,0.2789340705044162,0.9292371022420698,0.2591958873921089,0.27682269678142535,0.9094939884593455,0.25176857859181057,0.27744539503807586,0.870694755449813,0.24157025038335422,0.28915246411018725,0.7999211012581633,0.23129915752253252
92385.53106212425,0.2788980834925451,0.9291116226662612,0.25912745091226896,0.2766698706888185,0.9093463714753701,0.25158874300743694,0.2776727290878518,0.8705017041256037,0.24171458386018208,0.289248555661633,0.7996831774963287,0.23130720407771835
92585.9118236473,0.2787312573323322,0.9289874843060678,0.2589378495466305,0.2766299509056561,0.9091980827646526,0.25151142099870255,0.27748169905413156,0.8703087680980934,0.24149475567356712,0.2892777668708645,0.7994451817510887,0.2312617169126273
92786.29258517033,0.27856161799755774,0.9288621855551518,0.25874535330499077,0.2766210669916296,0.90904993609604,0.2514623632715593,0.27766986504153274,0.8701158908851916,0.24160496199258416,0.2892309476050425,0.7992076625632124,0.23115558957636895
92986.67334669338,0.2785298044066019,0.9287372867533795,0.2586810148245369,0.27642060689956843,0.908902396191859,0.25123935196782565,0.2775209341036715,0.8699230214240087,0.24142184950387913,0.28926959004700276,0.7989701681652551,0.2311177730049482
93187.05410821643,0.2783832270560957,0.9286138503859273,0.25851052035942085,0.2764556078465637,0.9087550479322842,0.25123042915975274,0.2776536422238091,0.8697301180572223,0.24148373503033127,0.2893491072730966,0.7987333011160084,0.23111276762721047
93387.43486973949,0.27820748244691745,0.9284893317874092,0.25831267947539577,0.2763996247077036,0.9086072179746238,0.25113869405489664,0.27756195728216115,0.8695371447369719,0.24135043182273577,0.28931788276583226,0.7984966056194603,0.23101934733352603
93587.81563126252,0.2781719654064504,0.9283652537425864,0.25824518724863327,0.2762331348165569,0.9084586797714865,0.2509463889645884,0.27762855361084227,0.869344072970862,0.24135473756905892,0.28931497312805854,0.7982606862964883,0.23094876900505407
93788.19639278557,0.2780517178925337,0.9282427249758277,0.25809948430077556,0.27628088247844235,0.9083102839573836,0.2509487668159905,0.2776038582220147,0.8691508860128924,0.24127963933426144,0.2893942102641706,0.7980254685007807,0.23094395022747818
93988.57715430863,0.2778655555840509,0.9281192032443124,0.25789235805770755,0.27614389025665925,0.9081622642337491,0.2507834606298036,0.2775968705579681,0.8689578577035546,0.24121998194526292,0.28941273594570016,0.7977907605180452,0.23089080671372833
94188.95791583166,0.27782029214362314,0.9279961120543461,0.25781615095908483,0.2760911078385867,0.9080141923780151,0.25069464430680577,0.2776448424872372,0.8687647108788377,0.24120804131042506,0.28937376719917646,0.797556886851191,0.23079204090377645
94389.33867735471,0.2777290006173191,0.9278746141365336,0.25769768928232006,0.2761304244598009,0.9078653771355845,0.25068925194080616,0.27756855197042796,0.8685714579321825,0.24108812186107936,0.2894300211969134,0.7973235502006049,0.23076937203535933
94589.71943887777,0.27753061707266996,0.9277522002630367,0.2574796406295279,0.2759124014149626,0.9077159336901965,0.2504500830670871,0.27768479321262635,0.8683781189383758,0.24113539838777234,0.2894921758424569,0.7970911160798158,0.23075164153863825
94790.1002004008,0.277473752507549,0.927630163477294,0.2573930223992359,0.2759155816629345,0.907566734639801,0.25041180348607084,0.2775503673376758,0.8681847206979459,0.24096498814667236,0.28946045142395044,0.7968595288065976,0.23065931892983418
94990.48096192385,0.2774059529762166,0.9275097347891467,0.2572967218739012,0.27592136774569254,0.9074178046155748,0.250375961766323,0.2777240014612231,0.8679912997434388,0.24106201699827576,0.2894644202145794,0.7966284703402238,0.23059559829346013
95190.86172344691,0.2772013637869723,0.9273884326460489,0.25707333828974743,0.2757556627581434,0.9072686649995705,0.25018447201665256,0.27754838115108277,0.8677978975771791,0.24085590163885917,0.28954459014583067,0.7963981590226595,0.23059277854711002
95391.24248496995,0.2771306361450174,0.9272674251684062,0.2569742114134727,0.27578831651132657,0.9071187575143909,0.2501727550107401,0.2777606742206197,0.8676045590294161,0.24098642727289404,0.28955938944254667,0.7961682738181305,0.2305379992603042
95591.62324649298,0.27708013081190724,0.9271480049175507,0.25689429048455376,0.27569902867714013,0.9069685960435653,0.2500503609698804,0.277564267517869,0.8674113353676376,0.24076239193801494,0.2895268026505268,0.7959389962804849,0.23044567269795838
95792.00400801604,0.2768745172243972,0.9270277218001945,0.2566703529270617,0.27559730171090524,0.906818695961398,0.24991678574796306,0.2777930053711542,0.86721827994652,0.24090717229914674,0.28958078109203467,0.7957099963760441,0.23042232227331494
95992.38476953907,0.2767904011508028,0.9269076281509125,0.2565591342256302,0.27566067391907684,0.9066690895202727,0.24993301223875417,0.2775991269678312,0.8670254456930212,0.2406855067832774,0.2896363613266698,0.7954814636936753,0.23040035664704953
96192.76553106212,0.27675112372589117,0.9267890622275193,0.25648991442833086,0.27549760043398175,0.9065192051170764,0.24974386575707505,0.2778220259163007,0.8668328874987672,0.24082526893578424,0.28961743863640094,0.7952534288470439,0.23031926112949616
96393.14629258518,0.27654649348630267,0.9266696301576259,0.2562672368403404,0.2754272933549698,0.9063687593484995,0.2496386941688592,0.2776539494157095,0.8666406577237686,0.24062620134123244,0.2896233066019,0.7950253786627302,0.23025787900072753
96593.52705410821,0.27645383678770175,0.926550249479398,0.2561483714451818,0.275500114441555,0.9062183883764711,0.24966326970675928,0.2778485830641803,0.8664488029818703,0.2407415722061678,0.28969535118618994,0.7947977210775953,0.23024920492955742
96793.90781563128,0.27641546012278895,0.9264322793970551,0.25608020478214116,0.27536038157862647,0.9060684975496723,0.24949536722165055,0.27772635784156124,0.866257366468547,0.24058250334273215,0.28970583988649956,0.7945699857052789,0.23019156505735178
96994.28857715431,0.276219832541266,0.9263134641810726,0.25586614995681584,0.2753324228936064,0.9059189658658704,0.2494288638171204,0.2778725116353922,0.8660663844442695,0.24065604148851236,0.289692575850258,0.7943425942194478,0.23011515222700807
97194.66933867735,0.2761203469702652,0.9261945451003473,0.25574115915507484,0.27529694146001765,0.9057691628993456,0.24935548021499035,0.27781154578104744,0.8658758836238357,0.24055031768406815,0.28974044476491867,0.7941151407812761,0.23008727408452295
97395.05010020042,0.27607416936100115,0.9260769533326424,0.25566592565567586,0.2751525953281889,0.9056191233789241,0.2491834521765503,0.277895825395169,0.8656858841360081,0.2405704933049226,0.2897910760406692,0.7938880512087211,0.2300616726156052
97595.43086172345,0.27589747335192377,0.9259584824875292,0.2554696057470909,0.2752113326312364,0.9054695579558771,0.24919548370205352,0.2779081802320949,0.8654966767756948,0.24052860643965895,0.28977147781733437,0.7936613569669675,0.22998042429482912
97795.8116232465,0.27579303149101403,0.9258397577315253,0.25534015345968336,0.27515675249329763,0.9053206438945398,0.24910508833916273,0.2779234099578118,0.8653079887223817,0.24048934688946005,0.2897920074932007,0.7934347365079831,0.2299310451074872
97996.19238476956,0.27573251186467035,0.9257222650404483,0.25525172542865493,0.2750092813067133,0.9051721213637447,0.24893073455511652,0.2780082129000256,0.865119811979215,0.2405104128727477,0.28985532354848326,0.7932086543511031,0.22991575114839602
98196.57314629259,0.27557979363972424,0.9256038711307525,0.25507772379834265,0.275071868747692,0.905023366720076,0.24894646874401907,0.2779575672352083,0.864932129093353,0.24041443042635754,0.2898685632918688,0.7929827531242701,0.22986077136336286
98396.95390781562,0.27547745483130176,0.9254850754907693,0.2549502730805523,0.27497588168448683,0.9048747020380495,0.24881871900689997,0.2781076609319754,0.864744911961827,0.2404921847685307,0.28985364374134787,0.792757540942478,0.229783661845608
98597.33466933868,0.2753946603655824,0.9253674241074888,0.2548412474754557,0.27487045352410727,0.9047268635475854,0.24868268329876791,0.2779988874124952,0.8645581265298088,0.24034619727871806,0.289907999343972,0.7925326235989472,0.22976154732239998
98797.71543086172,0.27526926383564354,0.9252488663667804,0.25469257430954734,0.27493897200952633,0.9045797290944471,0.2487042208178831,0.2782011628630682,0.864371732682865,0.24046922117833816,0.2899552358107439,0.7923085157097616,0.2297340025074844
98998.09619238476,0.2751739910969375,0.9251297706148183,0.25457165126267384,0.2747892639566763,0.9044329048636177,0.24852845222567216,0.27804924400911907,0.8641856836838281,0.24028617603179211,0.28994234378391376,0.7920851484836116,0.22965902442776767
99198.47695390783,0.27506539382608797,0.9250117537070378,0.2544387223271866,0.2747759961944403,0.9042859084140229,0.24847606132905756,0.27828559260996355,0.8639999312181177,0.24043873287400164,0.2899578740036996,0.7918622928249957,0.22960670693123078
99398.85771543086,0.27496840899203795,0.9248928387892038,0.2543163123699968,0.2748107500850335,0.9041392438997594,0.2484671837974079,0.278110548635635,0.8638144254362591,0.24023590377745382,0.29002300424096783,0.7916402269217901,0.22959387688985908
99599.2384769539,0.2748815367343418,0.9247732844478791,0.2542031015598976,0.2746089981499577,0.9039935954757997,0.2482447755875875,0.27835748187099857,0.8636291138810843,0.24039762541042048,0.29003940230344916,0.7914186454491141,0.2295425908978664
99799.61923847697,0.2747507978850407,0.9246547568244086,0.25404963220570453,0.27468652250605197,0.9038485276601146,0.248275008935172,0.2781811621078692,0.8634439463928811,0.24019384042257638,0.290029527811587,0.7911978423045648,0.2294707366091394
100000.0,0.27467721962701774,0.9245353715890907,0.25394880531492314,0.27466488316350957,0.9037035556848849,0.2482156315366371,0.2784141342806312,0.8632588754855782,0.24034347247838847,0.2900792439282679,0.7909777775159328,0.22944623566588349
