Xdata,P_Band4_nterms2,omega_Band4_nterms2,P_times_omega_Band4_nterms2,P_Band5,omega_Band5,P_times_omega_Band5,P_Band5_robust_minus1,omega_Band5_robust_minus1,P_times_omega_Band5_robust_minus1,P_Band6,omega_Band6,P_times_omega_Band6,P_Band7_nterms2,omega_Band7_nterms2,P_times_omega_Band7_nterms2
66.66666666666666,0.999990726617957,0.17103477708683248,0.17103319101600192,0.9999821768881929,0.22529329570617762,0.22528928027857886,0.9999821768881929,0.22529329570617762,0.22528928027857886,0.999947573122585,0.3438638148044848,0.34384578709841856,0.9997331922036287,0.5605857418440398,0.5604361731975811
68.49371766444936,0.9999901703173963,0.1769627047105797,0.17696096522335972,0.9999811062571686,0.23254707703838925,0.2325426833537195,0.9999811062571686,0.23254707703838925,0.2325426833537195,0.999944411605225,0.35310760497291865,0.35308797628797534,0.9997168556042809,0.5703227009822323,0.5701612173056978
70.32076866223208,0.9999895656745781,0.18304127640582077,0.1830393664935771,0.9999799423586124,0.23995030665314357,0.23994549381594188,0.9999799423586124,0.23995030665314357,0.23994549381594188,0.9999409727274581,0.36244693164509767,0.36242553739128147,0.9996990466814367,0.5799863151526562,0.5798117663463898
72.14781966001478,0.9999889100233377,0.18926688638679515,0.18926478742144218,0.9999786800134582,0.24749628345948865,0.24749100684205616,0.9999786800134582,0.24749628345948865,0.24749100684205616,0.9999372407783981,0.37186923366462526,0.3718458954409828,0.9996796753052526,0.5895633765119295,0.589374524803314
73.97487065779748,0.9999882006287548,0.19563562933198084,0.19563332095456157,0.9999773139046857,0.25517800517377154,0.25517221618122404,0.9999773139046857,0.25517800517377154,0.25517221618122404,0.9999331995880167,0.3813619606620878,0.3813364855260008,0.9996586477376235,0.5990416355758063,0.5988371513582447
75.80192165558019,0.9999874346866102,0.20214331340764594,0.20214077341356332,0.9999758385758369,0.26298819782705146,0.26298184365765387,0.9999758385758369,0.26298819782705146,0.26298184365765387,0.999928832518355,0.39091263296124956,0.39088481269361847,0.9996358664617441,0.6084098133130437,0.6081882708950124
77.6289726533629,0.9999866093227948,0.20878547454198496,0.20878267876309023,0.9999742484294263,0.27091934630594666,0.2709123697072805,0.9999742484294263,0.27091934630594666,0.2709123697072805,0.999924122454146,0.40050889863467626,0.40047850900235515,0.9996112299980997,0.6176576033966951,0.6174174766490488
79.4560236511456,0.9999857215926936,0.2155573918459657,0.21555431402972702,0.9999725377252613,0.2789637256701964,0.2789560646917199,0.9999725377252613,0.2789637256701964,0.2789560646917199,0.9999190517928623,0.4101385872799017,0.4101053872965834,0.9995846327061637,0.6267756655224777,0.6265153234104471
81.2830746489283,0.9999847684805347,0.22245410406984165,0.22245071575582537,0.9999707005786792,0.28711343299022757,0.28710502073278754,0.9999707005786792,0.28711343299022757,0.28710502073278754,0.9999136024341942,0.41978976015566105,0.41975349134223344,0.9995559645709728,0.6357556107531361,0.635473312737759
83.11012564671101,0.9999837468987117,0.22947042697802544,0.2294666973719331,0.9999687309587064,0.2953604194510131,0.2953511838138608,0.9999687309587064,0.2953604194510131,0.2953511838138608,0.9999077557689692,0.42945075638715513,0.4294111420323666,0.999525110973661,0.6445899798702172,0.6442838711622887
84.93717664449372,0.999982653687091,0.23660097151995965,0.2365968673654731,0.9999666226861479,0.303696522474315,0.30368638590016855,0.9999666226861479,0.303696522474315,0.30368638590016855,0.9999014926675013,0.439110235017129,0.43906697943920453,0.9994919524449282,0.6532722157136899,0.6529403223617002
86.76422764227642,0.9999814856122944,0.24384016267072064,0.24383564811941075,0.9999643694316094,0.3121134976199387,0.3121023768386161,0.9999643694316094,0.3121134976199387,0.3121023768386161,0.9998947934673674,0.44875721275427266,0.4487100005639249,0.9994563644003087,0.6617966304688397,0.6614368542607612
88.59127864005912,0.9999802393669651,0.25118225881245887,0.2511772952920176,0.9999619647134508,0.32060305003763895,0.32059085580876223,0.9999619647134508,0.32060305003763895,0.32059085580876223,0.999887637960596,0.4583810973167829,0.45832959268186413,0.999418216855994,0.670158368822365,0.6697684819795696
90.41832963784182,0.9999789115690214,0.2586213715264519,0.2586159176075089,0.9999594018956804,0.32915686525459165,0.32914350210983856,0.9999594018956804,0.32915686525459165,0.32914350210983856,0.9998800053802512,0.4679717163540967,0.4679155622659396,0.9993773741238572,0.6783533678590541,0.6779310074990564
92.24538063562454,0.9999774987608895,0.26615148566548286,0.2661454969272643,0.99995667418578,0.3377666390985765,0.3377520050839212,0.99995667418578,0.3377666390985765,0.3377520050839212,0.9998718743863827,0.4775193419676418,0.47745815950893805,0.9993336944841862,0.6863783145100285,0.6859209768531355
94.07243163340725,0.9999759974087259,0.27376647957746925,0.2737599084725554,0.999953774632467,0.34642410657391426,0.3464080929922656,0.999953774632467,0.34642410657391426,0.3464080929922656,0.9998632230513335,0.48701471090978177,0.4869480985236678,0.9992870298345217,0.6942306012963152,0.6937356355896288
95.89948263118994,0.999974403901622,0.2814601453537311,0.2814529410721611,0.9999506961233893,0.3551210695254337,0.35510356068003995,0.9999506961233893,0.3551210695254337,0.35510356068003995,0.9998540288443521,0.4964490405841527,0.49637657334397833,0.9992372253128499,0.7019082810400704,0.701372883170592
97.72653362897265,0.9999727145507954,0.28922620897889517,0.28921831731186143,0.999947431382749,0.3638494229449631,0.3638302958839113,0.999947431382749,0.3638494229449631,0.3638302958839113,0.9998442686155027,0.5058140410098679,0.5057352698889633,0.9991841188932539,0.7094100211424695,0.708831226909283
99.55358462675538,0.9999709255887625,0.2970583502641327,0.2970497134674956,0.9999439729688583,0.37260117979475876,0.37258030405685494,0.9999439729688583,0.37260117979475876,0.37258030405685494,0.9998339185788142,0.5151019229452977,0.5150163740858794,0.9991275409519818,0.7167350579540174,0.7161097359676735
101.38063562453807,0.9999690331684968,0.3049502224511534,0.30494077910899786,0.9999403132716138,0.38136849424250363,0.38134573160477275,0.9999403132716138,0.38136849424250363,0.38134573160477275,0.9998229542946511,0.5243054023942759,0.5242125763744908,0.9990673138017099,0.7238831516914518,0.7232079958666944
103.20768662232078,0.9999670333625686,0.3128954713809564,0.3128851562693975,0.9999364445098985,0.3901436832227996,0.39011888744980233,0.9999364445098985,0.3901436832227996,0.39011888744980233,0.9998113506512476,0.5334177017388733,0.5333170728368272,0.9990032511916187,0.7308545422867678,0.7301260638926435
105.03473762010348,0.9999649221622648,0.32088775412872506,0.3208764980801545,0.9999323587288936,0.3989192462600744,0.3988922628551886,0.9999323587288936,0.3989192462600744,0.3988922628551886,0.9997990818453781,0.5424325477585156,0.5423235632120131,0.9989351577706923,0.737649906489137,0.7368644257182625
106.86178861788619,0.9999626954766907,0.3289207570142759,0.32890848678222895,0.9999280477973084,0.40768788350732105,0.40765854946609204,0.9999280477973084,0.40768788350732105,0.40765854946609204,0.9997861213621053,0.5513441668056125,0.551226246066205,0.998862828511459,0.7442703164803502,0.7434239534966814
108.68883961566888,0.9999603491318474,0.3369882129060304,0.3369748510308315,0.9999235034045155,0.4164425119737997,0.41641065553941875,0.9999235034045155,0.4164425119737997,0.41641065553941875,0.9997724419535674,0.5601472774133907,0.5600198113932279,0.9987860480911646,0.7507172002092839,0.7498058656310942
110.51589061345159,0.99995787886969,0.34508391774542746,0.34506938242076024,0.9999187170575904,0.4251762799320422,0.42514172035296655,0.9999187170575904,0.4251762799320422,0.42514172035296655,0.9997580156167482,0.5688370806127795,0.5686994309226566,0.9987045902271272,0.7569923036010502,0.7560116883729759
112.3429416112343,0.9999552803471583,0.3532017462279214,0.353185951168447,0.999913680078246,0.433882579514341,0.4338451268040269,0.999913680078246,0.433882579514341,0.4338451268040269,0.9997428135701799,0.577409248232469,0.577260746409371,0.9986182169627792,0.763097654751996,0.7620432193569167
114.16999260901699,0.9999525491351839,0.3613356665860736,0.3613185208962052,0.9999083835996655,0.44255505751620977,0.4425145122148903,0.9999083835996655,0.44255505751620977,0.4425145122148903,0.9997268062295255,0.5858599094501697,0.5856998561725372,0.9985266779009372,0.7690355301822319,0.76790249314065
115.9970436067997,0.9999496807176697,0.3694797544296551,0.3694611624735766,0.9999028185632186,0.4511876244488172,0.4511437773872153,0.9999028185632186,0.4511876244488172,0.4511437773872153,0.9997099631819768,0.5941856358541493,0.594013300143011,0.9984297093785894,0.7748084231848427,0.7735917487845256
117.82409460458241,0.9999466704904402,0.37762820560696775,0.3776080668799668,0.9998969757150631,0.45977446188699395,0.45972709395182576,0.9998969757150631,0.45977446188699395,0.45972709395182576,0.9996922531594138,0.6023834252628234,0.6021980436668772,0.9983270335820023,0.7804190142777093,0.7791133994748558
119.65114560236512,0.9999435137601617,0.38577534806072367,0.3857535570618894,0.9998908456026212,0.46831002817349066,0.4682589100745789,0.9998908456026212,0.46831002817349066,0.4682589100745789,0.9996736440102608,0.6104506845369888,0.6102514602996498,0.9982183575942386,0.7858701437443557,0.784470004170839
121.47819660014781,0.9999402057432317,0.39391565266064776,0.3938920987669675,0.999884418570928,0.47678906254907705,0.4767339545878617,0.999884418570928,0.47678906254907705,0.4767339545878617,0.9996541026699673,0.6183852116046799,0.6181713138110542,0.9981033723714962,0.79116478622575,0.789664241233495
123.30524759793053,0.9999367415646332,0.40204374300343654,0.4020183103453051,0.9998776847588453,0.4852065877859974,0.4851472396252025,0.9998776847588453,0.4852065877859974,0.4851472396252025,0.9996335951300566,0.6261851769029931,0.6259557396046895,0.9979817516424232,0.7963060273097685,0.794698883978022
125.13229859571322,0.9999331162567571,0.41015440417872234,0.4101269715168633,0.999870634095135,0.493557911408739,0.4934940618429263,0.999870634095135,0.493557911408739,0.4934940618429263,0.9996120864056557,0.6338491044249442,0.6336032257405748,0.9978531507244247,0.8012970420513944,0.7995767780771458
126.95934959349593,0.9999293247581842,0.41824259050721463,0.41821303111099284,0.9998632562943841,0.501838625591086,0.5017700023178016,0.9998632562943841,0.501838625591086,0.5017700023178016,0.9995895405014408,0.6413758525428344,0.6411125937320117,0.9977172052504893,0.8061410753464012,0.8043008207322356
128.78640059127864,0.999925361912431,0.42630343226415385,0.42627161379124556,0.9998555408527813,0.5100446058221046,0.5099709252133041,0.9998555408527813,0.5100446058221046,0.5099709252133041,0.9995659203759162,0.64876459476297,0.6484829792715564,0.9975735297995619,0.8108414240735984,0.808873941520803
130.61345158906136,0.9999212224666575,0.43433224140717763,0.43429802578454846,0.9998474770437271,0.5181720084360933,0.5180929753095088,0.9998474770437271,0.5181720084360933,0.5180929753095088,0.9995411879039444,0.6560148005501889,0.6557138130245049,0.9974217164229292,0.8154014209153819,0.8132990848231156
132.44050258684405,0.9999169010703307,0.4423245163358949,0.44228775964202094,0.9998390539132849,0.5262172671027646,0.5261325744928625,0.9998390539132849,0.5262172671027646,0.5261325744928625,0.9995153038374356,0.6631262163446598,0.6628048016123017,0.9972613330584701,0.8198244197629734,0.8175791937267096
134.26755358462674,0.9999123922738468,0.4502759457095629,0.4502364980578178,0.9998302602754545,0.5341770883740702,0.534086417302231,0.9998302602754545,0.5341770883740702,0.534086417302231,0.999488227764112,0.6700988468780498,0.669755908892917,0.9970919218239965,0.8241137826110901,0.8217171953053352
136.09460458240943,0.999907690527107,0.4581824113616935,0.4581401167848119,0.9998210847072689,0.5420484463832724,0.5419514656268134,0.9998210847072689,0.5420484463832724,0.5419514656268134,0.9994599180642507,0.6769329368814968,0.6765673376305734,0.996912997180202,0.8282728678465413,0.8257159871679368
137.92165558019215,0.9999027901780502,0.46603999034836635,0.4659946866838831,0.9998115155437038,0.5498285767901974,0.549724942649845,0.9998115155437038,0.5498285767901974,0.549724942649845,0.9994303318652983,0.6836289532640031,0.683239511633369,0.9967240439529707,0.8323050198361921,0.8295784251734868
139.7487065779749,0.9998976854711341,0.4738449561725786,0.47379647494913235,0.9998015408723915,0.5575149700641907,0.5574043261296031,0.9998015408723915,0.5575149700641907,0.5574043261296031,0.9993994249942622,0.6901875678269398,0.6897730584244319,0.9965245152040153,0.8362135597216248,0.8333073122086161
141.57575757575756,0.9998923705457681,0.4815937792291959,0.48154194555357593,0.9997911485281343,0.5651053641932485,0.5649873411061775,0.9997911485281343,0.5651053641932485,0.5649873411061775,0.9993671519277577,0.6966096405683826,0.6961687925002435,0.9963138299379173,0.8400017773304768,0.8369053879267849
143.40280857354028,0.9998868394346933,0.4892831265170917,0.48922775896189996,0.9997803260872109,0.5725977369042123,0.5724719521188925,0.9997803260872109,0.5725977369042123,0.5724719521188925,0.9993334657396085,0.7028962036199837,0.7024276992187719,0.9960913706327162,0.8436729241176688,0.8403753193500804
145.22985957132298,0.9998810860623117,0.4969098606665426,0.4968507711583346,0.9997690608614586,0.5799902974748948,0.5798563550152336,0.9997690608614586,0.5799902974748948,0.5798563550152336,0.9992983180458599,0.709048445849065,0.7085509193500016,0.9958564805801884,0.84723020705342,0.8437196922374431
147.0569105691057,0.9998751042429587,0.5044710383308983,0.5044080320386606,0.9997573398921401,0.5872814782146543,0.5871389684278066,0.9997573398921401,0.5872814782146543,0.5871389684278066,0.9992616589470994,0.7150676981495436,0.7145397343123967,0.9956084610208739,0.8506767833789297,0.8469410031260834
148.8839615668884,0.9998688876791149,0.5119639079920209,0.5118967832158345,0.9997451499435658,0.5944699256853103,0.594318424991201,0.9997451499435658,0.5944699256853103,0.594318424991201,0.9992234369679329,0.7209554194371802,0.7203955521106769,0.9953465680577501,0.8540157561548165,0.8500416519559411
150.71101256467108,0.9998624299595656,0.5193859072290048,0.5193144552887463,0.9997324774964799,0.6015544917295289,0.6013935623658977,0.9997324774964799,0.6015544917295289,0.6013935623658977,0.9991835989934824,0.7267131833574186,0.7261198939830761,0.9950700093312275,0.8572501705317094,0.8530239351901844
152.5380635624538,0.9998557245574943,0.5267346594993271,0.5266586646232447,0.9997193087411923,0.6085342243688977,0.608363414131432,0.9997193087411923,0.6085342243688977,0.608363414131432,0.9991420902027601,0.7323426657077261,0.7317143817598787,0.9947779404368055,0.8603830106767567,0.855890039347842
154.36511456023652,0.9998487648285136,0.5340079704808236,0.5339272096938328,0.9997056295704482,0.6154083586290088,0.6152272006061293,0.9997056295704482,0.6154083586290088,0.6152272006061293,0.9990988539987572,0.7378456325708035,0.7371807259294778,0.9944694610653234,0.8634171972941518,0.8586420348676471
156.1921655580192,0.9998415440086318,0.5412038240218418,0.5411180670333741,0.9996914255720293,0.6221763073439607,0.6219843196458251,0.9996914255720293,0.6221763073439607,0.6219843196458251,0.9990538319350858,0.7432239291502558,0.7425207144034138,0.99414361084426,0.8663555856820568,0.8612818702250536
158.0192165558019,0.9998340552121551,0.5483203777455703,0.5482293868368142,0.9996766820210697,0.6288376519878576,0.6286343374691417,0.9996766820210697,0.6288376519878576,0.6286343374691417,0.9990069636390028,0.7484794692962311,0.74773620196776,0.9937993648569252,0.8692009642724713,0.8638113662270089
159.84626755358462,0.9998262914295135,0.555355958352986,0.5552594882633494,0.999661383872082,0.6353921335761762,0.6351769795521951,0.999661383872082,0.6353921335761762,0.6351769795521951,0.9989581867306346,0.7536142257051239,0.7528291004048018,0.9934356288147301,0.87195605360463,0.8662322104115262
161.67331855136734,0.9998182455250225,0.5623090566670643,0.5622068544796948,0.9996455157506865,0.6418396436752997,0.6416121216310318,0.9996455157506865,0.6418396436752997,0.6416121216310318,0.9989074367382116,0.758630220774601,0.7578013692661002,0.9930512338559434,0.8746235056863947,0.868545951481285
163.50036954915004,0.9998099102345656,0.5691783224589739,0.5690701274851674,0.9996290619450123,0.6481802155541252,0.647939780845686,0.9996290619450123,0.6481802155541252,0.647939780845686,0.998854647009106,0.7635295180929236,0.76265500727574,0.9926449309425043,0.8772059037018095,0.8707539937024398
165.32742054693273,0.9998012781632019,0.5759625590949037,0.5758481027572334,0.999612006396791,0.6544140155074739,0.6541601070556067,0.999612006396791,0.6544140155074739,0.6541601070556067,0.9987997486164788,0.7683142145397363,0.7673920443407559,0.9922153848245177,0.8797057620265164,0.8728575912014855
167.15447154471545,0.9997923417826995,0.5826607180399993,0.5825397237540001,0.9995943326920996,0.6605413343770498,0.6602733743521761,0.9995943326920996,0.6605413343770498,0.6602733743521761,0.9987426702612886,0.7729864329741171,0.7720145341443183,0.9917611675400686,0.8821255265160669,0.8748578420944723
168.98152254249814,0.9997830934289799,0.5892718932536689,0.5891440763079047,0.9995760240517602,0.6665625792919666,0.6662799727903501,0.9995760240517602,0.6665625792919666,0.6662799727903501,0.9986833381696465,0.7775483154845837,0.7765245472963295,0.9912807514159322,0.8844675750353145,0.8767556823840339
170.80857354028086,0.9997735252994836,0.5957953155082307,0.595660382942582,0.9995570633213751,0.6724782656473571,0.6721804003579238,0.9995570633213751,0.6724782656473571,0.6721804003579238,0.9986216759843072,0.7820020171758376,0.780924165015244,0.9907725015326604,0.8867342182000333,0.8785518795606548
172.6356245380636,0.999763629450452,0.602230346660601,0.6020879971426064,0.9995374329609842,0.6782890093363272,0.6779752551976815,0.9995374329609842,0.6782890093363272,0.6779752551976815,0.9985576046519089,0.7863497004648459,0.7852154733149226,0.9902346676154218,0.8889277003046887,0.8802470258453546
174.46267553584624,0.9997533977941131,0.6085764739044371,0.6084263976035215,0.9995171150343386,0.6839955192475048,0.6836652280946804,0.9995171150343386,0.6839955192475048,0.6836652280946804,0.9984910423038484,0.7905935298612009,0.7894005576697892,0.9896653753098811,0.8910502004128878,0.8818415310115654
176.289726533629,0.99974282209578,0.6148333040278947,0.6146751824873202,0.9994960911977627,0.6895985900376752,0.6892510952381448,0.9994960911977627,0.6895985900376752,0.6892510952381448,0.9984219041314176,0.7947356672050111,0.7934814981319798,0.9890626168003773,0.8931038335894562,0.8833356147244363
178.11677753141169,0.9997318939708573,0.6210005576999552,0.6208340637063349,0.9994743426885998,0.6950990951864552,0.6947337112649228,0.9994743426885998,0.6950990951864552,0.6947337112649228,0.9983501022547077,0.7987782673366158,0.7974603648743487,0.9884242407257467,0.8950906522553654,0.884729298336223
179.9438285291944,0.9997206048817455,0.6270780638061157,0.6269028612563239,0.9994518503132233,0.7004979803376717,0.7001140025891619,0.9994518503132233,0.7004979803376717,0.7001140025891619,0.9982755455849777,0.802723474172764,0.8013392141336847,0.9877479413464177,0.8970126476488325,0.8860223960768339
181.77087952697707,0.9997089461346447,0.6330657538521581,0.6328814976174754,0.9994285944345975,0.7057962569300391,0.7053929610207891,0.9994285944345975,0.7057962569300391,0.7053929610207891,0.9981981396801407,0.8065734171644994,0.8051200845290574,0.9870312469149225,0.8988717513778813,0.8872145055791104
183.5979305247598,0.9996969088762601,0.6389636564527112,0.638769992240048,0.9994045549593678,0.7109949961178638,0.7105716376735111,0.9994045549593678,0.7109949961178638,0.7105716376735111,0.9981177865930209,0.8103302081127044,0.8088049937309145,0.986271507200913,0.9006698370514763,0.8883049976791602
185.42498152254248,0.9996844840903918,0.6447718919193873,0.6445684561294186,0.999379711324468,0.7160953229808663,0.7156511371614198,0.999379711324468,0.7160953229808663,0.7156511371614198,0.9980343847120103,0.8139959383180388,0.8123959354573195,0.9854658801211466,0.9024087219779959,0.8892930054330448
187.25203252032523,0.9996716625944263,0.6504906669614718,0.6502770865435318,0.9993540424832253,0.7210984110207379,0.7206326120818048,0.9993540424832253,0.7210984110207379,0.7206326120818048,0.9979478285937284,0.8175726760428668,0.8158948767745426,0.9846113174250342,0.9040901689215953,0.8901774122929137
189.0790835181079,0.9996584350357032,0.6561202695104023,0.6558961618139725,0.9993275268909386,0.7260054769407794,0.7255172577805055,0.9993275268909386,0.7260054769407794,0.7255172577805055,0.9978580087872808,0.8210624642636629,0.8193037556801166,0.9837045493872086,0.905715887907937,0.8909568393873127
190.9061345158906,0.9996447918877717,0.6616610636776505,0.6614260363002866,0.9993001424899206,0.7308177757038578,0.7303063073950319,0.9993001424899206,0.7308177757038578,0.7303063073950319,0.9977648116496752,0.8244673186933312,0.8226244789473643,0.9827420684606768,0.9072875380728054,0.8916296318542638
192.73318551367336,0.999630723446521,0.6671134848541088,0.6668671354856426,0.9992718666939735,0.735536595862962,0.7350010271697128,0.9992718666939735,0.735536595862962,0.7350010271697128,0.9976681191519486,0.8277892260538072,0.8258589202113491,0.9817201118474691,0.9088067295478448,0.8921938441794428
194.56023651145603,0.9996162198261954,0.6724780349576462,0.6722199512205105,0.999242676372287,0.7401632551578421,0.7396027120363461,0.999242676372287,0.7401632551578421,0.7396027120363461,0.9975678086755085,0.8310301425802953,0.8290089182771205,0.9806346429488495,0.9102750253789996,0.8926472244977902
196.38728750923877,0.9996012709552693,0.6777552778341951,0.6774850371197031,0.999212547832724,0.7446990963705304,0.7441126814531249,0.999212547832724,0.7446990963705304,0.7441126814531249,0.9974637527982013,0.834191992739444,0.8320762756320957,0.9794813316643999,0.9116939434742377,0.8929871978245144
198.21433850702147,0.9995858665721992,0.682945834816507,0.682663004116932,0.9991814568044853,0.7491454834320035,0.7485322754940896,0.9991814568044853,0.7491454834320035,0.7485322754940896,0.9973558190695612,0.8372766681447168,0.8350627571453072,0.9782555335191656,0.9130649585780726,0.8932108481914472
200.04138950480413,0.9995699962210336,0.6880503804435996,0.6877545161798896,0.9991493784201234,0.7535037977718039,0.7528628511809002,0.9991493784201234,0.7535037977718039,0.7528628511809002,0.9972438697746786,0.8402860266531605,0.8379700889371865,0.9769522676111112,0.9143895042712271,0.8933148996775752
201.86844050258685,0.9995536492468882,0.6930696383428975,0.6927602861878642,0.9991162871968711,0.7577754349020935,0.757105779048374,0.9991162871968711,0.7577754349020935,0.757105779048374,0.9971277616861066,0.8432218916286902,0.8407999574044406,0.9755661933880576,0.9156689749945051,0.8932956963389338
203.69549150036957,0.9995368147912665,0.6980043772761367,0.6976810719729513,0.9990821570172806,0.761961801227374,0.7612624399350173,0.9990821570172806,0.761961801227374,0.7612624399350173,0.9970073458031754,0.8460860513579009,0.8435540083854299,0.9740915862848664,0.9169047280965317,0.8931491810636446
205.52254249815223,0.9995194817872431,0.7028554073492658,0.7025176725250998,0.9990469611091256,0.766064311070935,0.7653342219895735,0.9990469611091256,0.766064311070935,0.7653342219895735,0.996882467078059,0.8488802586052901,0.8462338464523024,0.9725223122787825,0.9180980859055018,0.8928708734035429
207.34959349593493,0.9995016389544826,0.7076235763858234,0.707270924360463,0.9990106720245554,0.7700843839090001,0.769322517884546,0.9990106720245554,0.7700843839090001,0.769322517884546,0.9967529641279168,0.8516062302956063,0.8488410343169469,0.9708518014546262,0.9192503378253893,0.892455846465553
209.17664449371765,0.9994832747941024,0.7123097664625937,0.7119416980518555,0.9989732616184552,0.7740234418035082,0.7732287222275932,0.9989732616184552,0.7740234418035082,0.7732287222275932,0.9966186689323594,0.8542656473118438,0.8513770923385702,0.9690730207131268,0.9203627424572368,0.8918987029848521
211.0036954915004,0.9994643775833761,0.716914890605744,0.7165308949195242,0.9989347010260008,0.7778829070244933,0.7770542291617485,0.9989347010260008,0.7778829070244933,0.7770542291617485,0.9964794065155141,0.856860154398177,0.8538434981214872,0.9671784458064521,0.9214365297461041,0.8911935507491276
212.83074648928306,0.9994449353702597,0.721439889645126,0.7210394438799002,0.9988949606393644,0.7816641998530999,0.7808004301454625,0.9988949606393644,0.7816641998530999,0.7808004301454625,0.9963349946118429,0.8593913601578548,0.8562416861923406,0.9651600329464326,0.9224729031539951,0.8903339776003012
214.6577974870658,0.999424935967751,0.7258857292239602,0.7254682984495606,0.9988540100835402,0.7853687365563886,0.7844687119035922,0.9988540100835402,0.7853687365563886,0.7844687119035922,0.9961852433149027,0.8618608371367882,0.8585730477466971,0.9630091903047353,0.9234730418585715,0.8893130263084739
216.4848484848485,0.9994043669480616,0.7302533969607226,0.7298184339012024,0.9988118181912647,0.7889979275252346,0.7880604545406192,0.9988118181912647,0.7889979275252346,0.7880604545406192,0.9960299547081403,0.8642701219842137,0.8608389304555353,0.9607167498120313,0.9244381029766403,0.8881231696941178
218.31189948263122,0.9993832156366116,0.7345438997597202,0.7340908445681261,0.9987683529769847,0.7925531755668114,0.7915770298075432,0.9987683529769847,0.7925531755668114,0.7915770298075432,0.9958689224767963,0.8666207156824578,0.8630406383227592,0.9582729397669192,0.9253692238102429,0.8867562864704737
220.1389504804139,0.9993614691058229,0.7387582612665571,0.7382865412934099,0.9987235816099836,0.7960358743432698,0.7950197995141454,0.9987235816099836,0.7960358743432698,0.7950197995141454,0.9957019314999275,0.8689140838384151,0.8651794315853998,0.955667358886772,0.9262675241115982,0.8852036383903205
221.96600147819663,0.9993391141687258,0.7428975194644458,0.742406549019743,0.9986774703859417,0.7994474069489435,0.7983901140783713,0.9986774703859417,0.7994474069489435,0.7983901140783713,0.9955287574215196,0.8711516570299168,0.8672565266486909,0.9528889525734798,0.9271341083611376,0.8834558494113915
223.7930524759793,0.9993161373723518,0.7469627244071454,0.7464519045156771,0.9986299846982455,0.8027891446174542,0.8016893112052459,0.9986299846982455,0.8027891446174542,0.8016893112052459,0.9953491661996043,0.873334831200695,0.869273096048684,0.9499259923287928,0.927970068050314,0.8815028877441119
225.62010347376201,0.9992925249909221,0.7509549360841418,0.7504236542339185,0.9985810890076616,0.8060624455519385,0.8049187146874337,0.9985810890076616,0.8060624455519385,0.8049187146874337,0.9951629136322385,0.8754649680981438,0.8712302684355036,0.9467660594375529,0.9287764839577363,0.8793340518149315
227.4471544715447,0.9992682630188198,0.7548752224135854,0.7543228522971688,0.9985307468110013,0.8092686538707011,0.8080796333202449,0.9985307468110013,0.8092686538707011,0.8080796333202449,0.9949697448591447,0.8775433957485427,0.873129128570755,0.9433960342427792,0.9295544284034016,0.8769379613685825
229.27420546932743,0.9992433371633317,0.758724657358419,0.7581505586069319,0.9984789206085956,0.8124090986613489,0.8111733599239856,0.9984789206085956,0.8124090986613489,0.8111733599239856,0.9947693938377599,0.8795714089648508,0.8749707173329889,0.9398020925635753,0.9303049674613257,0.8743025551424427
231.1012564671101,0.9992177328371648,0.7625043191610771,0.7619078370706773,0.9984255718705397,0.8154850931366586,0.8142011704668687,0.9984255718705397,0.8154850931366586,0.8142011704668687,0.9945615827923647,0.8815502698825762,0.8767560317254514,0.9359697110525931,0.931029163105651,0.8714150967735337
232.9283074648928,0.9991914351507258,0.7662152886921283,0.7655957539427154,0.9983706610016522,0.8184979338857179,0.8171643232819708,0.9983706610016522,0.8184979338857179,0.8171643232819708,0.994346021634916,0.8834812085196203,0.8784860248806922,0.9318836835498528,0.9317280752593489,0.8682621908394965
234.75535846267556,0.999164428904149,0.7698586479082242,0.7692153762741412,0.9983141473051029,0.8214489002141563,0.82006405837201,0.9983141473051029,0.8214489002141563,0.82006405837201,0.9941224073561172,0.8853654233563395,0.8801616060568721,0.9275281507566817,0.9324027637079311,0.8648298111824365
236.58240946045822,0.9991366985790723,0.7734354784147527,0.7727677704672413,0.9982559889446648,0.8243392535675659,0.8229015967959973,0.9982559889446648,0.8243392535675659,0.8229015967959973,0.9938904233852155,0.8872040819324067,0.8817836406208911,0.922886645816367,0.9330542898332235,0.861103343908756
238.40946045824097,0.9991082283301558,0.7769468601286323,0.7762540009297952,0.9981961429055155,0.827170237032489,0.8256781401320715,0.9981961429055155,0.827170237032489,0.8256781401320715,0.993649738916919,0.8889983214573576,0.8833529500136825,0.9179421586314932,0.9336837181143643,0.8570676476849782
240.23651145602366,0.9990790019763228,0.7803938700367514,0.7796751288247578,0.9981345649535598,0.8299430749096236,0.8283948700111369,0.9981345649535598,0.8299430749096236,0.8283948700111369,0.9934000082037682,0.8907492494319954,0.8848703116932446,0.9126772219510627,0.9342921173350067,0.8527071341400903
242.06356245380638,0.9990490029917276,0.7837775810456219,0.7830322109108966,0.998071209593186,0.8326589723541603,0.8310529477161359,0.998071209593186,0.8326589723541603,0.8310529477161359,0.9931408698122106,0.8924579442780919,0.8863364590511615,0.9070740223965963,0.9348805614275559,0.8480058713144814
243.89061345158908,0.9990182144964306,0.7870990609179142,0.7863262984700319,0.9980060300234265,0.8353191150784366,0.8336535138421122,0.9980060300234265,0.8353191150784366,0.8336535138421122,0.992871945840546,0.894125455974069,0.8877520812985394,0.9011145396319292,0.9354501298776298,0.8429477131333087
245.71766444937177,0.9989866192467803,0.7903593712916319,0.7895584363166381,0.9979389780924218,0.8379246691123335,0.8361976880123928,0.9979389780924218,0.8379246691123335,0.8361976880123928,0.9925928410968393,0.8957528066945742,0.8891178233174354,0.8947807167761375,0.936001907605424,0.8375164577910132
247.54471544715446,0.9989541996254853,0.7935595667777905,0.7927296618856545,0.9978700042501656,0.8404767806171022,0.8386865686465532,0.9978700042501656,0.8404767806171022,0.8386865686465532,0.9923031422347939,0.897340991452073,0.8904342854739774,0.8880546648662251,0.9365369842360786,0.8316960376705959
249.3717664449372,0.9989209376313695,0.7967006941325833,0.795841004394483,0.9977990574994209,0.8429765757485347,0.8411212327759771,0.9977990574994209,0.8429765757485347,0.8411212327759771,0.9920024168455129,0.8988909787387742,0.8917020233894926,0.8809189036446691,0.9370564526694268,0.8254707429387143
251.19881744271987,0.9988868148688056,0.7997837915001293,0.7988934840752612,0.9977260853447659,0.845425160565631,0.8435027359031172,0.9977260853447659,0.845425160565631,0.8435027359031172,0.9916902125029774,0.9004037111673903,0.8929215476660587,0.873356640123525,0.9375614068618062,0.8188254802063123
253.0258684405026,0.9988518125367989,0.8028098877220285,0.8018881114736123,0.9976510337396801,0.8478236209811341,0.8458321119007471,0.9976510337396801,0.8478236209811341,0.8458321119007471,0.9913660557609778,0.9018801061093947,0.8940933235629628,0.8653520852113541,0.9380529387401091,0.811746066577392
254.85291943828534,0.9988159114177374,0.8057800017100704,0.8048258868102299,0.9975738470316005,0.8501730227505161,0.8481103729477167,0.9975738470316005,0.8501730227505161,0.8481103729477167,0.9910294510991716,0.9033210563295941,0.8952177706206416,0.8568908071414325,0.9385321341822497,0.8042195579875991
256.679970436068,0.9987790918657686,0.8086951418785714,0.8077077994017384,0.9974944679048623,0.8524744114962087,0.8503385094979213,0.9974944679048623,0.8524744114962087,0.8503385094979213,0.9906798798158011,0.9047274306159749,0.8962952622286926,0.8479601184875848,0.9390000680198771,0.7962346089379851
258.5070214338507,0.9987413337948127,0.8115563056329559,0.810534827137449,0.9974128373214476,0.8547288127640575,0.8525174902793909,0.9974128373214476,0.8547288127640575,0.8525174902793909,0.9903167988645777,0.9061000744039125,0.8973261251346383,0.8385494912053536,0.9394577980494226,0.7877818585632452
260.33407243163344,0.9987026166663167,0.8143644789112462,0.813307936008763,0.9973288944594484,0.8569372321091805,0.8546482623205887,0.9973288944594484,0.8569372321091805,0.8546482623205887,0.9899396396331084,0.9074398103939525,0.8983106388901255,0.8286509914401441,0.9399063580769216,0.7788543354813362
262.1611234294161,0.9986629194761083,0.817120635775652,0.8160280796878864,0.997242576649156,0.8591006552085722,0.8567317510011747,0.997242576649156,0.8591006552085722,0.8567317510011747,0.9895478066601678,0.9087474391624794,0.8992490352312758,0.8182597229028877,0.9403467500702909,0.7694478711451472
263.9881744271988,0.9986222207415857,0.8198257380506263,0.818696199153226,0.9971538193066888,0.8612200479979825,0.858768860124678,0.9971538193066888,0.8612200479979825,0.858768860124678,0.9891406762890438,0.9100237397646953,0.9001414973899355,0.8073742645925172,0.9407799355487424,0.7595615086070616
265.8152254249815,0.9985804984879978,0.8224807350051411,0.8213132223582086,0.9970625558650484,0.8632963568307459,0.8607604720106484,0.9970625558650484,0.8632963568307459,0.8607604720106484,0.9887175952541056,0.9112694703294196,0.9009881593325864,0.7959970857745733,0.9412068264004934,0.7491978909259274
267.6422764227642,0.9985377302343995,0.8250865630761223,0.8238800639409328,0.9969687177025165,0.8653305086564002,0.8627074476040376,0.9969687177025165,0.8653305086564002,0.8627074476040376,0.9882778791976606,0.9124853686453049,0.9017891049236775,0.7841349186995535,0.941628275383325,0.7383636111629044
269.46932742054696,0.9984938929791651,0.8276441456304847,0.8263976249719978,0.9968722340682734,0.867323411217073,0.8646106265996794,0.9968722340682734,0.867323411217073,0.8646106265996794,0.9878208111141307,0.9136721527381468,0.9025443670101901,0.7717990679016492,0.9420450666230165,0.7270695043409912
271.29637841832965,0.9984489631850338,0.8301543927632653,0.8288667927379836,0.9967730320051427,0.8692759532597575,0.8664708275798891,0.9967730320051427,0.8692759532597575,0.8664708275798891,0.9873456397184892,0.9148305214390325,0.9032539264242206,0.7590056344104958,0.9424579064763251,0.7153308612102509
273.12342941611234,0.9984029167636671,0.8326182011294708,0.8312884405581813,0.9966710362693322,0.8711890047627222,0.8682888481633105,0.9966710362693322,0.8711890047627222,0.8682888481633105,0.9868515777359023,0.9159611549431425,0.9039177109004394,0.7457756341646821,0.9428674151615777,0.7031675444753401
274.95048041389504,0.9983557290597216,0.835036453807374,0.8336634276323054,0.9965661692470666,0.873063417174432,0.8700654651632774,0.9965661692470666,0.873063417174432,0.8700654651632774,0.986337800109441,0.9170647153590749,0.9045355939052606,0.7321349925569687,0.9432741195744202,0.6906039905137993
276.7775314116777,0.9983073748343939,0.8374100201911046,0.8359925989169984,0.9964583508679795,0.8749000236634629,0.8718014347540505,0.9964583508679795,0.8749000236634629,0.8718014347540505,0.9858034421227851,0.9181418472486047,0.905107393374647,0.7181144015025025,0.9436784476939016,0.6776690836765168
278.6045824094605,0.9982578282484487,0.8397397559104852,0.8382767850290833,0.9963474985151358,0.8766996393780128,0.8734974926434047,0.9963474985151358,0.8766996393780128,0.8734974926434047,0.9852475974347863,0.9191931781569448,0.9056328703575753,0.7037490315621338,0.9440807249408232,0.6643958958935815
280.4316334072432,0.9982070628446874,0.8420265027761805,0.8405168021735951,0.9962335269315635,0.878463061713708,0.8751543542501471,0.9962335269315635,0.878463061713708,0.8751543542501471,0.9846693160228487,0.9202193191333493,0.9061117275620466,0.6890780991931732,0.9444811727760739,0.650821291260276
282.25868440502586,0.9981550515298568,0.8442710887483105,0.8427134520947381,0.9961163481231313,0.880191070588502,0.8767727148852079,0.9961163481231313,0.880191070588502,0.8767727148852079,0.9840676020321325,0.921220865242309,0.9065436078009652,0.6741442975829319,0.9448799097242089,0.636985403041251
284.08573540280855,0.9981017665559729,0.8464743279267972,0.8448675220480163,0.9959958712576605,0.8818844287235581,0.8783532499350845,0.9959958712576605,0.8818844287235581,0.8783532499350845,0.9834414115276788,0.9221983960653476,0.9069280923350669,0.6589931080328424,0.9452769548834872,0.6229309984504902
285.91278640059124,0.998047179501036,0.8486370205617956,0.8469797847918628,0.9958720025600897,0.8835438819290904,0.8798966150464387,0.9958720025600897,0.8835438819290904,0.8798966150464387,0.982789650146723,0.9231524761935789,0.9072646991103684,0.6436720166826749,0.9456722338477794,0.6087027538816103
287.739837398374,0.9979912612491258,0.8507599530826518,0.8490509985972029,0.9957446452035573,0.885170159394219,0.8814034463107728,0.9957446452035573,0.885170159394219,0.8814034463107728,0.9821111706486285,0.9240836557111903,0.9075528808877813,0.6282296676840373,0.9460655868301547,0.5943464692216118
289.5668883961567,0.9979339819698478,0.8528438981439262,0.8510819072734557,0.9956136991962334,0.8867639739799708,0.8828743604481512,0.9956136991962334,0.8867639739799708,0.8828743604481512,0.9814047703601407,0.9249924706700522,0.9077920232628017,0.6127149880666396,0.9464567786551946,0.5799082538393078
291.39393939393943,0.9978753110971149,0.8548896146870939,0.8530732402095765,0.9954790612637276,0.8883260225146271,0.884309954989002,0.9954790612637276,0.8883260225146271,0.884309954989002,0.9806691885139472,0.9258794435556735,0.9079814425734873,0.5971763210416619,0.9468455101886883,0.5654337183692962
293.2209903917221,0.9978152173072407,0.8568978480166196,0.8550257124288102,0.995340624726912,0.8898569860906879,0.8857108084531122,0.995340624726912,0.8898569860906879,0.8857108084531122,0.9799031034789258,0.9267450837447505,0.908120383695318,0.5816606032128666,0.9472314307081255,0.5509672053678749
295.04804138950476,0.9977536684963169,0.8588693298891802,0.8569400246559029,0.9951982793749576,0.8913575303627805,0.8870774805249507,0.9951982793749576,0.8913575303627805,0.8870774805249507,0.9791051298809244,0.9275898879545709,0.9082080177219922,0.5662126173049488,0.9476141506902209,0.5365510884575161
296.8750923872875,0.9976906317568578,0.8608047786148807,0.8588168633956025,0.9950519113334165,0.892828305845903,0.8884105122245419,0.9950519113334165,0.892828305845903,0.8884105122245419,0.9782738156134567,0.9284143406845541,0.9082434395317305,0.5508743460498359,0.9479932545029651,0.5222251641339766
298.7021433850702,0.9976260733536874,0.8627048991693768,0.8606569010213341,0.9949014029271397,0.8942699482134429,0.8897104260731349,0.9949014029271397,0.8942699482134429,0.8897104260731349,0.9774076387383849,0.9292189146502244,0.9082256652393207,0.5356844454864519,0.9483683125355753,0.5080261536175418
300.5291943828529,0.997559958699032,0.864570383315889,0.8624607958730045,0.9947466325378365,0.8956830785944623,0.8909777262529637,0.9947466325378365,0.8956830785944623,0.8909777262529637,0.9765050042774337,0.9300040712099213,0.908153629534875,0.5206778479191903,0.9487388923729402,0.49398732471797874
302.35624538063564,0.9974922523268118,0.8664019097361498,0.8642291923629632,0.9945874744560562,0.8970683038697927,0.8922128987604352,0.9945874744560562,0.8970683038697927,0.8922128987604352,0.975564240896293,0.9307702607845625,0.9080261829111363,0.5058854969206318,0.9491045687124002,0.4801382363727145
304.18329637841833,0.9974229178660828,0.8682001441693913,0.865962721089188,0.9944237987273845,0.8984262169665179,0.8934164115521182,0.9944237987273845,0.8984262169665179,0.8934164115521182,0.9745835974841753,0.9315179232707781,0.907842088782223,0.49133420971527075,0.9494649318199544,0.4665046019281207
306.010347376201,0.9973519180136173,0.8699657395585333,0.8676619989548383,0.9942554709926139,0.8997573971504711,0.89458871468293,0.9942554709926139,0.8997573971504711,0.89458871468293,0.9735612396329172,0.9322474884477406,0.907600020497856,0.47704665652102984,0.9498195944209696,0.4531082618166842
307.8373983739837,0.9972792145055867,0.8716993362027897,0.8693276292933594,0.9940823523216714,0.9010624103164088,0.8957302404359707,0.9940823523216714,0.9010624103164088,0.8957302404359707,0.9724952460211781,0.9329593763780097,0.9072985582584975,0.4630414422208757,0.9501681970095637,0.4399672522957175
309.6644493717664,0.9972047680883159,0.8734015619159575,0.8709602019983753,0.9939042990410384,0.9023418092755556,0.8968414034434434,0.9939042990410384,0.9023418092755556,0.8968414034434434,0.9713836047109629,0.9336539978027077,0.9069361859383956,0.44933327315072463,0.950510411635731,0.4270959544241256
311.4915003695492,0.997128538488088,0.87507303218971,0.8725602936576652,0.9937211625544294,0.9035961340402512,0.8979226007981664,0.9937211625544294,0.9035961340402512,0.8979226007981664,0.9702242093656009,0.934331754531336,0.9065112878253402,0.43593319071580994,0.9508459442870393,0.41450530637223626
313.31855136733185,0.9970504843799411,0.8767143503612485,0.8741284676905282,0.993532789156456,0.9048259121054598,0.8989742121551718,0.993532789156456,0.9048259121054598,0.8989742121551718,0.9690148554004961,0.9349930398265236,0.9060221452879691,0.4228488537600775,0.9511745360216384,0.40220306228252334
315.14560236511454,0.9969705633554633,0.878326107784727,0.8756652744879506,0.9933390198390102,0.9060316587269283,0.8999965998229195,0.9933390198390102,0.9060316587269283,0.8999965998229195,0.9677532360804678,0.9356382387839877,0.9054669333838335,0.4100848528202431,0.9514959630324096,0.39019408195920113
316.9726533628973,0.9968887318895171,0.8799088840058885,0.8771712515549503,0.9931396900900883,0.9072138771958078,0.900990108843672,0.9931396900900883,0.9072138771958078,0.900990108843672,0.9664369385802966,0.9362677287079574,0.904843717424046,0.39764304128825656,0.951810035830563,0.3784806373763495
318.79970436068004,0.9968049453058724,0.8814632469394058,0.8786469236545711,0.9929346296847565,0.9083730591095768,0.9019550670625771,0.9929346296847565,0.9083730591095768,0.9019550670625771,0.9650634400282975,0.936881879482288,0.9041504495133537,0.3855228707922399,0.9521165977337788,0.36706272408726665
320.6267553584627,0.9967191577417138,0.8829897530484433,0.8800928029530083,0.9927236624679725,0.9095096846391262,0.902891785185044,0.9927236624679725,0.9095096846391262,0.902891785185044,0.9636301035562977,0.9374810539374546,0.9033849650878165,0.3737217205387697,0.9524155228321248,0.3559383678606536
322.45380635624537,0.9966313221109749,0.884488947526003,0.8815093891653851,0.992506606128941,0.9106242227918864,0.9038005568219798,0.992506606128941,0.9106242227918864,0.9038005568219798,0.9621341743834452,0.9380656082135732,0.9025449794760706,0.3622352127458132,0.9527067135874485,0.345103919080714
324.2808573540281,0.9965413900664712,0.8859613644776391,0.882897169701734,0.9922832719666849,0.9117171316708961,0.9046816585224776,0.9922832719666849,0.9117171316708961,0.9046816585224776,0.9605727759657322,0.9386358921195476,0.9016280845143454,0.35105750849973166,0.9529900982012328,0.3345543294994394
326.10790835181086,0.9964493119607782,0.8874075271051646,0.8842566198127569,0.9920534646465106,0.9127888587297305,0.9055353497935634,0.9920534646465106,0.9127888587297305,0.9055353497935634,0.958942906248115,0.9391922494883818,0.9006317452500935,0.3401815803076678,0.953265627864131,0.3242834077398013
327.9349593495935,0.9963550368058294,0.8888279478910015,0.8855882027349886,0.9918169819470088,0.9138398410232231,0.9063618731065876,0.9918169819470088,0.9138398410232231,0.9063618731065876,0.9572414340616717,0.9397350185286283,0.8995532967743158,0.32959945924793504,0.9535332739790804,0.314284051478418
329.7620103473762,0.9962585122311682,0.8902231287828447,0.8868923698349725,0.9915736144972624,0.9148705054539265,0.9071614538898873,0.9915736144972624,0.9148705054539265,0.9071614538898873,0.9554650957142792,0.9402645321718692,0.8983899412283369,0.3193024559384483,0.9537930254300967,0.30454845547679277
331.5890613451589,0.9961596844408356,0.8915935613783524,0.8881695607521404,0.9913231455038778,0.9158812690142768,0.9079343005073162,0.9913231455038778,0.9158812690142768,0.9079343005073162,0.953610491830074,0.9407811184160326,0.89713874503716,0.30928135556274633,0.9540448859512494,0.29506829559470815
333.41611234294163,0.9960584981688232,0.8929397271095777,0.8894202035400448,0.991065350467472,0.9168725390244337,0.9086806042222513,0.991065350467472,0.9168725390244337,0.9086806042222513,0.9516740845002004,0.9412851006642485,0.8957966364283277,0.2995265879451898,0.9542888716352143,0.28583488963496095
335.2431633407243,0.9959548966330591,0.8942620974269,0.8906447148056709,0.9907999968882438,0.9178447133657832,0.909400539146709,0.9907999968882438,0.9178447133657832,0.909400539146709,0.9496521948153789,0.9417767980588347,0.8943604033027722,0.2900283741893045,0.9545250086082842,0.27683933636969255
337.070214338507,0.9958488214878709,0.8955611339822229,0.891843499846538,0.99052684396022,0.9187981807100989,0.9100942621751661,0.99052684396022,0.9187981807100989,0.9100942621751661,0.947541000859381,0.9422565258098764,0.8928266915321734,0.2807768517260102,0.9547533308887064,0.26807263442185264
338.8972653362897,0.9957402127748793,0.8968372888112263,0.8930169527853363,0.9902456422537728,0.9197333207443659,0.9107619129026998,0.9902456422537728,0.9197333207443659,0.9107619129026998,0.9453365362517449,0.9427245955177166,0.8911920037660453,0.27176217980034134,0.9549738784375047,0.25952578285656247
340.7243163340725,0.9956290088722535,0.8980910045144858,0.894165456701844,0.9899561333860074,0.9206505043912848,0.9114036135270738,0.9899561333860074,0.9206505043912848,0.9114036135270738,0.943034689337886,0.9431813154885248,0.8894526988410196,0.26297462749135153,0.9551866954052893,0.25118986540890104
342.5513673318552,0.9955151464423065,0.899322714437283,0.8952893837619244,0.9896580496785718,0.9215500940254759,0.912019468734357,0.9896580496785718,0.9215500940254759,0.912019468734357,0.9406312031351349,0.94362699104193,0.8876049918945579,0.2544046463406386,0.955391828574697,0.24305612026528178
344.3784183296378,0.9953985603773359,0.9005328428479491,0.8963890953433582,0.9893511138024794,0.9224324436854126,0.9126095655677058,0.9893511138024794,0.9224324436854126,0.9126095655677058,0.938121676154094,0.9440619248095252,0.8856449552955721,0.2460429295857485,0.9555893259957581,0.23511599724886717
346.20546932742053,0.9952791837436809,0.9017218051146009,0.8974649421583384,0.9890350384094749,0.9232978992811236,0.9131739732788936,0.9890350384094749,0.9232978992811236,0.9131739732788936,0.9355015642258888,0.9444864170228372,0.8835685205149694,0.23788045987603565,0.9557792358104369,0.22736120415455266
348.0325203252033,0.9951569477239178,0.9028900078801385,0.8985172643724227,0.9887095257495114,0.9241467987977035,0.9137127431622065,0.9887095257495114,0.9241467987977035,0.9137127431622065,0.9327661834773275,0.9449007657891424,0.8813714810699425,0.22990854720628023,0.9559616052625936,0.21978374385090643
349.8595713229859,0.9950317815571448,0.9040378492353931,0.8995463917197827,0.9883742672738606,0.9249794724946786,0.91422590837029,0.9883742672738606,0.9249794724946786,0.91422590837029,0.9299107146074066,0.9453052673532741,0.8790494966866287,0.22211885864947478,0.9561364798905281,0.2123759436264106
351.6866223207686,0.9949036124772772,0.9051657188903199,0.9005526436145709,0.988028943223404,0.9257962431012855,0.9147134837115607,0.988028943223404,0.9257962431012855,0.9147134837115607,0.9269302086297642,0.9457002163433212,0.8765980988363279,0.21450344131320703,0.9563039029008952,0.205130478113493
353.51367331855135,0.9947723656493079,0.9062739983431454,0.9015363292582677,0.9876732222016156,0.9265974260077123,0.9151754654287603,0.9876732222016156,0.9265974260077123,0.9151754654287603,0.9238195942563348,0.9460859059978601,0.87401269781058,0.20705473978985728,0.9564639147250408,0.19804038698178156
355.3407243163341,0.9946379641034404,0.9073630610473905,0.9024977477428422,0.9873067607317646,0.9273833294523701,0.9156118309582584,0.9873067607317646,0.9273833294523701,0.9156118309582584,0.9205736871071254,0.9464626283721027,0.8712885915096076,0.19976560922286163,0.9566165527615715,0.1910990884550891
357.1677753141168,0.9945003286670437,0.9084332725766977,0.903437188149604,0.9869292027978502,0.9281542547052546,0.9160225386696897,0.9869292027978502,0.9281542547052546,0.9160225386696897,0.9171872009393244,0.9468306745200746,0.8684209761265598,0.1926293249713668,0.956761851312158,0.1843003895766162
358.9948263118995,0.9943593778943463,0.9094849907874015,0.9043549296436059,0.9865401793687817,0.9289104962474685,0.9164075275855216,0.9865401793687817,0.9289104962474685,0.9164075275855216,0.9136547610952757,0.9471903346496793,0.8654049589161069,0.18563958972390762,0.9568998417210868,0.1776384940239747
360.8218773096822,0.9942150279937989,0.9105185659787903,0.9052512415634767,0.9861393079053209,0.9296523419469627,0.9167667170801385,0.9861393079053209,0.9296523419469627,0.9167667170801385,0.9099709203726134,0.9475418982472481,0.8622355732396616,0.1787905387874349,0.9570305527328219,0.17110800815913785
362.64892830746487,0.9940671927530226,0.9115343410510162,0.9061263835065599,0.9857261918492934,0.9303800732306267,0.9171000065580924,0.9857261918492934,0.9303800732306267,0.9171000065580924,0.9061301775202805,0.9478856541679453,0.8589077960801275,0.17207674415916624,0.9571540110856839,0.164703945886511
364.4759793052477,0.9939157834612717,0.9125326516606133,0.9069806054092502,0.9853004200945864,0.9310939652526883,0.917407275111008,0.9853004200945864,0.9310939652526883,0.917407275111008,0.9021269985604674,0.9482218906881897,0.8554165682158682,0.16549321787269636,0.9572702423635303,0.15842173278251656
366.3030303030303,0.9937607088293233,0.9135138263735977,0.9078141476224139,0.9848615664394607,0.9317942870596164,0.9176883811528743,0.9848615664394607,0.9317942870596164,0.9176883811528743,0.8979558411278235,0.9485508955160923,0.8517568172357028,0.15903541499316826,0.9573792721307829,0.15225720984917643
368.130081300813,0.993601874906708,0.9144781868161237,0.9086272409817873,0.9844091890196983,0.9324813017515464,0.9179431620332724,0.9844091890196983,0.9324813017515464,0.9179431620332724,0.8936111820025514,0.9488729557557931,0.8479234835631889,0.15269923651522693,0.9574811273789928,0.14620663712851095
369.95713229859575,0.9934391849961988,0.9154260478226789,0.9094201068732534,0.9839428297221372,0.9331552666403208,0.9181714336281926,0.9839428297221372,0.9331552666403208,0.9181714336281926,0.8890875479923139,0.9491883578215388,0.843911549638403,0.146481032287526,0.9575758383148278,0.14026669728994906
371.7841832963785,0.9932725395654669,0.9163577175818055,0.9101929572928948,0.9834620135781454,0.9338164334042279,0.9183729899080841,0.9834620135781454,0.9338164334042279,0.9183729899080841,0.884379550288066,0.9494973872973833,0.8397160723777535,0.1403776039444436,0.9576634405194736,0.13443449916531588
373.6112342941612,0.9931018361558087,0.9172734977793415,0.9109459949017252,0.9829662481366113,0.9344650482395188,0.9185476024827973,0.9829662481366113,0.9344650482395188,0.9185476024827973,0.87948192238006,0.9498003287385348,0.8353322189961795,0.13438620766490467,0.9577439775070014,0.12870758105106767
375.4382852919439,0.9929269692878574,0.9181736837391781,0.9116794130750098,0.9824550228160535,0.9351013520087884,0.9186950201231167,0.9824550228160535,0.9351013520087884,0.9186950201231167,0.8743895615712922,0.9500974654106366,0.8307553062304025,0.12850455639640593,0.9578175037034555,0.12308391342212545
377.2653362897266,0.9927478303641694,0.9190585645615357,0.9123933959460724,0.9819278082354772,0.9357255803863037,0.918814968258593,0.9819278082354772,0.9357255803863037,0.918814968258593,0.8690975740658677,0.9503890789636723,0.825980842946022,0.1227308209774652,0.9578840878580549,0.11756190050406948
379.09238728750927,0.9925643075685978,0.9199284232587633,0.9130881184445064,0.9813840555236439,0.9363379640003633,0.9189071484514283,0.9813840555236439,0.9363379640003633,0.9189071484514283,0.8636013235383342,0.950675449037744,0.8210045760443959,0.11706362936445885,0.9579438168817013,0.11214037993141453
380.9194382852919,0.9923762857623348,0.9207835368886705,0.9137637463286847,0.9808231956064559,0.936938728572774,0.918971237846198,0.9808231956064559,0.936938728572774,0.918971237846198,0.8578964830069082,0.950956852798705,0.8158225395073272,0.11150206292402803,0.9579968000846213,0.10681861948405295
382.74648928307465,0.9921836463765336,0.9216241766854043,0.914420436212495,0.9802446384722127,0.9375280950555308,0.919006888595251,0.9802446384722127,0.9375280950555308,0.919006888595251,0.8519790897385193,0.95123356440255,0.8104311063284118,0.1060456485008045,0.9580431737532072,0.10159630965242779
384.57354028085734,0.9919862673013902,0.9224506081878864,0.9150583355861985,0.9796477724145425,0.9381062797647809,0.9190137272596612,0.9796477724145425,0.9381062797647809,0.9190137272596612,0.8458456028075371,0.9515058543885797,0.8048270429802088,0.1006943447308786,0.9580831059651354,0.09647355055288423
386.4005912786401,0.9917840227715663,0.9232630913658281,0.9156775828313132,0.9790319632528857,0.9386734945121631,0.9189913541856898,0.9790319632528857,0.9386734945121631,0.9189913541856898,0.8394929628139766,0.951773989002673,0.7990075659571311,0.09544852087296249,0.958116801491572,0.09145083152590436
388.22764227642284,0.9915767832478584,0.9240618807433436,0.9162783072294508,0.9783965535304725,0.939229946733601,0.9189393428567645,0.9783965535304725,0.939229946733601,0.9189393428567645,0.8329186531429797,0.9520382294535126,0.7929703998170468,0.09030892631122951,0.9581445065769463,0.0865290016399668
390.0546932742055,0.99136441529498,0.9248472255201855,0.9168606289650032,0.9777408616898261,0.9397758396156393,0.918857239221075,0.9777408616898261,0.9397758396156393,0.918857239221075,0.8261207620180818,0.9522988311063029,0.7867138360224675,0.08527664889675136,0.9581665133234258,0.08170922934130623
391.88174427198817,0.99114678145533,0.9256193696906242,0.9174246591215733,0.977064181225909,0.9403113722194022,0.9187445609949612,0.977064181225909,0.9403113722194022,0.9187445609949612,0.819098044469966,0.9525560426203691,0.7802367917583939,0.08035306049639936,0.9581831633443544,0.07699294969084021
393.70879526977086,0.9909237401186523,0.9263785521600012,0.9179704996720903,0.9763657798171655,0.9408367396022614,0.9186007969424015,0.9763657798171655,0.9408367396022614,0.9186007969424015,0.8118499832144835,0.9528101050390085,0.7735388677825094,0.07553974856796156,0.9581948502967297,0.07238179807053052
395.5358462675536,0.9906951453874155,0.9271250068589826,0.9184982434624683,0.9756448984347869,0.9413521329372915,0.9184254061309737,0.9756448984347869,0.9413521329372915,0.9184254061309737,0.8043768473142135,0.9530612508420072,0.7666204042496346,0.07083843332667913,0.9582020208682327,0.0678775299687635
397.36289726533624,0.990460846937835,0.927858962855541,0.9190079741887603,0.9749007504307085,0.941857739630595,0.918217817164838,0.9749007504307085,0.941857739630595,0.918217817164838,0.7966797473927872,0.953309702973298,0.7594825333518601,0.06625087113343014,0.958205173792267,0.06348192748829752
399.18994826311894,0.9902206898763508,0.9285806444647013,0.919499766367663,0.9741325206049836,0.9423537434365774,0.9179774273954151,0.9741325206049836,0.9423537434365774,0.9179774273954151,0.7887606860874518,0.9535556738582401,0.7521272275350078,0.06177874609529273,0.958204856507969,0.05919669453748222
401.0169992609017,0.989974514591475,0.9292902713560759,0.9199736853003113,0.9733393642533439,0.9428403245712476,0.9177036021105945,0.9733393642533439,0.9428403245712476,0.9177036021105945,0.7806226023698426,0.9537993644268374,0.7445573419975797,0.057423553439168044,0.9582016591817999,0.055023344181525574
402.84405025868443,0.9897221566008328,0.9299880586592291,0.9204297870292341,0.9725204061959531,0.9433176598236229,0.9173956737034857,0.9725204061959531,0.9433176598236229,0.9173956737034857,0.7722694083446882,0.9540409631608338,0.7367766501568135,0.05318647983942016,0.9581962059675706,0.050963083190903084
404.67110125646707,0.9894634463932818,0.9306742170668997,0.9208681182883838,0.9716747397885894,0.9437859226653091,0.917052940821948,0.9716747397885894,0.9437859226653091,0.917052940821948,0.7637060171572151,0.9542806451838712,0.7287898707835918,0.04906828732361511,0.958189143597508,0.04701670020841121
406.4981522542498,0.9891982092659488,0.9313489529361192,0.9212887164461255,0.9708014259176889,0.9442452833583301,0.9166746675003191,0.9708014259176889,0.9442452833583301,0.9166746675003191,0.7549383607113203,0.9545185714147569,0.7206026855723678,0.045069208376256206,0.9581811276509091,0.04318446490429497
408.3252032520325,0.9889262651560485,0.93201246838726,0.9216916094410829,0.9698994919809935,0.9446959090612755,0.916260082275054,0.9698994919809935,0.9446959090612755,0.916260082275054,0.7459733960136804,0.9547548878041109,0.712221746015893,0.04118886014433415,0.9581728071095433,0.039466045746139045
410.15225424981526,0.9886474284673351,0.9326649614010507,0.9220768157107352,0.968967930855796,0.945137963933831,0.9158083772862242,0.968967930855796,0.945137963933831,0.9158083772862242,0.7368190991404923,0.9549897246744388,0.7036546686230467,0.037426185025214796,0.958164808041648,0.03586045339041614
411.979305247598,0.9883615078910291,0.933306625913593,0.9224443441126474,0.9680056998571098,0.9455716092397575,0.915318707367145,0.9680056998571098,0.9455716092397575,0.915318707367145,0.7274844460418448,0.9552231961826289,0.6949100177212402,0.0337794233247755,0.9581577174183552,0.03236601514857524
413.80635624538064,0.9880683062210749,0.9339376519094194,0.9227941938382278,0.9670117196884439,0.9459970034483755,0.9147901891247283,0.9670117196884439,0.9459970034483755,0.9147901891247283,0.7179793796749756,0.955455399922215,0.6859972753432576,0.030246121225498024,0.9581520681237122,0.02898038360493144
415.63340724316333,0.9877676201635731,0.9345582255126276,0.9231263543189,0.9659848733882413,0.9464143023346125,0.9142219000135214,0.9659848733882413,0.9464143023346125,0.9142219000135214,0.7083147632728403,0.9556864166803716,0.6769267979940263,0.026823174292285146,0.9581483261540304,0.02570057955029083
417.4604582409461,0.9874592401402309,0.9351685290761297,0.9234408051245725,0.9649240052754543,0.9468236590776635,0.9136128774067803,0.9649240052754543,0.9468236590776635,0.9136128774067803,0.6985023199023417,0.9559163103615661,0.6677097604200408,0.023506903591191723,0.958146880817677,0.0225230663535822
419.28750923872883,0.9871429500856702,0.9357687412690534,0.9237375158542876,0.9638279198982156,0.9472252243583099,0.9129621176683904,0.9638279198982156,0.9472252243583099,0.9129621176683904,0.6885545588343357,0.9561451280861791,0.6583580868509785,0.020293158670361792,0.9581480384684857,0.019443850174336894
421.11456023651147,0.9868185272384473,0.9363590371623327,0.9240164460189437,0.9626953809900273,0.9476191464549399,0.9122685752298828,0.9626953809900273,0.9476191464549399,0.9122685752298828,0.6784846896204059,0.9563729004683095,0.6488843705356082,0.01717743956127078,0.9581520199774225,0.01645859841367169
422.9416112342942,0.9864857419256085,0.9369395883125284,0.9242775449159587,0.9615251104384713,0.9480055713383025,0.9115311616773475,0.9615251104384713,0.9480055713383025,0.9115311616773475,0.668306525133169,0.9565996420725718,0.6393017827371537,0.014155028863017905,0.9581589618178673,0.013562767759891183
424.76866223207685,0.9861443573406479,0.9375105628439033,0.9245207514957701,0.9603157872720112,0.9483846427650247,0.9107487448535797,0.9603157872720112,0.9483846427650247,0.9107487448535797,0.6580343751608888,0.9568253520451262,0.629623972671112,0.011221124940628198,0.9581689203557752,0.010751733169538981
426.5957132298596,0.9857941293146778,0.9380721255288373,0.9247459942200693,0.9590660466711155,0.9487565023699119,0.9099201479814263,0.9590660466711155,0.9487565023699119,0.9099201479814263,0.647682932437208,0.9570500149096502,0.6198649601457559,0.008370968180453063,0.9581818787299834,0.008020910017935427
428.42276422764223,0.9854348060806924,0.9386244378665332,0.9249531909116061,0.9577744790106185,0.9491212897570466,0.9090441488149416,0.9577744790106185,0.9491212897570466,0.9090441488149416,0.6372671532185442,0.9572736015146729,0.6100390228885186,0.005599953844866969,0.9581977555952532,0.005365863205588539
430.249815225425,0.9850661280307316,0.9391676581601335,0.9251422485954924,0.9564396289409665,0.9494791425896844,0.9081194788256647,0.9564396289409665,0.9494791425896844,0.9081194788256647,0.626802134683329,0.9574960701148031,0.600160580698857,0.002903727033972399,0.9582164149789919,0.002782398908570614
432.0768662232077,0.9846878274658245,0.9397019415922481,0.9253130633318879,0.9550599945168277,0.9498301966789471,0.9071448224321126,0.9550599945168277,0.9498301966789471,0.9071448224321126,0.6163029915107836,0.9577173675651033,0.5902440786522059,0.00027825728276605164,0.9582376765563164,0.0002666366121226153
433.9039172209904,0.9842996283385356,0.9402274402989356,0.9254655200399349,0.953634026382396,0.9501745860712951,0.9061188162813957,0.953634026382396,0.9501745860712951,0.9061188162813957,0.6057847339984399,0.9579374306052911,0.5803038715863753,0.002280107849851548,0.9582613257540391,0.002184939171060936
435.73096821877317,0.9839012459879937,0.9407443034421754,0.9255994923128635,0.9521601270235985,0.9505124431347497,0.9050400485926943,0.9521601270235985,0.9505124431347497,0.9050400485926943,0.595262149997727,0.9581561872087051,0.5703541120314783,0.004774609367058989,0.958287123227694,0.00457544667489496
437.5580192165558,0.9834923868672365,0.9412526772808695,0.925714842224139,0.9506366500984669,0.9508438986438289,0.9039070585733356,0.9506366500984669,0.9508438986438289,0.9039070585733356,0.5847496927907484,0.9583735579701148,0.5604086436018011,0.007208061703959907,0.958314813395254,0.006907592306771815
439.3850702143385,0.9830727482627486,0.941752705240409,0.9258114201245671,0.9490618998579006,0.9511690818631423,0.9027183359191288,0.9490618998579006,0.9511690818631423,0.9027183359191288,0.5742613768078362,0.9585894575064642,0.5504809016611389,0.00958285334462533,0.958344131840618,0.009183671269110924
441.21212121212125,0.9826420180060664,0.9422445279808431,0.9258890644302692,0.9474341306701844,0.9514881206295764,0.9014723204116903,0.9474341306701844,0.9514881206295764,0.9014723204116903,0.5638106828069698,0.9588037958455068,0.5405838228135696,0.01190096036094441,0.9583748115093753,0.011405580642700646
443.039172209904,0.9821998741773138,0.9427282834636852,0.9259476014014266,0.9457515466637669,0.951801141432991,0.90016740162659,0.9457515466637669,0.951801141432991,0.90016740162659,0.553410473817242,0.9590164797789086,0.5307297644729893,0.014163970035656377,0.9584065877044058,0.01357484219022088
444.86622320768663,0.9817459848005712,0.9432041070173935,0.9259868449117343,0.9440123015040021,0.9521082694953223,0.8988019187672719,0.9440123015040021,0.9521082694953223,0.8988019187672719,0.5430729228052126,0.9592274141586687,0.5209304354420344,0.016373111911269462,0.9584392019493906,0.015692632313665165
446.6932742054694,0.9812800075309649,0.9436721314015617,0.9260065962084861,0.9422144983208364,0.9524096288479806,0.897374160640934,0.9422144983208364,0.9524096288479806,0.897374160640934,0.5328094526711659,0.9594365031184913,0.5111968380993006,0.018529293900852496,0.9584724048268347,0.017759816884893292
448.52032520325207,0.9808015893333929,0.9441324868698527,0.9260066436632403,0.940356189805704,0.9527053424074031,0.8958823657937642,0.940356189805704,0.9527053424074031,0.8958823657937642,0.5226306888372805,0.9596436512048703,0.5015392224675242,0.02063314144451934,0.9585059579176859,0.019776989005130113
450.34737620103476,0.9803103661528088,0.9445853012317135,0.9259867625130221,0.9384353784972373,0.9529955320486047,0.8943247228242084,0.9384353784972373,0.9529955320486047,0.8943247228242084,0.5125464243649197,0.9598487644059938,0.4919670521273783,0.02268503805237653,0.9585396349763666,0.021744508094149986
452.1744271988174,0.9798059625759982,0.9450306999129026,0.9259467145920308,0.9364500172767805,0.9532803186765536,0.8926993708942734,0.9364500172767805,0.9532803186765536,0.8926993708942734,0.5025655972448636,0.9600517510699551,0.48248898166244913,0.02468516591200005,0.9585732224720884,0.02366253903552404
454.00147819660015,0.9792879914848234,0.9454688060148668,0.925886248053853,0.9343980100960634,0.9535598222951676,0.8910044004601604,0.9343980100960634,0.9535598222951676,0.8910044004601604,0.4926962792506246,0.9602525227070648,0.47311284507879675,0.02663354554015498,0.9586065196181333,0.02553109039533902
455.8285291943829,0.978756053700879,0.9458997403729977,0.9258050970841613,0.9322772129607757,0.9538341620737076,0.889237854244853,0.9322772129607757,0.9538341620737076,0.889237854244853,0.4829456755365447,0.9604509946741535,0.46384565444265535,0.028530073717868733,0.9586393379980532,0.02735005098193334
457.6555801921656,0.9782097376215954,0.9463236216138043,0.9257029816039575,0.930085435195159,0.9541034564103258,0.8873977284766033,0.930085435195159,0.9541034564103258,0.8873977284766033,0.4733201340016914,0.9606470867415698,0.4546936078248543,0.030374559164769995,0.958671500883491,0.029119224223164448
459.48263118994834,0.9776486188477915,0.9467405662110323,0.9255796069633918,0.9278204410140735,0.9543678229924898,0.885481974418533,0.9278204410140735,0.9543678229924898,0.885481974418533,0.46382516332775053,0.9608407235460272,0.4456621055306901,0.032166755586191316,0.9587028423239055,0.030838360008819978
461.30968218773097,0.9770722598027262,0.947150688540763,0.9254346636262314,0.9254799514302471,0.9546273788539864,0.8834885002157714,0.9254799514302471,0.9546273788539864,0.8834885002157714,0.4544654585318858,0.9610318349345109,0.4367557735272521,0.033906391869998956,0.9587332060747931,0.0325071837839524
463.13673318551366,0.9764802093427535,0.9475541009355235,0.9252678268451046,0.9230616465256082,0.9548822404281829,0.8814151730877002,0.9230616465256082,0.9548822404281829,0.8814151730877002,0.4452449328500392,0.9612203562060959,0.42797849295307394,0.03559319932514028,0.9587624444185311,0.03412542278964751
464.96378418329647,0.9758720023596679,0.9479509137374382,0.9250787563276306,0.9205631681166836,0.9551325235971905,0.8792598218939127,0.9205631681166836,0.9551325235971905,0.8792598218939127,0.4361667547771291,0.961406228259758,0.41933343460257844,0.03722693594573837,0.9587904169209808,0.03569282943610514
466.79083518107916,0.9752471593749216,0.948341235350455,0.9248670958936352,0.9179821228449058,0.9553783437365542,0.8770202401033321,0.9179821228449058,0.9553783437365542,0.8770202401033321,0.42723338913228953,0.9615893976571048,0.4108230973147218,0.038807407757872135,0.9588169891575453,0.037209201863412124
468.6178861788618,0.9746051861258855,0.948725172291672,0.9246324731236378,0.9153160857234117,0.955619815755068,0.8746941891966568,0.9153160857234117,0.955619815755068,0.8746941891966568,0.41844664108325996,0.961769816609438,0.40244934925548226,0.040334487364642374,0.9588420314344483,0.038674401801580785
470.44493717664454,0.9739455731444158,0.9491028292417986,0.92437449899889,0.9125626041723579,0.9558570541292841,0.872279402532738,0.9125626041723579,0.9558570541292841,0.872279402532738,0.4098077021483085,0.9619474428987287,0.3942134711617692,0.041808129851855176,0.958865417524498,0.040088369886317546
472.27198817442724,0.973267795328005,0.9494743090947761,0.9240927675332535,0.9097192025749278,0.9560901729322651,0.869773589709665,0.9097192025749278,0.9560901729322651,0.869773589709665,0.4013171972907574,0.9621222397419991,0.3861162007043652,0.04322838625184453,0.9588870234314364,0.04145113862077563
474.09903917220987,0.9725713115038606,0.9498397130065865,0.9237868553972663,0.906783387386011,0.9563192858561088,0.8671744414511734,0.906783387386011,0.9563192858561088,0.8671744414511734,0.392975232325035,0.9622941756082869,0.37815777722469457,0.04459541479462716,0.9589067261929851,0.04276284320393415
475.92609016999256,0.9718555639863377,0.9501991404432787,0.9234563215348359,0.903752652824926,0.9565445062277503,0.8644796350484383,0.903752652824926,0.9565445062277503,0.8644796350484383,0.38478144095972616,0.9624632239968879,0.3703379862002662,0.04590949019159563,0.9589244027299099,0.0440237304616105
477.7531411677753,0.971119978128171,0.9505526892282369,0.9231007067729995,0.900624487182447,0.9567659470175355,0.8616868403862962,0.900624487182447,0.9567659470175355,0.8616868403862962,0.37673503090858296,0.9626293631849662,0.36265620289299777,0.04717101121409629,0.9589399287466499,0.04523416613255292
479.58019216555806,0.9703639618660671,0.9509004555887154,0.9227195334253141,0.89739637977074,0.9569837208400465,0.8587937265813902,0.89739637977074,0.9569837208400465,0.8587937265813902,0.36883482860185945,0.9627925759519307,0.3551114347303731,0.0483805068347678,0.9589531776883734,0.04639464076737465
481.40724316334075,0.9695869052612793,0.951242534201668,0.922312304889492,0.8940658285425519,0.9571979399466535,0.8557979692576285,0.8940658285425519,0.9571979399466535,0.8557979692576285,0.3610793221254823,0.9629528492872365,0.3477023620594371,0.04953864119975936,0.9589640197597016,0.0475057744983548
483.23429416112344,0.9687881800358551,0.951579018238893,0.921878505239963,0.8906303484029866,0.9574087162092673,0.8526972584815158,0.8906303484029866,0.9574087162092673,0.8526972584815158,0.3534667021028593,0.9631101740875105,0.34042737699642306,0.0506462176926861,0.9589723210118519,0.04856832093122671
485.06134515890614,0.967967139105379,0.9519099994115173,0.9214175988161695,0.8870874802334808,0.9576161610947718,0.8494893073764201,0.8870874802334808,0.9576161610947718,0.8494893073764201,0.34599490031266017,0.9632645448481529,0.33328462016945665,0.05170418233584053,0.9589779425077231,0.04958317039546851
486.8883961566889,0.967123116109086,0.9522355680138409,0.9209290298074513,0.8834348006429548,0.9578203856296317,0.8461718614304717,0.8834348006429548,0.9578203856296317,0.8461718614304717,0.3386616259051552,0.9634159593538377,0.32627201521774557,0.052713626749579794,0.958980739578601,0.050551352766182354
488.71544715447163,0.9662554249383616,0.9525558129665637,0.9204122218355134,0.8796699324555984,0.958021500354193,0.842742708507584,0.8796699324555984,0.958021500354193,0.842742708507584,0.331464399139666,0.9635644183716507,0.319387300967921,0.05367579085515622,0.958980561191966,0.0514740400367003
490.5424981522543,0.9653633592647554,0.9528708218594111,0.9198665775355693,0.8757905559382596,0.9582196152662259,0.8391996895649532,0.8757905559382596,0.9582196152662259,0.8391996895649532,0.324400582616613,0.9637099253499682,0.3126280612569423,0.054592065457103336,0.9589772494575414,0.05235254877425902
492.36954915003696,0.9644461920687438,0.9531806809931791,0.9192914781373637,0.8717944207628207,0.9584148397533088,0.8355407100732274,0.8717944207628207,0.9584148397533088,0.8355407100732274,0.3174674100200177,0.9638524861256006,0.3059917524116495,0.0554639947753036,0.9589706393085672,0.053188342528279926
494.1966001478197,0.9635031751706351,0.953485475421213,0.9186862830474213,0.867679358690352,0.9586072825137018,0.8317637521273897,0.867679358690352,0.9586072825137018,0.8317637521273897,0.31066201242079416,0.963992108641207,0.2994757284282422,0.05629327890980382,0.9589605584076101,0.05398303417794081
496.02365114560246,0.9625335387651391,0.9537852889903358,0.9180503294339988,0.8634432969540923,0.9587970514654343,0.827866887227177,0.8634432969540923,0.9587970514654343,0.827866887227177,0.30398144221850565,0.9641288026745284,0.2930772639214042,0.05708177610801125,0.9589468273412882,0.05473838809778314
497.85070214338504,0.9615364909612903,0.9540802043812389,0.9173829318163671,0.8590842723074567,0.9589842536434126,0.8238482896955606,0.8590842723074567,0.9589842536434126,0.8238482896955606,0.2974226948202332,0.9642625795805911,0.286793574933169,0.057831504557938895,0.9589292601862693,0.05545632188120321
499.6777531411677,0.9605112173295784,0.9543703031483466,0.9166833816602172,0.8546004456913747,0.95916899508445,0.8197062506925189,0.8546004456913747,0.95916899508445,0.8197062506925189,0.29098272817061815,0.9643934520476906,0.2806218377067172,0.0585446432459273,0.958907665549681,0.056138907185391045
501.5048041389505,0.9594568804583034,0.9546556657591642,0.9159509469811323,0.8499901174622891,0.9593513807002391,0.8154391927690054,0.8499901174622891,0.9593513807002391,0.8154391927690054,0.2846584802578015,0.9645214338676807,0.2745592055408496,0.05922353118636189,0.9588818482101136,0.05678836904150799
503.3318551367332,0.9583726195213993,0.9549363716331158,0.9151848719582897,0.8452517431082825,0.9595315141384123,0.8110456848928227,0.8452517431082825,0.9595315141384123,0.8110456848928227,0.2784468847266032,0.9646465397208629,0.2686028238475718,0.059870664049736115,0.9588516115094222,0.057407082706228706
505.1589061345159,0.957257549860134,0.955212499179878,0.9143843765607054,0.8403839493660534,0.959709497631981,0.8065244578640753,0.8403839493660534,0.959709497631981,0.8065244578640753,0.27234488473353186,0.9647687849755714,0.2627498435386816,0.06048868688389355,0.9588167606681135,0.05799756681508262
506.9859571322986,0.9561107625813345,0.9554841258372125,0.9135486561885771,0.8353855506361584,0.9598854318376009,0.8018744200232809,0.8353855506361584,0.9598854318376009,0.8018744200232809,0.26634944517877734,0.9648881855024167,0.2569974328681259,0.06108038124981181,0.9587771072142072,0.05856247124223547
508.8130081300813,0.9549313241750137,0.9557513281082963,0.9126768813324834,0.8302555655781491,0.9600594156632869,0.7970946731401496,0.8302555655781491,0.9600594156632869,0.7970946731401496,0.2604575634486683,0.9650047575030273,0.2513427878556115,0.06164864470060877,0.9587324747208337,0.05910455769700005
510.64005912786405,0.9537182761545087,0.9560141815985486,0.9117681972534312,0.824993233751293,0.9602315460863763,0.7921845283558033,0.824993233751293,0.9602315460863763,0.7921845283558033,0.2546662787987378,0.9651185173530651,0.24578314141406016,0.06219646016513873,0.9586827060325385,0.05962667073676018
512.4671101256467,0.95247063472251,0.9562727610519474,0.9108217236869954,0.819598032150856,0.9604019179627438,0.7871435220361727,0.819598032150856,0.9604019179627438,0.7871435220361727,0.24897268050288868,0.9652294814592344,0.24031577129931886,0.06272685253083862,0.9586276721124621,0.06013169662057953
514.2941611234294,0.9511873904666227,0.9565271403868288,0.9098365545750486,0.8140696914746344,0.9605706238284616,0.7819714313796328,0.8140696914746344,0.9605706238284616,0.7819714313796328,0.24337391488858962,0.9653376661299884,0.23493800699546954,0.06324282966790121,0.9585672825479894,0.06062250737540542
516.1212121212121,0.9498675080883946,0.9567773927311559,0.9088117578288544,0.808408211940191,0.9607377536953084,0.77666828960826,0.808408211940191,0.9607377536953084,0.77666828960826,0.23786719137179724,0.9654430874596414,0.2296472356433413,0.06374730545325988,0.9585014975962548,0.061101887744675495
517.9482631189949,0.9485099261700399,0.9570235904572415,0.9077463751275847,0.8026138784603288,0.9609033948417368,0.7712344005596231,0.8026138784603288,0.9609033948417368,0.7712344005596231,0.23244978759869375,0.9655457612256085,0.22444090711371179,0.06424300322550107,0.9584303414213847,0.06157244351535211
519.7753141167775,0.9471135569834048,0.9572658052159078,0.9066394217566216,0.7966872749733193,0.9610676316011015,0.7656703524853434,0.7966872749733193,0.9610676316011015,0.7656703524853434,0.22711905379448846,0.9656457027985469,0.21931653832031978,0.06473233972106378,0.9583539158704593,0.06203649125513835
521.6023651145603,0.9456772863460349,0.9575041079700565,0.9054898864903038,0.7906292977157923,0.9612305451491541,0.7599770308542438,0.7906292977157923,0.9612305451491541,0.7599770308542438,0.22187241641267,0.9657429270652156,0.2142717168614043,0.06521729204257752,0.9582724137711591,0.06249593186525937
523.4294161123429,0.9441999735295746,0.9577385690276247,0.9042967315241359,0.7844411672204166,0.9613922132929705,0.7541556299521575,0.7844411672204166,0.9613922132929705,0.7541556299521575,0.21670738117125404,0.965837448363948,0.20930410407207747,0.06569925358012707,0.9581861303549997,0.06295211355515382
525.2564671101256,0.9426804512260296,0.9579692580738939,0.9030588924617631,0.7781244388181764,0.9615527102636525,0.7482076630680011,0.7781244388181764,0.9615527102636525,0.7482076630680011,0.21162153555594032,0.9659292804327099,0.20441143756361457,0.06617888877732604,0.958095471094124,0.06340569361959783
527.0835181079083,0.9411175255778357,0.9581962442031152,0.9017752783624113,0.7716810114265105,0.9617121065152542,0.7421349710568114,0.7716810114265105,0.9617121065152542,0.7421349710568114,0.20661255086360042,0.9660184363698043,0.19959153331963195,0.06665600059056137,0.9580009540957024,0.06385651216196149
528.910569105691,0.9395099762780057,0.9584195959494095,0.9004447718548055,0.7651131344100376,0.961870468532498,0.735939729075351,0.7651131344100376,0.961870468532498,0.735939729075351,0.20167818385334307,0.9661049286073914,0.19484228741330237,0.06712942746094129,0.9579032053461372,0.06430349373788666
530.7376201034738,0.9378565567470375,0.9586393813168966,0.899066229323975,0.7584234123129839,0.9620278586499094,0.7296244512974173,0.7584234123129839,0.9620278586499094,0.7296244512974173,0.19681627806643476,0.9661887688980954,0.1901616774041138,0.06759698742766142,0.9578029456299408,0.06474459367392418
532.5646711012564,0.9361559943936101,0.9588556678090014,0.8976384811776849,0.7516148072725206,0.9621843348849829,0.7231919934252149,0.7516148072725206,0.9621843348849829,0.7231919934252149,0.19202476487068446,0.9662699683150948,0.1855477634673098,0.06805548461571306,0.9577009688795762,0.0651768035540375
534.3917220990392,0.934406990966514,0.959068522456879,0.8961603321996329,0.7446906389492516,0.9623399507880145,0.7166455528387178,0.7446906389492516,0.9623399507880145,0.7166455528387178,0.187301664279464,0.9663485372662065,0.1809986893039861,0.06850078728968151,0.9575981129357619,0.06559622464321303
536.2187730968219,0.9326082230056233,0.9592780118468954,0.8946305619969004,0.7376545818310561,0.9624947553111158,0.7099886662436059,0.7376545818310561,0.9624947553111158,0.7099886662436059,0.18264508559032203,0.9664244855226122,0.17651268287486044,0.0689279775533139,0.9574952249780174,0.06599820937469002
538.0458240946045,0.9307583424001058,0.959484202147097,0.89304792554952,0.7305106597984925,0.962648792698809,0.7032252047086291,0.7305106597984925,0.962648792698809,0.7032252047086291,0.17805322788312944,0.9664978222630011,0.17208805699594246,0.06933156228469918,0.9573931249097739,0.06637756107062477
539.8728750923873,0.9288559770624157,0.9596871591325884,0.8914111538703544,0.7232632378738744,0.9628021024024113,0.6963593660153415,0.7232632378738744,0.9628021024024113,0.6963593660153415,0.1735243804127856,0.9665685561340382,0.16772320982963976,0.06970572546395072,0.9572925704611341,0.06672877310524351
541.69992609017,0.9268997317270157,0.9598869482097452,0.8897189547838766,0.7159170111144199,0.9629547190201783,0.689395664279452,0.7159170111144199,0.9629547190201783,0.689395664279452,0.16905692292672037,0.9666366953282034,0.16341662530023976,0.07004459605904276,0.9571942275500765,0.06704628301879256
543.5269770879527,0.9248881888830417,0.9600836344391631,0.8879700138326858,0.7084769906512927,0.9631066722648836,0.6823389168424054,0.7084769906512927,0.9631066722648836,0.6823389168424054,0.16464932593260415,0.9667022476801681,0.159166873458073,0.0703425045469232,0.9570986485669813,0.06732471603867694
545.3540280857354,0.9228199098505117,0.9602772825572601,0.8861629953209851,0.7009484869201807,0.963257986960174,0.6751942284735132,0.7009484869201807,0.963257986960174,0.6751942284735132,0.16030015093683614,0.9667652207830056,0.1549726108119995,0.07059420497193693,0.9570062599531008,0.06755909607455596
547.1810790835181,0.9206934360098914,0.9604679569964232,0.8842965435044374,0.6933370901742879,0.963408683066657,0.6679669729660787,0.6933370901742879,0.963408683066657,0.6679669729660787,0.1560080506693792,0.9668256221256308,0.1508325806450295,0.07079504682211528,0.9569173590631339,0.06774500923976946
549.0081300813009,0.918507290195108,0.9606557219035955,0.8823692839360968,0.6856486484161401,0.9635587757382678,0.660662772254454,0.6856486484161401,0.9635587757382678,0.660662772254454,0.1517717693053113,0.9668834592529677,0.1467456133228628,0.07094108981502173,0.9568321191439871,0.06787871330209116
550.8351810790834,0.9162599782602848,0.9608406411571917,0.8803798249782866,0.6778892429292295,0.9637082754090197,0.6532874732216537,0.6778892429292295,0.9637082754090197,0.6532874732216537,0.14759014268792894,0.9669387399503793,0.1427106265997627,0.07102916284387484,0.9567506005191022,0.06795719420524635
552.6622320768662,0.9139499908305839,0.9610227783822197,0.8783267594904121,0.670065161633098,0.9638571879097865,0.6458471224079945,0.670065161633098,0.9638571879097865,0.6458471224079945,0.14346209855238012,0.9669914724539553,0.1387266259205005,0.07105687440504099,0.9566727657868426,0.06797817656523887
554.4892830746489,0.9115758052476249,0.9612021969634865,0.8762086667027764,0.6621828705247541,0.9640055146143106,0.638347938868997,0.6621828705247541,0.9640055146143106,0.638347938868997,0.1393866567424221,0.9670416656882065,0.13479270471090213,0.07102258524973941,0.9565984969493355,0.06794009829935677
556.3163340724316,0.9091358877199223,0.9613789600567554,0.874024114286454,0.6542489835041437,0.9641532526131736,0.6307962854643827,0.6542489835041437,0.9641532526131736,0.6307962854643827,0.13536292940600347,0.9670893295326439,0.13090804464282652,0.0709253549688139,0.9565276127492889,0.06784206047171547
558.1433850702143,0.9066286956886719,0.961553130597721,0.8717716606291709,0.6462702309108665,0.9643003949140353,0.6231986388885334,0.6462702309108665,0.9643003949140353,0.6231986388885334,0.13139012114788715,0.9671344751185681,0.1270719158521269,0.07076487336613643,0.9564598849645094,0.06768376263930292
559.9704360679971,0.9040526804190014,0.961724771308662,0.869449857326947,0.6382534271223621,0.9644469306660453,0.6155615587752465,0.6382534271223621,0.9644469306660453,0.6155615587752465,0.12746752910938391,0.9671771151571398,0.12328367708022267,0.07054138556558577,0.9563950528808333,0.06746543217828566
561.7974870657797,0.9014062898264762,0.9618939447026287,0.8670572519009502,0.630205437579867,0.9645928454059635,0.6078916562254743,0.630205437579867,0.9645928454059635,0.6078916562254743,0.123594542936493,0.967217264299448,0.11954277570137542,0.07025561749442692,0.956332835564873,0.0671877538928064
563.6245380635625,0.8986879715481715,0.9620607130850204,0.8645923907485644,0.62213314561705,0.9647381213232182,0.600195562115497,0.62213314561705,0.9647381213232182,0.600195562115497,0.119770644588358,0.9672549395287984,0.11584874758863742,0.06990870616063576,0.9562729418591519,0.06685180410179817
565.4515890613452,0.8958961762670234,0.9622251385524024,0.8620538223371041,0.6140434194669994,0.9648827375408706,0.5924798955442755,0.6140434194669994,0.9648827375408706,0.5924798955442755,0.1159954079280264,0.9672901605848013,0.1122012167618002,0.06950213725607145,0.9562150782229365,0.06645899161297562
567.2786400591278,0.89302936129738,0.9623872829884207,0.8594401006478702,0.6059430798164621,0.9650266704092609,0.5847512327728135,0.6059430798164621,0.9650266704092609,0.5847512327728135,0.11226849802724179,0.9673229504180124,0.10859989475071033,0.06903769117075015,0.9561589546573942,0.06601100662178447
569.1056910569106,0.8900859944387378,0.9625472080566623,0.8567497888773449,0.5978388682618974,0.9651698938089933,0.5770160769952242,0.5978388682618974,0.9651698938089933,0.5770160769952242,0.10858967010660081,0.9673533356728665,0.10504457959723645,0.06851739748865496,0.9561042890044752,0.06550977761032746
570.9327420546933,0.887064558103493,0.9627049751903177,0.8539814634012335,0.5897374170007167,0.9653123794598466,0.5692808292614656,0.5897374170007167,0.9653123794598466,0.5692808292614656,0.10495876802229785,0.9673813471954182,0.10153515440938188,0.0679434973893237,0.9560508099158062,0.06495743570757538
572.759793052476,0.8839635537231887,0.9628606455785106,0.8511337180057839,0.5816452200636663,0.9654540972322212,0.5615517608460036,0.5816452200636663,0.9654540972322212,0.5615517608460036,0.10137572220126602,0.9674070205609456,0.09807158537194087,0.06731841301892386,0.9559982587679973,0.06435628562911608
574.5868440502586,0.8807815064361657,0.9630142801491529,0.8482051683893106,0.5735686063615841,0.9655950154578055,0.5538349873258258,0.5735686063615841,0.9655950154578055,0.5538349873258258,0.09784054691850824,0.9674303966148048,0.09465391911038185,0.06664472273853544,0.955946390766965,0.06370878216556804
576.4138950480414,0.8775169700577133,0.9631659395482064,0.8451944569351327,0.5655137147827426,0.9657351012362775,0.5461364445962152,0.5655137147827426,0.9657351012362775,0.5461364445962152,0.09435333680447704,0.9674515220180384,0.09128227929897191,0.06592514113724493,0.9558949754448407,0.0630175111685844
578.2409460458241,0.8741685323317848,0.9633156841152322,0.8421002577552017,0.5574864715368217,0.9658743207350583,0.5384618670146121,0.5574864715368217,0.9658743207350583,0.5384618670146121,0.09091426246753115,0.967470449787173,0.08795686240153146,0.06516250276037669,0.9558437967141779,0.06228517404187655
580.0679970436067,0.8707348204610096,0.9634635738551263,0.838921282001466,0.5494925698993894,0.9660126394793689,0.5308167678228108,0.5494925698993894,0.9660126394793689,0.5308167678228108,0.08752356511770015,0.9674872398154505,0.08467793243453156,0.06435974861074777,0.9557926526084687,0.06151457484588081
581.8950480413895,0.8672145069092004,0.963609668405958,0.835656283439611,0.5415374524677479,0.9661500226301246,0.5232064219567747,0.5415374524677479,0.9661500226301246,0.5232064219567747,0.08418155008447667,0.9675019593604867,0.08144581464873411,0.06351991460765775,0.9557413548068183,0.06070860924433623
583.7220990391722,0.8636063154677096,0.9637540270028372,0.8323040642770877,0.5336262959962923,0.966286435247505,0.5156358513125873,0.5336262959962923,0.966286435247505,0.5156358513125873,0.0808885791342433,0.9675146834811691,0.0782608880383089,0.06264612131876338,0.9556897280142826,0.059870254644278725
585.5491500369549,0.8599090275739127,0.9638967084377701,0.8288634812344182,0.5257639988380931,0.9664218425383728,0.5081098124974528,0.5257639988380931,0.9664218425383728,0.5081098124974528,0.0776450615133902,0.967525495404606,0.07512357660646396,0.06174156440483827,0.9556376092477538,0.05900256099905586
587.3762010347376,0.8561214888667615,0.9640377710154772,0.8253334518455644,0.5179551709802295,0.9665562100860514,0.5006327870571233,0.5179551709802295,0.9665562100860514,0.5006327870571233,0.07445144367213803,0.9675344868023136,0.07203433934501342,0.06080950533306593,0.9555848470597519,0.05810864185347697
589.2032520325205,0.8522426159607522,0.9641772725051806,0.8217129609697181,0.5102041266242121,0.9666895040613138,0.49320897413639536,0.5102041266242121,0.9666895040613138,0.49320897413639536,0.07130819766222521,0.9675417579537614,0.06899365892262367,0.05985326201978878,0.9555313007185825,0.0571916653100189
591.030303030303,0.8482714034158744,0.9643152700883968,0.8180010674932423,0.5025148792302505,0.9668216914137768,0.4858422854979806,0.5025148792302505,0.9668216914137768,0.4858422854979806,0.06821580824906673,0.967547417775109,0.06600202912282649,0.0588761991597232,0.9554768393524056,0.056254844686215076
592.8573540280858,0.8442069308770639,0.9644518203028036,0.8141969111966274,0.4948911389156322,0.9669527400432127,0.4785363427975768,0.4948911389156322,0.9669527400432127,0.4785363427975768,0.06517475883528795,0.967551583691668,0.06305994112780539,0.057881718087683776,0.9554213410563849,0.055301428717982444
594.6844050258685,0.8400483703525325,0.9645869789822882,0.8102997197573437,0.48733631207337513,0.9670826189505993,0.4712944769896462,0.48733631207337513,0.9670826189505993,0.4712944769896462,0.06218551635631129,0.9675543813345344,0.06016786880609934,0.056873246103379835,0.9553646919557971,0.05433469124408171
596.5114560236511,0.835794993596024,0.9647208011933232,0.8063088158553248,0.47985350305769525,0.9672112983690098,0.464119729719351,0.47985350305769525,0.9672112983690098,0.464119729719351,0.05924851537762845,0.9675559440450893,0.05732625322947128,0.055854225272457717,0.9553067852134822,0.05335792038562121
598.3385070214338,0.8314461795536592,0.9648533411678589,0.8022236243435996,0.4724455177677651,0.9673387498746986,0.4570148565413746,0.4724455177677651,0.9673387498746986,0.4570148565413746,0.056364141694208204,0.9675564121757881,0.05453548671301584,0.0548281007999458,0.9552475199670551,0.05237440731365194
600.1655580192165,0.8270014218316195,0.964984652232964,0.7980436794423521,0.4651148689505257,0.967464946478954,0.449982331795786,0.4651148689505257,0.967464946478954,0.449982331795786,0.05353271580081328,0.9675559321818223,0.051795896738880465,0.05379830915738695,0.9551868001796985,0.051387434779122616
601.9926090169993,0.8224603361365287,0.9651147867374966,0.7937686319104557,0.4578637830367921,0.9675898627014943,0.44302435496455644,0.4578637830367921,0.9675898627014943,0.44302435496455644,0.05075447666277698,0.9675546555057162,0.04910773018282609,0.05276826623344091,0.9551245333879976,0.05040026566390888
603.8196600147819,0.8178226676361269,0.965243795976132,0.7893982561444216,0.45069420832216966,0.9677134746263231,0.4361428583294067,0.45069420832216966,0.9677134746263231,0.4361428583294067,0.0480295662643242,0.9675527372654749,0.046471138308720385,0.051741355870166296,0.9550606293310683,0.04941613189980379
605.6467110125647,0.8130882981837715,0.9653717301111252,0.784932457150778,0.4436078243050625,0.9678357599411052,0.42933951575211043,0.4436078243050625,0.9678357599411052,0.42933951575211043,0.045358015440331294,0.9675503347660867,0.04388616302361787,0.050720919243633006,0.9549949984471219,0.048438224194309897
607.4737620103474,0.808257253346469,0.9654986380922359,0.7803712773341871,0.43660605199783736,0.9679566979612031,0.422615752401704,0.43660605199783736,0.9679566979612031,0.422615752401704,0.04273973150241165,0.9675476058634863,0.04135272489040662,0.04971024564770459,0.954927550226593,0.0474696830975247
609.30081300813,0.803329709172768,0.9656245675752908,0.7757149030403383,0.429690065033577,0.9680762696395928,0.41597275525889926,0.429690065033577,0.9680762696395928,0.41597275525889926,0.04017448814768154,0.967544707218855,0.0388706133725159,0.04871256534332145,0.954858191415067,0.04651359204291219
611.1278640059129,0.7983059986338369,0.9657495648399083,0.7709636707897164,0.4228608013993436,0.9681944575639112,0.4094114842358783,0.4228608013993436,0.9681944575639112,0.4094114842358783,0.037661918086631,0.9675417924887058,0.03643947973410176,0.04773104524220869,0.9547868240646061,0.04557297309609246
612.9549150036955,0.7931866176687473,0.9658736747069544,0.766118073136093,0.41611897563709754,0.9683112459419038,0.40293268375922664,0.41611897563709754,0.9683112459419038,0.40293268375922664,0.03520150874562042,0.9675390105018878,0.03405883293991113,0.04676878830362025,0.9547133434389469,0.0446507862499376
614.7819660014782,0.7879722307632179,0.9659969404563439,0.7611787640818286,0.40946509136483017,0.9684266205765379,0.3965368946745058,0.40946509136483017,0.9684266205765379,0.3965368946745058,0.032792601292813785,0.9675365034779048,0.03172803879479407,0.04582883763598938,0.9546376357868638,0.04374993321168095
616.6090169992609,0.7826636759902286,0.9661194037458384,0.7561465639812057,0.40289945398283733,0.9685405688320241,0.3902244663426492,0.40289945398283733,0.9685405688320241,0.3902244663426492,0.03043439310943851,0.9675344053413553,0.029446322439065628,0.04491418641262163,0.9545595760095097,0.04287326673884419
618.4360679970437,0.7772619694408233,0.9662411045315242,0.7510224638628489,0.39642218344287533,0.9686530795919424,0.3839955688105031,0.39642218344287533,0.9686530795919424,0.3839955688105031,0.02812594368904792,0.9675328401847199,0.02721277418034003,0.044027794831597133,0.9544790252628651,0.042023606695336245
620.2631189948263,0.7717683089740712,0.9663620809906849,0.7458076291028454,0.3900332269710199,0.9687641432106291,0.3778502049502569,0.3900332269710199,0.9687641432106291,0.3778502049502569,0.025866183805296473,0.9675319209261832,0.025026358504168227,0.043172615472135925,0.9543958285571839,0.041203764114509864
622.0901699926089,0.7661840772188668,0.9664823694478086,0.7405034023836732,0.38373237164799895,0.9688737514589103,0.3717882224748215,0.38373237164799895,0.9688737514589103,0.3717882224748215,0.02365392765352639,0.9675317482010728,0.022885925974438087,0.04235162851492917,0.9543098124437663,0.040416574664770125
623.9172209903917,0.760510843758993,0.9666020043044596,0.7351113058727184,0.3775192567634801,0.968981897465204,0.36580932574833047,0.3775192567634801,0.968981897465204,0.36580932574833047,0.021487887552657882,0.9675324095153497,0.02079022761921797,0.04156788838469229,0.9542207829184913,0.03966494299870954
625.7442719881745,0.7547503664428222,0.9667210179737812,0.7296330425636894,0.37139338587297627,0.9690885756529385,0.3599130873225647,0.37139338587297627,0.9690885756529385,0.3599130873225647,0.019366690699441882,0.9675339786781677,0.01873793130626047,0.04082458340537766,0.9541285237249777,0.03895189949626021
627.5713229859571,0.7489045917601421,0.9668394408203644,0.7240704967251791,0.36535413849762743,0.969193781675157,0.3540989591411846,0.36535413849762743,0.969193781675157,0.3540989591411846,0.017288897402741504,0.9675365155186183,0.016727639550207406,0.040125109971958346,0.9540327953122246,0.03828067082875784
629.3983739837398,0.7429756542368751,0.9669573011062153,0.7184257334085132,0.3594007814179295,0.9692975123471053,0.3483662833640048,0.3594007814179295,0.9692975123471053,0.3483662833640048,0.015253020194085944,0.967540065880258,0.01475790816345882,0.039473162438723675,0.9539333347962019,0.03765476548012385
631.2254249815226,0.7369658748058899,0.9670746249435139,0.7127009969740746,0.35353247952254657,0.9693997655775134,0.3427143027731937,0.35353247952254657,0.9693997655775134,0.3427143027731937,0.013257543212276075,0.9675446618765842,0.012827265164635858,0.038872839250009936,0.9538298573948217,0.037078074718368804
633.0524759793052,0.7308777581209185,0.9671914362548352,0.7068987086036852,0.3477483061824784,0.9695005402992176,0.33714217073205055,0.3477483061824784,0.9695005402992176,0.33714217073205055,0.011300941291639069,0.9675503223818881,0.010934229389944173,0.03832876457399091,0.953722059949822,0.03655498830483837
634.879526977088,0.7247139887904316,0.9673077567414367,0.7010214627760111,0.3420472531291899,0.9695998363996859,0.3316489606750245,0.3420472531291899,0.9695998363996859,0.3316489606750245,0.009381698240776353,0.9675570537252691,0.009077328308785108,0.0378462225464015,0.9536096273078315,0.03609052217748318
636.7065779748707,0.7184774265190202,0.9674236058601705,0.6950720226921663,0.33642823982269376,0.9696976546519462,0.32623367511474866,0.33642823982269376,0.9696976546519462,0.32623367511474866,0.007498323875002612,0.9675648505512169,0.007255114619501524,0.03743129783146988,0.9534922424819057,0.03569045210833631
638.5336289726534,0.7121711001553607,0.967539000809497,0.6890533146497179,0.3308901223021787,0.9697939966463481,0.3208952541582288,0.3308901223021787,0.9697939966463481,0.3208952541582288,0.005649369454173438,0.9675736968080616,0.005466181287409134,0.037091011209807116,0.9533696016055998,0.035361442580242645
640.3606799704362,0.7057982006578636,0.9676539565250025,0.6829684213748093,0.3254317015174728,0.9698888647235283,0.3156325835298278,0.3254317015174728,0.9698888647235283,0.3156325835298278,0.003833441271308316,0.9675835668255615,0.003709174778508815,0.03683343211718032,0.9532414346416419,0.0351111536741565
642.187730968219,0.6993620730016309,0.9677684856847301,0.676820574334122,0.3200517311446175,0.9699822619088921,0.3104445021035127,0.3200517311446175,0.9699822619088921,0.3104445021035127,0.0020492122300860833,0.9675944264446524,0.001982806332433511,0.036667741748035367,0.9531075324940024,0.034948300859597305
644.0147819660015,0.6928662070629348,0.9678825987245375,0.6706131450604869,0.31474892489302203,0.9700741918488716,0.3053298089508995,0.31474892489302203,0.9700741918488716,0.3053298089508995,0.00029543133582653045,0.9676062341655252,0.00028586120231359973,0.03660421166969248,0.9529677804423221,0.034882634349707786
645.8418329637841,0.6863142275300815,0.9679963038635917,0.664349635538115,0.3095219633152057,0.9701646587491729,0.30028726991507054,0.3095219633152057,0.9701646587491729,0.30028726991507054,0.0014290688988603379,0.9676189422843279,0.0013827941363666692,0.03665405645865072,0.9528221965282258,0.03492479858660118
647.6688839615668,0.6797098829018087,0.9681096071400033,0.6580336677052476,0.30436950013304986,0.9702536673151853,0.2953156237229814,0.30436950013304986,0.9702536673151853,0.2953156237229814,0.003125367068327304,0.9676324979935081,0.0030242067434721963,0.03682911899380522,0.952670971632427,0.03508603257619469
649.4959349593496,0.6730570336461444,0.9682225124564878,0.6516689721433808,0.2992901680968179,0.9703412226946816,0.29041358765156305,0.2992901680968179,0.9703412226946816,0.29041358765156305,0.004794449391803834,0.9676468444257448,0.0046393338247379115,0.03714135929778368,0.95251450569159,0.035377683492242164
651.3229859571322,0.6663596396036627,0.9683350216358395,0.645259376032863,0.2942825843950458,0.9704273304229101,0.28557986276443903,0.2942825843950458,0.9704273304229101,0.28557986276443903,0.006437207981366341,0.9676619216262887,0.006229041045157036,0.037602147038959775,0.9523534324038735,0.03581053379830849
653.1500369549151,0.6596217467290565,0.9684471344858812,0.6388087904643264,0.2893453556347761,0.9705119963701488,0.2808131387375372,0.2893453556347761,0.9705119963701488,0.2808131387375372,0.00805444068155985,0.9676776674430941,0.0077941023712906005,0.038221404318917865,0.9521886238592729,0.03639398638039927
654.9770879526978,0.6528474732737298,0.9685588488734556,0.6323211972039479,0.28447708241260605,0.9705952266917631,0.27611209829287475,0.28447708241260605,0.9705952266917631,0.27611209829287475,0.009646852288637188,0.9676940183282229,0.009335201255410134,0.039006700717448536,0.9520211679396177,0.03713520477449648
656.8041389504805,0.64604099551947,0.9686701608069187,0.6258006350177069,0.2796763634976458,0.9706770277807932,0.27147542126043556,0.2796763634976458,0.9706770277807932,0.27147542126043556,0.011215056953151229,0.9677109100475466,0.010852932970369041,0.03996244809059252,0.9518523157061005,0.03803834875631532
658.6311899482631,0.6392065331790452,0.9687810645264997,0.6192511856654888,0.2749417996478415,0.9707574062230739,0.2669017882884427,0.2749417996478415,0.9707574062230739,0.2669017882884427,0.012759581572901094,0.9677282782987234,0.012347807907355693,0.04108935483971081,0.9516834027424189,0.03910405703034666
660.4582409460459,0.632348334583676,0.9688915526018104,0.612676959679947,0.27027199708117994,0.9708363687548758,0.2623898842224211,0.27027199708117994,0.9708363687548758,0.2623898842224211,0.01428086999218752,0.967746059239768,0.013820255657454927,0.0423842625108757,0.9515157554713948,0.040329293563133806
662.2852919438285,0.6254706617796165,0.9690016160357072,0.6060820820473717,0.2656655706231802,0.9709139222230488,0.25793840117337624,0.2656655706231802,0.9709139222230488,0.25793840117337624,0.01577928783622625,0.9677641899323315,0.015270629710534589,0.04384040638038132,0.9513505979795676,0.04170759682564302
664.1123429416112,0.6185777756565777,0.969111244373652,0.5994706779084318,0.26112114655175733,0.9709900735476344,0.2535460412951335,0.26112114655175733,0.9709900735476344,0.2535460412951335,0.017255127824997628,0.9677826087050889,0.01669921262001597,0.0454480436356408,0.9511889748121753,0.04322967803300418
665.939393939394,0.6116739212293645,0.969220425817661,0.5928468583954831,0.25663736516009134,0.9710648296869085,0.24921151929048105,0.25663736516009134,0.9710648296869085,0.24921151929048105,0.01870861542749335,0.9678012554434754,0.018106221498337238,0.047195314982853696,0.9510317005510877,0.044884240666187576
667.7664449371766,0.6047633131909412,0.9693291473439014,0.5862147067202479,0.252212883057573,0.9711381976048138,0.24493356466524513,0.252212883057573,0.9711381976048138,0.24493356466524513,0.02013991473435499,0.9678200718124946,0.019491813724500963,0.04906917433248423,0.9508793398410744,0.046658864095819194
669.5934959349594,0.597850121850317,0.9694373948229674,0.579578264621165,0.24784637522821515,0.9712101842407365,0.24071092374879355,0.24784637522821515,0.9712101842407365,0.24071092374879355,0.02154913444351489,0.9678390014194957,0.02085609276126591,0.0510562395457684,0.950732214743219,0.048540811699808714
671.4205469327421,0.5909384595621868,0.9695451531418654,0.5729415192736385,0.24353653686520105,0.9712807964815804,0.23654236149879823,0.24353653686520105,0.9712807964815804,0.23654236149879823,0.022936333869213486,0.9678579899237661,0.02219911399487736,0.053143467598545185,0.9505904319565263,0.050517671820168725
673.2475979305249,0.5840323677474091,0.9696524063267369,0.5663083907589769,0.23928208499946116,0.9713500411360957,0.23242666310735735,0.23928208499946116,0.9713500411360957,0.23242666310735735,0.024301528899283262,0.9678769850995574,0.02352089052434805,0.055318615514889556,0.9504539211323793,0.05257779502774125
675.0746489283074,0.5771358045942999,0.9697591376653765,0.5596827201791815,0.23508175993933583,0.9714179249114167,0.2283626354247934,0.23508175993933583,0.9714179249114167,0.2283626354247934,0.02564469783875521,0.9678959368588073,0.024821398840103003,0.057570495362448786,0.950322476535181,0.054710535728199484
676.9016999260901,0.5702526335205893,0.9698653298286255,0.5530682584950887,0.2309343265375615,0.9714844543917749,0.2243491082166749,0.2309343265375615,0.9714844543917749,0.2243491082166749,0.026965787089551118,0.967914797239391,0.026100584343183457,0.059889059659489347,0.950195796507295,0.05690633274522139
678.7287509238729,0.5633866124649115,0.9699709649897725,0.5464686561549092,0.2268385753009693,0.9715496360193503,0.2203849352688047,0.2268385753009693,0.9715496360193503,0.2203849352688047,0.028264716626309472,0.9679335203642444,0.027358366666201516,0.06226536388714471,0.9500735175585104,0.05915667329032022
680.5558019216555,0.5565413840652131,0.9700760249411432,0.5398874535692241,0.22279332335744018,0.9716134760772326,0.21646899535412134,0.22279332335744018,0.9716134760772326,0.21646899535412134,0.029541385237345657,0.9679520623762041,0.02859464476593868,0.06469145096054434,0.9499552418258006,0.06145398294128582
682.3828529194383,0.5497204667695671,0.9701804912071272,0.5333280724771099,0.21879741529382332,0.9716759806744766,0.2126001930746665,0.21879741529382332,0.9716759806744766,0.2126001930746665,0.03079567550743852,0.967970381352895,0.029809301764955273,0.06716019447582659,0.9498405579431832,0.06379147659249182
684.209903917221,0.5429272469129163,0.9702843451529568,0.5267938082365966,0.2148497238777123,0.9717371557332329,0.20877745959099864,0.2148497238777123,0.9717371557332329,0.20877745959099864,0.03202745852575144,0.9679884372055086,0.031002209526006377,0.06966512778289752,0.9497290560768976,0.06616299605072772
686.0369549150038,0.5361649717814193,0.9703875680886346,0.5202878230612829,0.21094915067516723,0.9717970069779572,0.20499975325066963,0.21094915067516723,0.9717970069779572,0.20499975325066963,0.033236598307804885,0.96800619156484,0.032173232948508615,0.07220027699349006,0.9496203381712405,0.06856285145461527
687.8640059127866,0.5294367436745239,0.9704901413674796,0.5138131402138267,0.20709462657569977,0.9718555399266968,0.20126606012664436,0.20709462657569977,0.9718555399266968,0.20126606012664436,0.03442295592521256,0.9680236076575155,0.03332223398095991,0.07476000897207355,0.9495140244757324,0.07098567698891542
689.691056910569,0.5227455149638466,0.9705920464788537,0.5073726391564021,0.20328511223507414,0.9719127598844773,0.19757539447581665,0.20328511223507414,0.9719127598844773,0.19757539447581665,0.035586393340956146,0.9680406501749329,0.03444907534716009,0.07733890030693151,0.9494097573111838,0.07342630657111769
691.518107908352,0.5160940841376025,0.970693265134705,0.5009690516482346,0.19951959844576575,0.9719686719388106,0.19392679912709573,0.19951959844576575,0.9719686719388106,0.19392679912709573,0.036726776951416795,0.9680572851370702,0.03555362398742327,0.07993162991678669,0.9493072028648378,0.07587967201673217
693.3451589061344,0.5094850928097381,0.9707937793496536,0.4946049587710747,0.19579710644420203,0.9720232809573672,0.19031934580785212,0.19579710644420203,0.9720232809573672,0.19031934580785212,0.037843980839338036,0.9680734797529816,0.03663575421884314,0.08253289587785363,0.9492060516316956,0.07834072422594729
695.1722099039172,0.5029210236642778,0.9708935715144237,0.4882827888551007,0.19211668816324456,0.9720765915878615,0.18675213541687483,0.19211668816324456,0.9720765915878615,0.18675213541687483,0.03893788974438941,0.9680892022795075,0.03769535062109335,0.08513735584256449,0.9491060179643732,0.08080437678375224
696.9992609016999,0.4964041992977541,0.9709926244625042,0.48200481627033426,0.18847742643771354,0.9721286082602121,0.18322429825136097,0.18847742643771354,0.9721286082602121,0.18322429825136097,0.040008401760149824,0.9681044218794531,0.03873231065633074,0.08773958973353983,0.9490068390662312,0.08326547071399458
698.8263118994827,0.48993678191595313,0.9710909215299963,0.47577316104220374,0.18487843517012498,0.9721793351910559,0.17973499419485484,0.18487843517012498,0.9721793351910559,0.17973499419485484,0.041055430768159526,0.9681191084802729,0.03974654703354417,0.09033408299530307,0.9489082736627448,0.08571875874798014
700.6533628972654,0.483520773835698,0.9711884466086688,0.469589789244513,0.18131885946320575,0.9722287763907025,0.17628341287247026,0.18131885946320575,0.9722287763907025,0.17628341287247026,0.04207890862125968,0.9681332326340828,0.04073798982921431,0.09291522842630015,0.9488101005110086,0.08815890722216116
702.4804138950482,0.47715801873788816,0.9712851841923119,0.46345651411866834,0.17779787572514555,0.972276935672634,0.1728687737791483,0.17779787572514555,0.972276935672634,0.1728687737791483,0.043078787089918934,0.9681467653796642,0.04170658837758425,0.09547734439155957,0.9487121168525284,0.09058051350917436
704.3074648928307,0.47085020361464475,0.9713811194165327,0.457374997864696,0.1743146917529625,0.9723238166656649,0.1694903263861394,0.1743146917529625,0.9723238166656649,0.1694903263861394,0.04405503958545151,0.9681596781069768,0.04265231294404086,0.09801470701361979,0.948614136875531,0.09297813669483299
706.1345158906134,0.4645988613509699,0.9714762380921859,0.4513467540471533,0.17086854679879668,0.9723694228288937,0.16614735023035773,0.17086854679879668,0.9723694228288937,0.16614735023035773,0.045007662677271305,0.9681719424245687,0.04357515619824352,0.1005215937364134,0.9485159902260621,0.09534633902199607
707.9615668883962,0.458405373879904,0.9715705267326773,0.4453731505575882,0.16745871162335793,0.9724137574695891,0.16283915499068585,0.16745871162335793,0.9724137574695891,0.16283915499068585,0.04593667741901797,0.968183530030193,0.04447513450140307,0.10299233547971572,0.948417520588881,0.09767973545533022
709.7886178861788,0.45227097584960546,0.9716639725754154,0.4394554130745874,0.1640844885401859,0.9724568237641674,0.1595650805547571,0.1640844885401859,0.9724568237641674,0.1595650805547571,0.04684213050126556,0.9681944125848607,0.04535228902489619,0.10542137447790381,0.9483185843470231,0.09997304860480313
711.6156688839616,0.44619675874101944,0.9717565635977121,0.4335946289626105,0.16074521145380846,0.9724986247824315,0.15632449707918988,0.16074521145380846,0.9724986247824315,0.15632449707918988,0.047724095248036516,0.9682045615905084,0.04620668671692886,0.10780332485830393,0.9482190493209194,0.10222116621077519
713.4427198817443,0.4401836753757901,0.9718482885274639,0.42779175155169036,0.15744024589428118,0.9725391635152527,0.15311680504565992,0.15744024589428118,0.9725391635152527,0.15311680504565992,0.048582672474755936,0.9682139482714373,0.047038421134361526,0.11013303308818277,0.9481187935825679,0.10441919846515688
715.2697708795271,0.43423254475566353,0.9719391368489536,0.42204760474154424,0.15416898904999327,0.9725784429058847,0.14994143531461684,0.15416898904999327,0.9725784429058847,0.14994143531461684,0.04941799122535625,0.9682225434596757,0.047847613156882365,0.11240563562113177,0.9480177043363521,0.10656253263601384
717.0968218773098,0.42834405717677043,0.9720290988041342,0.41636288787564274,0.15093086979999693,0.9726164658851177,0.14679784917783986,0.15093086979999693,0.9726164658851177,0.14679784917783986,0.05023020940617136,0.9682303174844293,0.04863441160064666,0.1146166114043877,0.9479156768548123,0.10864688277819516
718.9238728750926,0.42251877956479417,0.9721181653897526,0.410738180833245,0.14772534874642362,0.9726532354104692,0.14368553841034884,0.14772534874642362,0.9726532354104692,0.14368553841034884,0.051019514333975904,0.968237240065836,0.04939899374822819,0.11676182735388363,0.9478126134544543,0.11066833273600224
720.750923872875,0.4167571609799645,0.972206328350683,0.40517394929018585,0.14455191824690822,0.9726887545096329,0.14060402532156344,0.14455191824690822,0.9726887545096329,0.14060402532156344,0.051786123215065066,0.9682432802132998,0.05014156581128471,0.11883757543471939,0.9477084224931426,0.11262337114814774
722.5779748706578,0.41105953824406516,0.9722935801698289,0.3996705501022788,0.1414101024461602,0.9727230263283961,0.13755286280483747,0.1414101024461602,0.9727230263283961,0.13755286280483747,0.05253028357157826,0.9682484061287849,0.050862363341673746,0.1208406005619878,0.9476030173666019,0.11450891771293192
724.4050258684404,0.4054261416450684,0.9723799140549503,0.3942282367684617,0.13829945730505527,0.9727560541832354,0.1345316343837484,0.13829945730505527,0.9727560541832354,0.1345316343837484,0.05325227363034427,0.96825258511557,0.05156165160586254,0.1227681191159589,0.9474963154770056,0.11632234052041321
726.2320768662232,0.39985710067858543,0.9724653239227643,0.38884716493421795,0.13521957062479617,0.9727878416187925,0.13153995425271534,0.13521957062479617,0.9727878416187925,0.13153995425271534,0.0539524026883117,0.9682557834931265,0.05223972593630791,0.1246178284027219,0.9473882371416543,0.11806146476687587
728.0591278640059,0.3943524497889326,0.9725498043806534,0.3835273978992578,0.1321700620627772,0.9728183924704241,0.1285774673086271,0.1321700620627772,0.9728183924704241,0.1285774673086271,0.0546310114671182,0.9682579665189874,0.052896912072027354,0.12638790784875067,0.9472787044045281,0.11972457359936343
729.8861788617887,0.38891213407624853,0.9726333507063,0.3782689120969194,0.12915058313587094,0.9728477109319895,0.12564384916926366,0.12915058313587094,0.9728477109319895,0.12564384916926366,0.05528847246744479,0.968259098318707,0.05353356649874675,0.12807701306808414,0.9471676397082801,0.1213104021685838
731.7132298595714,0.38353601493968853,0.9727159588255538,0.3730716025161911,0.12616081720582864,0.9728758016290238,0.12273880617329327,0.12616081720582864,0.9728758016290238,0.12273880617329327,0.05592519033148783,0.9682591418253089,0.05415007679678347,0.1296842641691221,0.9470549643793175,0.12281812618324593
733.5402808573542,0.37822387563021576,0.9727976252888195,0.3679352880406077,0.12320047944042965,0.9729026696973977,0.11986207535559337,0.12320047944042965,0.9729026696973977,0.11986207535559337,0.0565416022190433,0.968258058729955,0.05474686200209218,0.13120922977284719,0.9469405968743622,0.12424734635652525
735.3673318551366,0.3729754266898784,0.9728783472462317,0.3628597166815069,0.12026931674290019,0.9729283208675258,0.11701342439055448,0.12026931674290019,0.9729283208675258,0.11701342439055448,0.05713817819924622,0.9682558094459736,0.05532437298257943,0.13265190820582035,0.9468244507336858,0.12559807012575117
737.1943828529196,0.36779031125771877,0.9729581224218696,0.3578445706862651,0.1173671076409548,0.97295276155412,0.11419265149488664,0.1173671076409548,0.97295276155412,0.11419265149488664,0.05771542165588405,0.9682523530888494,0.055883092827824866,0.1340127072290721,0.9467064321846532,0.12687069192824132
739.0214338507021,0.36266811022547096,0.9730369490872406,0.35288947150502736,0.11449366212560508,0.9729759989514194,0.11139958528026689,0.11449366212560508,0.9729759989514194,0.11139958528026689,0.05827386969919065,0.9682476474753089,0.056423537245524034,0.13529242349332787,0.9465864373400555,0.12806597315365126
740.848484848485,0.3576083472291081,0.9731148260342479,0.34799398460224845,0.11164882142866214,0.9729980411337382,0.1086340845449788,0.11164882142866214,0.9729980411337382,0.1086340845449788,0.05881409357108512,0.9682416491452507,0.056946254952250544,0.13649222269914732,0.9464643489402309,0.12918502269235346
742.6755358462675,0.3526104934649445,0.9731917525478324,0.34315762410190537,0.10883245772661666,0.9730188971610735,0.10589603799248169,0.10883245772661666,0.9730188971610735,0.10589603799248169,0.05933669902371799,0.9682343134109489,0.05745182803930171,0.13761362121308623,0.9463400325981314,0.13022927878473894
744.5025868440503,0.34767397232146846,0.973267728378466,0.33837985725763325,0.10604447375739616,0.9730385771893963,0.10318536386369503,0.10604447375739616,0.9730385771893963,0.10318536386369503,0.05984232664280832,0.968225594438722,0.05794087228632926,0.13865846966788234,0.9462133325255728,0.13120049266734302
746.329637841833,0.34279816382032635,0.9733427537146535,0.33366010874120333,0.10328480233531853,0.9730570925851179,0.10050200946863364,0.10328480233531853,0.9730570925851179,0.10050200946863364,0.06033165207742198,0.9682154453690828,0.05841403738599367,0.1396289388669302,0.9460840667521472,0.13210071431951226
748.1566888396158,0.33798240886192593,0.9734168291555836,0.32899776474474196,0.10055340574853652,0.9730744560430622,0.0978459506020345,0.10055340574853652,0.9730744560430622,0.0978459506020345,0.06080538612640045,0.968203818482276,0.05887200703187012,0.14052750811897963,0.945952021904006,0.1329322804382804
749.9837398373985,0.33322601327297635,0.9734899556840524,0.3243921768938832,0.09785027502233858,0.9730906817071164,0.09521719082671627,0.09785027502233858,0.9730906817071164,0.09521719082671627,0.06126427461850394,0.9681906654170226,0.05931549880918054,0.14135695592892258,0.9458169477007614,0.1336978045929646
751.810790835181,0.32852825165490307,0.9735621346397695,0.31984266597061883,0.09517542903097223,0.973105785292533,0.09261576060773798,0.09517542903097223,0.973105785292533,0.09261576060773798,0.06170909800842467,0.9681759374512062,0.059745263813574916,0.14212035272296678,0.9456785514742052,0.13440016929805834
753.6378418329638,0.323888371033555,0.9736333676931405,0.3153485254460456,0.09252891344021653,0.9731197842086584,0.09004171628000515,0.09252891344021653,0.9731197842086584,0.09004171628000515,0.06214067059418406,0.9681595858540969,0.06016208590716109,0.1428210549205425,0.9455364932395183,0.1350425194303384
755.4648928307465,0.31930559431188005,0.9737036568196085,0.310909024824436,0.08991079946281692,0.9731326976806484,0.08749513883187482,0.08991079946281692,0.9731326976806484,0.08749513883187482,0.06255983924331157,0.9681415623204331,0.060566780503534805,0.1434626990743618,0.9453903821939125,0.13562825590848115
757.2919438285292,0.31477912352835646,0.9737730042746231,0.30652341280114037,0.08732118240922054,0.9731445468684978,0.08497613248764237,0.08732118240922054,0.9731445468684978,0.08497613248764237,0.06296748149595964,0.9681218194971838,0.0609601927550237,0.14404919383859752,0.9452397760206797,0.1361610277199554
759.1189948263119,0.3103081429249112,0.9738414125692938,0.30219092023774985,0.08476018001685322,0.973155354981486,0.08248482307259544,0.08476018001685322,0.973155354981486,0.08248482307259544,0.06336450289352707,0.9681003116139391,0.061343194996485904,0.1445847060191571,0.9450841850737245,0.13664471906223913
760.9460458240947,0.3058918218288574,0.9739088844467778,0.29791076295873503,0.08222793054257464,0.9731651473859046,0.08002135614570258,0.08222793054257464,0.9731651473859046,0.08002135614570258,0.06375183336252241,0.9680769952274797,0.06171668328183369,0.14507363475187834,0.9449230844076715,0.13708342641597684
762.7730968218774,0.3015293173540522,0.9739754228594373,0.29368214437443046,0.07972459060502718,0.9731739517037159,0.07758589488705524,0.07972459060502718,0.9731739517037159,0.07758589488705524,0.06413042246690279,0.9680518300899376,0.06208157283352609,0.14552056492163062,0.9447559376007321,0.13748141775272335
764.6001478196602,0.29721977692701906,0.9740410309467993,0.28950425793577134,0.07725033276637987,0.9731817978995794,0.07517861772992634,0.07725033276637987,0.9731817978995794,0.07517861772992634,0.06450123333018035,0.9680247801478343,0.06243879221371199,0.14593018763734267,0.9445822370813578,0.13784306309618344
766.4271988174429,0.2929623406442027,0.9741057120143374,0.2853762894266079,0.07480534284660861,0.9731887183535173,0.07279971573088649,0.07480534284660861,0.9731887183535173,0.07279971573088649,0.06486523502406213,0.9679958146759269,0.0627892760212625,0.1463071730719313,0.9444015655456908,0.13817272329969627
768.2542498152254,0.28875614346686285,0.9741694695130936,0.2812974190997605,0.07238981696790776,0.9731947479163445,0.07044938967579331,0.07238981696790776,0.9731947479163445,0.07044938967579331,0.06522339322680398,0.9679649095448981,0.06313395592499464,0.14665598171809666,0.9442136809022158,0.13847458432437212
770.0813008130082,0.28460031726036716,0.9742323070201478,0.2772668236632335,0.07000395833218866,0.9731999239449124,0.06812784692472881,0.07000395833218866,0.9731999239449124,0.06812784692472881,0.06557665897604006,0.967932048615257,0.06347374986402254,0.14698060802186408,0.9440186215532202,0.13875243097985432
771.9083518107909,0.2804939926847668,0.9742942282199427,0.27328367812313514,0.06764797374082245,0.9732042863141955,0.06583529800503855,0.06764797374082245,0.9732042863141955,0.06583529800503855,0.06592595538217247,0.9678972252411729,0.0638095492857781,0.14728426966646313,0.9438168187848894,0.13900937085365703
773.7354028085736,0.2764363009436904,0.9743552368864613,0.2693471574900066,0.06532206987279339,0.9732078774033205,0.06357195296849265,0.06532206987279339,0.9732078774033205,0.06357195296849265,0.06627216223417356,0.9678604438572711,0.0641422043553483,0.14756908732096186,0.9436091899432891,0.13924754694760333
775.5624538063563,0.2724263753985551,0.9744153368662563,0.26545643835523625,0.06302644934514909,0.9732107420527836,0.06133801753614472,0.06302644934514909,0.9732107420527836,0.06133801753614472,0.06661609852397127,0.9678217216088103,0.064472507160332,0.14783583491620164,0.9433971755890199,0.13946790911078924
777.389504804139,0.2684633530551441,0.9744745320623225,0.2616107003442936,0.06076130658787971,0.9732129274903759,0.05913368906253068,0.06076130658787971,0.9732129274903759,0.05913368906253068,0.06695850304104058,0.9677810899715522,0.06480117305592174,0.14808385828054202,0.943182685605702,0.13967013114789578
779.2165558019218,0.26454637592946045,0.9745328264188082,0.2578091274533897,0.05852682357395432,0.9732144832236984,0.056959152359250524,0.05852682357395432,0.9732144832236984,0.056959152359250524,0.06730001334554488,0.9677385962928089,0.0651288204455049,0.14831123492399023,0.9429679410729153,0.1398527398342565
781.0436067997044,0.26067459229973006,0.9745902239065493,0.2540509092761424,0.05632316545385114,0.9732154608976423,0.054814575426383905,0.05632316545385114,0.9732154608976423,0.054814575426383905,0.06764114361240678,0.9676943051708238,0.06545594946896788,0.14851517337015907,0.9427552366772423,0.14001345742074597
782.870657797487,0.25684715785123535,0.9746467285094168,0.2503352421266483,0.05415047615230082,0.9732159141158213,0.052700105148368426,0.05415047615230082,0.9732159141158213,0.052700105148368426,0.06798226204109523,0.9676482995774953,0.06578292026549751,0.14869255793311123,0.9425466832157354,0.14014967729871758
784.6977087952697,0.25306323672053627,0.9747023442114657,0.24666133006524776,0.05200887399265702,0.9732158982256486,0.05061586301846828,0.05200887399265702,0.9732158982256486,0.05061586301846828,0.06832356873156846,0.9676006816215076,0.06610993167547956,0.14884048923731705,0.9423439987188408,0.14025894179916193
786.5247597930525,0.24932200244542252,0.9747570749848687,0.24302838583307035,0.04989844742097206,0.973215470067579,0.0485619409624437,0.04989844742097206,0.973215470067579,0.0485619409624437,0.06866507511440642,0.9675515728474774,0.06643700142663411,0.148956686265619,0.9421483937224796,0.14033930269937628
788.3518107908351,0.2456226388267617,0.9748109247786232,0.23943563170128132,0.04781925090704635,0.973214687689921,0.046538397337067085,0.04781925090704635,0.973214687689921,0.046538397337067085,0.06900658616621984,0.9675011139739269,0.06676394898735546,0.14903968613219262,0.9419605573382228,0.14038950581459397
790.1788617886178,0.24196434070817796,0.9748638975080154,0.2358823002407317,0.04577130110303324,0.9732136100315771,0.04454525318232529,0.04577130110303324,0.9732136100315771,0.04454525318232529,0.06934768671077451,0.96744946399041,0.06709038233731368,0.14908885515005166,0.9417807192361939,0.14040900923331637
792.0059127864006,0.2383463146792783,0.9749159970448311,0.23236763501750968,0.043754573341285734,0.9732122965760346,0.04258248880717723,0.043754573341285734,0.9732122965760346,0.04258248880717723,0.06968773307443724,0.9673967985627075,0.0674156898753031,0.14910427113433009,0.9416087506665868,0.14039788646184856
793.8329637841833,0.23476777970791174,0.9749672272082979,0.2288908912196712,0.04176899855164123,0.9732108069808829,0.04065004078722609,0.04176899855164123,0.9732108069808829,0.04065004078722609,0.07002585121093911,0.9673433077339051,0.06773903853727213,0.14908654507842606,0.9414442724816158,0.14035667396815643
795.6600147819661,0.2312279677067155,0.9750175917567476,0.22545133622020874,0.03981446067417906,0.973209200688024,0.03874779944854257,0.03981446067417906,0.973209200688024,0.03874779944854257,0.07036094212733962,0.9672891929560232,0.0680593789259798,0.14903663461287134,0.9412867502838919,0.14028620946799747
797.4870657797488,0.2277261240389631,0.9750670943799901,0.22204825008108897,0.03789079463645538,0.9732075365205313,0.0368756069049501,0.03789079463645538,0.9732075365205313,0.0368756069049501,0.07069169504021554,0.9672346635375293,0.0683754578671205,0.1489556793755705,0.9411355684689199,0.14018748798580172
799.3141167775314,0.22426150796849173,0.9751157386923872,0.2186809260029645,0.03599778495443423,0.9732058722727699,0.03503325570646776,0.03599778495443423,0.9732058722727699,0.03503325570646776,0.07101660819797617,0.9671799326410793,0.06868583833331651,0.14884487005027533,0.940990082685666,0.1400615465759458
801.1411677753141,0.2208333930582631,0.9751635282266218,0.21534867072495223,0.03413516500400437,0.9732042643008529,0.03322048814451029,0.03413516500400437,0.9732042643008529,0.03322048814451029,0.07133401676940732,0.9671252130071497,0.06898892616276864,0.14870535144742034,0.9408496540547027,0.1399093784653884
802.9682187730969,0.21744106752187184,0.975210466428154,0.21205080487864036,0.03230261699542074,0.9732027671207714,0.03143699624518592,0.03230261699542074,0.9732027671207714,0.03143699624518592,0.07164212667982242,0.9670707126071543,0.06928300250094789,0.14853815461483563,0.9407136696054328,0.13973187250414118
804.7952697708795,0.21408383453208998,0.9752565566503625,0.20878666330027204,0.030499772666768905,0.9732014330215686,0.029682422466131567,0.030499772666768905,0.9732014330215686,0.029682422466131567,0.07193905283713863,0.9670166304400517,0.06956626047161864,0.1483441514295113,0.9405815531050711,0.13952977234562358
806.6223207686622,0.2107610124903259,0.9753018021503712,0.20555559530485173,0.028726214695211034,0.973200311700711,0.027956361095360923,0.028726214695211034,0.973200311700711,0.027956361095360923,0.0722228598851353,0.9669631526774656,0.06983684428991328,0.1481240255763106,0.9404527696284292,0.13930365010175358
808.449371766445,0.20747193526064758,0.975346206085559,0.20235696492570132,0.026981478807042974,0.9731994499283585,0.026258360333267883,0.026981478807042974,0.9731994499283585,0.026258360333267883,0.07249160348631425,0.966910449334937,0.0700928888999622,0.1478782550638617,0.9403268263285429,0.13905389026720386
810.2764227642277,0.20421595237181614,0.975389771510758,0.1991901511227976,0.025265056550192695,0.9731988912465611,0.024587925021929198,0.025265056550192695,0.9731988912465611,0.024587925021929198,0.07274337018367814,0.9668586716046389,0.07033255826383555,0.14760710282204462,0.9402032711102316,0.13878068091239065
812.1034737620105,0.20099242919057878,0.9754325013761479,0.19605454796303454,0.02357639867648033,0.9731986757085307,0.02294451996992701,0.02357639867648033,0.9731986757085307,0.02294451996992701,0.07297631410499451,0.966807949933229,0.07055408063353313,0.14731061318894687,0.9400816903311457,0.13848401025038273
813.9305247597932,0.19780074706925882,0.9754743985258526,0.19294956477534955,0.02191491906637892,0.9731988396621022,0.021327573806688847,0.02191491906637892,0.9731988396621022,0.021327573806688847,0.07318868911834912,0.9667583928738761,0.07075577946860094,0.14698861313796546,0.9399617062422099,0.13816366760333812
815.7575757575758,0.19464030347050845,0.975515465697252,0.1898746262834875,0.020279999116803716,0.9731994155803456,0.019736483288443303,0.020279999116803716,0.9731994155803456,0.019736483288443303,0.07337887547359476,0.9667100866900697,0.07093609907029862,0.14664071791092795,0.9398429745952657,0.13781924851819177
817.5846267553585,0.19151051207188344,0.9755557055210258,0.18682917271897917,0.018670992503010787,0.9732004319410684,0.01817061796869855,0.018670992503010787,0.9732004319410684,0.01817061796869855,0.07354540041603908,0.9666630956455529,0.07109362443666006,0.14626634132735497,0.9397251826529837,0.1374501643198323
819.4116777531412,0.18841080285274286,0.9755951205219431,0.18381265991675774,0.0170872302193568,0.9732019131557214,0.016629325140010292,0.0170872302193568,0.9732019131557214,0.016629325140010292,0.07368695268657813,0.9666174628828322,0.07122709525346745,0.14586471144533045,0.9396080477040425,0.13705565675006046
821.2387287509239,0.1853406221657791,0.9756337131204228,0.1808245593956484,0.015528025800563722,0.9732038795470139,0.015111934950814742,0.015528025800563722,0.9732038795470139,0.015111934950814742,0.07380239118818568,0.9665732117734407,0.07133541428732451,0.1454348924527667,0.9394913160925097,0.1366348185162224
823.0657797487066,0.182299432795337,0.9756714856348869,0.17786435842582368,0.013992680625222164,0.9732063473734421,0.013617765601235595,0.013992680625222164,0.9732063473734421,0.013617765601235595,0.07389074837877417,0.9665303476159409,0.07141765071613862,0.14497581365185716,0.9393747626990956,0.13618662054632164
824.8928307464894,0.17928671400449506,0.9757084402849342,0.17493156008513694,0.012480489206342742,0.9732093288979292,0.012146128524822669,0.012480489206342742,0.9732093288979292,0.012146128524822669,0.07395122913638523,0.9664888595607901,0.07147303911114364,0.14448630613908664,0.9392581907547913,0.1357099464930414
826.7198817442721,0.176301961572732,0.9757445791953653,0.17202568330610285,0.01099074437956112,0.9732128324969451,0.010696333468882558,0.01099074437956112,0.9732128324969451,0.010696333468882558,0.07398320593836981,0.9664487226520725,0.07150097487684273,0.1439651472622384,0.9391414318209715,0.1352036345321756
828.5469327420549,0.17334468782584223,0.9757799044010964,0.16914626291513823,0.009522742307595245,0.9732168628057952,0.009267693393905863,0.009522742307595245,0.9732168628057952,0.009267693393905863,0.07398621121436297,0.9664098998920226,0.07150100697306255,0.14341111216201097,0.9390243457355024,0.1346665257691331
830.3739837398373,0.170414421659592,0.9758144178529919,0.16629284966550908,0.008075787229349311,0.9732214208952887,0.007859529122195364,0.008075787229349311,0.9732214208952887,0.007859529122195364,0.07395992769091658,0.9663723442526456,0.07147282870342722,0.14282303073232877,0.9389068203060137,0.13409751765135888
832.20103473762,0.16751070855847366,0.9758481214246658,0.16346501026530122,0.006649195893056575,0.9732265044746883,0.006471173676566903,0.006649195893056575,0.9732265044746883,0.006471173676566903,0.07390417746225783,0.9663360005774966,0.07141626727484779,0.14219984727051363,0.9387887705351059,0.13349561978936533
834.0280857354028,0.16463311061073235,0.9758810169202897,0.16066232740155204,0.005242301624559137,0.9732321081157163,0.0051019762614481325,0.005242301624559137,0.9732321081157163,0.0051019762614481325,0.07381891041426593,0.9663008073342569,0.07133127272984036,0.14154067910426393,0.9386701371928553,0.13286000867316933
835.8551367331854,0.16178120652069905,0.9759131060834563,0.15788439976154453,0.003854457993717676,0.9732382234924294,0.0037513058503319844,0.003854457993717676,0.9732382234924294,0.0037513058503319844,0.07370419251182918,0.9662666981941783,0.07121790674147326,0.14084486978218255,0.9385508846112588,0.132190077127025
837.6821877309682,0.158954591619299,0.9759443906071503,0.1551308420521052,0.002485042053615893,0.9732448396319404,0.002418554354950028,0.002485042053615893,0.9732448396319404,0.002418554354950028,0.07356019434431155,0.966233603427247,0.07107633165011273,0.1401120321986733,0.9384309976593752,0.13148547416028347
839.509238728751,0.15615287787342913,0.9759748721448782,0.15240128501757477,0.0011334571382381048,0.9732519431712636,0.0011031393622915752,0.0011334571382381048,0.9732519431712636,0.0011031393622915752,0.07338718021734855,0.9662014511119406,0.07090680001901567,0.1393420774313047,0.9383104779565875,0.13074613127403134
841.3362897265337,0.15337569389474684,0.9760045523230124,0.14969537545697378,0.00020086478556675242,0.9732595186159381,0.00019549356450759107,0.00020086478556675242,0.9732595186159381,0.00019549356450759107,0.0731854979860444,0.966170168165867,0.07070964489647924,0.1385352261233368,0.9381893394789679,0.1299722722912228
843.1633407243164,0.15062268494822248,0.9760334327544123,0.14701277624069994,0.0015184612070565982,0.9732675485965321,0.0014778690166309064,0.0015184612070565982,0.9732675485965321,0.0014778690166309064,0.07295556974675572,0.9661396812086664,0.07048527089752721,0.137692000827257,0.938067603792346,0.1291644052773987
844.9903917220992,0.14789351296062875,0.9760615150533721,0.14435316632691683,0.0028198375890025533,0.9732760141196268,0.0027444802890891034,0.0028198375890025533,0.9732760141196268,0.0027444802890891034,0.07269788344222482,0.9661099172717441,0.07023414615819872,0.1368131995886418,0.9379452951897641,0.12832329687402474
846.8174427198817,0.145187856528957,0.9760888008519678,0.1417162407776172,0.00410546629464686,0.9732848948103817,0.003995788330732937,0.00410546629464686,0.9732848948103817,0.003995788330732937,0.07241298538681959,0.9660808043710325,0.06995679516940649,0.1358998528724913,0.9378224360116562,0.12744993107450545
848.6444937176644,0.14250541092854677,0.9761152918178575,0.13910171077414213,0.005375785900285496,0.9732941691442994,0.005232221071316011,0.005375785900285496,0.9732941691442994,0.005232221071316011,0.07210147368340278,0.9660522719594781,0.06965379246347778,0.13495316740568306,0.9376990423843438,0.12654545584304303
850.4715447154472,0.13984588812050125,0.9761409896736,0.13650930363172964,0.006631200865763265,0.9733038146663037,0.006454173098465882,0.006631200865763265,0.9733038146663037,0.006454173098465882,0.07176399247887558,0.9660242512755884,0.06932575710295275,0.13397446140887462,0.9375751205352243,0.1256111218040674
852.2985957132298,0.13720901675775182,0.9761658962175513,0.13393876281245984,0.00787208153256604,0.9733138081957077,0.007662005654888954,0.00787208153256604,0.9733138081957077,0.007662005654888954,0.07140122698974506,0.9659966756034655,0.06897334790610217,0.1329650959379817,0.9374506637460013,0.12464821744211169
854.1256467110126,0.13459454218888217,0.9761900133463991,0.13138984793571737,0.009098764417686781,0.9733241260160862,0.00885604692467125,0.009098764417686781,0.9733241260160862,0.00885604692467125,0.07101389922023135,0.9659694804584945,0.06859725933509876,0.1319264067122028,0.9373256499048432,0.12365800491112616
855.9526977087953,0.13200222645860077,0.9762133430793891,0.12886233478507325,0.010311552770809394,0.9733347440494462,0.010036592576928119,0.010311552770809394,0.9733347440494462,0.010036592576928119,0.07060276429182566,0.9659426037114076,0.06819821796926888,0.13085964004418746,0.9372000395282979,0.12264165982207131
857.7797487065781,0.12943184830346996,0.9762358875842965,0.126356015310214,0.01151071736254276,0.9733456380144361,0.01120390653524803,0.01151071736254276,0.9733456380144361,0.01120390653524803,0.07016860730339457,0.9659159856619365,0.06777697948598371,0.12976589553340312,0.9370737740530193,0.12160021747085589
859.6067997043608,0.12688320314124027,0.9762576492051857,0.12387069762229125,0.012696497472254487,0.9733567835686204,0.012358221942180747,0.012696497472254487,0.9733567835686204,0.012358221942180747,0.06971224064378016,0.9658895690717798,0.06733432607444903,0.1286460772601943,0.9369467741490439,0.12053452709586773
861.4338507021436,0.12435610305184296,0.976278630491999,0.12140620598077514,0.013869102045348579,0.9733681564350957,0.01349974228929116,0.013869102045348579,0.9733681564350957,0.01349974228929116,0.06923450168344174,0.9658632991651904,0.06687106421202697,0.12750085451330254,0.9368189377790376,0.11944521509107169
863.2609016999261,0.12185037674779901,0.9762988342319969,0.1189623807696058,0.015028710991536503,0.973379732513917,0.014628642684970765,0.015028710991536503,0.973379732513917,0.014628642684970765,0.06873625077731689,0.965837123604186,0.06638802273809974,0.1263306327379083,0.9366901377175467,0.11833265777721613
865.0879526977088,0.11936586953148962,0.9763182634830717,0.11653907846013084,0.016175476597579685,0.9733914879789679,0.01574507123408706,0.016175476597579685,0.9733914879789679,0.01574507123408706,0.06821836951727103,0.9658109924441911,0.06588605116640009,0.12513553550842474,0.9365602182464748,0.11719696444615978
866.9150036954916,0.11690244323641213,0.9763369216089289,0.11413617155800118,0.017309525030099162,0.9734033993610197,0.016849150505623182,0.017309525030099162,0.9734033993610197,0.016849150505623182,0.06768175917883752,0.9657848580748659,0.06536601818279085,0.12391539900407478,0.9364289907555751,0.11603797202846014
868.7420546932742,0.11445997614920515,0.9763548123161269,0.11175354853086555,0.018430957906224354,0.973415443617812,0.0179409790665886,0.018430957906224354,0.973415443617812,0.0179409790665886,0.0671273393131703,0.9657586751499485,0.06482881028142841,0.12266978181389449,0.9362962280020941,0.1148552540021893
870.569105691057,0.11203836290890798,0.9763719396929331,0.10939111371339126,0.019539853912056825,0.9734275981920418,0.01902063306263685,0.019539853912056825,0.9734275981920418,0.01902063306263685,0.06655604644119908,0.9657324005091092,0.06427533049805495,0.12139799510038096,0.936161656832069,0.11364814822926403
872.3961566888397,0.10963751437956754,0.9763883082499415,0.10704878718579458,0.020636270451073867,0.9734398410581793,0.020088167827926946,0.020636270451073867,0.9734398410581793,0.020088167827926946,0.06596883281253083,0.9657059930941347,0.06370649720448603,0.12009916147991828,0.9360249492601075,0.11241581153042196
874.2232076866225,0.10725735749197278,0.9764039229623622,0.10472650462173873,0.02172024530666929,0.9734521507590317,0.021143619508790984,0.02172024530666929,0.9734521507590317,0.021143619508790984,0.06536666519698417,0.96567941386114,0.06312324293348105,0.11877231581497617,0.9358857119883218,0.11115731335100079
876.0502586844052,0.10489783504998683,0.9764187893138695,0.10242421710115412,0.02279179830499315,0.9734645064329752,0.022187006687690077,0.02279179830499315,0.9734645064329752,0.022187006687690077,0.0647505236814898,0.9656526256899951,0.06252651320783283,0.1174165679170018,0.9357434747951431,0.10987178726117518
877.877309682188,0.10255890549662375,0.9764329133418546,0.10014189088322027,0.02385093296607372,0.973476887832745,0.023218331995720865,0.02385093296607372,0.973476887832745,0.023218331995720865,0.0641214004496238,0.9656255932917204,0.061917265351863975,0.11603135631199885,0.9355976788686489,0.10855866764148726
879.7043606799704,0.10024054263473811,0.9764463016839001,0.09787950713447734,0.02489763813290262,0.9734892753366463,0.024237583703593423,0.02489763813290262,0.9734892753366463,0.024237583703593423,0.06348029852524557,0.9655982831142235,0.0612964672675555,0.1146168335873989,0.9354476672954133,0.10721804961211888
881.5314116777531,0.0979427352969703,0.9764589616252425,0.09563706160681561,0.025931889569695898,0.9735016499530041,0.025244737282498056,0.025931889569695898,0.9735016499530041,0.025244737282498056,0.06282823046565399,0.9655706632464564,0.060665096161322735,0.11317443572163671,0.9352926818211479,0.10585122149968472
883.3584626755357,0.09566548695935709,0.9764709011469513,0.09341456425986534,0.026953651521943393,0.973513993318625,0.026239756927645748,0.026953651521943393,0.973513993318625,0.026239756927645748,0.06216621699341867,0.9655427033207948,0.0600241372110526,0.11170769478104073,0.9351318729754574,0.10446142584636535
885.1855136733186,0.09340881529290984,0.9764821289745,0.09121203882220644,0.027962878232113755,0.9735262876919941,0.027222597038492977,0.027962878232113755,0.9735262876919941,0.027222597038492977,0.06149528555964235,0.9655143744132453,0.05937458216648196,0.11022334353344108,0.9349643348050333,0.1030548950667304
887.0125646711014,0.09117275164738556,0.9764926546263574,0.08902952228574512,0.028959515405996658,0.9735385159418769,0.02819320365074991,0.028959515405996658,0.9735385159418769,0.02819320365074991,0.060816468834933,0.9654856489408998,0.0587174278793893,0.10873270653922495,0.9347891800984656,0.10164215759568916
888.839615668884,0.08895734046148886,0.9765024884621674,0.08686706432762012,0.029943501625658835,0.9735506615319466,0.029151515816243076,0.029943501625658835,0.9735506615319466,0.029151515816243076,0.06013080312784917,0.9654565005559319,0.05805367476343094,0.10725323589010567,0.9346056744289244,0.10023948286375674
890.6666666666667,0.08676263859390493,0.9765116417300354,0.08472472665416382,0.03091476970587343,0.9735627085019987,0.030097466927565673,0.03091476970587343,0.9735627085019987,0.030097466927565673,0.059439326734107595,0.9654269040353151,0.05738432518685303,0.10580979391790642,0.9344134413472027,0.09887009366306926
