Xdata,P_Band4_nterms2,omega_Band4_nterms2,P_times_omega_Band4_nterms2,P_Band5,omega_Band5,P_times_omega_Band5,P_Band6,omega_Band6,P_times_omega_Band6,P_Band7_nterms2,omega_Band7_nterms2,P_times_omega_Band7_nterms2
10.0,0.9999999999902651,1.8091191535222175e-05,1.809119153504606e-05,0.999999999981335,2.5642909637728286e-05,2.5642909637249662e-05,0.9999999999454099,4.6872821717087265e-05,4.687282171452847e-05,0.9999999997277939,0.00011889890158049226,0.00011889890154812725
210.3807615230461,0.9999980770381945,0.11991472072596832,0.11991449013454045,0.9999963005978403,0.1610938178410776,0.16109322189025996,0.9999890810079393,0.25702193594478345,0.25701912952430545,0.99994384174975,0.4567405189291982,0.45671486918083687
410.7615230460922,0.9999736683815902,0.41192875236798876,0.4119179056172694,0.9999487231607858,0.4936744872540495,0.4936491731867424,0.9998430150014302,0.6297588651815244,0.6296600024869745,0.9990621315244148,0.7891413215033684,0.7884012107351487
611.1422845691384,0.999878133264815,0.6533080661769443,0.6532284496558493,0.999756217240119,0.7201015327834867,0.7199259844444301,0.9991867549632238,0.8099534051537128,0.8092947145669517,0.9931336636546135,0.8880507347531548,0.881953079716572
811.5230460921844,0.9996191904883425,0.7908898995331236,0.7905887211367075,0.9992003107440779,0.8339845777088907,0.8333176492024922,0.9968959228994483,0.8853437588188728,0.8825955835310068,0.9599840948854044,0.923231194677048,0.8862872627920164
1011.9038076152304,0.9990129636344859,0.8641203091259837,0.863267390956697,0.9977670659323702,0.8906272654667113,0.8886385535040907,0.989374227025127,0.9195433709082788,0.909772511808458,0.8513738971702652,0.9425108261363199,0.8024291151728449
1212.2845691382768,0.9976733252435116,0.9042989217497238,0.9021949122761691,0.994202221046582,0.9205105908193378,0.9151736738894871,0.9666774631219809,0.9375690689055292,0.9063268890312346,0.7103222292865684,0.9536480744266027,0.6773974261815477
1412.665330661323,0.9947762595999191,0.927513347419695,0.9226682584751645,0.9855814975783999,0.937539936539271,0.9240220146939327,0.9123032995898903,0.9493152691289569,0.8660634523774121,0.650048661801137,0.9603902845388417,0.6243004192712872
1613.0460921843687,0.9886249120643665,0.9417264514216124,0.9310142302253794,0.9661230227631127,0.948347110426286,0.9162199769537069,0.8243479085269114,0.9576843298010814,0.7894650743005184,0.655608256634016,0.9650501914029748,0.6326948735500277
1813.426853707415,0.9760779400293669,0.9510930135166624,0.9283409094096666,0.9281148207561227,0.9561429730274104,0.8874104640285613,0.7302696536363453,0.963363852133846,0.7035153866235592,0.6295624001756477,0.9682587785391165,0.6095793206082271
2013.807615230461,0.9525035034769214,0.9578714780382559,0.9123759387120557,0.8686988644492051,0.9621541000239873,0.8358221741159846,0.6662336310860977,0.9673336978261371,0.6444702419746493,0.5496091475298882,0.9706277969035783,0.5334659160249892
2214.188376753507,0.9137796841885791,0.9631856471125692,0.8801394764334957,0.7963120317898421,0.9666987008874492,0.7697938066322856,0.6498914128100444,0.9703964249746083,0.6306523036125644,0.47834323168651277,0.9723011175237828,0.4650936587287341
2414.5691382765535,0.8603294710559218,0.9674463868822617,0.8323226383013789,0.7262393773386749,0.9700539253132225,0.7044913587044123,0.6537044891477694,0.9727762248894911,0.6359081851464804,0.46712270641605,0.9735901156531485,0.45478604976381387
2614.9498997995997,0.7986231591625578,0.9707888009671035,0.7752944191079797,0.6747721525489935,0.9726119998678134,0.6562914927457858,0.6467859477669679,0.9746082980087849,0.6303629517291633,0.4589574093485887,0.9744632219012449,0.4472371158292743
2815.330661322646,0.738173734489739,0.9733682363877411,0.7185148660880298,0.6520533913589784,0.9746900155538046,0.6355499301655938,0.6150508965558088,0.9760971559261626,0.6003494308779614,0.42244092472056705,0.9751076133727079,0.4119253618952319
3015.7114228456917,0.6890850919962161,0.9753975311061768,0.6721318974551819,0.6504554432036698,0.976416434724073,0.635115384799794,0.5608460640923254,0.977304358855283,0.548117303084259,0.3652653751609358,0.9754891277997716,0.35631240223119764
3216.0921843687374,0.6596268794888773,0.9770701837504919,0.644501756348961,0.6530611201135461,0.9778273565053155,0.6385810287170292,0.5042252633181384,0.9782508472217369,0.49325879103157233,0.3417880823864054,0.9757091149179378,0.3334857473547388
3416.4729458917836,0.6499552675399112,0.9784956641537543,0.6359784111816965,0.6478620117520911,0.9789841470658166,0.6342466389914649,0.47251214949859777,0.9790355472954377,0.46260619088810334,0.33587943943903126,0.9757289958861107,0.32772730818263573
3616.85370741483,0.6510747375677071,0.9797083281267734,0.637863342628036,0.6285336591597085,0.9799668761351695,0.615942166512547,0.46584443653378516,0.979690851667821,0.45638353277250016,0.32264444773838624,0.9756419770317929,0.3147854668698101
3817.2344689378756,0.6528286502484636,0.9807269711031459,0.6402466648075307,0.5941489794107571,0.9808129548586271,0.5827490161221022,0.4632374843547008,0.9801946105065463,0.4540628855490883,0.28558606130372277,0.9753802812043739,0.2785550127824747
4017.615230460922,0.6484629247004954,0.9815881829157338,0.6365235439449816,0.5500076669134356,0.9815222336148081,0.5398447537341446,0.45171329249917624,0.9805931700254631,0.4429469694344065,0.2564825660920445,0.9750385153416381,0.25008038045340064
4217.995991983968,0.6340805345797439,0.9823360866209716,0.6228801909415993,0.5071338172889075,0.9821112748971131,0.49806183984104857,0.4262355295689274,0.9809190166433455,0.4181025365232079,0.24772288601749592,0.9745519898274684,0.2414188314941538
4418.376753507014,0.6085226788086572,0.9829957540555471,0.5981752095154175,0.47835676388975773,0.9826199526332198,0.47004290067513405,0.388600226368267,0.9811512685194099,0.38127560504815505,0.24519041320748156,0.9739945737395967,0.2388141319970566
4618.75751503006,0.5738841420934211,0.9835693393709232,0.5644548465142751,0.4669856899018497,0.9830688899933763,0.4590791038146024,0.3559841751426401,0.9813112112657177,0.3493312621006515,0.22641058398648892,0.9733125445904955,0.22036826162210962
4819.138276553107,0.5354129392905886,0.984058468993922,0.5268776373178323,0.4646620204931949,0.9834483812728804,0.4569711118930185,0.3414897774434374,0.9814192242562936,0.33514463246999265,0.1976580343426901,0.9725839602886993,0.1922390338238933
5019.519038076152,0.5009699493191067,0.9844788836841722,0.49319433646499045,0.4622168022342059,0.9837558825426999,0.4547084982079758,0.3366601428374653,0.9814554268956304,0.3304169242072884,0.18568598478709478,0.9717336165425994,0.1804373135384377
5219.8997995991995,0.4779448908264518,0.9848525427456354,0.47070524102271616,0.4544892439041299,0.9840125824300348,0.44722313458077684,0.331791383883426,0.9814400419492963,0.32563334971696467,0.18597939486746407,0.9708707418332064,0.18056195306066566
5420.280561122245,0.46758115226283514,0.9851887552986347,0.4606556933989239,0.4390466623659661,0.984235124359637,0.4321251463334502,0.32221065917330555,0.9813905367899493,0.31621449176553373,0.18095057539353868,0.969896579422921,0.17550334411880253
5620.661322645292,0.46475951913800034,0.9854821813075215,0.45801222470355135,0.4150702199633042,0.9844173430134664,0.40860232310029093,0.3020576799893961,0.981278997800779,0.29640285749802303,0.15653351920696645,0.9689361540229261,0.1516709860760719
5821.042084168337,0.4633928873168151,0.9857287213817574,0.45677967831220495,0.3856896622708786,0.9845537154961659,0.3797321900172549,0.27491352302953337,0.9811212610924099,0.26972350240609305,0.14350672215732332,0.9678865414546634,0.13889822498434698
6021.422845691383,0.4594386848070677,0.9859360839557841,0.4529771777164761,0.35993170250975265,0.9846563038837098,0.35440901984382406,0.25657098228722036,0.9809409850617482,0.2516809921030863,0.14215274582911205,0.9668806645445119,0.13744474135407897
6221.803607214429,0.45075769169544666,0.9861176731179124,0.44450012607471523,0.34482066909766645,0.9847350713460661,0.33955700618548884,0.24825879191815287,0.9807101025061494,0.2434699052701045,0.14529325188277117,0.9658005225699521,0.14032429859426807
6422.184368737475,0.4362031113429501,0.986277932645532,0.4302175028688736,0.338346408385472,0.984782905840847,0.33319775923065903,0.24466435458233188,0.9804379203720637,0.23987821099587464,0.12749629268979348,0.9648042202696725,0.12300896125585015
6622.565130260523,0.41552029846607397,0.986411912358635,0.40987417223375083,0.33507550744516723,0.9847956530168452,0.32998090316441425,0.24284335261423123,0.9801459275694628,0.2380219231021538,0.11587244716651054,0.9637420300253531,0.11167114745625835
6822.945891783567,0.3907312149927058,0.9865167009696107,0.38546286918045186,0.3312996781483197,0.9847857651254897,0.32625920703112143,0.23556814441651203,0.9798093216424336,0.2308118637813095,0.11186604769072064,0.9627957884797513,0.10770415959050085
7023.326653306613,0.3671951960726925,0.9865981791100161,0.3622741118232638,0.32513954995740113,0.9847609619288153,0.32018473597715247,0.21568196237933504,0.9794419054167142,0.21124795219683198,0.11722519046504681,0.9617938364820807,0.11274646566972
7223.70741482966,0.35045940984577195,0.9866640227013028,0.34578569111195395,0.3141368523623252,0.9847108417916207,0.30933396432747534,0.19722995821345876,0.9790608291447773,0.1931001264206587,0.10654577067444763,0.9609247513028866,0.10238246818771798
7424.088176352707,0.3414108365594791,0.9867134095369888,0.3368746505944793,0.29618939692516744,0.9846289745793219,0.29163666217569534,0.18681403002165922,0.9786346167926914,0.18282267668174482,0.0984643118488486,0.9600018190644329,0.09452591848782226
7624.468937875751,0.3371594788133543,0.9867411711091968,0.33268913897485564,0.27551433610928455,0.984528451050812,0.27125170257196674,0.18213236556690565,0.9781855547414027,0.17815924904842756,0.0925761129491502,0.9592221110461601,0.08880105449553162
7824.849699398798,0.3344430042966716,0.9867475168829686,0.3300108040286207,0.2597673446741692,0.98441817496452,0.25571969535952505,0.18287970731730133,0.9777350897718613,0.17880790705133334,0.09587662011378117,0.9583767042292037,0.09188591919728098
8025.230460921844,0.3312099685273243,0.9867402818691958,0.3268182177025395,0.2506891135918296,0.9842878056508598,0.2467502375178611,0.18391902569518734,0.9772427029489397,0.17973352579410037,0.09102447959609815,0.9576752320243433,0.0871718896170884
8225.611222444892,0.32636338313452096,0.9867239684863136,0.32203057257511375,0.24589793037369528,0.9841299478937205,0.24199551740583847,0.17071301145816986,0.9767328941787867,0.16674101375551462,0.08753484169834033,0.9568944214848831,0.0837616017067042
8425.991983967937,0.3185416380854029,0.9866936578756798,0.31430301406819716,0.24333436130808178,0.983956613356217,0.23943045406589822,0.1547659270716937,0.9762320591790836,0.15108745967595943,0.08141819127394459,0.956244385261398,0.07785568826384806
8626.372745490982,0.3059838377073575,0.9866433663490982,0.30189692368400334,0.24188160307689607,0.9837744622973751,0.23795694400660053,0.1443322670322208,0.9756963478686643,0.14082446582294264,0.08030278032773365,0.9555032898310868,0.07672957078573259
8826.753507014027,0.2890133101570254,0.9865754551129672,0.28513343800187246,0.2389032223775667,0.983573471488509,0.23497887178369453,0.13854106907018776,0.975153939805254,0.13509886932862541,0.07911362006057153,0.9548767460038072,0.07554375608802007
9027.134268537075,0.27197471547824864,0.9864990919410833,0.2683028098502268,0.22925358082787503,0.9833492768065698,0.2254363429124074,0.13860765417598853,0.9746293828329339,0.13509109244546444,0.07982835837554673,0.9541455886050886,0.076167875989614
9227.51503006012,0.2591332818511538,0.9864162784846932,0.25561328751514023,0.2132853958599493,0.9831161688151839,0.20968432124206324,0.14364335773142364,0.9740734876097895,0.13991918643742846,0.07536989431075253,0.9535152954605579,0.07186634704254823
9427.895791583167,0.25112945023809735,0.9863206246451605,0.24769415622563593,0.1987521579387054,0.9828765695587002,0.19534883918718374,0.13549426643233167,0.9735244519613415,0.13190698147243968,0.06932701684900874,0.9527722301261674,0.06605285645122444
9628.276553106214,0.24647730889922284,0.986207314842378,0.24307772497907792,0.18905042024147237,0.9826170031574964,0.18576415738334087,0.123746029824949,0.9730053513200221,0.12040554922428244,0.0697499016669325,0.9521140063263124,0.06640985831696944
9828.65731462926,0.24371401905113932,0.9860811911520463,0.24032181020639995,0.18322229405131413,0.9823356585317523,0.17998579288459604,0.11516818867890341,0.9724561504608834,0.1119960134182391,0.07300260397208182,0.9513453796636115,0.06945068999225246
10029.038076152307,0.24210589544430802,0.9859496171135222,0.23870421491424196,0.18053109897982492,0.9820525266085744,0.1772910218845597,0.10913969291348279,0.9719235251129458,0.10607543506621657,0.0715445078840355,0.9506475808507114,0.06801361334311301
10229.418837675352,0.24078708193156023,0.9858104966815566,0.23737043283345405,0.18102328923888242,0.9817677709136315,0.17772283115951118,0.10746362572651212,0.9714314041449151,0.1043935408340093,0.062209049916519474,0.9498444339220422,0.05908891980278451
10429.799599198397,0.23751997092458144,0.9856576421594115,0.2341133745072949,0.18281786936710934,0.9814641095082157,0.17942917736057928,0.11286713368067008,0.9709109907211514,0.10958394058175602,0.06260635036674549,0.9491083088411167,0.05942020731929624
10630.180360721444,0.2290359480250254,0.9854903994573688,0.22571272790927943,0.1785339313122836,0.981140421922831,0.17516685669527565,0.10750302919861517,0.9704151453331581,0.10432256770352888,0.06638517812939877,0.9482714951230686,0.06295117211877621
10830.561122244491,0.21573492721119691,0.9853172984383693,0.2125673556585348,0.16631745257841335,0.9808207658858549,0.16312761121814373,0.10056814042940228,0.9699634188532712,0.09754741731861892,0.06817952049692934,0.9475036927404172,0.06460034744011152
11030.941883767535,0.2025389019097908,0.9851412572767883,0.1995294284748714,0.15423629572954173,0.980503275064811,0.1512291930966804,0.0951341672958929,0.9694811967143623,0.0922307863584466,0.05814971158266885,0.9466453677944132,0.05504715510831461
11231.322645290582,0.19258883634622334,0.984955441041223,0.18969142224301033,0.14548372281529418,0.9801692558830982,0.1425986723349698,0.08998023489329612,0.9690317409929992,0.08719370367360975,0.057741470700895685,0.9458575560358617,0.05461520635906551
11431.703406813629,0.185948917916592,0.9847541372817613,0.1831139662414306,0.1395539424762039,0.9798203833358587,0.1367377974130645,0.08675587174265492,0.9686261535873794,0.08403400634720785,0.06049540016923917,0.9449935190792563,0.057167761094037164
11632.084168336674,0.18176109431525125,0.9845428017705575,0.17895157705002002,0.1364397265450973,0.979482935502528,0.1336403838755541,0.09048887966280342,0.9681817650201326,0.0876096832266274,0.06465086567427557,0.9442025462402244,0.061043511986285715
11832.464929859721,0.1798352942670628,0.9843325080667376,0.1770177262448177,0.13704944301786462,0.9791498242386125,0.13419193804294188,0.08602745975060495,0.9677748786651144,0.08325521442200971,0.05669793782075209,0.9433498466935312,0.05348599095104584
12032.845691382767,0.18020722075554865,0.9841207246650753,0.17734566067982974,0.141058183529031,0.9788005445420384,0.13806782685032631,0.08325518310400035,0.9674093150416901,0.08054183966031148,0.05553360567808371,0.9425691373262932,0.0523442627966099
12233.226452905812,0.18184852248132496,0.9838976708049486,0.17892033770869697,0.1393288559261506,0.9784430074384818,0.13632534481534572,0.08126426413772853,0.9669953436798695,0.0785821650287545,0.0564718184106329,0.9417482165775203,0.05318223427510311
12433.60721442886,0.18062457714952365,0.9836596339543722,0.1776731054420637,0.13029403680243543,0.9781059019870718,0.12744136639018283,0.07802051812201286,0.9666204424489108,0.07541622774719332,0.06126328009933334,0.9409830065203575,0.05764770549716947
12633.987975951906,0.17260159304521655,0.9834185461771543,0.16973960770038768,0.12163333148100547,0.9777760093276062,0.11893015345671942,0.0740934482333005,0.9662798678120093,0.07159500736460955,0.05769910594714155,0.9402123003468952,0.05424940913052118
12834.36873747495,0.16152737387120777,0.9831826129289053,0.15881090550223825,0.11492547895895627,0.9774289619751343,0.11233149160334777,0.07502944387141072,0.9658817116057303,0.07246956766734426,0.05624326267207166,0.9394657667771275,0.05283861989226519
13034.749498997997,0.15185996699436782,0.9829444500699002,0.14926991174491208,0.10964644178300566,0.9770797500651279,0.10713331793286977,0.07079671540871661,0.9655248023874757,0.06835598465468347,0.05553289550035626,0.938753856566866,0.052131719817284206
13235.130260521044,0.1446593030943611,0.9826940912525833,0.14215584239554518,0.10626428847212359,0.976757589278012,0.10379445023437468,0.07067685878027412,0.9651934633344532,0.06821684210373284,0.058082864517698625,0.9380357086397477,0.05448380097768589
13435.511022044091,0.13948296266213991,0.9824340340962875,0.13703280969586795,0.10618782403669363,0.9764449532788675,0.10368656488029392,0.07143442216165266,0.964795602360668,0.06891961635873793,0.058920097641576435,0.9373798198259102,0.05523051051138596
13635.891783567136,0.13627690015824753,0.9821802512923972,0.13384848004277647,0.11043168803402904,0.9761141554441989,0.1077939338996135,0.0706286556123176,0.9644400803261285,0.06811710629207005,0.057814692295290765,0.9367049335614602,0.054155307505336606
13836.272545090182,0.13552483448751756,0.9819326752719596,0.13307626329411765,0.10861754194393732,0.9757885701322011,0.10598775594474898,0.06719416796759956,0.9641033962734692,0.06478212554733269,0.05617288538466663,0.9360920326029721,0.05258299045690637
14036.653306613225,0.13780625367252416,0.9816800204527847,0.13528164592376515,0.10261342790456399,0.9754926549974854,0.10009864522501617,0.06472664659535028,0.9636964532827761,0.062376839756826744,0.05548872573474002,0.9354612815072664,0.05190755448502513
14237.034068136274,0.14082278561888964,0.9814145699028458,0.13820553358068324,0.09777179322035492,0.9752050208789531,0.09534754364882891,0.06085110837247488,0.9633290847009998,0.05861964253149757,0.05851461875097957,0.9348705372830158,0.0547035930706391
14437.414829659321,0.1376818590359829,0.9811499311649342,0.1350865465158148,0.09362331286942104,0.9748965931215599,0.09127304875315245,0.06181141485972843,0.9629737182212172,0.05952276799598689,0.05823855655533016,0.9342655970430261,0.054410279811089576
14637.795591182365,0.12986294260080822,0.9808990484498511,0.1273824368260304,0.0896024858662049,0.974602130129535,0.08732677359010485,0.06397882409638896,0.9625531675933059,0.061583019792874116,0.056478665621402475,0.9336763364850276,0.05273279360695394
14838.176352705412,0.12228138701332603,0.9806534196166052,0.1199156603300797,0.08619617399957599,0.9743375962641487,0.08398417298191319,0.06542133828414831,0.9621685406432678,0.06294635358378853,0.054259958082555584,0.9330736647025222,0.05062853793469538
15038.557114228459,0.11618607187267702,0.9803988520016456,0.11390869148255323,0.08526702112014654,0.9740769954637413,0.08305664374485572,0.06352660890913726,0.9617868094943747,0.061099054500716045,0.057429737653422616,0.9324724413448173,0.05355164767547937
15238.937875751504,0.11119439718998701,0.9801341657231042,0.1089854277228914,0.08827581349009885,0.97379111261866,0.08596220263584067,0.05819294891032262,0.9613506713394435,0.055943830502160584,0.0581512485220121,0.9318542019414908,0.05418848528338088
15439.318637274551,0.10733738531551872,0.9798822452014361,0.10517799811702214,0.08525500430443494,0.9735263312352119,0.08299799155993876,0.05513545000642867,0.9609485783501941,0.052982332300375835,0.0569135871423817,0.9312339656055341,0.05299986545143624
15639.699398797597,0.1050861757428084,0.9796460393770957,0.10294725585972768,0.08213477159572034,0.9732895692444529,0.07994091646639018,0.05594636774926167,0.9605398404989547,0.05373871515437167,0.05397120391734835,0.9305926701520675,0.050225206764766925
15840.08016032064,0.10558418882829192,0.9794118945676276,0.10341041041670353,0.08061690429861577,0.9730505330304975,0.07844432169903669,0.058226700405574115,0.9600904865062756,0.05590290112004281,0.05610361184925319,0.9299511930725747,0.052173620774893646
16040.460921843689,0.10923899565512825,0.9791649160405738,0.10696299200901026,0.07896716767995947,0.972783905676038,0.07681798979588557,0.061034733868561085,0.9596746180074219,0.058573484910496014,0.05758278051159428,0.92928648824684,0.05351089988510803
16240.841683366736,0.10895616921334307,0.9789182289087918,0.10665918019501243,0.07658168199644379,0.9725422241424877,0.07447891933739414,0.06108500782721777,0.9592409527285229,0.05859524110560965,0.057162138535102075,0.9286276903046876,0.05308234468072842
16441.22244488978,0.10405047339727697,0.9786911012927386,0.10183327239921179,0.07351192485293005,0.9723241519223254,0.07147741998880293,0.05451346332004524,0.95878434488498,0.05226665521672096,0.05447753411713127,0.9279428015889891,0.050552035632310525
16641.603206412827,0.09931943494078088,0.9784765151471259,0.09718173458723696,0.071899205061212,0.9720945914428967,0.06989282836904794,0.05250758611519044,0.9583638149051403,0.05032137054081409,0.055090483946486246,0.9272743490845141,0.05108399264222891
16841.983967935874,0.09555232487712405,0.9782570776911806,0.09347473810089367,0.07192609207764551,0.9718407627279536,0.06990070818478003,0.05254570935677269,0.957908726185798,0.050333993516475294,0.05677778725509552,0.9265826374049476,0.05260931186084342
17042.364729458917,0.09203362991294425,0.9780245317676445,0.09001114780248398,0.06848142348787596,0.9716125879331131,0.06653741310039864,0.05401805961010288,0.9574505492066708,0.05171962084077168,0.05702461996799319,0.9259134661432904,0.052799863530068464
17242.745490981964,0.08864294488040841,0.9778065696219778,0.0866756538547022,0.06768652243775983,0.9714031023120704,0.06575089788075546,0.057126770713836234,0.957036936277966,0.05467242962342366,0.056023182359300254,0.9252429343687265,0.05183505363879324
17443.12625250501,0.08569793889195534,0.9776079434575838,0.08377898579871816,0.06830520405334407,0.9711693876789524,0.06633592319577207,0.05828283049604304,0.9565677884201433,0.055751478270465976,0.0552556640066974,0.9245915284758122,0.05108891884089827
17643.507014028055,0.08420370950875812,0.9774151633558656,0.08230198248467267,0.06872240974927071,0.9709204792709013,0.06672399501041318,0.052254947788154496,0.9561133305231186,0.04996165216604407,0.05656441450896891,0.9239594085922498,0.05226322297707379
17843.887775551102,0.08627900882403838,0.977207401004041,0.08431248597414327,0.06803833604035969,0.9706947768673573,0.06604445742112322,0.0510365973712569,0.9557156371987283,0.04877647417712573,0.0574893513215134,0.92334445666484,0.05308247385997689
18044.26853707415,0.08659169634940042,0.976996913689435,0.08459982008449693,0.0657337787208278,0.9704834708842146,0.0637935457273239,0.05034459532351177,0.9552460171604427,0.048091474168338866,0.05763700100631023,0.9227475020207019,0.053184398702537446
18244.649298597193,0.08322959205400136,0.9768071224118531,0.0812992583137815,0.06373019261035803,0.9702340547915773,0.06183320318899589,0.050634728260066354,0.9548016336139004,0.04834612126030728,0.05612371027696853,0.9221674560801248,0.05175545913189003
18445.03006012024,0.08086294527486662,0.9766323572759207,0.07897336886006676,0.060062810300310444,0.9699829485070391,0.058259901830714084,0.053128203647239955,0.9544256488252216,0.0507069202369355,0.05664948554822096,0.9215970553765759,0.05220799906983833
18645.410821643287,0.07958425622314519,0.976452964094529,0.07771028288434859,0.0575379449772649,0.9697513352718233,0.05579749897049934,0.05316294618922097,0.9539782729315911,0.050716295589548134,0.058001674225227826,0.9210412592142964,0.05342193506494124
18845.791583166338,0.07824190299619523,0.9762532745765018,0.0763839140091326,0.05800446264689454,0.9695285021216014,0.05623697978641204,0.049402172227383016,0.9535502716298573,0.04710745474652607,0.05898983478824341,0.9204874004096614,0.05429939967482559
19046.17234468938,0.0763979701925376,0.9760665637509801,0.07456950424337999,0.05947921105658118,0.9692561136692281,0.057650588952813664,0.048779546476131065,0.9531985689070473,0.04649659389298293,0.0574644416172025,0.9199450588901489,0.05286412912762688
19246.55310621243,0.0739747799721699,0.9758978476943586,0.07219182855850435,0.06121813634606227,0.968996404409784,0.05932015400400225,0.047759284000103146,0.9527940654848878,0.04550476236710563,0.057229378303225845,0.9193961731610175,0.05261647140437001
19446.93386773547,0.07147232991172614,0.9757359497784668,0.06973812170929802,0.06204129227035135,0.9687557103746968,0.060102856165928406,0.047091452096332365,0.9523893052789882,0.04484939534660474,0.058339024910294114,0.9188569415106362,0.05360521799978567
19647.31462925852,0.07129137471459376,0.9755547321684375,0.06954863796561524,0.06087010299098259,0.9685151584462112,0.0589536174429487,0.04842182707483724,0.9520585978493902,0.04610041679017518,0.05998048152798146,0.918302857955268,0.05508024760867854
19847.69539078157,0.07067320283022352,0.9753667096020381,0.06893228930155255,0.058004151909008914,0.9682224030497572,0.05616091934820377,0.047579391500449965,0.9516974080374639,0.045281183566977974,0.05901753673268308,0.9177563896241838,0.054163721436299876
20048.076152304613,0.06763769492912582,0.9751957097182323,0.06595998991011413,0.052494165763398826,0.9679490332719514,0.05081167700309946,0.04757747324138418,0.9513226722046496,0.04526152898073881,0.05841803730934854,0.9171898558533503,0.05358043121899703
20248.456913827657,0.06656214278278355,0.975038316752234,0.06490063965834714,0.05128378879783673,0.9676992915697468,0.04962728608867912,0.04757795555299796,0.951003925587524,0.045246822502329795,0.058891582655795215,0.916629202332502,0.05398174443388018
20448.837675350707,0.06688623251786206,0.9748741567603755,0.06520565952472919,0.0518926576865545,0.9674384108561116,0.05020295028738047,0.04664099352365712,0.9506711044206081,0.04434024482440955,0.06078133450625178,0.9160458404878467,0.05567848865375237
20649.218436873747,0.06741973537413987,0.9746821113300744,0.06571281001978155,0.05335728293975197,0.9671380426902566,0.051603858185621944,0.04548232624994434,0.9503256221441074,0.04322301999003962,0.06061663613855221,0.915472079767935,0.05549283795429656
20849.599198396794,0.06752415063210995,0.9745027782973902,0.06580247239316263,0.055596589137614234,0.9668510840886564,0.05375362247933394,0.045709173781361905,0.950006872395762,0.04342402922382599,0.060185232576954344,0.9148738069548644,0.055061892850142145
21049.979959919845,0.06662509520130203,0.9743382797498581,0.06491538064660714,0.057521949808831,0.9665938512217065,0.055600362995499655,0.04465024257096606,0.9496846366544565,0.042403649392541244,0.05992365509711691,0.9142933311241161,0.05478779823187564
21250.360721442885,0.064579790515381,0.9741798961001178,0.06291233361444123,0.05747268683727682,0.9663105250136517,0.05553646219167415,0.04684662589300656,0.9493576715538716,0.04447420367794002,0.06146705779317042,0.9136870966933289,0.056161657577322936
21450.741482965932,0.0627999328621238,0.9739956437253646,0.061166861033953954,0.05313163091174297,0.9660126777665222,0.051325829051155354,0.04750819270321651,0.9490242278368618,0.04508642589609488,0.06203296816090743,0.9131043321641428,0.05664257196472491
21651.12224448898,0.060514532899420236,0.9738031665181339,0.058929243757821215,0.04880268035572826,0.9657200983156953,0.04712972927120335,0.04697754506327889,0.9486978527425365,0.04456749612864843,0.06214580302281691,0.9124965178148059,0.056707828855125264
21851.503006012023,0.05703609245527423,0.9736230629946008,0.05553165503754734,0.048194697062428675,0.9654592162721344,0.046530014454365325,0.04582600683074798,0.9483763163671535,0.043460299551960783,0.061322447189413126,0.9119169206126476,0.055920977205401325
22051.883767535073,0.056411469825579576,0.973457118644882,0.0549141468749314,0.04829747367754974,0.9651520950514015,0.04661440790557705,0.04531614821175886,0.9480154653348144,0.042960409334151996,0.062025164111541096,0.9113136469815997,0.05652437851112075
22252.264529058117,0.057211647555373196,0.9732828739976299,0.055683116758833105,0.04923876060115566,0.9648585127250214,0.04750843732205443,0.04365643837659551,0.9476723968594918,0.04137200159469697,0.06304116482164218,0.9107436796882777,0.05741434242149761
22452.645290581168,0.05853937620578137,0.9730744918122528,0.056963173752446986,0.05131064237516178,0.9645724486514222,0.04949283195768722,0.04595559735491808,0.947347207011719,0.04353590680073679,0.06376867322193097,0.9101514511501927,0.05803915047086291
22653.02605210421,0.06002197602261889,0.9728799167235698,0.058394175034469566,0.05394947803346964,0.9643131644675879,0.05202419188382973,0.047137021238450816,0.9469738034372133,0.04463752428487647,0.06296083333318438,0.9095956913417476,0.05726890272315039
22853.406813627258,0.060884033709020326,0.9726974102452807,0.05922174191405044,0.053270646874001466,0.9639934527389393,0.05135255480970546,0.047224918453918095,0.9466032808002429,0.044703262744002804,0.06267096166788802,0.9090195328111889,0.05696912829617149
23053.787575150305,0.0604105091573189,0.97252188273444,0.05875054210262191,0.048625512043821054,0.9637027613317208,0.046860540227799195,0.04646209613629548,0.9462692153505929,0.04396565125443614,0.06373958402585034,0.9084803445680629,0.05790615925842951
23254.16833667335,0.05847993207098971,0.9723146421545326,0.056860894224825737,0.046931958952737406,0.9634326708036688,0.045215782559883955,0.04527037607895948,0.9459088890406432,0.04282165114330067,0.06492027839654348,0.9079213560100412,0.05894250719433913
23454.5490981964,0.05487195710477393,0.9721045190029535,0.05334127746808696,0.04631502177396051,0.9631780086324095,0.04460961044200997,0.04380854875269205,0.9455126659312423,0.04142153772173666,0.0646232485631176,0.9073987113528523,0.05863905246960798
23654.929859719443,0.050808933971897514,0.9719016829844082,0.04938128843793086,0.04588362862769008,0.9628780909331754,0.044180340738117024,0.04529827047044805,0.9451675439057734,0.0428144550437328,0.06358706579758047,0.9068549486268869,0.057664245287199316
23855.310621242486,0.05012368605042671,0.9717164721415644,0.04870601137965199,0.046080915498790675,0.9625900280639563,0.044357029743193714,0.0466209774558674,0.9448162140471108,0.04404825541502834,0.06437930328423153,0.9063456058155186,0.05834989863712783
24055.691382765537,0.050630560818594156,0.9715215132707817,0.04918867906422894,0.04752222591353427,0.9623403191279853,0.04573255405130278,0.04732311448973922,0.944420614109321,0.04469292484796522,0.06567410622065599,0.9058138986621821,0.059488518196886664
24256.072144288577,0.051748347888669645,0.9712898741054866,0.05026264630595286,0.05062027527277477,0.9620881753422935,0.0487011682725085,0.04712198920693702,0.9440659046878626,0.044486263371338694,0.06609838054172758,0.9053122845152036,0.059839675890986675
24456.452905811624,0.05350061865771192,0.9710738718933535,0.0519530529086341,0.04891384758972109,0.9618228247851904,0.047046455059857814,0.0460946015056493,0.9437168415609449,0.04350025174592173,0.06489962751536012,0.904787228301919,0.05872035409744964
24656.833667334675,0.055413008045626176,0.9708711924052053,0.053798893196016315,0.04592172633717479,0.9615429693795408,0.04415571310128171,0.045368060923887905,0.9433387404929021,0.042797449450545665,0.0652326515644472,0.9042871772042191,0.058989050344760346
24857.214428857715,0.05668868708732976,0.9706791305427904,0.05502652549354156,0.045523754219754735,0.9613139141940895,0.043762618357802124,0.04575312841203647,0.942977262057259,0.04314415976053634,0.06630785759264504,0.9037622975402575,0.05992654172290109
25057.595190380765,0.05579377829285705,0.9704492834908193,0.054145032167548755,0.04479820327867113,0.9610552783710998,0.0430535497225084,0.046796764675395154,0.9426305460385712,0.044112059838806256,0.06732449744190258,0.9032579433517792,0.06081138709656505
25257.97595190381,0.051811426729006176,0.9702270893063158,0.050268849748091114,0.04405028449874976,0.9608150843537765,0.0423241778164741,0.04785619221541898,0.9422677952163546,0.045093348726272915,0.06659129618755213,0.9027289692657862,0.060113892169461614
25458.356713426852,0.04769233560948351,0.9700051370840337,0.04626181054073479,0.04361110423145958,0.9605579452605629,0.041890992671115054,0.0480394019110133,0.9419001629503809,0.04524832048802227,0.06645967078177832,0.9022156208578623,0.059960953136391264
25658.737474949903,0.04689170018527608,0.9698075889671737,0.04547592669925417,0.044291563243119614,0.9603456449052977,0.04253520986657749,0.04759297140992507,0.9415582076329464,0.04481155285665511,0.06714336633523164,0.9016809947183618,0.060541897345891035
25859.118236472947,0.04682391990408641,0.9696004048076133,0.04540049169368145,0.04613920883007216,0.960076901280512,0.04429718864111012,0.04655211351624201,0.9412091754653334,0.04381527637879074,0.0683637863099256,0.9011571050209141,0.06160651175932095
26059.498997995997,0.0471993901387719,0.9693627168005671,0.04575332905624982,0.04494845733061249,0.9598484073592713,0.043143705182044564,0.0459663955243449,0.9408446480601359,0.043247237219695284,0.06848110693486659,0.9006172128057612,0.061675263657532835
26259.87975951904,0.0483278546683856,0.9691377891421348,0.04683635022730162,0.045523296937517034,0.9596203263205284,0.043685081062366404,0.046450645575317286,0.9405073070436984,0.04368717158048295,0.06809739500961502,0.9000846394294154,0.06129341923331181
26460.260521042088,0.05022701994822211,0.968929890762087,0.04866646095173601,0.04561978700938986,0.9594172888978996,0.04376841237264843,0.04753982186225949,0.9401719285168418,0.044695606001587625,0.0683328709566948,0.8995423206042163,0.0614683093139337
26660.641282565135,0.05250991749401695,0.968735155817846,0.050868203105548744,0.044995105281231136,0.9591746529893185,0.043158164494342725,0.04808004860426632,0.9398329592830144,0.04518721436221878,0.06934585269279195,0.899004971955444,0.06234226635530978
26861.02204408818,0.05287782832558109,0.9684961638525744,0.05121197388618028,0.04415307863575218,0.9589421625209492,0.042340248708925714,0.048508441761774386,0.9394973908766828,0.04557355447068055,0.07027078177995243,0.898465169422366,0.06313584985736706
27061.40280561123,0.049561719458295656,0.9682800280319737,0.04798962310639133,0.043293296516099075,0.958734813303695,0.04150679055266376,0.04751156636141249,0.939174055148703,0.044621630446114474,0.06995218960250395,0.8979286844828168,0.06281207758646895
27261.783567134273,0.04626577579925209,0.9680578938602894,0.044787949478036326,0.04344651199235752,0.9585301835287189,0.04164479311371714,0.046420790637563464,0.9388584069620521,0.04358254954790178,0.06983286965615175,0.8973961311290191,0.06266774705506765
27462.164328657316,0.04553769280571967,0.9678671435349201,0.04407443665904258,0.04255791294372678,0.9583166248530298,0.04078395549302132,0.046313287282955355,0.9385316981634554,0.043466488161204055,0.07036063450001709,0.8968671117908303,0.06310413904780059
27662.545090180367,0.04505376428308758,0.9676644830537483,0.04359692752461937,0.042099516332182514,0.9580689116194999,0.040334237792081465,0.047089873551965485,0.9382171973735902,0.044180529188601804,0.07171685311531886,0.8963452601417993,0.06428306136220169
27862.92585170341,0.04473911780040229,0.9674459181829727,0.043282676899106365,0.04373964499659221,0.9578704450603946,0.04189691321966944,0.04799573971759512,0.9379159247927192,0.04501596860333887,0.07175346774444567,0.8958287310136556,0.06427881795533603
28063.30661322645,0.04488980308153209,0.9672284174270792,0.04341869319316351,0.04416809462172694,0.9576465980146852,0.04229742555528752,0.049421987018656764,0.9376097968488767,0.04633853920843059,0.07148077515577339,0.8953199395493283,0.06399816329140616
28263.6873747495,0.04592216818625531,0.9670348126064485,0.04440833530647721,0.043851396223864796,0.9574408959123683,0.04198512008758535,0.04875559362845597,0.9372990306921047,0.045698570648769934,0.07149827573808688,0.894817784686437,0.06397792870485493
28464.068136272545,0.04814151021108434,0.9668541513739466,0.046545819000998134,0.043151309645702074,0.9571977093614085,0.04130433474881087,0.04766567213517914,0.9370051363474426,0.04466297961811603,0.07284127953376848,0.8943223695391888,0.06514358571290624
28664.448897795595,0.049011892456579234,0.9666256129742329,0.047376150588868085,0.042146897934623846,0.956998242026463,0.04033450723030378,0.04720716871705661,0.9367107855600085,0.044219464093017954,0.07333935201315098,0.8938338912096472,0.06555319838870881
28864.82965931864,0.04688415010002566,0.9664313604037224,0.045310312962540115,0.041930889138850826,0.9567487836677087,0.040117327181701065,0.0474172367316818,0.9363967091719246,0.044401344433572944,0.07316490007204136,0.8933495512220113,0.06536183064456146
29065.210420841686,0.045248825723132505,0.966227574512028,0.04372066312797978,0.04047875381045124,0.9565358071519329,0.038719377448584356,0.04818380329387786,0.9361039308684581,0.04510504766759162,0.07284778294964042,0.8928718334789372,0.0650437335271211
29265.591182364733,0.04491061718137844,0.9660568051661286,0.0433862073522815,0.041985441155279794,0.9563091773285348,0.04015106269098123,0.04977201307210931,0.9358115325429665,0.04657722383075917,0.07381838283331366,0.8923949011689688,0.06587514845298804
29465.971943887776,0.04431301408472142,0.9658666571372176,0.04280046278168432,0.04358358692578149,0.9561018818846359,0.04167034947902229,0.04947528950341855,0.9354939625268487,0.046283834624716025,0.07467088925072833,0.8919230891406981,0.06660069020939256
29666.352705410827,0.043663724599538135,0.9656806102602993,0.04216521221751963,0.044306673454865504,0.9558713279927419,0.04235147879424305,0.04878638093117058,0.9351956240079314,0.04562480995801472,0.0748111882973861,0.8914494714131723,0.06669039426349614
29866.73346693387,0.043120327384344945,0.9654786410620304,0.04163175508518721,0.04440045977214449,0.955637119225191,0.04243072746892614,0.04832688378481029,0.9348988523595891,0.045180748188534375,0.07441096269596632,0.890978528887797,0.06629857007597682
30067.114228456918,0.0430739793483603,0.9653094780114093,0.04157972052063991,0.0440141885512825,0.9554149951280116,0.042051815740286956,0.047982988163855655,0.9345805171909549,0.04484396589454369,0.07486313879067574,0.8905038150922572,0.0666659107028779
30267.49498997997,0.04431970308551986,0.9651479858061727,0.042775072164517106,0.04306567855603592,0.9551932294065814,0.04113604457652571,0.04837390827883758,0.9342714168444148,0.04519435982597135,0.07580710145151846,0.8900300984122194,0.06747060196524007
30467.875751503005,0.044584752326623706,0.9649469379850893,0.04302192023839913,0.04179974411342099,0.9549723905678822,0.039917601561119405,0.04984759146482518,0.9339660041732154,0.04655595581806165,0.07634091611839584,0.8895507743850061,0.06790912105037981
30668.256513026052,0.04344773998812002,0.9647736203878267,0.041917233406007504,0.04044118142227999,0.9547079984483644,0.038609519370552105,0.04983506211997177,0.9336430830274802,0.04652816104055644,0.07613738157161325,0.8890721352561796,0.06769162440668869
30868.637274549103,0.043702365729804724,0.9645940168560759,0.04215504050542565,0.04143818947142161,0.9544828851084727,0.039552042640354036,0.0497096059830484,0.9333270310447679,0.04639531896656379,0.07613069293080404,0.8885869495200753,0.06764874019623272
31069.018036072146,0.04403254944616211,0.9644420125832455,0.04246684060702786,0.04262366078792441,0.9542345045138402,0.04067296783253105,0.04954463542366044,0.933011343546496,0.04622570686215074,0.07688634492307693,0.8881030860132488,0.06828300019846371
31269.398797595197,0.04366910116300571,0.9642566435351739,0.04210822091363785,0.04349532765464663,0.9540114527474038,0.04149504072353376,0.04905800284690216,0.9326822172162307,0.04575552686744887,0.07771964015805223,0.8876127388556362,0.06898494266356323
31469.77955911824,0.04304517964761864,0.9640957987806268,0.04149967685602647,0.043990986829899895,0.9537532214220927,0.04195654540255388,0.04891271081643408,0.9323650786258404,0.045604503466167554,0.07789760982434166,0.8871256373241244,0.06910496676144506
31670.16032064128,0.042286918280647394,0.9639032412998886,0.04076049759529953,0.04400736460923663,0.9535241475670723,0.041962084825695696,0.04994719714811588,0.9320399722404278,0.0465527842434171,0.07761748882736863,0.8866323302936838,0.06881817499055382
31870.54108216433,0.04157988615326047,0.9637509381666509,0.04007265428906732,0.04346795052196656,0.953270040676552,0.04143669496220141,0.05007199424727406,0.9317063311115366,0.046652394051565675,0.07804335344398393,0.8861451918651249,0.0691577424114169
32070.921843687374,0.04168642693446731,0.9635976541613438,0.04016894320442096,0.042086203495394055,0.953040296762536,0.04010984786885883,0.05046292785835787,0.9313881799726621,0.04700057453408768,0.07894229485913055,0.8856527359832285,0.06991545942678373
32271.302605210425,0.04109830831353604,0.9634261191534954,0.03959518368228386,0.04162590241173174,0.9527997319077829,0.03966114865831753,0.050742533075027095,0.9310569784921271,0.04724418952587155,0.07954444361861998,0.8851686882885794,0.07041025081853872
32471.68336673347,0.04020170643520221,0.9632585312313815,0.03872463669376806,0.0418107580185832,0.9525679507195597,0.0398275880837932,0.05044993175026403,0.9307223878879413,0.0469548809473894,0.0792350759636031,0.8846813679392748,0.07009779539225275
32672.064128256516,0.041667378191751966,0.9630945996069434,0.04012962691625645,0.04249764587141239,0.9523362497415818,0.04047204869202669,0.04985652608221696,0.9304055483300007,0.04638678848735405,0.07934941104406834,0.8842033870055136,0.07016101800205793
32872.44488977956,0.04270804353209944,0.9629480362160644,0.04112562664986535,0.043349433301156794,0.9520939771535387,0.04127273435905043,0.05025004462023088,0.9300745061179466,0.04673628543256602,0.08007503793951101,0.8837242641236852,0.07076425397777054
33072.825651302606,0.042847825362307315,0.962754961327235,0.0412519564496443,0.04411265108619971,0.9518617995261367,0.04198914744477864,0.05035196333377051,0.9297422130452853,0.04681434582111486,0.08102232493541113,0.883254798817825,0.071563357310579
33273.20641282565,0.04253739110827417,0.9625999597948821,0.04094649097060389,0.04438324791530061,0.9516251386357405,0.04223621445050238,0.05107003271472298,0.9294302775559999,0.04746603468083897,0.08089877262799466,0.8827854526262106,0.07141625961130917
33473.5871743487,0.04195778167093686,0.9624091529074676,0.04038055311580282,0.04439564027962157,0.9514044973680476,0.042238211825566,0.051744663773761704,0.9291031746304012,0.048076131382384715,0.08085002248267593,0.8823252824821572,0.07133601892571581
33673.96793587175,0.04114043530238161,0.9622575657723018,0.0395876951288826,0.04383601449938044,0.9511516635316274,0.041694698113682246,0.05190678526642522,0.9287769089777689,0.04820982357472321,0.08124449991240647,0.8818660348602458,0.07164676499195748
33874.348697394795,0.04052458316715475,0.962094809470042,0.03898849112105662,0.04289742486115089,0.9509263454590428,0.040792291452818104,0.05125187967882062,0.9284723514652851,0.04758595324241044,0.082323949521148,0.8814141831801743,0.07256149672334856
34074.729458917835,0.03941742915975518,0.9619346203079182,0.037916989752303364,0.042417905116471935,0.9506825589341923,0.040325962580755305,0.05095452512201541,0.9281519361842523,0.04729354114934773,0.08252574833004218,0.8809636492373795,0.07270218440487954
34275.11022044088,0.03818446487030454,0.9617540055095707,0.03672406203725488,0.04259746996086928,0.9504693986282534,0.04048759165679251,0.05094990915815927,0.9278368879259523,0.04727320515341647,0.08250293161380944,0.8805180892817105,0.07264532370473112
34475.49098196393,0.039698860625648785,0.9615902869230886,0.03817403877953732,0.04327580840779475,0.9502423640862031,0.04112250648916447,0.051718979217160906,0.9275406929963514,0.04797145782414933,0.08256148896974011,0.8800734767135728,0.07266017664024847
34675.871743486976,0.04105694480597666,0.961434069756425,0.039473545536575054,0.04414877490871195,0.950024268621989,0.04194240759320589,0.05257785341003642,0.9272284674036569,0.04875168243676221,0.0835064793206351,0.8796312757501373,0.07345491093821271
34876.25250501002,0.04174679359801483,0.9612475487638912,0.04012900301484386,0.044569894487151485,0.9498053426620644,0.042332723905780974,0.053149845694912344,0.9269252309366962,0.049265932995006395,0.08404700279439084,0.8791896176672973,0.07389325225288275
35076.63326653307,0.04193036847422402,0.9610835163289636,0.04029858597417634,0.044966396957759586,0.949596284381592,0.04269992347311623,0.05278098927343984,0.9266373755101422,0.048908837377169265,0.08419797165153144,0.8787473645172802,0.07398874568648392
35277.01402805611,0.04175643486633042,0.9608964211313927,0.040123608822263006,0.0450284461721031,0.949386386244046,0.04274939378951751,0.05194604890677483,0.9263335482701726,0.04811936780242865,0.08407573237969322,0.8783060269247125,0.07384422246719376
35477.39478957916,0.041237739108548443,0.9607344515319464,0.039618516664868784,0.04389387905704868,0.9491732242995784,0.041662894711594636,0.05179719373908753,0.9260399529991524,0.04796627085563261,0.08466072105677058,0.8778611545114956,0.07432035832867231
35677.775551102204,0.04043910191369631,0.960546510176174,0.03884363821785963,0.04311001510128615,0.9489713080552519,0.040910167420949176,0.05241167068310186,0.925759189310034,0.04852058576197285,0.08542797003054524,0.8774179501689463,0.07495603435129518
35878.15631262525,0.03921152261928767,0.9603817436250573,0.03765803046330487,0.042914710331701945,0.9487577390873948,0.040715663547896,0.05323976413019901,0.9254623891239202,0.04927139930832797,0.0858238303479124,0.8769693391036776,0.07526486777955488
36078.5370741483,0.03786819684859518,0.9601786531360669,0.03636023424677557,0.04327698903755162,0.9485563466164041,0.04105066261401814,0.054096289859995976,0.9251756162384864,0.05004856830743756,0.08572638303722681,0.8765232781312271,0.07514117028212326
36278.917835671346,0.03862849139448513,0.9600070824461533,0.037083625322916015,0.04390374869114729,0.9483408510465406,0.041635718397896065,0.054193268130165825,0.9248981099575366,0.05012325126601238,0.08588461261582897,0.8760709312265968,0.07524101255238481
36479.298597194385,0.039695821305822505,0.9598358601711473,0.0381014727882743,0.044654798581964604,0.9481478087725206,0.042339349426668,0.05322537441366596,0.9246052261850153,0.04921245934852974,0.08668187521741479,0.8756226285619088,0.07590061142654811
36679.67935871744,0.04058034619785812,0.9596601542174067,0.03894334129043228,0.045808004521917495,0.9479435303095213,0.04342340152294098,0.05294522938023054,0.9243220129667647,0.04893844099772179,0.08729716947583246,0.8751677999197872,0.07639967174938911
36880.06012024048,0.04119800006593641,0.9594831448320134,0.039528786664054155,0.04597856235726468,0.9477456993919942,0.043575984738324226,0.05327419676551397,0.9240436179838253,0.04922768152438773,0.08739935291852152,0.8747188162639155,0.07644985852712133
37080.44088176353,0.041519240378307905,0.9592998088311862,0.039829399357726836,0.04491069473631073,0.9475406497044887,0.04255470886912383,0.053906390424212046,0.9237514879850112,0.049796108366266835,0.08725860802516444,0.8742640760639745,0.0762870663237489
37280.821643286574,0.041486802015660317,0.9591271024356052,0.039791116206599905,0.04418063442515566,0.9473507949788584,0.04185455914534153,0.05480933690810147,0.92346812029557,0.05061467532917107,0.08787285367368644,0.8738165398406914,0.07678475294306808
37481.20240480962,0.040970761223255964,0.9589260832004382,0.03928793158555723,0.043815435994781486,0.9471595935234526,0.04150021054687009,0.055318342805724306,0.9231852472298491,0.05106907797944814,0.08861450313562537,0.8733648132847299,0.07739278898536457
37681.58316633267,0.040053898472043416,0.9587562264088417,0.03840192455201922,0.04384907185063201,0.9469600874012858,0.04152332091213975,0.054666310262313736,0.9228907480191366,0.05045103196943293,0.08899057257899184,0.8729213330191362,0.07768176924178975
37881.963927855715,0.03931895465884673,0.958552014054919,0.037689263178771575,0.04410973124719912,0.9467637746621734,0.04176149565493226,0.054362199913038756,0.922604503021665,0.05015481043393352,0.08879191860413888,0.8724750514860629,0.07746873375569237
38082.34468937876,0.03912418602162297,0.9583766543706884,0.03749570650437948,0.04489575448878328,0.9465695331363798,0.042496953366253115,0.05435930448848097,0.9223143347787317,0.05013636575832785,0.08910610484218684,0.87203785095648,0.07770389617368341
38282.72545090181,0.039472885637247254,0.9581926034951699,0.037822627056221046,0.04614400746544445,0.9463795543603701,0.04366974522154891,0.05470901743053433,0.9220152121344116,0.05044254631187933,0.08983281057325462,0.8715988858816313,0.07829817761126436
38483.106212424864,0.04009734850002886,0.9580219534104831,0.03841414013657855,0.04631599023044508,0.9461718588086278,0.043822886568902465,0.055449432509464006,0.9217253886640957,0.051109149730989255,0.0904434243925933,0.8711689748946917,0.07879150531406105
38683.4869739479,0.04082230274464292,0.9578351824955749,0.03910103779930466,0.045559259727801955,0.9459756501843409,0.04309795034292471,0.05607796521910729,0.9214272440863381,0.05167176494581155,0.09042774600333486,0.8707381996303838,0.07873889275157743
38883.86773547094,0.04148767926897438,0.9576585612667372,0.039731031239021844,0.04514292156184703,0.945775084705427,0.042695050464006325,0.05604392188452034,0.9211228785115279,0.05162333864934459,0.09046514985618478,0.8703154980321965,0.07873322195164276
39084.24849699399,0.04193413965540902,0.9574844968848004,0.04015128861025626,0.04478886796608704,0.9455806352940926,0.04235148622547582,0.05588177990703498,0.9208296680909186,0.05145760084412478,0.09103489683010621,0.8698922875784223,0.07919055465300676
39284.62925851704,0.04197776701975217,0.9573064023559944,0.04018558512461706,0.04450944512167843,0.9453685948210926,0.042077831590947676,0.05565324233574744,0.9205258878639955,0.051230250313624014,0.09176673889948657,0.8694757715137985,0.0797889561039364
39485.010020040085,0.041639623203083495,0.9571389395415618,0.03985490479550955,0.04449061869579187,0.9451685426992835,0.0420511332364911,0.05571688784092803,0.9202180718383025,0.05127168709780975,0.09206200873261058,0.8690584394980021,0.08000726564621399
39685.39078156313,0.041363618755346075,0.9569585332227757,0.03958326793290207,0.04513240541223143,0.9449718411821003,0.04264885223937332,0.056176760100110246,0.9199225616865465,0.051678269058543995,0.09197002744769926,0.8686459925561414,0.07988939577772229
39885.77154308618,0.04055189696101088,0.9567883060122983,0.03879958079891086,0.046391273538146864,0.9447691753869866,0.043829045245787145,0.05661811869703986,0.9196174999341001,0.05206701276714393,0.09230306498555378,0.8682324130649373,0.08014051284569708
40086.15230460922,0.04012491654520295,0.9565993531612234,0.038383469212789206,0.046433887837547025,0.9445568166638164,0.04385944528115812,0.05723231969311796,0.9193098876038549,0.05261423738438817,0.09300496410979824,0.8678214804240193,0.08071170564054789
40286.533066132266,0.04018758772402717,0.9564382989344661,0.03843694804104818,0.04615963694712076,0.9443502885940068,0.04359086647240807,0.057360174202916364,0.9190144155286089,0.05271482696971237,0.09359758341847858,0.8674092269892614,0.08118740748108541
40486.91382765531,0.04065591294361916,0.9562511907797684,0.03887726516457442,0.046146621854913056,0.944150953534641,0.04356937702671866,0.05709226351035528,0.9187122824600691,0.05245136372041022,0.09357116815578152,0.8669977184044265,0.0811259892994995
40687.29458917837,0.04135270319424572,0.9560866167057185,0.03953676608862215,0.04595933276745354,0.9439373128089192,0.043382729071001,0.056955024959526174,0.9184086400637778,0.05230798701787695,0.09368068948558271,0.8665846136550488,0.08118224410480228
40887.67535070141,0.04204612972215529,0.9559179307059901,0.04019264931819831,0.0455786395465385,0.9437215102748686,0.043013542549133164,0.057104523461804446,0.9181159158096998,0.052428571855011076,0.0942247516365954,0.8661711040760202,0.08161475715635862
41088.056112224454,0.0425087037825967,0.9557587618545608,0.04062806609529691,0.04538913832005568,0.9435073896622009,0.04282498741537231,0.05728081131348304,0.9178199095758213,0.052573469060170686,0.09498643477004726,0.8657560311663788,0.08223507878116024
41288.4368737475,0.042787512681332865,0.9555982798022185,0.04088767351529729,0.04559865772948783,0.943303903389925,0.04301339182556704,0.05825414649897721,0.9175230988687321,0.05344952501769467,0.09516691025968811,0.8653399116483517,0.08235172571596512
41488.81763527054,0.04295362919604574,0.955438947149483,0.041039570255319235,0.04662926572204821,0.9430825929243843,0.04397524882330934,0.058692371913963495,0.9172349311744327,0.053834693712968514,0.09516875747788207,0.8649228908962666,0.08231363684077546
41689.19839679359,0.04207121380603408,0.9552792074682839,0.04018975578185696,0.046599698792656644,0.9428640476415886,0.043937180622523095,0.058604103253184735,0.9169465874751322,0.05373683249004804,0.09548385031870617,0.8645048312401229,0.08254624990593024
41889.57915831664,0.041202691962206675,0.9551158131166582,0.039353342636078224,0.04681048136896613,0.9426527750375218,0.044126030163298136,0.05840801988176458,0.916658262864546,0.05354019404217618,0.0962422406642571,0.8640866737717673,0.08316163761191984
42089.95991983968,0.040772619781166815,0.9549663989075452,0.03893648188644742,0.047130660194965965,0.9424455712799618,0.044418081972246455,0.05832087391168793,0.9163754996529812,0.05344381997102154,0.09666395958069034,0.8636684135696409,0.08348560862041471
42290.34068136273,0.04076889353735957,0.954805227516556,0.038926352669536854,0.047246443955607384,0.9422234044595976,0.044516705272461966,0.058244044434986535,0.9160945097045095,0.05335704932987665,0.09672064972262329,0.863250764034978,0.08349417477101403
42490.72144288578,0.04115978290877567,0.9546520778233023,0.03929327227661874,0.046974423372648226,0.9420039735340364,0.04425009347150474,0.05916963772996091,0.9158146739760533,0.05418842248694533,0.09682036205544854,0.8628343460485747,0.08353993377829917
42691.10220440882,0.041670553430006065,0.9544854871189206,0.039773938489154344,0.04651306439174814,0.941795663902479,0.043805802358965196,0.059808217470484315,0.9155373056637381,0.05475665427947812,0.09743485613949435,0.8624193941773275,0.08402970960357778
42891.482965931864,0.0422785299130574,0.9543388748134183,0.04034804466599265,0.04635055891172473,0.9415854602763751,0.04364301234696357,0.06002721001320117,0.9152622937035317,0.054940641921306106,0.09801939869760273,0.8620068012775705,0.08449338833447138
43091.86372745491,0.043064231346140076,0.9541803394231412,0.041091042882856615,0.046764413815158834,0.941364361173393,0.04402235253675519,0.059944101098077886,0.9149893274736923,0.05484821274974531,0.09826312718804056,0.8615964217205092,0.08466315877228303
43292.244488977965,0.04376089379407117,0.9540335394754087,0.04174936039696517,0.04683182722924877,0.941145659241075,0.04407557091113546,0.05975086254838389,0.914716145181203,0.05465507866150963,0.09825359358712313,0.8611893965833087,0.08461495297343621
43492.625250501005,0.04323721286129771,0.9538792518164693,0.04124308025476408,0.047360134613684074,0.9409414107659337,0.04456311187746442,0.05950419812336963,0.9144452185313349,0.054413329456456584,0.09864034427666925,0.8607847328628065,0.084908102397688
43693.00601202405,0.04231885717786684,0.9537306330226257,0.04036079044504103,0.047915692895405204,0.9407309689301179,0.0450757762044525,0.06011277758649574,0.9141768010952468,0.05495370671897273,0.09925771125085281,0.8603841358314038,0.085399760119168
43893.3867735471,0.0417373532475416,0.9535861956564781,0.03980016390009375,0.04828434166214194,0.9405140788856439,0.045412103122969144,0.0607739343752878,0.9139063235758882,0.05554168293416157,0.0997266227740951,0.8599856153368354,0.08576346105184462
44093.76753507014,0.04141775339246596,0.9534414788232054,0.03948940404404758,0.04828130111646205,0.9403034796258073,0.045399075440670636,0.0612895753530718,0.9136372123873774,0.05599643677398663,0.09976098549565683,0.8595911921719321,0.08575366445445849
44294.14829659319,0.0413735318864488,0.9532924301095633,0.03944107475424828,0.04777380975662489,0.9401044266595434,0.044912370030593944,0.061451312648077495,0.9133707339245294,0.05612783053400026,0.09991602092524661,0.8591982856384226,0.08584767388678465
44494.52905811624,0.04145692786860659,0.9531363392323468,0.03951410446450314,0.04732578882012033,0.9398971141174215,0.04448137233536163,0.06131418064741271,0.9131021040945868,0.05598610735998814,0.10044540431123476,0.8588090502162965,0.08626342227512342
44694.90981963928,0.041905584048284004,0.952992507205692,0.03993570760809302,0.047035159658599536,0.9396860645201529,0.04419828407366646,0.061055615984390285,0.9128330796810922,0.055733585970857105,0.10106750341479155,0.8584202207783963,0.08675838859484669
44895.29058116233,0.042887555802022206,0.9528413630123548,0.04086503712666727,0.04725155812588383,0.939484610862828,0.044392111698558265,0.061278095563306274,0.9125657270517561,0.05592028983007558,0.10128581345793586,0.8580346283465269,0.08690673530715565
45095.671342685375,0.04394180575579136,0.9526960938402504,0.04186318669982946,0.04784604931670421,0.9392906912879216,0.044941348738083094,0.061783826403491435,0.9122976930113252,0.05636524229331744,0.10128244310014067,0.8576480082549285,0.08686468559602878
45296.05210420843,0.04393872373208109,0.952535230929065,0.04185318235686625,0.04851054830333872,0.9390859603118203,0.04555557483869379,0.06245939184940587,0.912027980643695,0.056964713020646894,0.10165154138147961,0.8572640885686394,0.08714221597399145
45496.43286573147,0.043245599340867094,0.9523861601109044,0.04118651029794307,0.04911342288420929,0.9388800213898381,0.04611161152805458,0.06289823393469753,0.9117575377111596,0.05734793889868032,0.10229529783400619,0.8568779386496407,0.08765458394155427
45696.813627254516,0.042834492070423016,0.9522346660493973,0.04078848825207482,0.049362620008263296,0.9386870344011436,0.04633605138582723,0.06296268495680517,0.9114880763705898,0.05738973659440581,0.10275285897399607,0.8564939400587706,0.08800720103494108
45897.19438877757,0.042532344073600827,0.952090397281299,0.040494636366339515,0.04898043758190216,0.9384981410109077,0.045968049616515974,0.06275355376100689,0.9112168841448691,0.057182097727122225,0.10271677747065201,0.8561067903379738,0.08793653067425979
46097.5751503006,0.04225601583104263,0.9519356026193515,0.040225005894416424,0.04830157364946347,0.9382969815993843,0.04532122076179193,0.06265551199842653,0.9109424273058601,0.0570755641839381,0.10292470128676379,0.8557216992411406,0.08807490027899632
46297.95591182365,0.042034392859611365,0.9517790164496874,0.04000745309298067,0.04771634420301456,0.9380976344768566,0.04476258962273143,0.062930015019957,0.9106702053818444,0.05730848970290679,0.1034593481179653,0.8553327913103355,0.08849217301288696
46498.336673346705,0.04208961060107806,0.9516278288631275,0.04005364475399839,0.04793739477853204,0.937911310084451,0.04496102473876851,0.06355822294983099,0.9103966483113421,0.05786319314615116,0.104103939795482,0.8549462226500395,0.08900327009113447
46698.717434869744,0.04265231550439106,0.9514792932001788,0.040582795009469035,0.04845458703525291,0.9377263085953129,0.045437141035078024,0.06418143353245945,0.9101182571350264,0.05841269442698953,0.10417366292843358,0.8545558696964131,0.08902221512326854
46899.09819639279,0.043714558096241585,0.9513277120662323,0.0415868705376839,0.049070681028699076,0.9375297382317085,0.04600522273968791,0.06452900218950984,0.9098433929190906,0.05871128629378706,0.10427400737458474,0.8541681707357792,0.0890675381344382
47099.47895791584,0.0441662850894899,0.9511632095086814,0.042009345477794634,0.04975876516075406,0.9373357115512679,0.046640667547867845,0.06441778033187576,0.9095675997131655,0.058592325835314193,0.10463114032260457,0.8537774444201911,0.08933170759140374
47299.85971943888,0.043788651150611015,0.9510058472431384,0.041643263287121056,0.050280704193384824,0.9371531987368066,0.04712072276956975,0.06413771018417179,0.9092862687089851,0.05831953917690384,0.10533159033198491,0.8533898196963572,0.08988890688174317
47500.240480961926,0.043689721572293595,0.9508472278191975,0.04154225064120796,0.05007253985713919,0.9369678905967737,0.04691636204676658,0.06420634295213944,0.9090097804561348,0.05836419371081557,0.10559852288484592,0.8530001794584825,0.09007555897132424
47700.62124248497,0.043663297588628955,0.950695855309486,0.04151051604665422,0.04927509348319204,0.9367741331761694,0.04615963298489194,0.06463478160634807,0.9087330777081064,0.05873576401612799,0.10568102790967204,0.8526142594157882,0.09010515134550427
47901.00200400803,0.04349425600253866,0.9505294693423982,0.04134257207753549,0.04883919021114652,0.9365836050870424,0.0457419848374874,0.06524185321849577,0.9084512015780563,0.05926903994952166,0.10587243551806771,0.8522274675561232,0.0902273976055618
48101.38276553107,0.04316787245282541,0.9503653708282747,0.04102525111149709,0.048893440128225094,0.9364025439571716,0.04578394171888764,0.06587479675683884,0.9081747521691562,0.05982582721883565,0.10647705118348749,0.8518447307914613,0.09070191500086655
48301.763527054114,0.04291627766196345,0.950202728234691,0.0407791641200752,0.04923117942883479,0.9362132879874417,0.046090884364569124,0.06595764420862481,0.9078987989350323,0.05988286595759466,0.10694826316612646,0.851462383572868,0.0910624230744084
48502.14428857716,0.042916778000243995,0.9500487347585965,0.04077303063904738,0.049712930620014924,0.9360200988225825,0.046532302231706554,0.06566752890253601,0.9076195629195055,0.059601133880523724,0.1071080851632775,0.8510839975811454,0.09115797729402397
48702.5250501002,0.043557318468041256,0.9498890908451837,0.04137462163926184,0.050365769405758404,0.9358309559362754,0.047133846129456904,0.06562337042615067,0.9073456650670407,0.05954308068325645,0.10720250517954984,0.8507070018967122,0.0911979217771116
48902.90581162325,0.04415363435903635,0.9497203478019715,0.041933604980185085,0.051075530872076814,0.935648962054745,0.04778876744685376,0.0658059167333938,0.9070720827275816,0.05969070994715732,0.10761501118992398,0.8503336212664692,0.09150866216775966
49103.2865731463,0.04404513640728516,0.9495549760333423,0.041823278445604954,0.05090255150698034,0.9354543627390159,0.047617013881752226,0.0662563915343903,0.9067977769958707,0.06008114855515315,0.10820390474904795,0.8499621136457091,0.09196921958521978
49303.66733466934,0.044237609039675885,0.9493957043818532,0.04199899599439212,0.05031163615013397,0.9352584425777939,0.047054382469314926,0.06704193782557658,0.9065290161702115,0.06077546193916442,0.10850734285700689,0.8495935298162673,0.09218713642886843
49504.04809619239,0.044521125091984734,0.9492391853714329,0.04226119651413525,0.050072063057608696,0.9350685442594989,0.046820811111348,0.06736183786721772,0.9062592704737323,0.06104729004331457,0.10860121615401837,0.8492269985217474,0.09222708483028853
49704.42885771544,0.044692708375823315,0.9490705466264178,0.04241653316845771,0.04994662300610016,0.9348827316928462,0.046694235354775675,0.06721154726024493,0.9059908744699587,0.06089304847678827,0.10881151798718412,0.848862283753461,0.0923659936572819
49904.80961923848,0.04457121498705818,0.948902539503215,0.04229373908996327,0.05007213502453575,0.9346847107984799,0.04680165904447064,0.06717520169375096,0.9057284766559396,0.06084249309913655,0.10938206818550296,0.848499514609581,0.09281063176239135
50105.19038076152,0.044295622354631935,0.9487364361706917,0.04202487089069633,0.05037230119884995,0.9344847317333494,0.047072146372598773,0.06717139851811633,0.9054631978285879,0.06082122930483209,0.10984025218362356,0.8481373807779179,0.09315962379100447
50305.57114228458,0.043895309077581456,0.948580187962489,0.041638220535483765,0.05090508866278554,0.9342932470541097,0.04756028057833125,0.06739212535746317,0.9052007996283077,0.06100340576222681,0.11001875232830682,0.847776725564001,0.09327133759952877
50505.951903807625,0.043914113236184896,0.9484170072427869,0.04164889185118333,0.05165762351730908,0.9341019359504561,0.04825348613411822,0.06809722919529167,0.9049444373600672,0.061624208759912764,0.1100968496025498,0.847415742014917,0.09329780349944945
50706.332665330665,0.04426379605234197,0.9482483300789872,0.04197307068959014,0.05159626258618142,0.9339033010604354,0.04818591995161586,0.06858006240581967,0.9046831487812612,0.06204322680091233,0.11053253321986813,0.8470556995676491,0.09362721225153982
50906.71342685371,0.04423161730729096,0.9480811556898588,0.041935162854727974,0.051626324353062907,0.9337007278925573,0.048203536626872094,0.06867156377860564,0.9044257859983246,0.06210833304619948,0.11108718228017972,0.8466945159687821,0.09405690803105264
51107.09418837676,0.04460079134562738,0.9479242525745742,0.042278171800538375,0.05150670233090506,0.9335074857194818,0.04808189219062496,0.06873571190021731,0.904174122394601,0.06214905198454712,0.11140256579094196,0.8463339859457928,0.09428377755043633
51307.4749498998,0.04508422474852324,0.9477689363499642,0.04272942773607061,0.05127288167809724,0.9333099734483806,0.04785349183760689,0.06867884721680047,0.9039158197229592,0.06207989647960207,0.1114597321193508,0.8459718321559098,0.0942917937926141
51507.855711422846,0.04553022464450757,0.9476039282605343,0.04314461972771996,0.0512108707487011,0.9331104601021732,0.04778539916655341,0.06867744867384078,0.9036616892582453,0.062061179282549395,0.11171113433513728,0.8456102143899993,0.09446407625488545
51708.2364729459,0.04576532105386578,0.947439157400558,0.04335985721744061,0.05131874405086714,0.9329079767994433,0.04787566568438293,0.0691329435591128,0.9034125655054703,0.062455569901682974,0.1122617681470143,0.8452470616050638,0.09488892965685279
51908.61723446894,0.04570138613601515,0.9472806734433784,0.043292039836220306,0.051682348696710005,0.9327132504611331,0.04820481144437409,0.06963660919216162,0.9031560725859189,0.06289272646619319,0.11271629881776761,0.8448844630935745,0.09523224960854448
52108.99799599199,0.04527093729089374,0.9471295453701792,0.04287744225480608,0.05222595221393139,0.9325103666846902,0.04870124184947027,0.06998319166671912,0.9029033338144429,0.06318805706685583,0.11285416740395665,0.8445208243630113,0.09530769448879076
52309.378757515035,0.044791130155047494,0.9469736007308844,0.042416017803731026,0.052423795324585076,0.9323091811550176,0.048875185692102155,0.07020334627264065,0.9026543382683504,0.0633693550739543,0.11295909058626502,0.8441581386918219,0.09535533565762237
52509.75951903809,0.044656898998569096,0.9468116202081365,0.04228167089430631,0.05300445946374952,0.9321091690754574,0.04940594266804933,0.07021815969716348,0.9023981418737733,0.06336473683651621,0.11340506945058483,0.843795025631878,0.09569063348384113
52710.14028056113,0.044495150834621286,0.9466513732900013,0.042121395642339986,0.05302054861958136,0.9319141748648821,0.04941060081770053,0.0701118709176927,0.9021452978760452,0.06325109467368872,0.1139474245250508,0.843433488780519,0.09610707380471847
52910.521042084176,0.04486150421309921,0.9465020259587782,0.04246150462525666,0.05279679911146323,0.9317111392975975,0.04919136585140779,0.07025115809344679,0.9018945667467996,0.0633591377921501,0.11422720317150299,0.8430723056876641,0.09630179155005228
53110.90180360722,0.04537654406980186,0.9463534291400186,0.04294224808298017,0.052639750649786925,0.9315085047390711,0.04903437541762056,0.07063271439693414,0.9016371508693566,0.06368507936702068,0.11427977976064989,0.842713200652981,0.09630507897201503
53311.28256513026,0.04593988943241989,0.9461959972218251,0.043468139493768924,0.05258508309298797,0.9313121776995943,0.04897312824984474,0.07115969766066063,0.90138307738093,0.06414214726286285,0.11456886952202658,0.8423552895326246,0.0965076932576522
53511.66332665331,0.046461703438846196,0.9460385647772962,0.043954563238394424,0.05277064423157368,0.9311182485602905,0.04913570983230108,0.07153639174005372,0.901129383605266,0.06446354459405945,0.11511248902337831,0.8419998041848404,0.09692469321691413
53712.044088176364,0.04676621062050571,0.9458892524134144,0.04423565600203843,0.05286407275619228,0.9309207573261523,0.04921226264553934,0.07170083098795128,0.9008699376019222,0.06459312313812164,0.11553709906782685,0.8416460206986485,0.09724133967350199
53912.424849699404,0.04666510324296986,0.9457462158455803,0.04413334480408206,0.05336322056977853,0.9307194709172326,0.049666188415143864,0.07161809069415484,0.9006141092403658,0.064500262956012,0.11563917508359137,0.8412948792239267,0.0972866458355045
54112.80561122245,0.04607345768111661,0.9455987793095375,0.043567005341833505,0.05411526237072102,0.9305274301195153,0.05035573602407034,0.07150209973328372,0.9003568822312669,0.06437740758884843,0.11579481397954956,0.8409456258642451,0.09737714231386616
54313.1863727455,0.04549165889072485,0.945445497985884,0.04300988409414532,0.054292195841115165,0.9303350704005932,0.05050993384004667,0.07167483465942438,0.9000953241137604,0.06451418353357477,0.11624589296879786,0.8405988275996723,0.09771616134284848
54513.56713426854,0.045090526511566725,0.9452946850619047,0.042623835058026936,0.05420962714485036,0.9301440734033007,0.050422763410185256,0.0722453331074313,0.8998380415177468,0.06500909905218821,0.11676776932782679,0.8402539170283576,0.09811457556037018
54713.947895791585,0.04529456504255456,0.94515327009843,0.04281030626765647,0.05405907544520244,0.929948850993186,0.050272175096019965,0.0727336705908063,0.899577811745484,0.0654295962302944,0.11698709297348728,0.8399108958756324,0.0982587340652476
54914.32865731464,0.045719472782952277,0.9450133999510651,0.043205514418587915,0.053903678065858426,0.9297615370131781,0.05011756656917606,0.07306336578363509,0.899314737740383,0.06570696163813947,0.11708947298437579,0.8395694722393101,0.09830474703827134
55114.70941883769,0.04622015686994394,0.944862707212975,0.04367170254794362,0.05395631426045528,0.9295708743642215,0.05015621822456213,0.0731176037053644,0.8990568374855422,0.06573688155186608,0.11739267613245152,0.8392292942097306,0.09851937273602877
55315.09018036073,0.04679413775885687,0.9447125020673477,0.04420700696425382,0.05384525412780536,0.9293845560907865,0.05004294760516597,0.07288935842388512,0.8987952059758858,0.065512605918046,0.1179296141036023,0.8388901477190102,0.09892999139581679
55515.470941883774,0.047358863022966734,0.9445691378596153,0.044733720415615304,0.05448050468001786,0.9291970038507346,0.05062312171694852,0.07287412240958163,0.8985320717568346,0.06547973618614256,0.11827894971339363,0.8385515236431811,0.09918299349708143
55715.85170340683,0.04770499873864349,0.9444311771971207,0.045054088116924226,0.05519319317179313,0.9290142363058197,0.05127526220377298,0.07333012176293525,0.8982747454053106,0.06587059645714109,0.11842555865423987,0.8382134507650991,0.09926589617835505
55916.23246492987,0.047399386441198066,0.9442879618855374,0.0447586700171839,0.05552336134127765,0.9288274068033976,0.05157161973162694,0.07385749537785431,0.8980136626252004,0.06632503993659077,0.11859047196211361,0.8378751660821153,0.09936401139101239
56116.61322645291,0.04669663300945341,0.9441396794710637,0.04408814412192324,0.05565595292298275,0.9286434410377024,0.051684535636631064,0.07431462040983719,0.89775243263064,0.06671613125295395,0.11905193683899208,0.8375370976133912,0.0997104136453822
56316.993987975955,0.046168017215845,0.9439923936608681,0.043582257082161686,0.0556122315033877,0.9284618774245316,0.051633836869403024,0.07455682130565407,0.8974972096888078,0.06691453908509158,0.11949663687059052,0.8371983878952535,0.10004239174696289
56517.374749498995,0.046120069735657715,0.9438532709275789,0.04353057867540857,0.05542783125164097,0.9282823975269734,0.05145268008399378,0.0743790728627987,0.8972385366472967,0.06673577049260015,0.11975414645850022,0.8368596222581073,0.10021740976910255
56717.75551102204,0.04632205330378654,0.943715297696135,0.04371483032347915,0.05528932005641009,0.9281021816806989,0.051314138567996624,0.07427360388814071,0.8969809309405138,0.06662200635989142,0.11985146415541975,0.8365202197727983,0.10025817313538339
56918.136272545096,0.046662578764806666,0.9435660498179821,0.044029225119429076,0.05516474776510014,0.9279194150044499,0.05118844047505976,0.07451948803137097,0.8967291320448106,0.06682379582279495,0.12017609744805306,0.8361807378017014,0.10048893783024218
57118.517034068136,0.04709676447459855,0.9434173993361183,0.04443190705777145,0.055610634600241564,0.9277414197109799,0.05159228909505665,0.07498154988528921,0.8964744569497156,0.06721904421466265,0.1206490805386027,0.8358408577986874,0.1008434309700086
57318.89779559118,0.04766144694324822,0.9432739597735398,0.04495780178669422,0.056159222313175446,0.9275630296914911,0.052091218393927004,0.07549319113926804,0.896221617748861,0.06765862989185878,0.12102938154487958,0.8355011576202818,0.10112018838681365
57519.27855711424,0.04828450958007792,0.9431355809211239,0.04553883899229836,0.056606336111872685,0.9273873054913496,0.05249599752052729,0.07589684931270564,0.8959737918243196,0.06800158786622387,0.12115882239600391,0.8351615743513494,0.10118719285880216
57719.659318637285,0.04841738456456713,0.9429898334079667,0.045657101404590617,0.05695467805330614,0.9272069768338459,0.052808774854350975,0.07589423710860735,0.895723889493587,0.0679802812530703,0.12133718642330857,0.8348225008975722,0.10129501342178139
57920.040080160325,0.04794435696588325,0.9428417986721114,0.045203943757891135,0.05707801003848373,0.9270302233470842,0.05291304039418268,0.07582258418263806,0.8954762513273844,0.06789732344982376,0.12176634350151305,0.8344843448733076,0.10161210738447825
58120.42084168337,0.04758380673241908,0.9426918224505331,0.04485686548771809,0.056948456985186954,0.9268505669459646,0.052782709643418406,0.07585813662688987,0.8952322787315353,0.06791065251281876,0.12223020579187854,0.8341469641698032,0.10195795509114577
58320.801603206426,0.04739052099610255,0.9425492566360816,0.044667900336473075,0.05670735167821722,0.9266755650560724,0.05254931715924536,0.07617159611031538,0.8949868056633576,0.0681725734850506,0.12246978815619836,0.833811322944196,0.10211669608321518
58521.18236472946,0.04732273258689906,0.9424068214396109,0.04459726599905624,0.05658971183507737,0.9264976393820133,0.05243023442850756,0.07664338398351667,0.8947438208148104,0.06857619422558835,0.12255289619306688,0.8334767109080068,0.10214498483124777
58721.563126252506,0.0474377040333655,0.9422547082411591,0.044698399973589265,0.05678318452067586,0.9263199880880575,0.05259939880879443,0.07713595439191528,0.8945030364317399,0.06899834542162843,0.12288510570261336,0.8331444731899805,0.10238104665349888
58921.94388777556,0.047670850046548516,0.9421020398462702,0.04491080507005902,0.057128950806561905,0.9261391353886258,0.05290935710564858,0.07734930478668536,0.8942609365124803,0.06917046173713053,0.12336377227785228,0.8328133376808107,0.10273899493961362
59122.3246492986,0.04805766659480697,0.9419540311517792,0.04526811277672663,0.057603142132639784,0.9259617156359313,0.05333830431515953,0.07741350785831945,0.8940212263099684,0.06920931922845112,0.12373742509530299,0.8324850013418378,0.10300955049649886
59322.70541082165,0.048657898350602725,0.9418100477900739,0.045826497570945715,0.058107931516944586,0.9257836962129847,0.053795375619047944,0.07732954928119262,0.8937823206502971,0.06911578401138585,0.12381551578893674,0.8321575478014037,0.10303401599868758
59523.0861723447,0.04906702716284643,0.9416574521100505,0.04620433178078061,0.058401759332540985,0.9256034766224632,0.054056871479068326,0.0774683341724416,0.8935421688205911,0.06922122333136178,0.12403400389854947,0.8318330774325847,0.10317558716921563
59723.46693386775,0.04896088549810278,0.9415061178627462,0.04609697323244118,0.05846750532411234,0.9254228740078259,0.0541071668131079,0.0778228649869051,0.8933041397034772,0.06951948745638713,0.12446170228777648,0.8315090816617864,0.10349103577137167
59923.84769539079,0.04902829685248292,0.9413517601710799,0.04615287354027501,0.05833567062244828,0.9252412432722046,0.053974568413831865,0.07830111943915646,0.8930655047405943,0.06992802875368383,0.12493147189787436,0.8311878806515983,0.1038415253534789
60124.228456913836,0.04893532037292118,0.9412043674513298,0.04605813725762345,0.05807257695394964,0.9250610238122448,0.053720677492436024,0.07869523789738136,0.8928256676180402,0.07026112831409001,0.12509254951213597,0.8308666773715986,0.10393523097709059
60324.60921843689,0.048714964762027,0.9410556825468084,0.045843494414373034,0.05805261136060522,0.9248773017447852,0.05369154255443522,0.07893665493844863,0.892587761557714,0.07045789213636354,0.1252281980317694,0.8305478501192132,0.10400801064958916
60524.98997995993,0.048611174609491305,0.9409012304448738,0.04573831400344098,0.05822723413259055,0.9246959765928504,0.053842489130536374,0.07887274056072976,0.8923481646600635,0.07038194528107655,0.12556131908862367,0.8302284722856866,0.10424458212512365
60725.37074148298,0.04863218097835079,0.9407439070662428,0.04575042794272634,0.05862842761873709,0.9245118415549722,0.054202675585271025,0.07888067308619763,0.8921073215433468,0.07037002598846413,0.12605220520518745,0.8299109948593626,0.10461211102605364
60925.75150300602,0.04878402368261253,0.9405925202573397,0.04588588778392227,0.059179902793222945,0.9243285094205322,0.054701671336511756,0.07907560273679573,0.8918681505167915,0.07052501156386654,0.1263429307285384,0.8295924326563499,0.10481313925202086
61126.13226452906,0.04916984464393076,0.940444132255173,0.04624149187928313,0.0595612322396162,0.9241412567615415,0.055042992016184955,0.07944698512833405,0.8916269063090996,0.07083706956556153,0.12646171686734445,0.8292752976366387,0.10487157789480739
61326.513026052104,0.04958475709187132,0.9402870501315675,0.04662390497740601,0.059828556845479136,0.9239583578403854,0.05527909513490905,0.07992906862170866,0.8913845246880516,0.07124753484212044,0.12669226066779557,0.8289568174221275,0.10502241319519039
61526.89378757516,0.049701484342724055,0.9401337472854057,0.04672604272077208,0.059903403661329166,0.9237741362905403,0.05533721497810794,0.0803246981057122,0.8911433492940842,0.07158082050096055,0.1271292293197695,0.8286393468048522,0.10534428154333807
61727.2745490982,0.050211392940937294,0.9399781285458196,0.04719761116830102,0.059562506084935976,0.923587978113273,0.055011214566345536,0.08039414017910158,0.8909003009241021,0.07162316367809606,0.1275339554567472,0.828320517388803,0.10563899196857339
61927.655310621245,0.050429222232369626,0.9398287725133345,0.047394834029450106,0.059428161480522566,0.9233995901432832,0.05487593995408339,0.08037931143795442,0.8906565042964306,0.07159035654308259,0.1277106155783398,0.8280025516559213,0.1057447155724138
62128.0360721443,0.05027898519298851,0.9396771988783289,0.04724601596859242,0.05947744998381496,0.9232150210168936,0.054910475236838965,0.08042494205876927,0.8904134919170512,0.07161145349577526,0.12786817630537622,0.8276833860377956,0.10583436513091161
62328.41683366735,0.050089507545642634,0.939524438299176,0.047060316441502235,0.059742624188421155,0.9230310741371405,0.055144298576409886,0.0806370467232278,0.8901691992814805,0.07178061531403902,0.12820284071033058,0.8273652262905024,0.1060705723153879
62528.797595190386,0.049967945516556686,0.9393671011489196,0.04693824413025501,0.06022098475977991,0.9228434107212258,0.05557453897270625,0.08109442651209454,0.889924553259077,0.0721679212855768,0.12865820368504086,0.8270462494924358,0.10640628482414692
62729.17835671343,0.049921864040167276,0.9392171618268942,0.046887471456914,0.06067874640402986,0.9226568716014734,0.05598566232984134,0.08156360422583671,0.8896804268544927,0.07256554222343331,0.1289412953030689,0.8267284855093943,0.10659944178552572
62929.55911823649,0.050034005294299376,0.9390693616903938,0.046985401414531495,0.06116676133433298,0.9224714667026405,0.0564245920415325,0.08181077867065267,0.8894360234973792,0.07276545366004952,0.1290817102890446,0.8264105116190201,0.10667448224062749
63129.93987975953,0.05026300056568729,0.9389145547454957,0.04719266279630488,0.06134076063662885,0.9222880260499877,0.056573849043961205,0.08188688560288822,0.889191621112261,0.07281313255706644,0.12930838985270265,0.8260940585455887,0.10682089257741435
63330.32064128257,0.05037382607880048,0.9387636852296622,0.0472891186088528,0.061016396678304934,0.9221004081257937,0.0562632442794303,0.08185776922931289,0.8889474293760788,0.07276725353085797,0.1297347158967059,0.8257779563462283,0.10713206856034034
63530.701402805615,0.05108153421965408,0.9386126403512477,0.047945773707102124,0.0608926936581019,0.9219167669625415,0.05613799526891776,0.0819148082814966,0.8887041167336459,0.07279802734121338,0.13012303244831516,0.8254637481282817,0.10741184608260426
63731.082164328654,0.051605987850792366,0.9384667344607588,0.048430502896954705,0.060867400019307336,0.9217336697655952,0.05610353198888661,0.08225238381062372,0.8884612866969234,0.07307805875427593,0.13031045871503616,0.8251503645701068,0.10752572251600995
63931.4629258517,0.05169879121397272,0.9383179827153265,0.04850990548071573,0.06098037486612986,0.9215513356734464,0.05619654590774943,0.08270399579770746,0.8882183889325583,0.0734592099057248,0.1304609306955611,0.8248390670819872,0.10760927236557441
64131.843687374756,0.05162087665258394,0.9381717069381875,0.04842924596280031,0.061276099741747206,0.9213653263928007,0.05645767363863272,0.0830881977156154,0.8879772255105708,0.07378042728018591,0.1307984609131857,0.8245289350411301,0.10784711568176789
64332.224448897796,0.05149222662531227,0.938019871004497,0.04830073177680974,0.06174724401839438,0.9211850272140572,0.056880636661477656,0.0833249071502908,0.8877370144439408,0.07397060430241773,0.13124369223216595,0.82422087862412,0.1081737913254694
64532.60521042084,0.05135350805750829,0.9378755556376847,0.0481631999033799,0.06238553571832201,0.9210066729571944,0.057457494692583974,0.08332655286364123,0.8874966817519758,0.07395203916831218,0.13152292153176662,0.8239140914804349,0.10836358840269802
64732.9859719439,0.05126226002745633,0.9377326094183495,0.048070292860228576,0.06264237047183606,0.9208262162829512,0.05768273698057567,0.08329272255426289,0.8872586150624067,0.07390218565827257,0.13165285871215884,0.8236092234056227,0.10843050872305131
64933.366733466944,0.05126947123181566,0.9375859653334914,0.048069536677019555,0.06244217614310795,0.9206442421870588,0.05748702993578246,0.08346013092911987,0.8870216739610953,0.07403094504576009,0.1318849234467986,0.8233054511374742,0.10858157639659778
65133.747494989984,0.05121629281292943,0.9374411407514972,0.04801225995961527,0.062413309535242024,0.9204672343882278,0.05744940641692063,0.0838273318440298,0.8867846572717317,0.07433679173931168,0.1323143558680146,0.8230032699873454,0.10889514754564532
65334.12825651303,0.05181144148429782,0.9372980127386104,0.04856276114035514,0.06237093364191484,0.9202932927900188,0.057399551895705565,0.08426055850878528,0.8865501957619186,0.07470121464097218,0.13269133797766872,0.8227018919817937,0.10916541480382369
65534.509018036086,0.052455416729043004,0.937158135762633,0.04915902055244197,0.062364937261985214,0.9201151107071028,0.057382921153053046,0.08464748500820915,0.8863167784792376,0.0750244862188455,0.1328613608047378,0.822401636371086,0.10926540053630562
65734.88977955912,0.05278484262410926,0.937014645153571,0.04946017058091683,0.062465060868492114,0.9199381251429409,0.057463990982300324,0.08477759346552843,0.886083321111029,0.07512001157373611,0.13301239783305266,0.8221018064745693,0.10934973254206667
65935.27054108217,0.05294525386609134,0.9368760434880627,0.049603139963534715,0.0628596820343427,0.9197643451696456,0.05781609428388934,0.08475114192576423,0.8858523284838833,0.07507699641660631,0.13336611177352267,0.8218026222273015,0.10960062037174031
66135.65130260521,0.052979240617335714,0.9367322917672322,0.04962736547956451,0.06350364643157282,0.9195936624543306,0.05839755080121493,0.08476112345249781,0.8856220401280426,0.07506631907554599,0.13380263274541088,0.821503461989638,0.10991932602368314
66336.03206412826,0.05289305994105172,0.9365942870935517,0.049539337767685834,0.06376351828439258,0.9194175580947028,0.05862529827656317,0.0850072048105465,0.8853919435416571,0.07526469428225346,0.1340563834622738,0.8212046208611147,0.11008772155514876
66536.4128256513,0.05272294305784143,0.9364565411110537,0.049372744893141224,0.06378145122273453,0.9192446260743925,0.05863075627972471,0.08540097934392248,0.8851638601883596,0.07559386053993278,0.13417851255924987,0.8209055028006825,0.11014787931749871
66736.79358717435,0.05260082586639277,0.9363184245795549,0.049251122406804376,0.06387878645181715,0.9190747122008774,0.05870937727394515,0.08586206722820688,0.8849357115458899,0.0759824095573943,0.13443412876918995,0.8206065010162719,0.1103175200264559
66937.1743486974,0.052396237248263144,0.9361788348016994,0.04905224833507239,0.06386900459839497,0.918905899664974,0.05868960513119449,0.08616204779426954,0.884708142056585,0.07622826521985888,0.1348639361783133,0.8203071442401139,0.11062985034741316
67137.55511022045,0.052671836184096446,0.9360419926370647,0.04930305049761468,0.06381605445738676,0.9187317575179453,0.05862983586949585,0.08623914066624755,0.8844820831439361,0.07627697478502556,0.13521259819083548,0.8200078953124087,0.11087539806218939
67337.9358717435,0.05318074111652031,0.9359060865188472,0.04977217929653447,0.06378293402792713,0.9185613468448197,0.058588537786407026,0.08615223360058129,0.8842548982908587,0.07618053456001231,0.13536313444541243,0.8197083882041297,0.11095829675850793
67538.31663326654,0.053589565189476426,0.9357663459951064,0.05014731160082291,0.06399447032406762,0.9183944055461596,0.05877216353151343,0.08628463801988936,0.8840285955550601,0.07627808736669954,0.1355406265314041,0.819409227228478,0.11106324004416158
67738.69739478959,0.053952545740724736,0.9356321326551089,0.0504797354335666,0.06455863454720154,0.9182257308326544,0.05927939938866238,0.08657572326245204,0.8838033214091672,0.07651591177275602,0.13590211035384717,0.8191099667219873,0.1113187730893876
67939.07815631264,0.05422776653269817,0.9354942645359644,0.05072976456993446,0.06479137159846096,0.9180534774646456,0.05948194400567116,0.08701419148469024,0.8835759801103554,0.07688364952459532,0.13631633071217758,0.8188114816918983,0.11161737672924095
68139.45891783567,0.054335093137152464,0.9353589602250393,0.0508228162204976,0.06504324157304571,0.9178840022476603,0.0597021508942286,0.08744470705107438,0.883349778716992,0.07724426262353874,0.13653829137502022,0.8185131904447481,0.11175839249124243
68339.83967935872,0.05423383747379798,0.935222126745132,0.05072068482379519,0.06526422356174288,0.9177179163233982,0.05989414725754711,0.08768033089558569,0.8831240868806983,0.0774326121595616,0.13668708388958553,0.8182161172951218,0.11183957506452927
68540.22044088176,0.05411203789554389,0.935087400369175,0.05059948484442242,0.065328495698756,0.9175476001136548,0.05994200444742878,0.08758948693072623,0.8828956030323649,0.07733237288299898,0.13695013721149263,0.8179195563841647,0.11201419547477454
68740.60120240481,0.05388338674303492,0.934948852920346,0.05037821062686387,0.06529170460529878,0.9173758660555137,0.059897034058526734,0.08764662555287636,0.8826686246676174,0.07736292643351503,0.13737161562565242,0.8176246567554334,0.11231842007386339
68940.98196392786,0.05383923587587523,0.9348135465183156,0.05032964703096306,0.06520262576586089,0.9172063073697867,0.05980425960951938,0.08782144925602797,0.8824417770681876,0.07749731574619298,0.13767989661563781,0.8173304562074586,0.11252997271145498
69141.3627254509,0.054065001445857,0.9346771899142778,0.050533323624124986,0.06521206179438907,0.9170393193872438,0.059802024763765435,0.08815547334531165,0.8822116700819652,0.07777178736683356,0.13785391801268568,0.8170383081209811,0.11263193194093314
69341.74348697395,0.054355201325042166,0.9345381649494768,0.050797010101764274,0.065573518649572,0.9168664063581502,0.060122156396492224,0.08862448807329938,0.8819834080825565,0.07816532803046047,0.13803318106808865,0.8167468902891789,0.11273817139408457
69542.124248497,0.0547456322619286,0.9344027669636769,0.051154470264722016,0.06582272497536248,0.9166937473363084,0.06033928041755225,0.0890142478511638,0.8817551624432265,0.07848877257376456,0.13839918418794345,0.816457645527882,0.11299707206506798
69742.50501002005,0.05519083096871554,0.9342656533769933,0.05156289775540622,0.0662398059290738,0.9165237995468152,0.06071035861135838,0.08901625809556085,0.8815236844524909,0.07846993981257266,0.1387745677509884,0.8161690890715573,0.1132635125476233
69942.8857715431,0.05553475147524243,0.9341282066627522,0.051876577803029844,0.06655467587418222,0.9163546140746791,0.06098768432555161,0.08905908379524771,0.8812942910584708,0.07848726211564978,0.13901273419098517,0.8158826041899324,0.11341807158730384
70143.26653306614,0.05561273170613324,0.9339877573696679,0.05194161056741241,0.06673128294822889,0.9161795810771085,0.06113783885624634,0.08914288491865127,0.8810648397121881,0.07854066161233351,0.13915697323087264,0.8155965944972974,0.1134959534676513
70343.64729458919,0.05562637990061694,0.9338511833920856,0.051946760698008854,0.06678095952532627,0.9160054012146452,0.06117171962349548,0.08934558761383231,0.8808327208842971,0.07869851703689827,0.139428027196718,0.8153124180607709,0.1136774019991991
70544.02805611222,0.05552347255387859,0.9337104732140937,0.051842847832771724,0.06667285072679573,0.9158344494467667,0.06106129353842143,0.08974658179154656,0.8806030214786897,0.07903111109302026,0.13982506006086354,0.8150283928844894,0.1139613939863828
70744.40881763527,0.055287910464280374,0.9335723251022269,0.05161526312218197,0.0665388964600428,0.9156622465545979,0.06092715541586657,0.09022620308767566,0.8803731040037149,0.0794327224747666,0.14013851740884065,0.8147458188780297,0.11417727112261888
70944.78957915831,0.055235883530173155,0.9334317256962854,0.051558926083928557,0.06661526990581718,0.9154857510406453,0.06098533040050234,0.09038177644463434,0.8801413309788849,0.0795487370162165,0.14030546304684502,0.8144631477781326,0.11427362908360185
71145.17034068136,0.05533685166599523,0.9332907542539732,0.051645372029396924,0.06687771580058477,0.9153102750007969,0.061213860440858386,0.09048077934629964,0.8799123695085439,0.07961515694958224,0.14048475964249557,0.8141814315210769,0.11438008271262146
71345.55110220441,0.05558345369850956,0.9331507308015776,0.05186774043923985,0.06735539537587118,0.9151381884224982,0.06163949450475586,0.09052273383148904,0.879683068102035,0.07963131622986816,0.1408476334854356,0.8138993996893208,0.11463580434145752
71545.93186372746,0.056001241322407344,0.9330111850399889,0.05224978452992967,0.06772396976480173,0.9149629693365001,0.06196492447125835,0.09062042221871366,0.8794528252552187,0.07969638634606853,0.14121876458096017,0.813617957778551,0.11489812283837078
71746.3126252505,0.056476470761194116,0.9328695908898065,0.05268518217389527,0.06800072671100874,0.9147853745877502,0.06220607025656936,0.09088437859835337,0.8792256350118499,0.07990787548579462,0.14145064361631274,0.8133360564899171,0.11504690866685248
71946.69338677355,0.05675067567732437,0.932724832199775,0.05293276444835623,0.06817631476986523,0.9146096317157584,0.06235471414340406,0.09134492700519206,0.8789979299457474,0.08029200174860922,0.14157994831328566,0.8130545297601741,0.11511221829932823
72147.0741482966,0.056980655261183254,0.9325845962843627,0.053139281382769035,0.06811875886426559,0.9144368655984177,0.06229030434429346,0.09165459503174131,0.8787702942143172,0.0805433354421374,0.1418670212361194,0.8127725849601075,0.11530562557067124
72347.45490981964,0.057105859609003995,0.9324418293764833,0.05324789220193631,0.06792231963534397,0.9142597718053956,0.06209864445030272,0.09186175693267185,0.8785457850672835,0.08070475936207416,0.1422570757975113,0.8124909147208189,0.11558258164022882
72547.83567134269,0.05687165702801533,0.9323000608381792,0.053021449307186753,0.06781809747189836,0.9140818626960884,0.06199129286161774,0.09192402732453309,0.8783204087589475,0.08073874925445255,0.14256486739136284,0.8122090648158473,0.1157924776195341
72748.21643286574,0.05663022235785076,0.932155404463285,0.05278816782682814,0.06802088870122096,0.9139071003958527,0.06216477315928186,0.09197143372997776,0.8780959522046524,0.08075974367675191,0.14270398668534384,0.8119275965226636,0.11586530492363341
72948.59719438877,0.05658104475761602,0.9320129285317159,0.0527342652239298,0.06844987842236804,0.9137343460401028,0.06254500489678701,0.09209262795869023,0.877874605896204,0.08084577947518093,0.1429071206811851,0.8116462267754646,0.11599002528022985
73148.97795591182,0.0566514843078886,0.9318696923254779,0.05279180125177379,0.06884247768804518,0.913557340549012,0.06289155083349525,0.0924388598058935,0.8776520103267466,0.08112915114095472,0.14326895824530878,0.8113654803237593,0.11624348712218957
73349.35871743486,0.05689125094281913,0.9317285148521917,0.05300720074903622,0.06919479193138835,0.9133803458227097,0.06320116298342193,0.09283372052505155,0.877430843905165,0.08145516974315223,0.14363344130911113,0.8110851862412223,0.11649895649466807
73549.73947895791,0.05729487848412565,0.9315843251453219,0.053375010706917414,0.06947277438770269,0.9132075404862129,0.06344306142934754,0.0931645559570583,0.8772125236222078,0.0817251152432335,0.1438321428561943,0.8108057875289294,0.1166199338604901
73750.12024048096,0.05765532491911087,0.9314389194883312,0.05370241354540529,0.0695044366438584,0.9130356042387405,0.06346002530839852,0.09330076946042885,0.8769926692331624,0.08182409085060942,0.1439798707805397,0.8105272223107391,0.11669960473240999
73950.501002004,0.05807883553148,0.9312975140830567,0.05408867515130603,0.06933830343478288,0.9128605109746603,0.06329619910359194,0.09336248400073602,0.8767745010889527,0.08185784533017065,0.144277011515143,0.8102497685086711,0.1169004151812675
74150.88176352705,0.058460608420757516,0.9311560611060035,0.05443594986693303,0.0692223425583446,0.9126858707976842,0.06317825399651833,0.09338666871424493,0.8765586396878383,0.08185889129313735,0.14465838068687162,0.8099734336007507,0.11716944530406992
74351.2625250501,0.05841165990087078,0.9310138934001082,0.054382066904272684,0.06930801812905481,0.912515758259795,0.06324465871651806,0.09358084298582953,0.8763409363989113,0.08200872357120134,0.14493593964892987,0.8096983703974125,0.11735439414575624
74551.64328657315,0.05811840796252241,0.930868701418321,0.054100606948573444,0.06961160184353628,0.9123453563606702,0.06350982169077819,0.09395964016535704,0.8761250001875788,0.08232038975749828,0.1450807935494477,0.8094245711363247,0.11743195909887937
74752.0240480962,0.05801368410837107,0.930727632631225,0.05399493887039993,0.06997532281477621,0.9121732993689251,0.06382962108636003,0.09437497711819502,0.8759107530622541,0.0826640572778312,0.14530186673751058,0.8091520378265458,0.11757130157065787
74952.40480961924,0.057981973866134434,0.9305858954900875,0.05395720707249956,0.07036336472623153,0.9120023294589621,0.06417155253889371,0.09461730116786696,0.8756943937923038,0.0828558401884591,0.1456555241154468,0.8088807465596327,0.11781794908703719
75152.78557114229,0.05803066803436598,0.93044673640862,0.053994445684187854,0.07072225185241954,0.9118351869146869,0.06448703773687853,0.09474387601048899,0.8754796370355945,0.08294633418100827,0.1459971504045101,0.8086105648445002,0.11805483825427837
75353.16633266534,0.05823564226336419,0.9303040315653152,0.05417685277840316,0.07082426188295349,0.9116667346420331,0.06456812356426442,0.09474329865651365,0.8752659363091057,0.08292558200760665,0.14618973373274213,0.8083414823199363,0.11817122606548157
75553.54709418838,0.05851277854743089,0.9301625133460737,0.054426393156540534,0.0707809904971127,0.911497815778877,0.06451671823678368,0.09481207099005275,0.8750500471969619,0.08296530719468735,0.14635500004200588,0.8080732503392255,0.11826556058734118
75753.92785571143,0.05896862650651645,0.9300239095721988,0.05484223256569322,0.070719184554317,0.9113308975934775,0.0644485779369645,0.09509092688009571,0.8748355139399164,0.08318891988817155,0.14664786088836093,0.807805838882267,0.1184629982852124
75954.30861723449,0.05952111668304341,0.9298872335665849,0.05534792653118914,0.07068906301706175,0.9111665646991953,0.06440951071106109,0.09551365358863761,0.8746213297757223,0.08353827871343192,0.1470140333270219,0.8075389924199152,0.1187195643444911
76154.68937875752,0.059762807663467025,0.9297484076611245,0.05556437526246652,0.0708533331872925,0.9110001587874139,0.06454739778424101,0.09585258301240461,0.8744050570667549,0.08381398331895751,0.1472805330623263,0.80727265445948,0.11889554687543137
76355.07014028057,0.059557761660179905,0.929606942911404,0.055365308743565864,0.07114042921006909,0.9108337867426367,0.06479710652790371,0.09607390141423373,0.8741900140336325,0.08398684522557481,0.14743431156667886,0.8070066191938834,0.11898046533060316
76555.45090180362,0.05949080297128637,0.9294702566564299,0.05529493190641865,0.07150817661194102,0.9106703150815695,0.06512037372610484,0.09611348868772282,0.8739747519579306,0.08400076243566393,0.14765541226833095,0.806740813273399,0.11911964737757233
76755.83166332667,0.05947121486238093,0.9293345080759737,0.055268652208811324,0.07190785435086083,0.9105081709560318,0.06547268894237503,0.09613244808413758,0.8737575826532386,0.08399645545253401,0.1480009072860511,0.8064750759649089,0.11935904294639349
76956.21242484971,0.05942895986622801,0.9292003675174344,0.055221411348877925,0.0720655991285435,0.9103439526056318,0.06560448235757127,0.09627680508175664,0.8735415858372771,0.08410179299046412,0.14833320443548592,0.8062093987721736,0.11958762356588301
77156.59318637276,0.0594456349799834,0.929061972537598,0.05522867889325341,0.07222284407408544,0.9101796391065856,0.06573576215460229,0.0966279006706072,0.8733250870108992,0.08438756976083855,0.14852352729443638,0.8059437292516837,0.11970160546929229
77356.97394789582,0.0595354825580367,0.9289259601060004,0.05530405529559828,0.07221689707279673,0.9100183948534287,0.06571870475548175,0.09701326948654038,0.873107069560802,0.08470297142990564,0.14868963657648282,0.8056780434684365,0.11979597548097355
77557.35470941884,0.05984949393408712,0.9287919029818318,0.05558772536354037,0.07212588443395983,0.909857330224642,0.06562426465117376,0.09732949866767301,0.8728901477336711,0.08495796047086925,0.14898003439895047,0.8054124538178475,0.11999037507512603
77757.73547094189,0.060374970563253486,0.928660935904824,0.056067876668497184,0.07217219932362871,0.9096949151356307,0.06565468273886024,0.0974523877899105,0.8726726476677552,0.08504403327416601,0.14934250457422704,0.8051469299640522,0.12024265907108134
77958.11623246493,0.060845078068256654,0.9285268028230547,0.056496285806237515,0.07235266322507802,0.9095322721966425,0.06580708218258367,0.097502244072849,0.8724542336313376,0.0850662456299131,0.14959955577316542,0.8048816881283102,0.12040994299395068
78158.49699398798,0.06082216255272068,0.928391021805066,0.05646674964071418,0.07265741746135672,0.9093719379531836,0.06607261652350745,0.09754168154793352,0.8722369520973792,0.0850794590158227,0.1497490415747342,0.8046167486535349,0.12049058694584566
78358.87775551103,0.0608722456103985,0.928258870274089,0.05650520194135539,0.07303131724545919,0.9092106058736277,0.06640084820049307,0.09777181397453685,0.8720191593965229,0.08525889503474883,0.14997172881015441,0.8043523426623741,0.12063011140157397
78559.25851703409,0.06094466164974807,0.9281289380889504,0.056564504099171055,0.07328040327455844,0.909048651279024,0.06661545176192032,0.09813299508503896,0.8718010710341033,0.08555245021892137,0.15031993614272043,0.8040884484914901,0.12087052423033993
78759.63927855712,0.06093219945122373,0.9279990743188186,0.05654502468694525,0.0736318702695239,0.9088868505734627,0.06692303867110137,0.09851092946086046,0.871584215123968,0.08586057113527663,0.1506418771796436,0.8038254257306511,0.12108977105679147
78960.02004008017,0.060888053334753264,0.9278644172767015,0.05649585812656356,0.07369315141437377,0.9087262534829178,0.06696690139213327,0.0987306356319221,0.8713671369822251,0.08603063130302321,0.15081982672952393,0.8035631197328178,0.12119325048433928
79160.40080160322,0.06082668754148926,0.927732300106591,0.056430882740730756,0.07362518595233863,0.9085636746637799,0.0668931694966609,0.09886716720044673,0.8711502845544952,0.08612816083976603,0.15098792577720205,0.803301942466611,0.12128889406583089
79360.78156312626,0.060911639900543095,0.927601773002465,0.05650174516823147,0.07360636056136304,0.9084007641144476,0.06686407417762572,0.09886949179136945,0.8709346732901945,0.08610886853168391,0.15128647757534858,0.8030416562560849,0.12148934352125697
79561.16232464931,0.06122016688025724,0.9274741223870853,0.05678012054965749,0.07367773017676459,0.908238663800524,0.06691696320760021,0.09898647523906867,0.8707192292905291,0.08618942743034792,0.15164248098655309,0.8027826376123604,0.12173595086046729
79761.54308617236,0.06172651829433652,0.9273423583436424,0.05724161504741202,0.07389298962779456,0.9080768564123955,0.06710051373212143,0.09925731910228629,0.8705044812869199,0.08640394107906602,0.15188124682021845,0.8025245655956158,0.12188843162651632
79961.92384769539,0.06186427481086352,0.9272096853274187,0.057361154780389716,0.07415556573589,0.9079129158982283,0.06732679591735463,0.09963995538731567,0.870290896354413,0.08671574608674068,0.15202770877936664,0.802267830871455,0.12196694015477974
80162.30460921845,0.06206645295354638,0.9270790377841475,0.057540507482848835,0.0744798892886177,0.9077484224957951,0.06760900200940419,0.09993979843036335,0.870077758732566,0.08695539582647496,0.15226334535772934,0.8020119280641398,0.1221170191838485
80362.68537074148,0.062277689056163904,0.9269510632826969,0.05772837008940031,0.07491723287416721,0.9075851881092355,0.06799377089072445,0.10018056948809963,0.8698656038886531,0.08714363157567495,0.1526093543963501,0.8017572395842842,0.1223556547155574
80563.06613226453,0.06236744501645378,0.9268219228795158,0.05780351531523217,0.07506066183023782,0.907421629229044,0.06811166804900472,0.1002173658891585,0.8696545299700026,0.0871544862271679,0.15291335356292932,0.8015032430863446,0.12256054879189669
80763.4468937876,0.0623849284515338,0.9266883607458363,0.05781138708199814,0.0750889751269799,0.9072566959095865,0.0681249754729409,0.10027541954207121,0.869444099848147,0.0871838718806514,0.1530795201636024,0.8012501987615508,0.12265499595740925
80963.82765531063,0.062313642202508485,0.9265565835543389,0.05773711542798373,0.07507105216288153,0.9070908969042534,0.0680962680379742,0.10043176557119453,0.8692346289104893,0.08729876847710254,0.1532632081548701,0.8009976532293229,0.12276347005844818
81164.20841683369,0.06223604248715068,0.9264266401635389,0.057657127738446265,0.07506261395432239,0.9069263255910398,0.06807626066285231,0.10075153710264045,0.8690260630388701,0.08755571163342228,0.1535619025360933,0.8007457636768694,0.12296404291793703
81364.58917835672,0.06225491463668101,0.9262981681024782,0.05766661338333378,0.07517969256904589,0.9067610409372716,0.0681700162912521,0.10109147000412227,0.8688182532121222,0.08783011438362717,0.15390630416127396,0.8004941462238961,0.12320109554805428
81564.96993987977,0.06257690339184331,0.9261648200594378,0.05795652646978338,0.07532188462337663,0.90659541484277,0.0682864752368694,0.10141915663003957,0.8686112133533801,0.08809381669769517,0.1541250729869173,0.8002429096263947,0.12333749685343114
81765.35070140283,0.06275119918978109,0.9260312362707643,0.05810957056318596,0.07567217492786978,0.9064291242086487,0.06859146324683267,0.10153791850648912,0.8684047895028034,0.0881760147471805,0.15428578273758875,0.799991827862695,0.12342736534547025
81965.73146292586,0.0630628055279852,0.9258989026557685,0.058389782436755626,0.07609956290861346,0.9062635288640465,0.06896625842657153,0.10160891247441621,0.868199070138886,0.08821676332811161,0.1545222486494194,0.7997408447522157,0.12357775366789861
82166.11222444891,0.06340761769449536,0.9257692494555662,0.058700822642798446,0.0763236579881096,0.9060971085066343,0.06915664581367538,0.10167764558188504,0.8679938129871984,0.08825556728418135,0.15486421839968117,0.799489971919249,0.12381238961965754
82366.49298597194,0.0636202149663949,0.925637428603764,0.05888925218871248,0.07648357847259929,0.9059312050752852,0.06928886041415201,0.1018904511992866,0.8677889433676451,0.08841940698548152,0.15514614534040153,0.7992390714780531,0.12399886114526158
82566.87374749499,0.06375575168797448,0.925502064006302,0.05900607977949365,0.07652848155174698,0.9057652731161059,0.06931684099387897,0.10221080211703402,0.8675845911814066,0.08867651696903062,0.1553202207517275,0.7989883196109422,0.12409904218002334
82767.25450901804,0.06379342474362647,0.9253675523084567,0.05903236530838336,0.0764923818872826,0.9055993931371317,0.06927145461673685,0.1025876832850661,0.8673802248511998,0.0889825277947643,0.15550468381137517,0.798737572692611,0.12420743368982977
82967.6352705411,0.06371795619944147,0.9252355011678934,0.05895411513758411,0.0765212589527503,0.9054330106348,0.06928487387115385,0.10279816779902864,0.867176081358402,0.08914411232278512,0.15580392866344578,0.798487103393698,0.12440742769583317
83168.01603206413,0.06356053341532869,0.9251039250454668,0.05880009894050412,0.07658717548470749,0.9052674291164916,0.06933187545433474,0.10293955234073363,0.8669723359307319,0.08924574415250967,0.15613211165281987,0.7982367707217212,0.12463039261171015
83368.39679358718,0.06360322956160597,0.9249674108367792,0.05883091456845597,0.07687744742543842,0.9051025763706644,0.06958197572956462,0.10298325025733948,0.8667680482211237,0.08926259082502168,0.15634926677097286,0.7979869460245117,0.1247646739037403
83568.77755511024,0.06365862700393708,0.9248310730437433,0.058873476320542545,0.07723775236444638,0.9049374076646907,0.06989533139852944,0.10308972994084871,0.8665638471063399,0.08933383297469549,0.15651060149985493,0.7977374878385484,0.12485437406059441
83769.15831663327,0.06395531702961374,0.9246962472960621,0.05913924165191376,0.07751940940871778,0.9047725891732559,0.07013743676190724,0.103334469835349,0.8663599693658868,0.08952484812099311,0.1567471913440056,0.7974887444645561,0.12500412082327655
83969.53907815632,0.0643724121672311,0.924563751106724,0.059516398861123296,0.07779949750747504,0.9046082734860587,0.07037806911831992,0.10370666078286356,0.8661551712823127,0.08982606053349788,0.1570839929294025,0.7972405997576796,0.12523373673536795
84169.91983967938,0.06468631391247255,0.9244285539959265,0.059797875633433584,0.07794577093694766,0.9044450322721629,0.07049766531054624,0.10398904010960354,0.8659504399815152,0.09004935503616662,0.15735648715921013,0.796993363909187,0.12541207603395166
84370.30060120241,0.06492849708012496,0.9242910148339791,0.060012826457833755,0.07793873607503658,0.9042814407156626,0.07047855254549187,0.10422026682220092,0.8657459421757269,0.09022827309379199,0.1575295522070983,0.7967469296409195,0.1255111870487145
84570.68136272546,0.06511183487215215,0.9241539763027757,0.06017336110146915,0.07790718590663466,0.9041191983665897,0.07043738246890341,0.10430811162702791,0.8655402518949069,0.0902828692123398,0.15771035734140404,0.7965015388471705,0.12561654231456545
84771.0621242485,0.06517022998202529,0.9240201626134862,0.060218606505549305,0.07792047462003988,0.9039573346393491,0.0704367845513643,0.10435484056393876,0.8653348402311054,0.09030187928673843,0.158015102570848,0.7962570438580027,0.1258206384579825
84971.44288577154,0.06502963870969128,0.923886457849579,0.06008000256273454,0.07811145500928303,0.9037960651363142,0.07059682567946224,0.10449457951537121,0.8651296628317607,0.0904013603438797,0.15833185608218653,0.7960136383445213,0.12603431682582242
85171.82364729459,0.06488452653577435,0.9237484366993255,0.05993697995339746,0.07838278961047458,0.9036345438969031,0.07082939633902811,0.10480939570247029,0.8649231291970967,0.09065207050023734,0.158544214926809,0.7957711230797678,0.1261649079701069
85372.20440881765,0.06478287481946304,0.9236106078014007,0.05983415038712632,0.07868384754210658,0.9034750182733867,0.07108889059592512,0.10512153436634575,0.8647171736660586,0.09090039608870594,0.15869785368176403,0.7955296550240104,0.12624884879250461
85572.58517034068,0.06493237085031703,0.9234752160115025,0.059963435197135505,0.07903547037906224,0.9033161811464714,0.07139401927792956,0.10542703390828213,0.8645115962140056,0.09114289336815709,0.15894492361610188,0.7952889440079115,0.1264071404580678
85772.96593186373,0.06528719143870872,0.9233420116017891,0.06028240667484841,0.07928406032855913,0.9031570560815535,0.07160595852053375,0.10560007772996985,0.8643047054006385,0.09127064407268612,0.1592754768949128,0.7950491035121902,0.12663182511677698
85973.34669338679,0.06564044624280994,0.9232061985130969,0.06059966684452787,0.07936546564183715,0.9029979360464496,0.07166685166794436,0.10566130375304059,0.8640987063749355,0.09130179588689148,0.15953833045266355,0.7948098339837487,0.12680263394112595
86173.72745490982,0.06595221458108949,0.9230692164903428,0.06087845903916924,0.07934891325791674,0.9028406903935823,0.07163942762775802,0.10570784439014388,0.8638931892157452,0.09132028681532312,0.159700969289177,0.7945712292964108,0.12689379548792973
86374.10821643288,0.06623962671234683,0.9229326446960752,0.06113471386530705,0.07928981868855713,0.9026844404533364,0.07157368561652669,0.10593093173568521,0.8636866289311261,0.09149112933032721,0.15989072498422346,0.7943329689969368,0.12700647429179093
86574.48897795592,0.0664548935031872,0.9227996259366696,0.061324550866402365,0.07938017873053123,0.9025272648128922,0.07164277559002487,0.10622522662084517,0.863481344497433,0.09172350150211189,0.16019806595428449,0.7940951522103618,0.1272125075677731
86774.86973947896,0.06647242357469914,0.9226667731907822,0.06133189656583853,0.07956485174883149,0.9023707281552045,0.07179699320815397,0.10656344702269116,0.8632765759047545,0.09199372766235653,0.16050205699630798,0.7938575446424353,0.12741576887714925
86975.25050100202,0.06631493519368765,0.9225307699526398,0.061177568223592084,0.07984171999761007,0.902215257090076,0.07203441793415763,0.10682372059486824,0.8630710794697958,0.09219646384679278,0.16070274490963346,0.7936201394664553,0.1275369348278255
87175.63126252506,0.0661579628413759,0.9223949089037107,0.061023768108326,0.08020583282256297,0.9020606039431482,0.07235052199568433,0.1069623628974094,0.8628672556064995,0.09229432052647411,0.16085969069220046,0.7933828358435663,0.12762331757429693
87376.01202404809,0.06614325856980695,0.9222621293161948,0.0610014224885018,0.08051980327848507,0.901904720783758,0.0726211906934452,0.10696988440960187,0.8626639422492034,0.09227906218672875,0.16111634218783175,0.7931456339459885,0.12778872336362662
87576.39278557114,0.06631774582131147,0.9221313219685419,0.061153670624179694,0.08072986299809162,0.9017501927803776,0.0727981695216626,0.10709664552156208,0.8624602262258602,0.09236659712455718,0.16143536394157396,0.7929085007176713,0.12800347238572501
87776.77354709418,0.0666000913353643,0.921998265389093,0.061405168685961055,0.08080509694414433,0.9015961055615163,0.0728535607143613,0.10733449901779787,0.8622584109186202,0.09255007455983259,0.1616859043808284,0.792671474124009,0.12816380417062478
87977.15430861723,0.06691174500453978,0.9218649376553909,0.06168359163702348,0.0807000993296756,0.9014419850187274,0.07274645773095124,0.10765812358779035,0.8620570114039977,0.09280744027345278,0.1618458347331491,0.7924345998303792,0.1282522392809767
88177.5350701403,0.06723997524912001,0.9217322472378543,0.061977253490589086,0.08071537640365435,0.9012865937679329,0.07274768666354621,0.10797170903996588,0.8618555614342306,0.09305601791365319,0.16204673559972074,0.7921979042288245,0.12837308432922123
88377.91583166333,0.06755708322340165,0.9216027732638794,0.06226079525230566,0.0808294880454141,0.9011329024972591,0.0728381111697315,0.10821341360327831,0.8616561092120278,0.09324274892995271,0.16234767298931582,0.7919615465570335,0.1285731141805541
88578.29659318637,0.06775120505666796,0.9214734203763101,0.06243093465818458,0.0810448034955876,0.9009795015446516,0.07301970665623875,0.10825049869550676,0.8614567912139188,0.09325312725353777,0.16263973837422716,0.7917255509480436,0.12876603647038068
88778.67735470943,0.06771325878680033,0.9213420421052722,0.062387072128233384,0.08136668479049597,0.9008249061132884,0.07329713618714806,0.10831612298566895,0.8612577034005209,0.09328809532388561,0.16283386108100684,0.7914900615189053,0.12888138272436697
88979.05811623247,0.06765896258915638,0.9212105240523724,0.062328148383596606,0.0816951340315646,0.9006694507563938,0.07358031149767927,0.10847602038972398,0.8610605965916879,0.09340442683266784,0.16299774543873122,0.7912551237345923,0.12897280123558286
89179.43887775551,0.06758851421912332,0.9210821184868618,0.062254571862329494,0.08201691510371927,0.9005155150336447,0.07385750454609646,0.1087488370503326,0.8608632586353622,0.09361787823595533,0.16325401928947164,0.7910208906974145,0.12913733974829075
89379.81963927858,0.06757040189091652,0.9209551422356308,0.062229309084367766,0.08218888481706137,0.9003618025020651,0.07399973247952399,0.10906557452997835,0.8606662612390884,0.09386906026060961,0.16356351223149565,0.7907873688020852,0.12934395946957214
89580.20040080161,0.06770057636253278,0.9208261524333994,0.062340461249434605,0.08209169892413636,0.9002059454692746,0.0738994354451812,0.10938875629248081,0.8604710743471068,0.0941258606484848,0.16380604058809498,0.7905547189094685,0.1294976383727944
89780.58116232466,0.06792554146892052,0.9206974968384803,0.06253887600183351,0.08208232103638519,0.9000501095331865,0.07387820203953667,0.10950829999180492,0.8602752844348095,0.09420728392342242,0.1639662168436446,0.7903228709840199,0.12958625124025755
89980.96192384772,0.06821402961288901,0.9205696279253254,0.06279576386002436,0.08214267009625328,0.8998953081877871,0.07391980342163557,0.10957279608186672,0.8600798868396946,0.09424135805480087,0.1641698084088383,0.7900919692487888,0.1297092472169354
90181.34268537075,0.06855140541469075,0.9204440704920797,0.06309773463785075,0.08228479540849679,0.8997405074794835,0.07403496357868637,0.10966351681802311,0.8598859842271661,0.09429812109287819,0.16446575914699677,0.7898619002342048,0.12990523704330792
90381.72344689381,0.06886100242664762,0.9203181744840689,0.06337403204643538,0.08252468717713178,0.8995830847892561,0.07423781266207258,0.10986449116501674,0.8596910811092263,0.09444952318516829,0.1647505369420619,0.7896327741712788,0.1300924235317681
90582.10420841684,0.06896137900535278,0.920190996499957,0.06345764006694678,0.08283690685570085,0.8994265832806914,0.0745057161027639,0.11014122183211474,0.8594965876854198,0.09466600432820547,0.16493914634765397,0.7894043885617803,0.13020368597247178
90782.48496993989,0.06909460164137118,0.9200633738368509,0.06357141230007318,0.083232446793904,0.8992708637552705,0.07484851432081865,0.11049257248294934,0.8593032668877516,0.09494662850143006,0.16510401702767039,0.7891768211471211,0.13029626331651706
90982.86573146295,0.06912441386678915,0.9199384589054879,0.06359020676535915,0.08348533072229523,0.8991146230572007,0.07506288166318222,0.11070822592596988,0.8591086398245557,0.0951103933926496,0.1653607027756339,0.788949857229653,0.13046130284623145
91183.24649298599,0.06902203926711432,0.9198141823052228,0.06348745060951974,0.08345439099749119,0.8989559015878429,0.07502181730061405,0.11083214937934391,0.8589143439105598,0.09519532286835633,0.16566529349390766,0.7887235302302361,0.130664115121143
91383.62725450903,0.06900292897505374,0.9196877742801386,0.06346115016787765,0.08347791645600801,0.8987987252397976,0.07502984489633432,0.11089010042398727,0.8587209091119006,0.0952236478475963,0.16589929419183777,0.7884976438989842,0.13081120259476853
91584.0080160321,0.06909219198258322,0.9195617420549922,0.0635345364219022,0.08350423450052086,0.8986423970325187,0.07504044545391361,0.111022273269763,0.8585260421705114,0.09531551286306258,0.16605568261871065,0.7882721722916757,0.1308970736592281
91784.38877755513,0.06927500299755106,0.919436486244088,0.06369396534061701,0.08358379627567247,0.8984847752648553,0.07509876841253103,0.11123195675805812,0.85833147696132,0.09547388972944171,0.16626276838225576,0.7880469986995068,0.13102287561910791
91984.76953907816,0.06954729610192605,0.9193125275810494,0.06393570056588929,0.08372841794324251,0.8983254489525049,0.07521536863894629,0.11155573905839991,0.8581374471608793,0.09573015713172049,0.16655798555920198,0.7878220440226837,0.13121805263155115
92185.15030060122,0.06987470478449431,0.91918766100358,0.06422796645417499,0.08398273938548986,0.8981679896208385,0.07543060819671625,0.11183875002450795,0.8579420237672902,0.09595116353163043,0.1668338412762641,0.7875973173351816,0.1313978858299091
92385.53106212425,0.07005509621877419,0.9190620312200838,0.06438497902814502,0.08437989819800952,0.8980115343208831,0.07577412184663444,0.11205597463911837,0.857747000089462,0.09611567608880463,0.16701394744059636,0.7873726522484348,0.13150221475878304
92585.9118236473,0.0703478279158194,0.9189356121069423,0.06464512430621734,0.0846754063456127,0.8978530861731614,0.07602607491037486,0.11213287187960413,0.8575523004195097,0.09615980223300068,0.16718103242458857,0.7871481643941088,0.1315962427945269
92786.29258517036,0.07055689939650811,0.9188112627337665,0.06482847382908494,0.08476378527214028,0.8976940712035074,0.0760919474915675,0.11222204084426829,0.8573563267235199,0.09621427671565869,0.16744222990958416,0.786923703729936,0.13176425972124944
92986.6733466934,0.0705192357344837,0.9186868099710582,0.06478509171850988,0.0848559369331339,0.8975369666620623,0.07616134023823226,0.11236192646872703,0.8571609102835732,0.09631225117314998,0.1677389920635021,0.7866994674268835,0.13196017572307933
93187.05410821644,0.07045837132519006,0.91856014705135,0.06472025192546521,0.08487804058713552,0.8973809338169131,0.07616793532263352,0.11261725589978247,0.8569657303330582,0.096509128950262,0.16796261703337861,0.7864753032402167,0.13209845016434685
93387.4348697395,0.07044201203769528,0.9184335885090088,0.06469630989757527,0.08492034468401691,0.897222616060177,0.0761924538141256,0.11291639903710864,0.8567695717319455,0.09674333484453702,0.16811609223472898,0.7862514780949755,0.1321815260111069
93587.81563126254,0.0704924004140119,0.9183078561225207,0.06473372509712157,0.08499004823715393,0.8970648379534039,0.07624158384951447,0.11321751852808443,0.8565741397206479,0.09697919853450043,0.16833172898664453,0.7860278607702056,0.1323134288351222
93788.19639278558,0.07064387180781759,0.9181826611213829,0.0648639782084198,0.08515986619581785,0.8969089555211164,0.07638064664200901,0.11335930933245142,0.8563789115403891,0.09707852193909502,0.16862138690686934,0.7858047236888503,0.13250348234638318
93988.57715430864,0.07090593663297398,0.9180561793939074,0.06509563328161459,0.08549840314801198,0.8967538297899542,0.07667102046390521,0.11344742152130015,0.8561831136723362,0.09713176659620477,0.16888802734168273,0.785582020916753,0.13267539782772295
94188.95791583168,0.0710810306458325,0.9179293723365926,0.06524736584576712,0.08578047462262801,0.8965966360346093,0.07691048498410044,0.1135363677074713,0.8559882919060856,0.09718580146313961,0.16905925606634437,0.7853599127762587,0.1327723625982834
94389.33867735471,0.07142792249069496,0.9178015037283991,0.06555665467015537,0.08600857413733196,0.8964408347190972,0.07710159799266922,0.11371137462825538,0.8557936497255471,0.09731347230842365,0.16923544675508892,0.7851384040241377,0.13287324856960245
94589.71943887777,0.07178458118460511,0.9176750825814439,0.06587492146665685,0.08618050416225845,0.8962869720389157,0.0772424631243778,0.11397363275973756,0.8555988099289888,0.09751570455251507,0.1694942232297148,0.7849176280666831,0.13303900366847263
94790.1002004008,0.0718916112120662,0.9175483277956733,0.06596402765016803,0.08623068450660104,0.8961331389889098,0.07727417398406274,0.11431517509990866,0.8554051683822942,0.0977857916049888,0.1697844181486876,0.7846975777566931,0.1332294216621047
94990.48096192385,0.07191222824851304,0.9174199581361109,0.06597371342922528,0.08627067158342505,0.8959778456443325,0.07729661046760691,0.11453851723536661,0.855211784411522,0.09795468970870774,0.16999610419411504,0.7844783234213842,0.13335825880636631
95190.86172344691,0.07190333705048696,0.9172913691511635,0.06595631048957877,0.08630059981401426,0.8958244002895909,0.0773101830730213,0.11467109990908064,0.8550184983630813,0.098045911649905,0.1701545552053189,0.7842598643023858,0.13344538837575623
95391.24248496995,0.07187699061014606,0.9171636433098803,0.06592296257815161,0.08637768466539288,0.8956728645788813,0.07736614825994374,0.1147430673753194,0.8548264985015109,0.09808541451176724,0.1703711867097012,0.7840421848164872,0.1335781974576518
95591.623246493,0.07189735688042619,0.9170359143410112,0.06593245840554361,0.08662156233329607,0.8955205405972694,0.07757138832809336,0.11485352620537524,0.8546348488044582,0.09815782600318974,0.17065682181935396,0.7838252774938156,0.13376513071876775
95792.00400801604,0.07203879670889934,0.916906943126318,0.06605287287685516,0.08686749569368575,0.8953675341309139,0.07777833541538319,0.11504714522738407,0.8544435580515726,0.09830129211176204,0.1709129086557856,0.7836091184014671,0.1339289136751906
95992.38476953909,0.07215060535201984,0.9167783990582203,0.06614611646570621,0.08719772396549327,0.8952164794392631,0.07806083946350555,0.11537018834190979,0.8542534939740085,0.09855538649151586,0.17108203049428164,0.783393582113677,0.13402456470419663
96192.76553106215,0.0724441833472405,0.9166490434190874,0.06640589136652499,0.08744400507822783,0.8950670509347618,0.07826824774729373,0.11565667394275908,0.8540637989249784,0.09877817831858038,0.1712614414451449,0.7831786575330258,0.1341283057981795
96393.14629258518,0.07283736648800943,0.9165206022843716,0.0667569470023979,0.08755056235801853,0.8949161710874244,0.07835041404198873,0.11586168796928412,0.8538745708339021,0.09893134909086394,0.17151774871907016,0.7829642156745505,0.13429225960009142
96593.52705410823,0.07306459916117237,0.9163918482694505,0.0669558030683733,0.08761829462547252,0.8947653411650835,0.07839781328286373,0.11595789396625383,0.8536864438576812,0.0989916821372773,0.17180221454607367,0.7827502105468914,0.13447821960836137
96793.90781563128,0.07321741120430089,0.9162625532013615,0.0670863721288467,0.08764255263908925,0.8946164783552039,0.0784064717960426,0.11603689656615299,0.8534986723453315,0.09903733716228413,0.17200537147241046,0.7825365368065917,0.13460048770415142
96994.28857715431,0.07332208500384246,0.91613286719682,0.06717277196341916,0.08765107709765904,0.894468609472783,0.07840113705033477,0.11616016204766216,0.8533113117870821,0.09912078025429062,0.1721662743261108,0.7823231469292315,0.13468966152588438
97194.66933867735,0.07333411332038439,0.9160042353966416,0.06717435840052938,0.08778117354255587,0.8943188835523641,0.07850436111949488,0.11641895448468217,0.8531247959723827,0.09931989679206259,0.17238142092386852,0.7821099495630255,0.13482122442436947
97395.05010020042,0.07329553734192544,0.9158753837774184,0.06712957839220807,0.08798925627515838,0.8941696930080955,0.07867732627156901,0.11672152369596643,0.8529386336370945,0.09955629693727736,0.17266668033928068,0.781896931771328,0.13500754757642425
97595.43086172345,0.07331704981677169,0.9157458053809165,0.06713978083261236,0.08834918152903415,0.8940224467769874,0.07898615144133132,0.11699761361807992,0.8527527358392625,0.09977003509948261,0.1729117282954868,0.7816840809262386,0.13516234541402508
97795.8116232465,0.07333512596742185,0.9156174361589798,0.06714692001868662,0.08864442485158303,0.89387539293587,0.07923707009578299,0.11715068763884191,0.8525673325129532,0.09987884926230566,0.17307939373395928,0.7814713082305812,0.135256580249033
97996.19238476956,0.07350976927834361,0.9154888338625444,0.06729737295413549,0.08882720594588375,0.893726468502205,0.07938722507693276,0.11724016155915318,0.8523821900210371,0.09993342566821119,0.173257851474975,0.7812587181530293,0.1353592069532869
98196.57314629259,0.07383766223075046,0.9153605749236364,0.06758808495055701,0.08894937923752437,0.8935782126753589,0.0794832273176497,0.11731477219635417,0.8521971612091909,0.09997531583363593,0.17351717439197392,0.7810462236286734,0.13552493379356917
98396.95390781564,0.07410116484757599,0.9152320469206265,0.06781976078264976,0.08899110411619499,0.8934316772050954,0.07950747140686536,0.11749488721474556,0.8520123171683311,0.10010709111126709,0.17379309248531574,0.7808339871180761,0.13570355333888964
98597.3346693387,0.07433619951692814,0.9151042389295281,0.06802537128385208,0.08897196514919764,0.8932845649321908,0.07947728317946305,0.11776176910590586,0.8518276141758845,0.10031272681861517,0.17398940025919307,0.7806219414755666,0.13581994342650075
98797.71543086173,0.07457631213129308,0.9149762231889816,0.06823555241325317,0.089006423850206,0.8931359080836748,0.0794948331907342,0.11807499361808518,0.8516428252770247,0.10055772115947273,0.17414901636304633,0.7804102779657268,0.1359076822673429
98998.09619238478,0.07472004742239548,0.9148494414407763,0.06835759364880682,0.08915709576953568,0.8929879538879758,0.07961621252583197,0.11829769137228201,0.8514580149724333,0.10072551747166479,0.1743679646736778,0.7801989332045398,0.1360417000234503
99198.47695390783,0.07473662200917322,0.9147222139039966,0.06836324834393709,0.08947982718475779,0.8928412762419707,0.07989128310155014,0.11843433930632674,0.85127327313998,0.10081998767346775,0.17465009902402961,0.7799881307023827,0.13622500426473888
99398.85771543086,0.07471684488681268,0.9145948348366989,0.0683356404087737,0.0897866798210564,0.8926933288287392,0.08015197009393903,0.11849664766316881,0.8510882732862217,0.10085110724985213,0.17488443920766408,0.7797778195754443,0.13637100668302665
99599.2384769539,0.07466974187825581,0.9144689369204001,0.06828315947552928,0.09003932595605503,0.8925442762196912,0.080364085016756,0.11861336923204678,0.8509030921535038,0.10092848265029387,0.1750491344331076,0.7795681485865862,0.1364627296417021
99799.61923847697,0.0747048135153685,0.9143435344053432,0.0683058632267341,0.09022945066270768,0.8923961008459792,0.08052040995287499,0.11881320136468214,0.8507179839943502,0.10107652713687716,0.17523007886123318,0.7793590871265554,0.13656715429840502
100000.0,0.07489521180148505,0.9142180172538328,0.06847055203495951,0.09031123497520561,0.8922487143146309,0.08058008329479374,0.11911227692692798,0.8505325511351175,0.10130886876617265,0.17549155922372967,0.7791507473117579,0.1367343795160746
