Xdata,P_Band4_nterms2,omega_Band4_nterms2,P_times_omega_Band4_nterms2,P_Band5,omega_Band5,P_times_omega_Band5,P_Band6,omega_Band6,P_times_omega_Band6,P_Band7_nterms2,omega_Band7_nterms2,P_times_omega_Band7_nterms2
10.0,0.9999999999999893,2.2335987358803322e-07,2.2335987358803084e-07,0.9999999999999796,3.1660252928081723e-07,3.166025292808108e-07,0.9999999999999399,5.787516783036864e-07,5.787516783036517e-07,0.9999999999997006,1.4683323863521488e-06,1.4683323863517092e-06
210.3807615230461,0.999999997900526,0.0017017578316662295,0.0017017578280934332,0.9999999959732596,0.0024088768254530543,0.002408876815753133,0.9999999882096656,0.00438734880720548,0.0043873487554771705,0.9999999410098392,0.011002196129854789,0.011002195480833471
410.7615230460922,0.9999999718978289,0.008932410892747574,0.008932410641727433,0.9999999460382678,0.012586256790366531,0.012586256111190313,0.999999841524476,0.022642784665110133,0.022642781076782966,0.999999199754911,0.05462710202994704,0.054627058314876915
611.1422845691382,0.9999998756131716,0.024673993960890914,0.02467399089177106,0.9999997607290247,0.034463516435331604,0.03446350818921241,0.9999992940117727,0.06057583732611921,0.0605757945602912,0.9999963810601187,0.13642541566124924,0.1364249219458717
811.5230460921844,0.9999996397642206,0.051063274050815184,0.051063255655996856,0.9999993053417734,0.07035945221810314,0.07035940334233083,0.9999979367232033,0.11943572675216242,0.11943548032319871,0.9999891862337341,0.24503524331561685,0.24503259356176874
1011.9038076152304,0.9999991698026395,0.08888846301667018,0.08888838922170281,0.9999983939069267,0.12024700898830364,0.12024681586041541,0.9999951869810653,0.19518965104112998,0.19518871158964365,0.9999739896156143,0.36051372396683856,0.3605043468663019
1212.2845691382763,0.9999983434305632,0.1373750111570336,0.13737478358578872,0.9999967820319079,0.1817204648429145,0.18171988007225695,0.999990245406644,0.2802748781841647,0.2802721442167001,0.9999451306809636,0.466601136000875,0.466575533914281
1412.665330661323,0.9999970071438761,0.19435231374764875,0.19435173207913634,0.999994156654559,0.25070743637130205,0.2507059714011467,0.9999820312427724,0.36659220387040947,0.3665856166640966,0.9998937696641448,0.5556390384243255,0.5555800127026594
1613.0460921843687,0.9999949715599498,0.2567644731102308,0.25676318198547077,0.9999901218486804,0.3225996671624958,0.3225964804741679,0.9999690889972211,0.4478647697357226,0.44785092578658076,0.999806153770343,0.6266683417464242,0.6265468644511312
1813.4268537074147,0.9999920052544771,0.32132876337176747,0.3213261944300751,0.9999841796968839,0.3932891382841748,0.3932829163307949,0.9999494583709415,0.5204687686261519,0.5204424632867114,0.9996611510001224,0.6819724577372616,0.6817413720520132
2013.807615230461,0.999987826795013,0.38510797508774086,0.385103287089418,0.99997570511132,0.45976524997146256,0.4597540800258956,0.9999204984822666,0.583081730784066,0.583035374901506,0.9994269928408013,0.7247344309417093,0.7243191529242619
2214.188376753507,0.9999820946214044,0.4458521766553665,0.4458441935033458,0.9999639133593708,0.5202378549185723,0.5202190812820602,0.9998786568678998,0.635891757522878,0.6358145964253434,0.999057398610781,0.757960210986516,0.7572457566386674
2414.5691382765526,0.9999743943899286,0.5020946915230008,0.5020818350821108,0.9999478189318023,0.5739506055607968,0.5739206562051059,0.9998191741616238,0.67986956204885,0.6797466240653061,0.9984877136798272,0.7841332661667957,0.7829474321551793
2614.949899799599,0.9999642233621688,0.5530732596722243,0.553053472570519,0.9999261843089045,0.6208784016683064,0.620832571100001,0.9997357176228664,0.7162733974594354,0.7160840990232773,0.9976324094695936,0.8051791689523191,0.8032728343766271
2815.330661322646,0.9999509713922211,0.598568109932216,0.5985387629711252,0.9998974571538084,0.6614382206251744,0.6613703948674516,0.9996199420823556,0.7463717387759276,0.7460880742870998,0.9963861366444497,0.8225281810197543,0.8195556765674596
3015.7114228456917,0.9999338980445802,0.6387274483849306,0.638685227251612,0.9998596945455599,0.6962680489396834,0.6961703587346648,0.9994609869708537,0.7713143198889721,0.770898571420985,0.9946311148550833,0.8371960817755155,0.8327012721686885
3216.0921843687374,0.9999121053699057,0.6739185828416074,0.6738593490170549,0.9998104731241273,0.7260804803074402,0.7259428685423754,0.9992449345240627,0.7920880605458337,0.7914899821974134,0.9922534207175566,0.8498650931570823,0.8432815458335597
3416.472945891783,0.999884505885717,0.7046173595886998,0.7045359804308456,0.9997467845443083,0.751576697040363,0.7513863862045347,0.9989542781683652,0.809515167287904,0.8086686396044316,0.9891693170249157,0.8609659868498837,0.851641137193982
3616.8537074148294,0.9998497853673292,0.7313341114369442,0.731224254352035,0.9996649165323566,0.7734022811709861,0.773143126852728,0.9985674812756079,0.8242687931278599,0.8230880126477722,0.9853603423042943,0.8707602943843445,0.8580126617395458
3817.234468937876,0.9998063601676902,0.7545685312773718,0.754422416753509,0.9995603212250038,0.7921291038687285,0.7917808215147006,0.9980587423729429,0.8368936268242463,0.8352690006881383,0.9809127917094637,0.879414131462576,0.8626285707617086
4017.615230460922,0.9997523289733034,0.7747850643991632,0.7745931725867942,0.999427474456576,0.8082520528063805,0.8077893078606239,0.997398117404717,0.8478257685122528,0.8456198254013283,0.9760523498674536,0.8870532341609061,0.8658103936602769
4217.9959919839675,0.9996854191896243,0.7924017247089868,0.7921524503322848,0.9992597323315269,0.8221933554282024,0.8215847122699454,0.9965521731223121,0.8574100063611014,0.8544538050959711,0.9711552790305014,0.8937942468468608,0.86801300119242
4418.376753507014,0.9996029285566217,0.8077870863569272,0.8074663371726051,0.9990491947806026,0.8343101694621712,0.8335169029984503,0.9954853462888918,0.8659144603554656,0.8620051564235196,0.9667063467321715,0.8997550732383879,0.8697989398040193
4618.75751503006,0.9995016631453277,0.8212618752439892,0.8208526101842178,0.9987865897759147,0.8449030284475222,0.8438778144744433,0.994162151044819,0.8735432967931293,0.8684436829706401,0.9631801293356019,0.9050519828082417,0.8717280858566853
4819.138276553105,0.9993778735947141,0.8331028687967529,0.8325845735037549,0.9984611961940228,0.8542239117511873,0.8529094287446278,0.9925503084497004,0.8804482901958652,0.8738892220079173,0.9608718298676514,0.9097917793649253,0.8741932918369223
5019.519038076152,0.9992271923252403,0.843547712031658,0.8428958118857739,0.9980608275341847,0.8624834036660995,0.8608108995974876,0.9906247753430288,0.8867397105070938,0.8784263265088322,0.9597721538837123,0.9140651419814324,0.8772942701095406
5219.899799599198,0.9990445754843321,0.852799852038123,0.8519850661525279,0.9975719021552695,0.8698567981481444,0.8677447007313367,0.9883725382127312,0.8924965836903157,0.8821191137681886,0.9595780214026698,0.9179440810560795,0.8808389650580847
5420.280561122245,0.9988242545317921,0.8610331686104753,0.8600208127645048,0.9969796275767298,0.8764892148229994,0.8738418909692541,0.9857979168839198,0.8977760183284874,0.8850257286965627,0.9598271293381209,0.9214835708995001,0.8844649305887079
5620.661322645292,0.9985597035607117,0.8683961077353824,0.8671453599135194,0.9962683258476074,0.8824998910407496,0.8792066890078635,0.9829279664596786,0.9026211405558272,0.887211562170055,0.9600542289232443,0.9247256181518151,0.8877867403003114
5821.042084168337,0.9982436295946868,0.8750152594216735,0.8734784085158278,0.9954219233439896,0.8879858460783635,0.8839205788055645,0.9798173064947183,0.9070672572356849,0.8887601967942206,0.9598859276122805,0.9277036302055084,0.8904896596290945
6021.422845691383,0.9978679940571159,0.8809983974108122,0.879120103591861,0.9944246213430618,0.8930251015093881,0.8880461484183225,0.9765512694284186,0.9111460986351873,0.8897808792569433,0.9590654248544815,0.9304456557620553,0.8923582581474422
6221.803607214429,0.9974240742132133,0.8864370384040807,0.8841536423784928,0.9932617536730952,0.8976796022408698,0.8916308159583329,0.9732456737479865,0.9148882608949317,0.8904110418788115,0.9574417601870975,0.93297614742618,0.8932703248042987
6422.184368737475,0.9969025734678457,0.8914085965673962,0.8886475239293979,0.9919208255690568,0.9019979288280371,0.8947105302246859,0.9700410829157949,0.9183241786536983,0.8908121807289915,0.9549567063487208,0.935316684307426,0.8931869402392257
6622.56513026052,0.9962937888093971,0.89597821349608,0.8926575290146844,0.9903927147054239,0.9060178357181679,0.897313463888449,0.9670897417615337,0.9214840648059577,0.891157786270562,0.9516446611839537,0.9374863209799825,0.8921538522935868
6822.945891783566,0.9955878423230716,0.900200339353032,0.896228513514982,0.9886730017996576,0.9097686031392843,0.8994636558087976,0.9645351945025504,0.9243972620659003,0.8916136929643582,0.9476453845107232,0.939501995583372,0.8903147298531964
7023.326653306613,0.9947749815464626,0.9041201305011336,0.8993960861350505,0.986763383139558,0.9132731604891161,0.9011845135747968,0.9624879060725994,0.9270913897978612,0.8923142505044794,0.943218257517569,0.9413790300999119,0.887925888434418
7223.707414829659,0.9938459506052129,0.9077747147752022,0.9021882243411368,0.9846730973627141,0.9165499295980324,0.9025020580648722,0.9610035900277953,0.9295915721601852,0.8933408381055203,0.9387376376195218,0.9431314951839835,0.88535303175358
7424.088176352706,0.9927924307450572,0.9111943595261837,0.9046268630751855,0.9824202679782552,0.9196143452505531,0.9034477714976961,0.9600718390014505,0.9319199244141788,0.8947100756344134,0.9346455078380618,0.9447722366090009,0.8830271268767211
7624.468937875752,0.991607545307387,0.914403561654463,0.906729471192514,0.9800330152678834,0.9224800319810921,0.9040608872668432,0.9596194357544373,0.9340953694379182,0.8963760713608477,0.931351490227671,0.9463125936541025,0.8813496443209609
7824.849699398798,0.990286420547743,0.917422064883962,0.908510612765458,0.9775501247571792,0.9251596428179274,0.9043899242569723,0.9595267593427149,0.9361337680398855,0.898245400758596,0.9291068075974228,0.9477620711253789,0.8805721922652224
8025.230460921844,0.988826789917183,0.9202657990291631,0.9099834759245787,0.9750209844247878,0.9276653904363381,0.9044932222000435,0.9596507176157968,0.938048284411034,0.9001987092933159,0.9279145630807863,0.9491282756845285,0.8807099492394294
8225.611222444892,0.9872296250870719,0.9229477298768545,0.9111613413412911,0.9725044483132919,0.9300093194886063,0.904438200175487,0.9598465357137057,0.9398498779951366,0.9021116494845809,0.9275309168876947,0.9504172609410062,0.881541393466503
8425.991983967935,0.985499771200447,0.925478606673323,0.9120589551274683,0.9700662999749217,0.93220337886938,0.9042990825639395,0.9599833058326884,0.9415478146071962,0.9038701836661595,0.9275544008166541,0.9516341666301427,0.882692459225278
8626.372745490982,0.9836465553360234,0.9278675964516824,0.9126937650576128,0.9677751335850511,0.9342593547911945,0.9041529718861319,0.9599520213101229,0.9431501150181145,0.905378859310514,0.9275474111315598,0.9527838630792813,0.883752205567114
8826.753507014027,0.9816843246322773,0.9301227993873576,0.9130869721416613,0.9656967789383376,0.9361887215382523,0.9040744328678905,0.9596676293114227,0.9446638962734693,0.9065633618328519,0.927132505577587,0.9538713251442323,0.8843651116795853
9027.134268537073,0.9796328533899755,0.9322516456225409,0.91326433967871,0.963887836892295,0.9380024587459602,0.9041291609602977,0.9590676992061558,0.9460955975567797,0.9073697279778539,0.9260424719935443,0.9549016277879422,0.8842794639074053
9227.51503006012,0.9775175378222591,0.9342611802357638,0.9132566885869817,0.9623893351022272,0.9397108738681357,0.904367723090288,0.9581100637586114,0.9474511097808175,0.9077624432002662,0.9241350875437504,0.9558796595456516,0.883361932855511
9427.895791583165,0.9753692769916777,0.9361582482491905,0.9130999937446085,0.9612217586192243,0.941323457493972,0.9048205892418844,0.9567710036750564,0.9487358423586036,0.9077229441159413,0.9213922732720728,0.9568097734387789,0.8815971322376935
9628.27655310621,0.9732239266016608,0.9379495951947375,0.9128349879898607,0.960382578049928,0.942848788296235,0.9054955500151889,0.9550447364786304,0.9499547619459431,0.9072492952892833,0.9179162766130545,0.957695584077071,0.8790843646647896
9828.657314629258,0.9711212198250817,0.9396419006447218,0.9125061887528604,0.9598468587124303,0.9442944943242617,0.9063781040765854,0.9529443356019993,0.9511124293833958,0.9063572021015636,0.9139244061227925,0.9585400010165667,0.8760331011740066
10029.038076152307,0.9691030883114715,0.941241762408924,0.9121602987982206,0.9595707620277819,0.9456672687096416,0.907434661660442,0.9505037321285648,0.9522130472559968,0.9050820551983383,0.9097345052623134,0.9593454443642617,0.8727496532043758
10229.41883767535,0.9672113948181797,0.9427556481387329,0.9118440054089809,0.9594970503894027,0.9469729311823836,0.9086177342681039,0.9477800521407267,0.9532605165907825,0.9034813021181078,0.9057284028426168,0.9601141044260876,0.8696026143485097
10429.799599198395,0.9654852034384785,0.9441898292404927,0.9116013093687994,0.9595613453405524,0.9482165225155299,0.909871922019142,0.944855155006483,0.9542584916240653,0.9016360550197089,0.9022844123597257,0.9608481184576129,0.8669582799294753
10630.180360721444,0.9639578443143374,0.9455503096315416,0.9114706381631751,0.9596979524676739,0.9494024172759457,0.9111395559275851,0.9418348991660834,0.9552104187672467,0.8996505084420421,0.8996866248644133,0.9615496160479181,0.865093328701824
10830.561122244491,0.9626541405505643,0.9468427592414476,0.9114821026341006,0.9598444453134948,0.9505344408656864,0.9123652031440976,0.9388445534819424,0.9561195498337383,0.8976476318390118,0.8980418457654055,0.9622206683326706,0.8641144250230935
11030.941883767535,0.9615882122578698,0.9480724594629678,0.911655301385917,0.9599446876406966,0.9516159792718335,0.9134987039759959,0.9360191917377337,0.9569889279769218,0.8957600028669186,0.897244140182488,0.9628632146366723,0.8639233771300274
11231.322645290582,0.9607622237227873,0.9492442651303461,0.9119980310227344,0.9599503858732031,0.9526500734798263,0.9144968056390946,0.9334891037148041,0.9578213541323878,0.8941157973879427,0.8970066616250282,0.9634790228889901,0.8642471018673972
11431.703406813627,0.9601662918395271,0.9503625851579732,0.9125061192941579,0.9598215111650977,0.9536394943807439,0.9153237006032453,0.9313621323964347,0.9586193486091172,0.8928217606770686,0.8969438842601423,0.9640696944537795,0.8647164164408616
11632.084168336674,0.9597795618358991,0.9514313818123175,0.91316439475275,0.9595260128800266,0.9545867975626494,0.9159508638132021,0.9297067312330999,0.9593851245061975,0.8919468080983174,0.8966656164876727,0.9646366885213938,0.8649565509996627
11832.464929859718,0.9595722415226963,0.9524541868117168,0.913948598986596,0.9590392117676537,0.9554943601664134,0.9163565580224358,0.9285403425858916,0.9601205862517416,0.8915106980819592,0.8958509685322217,0.9651813375415618,0.8646586360458333
12032.845691382765,0.95950823084509,0.9534341311350972,0.9148278963927626,0.9583431703445753,0.9563644037756875,0.9165252947190919,0.9278266144713628,0.960827358994878,0.8914811955876785,0.89429185669001,0.965704846788792,0.8636219804492904
12233.22645290581,0.9595479277132124,0.9543739846237562,0.9157675792091265,0.9574262342275719,0.957199008061355,0.9164474416945504,0.9274822203679919,0.9615068453955489,0.8917805038664871,0.8919118996247616,0.966208293745515,0.8617726747077619
12433.60721442886,0.959650834808867,0.9552762011843152,0.9167316039395713,0.9562828455077891,0.9580001197215048,0.9161190804840832,0.927390952389063,0.9621602985264546,0.8922987556013938,0.8887702460275039,0.9666926463289202,0.8591676611107332
12633.987975951904,0.9597777045448121,0.956142965598466,0.917684700738765,0.9549136552896672,0.9587695603609239,0.915542145464717,0.9274208766008397,0.9627888954553667,0.8929105214047705,0.8850546506656767,0.967158802510521,0.8559883960941833
12834.36873747495,0.9598920965542945,0.9569762385187978,0.9185939279444514,0.9533259048501962,0.9595090356136889,0.9147248195883592,0.9274403777615069,0.9633937965453956,0.893490306601154,0.881060799130628,0.967607633995785,0.8525211552532225
13034.749498997997,0.9599613452120466,0.9577777970535499,0.9194296624737563,0.9515339968363735,0.9602201463337762,0.9136821136837855,0.9273304191129744,0.9639761799984328,0.8939244350128708,0.8771512117431828,0.9680400103397963,0.8491174680854354
13235.130260521042,0.9599570211695526,0.958549269279308,0.9201661011816158,0.949560132781736,0.9609044013531789,0.9124365109394791,0.9269922436984541,0.964537247985312,0.8941185476406367,0.8736908388694382,0.9684567913696105,0.8461318264605195
13435.51102204409,0.9598550153862937,0.9592921619442037,0.9207813928629046,0.9474348474046169,0.9615632303698006,0.9110185124353025,0.9263511745703732,0.965078207780594,0.894001331329824,0.870968063762646,0.9688587958644866,0.8438450694935007
13635.891783567133,0.9596353833545038,0.960007881435938,0.9212575313251213,0.9451972259798794,0.9621979951174374,0.9094668758284035,0.9253578136344722,0.9656002368160647,0.8935257239850423,0.8691234291651556,0.9692467687322077,0.8423950753477829
13836.27254509018,0.9592820730116501,0.960697748723027,0.9215801279326508,0.9428945589324244,0.9628099971098601,0.9078283075606304,0.9239879237928212,0.9661044432853773,0.8926688387182752,0.8681129484340159,0.9696213676708006,0.8417408643533217
14036.653306613225,0.9587826339060694,0.961363009401128,0.9217381582934788,0.9405811864286125,0.9634004808510026,0.9061563672847318,0.9222419034267328,0.966591833480454,0.8914314923457495,0.8677211334987149,0.969983175156372,0.8416749002213697
14237.034068136274,0.9581279762766948,0.9620048401844121,0.9217237506942759,0.9383163387519302,0.9639706322900882,0.9045093943548187,0.9201442779396617,0.9670632938454534,0.8898377562373756,0.8676170587902137,0.9703327245105512,0.841877224487739
14437.41482965932,0.9573122219898593,0.9626243531920711,0.9215320584958527,0.936160905133495,0.9645215732605745,0.9029473890444021,0.9177431753863547,0.9675195908960633,0.88793450159746,0.8674304979795522,0.9706705223903854,0.841989214611164
14637.795591182365,0.9563326668822539,0.963222599224909,0.9211612371180138,0.9341732660360862,0.9650543534638372,0.9015279772776563,0.9151093674699623,0.9679613871316233,0.885790532713367,0.8668241681155788,0.9709970573870599,0.8416837165122132
14838.17635270541,0.9551898560726874,0.9638005709519162,0.9206125286503347,0.9324045717961338,0.9655699420750361,0.9003018283796917,0.9123341626285509,0.9683892672490464,0.8834946112341348,0.8655484325586089,0.9713127976360537,0.8407182695180035
15038.557114228457,0.9538877591757946,0.9643592065819209,0.9198904426069757,0.9308940789495704,0.9660692211604692,0.8993081178337039,0.9095252885585179,0.968803767243971,0.8811515259591519,0.8634759224535521,0.9716181881203831,0.8389689112598967
15238.937875751506,0.9524340196120399,0.9648993942353447,0.9190030085727916,0.9296652795004807,0.9665529827873472,0.8985707488950225,0.9068000095819613,0.9692053995290361,0.8788754655798185,0.860618630076876,0.9719136551411826,0.8364469984406139
15439.318637274548,0.9508402400112842,0.9654219769058634,0.9179620642333396,0.9287235075868182,0.9670219310455044,0.898095999713959,0.9042752165618332,0.9695946695004118,0.876780429739684,0.8571288209392656,0.972199615314776,0.8333003099923615
15639.699398797595,0.9491222532549508,0.9659277576532985,0.9167835298254008,0.92805546660141,0.9674766893210055,0.8978720303337931,0.9020551288013844,0.9699720821008073,0.8749682914531908,0.853281063380528,0.972476479184398,0.829795764271015
15840.08016032064,0.9473003161452626,0.9664175045252086,0.9154876075650458,0.9276307462907406,0.9679178122379629,0.8978703225144025,0.900218351186512,0.9703381398340869,0.8735162003348288,0.849430451253862,0.9727446420507396,0.8262789202519362
16040.460921843689,0.9453991514764318,0.9668919546761371,0.9140988335202086,0.9274050087265325,0.9683458008928244,0.898048745927311,0.8988068746841498,0.970693335587704,0.8724658432363168,0.8459461508741644,0.9730044652016264,0.8231093821206906
16240.841683366734,0.9434477573521403,0.9673518172334279,0.912645902539395,0.9273242361713492,0.9687611194847376,0.8983556651586855,0.8978196731494432,0.9710381441470367,0.8718171491937344,0.8431308825953506,0.9732562605094587,0.8205824099147904
16441.22244488978,0.9414789042278896,0.9677977746246466,0.9111611883678024,0.9273293278648076,0.9691642112739939,0.8987343966313391,0.897212601926339,0.9713730155490237,0.8715281107217737,0.8411496152471954,0.9735002917061083,0.8188593958116255
16641.603206412823,0.9395282552420919,0.9682304823010714,0.9096798957085348,0.9273604087643232,0.9695555119815441,0.8991273959109074,0.8969046434644837,0.9716983719024166,0.8715207818061562,0.8399930298386307,0.9737367952066249,0.8179321208709711
16841.98396793587,0.9376330779682064,0.9686505670259734,0.9082388126362119,0.9273604124418349,0.9699354592158856,0.8994797475004042,0.8967888878077138,0.97201460764424,0.8716918989221293,0.8394876354656372,0.9739660094994937,0.8176324223386323
17042.364729458917,0.9358305668330344,0.9690586241086958,0.9068746814940812,0.9272777394449743,0.9703044971742146,0.8997417607129982,0.8967456803359147,0.9723220919830097,0.8719256358809439,0.8393437510718528,0.974188195264057,0.8176787740628522
17242.745490981964,0.9341558610676128,0.9694552141232831,0.9056222703158224,0.9270680006049726,0.9706630765897959,0.8998706776751735,0.896655389894037,0.9726211718289889,0.8721060160455172,0.8392202806257428,0.9744036338762644,0.8177392910643821
17443.12625250501,0.932639912795397,0.9698408597317628,0.9045122948456442,0.926694993244558,0.97101165056913,0.899831634964547,0.8964090193868313,0.9729121738402245,0.872127247701626,0.8387873120606298,0.9746126061208635,0.8174926881885245
17643.507014028055,0.93130741788864,0.9702160432262306,0.903569398011154,0.9261311206937057,0.9713506674846066,0.8995980822640979,0.8959159119181169,0.9731954050521749,0.8719012487918405,0.8377773233156244,0.9748153657988038,0.8166782078858631
17843.887775551102,0.930175050929703,0.9705812053127489,0.9028104220831987,0.9253574668196519,0.9716805623962839,0.8991518637769199,0.8951086656979913,0.9734711524884815,0.8713624643994505,0.8360236892223231,0.9750121255201574,0.8151332342138606
18044.268537074146,0.9292502314879603,0.970936745497904,0.902243195514094,0.9243637000569106,0.9720017485417709,0.8984831327438582,0.8939458469128178,0.9737396827695877,0.8704705453860775,0.8334872681531249,0.9752030627564033,0.812819336671395
18244.649298597193,0.9285305885276958,0.9712830242296644,0.9018659981149305,0.9231479263441622,0.9723146102641957,0.8975902162195245,0.8924131779332126,0.9740012428137632,0.8692115444103291,0.8302693363810504,0.9753883401266813,0.8098350298707939
18445.03006012024,0.9280041929118471,0.9716203667182061,0.9016677742330417,0.9217165518217774,0.9726194983881895,0.8964794902889888,0.8905236907564268,0.9742560622775399,0.867598104321218,0.8266051185435175,0.9755681250260501,0.8064096056344352
18645.410821643287,0.9276505159557936,0.9719490681512487,0.9016290545532587,0.9200841615048452,0.9729167285725944,0.8951652724227526,0.888317013263705,0.9745043576401545,0.8656688003913675,0.8228304149380403,0.975742595920065,0.8028706850736277
18845.79158316633,0.9274419710017072,0.9722693998504864,0.9017234485419822,0.9182733721017132,0.9732065826528591,0.8936696904042256,0.8858576239074708,0.9747463371254926,0.8634864741184994,0.8193185096529161,0.9759119335872279,0.7995827109791832
19046.172344689377,0.9273458273861186,0.972581615811122,0.9019195032148931,0.9163145762048859,0.9734893125225013,0.8920224468440414,0.883231669585408,0.9749822052522187,0.8611351609609801,0.8163970765357355,0.9760763067657606,0.7968658433193647
19246.553106212425,0.9273262635153349,0.9728859590358475,0.9021827012192456,0.9142454626139964,0.9737651457632613,0.8902603661657185,0.8805418729522368,0.9752121658391606,0.8587151470338219,0.8142691886973704,0.9762358647192123,0.7949187855421889
19446.933867735468,0.927346346426266,0.9731826671164273,0.9024773907557879,0.9121101779191741,0.9740342920614634,0.8884265914315582,0.8779002193628807,0.975436422731291,0.856335849490344,0.8129668110416689,0.9763907424001433,0.7937732681796521
19647.314629258515,0.9273697770369298,0.9734719766201289,0.9027684899099082,0.9099579957529919,0.9742969494536053,0.8865692993930567,0.8754185285361672,0.9756551781874462,0.8541066204475461,0.8123524960571559,0.9765410731795271,0.7932955782997225
19847.695390781562,0.9273623062608324,0.9737541259869048,0.9030228720062172,0.9078413925301638,0.9745533096048854,0.884739833686579,0.8731976223490323,0.9758686295583722,0.8521261670553791,0.8121631097012282,0.9766869981205525,0.7932291495983456
20048.076152304613,0.9272927912599559,0.9740293568153449,0.9032104010504407,0.9058135001313455,0.9748035615930942,0.8829902260671424,0.8713164332599969,0.9760769653626907,0.8504719000470612,0.8120741251381836,0.9768286637904617,0.79325728255754
20248.456913827653,0.9271339122317424,0.9742979135894082,0.903304636305372,0.9039250165574395,0.975047893987182,0.88137018371666,0.869822810795372,0.9762803619865916,0.8491909285875004,0.8117627619312391,0.9769662098237567,0.7930647888000272
20448.8376753507,0.9268626032672022,0.9745600420543038,0.903283257618646,0.9022207905417692,0.9752864953136993,0.8799237528066373,0.8687277443525576,0.976478981957619,0.8482943834037241,0.810958314261908,0.9770997556463793,0.79238717070471
20649.218436873747,0.926460266166477,0.9748159865729488,0.903128278383711,0.9007364249989736,0.9755195532445873,0.8786859949061254,0.8680041475227227,0.976672974177974,0.8477561923598346,0.8094783832788905,0.9772293967342149,0.7910460721610179
20849.59919839679,0.9259128370656885,0.9750659868733582,0.9028261142321665,0.8994953265873753,0.9757472529832628,0.8776800939889143,0.8675903949721807,0.9768624758574332,0.8475165012626529,0.8072540711246041,0.9773552138786367,0.7889739753383876
21049.97995991984,0.9252107669637372,0.9753102746266685,0.9023675672149531,0.8985066280338108,0.9759697753611917,0.8769153119227001,0.8673978047869895,0.9770476153920093,0.8474889567633916,0.804345041478459,0.9774772895109344,0.7862290109759241
21250.360721442885,0.9243489631085147,0.9755490702751533,0.9017477715703134,0.8977643104569657,0.9761872950940019,0.8763861138569171,0.8673205700172225,0.9772285152536874,0.8475703928869122,0.8009399432632203,0.9775957202400601,0.7829954607034407
21450.741482965932,0.9233267221524406,0.9757825804651219,0.9009661315543112,0.8972476708728537,0.9763999795116972,0.8760726074571724,0.8672464541389343,0.977405294121158,0.8476512755831964,0.7973338778828771,0.9777106177071483,0.7795617982637038
21651.12224448898,0.9221476700794531,0.976010996340654,0.9000262662474597,0.8969230611659752,0.9766079879086736,0.8759422260741913,0.8670668364216795,0.977578067892882,0.847625522683099,0.7938772300057076,0.9778220980823686,0.7762706986640002
21851.503006012023,0.9208197092653636,0.9762344928344687,0.8989359618666551,0.8967466281374965,0.9768114714947733,0.8759523933889642,0.8666852192799042,0.9777469497026633,0.8473988295033101,0.7909011209268207,0.9779302678833566,0.7734461450572128
22051.883767535073,0.9193549599686065,0.9764532289671471,0.8977071192283081,0.8966676593046339,0.9770105738009446,0.8760537843259703,0.8660238507549001,0.9779120494176785,0.846895158736314,0.7886390742332394,0.9780352152640797,0.7713167867333708
22252.264529058117,0.9177696721082093,0.976667349050733,0.8963556726970853,0.8966321086877449,0.9772054313232029,0.8761937665084407,0.865028502735599,0.9780734732129966,0.8460614320988454,0.7871715993322597,0.9781370111360658,0.7699616754220532
22452.645290581168,0.9160840735311725,0.9768769846005462,0.8949014473917168,0.8965859322422867,0.9773961741823822,0.8763196599993556,0.8636716172174358,0.9782313236610618,0.8448706293191021,0.7864127961868047,0.9782357175253723,0.7692970859489333
22653.02605210421,0.9143221137300658,0.9770822566991236,0.8933679142332854,0.8964779732411088,0.9775829266268341,0.8763815607375358,0.8619540107760344,0.9783857004320587,0.8433234785733327,0.7861398296062598,0.9783313965510725,0.7691052773831143
22853.406813627254,0.9125110584280586,0.9772832785329051,0.8917817988781044,0.8962622658207453,0.9777658072914709,0.8763345978851039,0.8599051768318234,0.978536701326363,0.8414487751904753,0.786049808758377,0.9784241146903753,0.7690900882369538
23053.787575150305,0.9106808924912442,0.9774801578348101,0.8901725025294871,0.8958997383174925,0.9779449292240295,0.8761406061807268,0.8575820264900831,0.978684423117217,0.8393021708711409,0.7858235813881083,0.9785139417303523,0.7689393301287402
23254.16833667335,0.908863498372329,0.9776729990088864,0.8885713021433831,0.8953593781475252,0.978120399772638,0.8757692728938379,0.855065748607726,0.9788289616770347,0.8369631188752968,0.7851814962652098,0.9786009477447702,0.7683793563967911
23454.54909819639,0.9070915963583164,0.9778619047780418,0.8870103162230979,0.8946189612894958,0.9782923204778752,0.8751988595834073,0.8524564405752897,0.9789704111020174,0.8345296320765538,0.783925172530929,0.9786852015781663,0.767215965500631
23654.92985971944,0.905397461461482,0.9780469772718328,0.8855212504119931,0.8936654559170972,0.9784607871176151,0.8744166054164653,0.8498653465511741,0.9791088619452799,0.8321106922684509,0.7819653008551901,0.9787667713450146,0.7653616528218674
23855.310621242483,0.9038114676593978,0.9782283185477562,0.8841339722926324,0.8924951903254852,0.9786258900158866,0.873418899967176,0.8474049729024727,0.979244399063478,0.8298165734532849,0.7793362602352363,0.9788457246603419,0.7628499664040407
24055.69138276553,0.9023605483116437,0.9784060306064611,0.8828750022494651,0.8911138401851041,0.9787877146599204,0.8722112791366036,0.8451779609830705,0.9793770998176186,0.827747940257368,0.7761955019640917,0.9789221263846196,0.7598349512728658
24256.072144288577,0.9010666944696973,0.9785802150115702,0.8817660396139213,0.8895362487453925,0.9789463425909575,0.8708082573113821,0.843266186453551,0.9795070333424875,0.8259851606111506,0.7728030102052355,0.9789960343951156,0.7565710823595336
24456.45290581162,0.899945632021467,0.9787509722538011,0.8808226623165725,0.887786053850657,0.9791018524641665,0.8692329699170306,0.8417218502065318,0.9796342613040808,0.8245795629505799,0.7694775705752063,0.9790674966212382,0.7533704787292593
24656.83366733467,0.8990058171823558,0.9789184010057094,0.8800533370509829,0.8858950641538935,0.9792543211268196,0.8675165696376214,0.8405621203921592,0.9797588400948881,0.8235481681031216,0.766533586618831,0.9791365525637956,0.7505410534263238
24857.214428857715,0.8982478647456279,0.9790825973996189,0.879458852523811,0.8839023094036047,0.9794038245508825,0.8656973023592479,0.8397681774090089,0.9798808239350917,0.8228727335940099,0.7642120291334616,0.9792032394228664,0.7483188945334076
25057.595190380765,0.8976644773511553,0.9792436544317319,0.8790322432548959,0.8818526909943518,0.9795504384773409,0.8638191901359403,0.8392885482125872,0.9800002680239266,0.8225030021977477,0.7626254884627011,0.9792675992484653,0.7468144312125574
25257.97595190381,0.8972408849752566,0.9794016615563064,0.878759213561017,0.8797951826863959,0.9796942386790836,0.8619302716954739,0.8390457621605505,0.9801172308355274,0.8223632089530832,0.7617346866231004,0.9793296823226504,0.7459893886647445
25458.356713426852,0.8969557435346117,0.9795567044920241,0.8786190122119575,0.8777805785907002,0.9798353008162494,0.8600803972740801,0.8389449103834281,0.980231774898451,0.8223604585471697,0.7613624425513091,0.9793895444280452,0.7456704157549504
25658.737474949903,0.8967823917630915,0.9797088652247314,0.8785856593877389,0.8758588530291905,0.9799736999294151,0.8583186408189496,0.838882718929759,0.9803439658588622,0.822393611566065,0.7612376138461028,0.9794472400106913,0.7455920798738898
25859.118236472947,0.89669033507649,0.9798582221618223,0.8786293975577382,0.8740762757795533,0.9801095096782794,0.8566904700757144,0.8387561147310665,0.9804538701535214,0.8223616788030051,0.7610536697491898,0.97950281615036,0.7454542127608974
26059.498997995997,0.8966468173874877,0.9800048503767442,0.8787182301146088,0.8724725015739833,0.9802428014749505,0.8552348891527395,0.8384697410402213,0.980561552038501,0.8221711906117195,0.760526930252235,0.979556311362596,0.7449789544897976
26259.879759519037,0.8966183549387496,0.9801488218787326,0.8788194242680628,0.8710779056900383,0.9803736436736346,0.8539818203249414,0.8379422705326514,0.9806670708965923,0.8217423920236951,0.7594448486853955,0.9796077592971602,0.7439580665304711
26460.26052104208,0.8965721340401404,0.9802902058514978,0.8789008818389259,0.8699114504219351,0.9805021009603383,0.8529500047881625,0.8371115767921187,0.9807704796256083,0.8210143226705554,0.7576999184343187,0.9796571936530396,0.7422861757245017
26660.641282565128,0.8964772095445898,0.980429068822535,0.8789323157744268,0.868979329551165,0.9806282340410759,0.852145665355957,0.8359388581980962,0.9808718245367111,0.8199488730419017,0.7553070641369375,0.9797046501301279,0.7399778430110924
26861.022044088175,0.8963054756519279,0.9805654747477172,0.8788862042516111,0.8682745518531491,0.9807520996650916,0.8515620898157423,0.8344117099456619,0.9809711466966085,0.8185338119224739,0.7524023145950948,0.9797501642604108,0.7371662913144574
27061.40280561122,0.8960324098465027,0.9806994850193084,0.878738522897075,0.8677775059906911,0.980873750954298,0.851180177294855,0.8325459684816996,0.9810684841973079,0.8167846113229207,0.7492207087878129,0.9797937678884528,0.7340817812432685
27261.78356713427,0.8956376115127805,0.9808311584251102,0.8784692760291793,0.8674574235502724,0.9809932379554935,0.8509698667171117,0.8303859666096778,0.9811638745782776,0.8147447123941797,0.7460540712110831,0.9798354884799126,0.7310102552975392
27462.164328657313,0.8951051682984923,0.9809605510988165,0.8780628591854879,0.8672745519509585,0.9811106082989318,0.8508922632267885,0.8280027050750491,0.9812573566347524,0.8124837456683672,0.7431946384377618,0.9798753529501307,0.7282381086498466
27662.545090180363,0.8944238864546897,0.9810877165049651,0.8775082883493277,0.8671827850855658,0.9812259078409595,0.850902215559636,0.825489452388386,0.9813489711076921,0.8100932247615948,0.7408760522163301,0.9799133933479874,0.7259943663775648
27862.925851703407,0.8935874179054079,0.9812127054960834,0.8767993279202245,0.8671324848282009,0.9813391811886945,0.8509510826434247,0.8229545134003127,0.9814387601673676,0.8076794573057422,0.7392255865598549,0.9799496493190752,0.7244038543170176
28063.30661322645,0.8925943087263314,0.9813355664663362,0.8759345415785822,0.8670732556536555,0.981450472044397,0.8509894560583522,0.8205113944470208,0.9815267660256112,0.8053538954787489,0.738238963063633,0.979984164130198,0.7234624931462584
28263.6873747495,0.8914479830258781,0.98145634560808,0.8749172797202721,0.8669564927944461,0.9815598233558448,0.8509696619245193,0.818267266047489,0.9816130292932772,0.8032218097964037,0.7377829083359687,0.980016975988765,0.7230397747636123
28464.068136272545,0.8901566646806386,0.9815750872585861,0.8737556058077098,0.8667375934227163,0.9816672773049943,0.850847933473161,0.8163112775253145,0.9816975877438354,0.8013708119946898,0.7376235977992632,0.980048110576738,0.7229066133399836
28664.448897795595,0.8887332284772428,0.9816918343074207,0.8724621532737805,0.86637778423004,0.9817728752004551,0.8505862082333259,0.8147046302438532,0.9817804759447247,0.7998610996351811,0.7374737730924572,0.9800775805861913,0.7227815112782253
28864.82965931864,0.8871949632369142,0.9818066286230666,0.8710538957870002,0.8658455668760886,0.9818766573529408,0.850153550988156,0.8134741481444846,0.9818617258595796,0.798719131039295,0.7370485712817546,0.9801053933487828,0.7223852798732625
29065.210420841682,0.8855632235740839,0.9819195114522261,0.869551807851923,0.8651178106361923,0.9819786630050547,0.8495272310303882,0.8126103817309271,0.9819413681471643,0.797935750007456,0.7361196686799519,0.980131561848466,0.7214941205706565
29265.591182364733,0.8838629450703073,0.9820305237472374,0.8679803908681696,0.8641805297563395,0.9820789303605729,0.8486934903015392,0.8120702759759224,0.9820194336259854,0.797468792478373,0.7345583711901325,0.9801561118548446,0.7199818770361479
29465.971943887776,0.8821220006705961,0.9821397063856036,0.8663670427349004,0.8630293751901587,0.9821774967211288,0.8476480313210698,0.811783492351745,0.9820959543235123,0.7972492836252606,0.7323600704524859,0.9801790804953964,0.7178440204476613
29666.35270541082,0.88037038457877,0.9822471002592744,0.8647412574066391,0.8616698516402888,0.9822743986997349,0.8463962353976544,0.8116609149929549,0.9821709636932761,0.7971897830707967,0.7296450513924623,0.9802005074627448,0.7151984496425721
29866.73346693387,0.8786392238737564,0.9823527462279719,0.8631336545159983,0.8601172467130941,0.9823696724508398,0.8449530979228604,0.8116038075813079,0.9822444958952581,0.7971933728443739,0.7266345665261081,0.9802204250136308,0.7122620436298172
30067.114228456914,0.8769596367365317,0.9824566849481615,0.8615748575415169,0.8583962353126516,0.9824633538432435,0.8433428442716817,0.8115124246986234,0.9823165843810537,0.7971621132127388,0.7236063841167328,0.9802388533451646,0.7093070922398269
30267.494989979965,0.8753614778028938,0.9825589566048694,0.8600942602821078,0.8565401053431608,0.9825554785087938,0.841598173067422,0.8112934036172305,0.9823872602832591,0.7970043040654113,0.7208392112516141,0.9802558036452084,0.7066068203244291
30467.87575150301,0.8738720329087408,0.9826596005853148,0.8587187428207803,0.8545895468623551,0.9826460817249839,0.8397590697074228,0.810865755151009,0.9824565511880399,0.7966403732821459,0.7185582601506856,0.9802712855721284,0.7043820294363844
30668.25651302605,0.8725147437428643,0.9827586551396646,0.8574714161502665,0.8525909622403378,0.9827351981277496,0.8378711481991871,0.8101655967872197,0.9825244807440008,0.7960075323000165,0.7168933902093051,0.9802853133463757,0.7027600616572742
30868.6372745491,0.8713080537345861,0.9828561570741825,0.8563704853213606,0.8505942934918395,0.9828228612929609,0.8359835173291142,0.8091498813683657,0.9825910692757617,0.7950634471380982,0.7158571996571632,0.9802979066486787,0.7017533142833023
31069.018036072142,0.870264466805527,0.9829521415158256,0.8554283213316209,0.848650424088746,0.9829091032615477,0.8341462273236014,0.8077992927615765,0.9826563352299893,0.7937890926264679,0.7153452283215818,0.9803090871022627,0.7012594277388895
31269.398797595193,0.8693898986609226,0.9830466417757641,0.8546508202723918,0.8468082885146324,0.9829939541050333,0.8324074278959144,0.8061202682822405,0.9827202970052051,0.792190749468239,0.7151563538398079,0.980318874420118,0.7010812718306362
31469.779559118237,0.8686833769039333,0.9831396893243537,0.8540371052905634,0.8451118984778909,0.983077441629813,0.8308104430465593,0.8041458481457094,0.9827829745974466,0.7903008486508268,0.7150293700398277,0.9803272857880552,0.7009628015898872
31670.16032064128,0.8681371144850403,0.9832313138740916,0.8535795956979888,0.8435975500189355,0.9831595912984287,0.8293910224969724,0.8019348393052289,0.9828443905660712,0.788177158410648,0.7146906100059361,0.9803343385348965,0.7006357464172711
31870.54108216433,0.8677369458361157,0.9833215435525722,0.853264432977164,0.8422914915126472,0.9832404264079028,0.8281750452746436,0.7995687149214208,0.982904570055275,0.7858997439694878,0.7139058195703805,0.9803400528789666,0.6998704689082288
32070.921843687374,0.8674630821855268,0.9834104051366074,0.8530722210931191,0.8412082976295759,0.9833199685164181,0.8271769167408642,0.797145837474532,0.9829635399130674,0.7835652942309327,0.7125271489343236,0.9803444513765471,0.6985220369129147
32271.302605210425,0.8672911170926397,0.9834979243129812,0.8529790134356979,0.8403501112074978,0.9833982380604137,0.8263988187153261,0.7947730255002513,0.9830213272257795,0.7812788343705054,0.7105247749261275,0.9803475547404984,0.6965612256813721
32471.68336673347,0.8671931985072883,0.9835841259313084,0.8529574641673667,0.8397068007669996,0.9834752550647913,0.8258308600639648,0.7925551145178992,0.9830779577434301,0.7791434633793667,0.7079944669174458,0.9803493772688892,0.6940819347523371
32672.064128256512,0.8671392806337674,0.983669034219767,0.8529780587150415,0.839256962683854,0.9835510398276947,0.8254520583303373,0.7905838107630178,0.9831334546656227,0.7772493930781585,0.7051379944152308,0.9803499259898277,0.6912819806375872
32872.44488977956,0.8670983762705989,0.9837526729438119,0.8530103453614408,0.8389696009521271,0.9836256134628631,0.8252319884132295,0.7889275542796782,0.983187838103223,0.7756639765122999,0.7022207331883794,0.9803492048848093,0.6884215374348556
33072.825651302606,0.8670397451743976,0.9838350654995613,0.8530241044843765,0.8388062627516415,0.9836989982066299,0.8251328803582368,0.7876240915811835,0.9832411252911699,0.7744243981127183,0.6995169091474185,0.9803472214824008,0.6857694582626287
33273.206412825646,0.8669339726890453,0.9839162349453051,0.8529904103543814,0.8387233998925915,0.9837712174387488,0.8251119402067013,0.7866769616485895,0.9832933313892144,0.7735342103465868,0.6972553016649126,0.9803439910914203,0.6835500452438327
33473.58717434869,0.866753911860927,0.9839962039846355,0.8528825590599854,0.8386747568725211,0.9838422954181542,0.8251236979107236,0.7860562767829249,0.983344470548971,0.7729640933148006,0.6955766701298647,0.9803395356021802,0.6819013097708224
33673.96793587174,0.8664754787675167,0.9840749949214135,0.8526768523676733,0.838613639894432,0.9839122567864996,0.8251222390004715,0.7857033162711732,0.983394556892687,0.772656364553605,0.694510034031108,0.9803338778598908,0.6808517148743208
33874.34869739479,0.866078303118669,0.9841526296092808,0.8523532394617819,0.8384949803144325,0.9839811259338759,0.8250632348196983,0.7855378226268805,0.9834436051398573,0.7725321482578932,0.6939701610905966,0.9803270358954885,0.6803177110218592
34074.729458917835,0.8655462436880375,0.9842291294164854,0.8518958258947863,0.8382771568001927,0.9840489263444588,0.8249057361283152,0.7854666450158396,0.9834916307868358,0.7724998716352928,0.6937748469829289,0.9803190211117987,0.6801206788662928
34275.11022044088,0.86486778096207,0.984304515220944,0.8512932618700838,0.8379235752648405,0.9841156800406039,0.8246137290938127,0.7853924957158684,0.9835386499205266,0.7724638748940983,0.6936784444614867,0.9803098410851315,0.6800198056542213
34475.49098196393,0.8640362982575237,0.9843788074419574,0.8505390208653045,0.8374040225165347,0.9841814072221537,0.8241574692938152,0.785221939031965,0.9835846788615308,0.7723322687377838,0.6934168618192057,0.9802995039408943,0.679756205665619
34675.871743486976,0.8630502584317035,0.9844520261054324,0.8496315755439074,0.8366958106236353,0.9842461261581169,0.8235146103790384,0.784872149132795,0.9836297338468425,0.7720235831552904,0.6927574923173003,0.9802880203801059,0.6791018707472127
34876.25250501002,0.8619132772709129,0.9845241909306841,0.84857447195756,0.8357847181272543,0.9843098533385225,0.822671133322416,0.7842763170154909,0.9836738308845024,0.7714720892306165,0.691545075110901,0.9802754019926643,0.6779046265003857
35076.63326653306,0.8606340878027002,0.9845953214205234,0.8473762963055586,0.8346657155693492,0.9843726038451996,0.8216220637753171,0.7833877823521549,0.9837169857881638,0.770631867958736,0.6897333094443775,0.9802616582059651,0.6761191176358335
35277.01402805611,0.8592263832862698,0.9846654369335571,0.8460505221234148,0.8333434402549074,0.9844343918609633,0.8203719428186627,0.7821829995259221,0.9837592142890335,0.7694797330438605,0.6873943997597218,0.9802467956852857,0.6738161577364776
35477.39478957916,0.8577085217284064,0.9847345567190147,0.8446152209383436,0.8318323626921799,0.9844952312146464,0.8189349942404632,0.7806633516480823,0.9838005320747927,0.7680170207226744,0.6847042641907009,0.9802308217012718,0.6711682235100154
35677.775551102204,0.8561030727234176,0.9848026998997093,0.8430926174104587,0.830156569502808,0.9845551358582858,0.8173349140704856,0.7788556656768881,0.9838409546378099,0.7662701016446165,0.6819070970470077,0.9802137489038256,0.6684147120005722
35878.156312625244,0.854436189555955,0.9848698853971705,0.8415084720871684,0.8283490806347541,0.9846141201920435,0.8156042012410766,0.776811136582376,0.9838804969113337,0.764289327066926,0.6792670445069459,0.9801955968599995,0.6658145661178136
36078.53707414829,0.8527367968020386,0.9849361318030144,0.839891282088293,0.8264506289652183,0.9846721991876984,0.8137829583432381,0.7746023202496252,0.9839191727889632,0.7621460741804228,0.6770167018461907,0.9801763877245655,0.6635957852447983
36278.91783567134,0.8510355965934522,0.9850014572106649,0.838271302782698,0.8245078633710569,0.9847293883052224,0.8119171239502267,0.7723179649629631,0.983956994707065,0.7599276637632335,0.6753124488507214,0.9801561381739473,0.6619116419263144
36479.298597194385,0.8493639146980781,0.9850658790298072,0.8366794112482606,0.8225709939952083,0.9847857032399502,0.8100561547863561,0.770055737686465,0.9839939734816325,0.7577302051284344,0.6742051605945706,0.9801348534562413,0.6608119762788011
36679.67935871744,0.8477524287927037,0.985129413811027,0.8351458532334307,0.8206909763391572,0.9848411595712369,0.8082502527875061,0.7679133197052282,0.9840301185198606,0.7556498350025154,0.6736314891136094,0.9801125287157645,0.6602346622177057
36880.06012024048,0.8462298426451189,0.9851920771089736,0.8336989363871445,0.8189164167127808,0.9848957724004039,0.8065473167697054,0.765978789533195,0.9840654383973244,0.7537732533250354,0.6734267531186878,0.9800891576523326,0.6600182592046401
37080.44088176353,0.8448215873544349,0.9852538834087753,0.8323637497285229,0.8172904565374217,0.9849495560630578,0.8049898723411073,0.7643215348226927,0.9840999416543076,0.7521687778241427,0.6733568895090286,0.9800647428798206,0.6599333467830218
37280.821643286574,0.8435486402016776,0.9853148461327418,0.8311609986257995,0.8158479358639177,0.985002523979625,0.8036122760095261,0.7629850086225226,0.9841336375734563,0.7508792119496981,0.6731640321612368,0.9800393006058324,0.6597272072723006
37481.20240480962,0.8424265498971177,0.9853749777336851,0.8301060428471375,0.8146131307127911,0.9850546886735806,0.8024384838636992,0.7619824081355797,0.9841665366919874,0.7499175876350139,0.6726173142397116,0.9800128560507194,0.659173615157224
37681.58316633266,0.8414647429384027,0.9854342898690642,0.8292082114073596,0.8135982993004096,0.9851060619474074,0.8014806166309346,0.7612958523878374,0.9841986508809931,0.7492663508414052,0.6715580855100559,0.9799854327211042,0.6581171410259284
37881.96392785571,0.8406661608622145,0.9854927936384339,0.8284704433854008,0.8128031684565066,0.9851566551707068,0.8007384507487646,0.7608790118624206,0.9842299929659647,0.7488799444933004,0.6699293519349957,0.9799570432085047,0.6565019868808082
38082.344689378755,0.8400272462823083,0.9855504998571715,0.8278892724671723,0.8122153658775098,0.9852064796106768,0.8001998413018792,0.7606625814285436,0.9842605760171693,0.7486901905515653,0.6677839283545255,0.979927687973732,0.6543799609784664
38282.7254509018,0.8395382622283853,0.9856074193335684,0.8274551400667075,0.8118116843900118,0.9852555467270877,0.7998419649431191,0.7605616353654295,0.9842904125495805,0.7486135258432223,0.66527190341588,0.9798973625032402,0.6518981835047313
38483.10621242484,0.8391839001037542,0.9856635631151038,0.8271529930850957,0.8115599759935831,0.9853038683629639,0.7996331837550316,0.7604838166876233,0.9843195138969978,0.748559060768495,0.6626118829138761,0.9798660670408925,0.6492708996853801
38683.48697394789,0.8389441110330359,0.9857189426731934,0.8269631020893863,0.8114214305493099,0.9853514567859016,0.7995352886590629,0.7603374505078468,0.9843478899530573,0.7484365650596863,0.6600513754541867,0.979833811500671,0.6467406549975362
38883.867735470936,0.8387950857650864,0.9857735700035204,0.8268620261960583,0.8113529978056917,0.9853983245679856,0.7995058846709411,0.7600389286738324,0.9843755493307911,0.7481637379260897,0.6578217213524276,0.9798006122723295,0.6445341253471463
39084.24849699398,0.8387103094662444,0.9858274576300785,0.826823652069244,0.81130975212905,0.9854444843275127,0.7995007203166938,0.7595189773621615,0.9844024998375397,0.7476723799893634,0.6560939425642236,0.9797664842070283,0.6428188554156773
39284.62925851704,0.8386616274800922,0.985880618513755,0.8268202440238257,0.8112470606660878,0.9854899483859386,0.7994758239440672,0.7587276108327048,0.9844287490532413,0.7469132728041941,0.6549434420180962,0.9797314347990156,0.6416686781605953
39485.01002004008,0.8386202730641988,0.9859330658788675,0.8268234569303586,0.8111224811689199,0.9855347284122817,0.7993893741879076,0.7576376635304933,0.9844543047774607,0.7458596593241315,0.6543318932158089,0.9796954653965773,0.6410459886478853
39685.390781563125,0.8385578246689667,0.9859848129817821,0.8268052799306411,0.8108973720029623,0.9855788351308238,0.7992032873093259,0.7562467955068457,0.984479175180143,0.7445092214732058,0.6541125532853184,0.9796585781632009,0.6408069739101959
39885.77154308617,0.8384470755183178,0.9860358728530706,0.8267388939498088,0.8105382359498163,0.9856222781556081,0.7988845426490858,0.7545778298112508,0.9845033686244318,0.7428844153384896,0.6540602517865627,0.9796207826437335,0.64073101575131
40086.15230460922,0.8382628101314271,0.9860862580476226,0.8265994377029837,0.8100178383616625,0.9856650659896621,0.7984062861015515,0.7526772642397312,0.9845268932743866,0.7410310086002072,0.653920189411352,0.9795820960605034,0.6405685097998536
40286.53306613226,0.8379824901223383,0.986135980435274,0.8263646844843843,0.8093161400069253,0.9857072061935789,0.7977487512935977,0.7506118552670739,0.9845497566979436,0.7390147194777896,0.6534628608429842,0.9795425366100332,0.6400946682905859
40486.91382765531,0.8375868551478816,0.9861850510582212,0.8260156355097085,0.8084210690631738,0.9857487056941755,0.7969000224849252,0.7484633239433455,0.9845719656842589,0.7369160060974739,0.6525299552434707,0.9795021149372656,0.6391544712208987
40687.29458917835,0.8370604448148005,0.9862334800716797,0.8255370355200489,0.8073291300665534,0.9857895711764212,0.7958566369265409,0.7463214682086455,0.9845935264074999,0.7348232862171731,0.6510605042129166,0.9794608307494094,0.6376882623245127
40887.6753507014,0.8363920445214023,0.9862812767723823,0.8249178135528319,0.8060458159412174,0.9858298094861788,0.7946239931664619,0.7442762310968705,0.9846144449190944,0.7328251281479208,0.6490951467110608,0.9794186776427557,0.6357359102560777
41088.05611222445,0.835575053416967,0.986328449707392,0.8241514470509284,0.8045857588639372,0.9858694279703366,0.793216501844269,0.7424094961458438,0.9846347277980235,0.7310021721522307,0.6467630822455515,0.9793756528196169,0.6334240158938645
41288.4368737475,0.8346077667055896,0.9863750068449815,0.8232362415971006,0.802972533574183,0.9859084346942957,0.7916573936786355,0.7407874918633028,0.9846543826972783,0.7294196505105256,0.6442576913097788,0.9793317645310928,0.6309420216431338
41488.81763527054,0.8334935581294608,0.9864209557815705,0.8221755122478447,0.8012380198862514,0.9859468385014322,0.7899780925939972,0.7394546492476295,0.9846734185342682,0.7281213373257215,0.6418046987173269,0.979287031739725,0.6285110183634995
41689.19839679359,0.8322409424688757,0.986466303954882,0.8209776465171994,0.799421245784277,0.985984648909721,0.7882170763555821,0.7384295769265281,0.9846918451854102,0.7271255826432648,0.6396249519722824,0.9792414763972669,0.6263472823098688
41889.579158316636,0.8308634932843699,0.9865110588340291,0.819656024506504,0.7975666721070883,0.9860218758710251,0.786418186163242,0.7377035426814008,0.9847096727227914,0.726423814080246,0.6378945404481956,0.9791951142299483,0.6246232174008313
42089.959919839675,0.8293795891031752,0.9865552280619748,0.81822876967763,0.7957219431664674,0.9860585294426152,0.784628409123947,0.7372415415215108,0.9847269104095736,0.7259815854080687,0.6367078227743734,0.9791479506379819,0.6234311598246991
42290.34068136272,0.827811963138752,0.9865988195339053,0.8167183056287375,0.7939352069404878,0.9860946194338942,0.7828952357431503,0.736985747322298,0.9847435657823448,0.7257419727489259,0.6360522002297385,0.9790999839700841,0.6227586990490738
42490.72144288578,0.8261870386295471,0.9866418414052919,0.8151507011386414,0.792252189529569,0.9861301550919234,0.7812637745327098,0.7368609249410614,0.9847596441459306,0.7256309022300009,0.6358045539694257,0.9790512128271869,0.6224852196848149
42691.10220440882,0.8245340447025348,0.986684302034214,0.8135547984007679,0.7907132731215638,0.9861651448778186,0.7797738695447411,0.7367812369574197,0.9847751486842212,0.7255638521724874,0.6357553034417893,0.9790016415321745,0.6224054856822975
42891.482965931864,0.8228839261025767,0.9867262098722458,0.8119611375679886,0.7893508572788638,0.9861995963654256,0.7784574968391181,0.7366578105994315,0.9847900811901952,0.7254533051096056,0.6356563727497713,0.9789512801435541,0.6222766198347968
43091.86372745491,0.8212680827075974,0.9867675733254211,0.8104007130229971,0.7881872688237673,0.9862335162685834,0.7773367016101952,0.7364064226466223,0.9848044432107427,0.7252163170313217,0.6352785385733525,0.978900140300163,0.6218742505391373
43292.244488977965,0.8197169986245896,0.9868084006104114,0.808903620365898,0.7872334255684535,0.9862669105790253,0.7764222785399417,0.7359546949235866,0.9848182372601225,0.7247816053579578,0.634459630624641,0.9788482314371404,0.6210396873551911
43492.625250501,0.8182588418863859,0.9868486996305675,0.8074976740767941,0.7864883648597131,0.9862997847782996,0.7757133049917718,0.7352482522960608,0.9848314677280494,0.7240956154532128,0.633131266671468,0.978795560781887,0.619706073210246
43693.00601202405,0.8169181300049678,0.9868884778921231,0.8062070898830822,0.7859396393100249,0.9863321440773117,0.7751975295560058,0.7342553672821843,0.9848441412030886,0.7231270966147813,0.6313227747252613,0.9787421364736012,0.6179022013390443
43893.3867735471,0.8157145601717295,0.98692774247337,0.8050513293729429,0.7855644813603625,0.9863639936375653,0.7748525190944299,0.7329697015884222,0.984856266118079,0.721869803484056,0.6291484072005689,0.9786879700416165,0.615739977498041
44093.76753507014,0.8146620937098703,0.9869665000503713,0.8040441953525383,0.7853315641370784,0.9863953387379518,0.774647394228599,0.7314108684627516,0.9848678518409717,0.7203430508360497,0.6267847917342204,0.9786330750281155,0.6133923281157171
44294.14829659319,0.8137683629001922,0.9870047569732598,0.8031932452568317,0.7852031482642339,0.9864261848672424,0.7745449458880359,0.7296226977482261,0.9848789075093496,0.7185900054522972,0.6244424979240047,0.9785774622887137,0.611065354963698
44494.52905811624,0.8130344375102075,0.9870425193789696,0.8024995595419386,0.7851374033324972,0.9864565377410959,0.7745039245424095,0.7276692924514927,0.9848894409796685,0.7166738026606215,0.6223327983693484,0.9785211361162348,0.6089657969027705
44694.90981963928,0.8124549532209523,0.9870797933205632,0.8019578673076054,0.7850907211395144,0.9864864032589592,0.774481321728902,0.7256292028694787,0.9848994582077736,0.7146718087658882,0.620630674224481,0.9784640952538404,0.6072648311418378
44895.29058116233,0.8120185704350567,0.9871165848909721,0.8015569981159024,0.7850198838902596,0.9865157874269911,0.7744345089018445,0.7235882709604902,0.9849089632173067,0.7126685737478999,0.6194382040634119,0.9784063388818939,0.6060622654012583
45095.671342685375,0.811708704873506,0.9871529003201953,0.8012806022310309,0.7848840019572304,0.9865446962759938,0.7743231493227825,0.7216318646561485,0.9849179586081596,0.7107481830037334,0.618757120924882,0.9783478732700792,0.6053597133275755
45296.052104208415,0.8115044544456897,0.9871887460294846,0.8011080647815815,0.7846461823109223,0.986573135798395,0.7741108445747258,0.7198372900944575,0.9849264463831474,0.7089867841068088,0.6184819134176921,0.9782887137574838,0.6050538755596615
45496.43286573146,0.8113816413540724,0.9872241286330399,0.8010155338746199,0.7842749235120987,0.9866011119176251,0.773766511586147,0.7182671233780773,0.9849344287871602,0.7074460188809832,0.618420877762927,0.9782288800710195,0.6049571626665649
45696.81362725451,0.8113138933116566,0.987259054886117,0.800976987526842,0.7837452529689636,0.9866286304901756,0.7732655055899448,0.7169640543002644,0.9849419088826693,0.7061679442427602,0.6183413009391564,0.9781683883149683,0.6048419137682355
45897.19438877756,0.8112737005056372,0.9872935315869351,0.8009652768558121,0.7830396268645158,0.9866556973288784,0.7725905090801536,0.7159476191045983,0.9849488907102936,0.7051718132437498,0.618023466102627,0.9781072458721933,0.6044932303140274
46097.5751503006,0.8112334021959308,0.9873275654470878,0.8009530999994665,0.7821486050074143,0.9866823182286122,0.7717321987879907,0.7152129690010431,0.9849553790516146,0.7044528609850531,0.6173057155464153,0.9780454531821163,0.6037530483135044
46297.95591182365,0.8111660751226544,0.987361162950227,0.8009138792788753,0.7810712958476421,0.986708498974392,0.7706896859178102,0.7147316255253047,0.9849613789582329,0.7039830474624634,0.6161104340901682,0.9779830107343183,0.6025455372763304
46498.336673346705,0.8110463125432018,0.9873943302207956,0.8008225305516408,0.7798155462043764,0.9867342453167937,0.7694707044702787,0.7144540428821181,0.9849668952814068,0.7037135804388489,0.6144507017198475,0.9779199254221225,0.6008835844014441
46698.717434869744,0.8108508957373751,0.9874270729232881,0.8006561265551826,0.7783978317059114,0.9867595629094181,0.7680915041837639,0.7143137302551122,0.9849719324077024,0.7035789752347322,0.6124224466420076,0.9778562110314567,0.5988610932239681
46899.098196392784,0.8105593682770248,0.9874593962080905,0.8003944643896422,0.7768427933740608,0.9867844572150671,0.7665763942010592,0.7142326551882318,0.9849764942956356,0.703502376818768,0.6101866411888658,0.9777918826428086,0.596635544651553
47099.47895791583,0.8101545270492579,0.9874913047131127,0.8000205509351065,0.775182368203917,0.9868089333982913,0.7649568859564688,0.7141276134750477,0.984980584765721,0.7034018343180013,0.6079437174122034,0.9777269500734856,0.5944029566417707
47299.85971943887,0.8096228433332721,0.9875228026222316,0.7995210193154527,0.7734544801714993,0.9868329962290314,0.7632704021144087,0.7139171834565204,0.984984207881144,0.7031971514396582,0.6059009502960416,0.977661416434704,0.5923659812855612
47500.24048096192,0.8089548229131628,0.9875538937732998,0.7988864852545842,0.7717012931973858,0.9868566500231192,0.761558553023281,0.7135287814409196,0.9849873682142477,0.7028168365766105,0.6042344913730817,0.9775952833889296,0.5906967888272335
47700.62124248497,0.8081453072351125,0.987584581801357,0.7981118452805177,0.7699670760190284,0.9868798986398581,0.7598650299376867,0.7129052271351393,0.9849900708411229,0.7022045701788476,0.6030512654260988,0.9775285587256588,0.589499834329659
47901.00200400801,0.8071937090933672,0.98761487029779,0.7971965103114379,0.7682957838290436,0.986902745545835,0.7582332184521725,0.7120101605747491,0.9849923210236498,0.7013245406569436,0.6023607352798561,0.9774612595121698,0.5887842829873249
48101.38276553106,0.8061041674670387,0.9876447629641458,0.7961445594023936,0.7667285133635106,0.9869251939400429,0.7567036867506434,0.710831673631167,0.9849941236779904,0.7001650214508905,0.6020684820912684,0.9773934073374143,0.5884577651616498
48301.763527054114,0.804885598243063,0.9876742637403652,0.7949647906399406,0.7653010259212226,0.9869472469216092,0.7553117405992338,0.7093836592005107,0.9849954828323779,0.6987396999076061,0.6019977167064093,0.9773250187591792,0.5883474297730745
48502.14428857716,0.8035516120483572,0.9877033768911108,0.7936706407264582,0.7640415473740282,0.9869689076711313,0.7540852514271056,0.707704633396584,0.9849964012996525,0.697086517078725,0.6019323670810919,0.9772560986186193,0.5882420766859384
48702.525050100194,0.8021202686817047,0.9877321070399531,0.7922799430844335,0.7629690398631674,0.9869901796122155,0.7530429496931073,0.7058541061110604,0.984996880719581,0.6952640927625026,0.60166576634055,0.9771866421015605,0.5879397498777842
48902.90581162325,0.800613640925829,0.9877604591485503,0.7908144975614894,0.7620920968800005,0.9870110665224302,0.7521933333298445,0.7039068952238261,0.9849969219903619,0.6933461251632609,0.6010400084218798,0.9771166445501869,0.5872861962696032
49103.286573146295,0.7990571696440671,0.9877884384454586,0.789299433831361,0.7614085482372831,0.9870315725720438,0.7515342767364424,0.7019460327599353,0.9849965259621214,0.6914144036814297,0.5999696566087745,0.9770461118185548,0.5861980201987167
49303.667334669335,0.7974788070831469,0.9878160503158121,0.7877623654234397,0.7609057854609032,0.9870517022828762,0.7510533508160735,0.7000550533459913,0.9849956941643059,0.6895512132237649,0.5984510110789787,0.9769750632835998,0.5846717144210195
49504.04809619238,0.7959079652294992,0.9878433001678695,0.7862323510022025,0.7605617449332013,0.9870714604154666,0.7507287923073506,0.6983104738514566,0.9849944293206346,0.6878319266799374,0.5965602560262041,0.9769035250388591,0.5827818170100831
49704.42885771544,0.7943743087408404,0.9878701932947469,0.7847387019241949,0.7603464279693996,0.987090851807192,0.7505310032528704,0.696775182879263,0.98499273547609,0.6863184933960982,0.5944421013908343,0.9768315184030524,0.5806697805043098
49904.80961923848,0.792906454200146,0.9878967347493187,0.7833096970659845,0.7602238019349239,0.9871098811937433,0.7504244268086385,0.6954932915363983,0.9849906176955069,0.6850543668335182,0.5922883616758005,0.9767590525372254,0.5785230189792804
50105.19038076152,0.7915306554511904,0.9879229292474316,0.7819712837224796,0.760153916761056,0.9871285530492204,0.7503696359470388,0.6944867913483203,0.9849880814444498,0.6840612121986939,0.5903056471792911,0.9766861264714766,0.57654333597778
50305.57114228458,0.7902695649902305,0.9879487811098194,0.7807458534802855,0.7600950835030594,0.9871468714752534,0.7503254837037666,0.6937541596073317,0.9849851318737323,0.6833375323887779,0.5886741726122704,0.9766127383090344,0.5749066956866745
50505.95190380761,0.7891411612599984,0.9879742942471726,0.7796511818572412,0.7600059887886926,0.9871648401581458,0.7502511904418233,0.6932708790509885,0.9849817732556766,0.6828591797941643,0.5875055413101,0.9765388940391166,0.5737220115528177
50706.33266533066,0.7881579204206178,0.9879994721866902,0.7786996093753298,0.7598476525628248,0.9871824623976382,0.7501082767040345,0.6929917173091007,0.9849780087523793,0.6825816017970098,0.5868132443801576,0.9764646091768815,0.5730023653334885
50906.71342685371,0.7873262900299387,0.9880243181329602,0.7778975208549834,0.7595851686620178,0.9871997411951917,0.74986228191885,0.6928545429395956,0.9849738405622901,0.6824436001102436,0.5865091236300313,0.9763899026267665,0.5726615861108364
51107.09418837676,0.786646494171201,0.9880488350519929,0.7772451521635895,0.7591891929391704,0.9872166793772372,0.7494842340724925,0.6927854184768524,0.9849692703464401,0.6823723481437984,0.5864284243664362,0.9763147887100577,0.5725387432288892
51307.4749498998,0.7861126693215482,0.9880730257651034,0.7767367237688243,0.7586371592420773,0.9872332797224167,0.7489518508378533,0.6927046718244024,0.9849642997367924,0.6822893720079272,0.5863720099023432,0.9762392744380117,0.5724393854978221
51507.855711422846,0.785713302049068,0.9880968930393679,0.7763608725743865,0.7579142095748543,0.9872495450627305,0.7482504585993539,0.6925335747462275,0.9849589307130495,0.68211712926493,0.5861488743723181,0.9761633640040839,0.5721770570144892
51708.2364729459,0.7854319174500745,0.9881204396633622,0.7761013315964052,0.7570138234194986,0.9872654783363602,0.7473736144854882,0.6922011473034435,0.9849531657048706,0.6817857113410701,0.5856081424846379,0.9760870660369558,0.5716045336451818
51908.61723446894,0.7852479533154537,0.9881436685004191,0.7759377932715783,0.7559381260673285,0.9872810825828753,0.746323411469422,0.6916504945235434,0.9849470074050769,0.6812390847512056,0.5846589950238285,0.9760103968215663,0.5706332577385049
52108.99799599199,0.785137750098483,0.9881665825160584,0.775846887319165,0.7546978511679158,0.9872963608865466,0.7451104420269798,0.6908440272603741,0.9849404584137036,0.680440232902202,0.5832815296641497,0.9759333761841646,0.5692439125109976
52309.37875751503,0.785075589965609,0.9881891847807216,0.7758032072393592,0.7533119326842451,0.9873113162870709,0.7437533958332394,0.6897669762038178,0.9849335209148796,0.6793746164832363,0.5815306462952194,0.9758560193567994,0.5674901816276398
52509.75951903807,0.7850347275960163,0.9882114784527686,0.7757803287944257,0.7518067092050637,0.9873259516858718,0.742278274649713,0.6884287869028533,0.9849261965794682,0.6780515467000445,0.5795318666973728,0.9757783321277383,0.5654946383008372
52710.140280561114,0.7849883684786078,0.9882334667492046,0.7757517767394166,0.750214740692508,0.9873402697779575,0.7407172244667414,0.6868622428343207,0.9849184867861901,0.6765033208429478,0.5774655863919911,0.9757003139503797,0.5634333539382058
52910.52104208417,0.7849105647572339,0.9882551529124959,0.7756919101967936,0.7485732633164544,0.9873542730334597,0.7391070102141024,0.6851204330372352,0.984910393104588,0.6747822350266889,0.5755365874669822,0.975621966796343,0.5615061374277928
53110.90180360721,0.7847770120942178,0.9882765401810417,0.7755767103260891,0.7469223392952629,0.9873679637406149,0.7374871892223404,0.6832719017412514,0.9849019178497188,0.6729558064377832,0.5739303066458582,0.9755433025733529,0.5598938667922376
53311.282565130256,0.7845657420338042,0.9882976317687309,0.7753844648188858,0.7453027907017407,0.9873813441060126,0.7358980712490469,0.6813944671084246,0.9848930644592343,0.6711006848159832,0.572766134274023,0.975464342837699,0.5587129407692991
53511.66332665331,0.784257712052535,0.9883184308560006,0.7750963513624786,0.7437540335832785,0.9873944163922612,0.7343785799293515,0.6795682841065692,0.984883837486072,0.6692958194847032,0.5720654039887993,0.975385110712773,0.5579840774045622
53712.04408817636,0.7838372995586426,0.9883389405916356,0.7746969262419974,0.7423119464144611,0.9874071830616814,0.7329641479621368,0.6778687702927606,0.9848742421325187,0.6676154914073851,0.5717486951912732,0.9753056216385495,0.5576297165845543
53912.4248496994,0.7832927066988358,0.988359164101787,0.7741745248398876,0.7410069114128089,0.987419646890139,0.7316847828103883,0.6763600178588068,0.9848642834281243,0.6661228243279471,0.5716623329750112,0.9752258807395741,0.5574999021611949
54112.805611222444,0.782616280470551,0.9883791045009025,0.7735215784593104,0.7398621575256313,0.9874318110190016,0.7305634301099599,0.6750892705009718,0.9848539653095633,0.6648643449908225,0.571619567040313,0.9751458888280099,0.5574124707730083
54313.18637274549,0.781804748123023,0.9883987648987264,0.7727348474367558,0.738892511377061,0.9874436789248635,0.7296147397641967,0.6740829389837883,0.9848432899316037,0.6638660593155586,0.5714396777822207,0.9750656517008346,0.5571912018244359
54513.56713426853,0.7808593621657554,0.9884181483982994,0.7718155649113531,0.7381036306321839,0.9874552543038237,0.7288443082884787,0.673344471440738,0.9848322574881543,0.66313135587615,0.5709763873614424,0.9749851847121389,0.5566935184978657
54713.94789579158,0.7797859436238633,0.9884372580818195,0.7707694800063157,0.7374917576749674,0.9874665408861271,0.7282484348833299,0.6728542124502143,0.9848208666602595,0.6626408686412264,0.5701357371968073,0.9749045085520289,0.5558279006798021
54914.32865731463,0.7785948076693665,0.9884560969838984,0.769606784720791,0.7370439948086365,0.9874775422136758,0.7278143924969815,0.6725712160839427,0.9848091155895985,0.6623542644826483,0.5688871285255627,0.9748236398584398,0.5545646212979051
55114.70941883767,0.7773005535421462,0.9884746680546909,0.7683419066413004,0.7367390690965727,0.9874882614234326,0.7275211824648927,0.672436844813988,0.9847970030822489,0.6622137895348987,0.5672697269321365,0.9747425853122865,0.5529419601992256
55315.09018036072,0.7759217016914736,0.988492974117987,0.7669931505876942,0.7365485278706094,0.9874987010813746,0.7273407145556254,0.6723798810935738,0.9847845296509452,0.6621493049494935,0.5653925529661767,0.9746613450663809,0.5510662661645288
55515.470941883774,0.7744801659187851,0.9885110178311527,0.7655821771024183,0.7364382859162982,0.9875088631036661,0.7272393344712162,0.6723227733488187,0.9847716980423806,0.6620844391432789,0.5634230715258425,0.9745799229886017,0.5491008136576571
55715.85170340682,0.7730005571001163,0.9885288016543913,0.7641333143883549,0.7363704324413892,0.9875187487855723,0.7271796080872115,0.6721885133476999,0.9847585130597581,0.6619433609001304,0.5615590008286623,0.9744983349374028,0.547238311276643
55916.23246492985,0.7715093273322612,0.988546327836002,0.7626727124255309,0.736305199500679,0.9875283589376753,0.7271222653401831,0.67190751539055,0.9847449807265508,0.6616575532932919,0.5599843123745258,0.9744166073322835,0.5456580138232872
56116.61322645291,0.7700337779665564,0.9885635984182495,0.7612273624502183,0.7362029925340202,0.9875376941076422,0.7270282056421921,0.6714237969378727,0.9847311070642185,0.6611718988678924,0.5588217179818248,0.9743347659659658,0.5444794278065201
56316.993987975955,0.7686009702539888,0.9885806152654242,0.7598240200672902,0.7360263867869759,0.987546754848594,0.7268604697544141,0.6706998075622077,0.9847168968918505,0.6604494332486185,0.5581011945276771,0.9742528236859221,0.5437316646710756
56517.374749498995,0.7672365912313255,0.9885973801121973,0.7584880840175012,0.7357419992729428,0.9875555419855332,0.7265860888535108,0.6697194369390728,0.9847023530470533,0.6594743054352527,0.5577576893916624,0.9741707775523454,0.5433512419604752
56717.75551102204,0.7659638376932996,0.9886138946270537,0.7572424927254573,0.7353221534206862,0.9875640568311352,0.7261777289099393,0.6684890041009883,0.9846874762763445,0.6582527503666891,0.5576550189868389,0.9740886186847346,0.5432054071474993
56918.136272545096,0.7648023859344012,0.9886301604829542,0.7561067055440733,0.7347462619346654,0.9875723013114922,0.725615056778834,0.6670362978056185,0.9846722658062714,0.6568121427352852,0.557621726827342,0.9740063475691154,0.5431271014722824
57118.517034068136,0.7637675130140342,0.9886461794259186,0.7550958337109605,0.7340018626952615,0.9875802779792872,0.7248857635979009,0.6654079221244602,0.9846567203707425,0.6551983823077814,0.5574854560099861,0.9739239828903274,0.5429484557206761
57318.89779559118,0.7628694264048022,0.9886619533321537,0.7542199772467514,0.7330852536635118,0.9875879899131488,0.7239861921005184,0.663665277490135,0.9846408393189864,0.6534719358547546,0.5570997305579383,0.9738415564832832,0.5425268687229603
57519.27855711423,0.7621128438203941,0.9886774842457295,0.7534838091397058,0.732001686914409,0.9875954405234882,0.7229215284521723,0.6618795080211172,0.9846246234129358,0.6517028613300317,0.5563632385072358,0.97375909777125,0.5417637651618967
57719.65931863727,0.761496845613795,0.9886927743914372,0.752886428980231,0.7307651005504628,0.9876026333026171,0.7217055376292889,0.6601257296022116,0.9846080750467613,0.6499651239124724,0.5552338422913121,0.9736766199508903,0.5406182108445504
57920.04008016032,0.761015000914805,0.9887078261609624,0.7524214872303597,0.7293973906271818,0.9876095715668132,0.7203598444592625,0.6584768664969972,0.9845911978411607,0.6483305267349725,0.5537381589047535,0.973594119046171,0.5391162150011222
58120.42084168337,0.7606557484026676,0.9887226420743632,0.7520775612697376,0.7279272525162351,0.987616258238136,0.718912789399651,0.6569974795623542,0.9845739958007887,0.6468626336837542,0.5519740893657636,0.9735115863666896,0.5373531713717734
58320.80160320642,0.7604029957722289,0.9887372247224583,0.7518387477104768,0.7263886499738648,0.9876226957042459,0.7173979166161563,0.6557380452461595,0.9845564723845363,0.6456111366358902,0.5501003359587475,0.9734290242317898,0.5354836332619033
58521.18236472946,0.7602368903201008,0.9887515766985111,0.7516854239683727,0.7248189972138894,0.9876288857774341,0.7158521786086708,0.6547302028982662,0.9845386298609501,0.6446071768900409,0.5483076118904879,0.9733464523945583,0.5336932688545387
58721.563126252506,0.7601347074413218,0.9887657005291064,0.751595126499706,0.7232571608937954,0.9876348297534218,0.7143139629672868,0.6539834925186475,0.9845204691970822,0.6438601349016054,0.5467743204468853,0.9732638999475697,0.5321557075093178
58921.94388777556,0.7600718039626724,0.9887795986140613,0.7515434932400766,0.7217414020595903,0.9876405285507476,0.7128210598070913,0.6534840344498217,0.9845019905112798,0.6433563326831913,0.545621310670089,0.9731813894679723,0.5309885052412534
59122.3246492986,0.7600225880841478,0.9887932731835871,0.7515052225651857,0.720307380893661,0.9876459828968991,0.7114086911906109,0.6531954505523603,0.9844831938969786,0.6430599433987636,0.5448842914468178,0.9730989269157613,0.5302263193001533
59322.70541082164,0.7599614656695708,0.9888067262780186,0.7514550089661731,0.7189863392040178,0.9876511935205816,0.7101077160398419,0.6530620969707673,0.9844640802802404,0.6429161766602116,0.5445126613543148,0.9730165057793398,0.5298198071035843
59523.086172344694,0.7598637319774475,0.9888199597517038,0.7513684248707191,0.7178035581612291,0.9876561613116498,0.7089431068293631,0.6530143856421864,0.984444651959584,0.6428565195981237,0.5443893073865025,0.9729341218167136,0.5296549327084957
59723.466933867734,0.7597063870688626,0.9888329752987784,0.7512227270787889,0.7167771643737989,0.9876608874203641,0.7079327702480784,0.6529756501380685,0.9844249125961962,0.6428054973146125,0.5443595693827914,0.9728517861089732,0.5295811793595601
59923.84769539078,0.7594688608673569,0.9888457744951458,0.7509975739293276,0.7159173295164247,0.9876653732831593,0.7070867564967221,0.6528697291976945,0.9844048666328534,0.6426881386994836,0.5442601531373059,0.9727695253676886,0.5294396908439226
60124.228456913836,0.7591336394571925,0.9888583588486309,0.7506756448604277,0.7152258812763491,0.9876696205794275,0.7064068747887984,0.6526282907993733,0.9843845183435862,0.642437185695939,0.5439441766389183,0.9726873686813278,0.5290876298844408
60324.60921843688,0.7586867874591052,0.9888707298483266,0.7502431572409676,0.7146963198268492,0.9876736311389405,0.7058867093650217,0.6521969763587956,0.984363870866876,0.6419991402162165,0.5433022667325684,0.972605331572652,0.5284186812796031
60524.98997995992,0.7581183624080546,0.9888828890047173,0.7496902764256024,0.7143142166202726,0.9876774068291363,0.7055120131326967,0.6515397133950079,0.9843429255920364,0.641338507622639,0.5422805376561688,0.9725234108675846,0.527380518128485
60725.37074148297,0.7574227164934914,0.9888948378741687,0.7490114144290435,0.7140579615090178,0.9876809494535645,0.7052614453881035,0.650640938030276,0.9843216821436386,0.6404399825934762,0.5408944945476403,0.9724415946701493,0.5259883048262117
60925.751503006024,0.7565986795484119,0.9889065780644017,0.7482054111602648,0.7138998187470051,0.9876842606871843,0.7051076146838506,0.6495058441634278,0.9843001389915437,0.6393086926858819,0.5392341672338525,0.9723598793619828,0.5243296697993681
61126.13226452905,0.7556496156414255,0.988918111221193,0.7472755906451389,0.7138072496997977,0.9876873420626496,0.7050183852010432,0.6481590138875561,0.9842782944870738,0.6379688487456674,0.5374529124629195,0.9722782800404798,0.5225537933321939
61326.513026052104,0.7545833448911609,0.9889294390000797,0.7462296839420194,0.7137444571019553,0.9876901950072534,0.7049584020203765,0.6466418430758849,0.984256147971132,0.6364612095828237,0.535735543310415,0.9721968258240719,0.52084039468752
61526.89378757515,0.7534119229280417,0.9889405630297333,0.7450796112537716,0.7136741000242581,0.9876928209164443,0.7048907850679641,0.6450090998538399,0.9842337005712634,0.6348396932512844,0.5342527594335583,0.9721155437549359,0.5193554117393285
61727.27454909819,0.7521512732586692,0.9889514848753588,0.7438411185400526,0.7135591192377311,0.9876952212400932,0.7047789321433968,0.6433248275774426,0.9842109554121836,0.633167343190373,0.5331196531392904,0.9720344448190973,0.5182106660613999
61927.65531062124,0.7508206729042796,0.988962206010638,0.742533268993808,0.7133646000211107,0.9876973975541761,0.7045883589481268,0.6416577077509702,0.984187917171686,0.6315117629285857,0.5323741547336341,0.9719535235039459,0.5174429355157906
62128.03607214429,0.7494420987081628,0.9889727278053227,0.7411777966915577,0.7130595857246657,0.9876993515940544,0.7042884904681773,0.6400759768053296,0.9841645911460716,0.6299401120150395,0.5319782199781293,0.9718727705193527,0.5170151465060983
62328.41683366733,0.7480394502353771,0.988983051532772,0.7397983381606804,0.7126187440233608,0.9877010852352207,0.7038543068308334,0.638642050749428,0.9841409821581351,0.6285138150720276,0.5318338190316669,0.9717921877640238,0.5168319505236795
62528.79759519038,0.7466376741468254,0.9889931783980163,0.7384195664661711,0.7120237824157567,0.9877026004209238,0.703267741453585,0.6374071339548871,0.9841170936820153,0.6272832561598665,0.5318044929560839,0.9717117930988393,0.5167606974283753
62729.17835671343,0.7452618232995064,0.9890031095829699,0.7370662606966857,0.7112645134766953,0.9877038990502586,0.7025187332170171,0.6364062398624011,0.9840929274621898,0.6262828796413948,0.5317375577950041,0.971631610903942,0.5166530198584878
62929.559118236466,0.7439360904867106,0.9890128463018828,0.7357623503189566,0.7103394855543662,0.9877049828515398,0.7016058493982469,0.6356541909234343,0.9840684837137637,0.6255272558283232,0.5314861556645356,0.9715516568789344,0.5163662551440948
63129.93987975951,0.7426828607720258,0.9890223898576914,0.7345299778670961,0.7092561208907462,0.9877058532711661,0.7005364220721918,0.6351432410769295,0.9840437617840894,0.6250087442210805,0.5309319216051005,0.9714719308358191,0.5157854590240787
63330.32064128257,0.7415218272047723,0.9890317416890239,0.7333886242607633,0.708030338162987,0.9877065114062159,0.6993261752767272,0.6348429157225914,0.9840187610057068,0.6246973393625948,0.5300080175977802,0.9713924237524811,0.5148457728225554
63530.701402805615,0.7404692121713571,0.9890409033984461,0.7323543385446947,0.706685675968209,0.9877069580000906,0.6979983592727974,0.6347024387412266,0.9839934814260575,0.6245430623665885,0.5287189427740508,0.9713131328019624,0.5135516526776048
63731.082164328654,0.7395371310126315,0.9890498767550182,0.731439108283803,0.7052519726600606,0.9877071935067564,0.6965824466311721,0.6346557066590501,0.983967924172002,0.6244808582452206,0.5271489056073753,0.9712340714347998,0.51198497784545
63931.4629258517,0.7387331264670645,0.9890586636680151,0.7306503988708095,0.7037636912706142,0.9877072182138593,0.6951124777848157,0.6346282545153138,0.9839420913673457,0.624437451988606,0.5254489596573303,0.9711552652548607,0.5102925237939052
64131.843687374756,0.7380598928658824,0.9890672661331803,0.7299908804794062,0.7022580022952747,0.9877070324017295,0.6936251674274327,0.6345451999074956,0.9839159857048008,0.6243391658412334,0.523800682923417,0.9710767362554968,0.5086506576216722
64332.224448897796,0.7375151987678861,0.9890756861574274,0.7294583512728784,0.7007727498951315,0.9877066365070165,0.692157895754693,0.6343389346031327,0.9838896099030672,0.6241194869130035,0.5223688574666558,0.9709984889150692,0.507219371256414
64532.60521042084,0.7370920067594989,0.9890839256717328,0.7290458556269406,0.6993444283617402,0.9877060312581151,0.6907467098196496,0.6339554555059331,0.9838629663014413,0.6237252949570488,0.5212633378801061,0.9709205106146411,0.5061052661792449
64732.98597194389,0.73677878015125,0.98909198644444,0.7287419872299111,0.6980062867084587,0.9877052177549703,0.6894244514077165,0.6333586346470091,0.9838360567559462,0.6231210616234435,0.5205224460408847,0.9708427863667318,0.5053454618807594
64933.36673346693,0.7365599587312976,0.9890998700078248,0.7285313594340953,0.6967866621687027,0.9877041974771842,0.6882191109701443,0.6325322441864734,0.98380888284939,0.6222908405193119,0.5201161696251867,0.9707653159651274,0.5049107377447661
65133.74749498998,0.7364165798136143,0.9891075776094099,0.7283952193708507,0.6957076208605929,0.9877029722192249,0.6871524849195733,0.631479981491433,0.9837814462819051,0.6212382894897126,0.519960103186166,0.970688119498888,0.5047190947762272
65334.12825651303,0.7363270165825136,0.9891151101963199,0.7283121781475405,0.6947839587337636,0.9877015439668231,0.6862391887647198,0.6302239649431611,0.983753749227207,0.6199851883656706,0.5199324131672287,0.9706112259173518,0.504652236938411
65534.50901803608,0.736267803094676,0.989122468436385,0.7282590268272402,0.6940225908572886,0.9876999147409049,0.6854860538180059,0.6288021868857719,0.9837257944530374,0.6185689308480133,0.5198909862794967,0.9705346536026317,0.5045722182799018
65734.88977955912,0.7362145140786888,0.9891296527744712,0.7282116066781794,0.6934223345255657,0.9876980864417984,0.6848919129069058,0.6272652869749122,0.9836975851074419,0.6170393480189477,0.519691929566501,0.9704583995044017,0.5043393982024609
65935.27054108217,0.7361426676412572,0.9891366635174147,0.7281457021434823,0.6929740733728943,0.9876960607253946,0.6844477624552383,0.6256728411223459,0.9836691242266652,0.6154550556792274,0.5192118726923538,0.9703824459759275,0.5038340870029482
66135.65130260521,0.7360286198866033,0.9891435009367718,0.7280379258642953,0.692661276664395,0.9876938389347146,0.6841372754300767,0.624089226473936,0.98364041416085,0.613879385202147,0.5183743539539711,0.9703067793782473,0.5029821498973573
66336.03206412826,0.7358504220097998,0.9891501653759388,0.7278665666229478,0.6924608400021735,0.9876914220969926,0.6839376318082248,0.6225790679566036,0.9836114561742404,0.6123759036163962,0.5171747396807749,0.9702314052285226,0.5017791744291735
66536.41282565129,0.7355886123881203,0.989156657347468,0.7276123730126954,0.6923442094754185,0.9876888109812161,0.6838206290465061,0.6212023135096111,0.9835822504237767,0.6110035694902397,0.5156913331580053,0.9701563471575138,0.5003012200373589
66736.79358717434,0.7352269183881113,0.9891629776076475,0.727259247810079,0.6922787483293403,0.9876860061976991,0.6837540321129482,0.620009117096473,0.9835527963739215,0.6098117008975621,0.5140706643467311,0.9700816298417779,0.4986905079233225
66937.17434869739,0.7347528449673314,0.989169127198482,0.7267948303629368,0.6922293007914324,0.9876830083127194,0.6837031182478923,0.619034905618428,0.9835230935292698,0.6088351253764359,0.512488219491656,0.970007260410723,0.4971172937818706
67137.55511022043,0.7341581297342534,0.9891751074516604,0.7262109468663902,0.6921598995678919,0.9876798179493613,0.6836323635970637,0.6182962181390725,0.9834931422323231,0.6080900904079584,0.5111021028631682,0.9699332246843706,0.49573491077303555
67337.93587174348,0.7334390472155469,0.9891809199543035,0.7255039114550824,0.6920355512070537,0.9876764358507375,0.6835072066981833,0.6177880518633845,0.9834629442324881,0.6075716563972172,0.5100192651493003,0.9698595014331295,0.4946470302189915
67538.31663326653,0.732596548817321,0.9891865664815522,0.7246746647408405,0.6918240187705761,0.9876728628924994,0.6832958092369291,0.617483425631143,0.9834325028001942,0.6072532707060726,0.5092819211142704,0.9697860828507228,0.49389451934409906
67738.69739478957,0.7316362297897634,0.9891920489055769,0.7237287411992875,0.69149750790018,0.9876691000454657,0.6829707213114532,0.6173355983599331,0.9834018223177045,0.6070889524087487,0.5088698864568332,0.9697129844633463,0.49345773629957984
67939.07815631262,0.7305681204289636,0.9891973690937202,0.722676062672075,0.6910341552391154,0.9876651483029238,0.6825103514166266,0.6172828711649136,0.9833709074737272,0.607018017185429,0.508710893957391,0.9696402354045602,0.4932665509697089
68139.45891783567,0.7294063057649232,0.9892025288097446,0.7215305621924357,0.6904192213471608,0.9876610085971858,0.6819001445106205,0.6172553076016803,0.9833397623475374,0.6069716874847925,0.5086934241354969,0.969567856201398,0.4932127927028022
68339.83967935872,0.7281683857435944,0.9892075296313237,0.7203096500170498,0.689645905443176,0.9876566817335345,0.6811333865411262,0.6171822626334709,0.9833083897201789,0.6068804968339747,0.508680827002923,0.9694958429248328,0.4931639471548999
68540.22044088176,0.7268747958535932,0.9892123728941846,0.7190335416033089,0.6887157250502843,0.9876521683655467,0.680211579233363,0.6169995060610767,0.9832767908670833,0.606681294286311,0.5085288671465178,0.96942417121412,0.4929801755719683
68740.60120240481,0.725548015568312,0.9892170596690741,0.7177244746092173,0.6876384357176657,0.9876474690248221,0.6791443606407404,0.6166549810605005,0.9832449659008498,0.606322905825421,0.5081097429816313,0.9693528166695331,0.49253761053647677
68940.98196392786,0.7242116981384971,0.9892215907727463,0.716405848088796,0.6864314990715569,0.9876425842031163,0.6779489796214515,0.6161127016002104,0.9832129145224721,0.605769965014657,0.5073422777380489,0.9692817753343218,0.49175762366809456
69141.3627254509,0.722889759542843,0.9892259668092007,0.7151013212802395,0.6851191368078926,0.9876375144697184,0.676649361392586,0.6153547494339117,0.9831806368868558,0.6050048744597848,0.5062196213720531,0.9692110677730554,0.4906336597576794
69341.74348697395,0.7216054663390478,0.9892301882332406,0.7138339112967116,0.6837310311977993,0.9876322605955347,0.6752748239811985,0.614381629974585,0.983148134248776,0.6040281532262352,0.5048184819939551,0.9691407227183276,0.4892401484811907
69542.124248497,0.7203805615576814,0.9892342554256627,0.7126251284356337,0.6823007488452527,0.9876268236507053,0.6738585213565346,0.6132113482865666,0.9831154091416526,0.6028575255610524,0.5032795656052427,0.9690707538072688,0.4877135080168673
69742.50501002005,0.7192344647157753,0.9892381687683997,0.7114941847905537,0.6808639749798665,0.9876212050459614,0.6724356994419991,0.611877520916779,0.9830824650251737,0.6015260615563595,0.5017673328054131,0.9690011493134257,0.48621312217637747
69942.88577154308,0.7181835768242715,0.9892419287087698,0.7104573067046053,0.6794566519926424,0.9876154064987991,0.6710418575560265,0.6104267265249538,0.9830493055532815,0.6000795696015186,0.5004291440238414,0.9689318828053434,0.48488175272968703
70143.26653306613,0.7172407144736026,0.9892455358044739,0.7095271748902228,0.6781131190367085,0.9876094299217464,0.669710910914301,0.6089151878377504,0.9830159337747338,0.5985733319619437,0.49936818227444824,0.968862935200776,0.48381932282429807
70343.64729458917,0.7164146894194368,0.9892489907446006,0.7087125084627843,0.676864349036289,0.9876032772481428,0.6684734493606698,0.6074048127579769,0.982982351611563,0.5970682112250172,0.49863210838549704,0.9687943102510855,0.48307194951237215
70544.02805611222,0.7157100423434686,0.9892522943461046,0.708017801474824,0.6757363743442765,0.9875969502269525,0.6673551824598257,0.6059586241723623,0.9829485598471615,0.5956261569571909,0.4982125484117863,0.9687260303571268,0.4826314642970576
70744.40881763527,0.7151269323808804,0.9892554475292494,0.7074432135326671,0.674748981608716,0.9875904502282974,0.6663756505380369,0.6046356841361297,0.9829145586441662,0.5943052166131774,0.4980502045334313,0.9686581157569909,0.48244037267573747
70944.78957915831,0.7146611781723763,0.9892584512787446,0.7069846103078479,0.6739147401388426,0.987583778102806,0.6655472651854888,0.6034857692905308,0.9828803483929334,0.5931543031704543,0.498042911165567,0.9685905655406001,0.4823996649893434
71145.17034068136,0.7143044419344238,0.9892613065992091,0.7066337455376669,0.673238407584425,0.9875769341295089,0.6648747225004591,0.6025442648852816,0.9828459305504459,0.5922081787190089,0.49805709510280055,0.968523357227322,0.48237992983985195
71345.55110220441,0.7140445453453151,0.989264014473908,0.7063785734415029,0.6727167346312718,0.9875699180702451,0.6643548105042879,0.6018279606194411,0.9828113081174269,0.5914833252380362,0.4979458578159276,0.9684564646721237,0.4822388850585412
71545.93186372746,0.7138659046098353,0.9892665758344263,0.706203679058317,0.6723386695627258,0.9875627293267947,0.6639766115453114,0.6013325471147086,0.9827764855244161,0.5909754872848387,0.4975771162300395,0.9683898792463399,0.48184864350174994
71746.31262525049,0.7137500713619104,0.9892689915463574,0.7060908133123377,0.6720859460644357,0.987555367175022,0.6637220832388359,0.6010325008800761,0.9827414679186737,0.5906595621817176,0.49686901320827437,0.9683236166611032,0.4811299998766697
71946.69338677354,0.7136763654735933,0.9892712624127118,0.7060195190261774,0.6719340239869906,0.9875478310330673,0.6635669879856736,0.6008836469386885,0.982706260086475,0.5904921214302404,0.4958180591501822,0.9682577024875823,0.48007965480460757
72147.07414829658,0.7136225847989761,0.9892733891931954,0.7059678330688915,0.6718533415334776,0.9875401207119064,0.6634821299986682,0.6008280927506322,0.9826708654112883,0.5904162618666776,0.49450164141009806,0.9681921480566098,0.4787726064143622
72347.45490981963,0.7135657750184947,0.9892753726344106,0.7059130479805833,0.6718108260427805,0.9875322365984097,0.6634348476130523,0.6008006703594609,0.9826352852790057,0.5903679381144867,0.4930518914591511,0.9681269381295868,0.47733681801734934
72547.83567134268,0.713483039941064,0.9892772135039339,0.7058325136352118,0.671771597122258,0.9875241797332043,0.6633906954162224,0.6007357521328134,0.9825995191840284,0.5902826612023581,0.491617454965944,0.9680620408651968,0.4759161967792857
72748.21643286572,0.7133523690990912,0.9892789126204412,0.7057044560175645,0.6717007801839612,0.9875159517659202,0.6633152352452756,0.6005734127962489,0.9825635655292166,0.5901015538391323,0.4903315369179851,0.9679974313887891,0.4746396682655268
72948.59719438877,0.7131534556043734,0.9892804708727412,0.7055087863648171,0.6715653329991973,0.9875075547948279,0.6631758398750116,0.6002642889140626,0.9825274228548916,0.589776124818558,0.48929263604678197,0.9679331099987527,0.4736025429082495
73148.97795591182,0.7128684737805222,0.9892818892225919,0.7052278705088207,0.6713357774369414,0.9874989911214419,0.6629434029227085,0.5997729235499613,0.9824910910722253,0.5892715540541799,0.48855500457094064,0.9678690996211702,0.472857292389493
73349.35871743486,0.7124827837258778,0.9892831686891862,0.7048472259208285,0.6709877281956725,0.9874902629683341,0.6625938481644698,0.5990797021682686,0.9824545722658846,0.5885685925468999,0.48812422147363027,0.9678054233794012,0.4724092688250274
73549.73947895791,0.7119855294569742,0.9892843103166684,0.7043561134642907,0.6705031231708362,0.9874813722160977,0.6621093441439164,0.5981816196389584,0.9824178707727224,0.587664313101084,0.48795558076517087,0.9677420815864722,0.47221514945142246
73750.12024048096,0.7113700991942702,0.9892853151293778,0.7037479927550203,0.6698710854371998,0.9874723202113214,0.6614791549791479,0.5970920975369751,0.9823809924956137,0.5865719273896615,0.4879559062203454,0.9676790484927656,0.472184707037729
73950.501002004,0.7106344209637622,0.9892861840820873,0.703020814592624,0.6690883800284227,0.9874631076823127,0.6607000910569906,0.5958399683063523,0.9823439436903013,0.5853197842743663,0.48799218556997737,0.9676162908706688,0.4721891885750926
74150.88176352705,0.7097810739141137,0.98928691801383,0.7021771310770399,0.668159462782592,0.9874537347765828,0.6597765569509856,0.5944676287054211,0.9823067296608441,0.5839495522428592,0.48791246860686477,0.9675537927362579,0.47208155952388237
74351.2625250501,0.7088172051129369,0.9892875176137061,0.7012240132880625,0.6670961467778292,0.9874442012087914,0.6587202217844963,0.5930282886600551,0.9822693538302916,0.5825135139051959,0.4875816500642584,0.967491566035926,0.4717311341910502
74551.64328657315,0.7077542522799259,0.9892879834053685,0.7001727769845824,0.6659169302080907,0.9874345064853828,0.6575493553402871,0.5915822326159551,0.9822318175028921,0.5810708915447883,0.4869224552696726,0.9674296371023583,0.47106321419852865
74752.0240480962,0.7066074839275125,0.9892883157539732,0.6990385276738016,0.664646037522342,0.9874246501571529,0.6562878810788364,0.590192086943889,0.9821941203694234,0.5796831976848473,0.4859392820623173,0.967368019318485,0.4700821207976705
74952.40480961924,0.7053953786648112,0.9892885148957783,0.6978395465736562,0.6633122260301699,0.9874146320463886,0.6549641975974512,0.5889172603130152,0.9821562615373922,0.5784087747438742,0.48471006387533805,0.9673066964287471,0.46886329061302023
75152.78557114229,0.7041388740594308,0.989288580986894,0.6965965475359636,0.6619474073536622,0.9874044524018694,0.65360981727688,0.5878079876297385,0.9821182406902956,0.5772969466746218,0.4833554457517465,0.9672456312570817,0.4675234432476962
75353.16633266532,0.7028605217766523,0.9892885141645589,0.6953318412533509,0.6605851312944718,0.9873941119515338,0.6522578690828924,0.5868997100257968,0.9820800589496456,0.5763825018196643,0.48200613461170844,0.9671847921578817,0.4661890031232492
75553.54709418837,0.7015835893673972,0.9892883146122202,0.6940684466848643,0.6592589815650796,0.9873836118456045,0.6509415143593831,0.5862087437297879,0.9820417191371643,0.5756814424656383,0.4807802853073751,0.967124175964443,0.4649742372478449
75753.92785571142,0.7003311500016947,0.9892879826189707,0.6928291905504003,0.6580009389657572,0.9873729535074819,0.649692330517316,0.5857301685128447,0.9820032253721447,0.5751889146773833,0.4797705400812743,0.9670638081833984,0.4639687255452029
75954.30861723446,0.6991251998441352,0.9892875186246222,0.6916358341617477,0.6568397765695269,0.987362138430222,0.6485387263997173,0.5854384980747933,0.9819645822038341,0.5748798701680545,0.47903573263360044,0.9670037180759571,0.4632293345479317
76154.68937875751,0.6979858390283782,0.9892869232437841,0.6905082631601154,0.6557995607201542,0.9873511679680685,0.6475044622299906,0.5852910503696793,0.9819257936604052,0.5747123791565796,0.478593463647355,0.966943909129314,0.4627730346229117
76355.07014028056,0.6969305468091513,0.989286197265441,0.6894637704109498,0.6548983381668145,0.987340043172464,0.6466073534791976,0.5852332739519902,0.9818868626126107,0.5746328632572262,0.47841277307499663,0.9668843508954331,0.4625698235547023
76555.4509018036,0.6959735750070294,0.9892853416282273,0.6885164559150477,0.654147091033187,0.9873287647103547,0.6458582393286685,0.5852049075452492,0.9818477906978942,0.5745821455788683,0.4784097296909749,0.9668249986014932,0.4625384862394175
76755.83166332665,0.695125476878351,0.9892843573753031,0.6876767606888006,0.6535490359931522,0.9873173328823889,0.6452602911246154,0.5851458941652727,0.9818085788060518,0.5745012587446028,0.4784531383138745,0.9667658243186462,0.4625521426598561
76956.21242484968,0.6943927815815183,0.9892832455958309,0.6869511446812814,0.6530993314015547,0.987305747734792,0.6448087237345047,0.585001340701351,0.9817692278984375,0.5743363145799162,0.47838943500026737,0.9667068353254187,0.46246233676222354
77156.59318637275,0.6937778179594211,0.9892820073620323,0.6863419124141467,0.6527852362408608,0.9872940092368684,0.6444909530588757,0.5847252742599756,0.9817297398038419,0.5740421913559759,0.47808638839404194,0.9666480637003948,0.46214128162261553
77356.97394789578,0.6932786858161685,0.9892806436712933,0.6858471845478075,0.6525867379768142,0.9872821174810242,0.6442872165097835,0.5842832915341408,0.9816901176446208,0.573585133203937,0.4774752751979546,0.966589534268503,0.46152260387831623
77557.35470941884,0.6928893685070165,0.9892791554017164,0.68546100926345,0.6524776335425322,0.9872700728570285,0.6441716408051174,0.5836543419864904,0.9816503656923028,0.5729444982489386,0.47656559134398385,0.9665312387591233,0.4606155313516748
77757.73547094187,0.6925999775841434,0.9892775432870671,0.6851736043051191,0.6524270103641243,0.9872578761578928,0.644113704600129,0.5828318556672153,0.9816104886868344,0.5721138626637498,0.4754288370553037,0.966473138209134,0.4594892001439584
77958.11623246493,0.6923971183358424,0.9892758079136907,0.6849717186388018,0.6524010359268045,0.9872455285900026,0.6440800055662235,0.5818242985039135,0.9815704908893895,0.5711015622938611,0.4741698662061034,0.9664151902122476,0.45824496144248744
78158.49699398797,0.6922643640203373,0.9892739497382768,0.6848391016574553,0.6523649302478317,0.9872330316818102,0.6440362078514595,0.5806550864483206,0.9815303752687241,0.5699306049033136,0.47290258030149634,0.9663573789269513,0.4569928979879461
78358.87775551103,0.6921828258980539,0.9892719691219708,0.6847570671685781,0.6522849726305328,0.9872203871087907,0.6439490231855615,0.5793616658116569,0.9814901431769562,0.568637764328723,0.47173419855619175,0.9662997236780768,0.45583662571434713
78559.25851703406,0.6921318052697826,0.9892698663738377,0.6847051385123208,0.6521303886830988,0.9872075964721906,0.6437880735983174,0.5779935019914596,0.9814497946698759,0.5672716038500405,0.47075489219859395,0.96624225716749,0.45486326961060786
78759.63927855711,0.6920895120867924,0.9892676417954589,0.6846617595334709,0.6518749792410122,0.9871946610806456,0.6435274991987839,0.5766087404110319,0.9814093293638971,0.5658891972321523,0.47002853800850025,0.9661849912546819,0.45413451888519374
78960.02004008016,0.6920338320305486,0.9892652957186612,0.684605053491019,0.6514983878580871,0.987181581784155,0.6431472090555734,0.5752694456119815,0.9813687475088031,0.5645514553203138,0.46958196446081824,0.9661279009729079,0.45367623765926496
79160.4008016032,0.6919431203194892,0.9892628285299947,0.6845136083891283,0.6509869508500087,0.9871683588990227,0.6426337199352818,0.5740356136271375,0.9813280508680379,0.5633172498495569,0.46939280933681937,0.9660709397031125,0.453466752405905
79360.78156312625,0.6917969963565096,0.9892602406782917,0.6843672631161599,0.6503341230138844,0.9871549922427982,0.6419805761589981,0.5729585661097271,0.9812872430607122,0.5622369317258329,0.4693811336457085,0.9660140720733049,0.453428780267475
79561.1623246493,0.6915771095018596,0.989257532665008,0.6841478649934077,0.6495405127345666,0.9871414812745257,0.641188383888615,0.572074751313182,0.981246329213528,0.5613462497618017,0.4694165019104156,0.9659572987067,0.45343629615373354
79761.54308617234,0.6912678437332489,0.9892547050204857,0.6838399668424824,0.6486135852943004,0.987127825312998,0.6402645179200295,0.5714011826663759,0.9812053150372755,0.5606618774508331,0.4693504447877737,0.9659006516363706,0.453345900466331
79961.92384769539,0.6908569286462094,0.9892517582721283,0.683431431377745,0.6475671010763553,0.9871140237889902,0.6392225668168527,0.5709335418670614,0.9811642056814267,0.5601795551028789,0.469064093648511,0.9658441618951166,0.4530428164050386
80162.30460921845,0.6903359267158524,0.9892486929122232,0.6829139131740053,0.6464203490662983,0.987100076479987,0.6380815760015629,0.570647346064403,0.9811230048214108,0.5598752388640705,0.46850158551809223,0.965787827464942,0.45247312844139903
80362.68537074148,0.6897005720238134,0.9892455093733709,0.6822831936868026,0.6451972216197275,0.9870859836792438,0.6368651341696238,0.5705017725494028,0.9810817143395905,0.5597088570465433,0.4676724686153342,0.9657316096139955,0.45164608588803745
80563.06613226452,0.6889509432335374,0.9892422080181122,0.6815393523005057,0.6439251604472597,0.9870717462645086,0.6356003325863304,0.570445118331157,0.9810403347137262,0.5596296698234093,0.4666340016158831,0.9656754590423615,0.450617003715192
80763.44689378758,0.6880914625338708,0.989238789146609,0.6806867652191256,0.6426339915706631,0.9870573656527576,0.6343166147986552,0.5704206924219072,0.9809988659413882,0.5595820523753924,0.4654711516843799,0.9656193504862348,0.4494679511595506
80963.82765531061,0.6871307214589609,0.9892352530226115,0.6797339331020648,0.6413546617013883,0.9870428436513243,0.6330445290747715,0.5703721794661114,0.9809573086239409,0.5595107580830481,0.4642816723864783,0.9655632986195697,0.4482933430780983
81164.20841683366,0.6860811429421075,0.9892315999141743,0.6786931467035664,0.6401178910900734,0.9870281822375075,0.631814398460342,0.5702479651036748,0.9809156647772879,0.5593651617775668,0.4631651012240414,0.9655073402100989,0.44718930496096543
81364.58917835672,0.6849584960148761,0.9892278301423092,0.6775800067503355,0.6389527675922612,0.9870133833130902,0.6306549329185003,0.5700043437392248,0.9808739380400453,0.559102405343425,0.46221250970167677,0.9654514965592448,0.4462437592198883
81564.96993987975,0.6837812849772539,0.9892239441286679,0.6764128196465677,0.6378853216993401,0.9869984484839563,0.629591822827938,0.5696078010458167,0.9808321331822517,0.5586896345770199,0.4614945158124991,0.9653957501897431,0.4455248443012598
81765.3507014028,0.6825700387497029,0.9892199424327826,0.6752118944383233,0.6369371402661862,0.9869833789076342,0.6286463708516862,0.5690366499247187,0.9807902551061446,0.5581056010444108,0.4610460393670955,0.9653400549435982,0.44506620897416027
81965.73146292586,0.6813465287761692,0.9892158257704949,0.6739987690991786,0.6361240949596025,0.9869681752353336,0.627834237225507,0.5682822393973432,0.9807483077611839,0.5573418446196804,0.46084925583944075,0.9652843691980045,0.44485058321834436
82166.1122244489,0.6801329455852133,0.9892115950078467,0.6727953959197339,0.6354552769287435,0.9869528376540474,0.6271643887670619,0.5673498093369914,0.9807062934534314,0.5564035286063919,0.4608241325754672,0.9652286859108372,0.44480067192181966
82366.49298597194,0.6789510651007282,0.9892072511284912,0.6716233167590526,0.6349322380703157,0.9869373660133254,0.6266383506380631,0.5662588822805957,0.9806642128713614,0.5553098210731173,0.46084246862865774,0.9651730343517471,0.4447927238044714
82566.87374749499,0.6778214359918159,0.9892027951770536,0.6705028591140285,0.6345486371387765,0.986921760004788,0.626249857773641,0.5650429116444642,0.9806220658454062,0.5540935473080978,0.46076857068069776,0.9651174491495143,0.4446957875836227
82767.25450901804,0.6767626185723877,0.9891982281851416,0.6694523831937428,0.634290371563559,0.9869060193534369,0.6259849857140045,0.5637477932035835,0.9805798525485618,0.552799727934147,0.4605021764570592,0.9650619337651467,0.44441312091470836
82967.6352705411,0.6757905037661196,0.9891935510901654,0.6684876082134197,0.6341362405557299,0.9868901439799233,0.6258228057449315,0.5624288587112753,0.9805375746584715,0.5514826290386861,0.45999700059222104,0.965006451649754,0.443900073311029
83168.01603206413,0.6749177372952352,0.9891887646591353,0.6676210428016125,0.6340591329662912,0.9868741341019691,0.6257365578155539,0.5611461762297658,0.9804952359985757,0.5502011524921026,0.4592555975821839,0.9649509510074751,0.44315912564243465
83368.39679358716,0.6741532695922287,0.9891838694297349,0.666861539803948,0.6340276707296519,0.9868579902590284,0.6256952729048774,0.559958405962303,0.9804528423527334,0.5490128107250457,0.4583168471116227,0.9648954024491806,0.44222781864300875
83568.77755511021,0.6735020462838082,0.989178865679062,0.6662139901755445,0.6340081771450822,0.986841713263293,0.6256657157567902,0.558916012285314,0.9804104004528861,0.5479670714241749,0.45724580668317116,0.9648398202403627,0.44116896192585053
83769.15831663326,0.6729648479828519,0.9891737534267102,0.6656791646034331,0.6339667929383879,0.9868253040975973,0.625614473229203,0.5580550785700582,0.980367916476292,0.5470992946567413,0.4561262186656124,0.9647842470818038,0.4400633904495731
83969.5390781563,0.6725382821509346,0.9891685324738778,0.6652537055877428,0.6338715442635446,0.986808763792177,0.6255099949977466,0.5573930332303269,0.9803253946226397,0.5464265452614303,0.45505268225528145,0.9647287125900588,0.43900238831279076
84169.91983967937,0.6722149244883708,0.9891632024747108,0.6649302674582128,0.6336941810418395,0.9867920933148051,0.6253244074316879,0.5569271533692975,0.9802828363511585,0.5459461295458317,0.45411987659639375,0.9646732029026437,0.43807727585799644
84370.3006012024,0.6719836029504155,0.9891577630310151,0.6646977974879548,0.6334116475181825,0.9867752935023087,0.6250349643875355,0.5566359406051675,0.9802402406181869,0.5456369483555402,0.4534068450402562,0.964617667336509,0.43736425321713795
84570.68136272545,0.6718298140244119,0.989152213797616,0.6645419478374877,0.6330071078642396,0.986758365048143,0.6246250588199705,0.5564827334780484,0.9801976050682464,0.5454630426170143,0.45295551333709994,0.9645620543889043,0.43690370049121385
84771.0621242485,0.6717362579713942,0.9891465545836405,0.6644456051613121,0.6324705127344726,0.9867413085444764,0.6240847813514094,0.5564205409287569,0.9801549277650857,0.5453783351010356,0.45274884239376195,0.9645063491642855,0.43667913306556383
84971.44288577154,0.6716834768046335,0.9891407854351558,0.6643895218103514,0.6317987443001293,0.9867241245623506,0.6234110628691375,0.5563971162071399,0.9801122088425211,0.5453316065593888,0.4527052107779477,0.9644505823477094,0.4366118041666342
85171.82364729459,0.6716505753707197,0.9891349066869575,0.6643530291955582,0.6309954094039444,0.9867068137434021,0.6226074698996795,0.5563595927302362,0.9800694514684575,0.5452710408663369,0.4527036228870147,0.9643947996892114,0.43658501971270286
85372.20440881765,0.6716160018336738,0.9891289189755333,0.6643148098604116,0.6300703615413564,0.9866893768735211,0.6216837324157152,0.5562583683323158,0.9800266617406509,0.5451480317820209,0.4526266715613266,0.9643390177499042,0.43648555986085813
85572.58517034068,0.6715583594161241,0.9891228232107425,0.6642537004164512,0.62903902616121,0.9866718149133106,0.6206550775937825,0.5560502113009167,0.9799838475089326,0.5449202254788273,0.45239059016047256,0.9642832061551133,0.43623264871434436
85772.96593186373,0.6714572171723904,0.989116620509774,0.6641494934664521,0.6279215866400298,0.9866541289713983,0.619541426128657,0.5557007203094727,0.9799410165283993,0.5445539287456284,0.45195179414345715,0.9642273091000968,0.4357842623099066
85973.34669338679,0.6712938849084297,0.9891103121025546,0.6639837040143133,0.626742067220862,0.9866363202220958,0.6183664869311807,0.555186308767501,0.9798981746281905,0.5440260505398372,0.4513017003812621,0.96417128692535,0.4351321412482002
86173.72745490982,0.6710521171603585,0.9891038992220821,0.663740265664544,0.6255273300121907,0.9866183897848703,0.6171567671030568,0.5544958291810771,0.9798553245916253,0.5433256906869267,0.4504612657251935,0.9641151460670622,0.4342965290021987
86374.10821643288,0.6707187140561819,0.9890973829954685,0.6634061247990555,0.6243059899000749,0.9866003385952881,0.6159405010224804,0.5536318304618413,0.9798124661662663,0.5424553691529609,0.44947794433672017,0.9640589308303144,0.433323226449066
86574.48897795592,0.6702839929209998,0.9890907643513606,0.6629717068907137,0.6231072462001455,0.9865821673018642,0.6147464974176358,0.5526112756846802,0.9797695971826635,0.5414317269761769,0.44842303471966216,0.9640026804215195,0.4322810074325064
86774.86973947895,0.6697421129237656,0.9890840439568731,0.6624312374588589,0.621959633820248,0.9865638762189142,0.6136029071934003,0.5514653785822438,0.9797267153488054,0.5402853639869671,0.4473865482639059,0.9639463904596073,0.431256648339175
86975.250501002,0.669091244626511,0.9890772221926167,0.6617829096285901,0.6208897092457508,0.9865454653529871,0.6125359271407301,0.5502381140334844,0.9796838200518937,0.5390593774944735,0.44646663796573355,0.9638900128791429,0.43034473341889856
87175.63126252506,0.6683335855017525,0.9890702991685838,0.6610288993566306,0.6199207065192756,0.9865269345030702,0.6115684742374383,0.5489830202496745,0.9796409135018315,0.5378062274543856,0.4457502661506746,0.9638334911943649,0.42962903522482204
87376.01202404809,0.6674752300490611,0.9890632747774947,0.660175236865186,0.6190712232807657,0.9865082834169439,0.6107188897915358,0.547758221164161,0.97959800078451,0.5365828583656915,0.44528524333093494,0.9637768033573394,0.4291555883996835
87576.39278557114,0.6665259083050203,0.989056148776674,0.659231547928038,0.6183540231553838,0.9864895119721147,0.6099997585285483,0.5466201325755878,0.9795550887950889,0.5354445325022632,0.4450562218277622,0.9637199788226621,0.42890957267474505
87776.77354709418,0.6654986091905772,0.9890489208854241,0.6582106812706909,0.6177750627582635,0.9864706203426852,0.6094169493913855,0.5456168762261701,0.9795121844624658,0.5344383783118827,0.44498672675932116,0.9636630712608822,0.42881727577921447
87977.15430861723,0.664409105747008,0.9890415908828134,0.6571282389450481,0.6173328620404194,0.9864516091148419,0.6089689951192424,0.5447827031056399,0.9794692929734553,0.533597929035049,0.44497048361439956,0.9636061086770147,0.42877627619180086
88177.5350701403,0.6632753987123584,0.989034158691035,0.6560020259459381,0.6170183279836438,0.9864324793232109,0.6086469190607678,0.5441345152334218,0.9794264167096942,0.5329397184631368,0.44490639571527885,0.9635490670051258,0.4286891424960702
88377.91583166333,0.6621170940120111,0.9890266244320078,0.6548514344694297,0.6168151085352714,0.9864132323965406,0.6084345850013001,0.5436709568271466,0.9793835553119612,0.5324623946172267,0.4447169107349407,0.9634918873931542,0.42848113567966084
88578.29659318637,0.6609547293528841,0.9890189884493058,0.6536967778353742,0.6167004967590001,0.9863938700209695,0.6083095896419645,0.5433738451685993,0.9793407068297955,0.5321481256002399,0.44435252724043534,0.9634345203494998,0.42810456394797686
88778.67735470943,0.659809065677013,0.9890112512931405,0.6525585896597805,0.6166468331483864,0.986374393948172,0.6082446463267992,0.5432112473191408,0.9792978694994429,0.5319656171877696,0.4437917834262341,0.9633769638736169,0.42753878090922315
88979.05811623247,0.65870036083267,0.9890034136721428,0.6514569054505829,0.6166232827598558,0.9863548057892715,0.6082093383117406,0.543141395305209,0.9792550434657558,0.5318739506676536,0.44304116209333727,0.9633192634373466,0.42679008594017975
89179.43887775551,0.6576476451857396,0.9889954763810569,0.6504105461413509,0.6165978115376115,0.9863351068396911,0.6081720683200698,0.5431167816784244,0.9792122317811242,0.5318265959051115,0.4421353460822894,0.9632614692344218,0.4258919430676956
89379.81963927858,0.656668021559048,0.9889874402173148,0.6494364257142514,0.6165391666830791,0.9863152979735808,0.6081020118994043,0.5430880298166754,0.9791694402691868,0.5317752021724895,0.4411367970988187,0.9632035898007573,0.42490454655879045
89580.20040080161,0.6557760142121672,0.9889793059010737,0.6485489073621218,0.6164186828401028,0.9862953796305656,0.6079708988031524,0.5430073674369786,0.9791266762674864,0.5316729988673267,0.4401324598437306,0.9631455838644574,0.4239116350138898
89780.58116232466,0.6549829930268446,0.9889710740124091,0.6477592340736208,0.6162117816582349,0.9862753518963601,0.6077544917976586,0.5428316935672372,0.9790839467183052,0.5314777969415923,0.4392231004009995,0.9630873927403224,0.42301023059651943
89980.96192384772,0.6542966991855715,0.9889627449561559,0.647075059642315,0.6158990919501058,0.9862552146575474,0.6074336911386402,0.5425253094046382,0.9790412563622634,0.5311546605278425,0.4385001420909583,0.9630289865646641,0.42228834744631677
90181.34268537075,0.6537208971608016,0.9889543189599495,0.6465001046415477,0.6154671749746712,0.9862349677944174,0.6069952494896659,0.5420623870075115,0.978998606756244,0.5306783216553177,0.43801377960441673,0.962970389249784,0.4217942998424343
90381.72344689377,0.6532551746626597,0.9889457961052397,0.6460339587666314,0.6149088826924416,0.9862146113676286,0.606432124771029,0.5414291801933818,0.9789559964978967,0.5300353426292513,0.43775288506587395,0.9629116567374801,0.4215173558003924
90582.10420841684,0.6528949073296949,0.9889371763854508,0.645672046131069,0.6142234010679175,0.9861941457561568,0.6057435223196163,0.5406258440398848,0.9789134225615708,0.5292258953143216,0.4376542307223447,0.9628528244727874,0.4213966121934746
90782.48496993986,0.65263139845514,0.9889284597809033,0.6454057636788986,0.613416036930332,0.9861735717151611,0.6049346840869446,0.5396675456168967,0.9788708822398208,0.5282648464942103,0.4376296545769032,0.9627938743856609,0.42134715067615514
90982.86573146292,0.652452196026659,0.9889196463373487,0.6452227949467102,0.6124978003946274,0.9861528903409373,0.6040164761866283,0.5385843828222405,0.978828374973712,0.5271816762241133,0.43758933400117656,0.9627347485327943,0.42128245743025566
91183.24649298597,0.6523415800104952,0.9889107362343517,0.6451075921644591,0.6114848214465242,0.9861321029522263,0.6030048128964275,0.5374195949257289,0.9787859033909106,0.5260187237193568,0.43745515027853515,0.962675394248888,0.4211273092605954
91383.62725450902,0.6522812025068804,0.9889017298313766,0.6450420094955445,0.610397624396604,0.9861112109177473,0.6019199405350515,0.5362257729459001,0.9787434731452005,0.52482747540304,0.4371682285448082,0.9626158072906232,0.4208250472424722
91584.00801603205,0.6522508528208022,0.988892627683044,0.6450060597544695,0.609260271431556,0.9860902154736464,0.6007855923354753,0.5350592913132116,0.9787010915989827,0.5236631124784182,0.43669395165963987,0.9625560373805413,0.4203423996575526
91784.38877755511,0.6522293096775473,0.988883430520063,0.6449787572396656,0.6080993788230654,0.9860691175776192,0.5996280178755585,0.5339738146906958,0.9786587658571178,0.5225781544852137,0.4360256034349035,0.9624961445513779,0.41967296223178263
91984.76953907814,0.6521952351123492,0.988874139198055,0.6449390017107974,0.6069430077076492,0.9860479178376768,0.5984748889962644,0.5330141507824507,0.9786165009335944,0.5216164431868132,0.43518709695125496,0.9624361451160058,0.4188397919939913
92185.15030060122,0.652128060389792,0.9888647546219216,0.6448664544194214,0.6058194362694987,0.9860266165350677,0.597354088975996,0.5322116493153796,0.9785742987668297,0.5208086415243354,0.4342346235310364,0.9623759976245183,0.4178969790237883
92385.53106212425,0.6520088147629457,0.988855277657677,0.6447423575576655,0.6047558319126893,0.9860052137376661,0.5962924033041713,0.5315818144822813,0.9785321584314486,0.5201699003082525,0.4332545588802728,0.9623156358436079,0.4169276363110116
92585.9118236473,0.6518208533659606,0.9888457090459924,0.6445502539176272,0.6037768605863694,0.9859837094779602,0.5953141486979057,0.5311241123075017,0.9784900774144253,0.5196996737684352,0.43235105543332525,0.9622550209130727,0.41603197388778346
92786.29258517033,0.6515504504942237,0.9888360493316792,0.644276573406984,0.6029032949242058,0.9859621039537592,0.5944398011441238,0.5308234568282375,0.9784480534352318,0.5193831780513498,0.43161853941342193,0.9621941747635239,0.41530084434353504
92986.6733466934,0.6511872374754663,0.9888262988209465,0.6439110658723021,0.6021507103722975,0.9859403977031338,0.5936847108616875,0.5306526970160355,0.9784060861089644,0.5191938283706253,0.4311097031461427,0.9621331626190258,0.41478494212374767
93187.05410821643,0.650724478168234,0.9888164575739401,0.6434470733589639,0.6015283830656628,0.9859185917092658,0.59305801630525,0.5305755347281325,0.978364177812214,0.5190960968015651,0.43082151331515345,0.9620720344918982,0.4144813298179881
93387.4348697395,0.650159187638388,0.9888065254345365,0.6428816473080553,0.6010385159753052,0.985896687405131,0.5925618819029493,0.5305495284737924,0.9783223334036286,0.5190484526826755,0.4307050399506725,0.9620107817151942,0.4143428921716204
93587.81563126252,0.649492108998969,0.9887965020935396,0.6422155255155365,0.6006759111044258,0.9858746865698871,0.5921911755901571,0.530529050967669,0.9782805589050889,0.5190062564960376,0.4306847309987788,0.9619493454659758,0.4142968950864651
93788.19639278555,0.6487275688119887,0.9887863871762276,0.6414529890272238,0.600428169050532,0.9858525911341148,0.5919336662483793,0.5304682096630594,0.9782388596973627,0.5189246165264928,0.43067582914657765,0.9618876643241293,0.41426176737865933
93988.5771543086,0.6478732328300606,0.9887761803414168,0.6406016205031527,0.6002764349724825,0.9858304029340007,0.5917707597607079,0.5303237991651485,0.9781972390044654,0.5187612761217069,0.4305975997824482,0.9618257254255972,0.41415984877727424
94188.95791583166,0.6469397819722082,0.9887658813773684,0.639671983719833,0.6001966340013376,0.985808123469081,0.5916787174773174,0.5300583432890241,0.9781556973061519,0.518479588392819,0.43038309522588253,0.9617635790072147,0.4139267860086477
94389.3386773547,0.645940524520839,0.9887554902802579,0.6386772400144891,0.600161068835997,0.98578575371997,0.591630231595876,0.529643210736985,0.9781142329035744,0.5180515627825922,0.42998649260027144,0.9617012957284474,0.41351856707941154
94589.71943887776,0.6448909559615652,0.9887450073035043,0.6376327129621817,0.6001402070660825,0.98576329407049,0.5915961874216075,0.5290616509741057,0.97807284338698,0.5174608332952536,0.4293891036568129,0.9616389035410922,0.41291726683302993
94790.10020040079,0.6438082738193937,0.9887344329706488,0.6365554085566304,0.6001044768926779,0.9857407443557383,0.5915474337433992,0.5283113992256638,0.9780315274146205,0.5167052047352314,0.42860507677767756,0.9615763646869002,0.41213651161422893
94990.48096192384,0.6427108521636717,0.9887237680500373,0.6354634955179159,0.600025915999333,0.985718104029667,0.5914564082875268,0.5274062827368738,0.9779902860991035,0.5157982213443,0.427686231909454,0.9615136072163398,0.41122613160002314
95190.8617234469,0.64161767952268,0.9887130134954223,0.634375749432809,0.5998795674058777,0.9856953724194668,0.5912985136009652,0.5263761373189715,0.9779491234245012,0.514769082082663,0.4267211406367229,0.9614505827047379,0.41027128931760765
95391.24248496993,0.640547764895575,0.9887021703617773,0.6333109653726404,0.5996445714179092,0.9856725490151002,0.5910531932125578,0.5252644786910732,0.977908045464312,0.5136603597086181,0.4258195088592527,0.9613873094712102,0.4093774719425491
95591.62324649298,0.6395195191508478,0.9886912397092545,0.632287346207518,0.5993049499371583,0.9856496337342612,0.5907047044006898,0.5241238671107773,0.9778670586541971,0.5125234643020791,0.4250802021927004,0.9613238616634214,0.4086397414885547
95792.00400801604,0.6385501230027273,0.988680222509697,0.6313218776939308,0.5988501101560354,0.9856266271071619,0.5902426142158456,0.5230096318628151,0.977826167805126,0.5114125040495863,0.4245599576532597,0.9612603054272904,0.4081126345659699
95992.38476953907,0.6376548975096199,0.9886691195692461,0.6304297061098537,0.5982751075545795,0.9856035303411491,0.5896620581210242,0.5219732218719613,0.9777853746914278,0.5103777823269674,0.424262025847918,0.9611966429867382,0.40779923499177156
96192.76553106212,0.6368466981410985,0.9886579314776038,0.6296235392525205,0.5975807064285578,0.9855803452496421,0.588963798956383,0.521056559911654,0.9777446778125938,0.5094602782929586,0.4241447844995413,0.9611328138724518,0.4076594702153688
96393.14629258518,0.6361353583539818,0.9886466585899982,0.6289130964476153,0.5967732653272784,0.9855570740587123,0.5881541132524161,0.5202883431575359,0.9777040734323612,0.508688032464497,0.4241387392935883,0.9610687443322153,0.40762648559553777
96593.52705410821,0.6355272126532021,0.9886353010426899,0.6283046372022201,0.595864460258364,0.9855337191315819,0.5872445176167582,0.5196825347395848,0.9776635574946808,0.5080746756813556,0.4241626340356814,0.9610044078274431,0.40762216094398845
96793.90781563128,0.635024731515768,0.9886238587977705,0.6278006005031367,0.5948708447576734,0.9855102826698079,0.5862513343691621,0.519238699524632,0.9776231276994709,0.5076197614518765,0.42413545621607923,0.9609398518343477,0.40756866245397266
96994.28857715431,0.6346263004440118,0.9886123317088211,0.6273993866456974,0.5938132360061918,0.9854867664549402,0.5851950858298862,0.518943554931927,0.9775827849613559,0.5073102856680995,0.42398513111835184,0.9608751593206785,0.4073967804129451
97194.66933867735,0.6343261719008118,0.9886007195962799,0.627095309999896,0.5927159120592207,0.985463171684532,0.5840997026057698,0.5187731208082101,0.9775425336698818,0.5071227909146894,0.4236559901798408,0.9608103761629777,0.40705307128839163
97395.05010020039,0.6341146112825737,0.9885890223204744,0.6268787436069673,0.5916056082267269,0.9854394989342624,0.5829915341376454,0.5186950375596567,0.9775023805893446,0.507025634014444,0.42311709512374207,0.9607454755631609,0.4065078347735628
97595.43086172345,0.6339782462243164,0.9885772398412875,0.6267364647718549,0.5905103117301875,0.9854157482494914,0.5818981606826432,0.518670854549613,0.9774623327764971,0.506981223431244,0.42237247686081325,0.960680384027518,0.40576495327330003
97795.81162324648,0.633900613024236,0.9885653722561988,0.6266521954877364,0.5894578737532875,0.9853919193417023,0.5808470255888308,0.5186582919451075,0.9774223953344241,0.506948230073048,0.4214711400491956,0.9606150419209508,0.404871516866829
97996.19238476953,0.6338628764104682,0.9885534198124919,0.6266073141677513,0.5884744868690367,0.9853680118439267,0.5798639351470176,0.518613611436408,0.97738256991716,0.506883904339736,0.4205079659801841,0.9605494567829357,0.403918698295163
98196.57314629259,0.6338446817160961,0.9885413828940739,0.6265816982036837,0.5875831114478095,0.9853440255682778,0.5789715083899186,0.518494280714162,0.9773428545794366,0.5067466803962909,0.419603311549891,0.9604837031047236,0.40302214251244434
98396.95390781562,0.6338250846921154,0.9885292619877654,0.6265546432000297,0.5868019713570656,0.9853199607098707,0.5781876953620185,0.5182620753782412,0.9773032450038027,0.5064992080295605,0.41886390531815926,0.9604178580198921,0.4022843747475134
98597.33466933868,0.6337834963339932,0.988517057637263,0.6265057969751361,0.5861432672295199,0.9852958179543856,0.5775245099233659,0.5178866176667193,0.9772637366108401,0.5061118111217277,0.41834904491628994,0.9603519349380271,0.40176231476483465
98797.71543086172,0.6337005798784098,0.9885047703946491,0.6264160462116635,0.5856122624649739,0.9852715984690196,0.5769871299219238,0.5173490942316218,0.9772243267544745,0.5055661203075338,0.4180615939477209,0.9602858767303298,0.40145864427136635
98998.09619238476,0.6335590446546014,0.988492400779029,0.626268301085895,0.5852068725906354,0.985247303784011,0.5765734933757968,0.5166455560695669,0.9771850161761013,0.5048582960651505,0.4179601316428128,0.9602196042415554,0.4013335121948101
99198.47695390783,0.6333442952398024,0.9884799492498049,0.6260481368162933,0.5849178303189474,0.9852229355979248,0.5762744618704022,0.5157889087706402,0.9771458091321618,0.504000970602082,0.41797730996992966,0.9601530822943881,0.40132220249674483
99398.85771543086,0.6330449116570257,0.9884674161987064,0.6257442681633585,0.584729416503928,0.9851984955576365,0.5760745414479644,0.514808675397598,0.9771067120874812,0.5030230121718584,0.41803465608552215,0.960086356514414,0.40134936985790504
99599.2384769539,0.6326529540016278,0.9884548019607431,0.6253488503575582,0.5846206620088968,0.9851739850684912,0.5759530673446843,0.5137480473314777,0.977067731455217,0.5019666391457144,0.4180520568321156,0.9600195196781791,0.40133813480044245
99799.61923847697,0.6321641000781962,0.9884421068404607,0.6248576149501962,0.5845668612540826,0.9851494051803417,0.5758856956525988,0.5126585600323771,0.9770288713054521,0.5008822142735118,0.4179541255222494,0.9599526311626781,0.40121616250037956
100000.0,0.6315776354901316,0.9884293311469263,0.624269859814868,0.584541212142953,0.9851247565742816,0.575846019319962,0.5115935396057348,0.9769901320009875,0.4998218397902593,0.41767690726257495,0.9598856702291594,0.4009220780669792
