a_max_divided_f_micron,P_Band 4,omega_Band 4,P_times_omega_Band 4,P_Band4_nterms2,omega_Band4_nterms2,P_times_omega_Band4_nterms2,P_Band4_nterms2_robust_minus,omega_Band4_nterms2_robust_minus,P_times_omega_Band4_nterms2_robust_minus,P_Band4_nterms2_smooth,omega_Band4_nterms2_smooth,P_times_omega_Band4_nterms2_smooth,P_Band4_nterms2_smooth_B6,omega_Band4_nterms2_smooth_B6,P_times_omega_Band4_nterms2_smooth_B6,P_Band4_nterms2_smooth_B6_B7,omega_Band4_nterms2_smooth_B6_B7,P_times_omega_Band4_nterms2_smooth_B6_B7,P_Band5,omega_Band5,P_times_omega_Band5,P_Band5_robust_minus1,omega_Band5_robust_minus1,P_times_omega_Band5_robust_minus1,P_Band5_robust_minus2,omega_Band5_robust_minus2,P_times_omega_Band5_robust_minus2,P_Band6,omega_Band6,P_times_omega_Band6,P_Band6_smooth,omega_Band6_smooth,P_times_omega_Band6_smooth,P_Band6_smooth_B7,omega_Band6_smooth_B7,P_times_omega_Band6_smooth_B7,P_Band7_nterms2,omega_Band7_nterms2,P_times_omega_Band7_nterms2,P_Band7_nterms2_smooth,omega_Band7_nterms2_smooth,P_times_omega_Band7_nterms2_smooth,P_Band7_nterms2_smooth_B6,omega_Band7_nterms2_smooth_B6,P_times_omega_Band7_nterms2_smooth_B6
10.0,0.9999999541547884,0.0022267229691207984,0.0022267228670362128,0.9999999541547884,0.0022267229691207984,0.0022267228670362128,0.9999999541547884,0.0022267229691207984,0.0022267228670362128,0.9999999541547884,0.0022267229691207984,0.0022267228670362128,0.9999999541547884,0.0022267229691207984,0.0022267228670362128,0.9999999541547884,0.0022267229691207984,0.0022267228670362128,0.9999999120205759,0.0031523152970268577,0.003152315019687973,0.9999999120205759,0.0031523152970268577,0.003152315019687973,0.9999999120205759,0.0031523152970268577,0.003152315019687973,0.9999997425809415,0.0057426606047466106,0.005742659126476324,0.9999997425809415,0.0057426606047466106,0.005742659126476324,0.9999997425809415,0.0057426606047466106,0.005742659126476324,0.9999987151058716,0.014406678974132694,0.01440666046307547,0.9999987151058716,0.014406678974132694,0.01440666046307547,0.9999987151058716,0.014406678974132694,0.01440666046307547
11.983967935871743,0.9999999223202084,0.003062774768252251,0.0030627745303365454,0.9999999223202084,0.003062774768252251,0.0030627745303365454,0.9999999223202084,0.003062774768252251,0.0030627745303365454,0.9999999223202084,0.003062774768252251,0.0030627745303365454,0.9999999223202084,0.003062774768252251,0.0030627745303365454,0.9999999223202084,0.003062774768252251,0.0030627745303365454,0.9999998509192316,0.004334108848260273,0.004334108202127996,0.9999998509192316,0.004334108848260273,0.004334108202127996,0.9999998509192316,0.004334108848260273,0.004334108202127996,0.999999563736325,0.007886613828631211,0.00788661038798808,0.999999563736325,0.007886613828631211,0.00788661038798808,0.999999563736325,0.007886613828631211,0.00788661038798808,0.9999978213866946,0.01971179937239449,0.019711756428006103,0.9999978213866946,0.01971179937239449,0.019711756428006103,0.9999978213866946,0.01971179937239449,0.019711756428006103
13.967935871743487,0.9999998711944141,0.004139449538549689,0.004139449005365466,0.9999998711944141,0.004139449538549689,0.004139449005365466,0.9999998711944141,0.004139449538549689,0.004139449005365466,0.9999998711944141,0.004139449538549689,0.004139449005365466,0.9999998711944141,0.004139449538549689,0.004139449005365466,0.9999998711944141,0.004139449538549689,0.004139449005365466,0.9999997527811431,0.005854685450644356,0.005854684003255711,0.9999997527811431,0.005854685450644356,0.005854684003255711,0.9999997527811431,0.005854685450644356,0.005854684003255711,0.9999992764064649,0.010638417410694411,0.01063840971280435,0.9999992764064649,0.010638417410694411,0.01063840971280435,0.9999992764064649,0.010638417410694411,0.01063840971280435,0.9999963843613203,0.026466386232324512,0.02646629053943474,0.9999963843613203,0.026466386232324512,0.02646629053943474,0.9999963843613203,0.026466386232324512,0.02646629053943474
15.951903807615233,0.9999997943919157,0.005488362391845737,0.00548836126339406,0.9999997943919157,0.005488362391845737,0.00548836126339406,0.9999997943919157,0.005488362391845737,0.00548836126339406,0.9999997943919157,0.005488362391845737,0.00548836126339406,0.9999997943919157,0.005488362391845737,0.00548836126339406,0.9999997943919157,0.005488362391845737,0.00548836126339406,0.9999996053375266,0.007757628524115741,0.007757625462470881,0.9999996053375266,0.007757628524115741,0.007757625462470881,0.9999996053375266,0.007757628524115741,0.007757625462470881,0.9999988445831065,0.01407164526653082,0.014071629007914161,0.9999988445831065,0.01407164526653082,0.014071629007914161,0.9999988445831065,0.01407164526653082,0.014071629007914161,0.9999942225946195,0.03480946835986171,0.03480926725145192,0.9999942225946195,0.03480946835986171,0.03480926725145192,0.9999942225946195,0.03480946835986171,0.03480926725145192
17.935871743486974,0.9999996846256765,0.007140510817166866,0.007140508565233098,0.9999996846256765,0.007140510817166866,0.007140508565233098,0.9999996846256765,0.007140510817166866,0.007140508565233098,0.9999996846256765,0.007140510817166866,0.007140508565233098,0.9999996846256765,0.007140510817166866,0.007140508565233098,0.9999996846256765,0.007140510817166866,0.007140508565233098,0.9999993945815575,0.01008518828336373,0.010085182177604747,0.9999993945815575,0.01008518828336373,0.010085182177604747,0.9999993945815575,0.01008518828336373,0.010085182177604747,0.9999982271122003,0.018255230369873376,0.018255198005398172,0.9999982271122003,0.018255230369873376,0.018255198005398172,0.9999982271122003,0.018255230369873376,0.018255198005398172,0.9999911280159269,0.044852813053656626,0.04485241512021358,0.9999911280159269,0.044852813053656626,0.04485241512021358,0.9999911280159269,0.044852813053656626,0.04485241512021358
19.919839679358716,0.9999995336973708,0.0091260318575313,0.00912602760203865,0.9999995336973708,0.0091260318575313,0.00912602760203865,0.9999995336973708,0.0091260318575313,0.00912602760203865,0.9999995336973708,0.0091260318575313,0.00912602760203865,0.9999995336973708,0.0091260318575313,0.00912602760203865,0.9999995336973708,0.0091260318575313,0.00912602760203865,0.9999991047472613,0.01287784254387227,0.012877831014948464,0.9999991047472613,0.01287784254387227,0.012877831014948464,0.9999991047472613,0.01287784254387227,0.012877831014948464,0.999997377613251,0.023252257777706786,0.023252196801294107,0.999997377613251,0.023252257777706786,0.023252196801294107,0.999997377613251,0.023252257777706786,0.023252196801294107,0.9999868651993044,0.05667627888903695,0.056675534457409575,0.9999868651993044,0.05667627888903695,0.056675534457409575,0.9999868651993044,0.05667627888903695,0.056675534457409575
21.903807615230466,0.9999993324906038,0.011473963476742958,0.011473955817764525,0.9999993324906038,0.011473963476742958,0.011473955817764525,0.9999993324906038,0.011473963476742958,0.011473955817764525,0.9999993324906038,0.011473963476742958,0.011473955817764525,0.9999993324906038,0.011473963476742958,0.011473955817764525,0.9999993324906038,0.011473963476742958,0.011473955817764525,0.9999987182937246,0.016173862079425342,0.016173841349284818,0.9999987182937246,0.016173862079425342,0.016173841349284818,0.9999987182937246,0.016173862079425342,0.016173841349284818,0.9999962444112082,0.02911879273819494,0.0291186833799833,0.9999962444112082,0.02911879273819494,0.0291186833799833,0.9999962444112082,0.02911879273819494,0.0291186833799833,0.9999811706465142,0.0703241052879591,0.07032278113052205,0.9999811706465142,0.0703241052879591,0.07032278113052205,0.9999811706465142,0.0703241052879591,0.07032278113052205
23.88777555110221,0.9999990709655027,0.014212005554277174,0.014211992350833738,0.9999990709655027,0.014212005554277174,0.014211992350833738,0.9999990709655027,0.014212005554277174,0.014211992350833738,0.9999990709655027,0.014212005554277174,0.014211992350833738,0.9999990709655027,0.014212005554277174,0.014211992350833738,0.9999990709655027,0.014212005554277174,0.014211992350833738,0.9999982158915668,0.020008877745145114,0.020008842047137588,0.9999982158915668,0.020008877745145114,0.020008842047137588,0.9999982158915668,0.020008877745145114,0.020008842047137588,0.9999947704713873,0.035902764365029094,0.03590257661049557,0.9999947704713873,0.035902764365029094,0.03590257661049557,0.9999947704713873,0.035902764365029094,0.03590257661049557,0.999973752017021,0.08580242056432806,0.08580016842385353,0.999973752017021,0.08580242056432806,0.08580016842385353,0.999973752017021,0.08580242056432806,0.08580016842385353
25.87174348697395,0.999998738153739,0.017366279781356082,0.01736625786778087,0.999998738153739,0.017366279781356082,0.01736625786778087,0.999998738153739,0.017366279781356082,0.01736625786778087,0.999998738153739,0.017366279781356082,0.01736625786778087,0.999998738153739,0.017366279781356082,0.01736625786778087,0.999998738153739,0.017366279781356082,0.01736625786778087,0.9999975764098328,0.02441545242328568,0.02441539325023526,0.9999975764098328,0.02441545242328568,0.02441539325023526,0.9999975764098328,0.02441545242328568,0.02441539325023526,0.9999928933330892,0.04364293690695894,0.04364262675114333,0.9999928933330892,0.04364293690695894,0.04364262675114333,0.9999928933330892,0.04364293690695894,0.04364262675114333,0.9999642872677307,0.10307820624013152,0.10307452503574926,0.9999642872677307,0.10307820624013152,0.10307452503574926,0.9999642872677307,0.10307820624013152,0.10307452503574926
27.855711422845694,0.9999983221534909,0.02096108988275519,0.020961054713263705,0.9999983221534909,0.02096108988275519,0.020961054713263705,0.9999983221534909,0.02096108988275519,0.020961054713263705,0.9999983221534909,0.02096108988275519,0.020961054713263705,0.9999983221534909,0.02096108988275519,0.020961054713263705,0.9999983221534909,0.02096108988275519,0.020961054713263705,0.9999967769023456,0.029422664184600225,0.029422569352480304,0.9999967769023456,0.029422664184600225,0.029422569352480304,0.9999967769023456,0.029422664184600225,0.029422569352480304,0.9999905450363251,0.05236800598036776,0.05236751084277349,0.9999905450363251,0.05236800598036776,0.05236751084277349,0.9999905450363251,0.05236800598036776,0.05236751084277349,0.9999524236759827,0.12207986691368161,0.12207405880237733,0.9999524236759827,0.12207986691368161,0.12207405880237733,0.9999524236759827,0.12207986691368161,0.12207405880237733
29.839679358717436,0.9999978101241043,0.02501868490989855,0.025018630122083524,0.9999978101241043,0.02501868490989855,0.025018630122083524,0.9999978101241043,0.02501868490989855,0.025018630122083524,0.9999978101241043,0.02501868490989855,0.025018630122083524,0.9999978101241043,0.02501868490989855,0.025018630122083524,0.9999978101241043,0.02501868490989855,0.025018630122083524,0.9999957925928596,0.035055709056451154,0.03505556156281056,0.9999957925928596,0.035055709056451154,0.03505556156281056,0.9999957925928596,0.035055709056451154,0.03505556156281056,0.9999876520422084,0.06209585820466099,0.06209509144762485,0.9999876520422084,0.06209585820466099,0.06209509144762485,0.9999876520422084,0.06209585820466099,0.06209509144762485,0.9999377767243889,0.14269943712502015,0.14269055789861437,0.9999377767243889,0.14269943712502015,0.14269055789861437,0.9999377767243889,0.14269943712502015,0.14269055789861437
31.823647294589183,0.9999971882803291,0.029559029204728887,0.02955894609302502,0.9999971882803291,0.029559029204728887,0.02955894609302502,0.9999971882803291,0.029559029204728887,0.02955894609302502,0.9999971882803291,0.029559029204728887,0.02955894609302502,0.9999971882803291,0.029559029204728887,0.02955894609302502,0.9999971882803291,0.029559029204728887,0.02955894609302502,0.9999945968595165,0.041335532933101916,0.04133530959141052,0.9999945968595165,0.041335532933101916,0.04133530959141052,0.9999945968595165,0.041335532933101916,0.04133530959141052,0.9999841351446795,0.07283303024851202,0.07283187476302458,0.9999841351446795,0.07283303024851202,0.07283187476302458,0.9999841351446795,0.07283303024851202,0.07283187476302458,0.9999199288275908,0.16479632640897274,0.16478313097390845,0.9999199288275908,0.16479632640897274,0.16478313097390845,0.9999199288275908,0.16479632640897274,0.16478313097390845
33.807615230460925,0.9999964418859548,0.03459958318190413,0.03459946007264125,0.9999964418859548,0.03459958318190413,0.03459946007264125,0.9999964418859548,0.03459958318190413,0.03459946007264125,0.9999964418859548,0.03459958318190413,0.03459946007264125,0.9999964418859548,0.03459958318190413,0.03459946007264125,0.9999964418859548,0.03459958318190413,0.03459946007264125,0.9999931612169817,0.04827850264822433,0.048278172482020265,0.9999931612169817,0.04827850264822433,0.048278172482020265,0.9999931612169817,0.04827850264822433,0.048278172482020265,0.9999799093729085,0.08457439784718207,0.08457269869449344,0.9999799093729085,0.08457439784718207,0.08457269869449344,0.9999799093729085,0.08457439784718207,0.08457269869449344,0.9998984278803636,0.18820237910271462,0.18818326298814855,0.9998984278803636,0.18820237910271462,0.18818326298814855,0.9998984278803636,0.18820237910271462,0.18818326298814855
35.791583166332664,0.9999955552473266,0.04015509939380405,0.04015492091431867,0.9999955552473266,0.04015509939380405,0.04015492091431867,0.9999955552473266,0.04015509939380405,0.04015492091431867,0.9999955552473266,0.04015509939380405,0.04015492091431867,0.9999955552473266,0.04015509939380405,0.04015492091431867,0.9999955552473266,0.04015509939380405,0.04015492091431867,0.9999914552975613,0.0558961261589165,0.055895648543150996,0.9999914552975613,0.0558961261589165,0.055895648543150996,0.9999914552975613,0.0558961261589165,0.055895648543150996,0.999974883883562,0.0973031173255017,0.09730067344907718,0.999974883883562,0.0973031173255017,0.09730067344907718,0.999974883883562,0.0973031173255017,0.09730067344907718,0.9998727856047872,0.21272792334516116,0.21270086129104793,0.9998727856047872,0.21272792334516116,0.21270086129104793,0.9998727856047872,0.21272792334516116,0.21270086129104793
37.77555110220442,0.9999945117057167,0.04623743845515879,0.046237184690489645,0.9999945117057167,0.04623743845515879,0.046237184690489645,0.9999945117057167,0.04623743845515879,0.046237184690489645,0.9999945117057167,0.04623743845515879,0.046237184690489645,0.9999945117057167,0.04623743845515879,0.046237184690489645,0.9999945117057167,0.04623743845515879,0.046237184690489645,0.999989446830509,0.06419483119160721,0.0641941537326732,0.999989446830509,0.06419483119160721,0.0641941537326732,0.999989446830509,0.06419483119160721,0.0641941537326732,0.9999689618421398,0.11099083211835449,0.11098738716738617,0.9999689618421398,0.11099083211835449,0.11098738716738617,0.9999689618421398,0.11099083211835449,0.11098738716738617,0.9998424756717127,0.23816841702336103,0.23813089970345017,0.9998424756717127,0.23816841702336103,0.23813089970345017,0.9998424756717127,0.23816841702336103,0.23813089970345017
39.75951903807615,0.9999932936294927,0.05285540933781935,0.052855054869861015,0.9999932936294927,0.05285540933781935,0.052855054869861015,0.9999932936294927,0.05285540933781935,0.052855054869861015,0.9999932936294927,0.05285540933781935,0.052855054869861015,0.9999932936294927,0.05285540933781935,0.052855054869861015,0.9999932936294927,0.05285540933781935,0.052855054869861015,0.9999871016195768,0.07317581062415912,0.07317486677471592,0.9999871016195768,0.07317581062415912,0.07317486677471592,0.9999871016195768,0.07317581062415912,0.07317486677471592,0.9999620402925394,0.12559814541710507,0.12559337774824744,0.9999620402925394,0.12559814541710507,0.12559337774824744,0.9999620402925394,0.12559814541710507,0.12559337774824744,0.9998069315687285,0.2643112741303467,0.264260243967283,0.9998069315687285,0.2643112741303467,0.264260243967283,0.9998069315687285,0.2643112741303467,0.264260243967283
41.7434869739479,0.9999918824055823,0.06001463829694791,0.060014151122455096,0.9999918824055823,0.06001463829694791,0.060014151122455096,0.9999918824055823,0.06001463829694791,0.060014151122455096,0.9999918824055823,0.06001463829694791,0.060014151122455096,0.9999918824055823,0.06001463829694791,0.060014151122455096,0.9999918824055823,0.06001463829694791,0.060014151122455096,0.9999843835187033,0.08283494136433524,0.08283364777402272,0.9999843835187033,0.08283494136433524,0.08283364777402272,0.9999843835187033,0.08283494136433524,0.08283364777402272,0.9999540100139469,0.14107534819686995,0.14106886014357395,0.9999540100139469,0.14107534819686995,0.14106886014357395,0.9999540100139469,0.14107534819686995,0.14106886014357395,0.9997655441832742,0.2909424731900672,0.29087426003489525,0.9997655441832742,0.2909424731900672,0.29087426003489525,0.9997655441832742,0.2909424731900672,0.29087426003489525
43.72745490981964,0.999990258430309,0.0677174702761853,0.06771681060172931,0.999990258430309,0.0677174702761853,0.06771681060172931,0.999990258430309,0.0677174702761853,0.06771681060172931,0.999990258430309,0.0677174702761853,0.06771681060172931,0.999990258430309,0.0677174702761853,0.06771681060172931,0.999990258430309,0.0677174702761853,0.06771681060172931,0.9999812544057534,0.09316278159643923,0.09316103520473654,0.9999812544057534,0.09316278159643923,0.09316103520473654,0.9999812544057534,0.09316278159643923,0.09316103520473654,0.9999447553640834,0.15736338036050476,0.15735468687785015,0.9999447553640834,0.15736338036050476,0.15735468687785015,0.9999447553640834,0.15736338036050476,0.15735468687785015,0.9997176590654667,0.3178526039069795,0.3177628611057486,0.9997176590654667,0.3178526039069795,0.3177628611057486,0.9997176590654667,0.3178526039069795,0.3177628611057486
45.71142284569139,0.9999884010995633,0.07596290606852767,0.07596202498234329,0.9999884010995633,0.07596290606852767,0.07596202498234329,0.9999884010995633,0.07596290606852767,0.07596202498234329,0.9999884010995633,0.07596290606852767,0.07596202498234329,0.9999884010995633,0.07596290606852767,0.07596202498234329,0.9999884010995633,0.07596290606852767,0.07596202498234329,0.9999776741541959,0.10414464908630501,0.10414232396892818,0.9999776741541959,0.10414464908630501,0.10414232396892818,0.9999776741541959,0.10414464908630501,0.10414232396892818,0.9999341541077454,0.1743949924113689,0.17438350921748885,0.9999341541077454,0.1743949924113689,0.17438350921748885,0.9999341541077454,0.1743949924113689,0.17438350921748885,0.9996625733304985,0.3448420883630904,0.34472572944571006,0.9996625733304985,0.3448420883630904,0.34472572944571006,0.9996625733304985,0.3448420883630904,0.34472572944571006
47.69539078156313,0.9999862887982918,0.084746577800107,0.0847454158226847,0.9999862887982918,0.084746577800107,0.0847454158226847,0.9999862887982918,0.084746577800107,0.0847454158226847,0.9999862887982918,0.084746577800107,0.0847454158226847,0.9999862887982918,0.084746577800107,0.0847454158226847,0.9999862887982918,0.084746577800107,0.0847454158226847,0.9999736006026071,0.11576078085866152,0.11575772484380513,0.9999736006026071,0.11576078085866152,0.11575772484380513,0.9999736006026071,0.11576078085866152,0.11575772484380513,0.9999220772294911,0.1920960666731253,0.19208109801540627,0.9999220772294911,0.1920960666731253,0.19208109801540627,0.9999220772294911,0.1920960666731253,0.19208109801540627,0.9995995321551219,0.371725406163875,0.3715765420915821,0.9995995321551219,0.371725406163875,0.3715765420915821,0.9995995321551219,0.371725406163875,0.3715765420915821
49.67935871743487,0.9999838988892629,0.09406076447854322,0.09405924999575833,0.9999838988892629,0.09406076447854322,0.09405924999575833,0.9999838988892629,0.09406076447854322,0.09405924999575833,0.9999838988892629,0.09406076447854322,0.09405924999575833,0.9999838988892629,0.09406076447854322,0.09405924999575833,0.9999838988892629,0.09406076447854322,0.09405924999575833,0.999968989521877,0.12798657210233202,0.1279826031775378,0.999968989521877,0.12798657210233202,0.1279826031775378,0.999968989521877,0.12798657210233202,0.1279826031775378,0.9999083887292177,0.21038705116821071,0.21036777734309706,0.9999083887292177,0.21038705116821071,0.21036777734309706,0.9999083887292177,0.21038705116821071,0.21036777734309706,0.9995277248165404,0.39833424658363076,0.39814612320424725,0.9995277248165404,0.39833424658363076,0.39814612320424725,0.9995277248165404,0.39833424658363076,0.39814612320424725
51.66332665330661,0.9999812077010858,0.10389444843446444,0.10389249601893392,0.9999812077010858,0.10389444843446444,0.10389249601893392,0.9999812077010858,0.10389444843446444,0.10389249601893392,0.9999812077010858,0.10389444843446444,0.10389249601893392,0.9999812077010858,0.10389444843446444,0.10389249601893392,0.9999812077010858,0.10389444843446444,0.10389249601893392,0.9999637945799902,0.14079288973685797,0.14078779227115065,0.9999637945799902,0.14079288973685797,0.14078779227115065,0.9999637945799902,0.14079288973685797,0.14078779227115065,0.9998929453992762,0.2291844561756434,0.2291599209251954,0.9998929453992762,0.2291844561756434,0.2291599209251954,0.9998929453992762,0.2291844561756434,0.2291599209251954,0.9994462802149782,0.4245195947706102,0.4242845298718563,0.9994462802149782,0.4245195947706102,0.4242845298718563,0.9994462802149782,0.4245195947706102,0.4242845298718563
53.647294589178365,0.9999781905154401,0.1142334125172828,0.11423092114543629,0.9999781905154401,0.1142334125172828,0.11423092114543629,0.9999781905154401,0.1142334125172828,0.11423092114543629,0.9999781905154401,0.1142334125172828,0.11423092114543629,0.9999781905154401,0.1142334125172828,0.11423092114543629,0.9999781905154401,0.1142334125172828,0.11423092114543629,0.9999579673042391,0.15414645380744,0.1541399746164445,0.9999579673042391,0.15414645380744,0.1541399746164445,0.9999579673042391,0.15414645380744,0.1541399746164445,0.9998755965816429,0.24840236329055423,0.24837146118743292,0.9998755965816429,0.24840236329055423,0.24837146118743292,0.9998755965816429,0.24840236329055423,0.24837146118743292,0.999354261813034,0.45015282663994405,0.4498621457698119,0.999354261813034,0.45015282663994405,0.4498621457698119,0.999354261813034,0.45015282663994405,0.4498621457698119
55.6312625250501,0.9999748215534852,0.12506037692077626,0.12505722809476483,0.9999748215534852,0.12506037692077626,0.12505722809476483,0.9999748215534852,0.12506037692077626,0.12505722809476483,0.9999748215534852,0.12506037692077626,0.12505722809476483,0.9999748215534852,0.12506037692077626,0.12505722809476483,0.9999748215534852,0.12506037692077626,0.12505722809476483,0.999951457040718,0.1680102778735566,0.1680021221574788,0.999951457040718,0.1680102778735566,0.1680021221574788,0.999951457040718,0.1680102778735566,0.1680021221574788,0.999856183903543,0.2679538993352324,0.2679153632513996,0.999856183903543,0.2679538993352324,0.2679153632513996,0.999856183903543,0.2679538993352324,0.2679153632513996,0.9992506619155327,0.475125934906525,0.4747699049485814,0.9992506619155327,0.475125934906525,0.4747699049485814,0.9992506619155327,0.475125934906525,0.4747699049485814
57.61523046092185,0.9999710739614049,0.13635517354842042,0.1363512293334077,0.9999710739614049,0.13635517354842042,0.1363512293334077,0.9999710739614049,0.13635517354842042,0.1363512293334077,0.9999710739614049,0.13635517354842042,0.1363512293334077,0.9999710739614049,0.13635517354842042,0.1363512293334077,0.9999710739614049,0.13635517354842042,0.1363512293334077,0.9999442109109411,0.18234415791419578,0.18233398509973053,0.9999442109109411,0.18234415791419578,0.18233398509973053,0.9999442109109411,0.18234415791419578,0.18233398509973053,0.9998345409897973,0.28775263234811943,0.2877050210823879,0.9998345409897973,0.28775263234811943,0.2877050210823879,0.9998345409897973,0.28775263234811943,0.2877050210823879,0.9991343952027514,0.49935103665745534,0.4989187960046136,0.9991343952027514,0.49935103665745534,0.4989187960046136,0.9991343952027514,0.49935103665745534,0.4989187960046136
59.59919839679359,0.9999669197950487,0.14809495492020244,0.14809005590874144,0.9999669197950487,0.14809495492020244,0.14809005590874144,0.9999669197950487,0.14809495492020244,0.14809005590874144,0.9999669197950487,0.14809495492020244,0.14809005590874144,0.9999669197950487,0.14809495492020244,0.14809005590874144,0.9999669197950487,0.14809495492020244,0.14809005590874144,0.9999361737654116,0.19710519806096477,0.19709261757835472,0.9999361737654116,0.19710519806096477,0.19709261757835472,0.9999361737654116,0.19710519806096477,0.19709261757835472,0.999810493149981,0.30771385357264025,0.3076555396895425,0.999810493149981,0.30771385357264025,0.3076555396895425,0.999810493149981,0.30771385357264025,0.3076555396895425,0.999004291417322,0.5227593231210802,0.5222388071763736,0.999004291417322,0.5227593231210802,0.5222388071763736,0.999004291417322,0.5227593231210802,0.5222388071763736
61.583166332665336,0.999962330003625,0.16025443380681914,0.16024839702287855,0.999962330003625,0.16025443380681914,0.16024839702287855,0.999962330003625,0.16025443380681914,0.16024839702287855,0.999962330003625,0.16025443380681914,0.16024839702287855,0.999962330003625,0.16025443380681914,0.16024839702287855,0.999962330003625,0.16025443380681914,0.16024839702287855,0.999927288133959,0.2122483607344983,0.21223292776012515,0.999927288133959,0.2122483607344983,0.21223292776012515,0.999927288133959,0.2122483607344983,0.21223292776012515,0.9997838570383631,0.3277557172640247,0.3276848751726018,0.9997838570383631,0.3277557172640247,0.3276848751726018,0.9997838570383631,0.3277557172640247,0.3276848751726018,0.9988590870905819,0.5452996084244266,0.5446774690616746,0.9988590870905819,0.5452996084244266,0.5446774690616746,0.9988590870905819,0.5452996084244266,0.5446774690616746
63.567134268537075,0.9999572744123973,0.17280614908432607,0.1727987658400651,0.9999572744123973,0.17280614908432607,0.1727987658400651,0.9999572744123973,0.17280614908432607,0.1727987658400651,0.9999572744123973,0.17280614908432607,0.1727987658400651,0.9999572744123973,0.17280614908432607,0.1727987658400651,0.9999572744123973,0.17280614908432607,0.1727987658400651,0.9999174941726541,0.22772702851582285,0.22770823970892612,0.9999174941726541,0.22772702851582285,0.22770823970892612,0.9999174941726541,0.22772702851582285,0.22770823970892612,0.9997544402843771,0.34780021859132837,0.3477148128685575,0.9997544402843771,0.34780021859132837,0.3477148128685575,0.9997544402843771,0.34780021859132837,0.3477148128685575,0.9986974161772576,0.5669366202241974,0.5661981377541732,0.9986974161772576,0.5669366202241974,0.5661981377541732,0.9986974161772576,0.5669366202241974,0.5661981377541732
65.55110220440882,0.9999517217043338,0.18572075275698682,0.18571178647557388,0.9999517217043338,0.18572075275698682,0.18571178647557388,0.9999517217043338,0.18572075275698682,0.18571178647557388,0.9999517217043338,0.18572075275698682,0.18571178647557388,0.9999517217043338,0.18572075275698682,0.18571178647557388,0.9999517217043338,0.18572075275698682,0.18571178647557388,0.9999067296070902,0.24349356532038577,0.24347085457987733,0.9999067296070902,0.24349356532038577,0.24347085457987733,0.9999067296070902,0.24349356532038577,0.24347085457987733,0.9997220410912074,0.36777399834131497,0.3676717722820537,0.9997220410912074,0.36777399834131497,0.3676717722820537,0.9997220410912074,0.36777399834131497,0.3676717722820537,0.9985177994477454,0.5876491550790491,0.586778141176859,0.9985177994477454,0.5876491550790491,0.586778141176859,0.9985177994477454,0.5876491550790491,0.586778141176859
67.53507014028057,0.9999456394006623,0.19896731271556362,0.1989564967331958,0.9999456394006623,0.19896731271556362,0.1989564967331958,0.9999456394006623,0.19896731271556362,0.1989564967331958,0.9999456394006623,0.19896731271556362,0.1989564967331958,0.9999456394006623,0.19896731271556362,0.1989564967331958,0.9999456394006623,0.19896731271556362,0.1989564967331958,0.9998949296718134,0.25949986511996903,0.2594725993839765,0.9998949296718134,0.25949986511996903,0.2594725993839765,0.9998949296718134,0.25949986511996903,0.2594725993839765,0.9996864477998477,0.38760897100909053,0.3874874353634319,0.9996864477998477,0.38760897100909053,0.3874874353634319,0.9996864477998477,0.38760897100909053,0.3874874353634319,0.9983186324644266,0.6074281986604025,0.6064068886069831,0.9983186324644266,0.6074281986604025,0.6064068886069831,0.9983186324644266,0.6074281986604025,0.6064068886069831
69.5190380761523,0.9999389938402712,0.2125136255918532,0.21250066095166578,0.9999389938402712,0.2125136255918532,0.21250066095166578,0.9999389938402712,0.2125136255918532,0.21250066095166578,0.9999389938402712,0.2125136255918532,0.21250066095166578,0.9999389938402712,0.2125136255918532,0.21250066095166578,0.9999389938402712,0.2125136255918532,0.21250066095166578,0.9998820270456666,0.27569787751662267,0.2756653526235086,0.9998820270456666,0.27569787751662267,0.2756653526235086,0.9998820270456666,0.27569787751662267,0.2756653526235086,0.9996474384157619,0.40724277982381274,0.4070992016641885,0.9996474384157619,0.40724277982381274,0.4070992016641885,0.9996474384157619,0.40724277982381274,0.4070992016641885,0.998098171941834,0.6262750879603677,0.6250840204259543,0.998098171941834,0.6262750879603677,0.6250840204259543,0.998098171941834,0.6262750879603677,0.6250840204259543
71.50300601202404,0.9999317501578964,0.2263265340389319,0.2263110872887199,0.9999317501578964,0.2263265340389319,0.2263110872887199,0.9999317501578964,0.2263265340389319,0.2263110872887199,0.9999317501578964,0.2263265340389319,0.2263110872887199,0.9999317501578964,0.2263265340389319,0.2263110872887199,0.9999317501578964,0.2263265340389319,0.2263110872887199,0.9998679517827983,0.29204010083684545,0.29200153746217855,0.9998679517827983,0.29204010083684545,0.29200153746217855,0.9998679517827983,0.29204010083684545,0.29200153746217855,0.999604780095021,0.4266190880159764,0.4264504796605485,0.999604780095021,0.4266190880159764,0.4264504796605485,0.999604780095021,0.4266190880159764,0.4264504796605485,0.9978545202594492,0.6441997713323133,0.6428176537740524,0.9978545202594492,0.6441997713323133,0.6428176537740524,0.9978545202594492,0.6441997713323133,0.6428176537740524
73.4869739478958,0.9999238722610369,0.2403722429034755,0.24035394390811377,0.9999238722610369,0.2403722429034755,0.24035394390811377,0.9999238722610369,0.2403722429034755,0.24035394390811377,0.9999238722610369,0.2403722429034755,0.24035394390811377,0.9999238722610369,0.2403722429034755,0.24035394390811377,0.9999238722610369,0.2403722429034755,0.24035394390811377,0.9998526312390689,0.3084800349976597,0.3084345746771301,0.9998526312390689,0.3084800349976597,0.3084345746771301,0.9998526312390689,0.3084800349976597,0.3084345746771301,0.9995582285865009,0.44568772008027674,0.44549082798619766,0.9995582285865009,0.44568772008027674,0.44549082798619766,0.9995582285865009,0.44568772008027674,0.44549082798619766,0.9975856078595902,0.6612192035580302,0.6596227611098716,0.9975856078595902,0.6612192035580302,0.6596227611098716,0.9975856078595902,0.6612192035580302,0.6596227611098716
75.47094188376754,0.9999153228055314,0.25461662904768945,0.2545950688258766,0.9999153228055314,0.25461662904768945,0.2545950688258766,0.9999153228055314,0.25461662904768945,0.2545950688258766,0.9999153228055314,0.25461662904768945,0.2545950688258766,0.9999153228055314,0.25461662904768945,0.2545950688258766,0.9999153228055314,0.25461662904768945,0.2545950688258766,0.9998359899935704,0.3249725881097535,0.3249192893534882,0.9998359899935704,0.3249725881097535,0.3249192893534882,0.9998359899935704,0.3249725881097535,0.3249192893534882,0.9995075276264428,0.46440466989663653,0.4641759634265615,0.9995075276264428,0.46440466989663653,0.4641759634265615,0.9995075276264428,0.46440466989663653,0.4641759634265615,0.9972891732204178,0.6773558976629728,0.6755197031562801,0.9972891732204178,0.6773558976629728,0.6755197031562801,0.9972891732204178,0.6773558976629728,0.6755197031562801
77.45490981963928,0.9999060631697287,0.2690255400039214,0.2690002685974314,0.9999060631697287,0.2690255400039214,0.2690002685974314,0.9999060631697287,0.2690255400039214,0.2690002685974314,0.9999060631697287,0.2690255400039214,0.2690002685974314,0.9999060631697287,0.2690255400039214,0.2690002685974314,0.9999060631697287,0.2690255400039214,0.2690002685974314,0.9998179497649647,0.3414744325400199,0.3414122670393175,0.9998179497649647,0.3414744325400199,0.3414122670393175,0.9998179497649647,0.3414744325400199,0.3414122670393175,0.9994524082813036,0.4827319944206855,0.4824676543781909,0.9994524082813036,0.4827319944206855,0.4824676543781909,0.9994524082813036,0.4827319944206855,0.4824676543781909,0.9969627400442839,0.6926366429627081,0.6905329254231758,0.9969627400442839,0.6926366429627081,0.6905329254231758,0.9969627400442839,0.6926366429627081,0.6905329254231758
79.43887775551103,0.999896053427179,0.28356507718063156,0.2835356015626869,0.999896053427179,0.28356507718063156,0.2835356015626869,0.999896053427179,0.28356507718063156,0.2835356015626869,0.999896053427179,0.28356507718063156,0.2835356015626869,0.999896053427179,0.28356507718063156,0.2835356015626869,0.999896053427179,0.28356507718063156,0.2835356015626869,0.9997984293223092,0.3579443078777875,0.35787215680107304,0.9997984293223092,0.3579443078777875,0.35787215680107304,0.9997984293223092,0.3579443078777875,0.35787215680107304,0.999392588234483,0.5006376123853338,0.5003335192093106,0.999392588234483,0.5006376123853338,0.5003335192093106,0.999392588234483,0.5006376123853338,0.5003335192093106,0.9966035912432992,0.7070913896061708,0.7046898182187247,0.9966035912432992,0.7070913896061708,0.7046898182187247,0.9966035912432992,0.7070913896061708,0.7046898182187247
81.42284569138276,0.9998852523177655,0.2982018599568485,0.29816764198458046,0.9998852523177655,0.2982018599568485,0.29816764198458046,0.9998852523177655,0.2982018599568485,0.29816764198458046,0.9998852523177655,0.2982018599568485,0.29816764198458046,0.9998852523177655,0.2982018599568485,0.29816764198458046,0.9998852523177655,0.2982018599568485,0.29816764198458046,0.9997773443900333,0.3743432698685024,0.3742599202394129,0.9997773443900333,0.3743432698685024,0.3742599202394129,0.9997773443900333,0.3743432698685024,0.3742599202394129,0.9993277710120886,0.5180950272497626,0.5177467487539525,0.9993277710120886,0.5180950272497626,0.5177467487539525,0.9993277710120886,0.5180950272497626,0.5177467487539525,0.996208739235381,0.720752293312693,0.7180197334220474,0.996208739235381,0.720752293312693,0.7180197334220474,0.996208739235381,0.720752293312693,0.7180197334220474
83.40681362725451,0.9998736172172076,0.3129032676752614,0.31286372208954777,0.9998736172172076,0.3129032676752614,0.31286372208954777,0.9998736172172076,0.3129032676752614,0.31286372208954777,0.9998736172172076,0.3129032676752614,0.31286372208954777,0.9998736172172076,0.3129032676752614,0.31286372208954777,0.9998736172172076,0.3129032676752614,0.31286372208954777,0.9997546075467043,0.3906348858418132,0.39053902698883364,0.9997546075467043,0.3906348858418132,0.39053902698883364,0.9997546075467043,0.3906348858418132,0.39053902698883364,0.9992576451424496,0.5350829926917475,0.5346857712329303,0.9992576451424496,0.5350829926917475,0.5346857712329303,0.9992576451424496,0.5350829926917475,0.5346857712329303,0.9957748919833835,0.733652909639728,0.7305531468497951,0.9957748919833835,0.733652909639728,0.7305531468497951,0.9957748919833835,0.733652909639728,0.7305531468497951
85.39078156312627,0.9998611041048333,0.3276376572436127,0.32759214971791956,0.9998611041048333,0.3276376572436127,0.32759214971791956,0.9998611041048333,0.3276376572436127,0.32759214971791956,0.9998611041048333,0.3276376572436127,0.32759214971791956,0.9998611041048333,0.3276376572436127,0.32759214971791956,0.9998611041048333,0.3276376572436127,0.32759214971791956,0.9997301281171809,0.40678537843282453,0.4066755984968436,0.9997301281171809,0.40678537843282453,0.4066755984968436,0.9997301281171809,0.40678537843282453,0.4066755984968436,0.9991818832435972,0.5515851374633876,0.551133876419846,0.9991818832435972,0.5515851374633876,0.551133876419846,0.9991818832435972,0.5515851374633876,0.551133876419846,0.9952984141156445,0.745827524520081,0.7423209523586336,0.9952984141156445,0.745827524520081,0.7423209523586336,0.9952984141156445,0.745827524520081,0.7423209523586336
87.374749498998,0.9998476675295487,0.34237455475384754,0.34232239999210223,0.9998476675295487,0.34237455475384754,0.34232239999210223,0.9998476675295487,0.34237455475384754,0.34232239999210223,0.9998476675295487,0.34237455475384754,0.34232239999210223,0.9998476675295487,0.34237455475384754,0.34232239999210223,0.9998476675295487,0.34237455475384754,0.34232239999210223,0.9997038120577589,0.42276372044119365,0.422638502924782,0.9997038120577589,0.42276372044119365,0.422638502924782,0.9997038120577589,0.42276372044119365,0.422638502924782,0.9991001410323685,0.5675895646041844,0.5670788140445413,0.9991001410323685,0.5675895646041844,0.5670788140445413,0.9991001410323685,0.5675895646041844,0.5670788140445413,0.9947752823499354,0.7573106065591254,0.7533538724664548,0.9947752823499354,0.7573106065591254,0.7533538724664548,0.9947752823499354,0.7573106065591254,0.7533538724664548
89.35871743486973,0.9998332605738994,0.35708482020501825,0.35702528008702805,0.9998332605738994,0.35708482020501825,0.35702528008702805,0.9998332605738994,0.35708482020501825,0.35702528008702805,0.9998332605738994,0.35708482020501825,0.35702528008702805,0.9998332605738994,0.35708482020501825,0.35702528008702805,0.9998332605738994,0.35708482020501825,0.35702528008702805,0.9996755618338444,0.4385416845050462,0.4383994048451426,0.9996755618338444,0.4385416845050462,0.4383994048451426,0.9996755618338444,0.4385416845050462,0.4383994048451426,0.9990120562482052,0.5830884379904617,0.5825123794114053,0.9990120562482052,0.5830884379904617,0.5825123794114053,0.9990120562482052,0.5830884379904617,0.5825123794114053,0.994201034321144,0.7681363663175579,0.7636819698926013,0.994201034321144,0.7681363663175579,0.7636819698926013,0.994201034321144,0.7681363663175579,0.7636819698926013
91.34268537074148,0.9998178348161262,0.3717407850494075,0.3716730668209456,0.9998178348161262,0.3717407850494075,0.3716730668209456,0.9998178348161262,0.3717407850494075,0.3716730668209456,0.9998178348161262,0.3717407850494075,0.3716730668209456,0.9998178348161262,0.3717407850494075,0.3716730668209456,0.9998178348161262,0.3717407850494075,0.3716730668209456,0.9996452762897026,0.4540938518611132,0.45393277400515775,0.9996452762897026,0.4540938518611132,0.45393277400515775,0.9996452762897026,0.4540938518611132,0.45393277400515775,0.9989172474840186,0.5980775671295933,0.5974299971390317,0.9989172474840186,0.5980775671295933,0.5974299971390317,0.9989172474840186,0.5980775671295933,0.5974299971390317,0.9935707097431786,0.778338408235624,0.7733342446910448,0.9935707097431786,0.778338408235624,0.7733342446910448,0.9935707097431786,0.778338408235624,0.7733342446910448
93.32665330661324,0.9998013402901105,0.386316362855924,0.38623961735935347,0.9998013402901105,0.386316362855924,0.38623961735935347,0.9998013402901105,0.386316362855924,0.38623961735935347,0.9998013402901105,0.386316362855924,0.38623961735935347,0.9998013402901105,0.386316362855924,0.38623961735935347,0.9998013402901105,0.386316362855924,0.38623961735935347,0.9996128505097602,0.4693975848523482,0.46921585781665287,0.9996128505097602,0.4693975848523482,0.46921585781665287,0.9996128505097602,0.4693975848523482,0.46921585781665287,0.9988153129157745,0.6125559990850915,0.6118303119046106,0.9988153129157745,0.6125559990850915,0.6118303119046106,0.9988153129157745,0.6125559990850915,0.6118303119046106,0.9928787826609832,0.7879494617273753,0.7823383023582534,0.9928787826609832,0.7879494617273753,0.7823383023582534,0.9928787826609832,0.7879494617273753,0.7823383023582534
95.31062124248497,0.9997837254431011,0.400787133889111,0.4007004538293184,0.9997837254431011,0.400787133889111,0.4007004538293184,0.9997837254431011,0.400787133889111,0.4007004538293184,0.9997837254431011,0.400787133889111,0.4007004538293184,0.9997837254431011,0.400787133889111,0.4007004538293184,0.9997837254431011,0.400787133889111,0.4007004538293184,0.9995781756709362,0.4844329680389353,0.4842286224272159,0.9995781756709362,0.4844329680389353,0.4842286224272159,0.9995781756709362,0.4844329680389353,0.4842286224272159,0.998705828921622,0.6265256245198116,0.6257147931766953,0.998705828921622,0.6265256245198116,0.6257147931766953,0.998705828921622,0.6265256245198116,0.6257147931766953,0.992119083326233,0.797001179115879,0.7907200792343727,0.992119083326233,0.797001179115879,0.7907200792343727,0.992119083326233,0.797001179115879,0.7907200792343727
97.29458917835672,0.9997649370910985,0.4151304048284622,0.41503282306792977,0.9997649370910985,0.4151304048284622,0.41503282306792977,0.9997649370910985,0.4151304048284622,0.41503282306792977,0.9997649370910985,0.4151304048284622,0.41503282306792977,0.9997649370910985,0.4151304048284622,0.41503282306792977,0.9997649370910985,0.4151304048284622,0.41503282306792977,0.9995411388854187,0.49918272279556136,0.4989536672549997,0.9995411388854187,0.49918272279556136,0.4989536672549997,0.9995411388854187,0.49918272279556136,0.4989536672549997,0.9985883485804768,0.6399908031195486,0.6390873591938431,0.9985883485804768,0.6399908031195486,0.6390873591938431,0.9985883485804768,0.6399908031195486,0.6390873591938431,0.9912847079724797,0.8055239893507669,0.7985036125484017,0.9912847079724797,0.8055239893507669,0.7985036125484017,0.9912847079724797,0.8055239893507669,0.7985036125484017
99.27855711422848,0.999744920371782,0.42932524520055887,0.4292157330766285,0.999744920371782,0.42932524520055887,0.4292157330766285,0.999744920371782,0.42932524520055887,0.4292157330766285,0.999744920371782,0.42932524520055887,0.4292157330766285,0.999744920371782,0.42932524520055887,0.4292157330766285,0.999744920371782,0.42932524520055887,0.4292157330766285,0.9995016230332712,0.5136321001640966,0.5133761177560022,0.9995016230332712,0.5136321001640966,0.5133761177560022,0.9995016230332712,0.5136321001640966,0.5133761177560022,0.9984624000389706,0.6529580121370314,0.6519540239230157,0.9984624000389706,0.6529580121370314,0.6519540239230157,0.9984624000389706,0.6529580121370314,0.6519540239230157,0.990367914459669,0.8135469977527466,0.8057108434793127,0.990367914459669,0.8135469977527466,0.8057108434793127,0.990367914459669,0.8135469977527466,0.8057108434793127
101.26252505010021,0.999723618694836,0.44335250235682694,0.44322996801357784,0.999723618694836,0.44335250235682694,0.44322996801357784,0.999723618694836,0.44335250235682694,0.44322996801357784,0.999723618694836,0.44335250235682694,0.44322996801357784,0.999723618694836,0.44335250235682694,0.44322996801357784,0.999723618694836,0.44335250235682694,0.44322996801357784,0.9994595065842139,0.5277687565045698,0.5274835009666214,0.9994595065842139,0.5277687565045698,0.5274835009666214,0.9994595065842139,0.5277687565045698,0.5274835009666214,0.9983274847345547,0.6654355204884246,0.6643225694222381,0.9983274847345547,0.6654355204884246,0.6643225694222381,0.9983274847345547,0.6654355204884246,0.6643225694222381,0.9893600013961166,0.8210979232997644,0.8123614425422033,0.9893600013961166,0.8210979232997644,0.8123614425422033,0.9893600013961166,0.8210979232997644,0.8123614425422033
103.24649298597194,0.9997009736895529,0.45719479702361104,0.4570580837503015,0.9997009736895529,0.45719479702361104,0.4570580837503015,0.9997009736895529,0.45719479702361104,0.4570580837503015,0.9997009736895529,0.45719479702361104,0.4570580837503015,0.9997009736895529,0.45719479702361104,0.4570580837503015,0.9997009736895529,0.45719479702361104,0.4570580837503015,0.9994146634078768,0.5415826161759826,0.541265608053077,0.9994146634078768,0.5415826161759826,0.541265608053077,0.9994146634078768,0.5415826161759826,0.541265608053077,0.9981830754613185,0.677433089739589,0.6762022449355263,0.9981830754613185,0.677433089739589,0.6762022449355263,0.9981830754613185,0.677433089739589,0.6762022449355263,0.9882511679183636,0.8282030661646868,0.8184726474108215,0.9882511679183636,0.8282030661646868,0.8184726474108215,0.9882511679183636,0.8282030661646868,0.8184726474108215
105.23046092184369,0.9996769251495561,0.470836501562063,0.47068438612973734,0.9996769251495561,0.470836501562063,0.47068438612973734,0.9996769251495561,0.470836501562063,0.47068438612973734,0.9996769251495561,0.470836501562063,0.47068438612973734,0.9996769251495561,0.470836501562063,0.47068438612973734,0.9996769251495561,0.470836501562063,0.47068438612973734,0.9993669625717628,0.5550657251076114,0.5547143477284867,0.9993669625717628,0.5550657251076114,0.5547143477284867,0.9993669625717628,0.5550657251076114,0.5547143477284867,0.9980286142636906,0.6889617024268265,0.6876034931537989,0.9980286142636906,0.6889617024268265,0.6876034931537989,0.9980286142636906,0.6889617024268265,0.6876034931537989,0.9870303508046011,0.8348872993107924,0.8240591039210374,0.9870303508046011,0.8348872993107924,0.8240591039210374,0.9870303508046011,0.8348872993107924,0.8240591039210374
107.21442885771545,0.9996514109744871,0.4842637031276272,0.48409489411526263,0.9996514109744871,0.4842637031276272,0.48409489411526263,0.9996514109744871,0.4842637031276272,0.48409489411526263,0.9996514109744871,0.4842637031276272,0.48409489411526263,0.9996514109744871,0.4842637031276272,0.48409489411526263,0.9996514109744871,0.4842637031276272,0.48409489411526263,0.9993162681261271,0.5682120987138007,0.5678235939907899,0.9993162681261271,0.5682120987138007,0.5678235939907899,0.9993162681261271,0.5682120987138007,0.5678235939907899,0.997863510141687,0.7000333174498088,0.698537703366596,0.997863510141687,0.7000333174498088,0.698537703366596,0.997863510141687,0.7000333174498088,0.698537703366596,0.9856850350031299,0.8411740789382526,0.829132701441977,0.9856850350031299,0.8411740789382526,0.829132701441977,0.9856850350031299,0.8411740789382526,0.829132701441977
109.1983967935872,0.9996243671085038,0.49746415391235876,0.49727729001380894,0.9996243671085038,0.49746415391235876,0.49727729001380894,0.9996243671085038,0.49746415391235876,0.49727729001380894,0.9996243671085038,0.49746415391235876,0.49727729001380894,0.9996243671085038,0.49746415391235876,0.49727729001380894,0.9996243671085038,0.49746415391235876,0.49727729001380894,0.9992624388748937,0.5810175671805301,0.580589031209974,0.9992624388748937,0.5810175671805301,0.580589031209974,0.9992624388748937,0.5810175671805301,0.580589031209974,0.9976871365496509,0.7106606517325141,0.7090169906855207,0.9976871365496509,0.7106606517325141,0.7090169906855207,0.9976871365496509,0.7106606517325141,0.7090169906855207,0.9842010329602706,0.8470854694503861,0.8337023940387057,0.9842010329602706,0.8470854694503861,0.8337023940387057,0.9842010329602706,0.8470854694503861,0.8337023940387057
111.18236472945891,0.9995957274754064,0.5104272105991801,0.5102208589021299,0.9995957274754064,0.5104272105991801,0.5102208589021299,0.9995957274754064,0.5104272105991801,0.5102208589021299,0.9995957274754064,0.5104272105991801,0.5102208589021299,0.9995957274754064,0.5104272105991801,0.5102208589021299,0.9995957274754064,0.5104272105991801,0.5102208589021299,0.9992053281316947,0.5934796207265031,0.5930079991674992,0.9992053281316947,0.5934796207265031,0.5930079991674992,0.9992053281316947,0.5934796207265031,0.5930079991674992,0.9974988286685592,0.7208569869493834,0.7190540001195568,0.9974988286685592,0.7208569869493834,0.7190540001195568,0.9974988286685592,0.7208569869493834,0.7190540001195568,0.9825622273186473,0.8526421793773311,0.8377739988748161,0.9825622273186473,0.8526421793773311,0.8377739988748161,0.9825622273186473,0.8526421793773311,0.8377739988748161
113.16633266533066,0.999565423910218,0.523143765064134,0.5229164192923186,0.999565423910218,0.523143765064134,0.5229164192923186,0.999565423910218,0.523143765064134,0.5229164192923186,0.999565423910218,0.523143765064134,0.5229164192923186,0.999565423910218,0.523143765064134,0.5229164192923186,0.999565423910218,0.523143765064134,0.5229164192923186,0.9991447834600325,0.6055972570280905,0.6050793402373212,0.9991447834600325,0.6055972570280905,0.6050793402373212,0.9991447834600325,0.6055972570280905,0.6050793402373212,0.9972978804298624,0.7306359998366875,0.7286617340028817,0.9972978804298624,0.7306359998366875,0.7286617340028817,0.9972978804298624,0.7306359998366875,0.7286617340028817,0.9807502706143693,0.8578636053654412,0.8413499631123749,0.9807502706143693,0.8578636053654412,0.8413499631123749,0.9807502706143693,0.8578636053654412,0.8413499631123749
115.15030060120242,0.999533386087017,0.5356061682394168,0.5353562469494367,0.999533386087017,0.5356061682394168,0.5353562469494367,0.999533386087017,0.5356061682394168,0.5353562469494367,0.999533386087017,0.5356061682394168,0.5353562469494367,0.999533386087017,0.5356061682394168,0.5353562469494367,0.999533386087017,0.5356061682394168,0.5353562469494367,0.9990806463965022,0.6173708326059834,0.6168032505063326,0.9990806463965022,0.6173708326059834,0.6168032505063326,0.9990806463965022,0.6173708326059834,0.6168032505063326,0.9970835412664889,0.7400116144324174,0.7378534010966062,0.9970835412664889,0.7400116144324174,0.7378534010966062,0.9970835412664889,0.7400116144324174,0.7378534010966062,0.9787442345212187,0.8627678819243189,0.8444290901635106,0.9787442345212187,0.8627678819243189,0.8444290901635106,0.9787442345212187,0.8627678819243189,0.8444290901635106
117.13426853707416,0.9994995414428257,0.5478081489046257,0.5475339936288166,0.9994995414428257,0.5478081489046257,0.5475339936288166,0.9994995414428257,0.5478081489046257,0.5475339936288166,0.9994995414428257,0.5478081489046257,0.5475339936288166,0.9994995414428257,0.5478081489046257,0.5475339936288166,0.9994995414428257,0.5478081489046257,0.5475339936288166,0.9990127521559267,0.6288019196087898,0.6281811362693069,0.9990127521559267,0.6288019196087898,0.6281811362693069,0.9990127521559267,0.6288019196087898,0.6281811362693069,0.9968550125640387,0.7489978744927008,0.7466422855878596,0.9968550125640387,0.7489978744927008,0.7466422855878596,0.9968550125640387,0.7489978744927008,0.7466422855878596,0.976520199969607,0.8673719351326665,0.8470062155437765,0.976520199969607,0.8673719351326665,0.8470062155437765,0.976520199969607,0.8673719351326665,0.8470062155437765
119.1182364729459,0.9994638150973303,0.5597447290136527,0.5594446023406067,0.9994638150973303,0.5597447290136527,0.5594446023406067,0.9994638150973303,0.5597447290136527,0.5594446023406067,0.9994638150973303,0.5597447290136527,0.5594446023406067,0.9994638150973303,0.5597447290136527,0.5594446023406067,0.9994638150973303,0.5597447290136527,0.5594446023406067,0.9989409293171841,0.6398931690995454,0.6392154770040179,0.9989409293171841,0.6398931690995454,0.6392154770040179,0.9989409293171841,0.6398931690995454,0.6392154770040179,0.9966114437822953,0.7576088343017373,0.7550416341756762,0.9966114437822953,0.7576088343017373,0.7550416341756762,0.9966114437822953,0.7576088343017373,0.7550416341756762,0.974050778119581,0.8716915389527935,0.8490718217972235,0.974050778119581,0.8716915389527935,0.8490718217972235,0.974050778119581,0.8716915389527935,0.8490718217972235
121.10220440881764,0.999426129768212,0.5714121369964803,0.5710842205809756,0.999426129768212,0.5714121369964803,0.5710842205809756,0.999426129768212,0.5714121369964803,0.5710842205809756,0.999426129768212,0.5714121369964803,0.5710842205809756,0.999426129768212,0.5714121369964803,0.5710842205809756,0.999426129768212,0.5714121369964803,0.5710842205809756,0.9988649994884019,0.6506481816575574,0.6499096956385058,0.9988649994884019,0.6506481816575574,0.6499096956385058,0.9988649994884019,0.6506481816575574,0.6499096956385058,0.996351928213933,0.7658584661106449,0.7630645594483061,0.996351928213933,0.7658584661106449,0.7630645594483061,0.996351928213933,0.7658584661106449,0.7630645594483061,0.9713045507259424,0.8757413732061785,0.850611581054147,0.9713045507259424,0.8757413732061785,0.850611581054147,0.9713045507259424,0.8757413732061785,0.850611581054147
123.08617234468939,0.9993864056818352,0.5828077203043983,0.582450112798637,0.9993864056818352,0.5828077203043983,0.582450112798637,0.9993864056818352,0.5828077203043983,0.582450112798637,0.9993864056818352,0.5828077203043983,0.582450112798637,0.9993864056818352,0.5828077203043983,0.582450112798637,0.9993864056818352,0.5828077203043983,0.582450112798637,0.9987847769501078,0.6610713858508994,0.6602680366651892,0.9987847769501078,0.6610713858508994,0.6602680366651892,0.9987847769501078,0.6610713858508994,0.6602680366651892,0.9960754983436947,0.7737605824957732,0.7707239578081847,0.9960754983436947,0.7737605824957732,0.7707239578081847,0.9960754983436947,0.7737605824957732,0.7707239578081847,0.9682454169749296,0.8795350826342122,0.851605812829242,0.9682454169749296,0.8795350826342122,0.851605812829242,0.9682454169749296,0.8795350826342122,0.851605812829242
125.07014028056113,0.9993445604790471,0.5939298582984369,0.5935405731966341,0.9993445604790471,0.5939298582984369,0.5935405731966341,0.9993445604790471,0.5939298582984369,0.5935405731966341,0.9993445604790471,0.5939298582984369,0.5935405731966341,0.9993445604790471,0.5939298582984369,0.5935405731966341,0.9993445604790471,0.5939298582984369,0.5935405731966341,0.9987000682748086,0.6711679249135689,0.6702954524350428,0.9987000682748086,0.6711679249135689,0.6702954524350428,0.9987000682748086,0.6711679249135689,0.6702954524350428,0.9957811207672764,0.7813287720084133,0.7780324402782576,0.9957811207672764,0.7813287720084133,0.7780324402782576,0.9957811207672764,0.7813287720084133,0.7780324402782576,0.9648318325360119,0.883085336825354,0.8520288438148875,0.9648318325360119,0.883085336825354,0.8520288438148875,0.9648318325360119,0.883085336825354,0.8520288438148875
127.05410821643287,0.9993005091158039,0.6047778764178285,0.6043548398063108,0.9993005091158039,0.6047778764178285,0.6043548398063108,0.9993005091158039,0.6047778764178285,0.6043548398063108,0.9993005091158039,0.6047778764178285,0.6043548398063108,0.9993005091158039,0.6047778764178285,0.6043548398063108,0.9993005091158039,0.6047778764178285,0.6043548398063108,0.9986106719213643,0.6809435517742125,0.6799974977777666,0.9986106719213643,0.6809435517742125,0.6799974977777666,0.9986106719213643,0.6809435517742125,0.6799974977777666,0.9954676906251267,0.7885763465866518,0.7850022746182138,0.9954676906251267,0.7885763465866518,0.7850022746182138,0.9954676906251267,0.7885763465866518,0.7850022746182138,0.9610159256027885,0.8864038911499303,0.8518482559113637,0.9610159256027885,0.8864038911499303,0.8518482559113637,0.9610159256027885,0.8864038911499303,0.8518482559113637
129.0380761523046,0.9992541637583444,0.6153519624108429,0.614893010615903,0.9992541637583444,0.6153519624108429,0.614893010615903,0.9992541637583444,0.6153519624108429,0.614893010615903,0.9992541637583444,0.6153519624108429,0.614893010615903,0.9992541637583444,0.6153519624108429,0.614893010615903,0.9992541637583444,0.6153519624108429,0.614893010615903,0.9985163778023913,0.6904045324281437,0.6893802329385037,0.9985163778023913,0.6904045324281437,0.6893802329385037,0.9985163778023913,0.6904045324281437,0.6893802329385037,0.9951340254984853,0.795516299310437,0.791645337282453,0.9951340254984853,0.795516299310437,0.791645337282453,0.9951340254984853,0.795516299310437,0.791645337282453,0.9567424744995674,0.8895016492257223,0.8510240089516637,0.9567424744995674,0.8895016492257223,0.8510240089516637,0.9567424744995674,0.8895016492257223,0.8510240089516637
131.02204408817636,0.999205433672595,0.6256530852664793,0.6251559623922895,0.999205433672595,0.6256530852664793,0.6251559623922895,0.999205433672595,0.6256530852664793,0.6251559623922895,0.999205433672595,0.6256530852664793,0.6251559623922895,0.999205433672595,0.6256530852664793,0.6251559623922895,0.999205433672595,0.6256530852664793,0.6251559623922895,0.9984169668228046,0.6995575575183356,0.6984501346954263,0.9984169668228046,0.6995575575183356,0.6984501346954263,0.9984169668228046,0.6995575575183356,0.6984501346954263,0.9947788587163277,0.802161271193996,0.797973073864802,0.9947788587163277,0.802161271193996,0.797973073864802,0.9947788587163277,0.802161271193996,0.797973073864802,0.9519477326611828,0.8923887278621174,0.84950742614074,0.9519477326611828,0.8923887278621174,0.84950742614074,0.9519477326611828,0.8923887278621174,0.84950742614074
133.0060120240481,0.9991542251074844,0.6356829173535523,0.6351452727024536,0.9991542251074844,0.6356829173535523,0.6351452727024536,0.9991542251074844,0.6356829173535523,0.6351452727024536,0.9991542251074844,0.6356829173535523,0.6351452727024536,0.9991542251074844,0.6356829173535523,0.6351452727024536,0.9991542251074844,0.6356829173535523,0.6351452727024536,0.998312210387451,0.7084096618912522,0.7072140154224827,0.998312210387451,0.7084096618912522,0.7072140154224827,0.998312210387451,0.7084096618912522,0.7072140154224827,0.9944008320064383,0.8085235258279623,0.8039964667801046,0.9944008320064383,0.8085235258279623,0.8039964667801046,0.9944008320064383,0.8085235258279623,0.8039964667801046,0.9465580904897475,0.8950745259202274,0.8472400341010664,0.9465580904897475,0.8950745259202274,0.8472400341010664,0.9465580904897475,0.8950745259202274,0.8472400341010664
134.98997995991982,0.9991004411718246,0.6454437601544772,0.6448631455219396,0.9991004411718246,0.6454437601544772,0.6448631455219396,0.9991004411718246,0.6454437601544772,0.6448631455219396,0.9991004411718246,0.6454437601544772,0.6448631455219396,0.9991004411718246,0.6454437601544772,0.6448631455219396,0.9991004411718246,0.6454437601544772,0.6448631455219396,0.9982018698756369,0.7169681518166516,0.7156789497846612,0.9982018698756369,0.7169681518166516,0.7156789497846612,0.9982018698756369,0.7169681518166516,0.7156789497846612,0.9939984874235059,0.8146149307957131,0.8097260090435429,0.9939984874235059,0.8146149307957131,0.8097260090435429,0.9939984874235059,0.8146149307957131,0.8097260090435429,0.940488571358783,0.8975677991033808,0.8441522570763859,0.940488571358783,0.8975677991033808,0.8441522570763859,0.940488571358783,0.8975677991033808,0.8441522570763859
136.97394789579158,0.9990439817043808,0.6549384738748169,0.6543123407112876,0.9990439817043808,0.6549384738748169,0.6543123407112876,0.9990439817043808,0.6549384738748169,0.6543123407112876,0.9990439817043808,0.6549384738748169,0.6543123407112876,0.9990439817043808,0.6549384738748169,0.6543123407112876,0.9990439817043808,0.6549384738748169,0.6543123407112876,0.9980856960801783,0.7252405395039032,0.7238522086963173,0.9980856960801783,0.7252405395039032,0.7238522086963173,0.9980856960801783,0.7252405395039032,0.7238522086963173,0.99357025847659,0.8204469448986943,0.8151716831093243,0.99357025847659,0.8204469448986943,0.8151716831093243,0.99357025847659,0.8204469448986943,0.8151716831093243,0.9336411733088785,0.8998767433763105,0.8401619785192311,0.9336411733088785,0.8998767433763105,0.8401619785192311,0.9336411733088785,0.8998767433763105,0.8401619785192311
138.9579158316633,0.9989847431367526,0.6641704111162646,0.6634961075480129,0.9989847431367526,0.6641704111162646,0.6634961075480129,0.9989847431367526,0.6641704111162646,0.6634961075480129,0.9989847431367526,0.6641704111162646,0.6634961075480129,0.9989847431367526,0.6641704111162646,0.6634961075480129,0.9989847431367526,0.6641704111162646,0.6634961075480129,0.9979634286084234,0.7332344845079715,0.7317412001335051,0.9979634286084234,0.7332344845079715,0.7317412001335051,0.9979634286084234,0.7332344845079715,0.7317412001335051,0.9931144603698703,0.8260306103291933,0.8203429438260714,0.9931144603698703,0.8260306103291933,0.8203429438260714,0.9931144603698703,0.8260306103291933,0.8203429438260714,0.9259030923767114,0.9020090905119318,0.8351730062569026,0.9259030923767114,0.9020090905119318,0.8351730062569026,0.9259030923767114,0.9020090905119318,0.8351730062569026
140.94188376753507,0.99892261834864,0.6731433547198363,0.6724181224207263,0.99892261834864,0.6731433547198363,0.6724181224207263,0.99892261834864,0.6731433547198363,0.6724181224207263,0.99892261834864,0.6731433547198363,0.6724181224207263,0.99892261834864,0.6731433547198363,0.6724181224207263,0.99892261834864,0.6731433547198363,0.6724181224207263,0.9978347952424789,0.7409577415933416,0.7393534163661216,0.9978347952424789,0.7409577415933416,0.7393534163661216,0.9978347952424789,0.7409577415933416,0.7393534163661216,0.9926292792606849,0.831376549026044,0.8252487046539575,0.9926292792606849,0.831376549026044,0.8252487046539575,0.9926292792606849,0.831376549026044,0.8252487046539575,0.9171449032461886,0.9039722201695295,0.8290735144046254,0.9171449032461886,0.9039722201695295,0.8290735144046254,0.9171449032461886,0.9039722201695295,0.8290735144046254
142.9258517034068,0.9988574965150603,0.6818614598169298,0.6810824307228429,0.9988574965150603,0.6818614598169298,0.6810824307228429,0.9988574965150603,0.6818614598169298,0.6810824307228429,0.9988574965150603,0.6818614598169298,0.6810824307228429,0.9988574965150603,0.6818614598169298,0.6810824307228429,0.9988574965150603,0.6818614598169298,0.6810824307228429,0.9976995112556818,0.748418114611347,0.7466963871626398,0.9976995112556818,0.748418114611347,0.7466963871626398,0.9976995112556818,0.748418114611347,0.7466963871626398,0.9921127604277368,0.8364949625384631,0.8298973263679309,0.9921127604277368,0.8364949625384631,0.8298973263679309,0.9921127604277368,0.8364949625384631,0.8298973263679309,0.9072188352818511,0.9057732938587395,0.8217345926839315,0.9072188352818511,0.9057732938587395,0.8217345926839315,0.9072188352818511,0.9057732938587395,0.8217345926839315
144.90981963927857,0.9987892629450467,0.6903292000678365,0.6894933929251981,0.9987892629450467,0.6903292000678365,0.6894933929251981,0.9987892629450467,0.6903292000678365,0.6894933929251981,0.9987892629450467,0.6903292000678365,0.6894933929251981,0.9987892629450467,0.6903292000678365,0.6894933929251981,0.9987892629450467,0.6903292000678365,0.6894933929251981,0.9975572786820894,0.7556234159433525,0.7537776385169153,0.9975572786820894,0.7556234159433525,0.7537776385169153,0.9975572786820894,0.7556234159433525,0.7537776385169153,0.9915627952298796,0.8413956348054098,0.8342966075418711,0.9915627952298796,0.8413956348054098,0.8342966075418711,0.9915627952298796,0.8413956348054098,0.8342966075418711,0.8959573765942856,0.9074194169994831,0.813009120325573,0.8959573765942856,0.9074194169994831,0.813009120325573,0.8959573765942856,0.9074194169994831,0.813009120325573
146.8937875751503,0.998717798911323,0.6985513180193095,0.6976556347588483,0.998717798911323,0.6985513180193095,0.6976556347588483,0.998717798911323,0.6985513180193095,0.6976556347588483,0.998717798911323,0.6985513180193095,0.6976556347588483,0.998717798911323,0.6985513180193095,0.6976556347588483,0.998717798911323,0.6985513180193095,0.6976556347588483,0.9974077855355328,0.7625814310671079,0.7606046564511616,0.9974077855355328,0.7625814310671079,0.7606046564511616,0.9974077855355328,0.7625814310671079,0.7606046564511616,0.9909771067219527,0.8460879373325751,0.8384537761701801,0.9909771067219527,0.8460879373325751,0.8384537761701801,0.9909771067219527,0.8460879373325751,0.8384537761701801,0.8831725771504281,0.9089178357584874,0.8027313074248128,0.8831725771504281,0.9089178357584874,0.8027313074248128,0.8831725771504281,0.9089178357584874,0.8027313074248128
148.87775551102203,0.9986429814704347,0.706532779473968,0.7055740014004765,0.9986429814704347,0.706532779473968,0.7055740014004765,0.9986429814704347,0.706532779473968,0.7055740014004765,0.9986429814704347,0.706532779473968,0.7055740014004765,0.9986429814704347,0.706532779473968,0.7055740014004765,0.9986429814704347,0.706532779473968,0.7055740014004765,0.9972507049744789,0.7692998878145856,0.767184855459883,0.9972507049744789,0.7692998878145856,0.767184855459883,0.9972507049744789,0.7692998878145856,0.767184855459883,0.9903532337784522,0.8505808363165753,0.8423754818361007,0.9903532337784522,0.8505808363165753,0.8423754818361007,0.9903532337784522,0.8505808363165753,0.8423754818361007,0.8686566157005353,0.9102761749029821,0.790717421444053,0.8686566157005353,0.9102761749029821,0.790717421444053,0.8686566157005353,0.9102761749029821,0.790717421444053
150.8617234468938,0.9985646832727649,0.7142787317336914,0.7132535155221258,0.9985646832727649,0.7142787317336914,0.7132535155221258,0.9985646832727649,0.7142787317336914,0.7132535155221258,0.9985646832727649,0.7142787317336914,0.7132535155221258,0.9985646832727649,0.7142787317336914,0.7132535155221258,0.9985646832727649,0.7142787317336914,0.7132535155221258,0.9970856944086588,0.7757864299052759,0.7735255511749163,0.9970856944086588,0.7757864299052759,0.7735255511749163,0.9970856944086588,0.7757864299052759,0.7735255511749163,0.9896885135583363,0.8548829013264523,0.8460677878802144,0.9896885135583363,0.8548829013264523,0.8460677878802144,0.9896885135583363,0.8548829013264523,0.8460677878802144,0.8521844509873044,0.9115027206752463,0.776768445592069,0.8521844509873044,0.9115027206752463,0.776768445592069,0.8521844509873044,0.9115027206752463,0.776768445592069
152.84569138276552,0.9984827723618307,0.7217944655557202,0.7206993390435015,0.9984827723618307,0.7217944655557202,0.7206993390435015,0.9984827723618307,0.7217944655557202,0.7206993390435015,0.9984827723618307,0.7217944655557202,0.7206993390435015,0.9984827723618307,0.7217944655557202,0.7206993390435015,0.9984827723618307,0.7217944655557202,0.7206993390435015,0.9969123945430776,0.7820485943579739,0.7796339368504557,0.9969123945430776,0.7820485943579739,0.7796339368504557,0.9969123945430776,0.7820485943579739,0.7796339368504557,0.988980062124608,0.8590023152066473,0.8495361630582521,0.988980062124608,0.8590023152066473,0.8495361630582521,0.988980062124608,0.8590023152066473,0.8495361630582521,0.8335196856219691,0.9126067472918235,0.7606756890991685,0.8335196856219691,0.9126067472918235,0.7606756890991685,0.8335196856219691,0.9126067472918235,0.7606756890991685
154.8296593186373,0.9983971119622337,0.7290853806430669,0.7279167384079238,0.9983971119622337,0.7290853806430669,0.7279167384079238,0.9983971119622337,0.7290853806430669,0.7279167384079238,0.9983971119622337,0.7290853806430669,0.7279167384079238,0.9983971119622337,0.7290853806430669,0.7279167384079238,0.9983971119622337,0.7290853806430669,0.7279167384079238,0.996730428354674,0.7880937924055286,0.785517063288022,0.996730428354674,0.7880937924055286,0.785517063288022,0.996730428354674,0.7880937924055286,0.785517063288022,0.9882247530103739,0.8629468849136417,0.8527854722048551,0.9882247530103739,0.8629468849136417,0.8527854722048551,0.9882247530103739,0.8629468849136417,0.8527854722048551,0.8124250843824213,0.913598875224017,0.7422306432955572,0.8124250843824213,0.913598875224017,0.7422306432955572,0.8124250843824213,0.913598875224017,0.7422306432955572
156.81362725450902,0.998307560255566,0.7361569544791362,0.7349110531912342,0.998307560255566,0.7361569544791362,0.7349110531912342,0.998307560255566,0.7361569544791362,0.7349110531912342,0.998307560255566,0.7361569544791362,0.7349110531912342,0.998307560255566,0.7361569544791362,0.7349110531912342,0.998307560255566,0.7361569544791362,0.7349110531912342,0.9965393999965018,0.7939292935599133,0.7911818218438424,0.9965393999965018,0.7939292935599133,0.7911818218438424,0.9965393999965018,0.7939292935599133,0.7911818218438424,0.9874191934985483,0.8667240530409753,0.8558199654395129,0.9874191934985483,0.8667240530409753,0.8558199654395129,0.9874191934985483,0.8667240530409753,0.8558199654395129,0.7886793905887727,0.9144914317685238,0.7212405451058536,0.7886793905887727,0.9144914317685238,0.7212405451058536,0.7886793905887727,0.9144914317685238,0.7212405451058536
158.79759519038078,0.9982139701435596,0.7430147143093706,0.7416876678458395,0.9982139701435596,0.7430147143093706,0.7416876678458395,0.9982139701435596,0.7430147143093706,0.7416876678458395,0.9982139701435596,0.7430147143093706,0.7416876678458395,0.9982139701435596,0.7430147143093706,0.7416876678458395,0.9982139701435596,0.7430147143093706,0.7416876678458395,0.996338893623889,0.7995622124986641,0.7966349301843879,0.996338893623889,0.7995622124986641,0.7966349301843879,0.996338893623889,0.7995622124986641,0.7966349301843879,0.9865596983549617,0.8703409098248521,0.858643265462789,0.9865596983549617,0.8703409098248521,0.858643265462789,0.9865596983549617,0.8703409098248521,0.858643265462789,0.7621019465338572,0.915298758056947,0.6975509651752214,0.7621019465338572,0.915298758056947,0.6975509651752214,0.7621019465338572,0.915298758056947,0.6975509651752214
160.7815631262525,0.9981161889976945,0.7496642120695197,0.7482519863787884,0.9981161889976945,0.7496642120695197,0.7482519863787884,0.9981161889976945,0.7496642120695197,0.7482519863787884,0.9981161889976945,0.7496642120695197,0.7482519863787884,0.9981161889976945,0.7496642120695197,0.7482519863787884,0.9981161889976945,0.7496642120695197,0.7482519863787884,0.9961284721365609,0.8049994984676112,0.8018829204792394,0.9961284721365609,0.8049994984676112,0.8018829204792394,0.9961284721365609,0.8049994984676112,0.8018829204792394,0.9856422607241208,0.8738042054555105,0.8612583524954135,0.9856422607241208,0.8738042054555105,0.8612583524954135,0.9856422607241208,0.8738042054555105,0.8612583524954135,0.7325857823940244,0.9160373727939946,0.6710759554504551,0.7325857823940244,0.9160373727939946,0.6710759554504551,0.7325857823940244,0.9160373727939946,0.6710759554504551
162.76553106212424,0.9980140583944495,0.7561110020601288,0.7546094097627231,0.9980140583944495,0.7561110020601288,0.7546094097627231,0.9980140583944495,0.7561110020601288,0.7546094097627231,0.9980140583944495,0.7561110020601288,0.7546094097627231,0.9980140583944495,0.7561110020601288,0.7546094097627231,0.9980140583944495,0.7561110020601288,0.7546094097627231,0.9959076758302178,0.8102479269184761,0.8069321297436317,0.9959076758302178,0.8102479269184761,0.8069321297436317,0.9959076758302178,0.8102479269184761,0.8069321297436317,0.9846625198629304,0.8771203625484791,0.8636675464100726,0.9846625198629304,0.8771203625484791,0.8636675464100726,0.9846625198629304,0.8771203625484791,0.8636675464100726,0.7001378452112554,0.9167258691455563,0.6418344746729852,0.7001378452112554,0.9167258691455563,0.6418344746729852,0.7001378452112554,0.9167258691455563,0.6418344746729852
164.74949899799603,0.9979074138353057,0.7623606211694418,0.7607653158810749,0.9979074138353057,0.7623606211694418,0.7607653158810749,0.9979074138353057,0.7623606211694418,0.7607653158810749,0.9979074138353057,0.7623606211694418,0.7607653158810749,0.9979074138353057,0.7623606211694418,0.7607653158810749,0.9979074138353057,0.7623606211694418,0.7607653158810749,0.9956760209505177,0.815314093122952,0.8117886920655406,0.9956760209505177,0.815314093122952,0.8117886920655406,0.9956760209505177,0.815314093122952,0.8117886920655406,0.983615725350035,0.88029548865517,0.8658724855959187,0.983615725350035,0.88029548865517,0.8658724855959187,0.983615725350035,0.88029548865517,0.8658724855959187,0.6649216010849729,0.9173844051419667,0.609988707477382,0.6649216010849729,0.9173844051419667,0.609988707477382,0.6649216010849729,0.9173844051419667,0.609988707477382
166.73346693386773,0.9977960844505753,0.7684185714515971,0.7667250418135082,0.9977960844505753,0.7684185714515971,0.7667250418135082,0.9977960844505753,0.7684185714515971,0.7667250418135082,0.9977960844505753,0.7684185714515971,0.7667250418135082,0.9977960844505753,0.7684185714515971,0.7667250418135082,0.9977960844505753,0.7684185714515971,0.7667250418135082,0.9954329981421861,0.8202044075270192,0.8164585324740561,0.9954329981421861,0.8202044075270192,0.8164585324740561,0.9954329981421861,0.8202044075270192,0.8164585324740561,0.9824966973668734,0.8833353887144593,0.8678741020792395,0.9824966973668734,0.8833353887144593,0.8678741020792395,0.9824966973668734,0.8833353887144593,0.8678741020792395,0.6272927227723777,0.918033678538793,0.5758758458073412,0.6272927227723777,0.918033678538793,0.5758758458073412,0.6272927227723777,0.918033678538793,0.5758758458073412
168.7174348697395,0.9976798926860416,0.7742903048732952,0.7724938682738316,0.9976798926860416,0.7742903048732952,0.7724938682738316,0.9976798926860416,0.7742903048732952,0.7724938682738316,0.9976798926860416,0.7742903048732952,0.7724938682738316,0.9976798926860416,0.7742903048732952,0.7724938682738316,0.9976798926860416,0.7742903048732952,0.7724938682738316,0.9951780707830672,0.8249250926309234,0.8209473622249853,0.9951780707830672,0.8249250926309234,0.8209473622249853,0.9951780707830672,0.8249250926309234,0.8209473622249853,0.9812997826007741,0.8862455773663415,0.8696725924004884,0.9812997826007741,0.8862455773663415,0.8696725924004884,0.9812997826007741,0.8862455773663415,0.8696725924004884,0.5878146280391744,0.9186933839167474,0.5400214097490733,0.5878146280391744,0.9186933839167474,0.5400214097490733,0.5878146280391744,0.9186933839167474,0.5400214097490733
170.70140280561125,0.99755865397135,0.7799812100496535,0.7780770060200771,0.99755865397135,0.7799812100496535,0.7780770060200771,0.99755865397135,0.7799812100496535,0.7780770060200771,0.99755865397135,0.7799812100496535,0.7780770060200771,0.99755865397135,0.7799812100496535,0.7780770060200771,0.99755865397135,0.7799812100496535,0.7780770060200771,0.9949106731978428,0.8294821811990436,0.8252606753023555,0.9949106731978428,0.8294821811990436,0.8252606753023555,0.9949106731978428,0.8294821811990436,0.8252606753023555,0.9800188052703782,0.8890312910658082,0.8712673837182953,0.9800188052703782,0.8890312910658082,0.8712673837182953,0.9800188052703782,0.8890312910658082,0.8712673837182953,0.5472403442760161,0.9193803363672977,0.5031220117942394,0.5472403442760161,0.9193803363672977,0.5031220117942394,0.5472403442760161,0.9193803363672977,0.5031220117942394
172.68537074148296,0.9974321763690032,0.7854966007983738,0.783479584064776,0.9974321763690032,0.7854966007983738,0.783479584064776,0.9974321763690032,0.7854966007983738,0.783479584064776,0.9974321763690032,0.7854966007983738,0.783479584064776,0.9974321763690032,0.7854966007983738,0.783479584064776,0.9974321763690032,0.7854966007983738,0.783479584064776,0.9946302087379624,0.8338815156243038,0.8294037459481297,0.9946302087379624,0.8338815156243038,0.8294037459481297,0.9946302087379624,0.8338815156243038,0.8294037459481297,0.9786470127193215,0.8916974999501661,0.8726570945755174,0.9786470127193215,0.8916974999501661,0.8726570945755174,0.9786470127193215,0.8916974999501661,0.8726570945755174,0.5064536667842017,0.9201066558209275,0.4659913896730582,0.5064536667842017,0.9201066558209275,0.4659913896730582,0.5064536667842017,0.9201066558209275,0.4659913896730582
174.66933867735472,0.9973002602027433,0.7908417063503625,0.7887066395223981,0.9973002602027433,0.7908417063503625,0.7887066395223981,0.9973002602027433,0.7908417063503625,0.7887066395223981,0.9973002602027433,0.7908417063503625,0.7887066395223981,0.9973002602027433,0.7908417063503625,0.7887066395223981,0.9973002602027433,0.7908417063503625,0.7887066395223981,0.9943360477189841,0.8381287482881057,0.8333816270524542,0.9943360477189841,0.8381287482881057,0.8333816270524542,0.9943360477189841,0.8381287482881057,0.8333816270524542,0.9771770149656129,0.8942489194263772,0.8738394897212922,0.9771770149656129,0.8942489194263772,0.8738394897212922,0.9771770149656129,0.8942489194263772,0.8738394897212922,0.4663759230519459,0.9208785188507027,0.42947556924770525,0.4663759230519459,0.9208785188507027,0.42947556924770525,0.4663759230519459,0.9208785188507027,0.42947556924770525
176.65330661322645,0.9971626976640137,0.796021663064318,0.7937631089402098,0.9971626976640137,0.796021663064318,0.7937631089402098,0.9971626976640137,0.796021663064318,0.7937631089402098,0.9971626976640137,0.796021663064318,0.7937631089402098,0.9971626976640137,0.796021663064318,0.7937631089402098,0.9971626976640137,0.796021663064318,0.7937631089402098,0.9940275252034403,0.8422293427734989,0.8371991492508611,0.9940275252034403,0.8422293427734989,0.8371991492508611,0.9940275252034403,0.8422293427734989,0.8371991492508611,0.9756007175319849,0.8966900214570358,0.874811428337255,0.9756007175319849,0.8966900214570358,0.874811428337255,0.9756007175319849,0.8966900214570358,0.874811428337255,0.42785939426712183,0.9216958841359738,0.39435624268491704,0.42785939426712183,0.9216958841359738,0.39435624268491704,0.42785939426712183,0.9216958841359738,0.39435624268491704
178.6372745490982,0.9970192723951155,0.8010415075023325,0.798653820968262,0.9970192723951155,0.8010415075023325,0.798653820968262,0.9970192723951155,0.8010415075023325,0.798653820968262,0.9970192723951155,0.8010415075023325,0.798653820968262,0.9970192723951155,0.8010415075023325,0.798653820968262,0.9970192723951155,0.8010415075023325,0.798653820968262,0.9937039386166897,0.8461885758042281,0.8408609205891088,0.9937039386166897,0.8461885758042281,0.8408609205891088,0.9937039386166897,0.8461885758042281,0.8408609205891088,0.9739092468174955,0.8990250455345528,0.8755688049666208,0.9739092468174955,0.8990250455345528,0.8755688049666208,0.9739092468174955,0.8990250455345528,0.8755688049666208,0.3915956627840386,0.9225532827567222,0.36126786421470924,0.3915956627840386,0.9225532827567222,0.36126786421470924,0.3915956627840386,0.9225532827567222,0.36126786421470924
180.62124248496997,0.9968697590475615,0.8059061707330857,0.8033834902336341,0.9968697590475615,0.8059061707330857,0.8033834902336341,0.9968697590475615,0.8059061707330857,0.8033834902336341,0.9968697590475615,0.8059061707330857,0.8033834902336341,0.9968697590475615,0.8059061707330857,0.8033834902336341,0.9968697590475615,0.8059061707330857,0.8033834902336341,0.9933645451821417,0.8500115397960787,0.8443713266291036,0.9933645451821417,0.8500115397960787,0.8443713266291036,0.9933645451821417,0.8500115397960787,0.8443713266291036,0.9720928672042256,0.9012580093433312,0.8761064823933316,0.9720928672042256,0.9012580093433312,0.8761064823933316,0.9720928672042256,0.9012580093433312,0.8761064823933316,0.3580614067706215,0.9234413925016735,0.33064872406937085,0.3580614067706215,0.9234413925016735,0.33064872406937085,0.3580614067706215,0.9234413925016735,0.33064872406937085
182.60521042084167,0.9967139228140398,0.8106204737386105,0.8079567122933857,0.9967139228140398,0.8106204737386105,0.8079567122933857,0.9967139228140398,0.8106204737386105,0.8079567122933857,0.9967139228140398,0.8106204737386105,0.8079567122933857,0.9967139228140398,0.8106204737386105,0.8079567122933857,0.9967139228140398,0.8106204737386105,0.8079567122933857,0.993008559161044,0.8537031459195501,0.847734530880823,0.993008559161044,0.8537031459195501,0.847734530880823,0.993008559161044,0.8537031459195501,0.847734530880823,0.9701408890272971,0.9033927191194632,0.8764182156673433,0.9701408890272971,0.9033927191194632,0.8764182156673433,0.9701408890272971,0.9033927191194632,0.8764182156673433,0.3275088057184429,0.924348895086826,0.30273240269704865,0.3275088057184429,0.924348895086826,0.30273240269704865,0.3275088057184429,0.924348895086826,0.30273240269704865
184.58917835671343,0.9965515189322857,0.8151891238097871,0.8123779595497225,0.9965515189322857,0.8151891238097871,0.8123779595497225,0.9965515189322857,0.8151891238097871,0.8123779595497225,0.9965515189322857,0.8151891238097871,0.8123779595497225,0.9965515189322857,0.8151891238097871,0.8123779595497225,0.9965515189322857,0.8151891238097871,0.8123779595497225,0.9926351488807054,0.8572681275843759,0.8509544754554005,0.9926351488807054,0.8572681275843759,0.8509544754554005,0.9926351488807054,0.8572681275843759,0.8509544754554005,0.968041566474823,0.9054327797270453,0.8764965664246223,0.968041566474823,0.9054327797270453,0.8764965664246223,0.968041566474823,0.9054327797270453,0.8764965664246223,0.2999922242179866,0.925264140386215,0.27757204746360403,0.2999922242179866,0.925264140386215,0.27757204746360403,0.2999922242179866,0.925264140386215,0.27757204746360403
186.5731462925852,0.996382292159032,0.8196167118245791,0.8166515780196228,0.996382292159032,0.8196167118245791,0.8166515780196228,0.996382292159032,0.8196167118245791,0.8166515780196228,0.996382292159032,0.8196167118245791,0.8166515780196228,0.996382292159032,0.8196167118245791,0.8166515780196228,0.996382292159032,0.8196167118245791,0.8166515780196228,0.9922434335336578,0.8607110442668466,0.854034881843676,0.9922434335336578,0.8607110442668466,0.854034881843676,0.9922434335336578,0.8607110442668466,0.854034881843676,0.9657819844316304,0.9073816044799126,0.8763328066113668,0.9657819844316304,0.9073816044799126,0.8763328066113668,0.9657819844316304,0.9073816044799126,0.8763328066113668,0.2754148411803833,0.9261763390070303,0.2550827093126501,0.2754148411803833,0.9261763390070303,0.2550827093126501,0.2754148411803833,0.9261763390070303,0.2550827093126501
188.55711422845692,0.9962059762121019,0.8239077103115183,0.8207817848595638,0.9962059762121019,0.8239077103115183,0.8207817848595638,0.9962059762121019,0.8239077103115183,0.8207817848595638,0.9962059762121019,0.8239077103115183,0.8207817848595638,0.9962059762121019,0.8239077103115183,0.8207817848595638,0.9962059762121019,0.8239077103115183,0.8207817848595638,0.991832479728641,0.8640362856103443,0.8569792517324321,0.991832479728641,0.8640362856103443,0.8569792517324321,0.991832479728641,0.8640362856103443,0.8569792517324321,0.9633479332433923,0.9092424247477193,0.875916810697926,0.9633479332433923,0.9092424247477193,0.875916810697926,0.9633479332433923,0.9092424247477193,0.875916810697926,0.25357945282556676,0.9270762278073919,0.2350874825749889,0.25357945282556676,0.9270762278073919,0.2350874825749889,0.25357945282556676,0.9270762278073919,0.2350874825749889
190.54108216432869,0.9960222931785394,0.8280664722090486,0.8247726665539199,0.9960222931785394,0.8280664722090486,0.8247726665539199,0.9960222931785394,0.8280664722090486,0.8247726665539199,0.9960222931785394,0.8280664722090486,0.8247726665539199,0.9960222931785394,0.8280664722090486,0.8247726665539199,0.9960222931785394,0.8280664722090486,0.8247726665539199,0.9914012977726786,0.8672480757380263,0.8597908677775375,0.9914012977726786,0.8672480757380263,0.8597908677775375,0.9914012977726786,0.8672480757380263,0.8597908677775375,0.960723770365709,0.9110182993961918,0.8752369354680657,0.960723770365709,0.9110182993961918,0.8752369354680657,0.960723770365709,0.9110182993961918,0.8752369354680657,0.23423305770631836,0.9279563009087648,0.21735804177970444,0.23423305770631836,0.9279563009087648,0.21735804177970444,0.23423305770631836,0.9279563009087648,0.21735804177970444
192.5250501002004,0.9958309528865528,0.8320972302389738,0.8286281776831386,0.9958309528865528,0.8320972302389738,0.8286281776831386,0.9958309528865528,0.8320972302389738,0.8286281776831386,0.9958309528865528,0.8320972302389738,0.8286281776831386,0.9958309528865528,0.8320972302389738,0.8286281776831386,0.9958309528865528,0.8320972302389738,0.8286281776831386,0.9909488376616099,0.8703504777242831,0.8624727942591053,0.9909488376616099,0.8703504777242831,0.8624727942591053,0.9909488376616099,0.8703504777242831,0.8624727942591053,0.9578922678887899,0.9127121241233656,0.8742798865061253,0.9578922678887899,0.9127121241233656,0.8742798865061253,0.9578922678887899,0.9127121241233656,0.8742798865061253,0.21710077324044091,0.928810751809378,0.2016455324118512,0.21710077324044091,0.928810751809378,0.2016455324118512,0.21710077324044091,0.928810751809378,0.2016455324118512
194.50901803607215,0.9956316522391778,0.8360040968194168,0.8323521401950376,0.9956316522391778,0.8360040968194168,0.8323521401950376,0.9956316522391778,0.8360040968194168,0.8323521401950376,0.9956316522391778,0.8360040968194168,0.8323521401950376,0.9956316522391778,0.8360040968194168,0.8323521401950376,0.9956316522391778,0.8360040968194168,0.8323521401950376,0.9904739847544675,0.8733473981784885,0.8650278775487941,0.9904739847544675,0.8733473981784885,0.8650278775487941,0.9904739847544675,0.8733473981784885,0.8650278775487941,0.9548344450107407,0.9143266407670689,0.8730305705953592,0.9548344450107407,0.9143266407670689,0.8730305705953592,0.9548344450107407,0.9143266407670689,0.8730305705953592,0.20190883126541043,0.9296352607688098,0.18770156900494542,0.20190883126541043,0.9296352607688098,0.18770156900494542,0.20190883126541043,0.9296352607688098,0.18770156900494542
196.4929859719439,0.9954240745056006,0.8397910644498086,0.8359482431080238,0.9954240745056006,0.8397910644498086,0.8359482431080238,0.9954240745056006,0.8397910644498086,0.8359482431080238,0.9954240745056006,0.8397910644498086,0.8359482431080238,0.9954240745056006,0.8397910644498086,0.8359482431080238,0.9954240745056006,0.8397910644498086,0.8359482431080238,0.9899755551048653,0.8762425919007433,0.8674587463234643,0.9899755551048653,0.8762425919007433,0.8674587463234643,0.9899755551048653,0.8762425919007433,0.8674587463234643,0.9515293846954809,0.9158644466741831,0.8714719334083525,0.9515293846954809,0.9158644466741831,0.8714719334083525,0.9515293846954809,0.9158644466741831,0.8714719334083525,0.1883984968574733,0.93042672397661,0.17529099623321653,0.1883984968574733,0.93042672397661,0.17529099623321653,0.1883984968574733,0.93042672397661,0.17529099623321653
198.47695390781564,0.9952078885703277,0.8434620065058139,0.8394200425839431,0.9952078885703277,0.8434620065058139,0.8394200425839431,0.9952078885703277,0.8434620065058139,0.8394200425839431,0.9952078885703277,0.8434620065058139,0.8394200425839431,0.9952078885703277,0.8434620065058139,0.8394200425839431,0.9952078885703277,0.8434620065058139,0.8394200425839431,0.9894522904201928,0.879039666574839,0.869767811462677,0.9894522904201928,0.879039666574839,0.869767811462677,0.9894522904201928,0.879039666574839,0.869767811462677,0.9479540340278029,0.9173280042396864,0.8695847821456842,0.9479540340278029,0.9173280042396864,0.8695847821456842,0.9479540340278029,0.9173280042396864,0.8695847821456842,0.1763333364485132,0.9311829823301923,0.1641986021183597,0.1763333364485132,0.9311829823301923,0.1641986021183597,0.1763333364485132,0.9311829823301923,0.1641986021183597
200.46092184368737,0.9949827481343587,0.8470206783891711,0.8427709623102863,0.9949827481343587,0.8470206783891711,0.8427709623102863,0.9949827481343587,0.8470206783891711,0.8427709623102863,0.9949827481343587,0.8470206783891711,0.8427709623102863,0.9949827481343587,0.8470206783891711,0.8427709623102863,0.9949827481343587,0.8470206783891711,0.8427709623102863,0.988902852616769,0.8817420874685894,0.8719572655699527,0.988902852616769,0.8817420874685894,0.8719572655699527,0.988902852616769,0.8817420874685894,0.8719572655699527,0.9440829882118601,0.918719650743514,0.8673475932028932,0.9440829882118601,0.918719650743514,0.8673475932028932,0.9440829882118601,0.918719650743514,0.8673475932028932,0.16550204684742514,0.9319025783556727,0.15423178418025682,0.16550204684742514,0.9319025783556727,0.15423178418025682,0.16550204684742514,0.9319025783556727,0.15423178418025682
202.44488977955913,0.9947482908666303,0.8504707189819352,0.8460042941393943,0.9947482908666303,0.8504707189819352,0.8460042941393943,0.9947482908666303,0.8504707189819352,0.8460042941393943,0.9947482908666303,0.8504707189819352,0.8460042941393943,0.9947482908666303,0.8504707189819352,0.8460042941393943,0.9947482908666303,0.8504707189819352,0.8460042941393943,0.9883258179362822,0.8843531821160662,0.874029082059415,0.9883258179362822,0.8843531821160662,0.874029082059415,0.9883258179362822,0.8843531821160662,0.874029082059415,0.9398882588081842,0.9200416086361537,0.8647363055721153,0.9398882588081842,0.9200416086361537,0.8647363055721153,0.9398882588081842,0.9200416086361537,0.8647363055721153,0.15571855783025867,0.9325845512439307,0.14522072137448386,0.15571855783025867,0.9325845512439307,0.14522072137448386,0.15571855783025867,0.9325845512439307,0.14522072137448386
204.42885771543087,0.9945041375020517,0.853815652359991,0.8491231989360245,0.9945041375020517,0.853815652359991,0.8491231989360245,0.9945041375020517,0.853815652359991,0.8491231989360245,0.9945041375020517,0.853815652359991,0.8491231989360245,0.9945041375020517,0.853815652359991,0.8491231989360245,0.9945041375020517,0.853815652359991,0.8491231989360245,0.9877196705857334,0.8868761449601678,0.875985013750402,0.9877196705857334,0.8868761449601678,0.875985013750402,0.9877196705857334,0.8868761449601678,0.875985013750402,0.9353390277437444,0.9212959964498387,0.8617241015835964,0.9353390277437444,0.9212959964498387,0.8617241015835964,0.9353390277437444,0.9212959964498387,0.8617241015835964,0.14682060940796415,0.9332282698070359,0.137017143289809,0.14682060940796415,0.9332282698070359,0.137017143289809,0.14682060940796415,0.9332282698070359,0.137017143289809
206.41282565130263,0.9942498908825033,0.8570588897252456,0.8521307075892048,0.9942498908825033,0.8570588897252456,0.8521307075892048,0.9942498908825033,0.8570588897252456,0.8521307075892048,0.9942498908825033,0.8570588897252456,0.8521307075892048,0.9942498908825033,0.8570588897252456,0.8521307075892048,0.9942498908825033,0.8570588897252456,0.8521307075892048,0.987082795859712,0.8893140419374028,0.8778265909128727,0.987082795859712,0.8893140419374028,0.8778265909128727,0.987082795859712,0.8893140419374028,0.8778265909128727,0.930401389957233,0.9224848405411848,0.8582811778539948,0.930401389957233,0.9224848405411848,0.8582811778539948,0.930401389957233,0.9224848405411848,0.8582811778539948,0.138667587637053,0.9338332984533861,0.1294924107516832,0.138667587637053,0.9338332984533861,0.1294924107516832,0.138667587637053,0.9338332984533861,0.1294924107516832
208.3967935871744,0.9939851349368736,0.8602037315201432,0.8550297221482517,0.9939851349368736,0.8602037315201432,0.8550297221482517,0.9939851349368736,0.8602037315201432,0.8550297221482517,0.9939851349368736,0.8602037315201432,0.8550297221482517,0.9939851349368736,0.8602037315201432,0.8550297221482517,0.9939851349368736,0.8602037315201432,0.8550297221482517,0.9864134727001845,0.8916698149898232,0.8795551187060426,0.9864134727001845,0.8916698149898232,0.8795551187060426,0.9864134727001845,0.8916698149898232,0.8795551187060426,0.9250380893818739,0.9236100879027982,0.8543745110474291,0.9250380893818739,0.9236100879027982,0.8543745110474291,0.9250380893818739,0.9236100879027982,0.8543745110474291,0.1311380998368809,0.9343992896876022,0.12253534733856339,0.1311380998368809,0.9343992896876022,0.12253534733856339,0.1311380998368809,0.9343992896876022,0.12253534733856339
210.3807615230461,0.9937094335959653,0.8632533696920222,0.8578230170464678,0.9937094335959653,0.8632533696920222,0.8578230170464678,0.9937094335959653,0.8632533696920222,0.8578230170464678,0.9937094335959653,0.8632533696920222,0.8578230170464678,0.9937094335959653,0.8632533696920222,0.8578230170464678,0.9937094335959653,0.8632533696920222,0.8578230170464678,0.985709865644963,0.893946286491749,0.8811716739515955,0.985709865644963,0.893946286491749,0.8811716739515955,0.985709865644963,0.893946286491749,0.8811716739515955,0.9192082554764207,0.9246736203149917,0.8499676254148097,0.9192082554764207,0.9246736203149917,0.8499676254148097,0.9192082554764207,0.9246736203149917,0.8499676254148097,0.12412756564601694,0.9349258966109715,0.11605007560573961,0.12412756564601694,0.9349258966109715,0.11605007560573961,0.12412756564601694,0.9349258966109715,0.11605007560573961
212.36472945891785,0.9934223296377517,0.8662108900783725,0.8605132403792473,0.9934223296377517,0.8662108900783725,0.8605132403792473,0.9934223296377517,0.8662108900783725,0.8605132403792473,0.9934223296377517,0.8662108900783725,0.8605132403792473,0.9934223296377517,0.8662108900783725,0.8605132403792473,0.9934223296377517,0.8662108900783725,0.8605132403792473,0.9849700161117172,0.8961461635813042,0.8826771011811307,0.9849700161117172,0.8961461635813042,0.8826771011811307,0.9849700161117172,0.8961461635813042,0.8826771011811307,0.9128671508813392,0.9256772701421389,0.84502037223027,0.9128671508813392,0.9256772701421389,0.84502037223027,0.9128671508813392,0.9256772701421389,0.84502037223027,0.1175459696260596,0.9354126995202476,0.10995399276563744,0.1175459696260596,0.9354126995202476,0.10995399276563744,0.1175459696260596,0.9354126995202476,0.10995399276563744
214.34869739478958,0.9931233434581463,0.869079274887279,0.8631029152062359,0.9931233434581463,0.869079274887279,0.8631029152062359,0.9931233434581463,0.869079274887279,0.8631029152062359,0.9931233434581463,0.869079274887279,0.8631029152062359,0.9931233434581463,0.869079274887279,0.8631029152062359,0.9931233434581463,0.869079274887279,0.8631029152062359,0.9841918329597018,0.898272042388892,0.8840720078951786,0.9841918329597018,0.898272042388892,0.8840720078951786,0.9841918329597018,0.898272042388892,0.8840720078951786,0.9059659452273264,0.9266228381093312,0.8394887353969481,0.9059659452273264,0.9266228381093312,0.8394887353969481,0.9059659452273264,0.9266228381093312,0.8394887353969481,0.11131584124700529,0.9358591414961662,0.1041759476243459,0.11131584124700529,0.9358591414961662,0.1041759476243459,0.11131584124700529,0.9358591414961662,0.1041759476243459
216.3326653306613,0.99281197176211,0.8718614052502676,0.8655944408498022,0.99281197176211,0.8718614052502676,0.8655944408498022,0.99281197176211,0.8718614052502676,0.8655944408498022,0.99281197176211,0.8718614052502676,0.8655944408498022,0.99281197176211,0.8718614052502676,0.8655944408498022,0.99281197176211,0.8718614052502676,0.8655944408498022,0.9833730822663063,0.9003264121565893,0.88535675896819,0.9833730822663063,0.9003264121565893,0.88535675896819,0.9833730822663063,0.9003264121565893,0.88535675896819,0.8984515359110395,0.9275121134180067,0.8333246828765024,0.8984515359110395,0.9275121134180067,0.8333246828765024,0.8984515359110395,0.9275121134180067,0.8333246828765024,0.10537048140904678,0.9362644686169492,0.09865463778435332,0.10537048140904678,0.9362644686169492,0.09865463778435332,0.10537048140904678,0.9362644686169492,0.09865463778435332
218.3166332665331,0.9924876861694942,0.874560063827439,0.8679900941643401,0.9924876861694942,0.874560063827439,0.8679900941643401,0.9924876861694942,0.874560063827439,0.8679900941643401,0.9924876861694942,0.874560063827439,0.8679900941643401,0.9924876861694942,0.874560063827439,0.8679900941643401,0.9924876861694942,0.874560063827439,0.8679900941643401,0.9825113762501009,0.902311659244074,0.8865314701304072,0.9825113762501009,0.902311659244074,0.8865314701304072,0.9825113762501009,0.902311659244074,0.8865314701304072,0.89026644404595,0.9283468965677812,0.826476090448492,0.89026644404595,0.9283468965677812,0.826476090448492,0.89026644404595,0.9283468965677812,0.826476090448492,0.09965242870304292,0.9366276710555025,0.09333722221115559,0.09965242870304292,0.9366276710555025,0.09333722221115559,0.09965242870304292,0.9366276710555025,0.09333722221115559
220.3006012024048,0.9921499317296317,0.8771779374471834,0.8702920307529622,0.9921499317296317,0.8771779374471834,0.8702920307529622,0.9921499317296317,0.8771779374471834,0.8702920307529622,0.9921499317296317,0.8771779374471834,0.8702920307529622,0.9921499317296317,0.8771779374471834,0.8702920307529622,0.9921499317296317,0.8771779374471834,0.8702920307529622,0.9816041612661706,0.9042300710181532,0.8875960004534241,0.9816041612661706,0.9042300710181532,0.8875960004534241,0.9816041612661706,0.9042300710181532,0.8875960004534241,0.8813488230386577,0.9291290252346824,0.8188867728416427,0.8813488230386577,0.9291290252346824,0.8188867728416427,0.8813488230386577,0.9291290252346824,0.8188867728416427,0.09411214500399163,0.9369474218443701,0.08817813162573347,0.09411214500399163,0.9369474218443701,0.08817813162573347,0.09411214500399163,0.9369474218443701,0.08817813162573347
222.28456913827657,0.9917981253382304,0.8797176197649502,0.8725022861098878,0.9917981253382304,0.8797176197649502,0.8725022861098878,0.9917981253382304,0.8797176197649502,0.8725022861098878,0.9917981253382304,0.8797176197649502,0.8725022861098878,0.9917981253382304,0.8797176197649502,0.8725022861098878,0.9917981253382304,0.8797176197649502,0.8725022861098878,0.9806487047932797,0.9060838396242243,0.8885499437616173,0.9806487047932797,0.9060838396242243,0.8885499437616173,0.9806487047932797,0.9060838396242243,0.8885499437616173,0.8716326284891434,0.9298604034983803,0.8104966676292686,0.8716326284891434,0.9298604034983803,0.8104966676292686,0.8716326284891434,0.9298604034983803,0.8104966676292686,0.08870689322622102,0.9372220106199721,0.08313805282533006,0.08870689322622102,0.9372220106199721,0.08313805282533006,0.08870689322622102,0.9372220106199721,0.08313805282533006
224.26853707414833,0.9914316540496307,0.8821816139275163,0.8746227766683302,0.9914316540496307,0.8821816139275163,0.8746227766683302,0.9914316540496307,0.8821816139275163,0.8746227766683302,0.9914316540496307,0.8821816139275163,0.8746227766683302,0.9914316540496307,0.8821816139275163,0.8746227766683302,0.9914316540496307,0.8821816139275163,0.8746227766683302,0.9796420813256925,0.9078750656391547,0.8893926188864412,0.9796420813256925,0.9078750656391547,0.8893926188864412,0.9796420813256925,0.9078750656391547,0.8893926188864412,0.8610480113249834,0.930543034592097,0.8012422293878404,0.8610480113249834,0.930543034592097,0.8012422293878404,0.8610480113249834,0.930543034592097,0.8012422293878404,0.08339977651556647,0.9374492703867018,0.07818305964493177,0.08339977651556647,0.9374492703867018,0.07818305964493177,0.08339977651556647,0.9374492703867018,0.07818305964493177
226.25250501002003,0.9910498732769824,0.8845723352309681,0.8766553007349753,0.9910498732769824,0.8845723352309681,0.8766553007349753,0.9910498732769824,0.8845723352309681,0.8766553007349753,0.9910498732769824,0.8845723352309681,0.8766553007349753,0.9910498732769824,0.8845723352309681,0.8766553007349753,0.9910498732769824,0.8845723352309681,0.8766553007349753,0.9785811570754012,0.909605761606067,0.8901230586749166,0.9785811570754012,0.909605761606067,0.8901230586749166,0.9785811570754012,0.909605761606067,0.8901230586749166,0.849522010839199,0.9311790571415917,0.7910571050742743,0.849522010839199,0.9311790571415917,0.7910571050742743,0.849522010839199,0.9311790571415917,0.7910571050742743,0.07815890530085493,0.937626496636138,0.07328386055815628,0.07815890530085493,0.937626496636138,0.07328386055815628,0.07815890530085493,0.937626496636138,0.07328386055815628
228.2364729458918,0.990652104872321,0.8868921137622038,0.8786015392931892,0.990652104872321,0.8868921137622038,0.8786015392931892,0.990652104872321,0.8868921137622038,0.8786015392931892,0.990652104872321,0.8868921137622038,0.8786015392931892,0.990652104872321,0.8868921137622038,0.8786015392931892,0.990652104872321,0.8868921137622038,0.8786015392931892,0.9774625733830321,0.911277855452453,0.8907399976575254,0.9774625733830321,0.911277855452453,0.8907399976575254,0.9774625733830321,0.911277855452453,0.8907399976575254,0.8369796395630789,0.9317707845304478,0.7798731753917014,0.8369796395630789,0.9317707845304478,0.7798731753917014,0.8369796395630789,0.9317707845304478,0.7798731753917014,0.07295665455389677,0.9377503606715807,0.06841512912130862,0.07295665455389677,0.9377503606715807,0.06841512912130862,0.07295665455389677,0.9377503606715807,0.06841512912130862
230.22044088176352,0.9902376350779218,0.8891431970151946,0.8804630566579491,0.9902376350779218,0.8891431970151946,0.8804630566579491,0.9902376350779218,0.8891431970151946,0.8804630566579491,0.9902376350779218,0.8891431970151946,0.8804630566579491,0.9902376350779218,0.8891431970151946,0.8804630566579491,0.9902376350779218,0.8891431970151946,0.8804630566579491,0.9762827287278588,0.9128931937938561,0.8912418582741559,0.9762827287278588,0.9128931937938561,0.8912418582741559,0.9762827287278588,0.9128931937938561,0.8912418582741559,0.8233454656378362,0.932320746539652,0.7676220591835048,0.8233454656378362,0.932320746539652,0.7676220591835048,0.8233454656378362,0.932320746539652,0.7676220591835048,0.06776896667375511,0.9378168238821483,0.06355487708375616,0.06776896667375511,0.9378168238821483,0.06355487708375616,0.06776896667375511,0.9378168238821483,0.06355487708375616
232.20440881763528,0.9898057123396649,0.891327752474525,0.8822413009661597,0.9898057123396649,0.891327752474525,0.8822413009661597,0.9898057123396649,0.891327752474525,0.8822413009661597,0.9898057123396649,0.891327752474525,0.8822413009661597,0.9898057123396649,0.891327752474525,0.8822413009661597,0.9898057123396649,0.891327752474525,0.8822413009661597,0.975037759219296,0.9144535451261603,0.8916267355499528,0.975037759219296,0.9144535451261603,0.8916267355499528,0.975037759219296,0.9144535451261603,0.8916267355499528,0.8085458070973592,0.9328317317220278,0.7542371854112143,0.8085458070973592,0.9328317317220278,0.7542371854112143,0.8085458070973592,0.9328317317220278,0.7542371854112143,0.06257464425364612,0.9378210689678778,0.05868381976423907,0.06257464425364612,0.9378210689678778,0.05868381976423907,0.06257464425364612,0.9378210689678778,0.05868381976423907
234.18837675350704,0.9893555449724314,0.8934478701598723,0.8839376044864785,0.9893555449724314,0.8934478701598723,0.8839376044864785,0.9893555449724314,0.8934478701598723,0.8839376044864785,0.9893555449724314,0.8934478701598723,0.8839376044864785,0.9893555449724314,0.8934478701598723,0.8839376044864785,0.9893555449724314,0.8934478701598723,0.8839376044864785,0.9737235174439389,0.9159606029102388,0.8918923801058287,0.9737235174439389,0.9159606029102388,0.8918923801058287,0.9737235174439389,0.9159606029102388,0.8918923801058287,0.7925116508975968,0.9333068280586228,0.7396565350987386,0.7925116508975968,0.9333068280586228,0.7396565350987386,0.7925116508975968,0.9333068280586228,0.7396565350987386,0.05735456114016072,0.9377574809232005,0.05378466877425281,0.05735456114016072,0.9377574809232005,0.05378466877425281,0.05735456114016072,0.9377574809232005,0.05378466877425281
236.17234468937875,0.9888862986668064,0.8955055651261165,0.8855531837330921,0.9888862986668064,0.8955055651261165,0.8855531837330921,0.9888862986668064,0.8955055651261165,0.8855531837330921,0.9888862986668064,0.8955055651261165,0.8855531837330921,0.9888862986668064,0.8955055651261165,0.8855531837330921,0.9888862986668064,0.8955055651261165,0.8855531837330921,0.9723355495339346,0.9174159885534366,0.8920361793813237,0.9723355495339346,0.9174159885534366,0.8920361793813237,0.9723355495339346,0.9174159885534366,0.8920361793813237,0.7751823900762409,0.9337494583044359,0.7238261368208279,0.7751823900762409,0.9337494583044359,0.7238261368208279,0.7751823900762409,0.9337494583044359,0.7238261368208279,0.05209070210115215,0.937619739436794,0.04884127053116194,0.05209070210115215,0.937619739436794,0.04884127053116194,0.05209070210115215,0.937619739436794,0.04884127053116194
238.1563126252505,0.9883970938255303,0.897502779914674,0.8870891393679983,0.9883970938255303,0.897502779914674,0.8870891393679983,0.9883970938255303,0.897502779914674,0.8870891393679983,0.9883970938255303,0.897502779914674,0.8870891393679983,0.9883970938255303,0.897502779914674,0.8870891393679983,0.9883970938255303,0.897502779914674,0.8870891393679983,0.9708690703143035,0.9188212542930504,0.8920551369405161,0.9708690703143035,0.9188212542930504,0.8920551369405161,0.9708690703143035,0.9188212542930504,0.8920551369405161,0.7565104254641563,0.9341634051193084,0.706704355059853,0.7565104254641563,0.9341634051193084,0.706704355059853,0.7565104254641563,0.9341634051193084,0.706704355059853,0.046764931357470535,0.9374011298059922,0.043837499489792556,0.046764931357470535,0.9374011298059922,0.043837499489792556,0.046764931357470535,0.9374011298059922,0.043837499489792556
240.14028056112227,0.9878870027172973,0.8994413869524641,0.8885464558763586,0.9878870027172973,0.8994413869524641,0.8885464558763586,0.9878870027172973,0.8994413869524641,0.8885464558763586,0.9878870027172973,0.8994413869524641,0.8885464558763586,0.9878870027172973,0.8994413869524641,0.8885464558763586,0.9878870027172973,0.8994413869524641,0.8885464558763586,0.9693189363791057,0.9201778859876795,0.8919458497251515,0.9693189363791057,0.9201778859876795,0.8919458497251515,0.9693189363791057,0.9201778859876795,0.8919458497251515,0.7364665932532604,0.9345528197409323,0.6882669313698327,0.7364665932532604,0.9345528197409323,0.6882669313698327,0.7364665932532604,0.9345528197409323,0.6882669313698327,0.04135741610082861,0.9370952405688383,0.03875583779031153,0.04135741610082861,0.9370952405688383,0.03875583779031153,0.04135741610082861,0.9370952405688383,0.03875583779031153
242.124248496994,0.9873550464345335,0.9013231908956358,0.8899260009992824,0.9873550464345335,0.9013231908956358,0.8899260009992824,0.9873550464345335,0.9013231908956358,0.8899260009992824,0.9873550464345335,0.9013231908956358,0.8899260009992824,0.9873550464345335,0.9013231908956358,0.8899260009992824,0.9873550464345335,0.9013231908956358,0.8899260009992824,0.9676796169393629,0.9214873058230558,0.8917044831133402,0.9676796169393629,0.9214873058230558,0.8917044831133402,0.9676796169393629,0.9214873058230558,0.8917044831133402,0.7150462474835928,0.9349222068636507,0.6685126157069327,0.7150462474835928,0.9349222068636507,0.6685126157069327,0.7150462474835928,0.9349222068636507,0.6685126157069327,0.035844752432011594,0.9366972710370531,0.03357568178406403,0.035844752432011594,0.9366972710370531,0.03357568178406403,0.035844752432011594,0.9366972710370531,0.03357568178406403
244.10821643286576,0.9868001916407768,0.9031499309158184,0.8912285249080839,0.9868001916407768,0.9031499309158184,0.8912285249080839,0.9868001916407768,0.9031499309158184,0.8912285249080839,0.9868001916407768,0.9031499309158184,0.8912285249080839,0.9868001916407768,0.9031499309158184,0.8912285249080839,0.9868001916407768,0.9031499309158184,0.8912285249080839,0.9659451622798916,0.9227508749397353,0.8913267436375746,0.9659451622798916,0.9227508749397353,0.8913267436375746,0.9659451622798916,0.9227508749397353,0.8913267436375746,0.6922756447333431,0.9352763779651765,0.6474690575597085,0.6922756447333431,0.9352763779651765,0.6474690575597085,0.6922756447333431,0.9352763779651765,0.6474690575597085,0.030198152252016514,0.9362061477739794,0.0282716957897525,0.030198152252016514,0.9362061477739794,0.0282716957897525,0.030198152252016514,0.9362061477739794,0.0282716957897525
246.09218436873746,0.9862213470922189,0.9049232829272225,0.8924546591035984,0.9862213470922189,0.9049232829272225,0.8924546591035984,0.9862213470922189,0.9049232829272225,0.8924546591035984,0.9862213470922189,0.9049232829272225,0.8924546591035984,0.9862213470922189,0.9049232829272225,0.8924546591035984,0.9862213470922189,0.9049232829272225,0.8924546591035984,0.9641091696582647,0.9239698959908703,0.8908078492129912,0.9641091696582647,0.9239698959908703,0.8908078492129912,0.9641091696582647,0.9239698959908703,0.8908078492129912,0.6682180582210543,0.9356203661356037,0.625198424291205,0.6682180582210543,0.9356203661356037,0.625198424291205,0.6682180582210543,0.9356203661356037,0.625198424291205,0.024382618237756292,0.9356273924275172,0.022813045522347544,0.024382618237756292,0.9356273924275172,0.022813045522347544,0.024382618237756292,0.9356273924275172,0.022813045522347544
248.07615230460922,0.9856173599167823,0.9066448617534225,0.8936049150235245,0.9856173599167823,0.9066448617534225,0.8936049150235245,0.9856173599167823,0.9066448617534225,0.8936049150235245,0.9856173599167823,0.9066448617534225,0.8936049150235245,0.9856173599167823,0.9066448617534225,0.8936049150235245,0.9856173599167823,0.9066448617534225,0.8936049150235245,0.9621647464777435,0.9251456156392086,0.8901424967264951,0.9621647464777435,0.9251456156392086,0.8901424967264951,0.9621647464777435,0.9251456156392086,0.8901424967264951,0.6429788229100147,0.9359592981084122,0.6018020077894304,0.6429788229100147,0.9359592981084122,0.6018020077894304,0.6429788229100147,0.9359592981084122,0.6018020077894304,0.018358681687680883,0.9349760204813529,0.01716492714563176,0.018358681687680883,0.9349760204813529,0.01716492714563176,0.018358681687680883,0.9349760204813529,0.01716492714563176
250.06012024048098,0.9849870116328773,0.9083162232330836,0.8946796823400165,0.9849870116328773,0.9083162232330836,0.8946796823400165,0.9849870116328773,0.9083162232330836,0.8946796823400165,0.9849870116328773,0.9083162232330836,0.8946796823400165,0.9849870116328773,0.9083162232330836,0.8946796823400165,0.9849870116328773,0.9083162232330836,0.8946796823400165,0.9601044705682252,0.9262792270034824,0.8893248268405234,0.9601044705682252,0.9262792270034824,0.8893248268405234,0.9601044705682252,0.9262792270034824,0.8893248268405234,0.6167083411157276,0.9362982240951375,0.5774229245713141,0.6167083411157276,0.9362982240951375,0.5774229245713141,0.6167083411157276,0.9362982240951375,0.5774229245713141,0.012088250460385298,0.9342778020853562,0.01129378407118607,0.012088250460385298,0.9342778020853562,0.01129378407118607,0.012088250460385298,0.9342778020853562,0.01129378407118607
252.04408817635274,0.9843290138886304,0.9099388662642863,0.8956792269288633,0.9843290138886304,0.9099388662642863,0.8956792269288633,0.9843290138886304,0.9099388662642863,0.8956792269288633,0.9843290138886304,0.9099388662642863,0.8956792269288633,0.9843290138886304,0.9099388662642863,0.8956792269288633,0.9843290138886304,0.9099388662642863,0.8956792269288633,0.9579203474162589,0.9273718720654949,0.8883483858730452,0.9579203474162589,0.9273718720654949,0.8883483858730452,0.9579203474162589,0.9273718720654949,0.8883483858730452,0.5896020405233018,0.9366419131120355,0.5522459832105052,0.5896020405233018,0.9366419131120355,0.5522459832105052,0.5896020405233018,0.9366419131120355,0.5522459832105052,0.005544289030406345,0.9335668711429819,0.005175964562828808,0.005544289030406345,0.9335668711429819,0.005175964562828808,0.005544289030406345,0.9335668711429819,0.005175964562828808
254.02805611222445,0.98364200390099,0.9115142347874453,0.8966036884906002,0.98364200390099,0.9115142347874453,0.8966036884906002,0.98364200390099,0.9115142347874453,0.8966036884906002,0.98364200390099,0.9115142347874453,0.8966036884906002,0.98364200390099,0.9115142347874453,0.8966036884906002,0.98364200390099,0.9115142347874453,0.8966036884906002,0.9556037641986164,0.9284246440505083,0.8872060846294263,0.9556037641986164,0.9284246440505083,0.8872060846294263,0.9556037641986164,0.9284246440505083,0.8872060846294263,0.5618964562200887,0.9369946298585141,0.5264939620147527,0.5618964562200887,0.9369946298585141,0.5264939620147527,0.5618964562200887,0.9369946298585141,0.5264939620147527,0.0012793638767261857,0.9328792182190192,0.0011934919731379778,0.0012793638767261857,0.9328792182190192,0.0011934919731379778,0.0012793638767261857,0.9328792182190192,0.0011934919731379778
256.0120240480962,0.982924539572554,0.9130437197071173,0.8974530778027303,0.982924539572554,0.9130437197071173,0.8974530778027303,0.982924539572554,0.9130437197071173,0.8974530778027303,0.982924539572554,0.9130437197071173,0.8974530778027303,0.982924539572554,0.9130437197071173,0.8974530778027303,0.982924539572554,0.9130437197071173,0.8974530778027303,0.9531454404957413,0.9294385897949844,0.885890154083881,0.9531454404957413,0.9294385897949844,0.885890154083881,0.9531454404957413,0.9294385897949844,0.885890154083881,0.5338610531019585,0.9373599169898236,0.5004199524197517,0.5338610531019585,0.9373599169898236,0.5004199524197517,0.5338610531019585,0.9373599169898236,0.5004199524197517,0.008363564658223011,0.9322446721636546,0.007796888592924639,0.008363564658223011,0.9322446721636546,0.007796888592924639,0.008363564658223011,0.9322446721636546,0.007796888592924639
257.99599198396794,0.9821750942623754,0.9145286607532525,0.8982272735809697,0.9821750942623754,0.9145286607532525,0.8982272735809697,0.9821750942623754,0.9145286607532525,0.8982272735809697,0.9821750942623754,0.9145286607532525,0.8982272735809697,0.9821750942623754,0.9145286607532525,0.8982272735809697,0.9821750942623754,0.9145286607532525,0.8982272735809697,0.9505353755941985,0.9304147121173861,0.8843920978408677,0.9505353755941985,0.9304147121173861,0.8843920978408677,0.9505353755941985,0.9304147121173861,0.8843920978408677,0.5057860844919427,0.9377404112606297,0.474296050881378,0.5057860844919427,0.9377404112606297,0.474296050881378,0.5057860844919427,0.9377404112606297,0.474296050881378,0.01566742109554812,0.9316815199104405,0.01459704669937717,0.01566742109554812,0.9316815199104405,0.01459704669937717,0.01566742109554812,0.9316815199104405,0.01459704669937717
259.97995991983964,0.9813920511852973,0.9159703482826868,0.8989260189260571,0.9813920511852973,0.9159703482826868,0.8989260189260571,0.9813920511852973,0.9159703482826868,0.8989260189260571,0.9813920511852973,0.9159703482826868,0.8989260189260571,0.9813920511852973,0.9159703482826868,0.8989260189260571,0.9813920511852973,0.9159703482826868,0.8989260189260571,0.9477627923340831,0.9313539722095971,0.8827026413528078,0.9477627923340831,0.9313539722095971,0.8827026413528078,0.9477627923340831,0.9313539722095971,0.8827026413528078,0.4779675635824293,0.9381377210932124,0.4483994008556953,0.4779675635824293,0.9381377210932124,0.4483994008556953,0.4779675635824293,0.9381377210932124,0.4483994008556953,0.02313706791810535,0.9311958935501161,0.021545142634129835,0.02313706791810535,0.9311958935501161,0.021545142634129835,0.02313706791810535,0.9311958935501161,0.021545142634129835
261.9639278557114,0.9805736974125178,0.9173700250218679,0.899548917331107,0.9805736974125178,0.9173700250218679,0.899548917331107,0.9805736974125178,0.9173700250218679,0.899548917331107,0.9805736974125178,0.9173700250218679,0.899548917331107,0.9805736974125178,0.9173700250218679,0.899548917331107,0.9805736974125178,0.9173700250218679,0.899548917331107,0.9448160775222496,0.9322572920686127,0.8808116779337809,0.9448160775222496,0.9322572920686127,0.8808116779337809,0.9448160775222496,0.9322572920686127,0.8808116779337809,0.4506910903116552,0.9385523855580025,0.4229971979617411,0.4506910903116552,0.9385523855580025,0.4229971979617411,0.4506910903116552,0.9385523855580025,0.4229971979617411,0.03071458534132475,0.9307847437985989,0.028588667447805156,0.03071458534132475,0.9307847437985989,0.028588667447805156,0.03071458534132475,0.9307847437985989,0.028588667447805156
263.94789579158316,0.9797182174442188,0.9187288877519969,0.9000954282228962,0.9797182174442188,0.9187288877519969,0.9000954282228962,0.9797182174442188,0.9187288877519969,0.9000954282228962,0.9797182174442188,0.9187288877519969,0.9000954282228962,0.9797182174442188,0.9187288877519969,0.9000954282228962,0.9797182174442188,0.9187288877519969,0.9000954282228962,0.9416827190198592,0.933125556990491,0.8787082116937263,0.9416827190198592,0.933125556990491,0.8787082116937263,0.9416827190198592,0.933125556990491,0.8787082116937263,0.4242166034724532,0.9389839216873916,0.3983325699734693,0.4242166034724532,0.9389839216873916,0.3983325699734693,0.4242166034724532,0.9389839216873916,0.3983325699734693,0.038343895875156124,0.9304398565013992,0.035676688975784854,0.038343895875156124,0.9304398565013992,0.035676688975784854,0.038343895875156124,0.9304398565013992,0.035676688975784854
265.9318637274549,0.9788236863230457,0.9200480889379307,0.9005648620086987,0.9788236863230457,0.9200480889379307,0.9005648620086987,0.9788236863230457,0.9200480889379307,0.9005648620086987,0.9788236863230457,0.9200480889379307,0.9005648620086987,0.9788236863230457,0.9200480889379307,0.9005648620086987,0.9788236863230457,0.9200480889379307,0.9005648620086987,0.9383492397291601,0.9339596181511546,0.8763802976298726,0.9383492397291601,0.9339596181511546,0.8763802976298726,0.9383492397291601,0.9339596181511546,0.8763802976298726,0.3987659849177028,0.9394309518135744,0.374613108762115,0.3987659849177028,0.9394309518135744,0.374613108762115,0.3987659849177028,0.9394309518135744,0.374613108762115,0.0459733553778592,0.9301511382840011,0.04276216883545064,0.0459733553778592,0.9301511382840011,0.04276216883545064,0.0459733553778592,0.9301511382840011,0.04276216883545064
267.9158316633266,0.9778880622551465,0.9213287383023351,0.9009563745984493,0.9778880622551465,0.9213287383023351,0.9009563745984493,0.9778880622551465,0.9213287383023351,0.9009563745984493,0.9778880622551465,0.9213287383023351,0.9009563745984493,0.9778880622551465,0.9213287383023351,0.9009563745984493,0.9778880622551465,0.9213287383023351,0.9009563745984493,0.9348011288567623,0.9347602953014839,0.8738149792583075,0.9348011288567623,0.9347602953014839,0.8738149792583075,0.9348011288567623,0.9347602953014839,0.8738149792583075,0.3745148611060114,0.9398913895645293,0.35200329321749574,0.3745148611060114,0.9398913895645293,0.35200329321749574,0.3745148611060114,0.9398913895645293,0.35200329321749574,0.053556194755611346,0.9299086456883922,0.04980236853341432,0.053556194755611346,0.9299086456883922,0.04980236853341432,0.053556194755611346,0.9299086456883922,0.04980236853341432
269.8997995991984,0.9769091787032782,0.9225719043467168,0.9012689613700704,0.9769091787032782,0.9225719043467168,0.9012689613700704,0.9769091787032782,0.9225719043467168,0.9012689613700704,0.9769091787032782,0.9225719043467168,0.9012689613700704,0.9769091787032782,0.9225719043467168,0.9012689613700704,0.9769091787032782,0.9225719043467168,0.9012689613700704,0.93102277102767,0.935528379607259,0.8709982243569762,0.93102277102767,0.935528379607259,0.8709982243569762,0.93102277102767,0.935528379607259,0.8709982243569762,0.3515891131399055,0.940362655795913,0.33062127218117127,0.3515891131399055,0.940362655795913,0.33062127218117127,0.3515891131399055,0.940362655795913,0.33062127218117127,0.06105001964309753,0.9297035566829495,0.056758420397751704,0.06105001964309753,0.9297035566829495,0.056758420397751704,0.06105001964309753,0.9297035566829495,0.056758420397751704
271.88376753507015,0.9758847359142437,0.9237786158210877,0.9015014505437877,0.9758847359142437,0.9237786158210877,0.9015014505437877,0.9758847359142437,0.9237786158210877,0.9015014505437877,0.9758847359142437,0.9237786158210877,0.9015014505437877,0.9758847359142437,0.9237786158210877,0.9015014505437877,0.9758847359142437,0.9237786158210877,0.9015014505437877,0.9269973740764011,0.9362646366678052,0.8679148596316513,0.9269973740764011,0.9362646366678052,0.8679148596316513,0.9269973740764011,0.9362646366678052,0.8679148596316513,0.3300657760498096,0.9408418953941692,0.31053971034345024,0.3300657760498096,0.9408418953941692,0.31053971034345024,0.3300657760498096,0.9408418953941692,0.31053971034345024,0.06841611794742414,0.9295284690384117,0.06359472937322055,0.06841611794742414,0.9295284690384117,0.06359472937322055,0.06841611794742414,0.9295284690384117,0.06359472937322055
273.8677354709419,0.9748122918406081,0.9249498631441341,0.9016524959291902,0.9748122918406081,0.9249498631441341,0.9016524959291902,0.9748122918406081,0.9249498631441341,0.9016524959291902,0.9748122918406081,0.9249498631441341,0.9016524959291902,0.9748122918406081,0.9249498631441341,0.9016524959291902,0.9748122918406081,0.9249498631441341,0.9016524959291902,0.922706896661104,0.9369698097507339,0.8645485054202446,0.922706896661104,0.9369698097507339,0.8645485054202446,0.922706896661104,0.9369698097507339,0.8645485054202446,0.3099773971189206,0.9413261714211488,0.29178983645704654,0.3099773971189206,0.9413261714211488,0.29178983645704654,0.3099773971189206,0.9413261714211488,0.29178983645704654,0.07561890485945011,0.9293773448483139,0.07027849701861301,0.07561890485945011,0.9293773448483139,0.07027849701861301,0.07561890485945011,0.9293773448483139,0.07027849701861301
275.85170340681367,0.9736892524143027,0.9260865997758813,0.9017205690066814,0.9736892524143027,0.9260865997758813,0.9017205690066814,0.9736892524143027,0.9260865997758813,0.9017205690066814,0.9736892524143027,0.9260865997758813,0.9017205690066814,0.9736892524143027,0.9260865997758813,0.9017205690066814,0.9736892524143027,0.9260865997758813,0.9017205690066814,0.9181319772477607,0.9376446232835263,0.8608815119310357,0.9181319772477607,0.9376446232835263,0.8608815119310357,0.9181319772477607,0.9376446232835263,0.8608815119310357,0.2913186333328519,0.9418126217955717,0.2743675658371161,0.2913186333328519,0.9418126217955717,0.2743675658371161,0.2913186333328519,0.9418126217955717,0.2743675658371161,0.0826255886980377,0.9292453042951944,0.07677944031227761,0.0826255886980377,0.9292453042951944,0.07677944031227761,0.0826255886980377,0.9292453042951944,0.07677944031227761
277.8356713426854,0.9725128611273937,0.9271897435449569,0.9017039503028804,0.9725128611273937,0.9271897435449569,0.9017039503028804,0.9725128611273937,0.9271897435449569,0.9017039503028804,0.9725128611273937,0.9271897435449569,0.9017039503028804,0.9725128611273937,0.9271897435449569,0.9017039503028804,0.9725128611273937,0.9271897435449569,0.9017039503028804,0.9132518665113806,0.9382897866463074,0.8568948989833053,0.9132518665113806,0.9382897866463074,0.8568948989833053,0.9132518665113806,0.9382897866463074,0.8568948989833053,0.27405388012413123,0.9422985727282076,0.2582405800915962,0.27405388012413123,0.9422985727282076,0.2582405800915962,0.27405388012413123,0.9422985727282076,0.2582405800915962,0.0894060328117339,0.9291283794441657,0.08306968237889822,0.0894060328117339,0.9291283794441657,0.08306968237889822,0.0894060328117339,0.9291283794441657,0.08306968237889822
279.81963927855713,0.971280187872995,0.9282601779326801,0.9016007200174733,0.971280187872995,0.9282601779326801,0.9016007200174733,0.971280187872995,0.9282601779326801,0.9016007200174733,0.971280187872995,0.9282601779326801,0.9016007200174733,0.971280187872995,0.9282601779326801,0.9016007200174733,0.971280187872995,0.9282601779326801,0.9016007200174733,0.908044365817228,0.9389059983130474,0.8525683018001625,0.908044365817228,0.9389059983130474,0.8525683018001625,0.908044365817228,0.9389059983130474,0.8525683018001625,0.25812494066276587,0.9427816103762517,0.24335544723631683,0.25812494066276587,0.9427816103762517,0.24335544723631683,0.25812494066276587,0.9427816103762517,0.24335544723631683,0.09593275716052033,0.9290232811557148,0.08912376482758098,0.09593275716052033,0.9290232811557148,0.08912376482758098,0.09593275716052033,0.9290232811557148,0.08912376482758098
281.80360721442884,0.9699881169971221,0.9292987533163218,0.901408747857072,0.9699881169971221,0.9292987533163218,0.901408747857072,0.9699881169971221,0.9292987533163218,0.901408747857072,0.9699881169971221,0.9292987533163218,0.901408747857072,0.9699881169971221,0.9292987533163218,0.901408747857072,0.9699881169971221,0.9292987533163218,0.901408747857072,0.902485775198063,0.9394939503908359,0.8478799261123641,0.902485775198063,0.9394939503908359,0.8478799261123641,0.902485775198063,0.9394939503908359,0.8478799261123641,0.24345805094185866,0.9432596167738144,0.2296441478319174,0.24345805094185866,0.9432596167738144,0.2296441478319174,0.24345805094185866,0.9432596167738144,0.2296441478319174,0.10218102517213958,0.9289272003982857,0.09491873364698238,0.10218102517213958,0.9289272003982857,0.09491873364698238,0.10218102517213958,0.9289272003982857,0.09491873364698238
283.7875751503006,0.9686333345102521,0.9303062881740156,0.9011256820298523,0.9686333345102521,0.9303062881740156,0.9011256820298523,0.9686333345102521,0.9303062881740156,0.9011256820298523,0.9686333345102521,0.9303062881740156,0.9011256820298523,0.9686333345102521,0.9303062881740156,0.9011256820298523,0.9686333345102521,0.9303062881740156,0.9011256820298523,0.896550855153202,0.9400543336080615,0.842806516686781,0.896550855153202,0.9400543336080615,0.842806516686781,0.896550855153202,0.9400543336080615,0.842806516686781,0.2299698776726348,0.943730778129894,0.21702965160243218,0.2299698776726348,0.943730778129894,0.21702965160243218,0.2299698776726348,0.943730778129894,0.21702965160243218,0.10812897411460251,0.9288376491174171,0.10043426211808544,0.10812897411460251,0.9288376491174171,0.10043426211808544,0.10812897411460251,0.9288376491174171,0.10043426211808544
285.77154308617236,0.9672123144055899,0.9312835702539451,0.900748937353219,0.9672123144055899,0.9312835702539451,0.900748937353219,0.9672123144055899,0.9312835702539451,0.900748937353219,0.9672123144055899,0.9312835702539451,0.900748937353219,0.9672123144055899,0.9312835702539451,0.900748937353219,0.9672123144055899,0.9312835702539451,0.900748937353219,0.8902128076812608,0.940587842801731,0.8373233444113893,0.8902128076812608,0.940587842801731,0.8373233444113893,0.8902128076812608,0.940587842801731,0.8373233444113893,0.21757234972220693,0.944193573703817,0.20543041442334722,0.21757234972220693,0.944193573703817,0.20543041442334722,0.21757234972220693,0.944193573703817,0.20543041442334722,0.11375776031931295,0.9287523382391729,0.1056527858894133,0.11375776031931295,0.9287523382391729,0.1056527858894133,0.11375776031931295,0.9287523382391729,0.1056527858894133
287.75551102204406,0.9657213040296416,0.9322313577105843,0.9002756824255888,0.9657213040296416,0.9322313577105843,0.9002756824255888,0.9657213040296416,0.9322313577105843,0.9002756824255888,0.9657213040296416,0.9322313577105843,0.9002756824255888,0.9657213040296416,0.9322313577105843,0.9002756824255888,0.9657213040296416,0.9322313577105843,0.9002756824255888,0.8834432832364205,0.9410951829509524,0.8314042182641692,0.8834432832364205,0.9410951829509524,0.8314042182641692,0.8834432832364205,0.9410951829509524,0.8314042182641692,0.20617635150703334,0.9446467524435075,0.1947638208817701,0.20617635150703334,0.9446467524435075,0.1947638208817701,0.20617635150703334,0.9446467524435075,0.1947638208817701,0.11905170053052312,0.928669087150201,0.11055963405536001,0.11905170053052312,0.928669087150201,0.11055963405536001,0.11905170053052312,0.928669087150201,0.11055963405536001
289.7394789579158,0.9641563084497988,0.9331503802109509,0.8997028258127165,0.9641563084497988,0.9331503802109509,0.8997028258127165,0.9641563084497988,0.9331503802109509,0.8997028258127165,0.9641563084497988,0.9331503802109509,0.8997028258127165,0.9641563084497988,0.9331503802109509,0.8997028258127165,0.9641563084497988,0.9331503802109509,0.8997028258127165,0.8762124217756049,0.9415770757966844,0.8250215298722051,0.8762124217756049,0.9415770757966844,0.8250215298722051,0.8762124217756049,0.9415770757966844,0.8250215298722051,0.1956944038381936,0.9450893030576345,0.18494868773571765,0.1956944038381936,0.9450893030576345,0.18494868773571765,0.1956944038381936,0.9450893030576345,0.18494868773571765,0.12399839698427882,0.9285857578428752,0.11514314543494825,0.12399839698427882,0.9285857578428752,0.11514314543494825,0.12399839698427882,0.9285857578428752,0.11514314543494825
291.7234468937876,0.9625130737634108,0.93404134001402,0.8990270011989895,0.9625130737634108,0.93404134001402,0.8990270011989895,0.9625130737634108,0.93404134001402,0.8990270011989895,0.9625130737634108,0.93404134001402,0.8990270011989895,0.9625130737634108,0.93404134001402,0.8990270011989895,0.9625130737634108,0.93404134001402,0.8990270011989895,0.8684889377351853,0.9420342670758747,0.8181463399228702,0.8684889377351853,0.9420342670758747,0.8181463399228702,0.8684889377351853,0.9420342670758747,0.8181463399228702,0.18604250044539303,0.9455204216310722,0.17590698346242695,0.18604250044539303,0.9455204216310722,0.17590698346242695,0.18604250044539303,0.9455204216310722,0.17590698346242695,0.12858883739522858,0.9285002066810022,0.11939476209833952,0.12858883739522858,0.9285002066810022,0.11939476209833952,0.12858883739522858,0.9285002066810022,0.11939476209833952
293.70741482965934,0.9607870692934957,0.9349049130266757,0.8982445514549902,0.9607870692934957,0.9349049130266757,0.8982445514549902,0.9607870692934957,0.9349049130266757,0.8982445514549902,0.9607870692934957,0.9349049130266757,0.8982445514549902,0.9607870692934957,0.9349049130266757,0.8982445514549902,0.9607870692934957,0.9349049130266757,0.8982445514549902,0.860240260612713,0.9424675343793728,0.8107485173935327,0.860240260612713,0.9424675343793728,0.8107485173935327,0.860240260612713,0.9424675343793728,0.8107485173935327,0.17714127494516718,0.9459394795254212,0.16756492542410098,0.17714127494516718,0.9459394795254212,0.16756492542410098,0.17714127494516718,0.9459394795254212,0.16756492542410098,0.1328174631245869,0.9284102468448078,0.12330909372479887,0.1328174631245869,0.9284102468448078,0.12330909372479887,0.1328174631245869,0.9284102468448078,0.12330909372479887
295.69138276553105,0.9589734686180326,0.9357417498398183,0.8973515115745978,0.9589734686180326,0.9357417498398183,0.8973515115745978,0.9589734686180326,0.9357417498398183,0.8973515115745978,0.9589734686180326,0.9357417498398183,0.8973515115745978,0.9589734686180326,0.9357417498398183,0.8973515115745978,0.9589734686180326,0.9357417498398183,0.8973515115745978,0.8514327447701274,0.9428776956154972,0.8027969443604355,0.8514327447701274,0.9428776956154972,0.8027969443604355,0.8514327447701274,0.9428776956154972,0.8027969443604355,0.16891665879562223,0.946345993225894,0.15985360324034256,0.16891665879562223,0.946345993225894,0.15985360324034256,0.16891665879562223,0.946345993225894,0.15985360324034256,0.13668220063695277,0.9283136146498467,0.1268839477315852,0.13668220063695277,0.9283136146498467,0.1268839477315852,0.13668220063695277,0.9283136146498467,0.1268839477315852
297.67535070140286,0.957067129383073,0.9365524767485297,0.8963435904383226,0.957067129383073,0.9365524767485297,0.8963435904383226,0.957067129383073,0.9365524767485297,0.8963435904383226,0.957067129383073,0.9365524767485297,0.8963435904383226,0.957067129383073,0.9365524767485297,0.8963435904383226,0.957067129383073,0.9365524767485297,0.8963435904383226,0.8420319640101265,0.9432656180225604,0.7942598009267623,0.8420319640101265,0.9432656180225604,0.7942598009267623,0.8420319640101265,0.9432656180225604,0.7942598009267623,0.1613001669694509,0.9467395970062078,0.15270925507369199,0.1613001669694509,0.9467395970062078,0.15270925507369199,0.1613001669694509,0.9467395970062078,0.15270925507369199,0.14018445387611145,0.9282079329236107,0.13012032216037064,0.14018445387611145,0.9282079329236107,0.13012032216037064,0.14018445387611145,0.9282079329236107,0.13012032216037064
299.65931863727457,0.9550625718550052,0.937337696760515,0.8952161513647445,0.9550625718550052,0.937337696760515,0.8952161513647445,0.9550625718550052,0.937337696760515,0.8952161513647445,0.9550625718550052,0.937337696760515,0.8952161513647445,0.9550625718550052,0.937337696760515,0.8952161513647445,0.9550625718550052,0.937337696760515,0.8952161513647445,0.8320031082304924,0.9436322276215114,0.785104946407561,0.8320031082304924,0.9436322276215114,0.785104946407561,0.8320031082304924,0.9436322276215114,0.785104946407561,0.154228921807714,0.9471200187437895,0.14607329931335652,0.154228921807714,0.9471200187437895,0.14607329931335652,0.154228921807714,0.9471200187437895,0.14607329931335652,0.14332905901102505,0.9280906643275036,0.1330223615949782,0.14332905901102505,0.9280906643275036,0.1330223615949782,0.14332905901102505,0.9280906643275036,0.1330223615949782
301.64328657314627,0.9529539561747765,0.9380979905973961,0.8939641914193969,0.9529539561747765,0.9380979905973961,0.8939641914193969,0.9529539561747765,0.9380979905973961,0.8939641914193969,0.9529539561747765,0.9380979905973961,0.8939641914193969,0.9529539561747765,0.9380979905973961,0.8939641914193969,0.9529539561747765,0.9380979905973961,0.8939641914193969,0.821311500768027,0.9439785189316529,0.7753004140765352,0.821311500768027,0.9439785189316529,0.7753004140765352,0.821311500768027,0.9439785189316529,0.7753004140765352,0.147645500778722,0.9474870588735749,0.1398922012887474,0.147645500778722,0.9474870588735749,0.1398922012887474,0.147645500778722,0.9474870588735749,0.1398922012887474,0.1461242084368411,0.9279590467918992,0.13559728117427186,0.1461242084368411,0.9279590467918992,0.13559728117427186,0.1461242084368411,0.9279590467918992,0.13559728117427186
303.62725450901803,0.9507350582871953,0.9388339176938281,0.8925823194606375,0.9507350582871953,0.9388339176938281,0.8925823194606375,0.9507350582871953,0.9388339176938281,0.8925823194606375,0.9507350582871953,0.9388339176938281,0.8925823194606375,0.9507350582871953,0.9388339176938281,0.8925823194606375,0.9507350582871953,0.9388339176938281,0.8925823194606375,0.8099232555305986,0.9443055646860623,0.7648150371661959,0.8099232555305986,0.9443055646860623,0.7648150371661959,0.8099232555305986,0.9443055646860623,0.7648150371661959,0.14149767251160267,0.947840572266667,0.1341172348877989,0.14149767251160267,0.947840572266667,0.1341172348877989,0.14149767251160267,0.947840572266667,0.1341172348877989,0.14858135809246292,0.9278100019410463,0.13785527014017132,0.14858135809246292,0.9278100019410463,0.13785527014017132,0.14858135809246292,0.9278100019410463,0.13785527014017132
305.6112224448898,0.9483992445323733,0.9395460171998617,0.8910647329157492,0.9483992445323733,0.9395460171998617,0.8910647329157492,0.9483992445323733,0.9395460171998617,0.8910647329157492,0.9483992445323733,0.9395460171998617,0.8910647329157492,0.9483992445323733,0.9395460171998617,0.8910647329157492,0.9483992445323733,0.9395460171998617,0.8910647329157492,0.7978060921806285,0.9446145251777739,0.7536192229491396,0.7978060921806285,0.9446145251777739,0.7536192229491396,0.7978060921806285,0.9446145251777739,0.7536192229491396,0.13573806804578165,0.9481804527153632,0.12870418281035803,0.13573806804578165,0.9481804527153632,0.12870418281035803,0.13573806804578165,0.9481804527153632,0.12870418281035803,0.15071514115971785,0.92764000540867,0.13980939436056913,0.15071514115971785,0.92764000540867,0.13980939436056913,0.15071514115971785,0.92764000540867,0.13980939436056913
307.59519038076155,0.945939444904688,0.9402348089924699,0.8894051932984023,0.945939444904688,0.9402348089924699,0.8894051932984023,0.945939444904688,0.9402348089924699,0.8894051932984023,0.945939444904688,0.9402348089924699,0.8894051932984023,0.945939444904688,0.9402348089924699,0.8894051932984023,0.945939444904688,0.9402348089924699,0.8894051932984023,0.7849303248379019,0.9449066567436946,0.7416858890193241,0.7849303248379019,0.9449066567436946,0.7416858890193241,0.7849303248379019,0.9449066567436946,0.7416858890193241,0.1303238205828343,0.9485066196642186,0.12361300652275026,0.1303238205828343,0.9485066196642186,0.12361300652275026,0.1303238205828343,0.9485066196642186,0.12361300652275026,0.1525433221388641,0.9274449053616454,0.14147552696462978,0.1525433221388641,0.9274449053616454,0.14147552696462978,0.1525433221388641,0.9274449053616454,0.14147552696462978
309.57915831663325,0.9433481250083893,0.9409007947027105,0.8875970005017053,0.9433481250083893,0.9409007947027105,0.8875970005017053,0.9433481250083893,0.9409007947027105,0.8875970005017053,0.9433481250083893,0.9409007947027105,0.8875970005017053,0.9433481250083893,0.9409007947027105,0.8875970005017053,0.9433481250083893,0.9409007947027105,0.8875970005017053,0.7712700342533205,0.9451833187543467,0.7289915706313321,0.7712700342533205,0.9451833187543467,0.7289915706313321,0.7712700342533205,0.9451833187543467,0.7289915706313321,0.1252161966352737,0.9488190068232615,0.1188075073296666,0.1252161966352737,0.9488190068232615,0.1188075073296666,0.1252161966352737,0.9488190068232615,0.1188075073296666,0.15408683802410336,0.9272196730780798,0.14287234757834416,0.15408683802410336,0.9272196730780798,0.14287234757834416,0.15408683802410336,0.9272196730780798,0.14287234757834416
311.563126252505,0.940617256769273,0.9415444587656034,0.8856329659304117,0.940617256769273,0.9415444587656034,0.8856329659304117,0.940617256769273,0.9415444587656034,0.8856329659304117,0.940617256769273,0.9415444587656034,0.8856329659304117,0.940617256769273,0.9415444587656034,0.8856329659304117,0.940617256769273,0.9415444587656034,0.8856329659304117,0.7568044243365631,0.9454459783319485,0.715517699372829,0.7568044243365631,0.9454459783319485,0.715517699372829,0.7568044243365631,0.9454459783319485,0.715517699372829,0.12038023377499545,0.9491175523170403,0.11425499282787678,0.12038023377499545,0.9491175523170403,0.11425499282787678,0.12038023377499545,0.9491175523170403,0.11425499282787678,0.15536998633590143,0.9269580696191136,0.14402146261067525,0.15536998633590143,0.9269580696191136,0.14402146261067525,0.15536998633590143,0.9269580696191136,0.14402146261067525
313.54709418837683,0.9377382880001713,0.9421662695004704,0.8835053845728792,0.9377382880001713,0.9421662695004704,0.8835053845728792,0.9377382880001713,0.9421662695004704,0.8835053845728792,0.9377382880001713,0.9421662695004704,0.8835053845728792,0.9377382880001713,0.9421662695004704,0.8835053845728792,0.9377382880001713,0.9421662695004704,0.8835053845728792,0.7415193505058236,0.9456962118811468,0.7012520408099258,0.7415193505058236,0.9456962118811468,0.7012520408099258,0.7415193505058236,0.9456962118811468,0.7012520408099258,0.11578439460055762,0.9494021900508951,0.10992595780748643,0.11578439460055762,0.9494021900508951,0.10992595780748643,0.11578439460055762,0.9494021900508951,0.10992595780748643,0.1564208266572455,0.9266522228419682,0.14494770672071475,0.1564208266572455,0.9266522228419682,0.14494770672071475,0.1564208266572455,0.9266522228419682,0.14494770672071475
315.5310621242485,0.9347021109659164,0.9427666802301967,0.881206006159494,0.9347021109659164,0.9427666802301967,0.881206006159494,0.9347021109659164,0.9427666802301967,0.881206006159494,0.9347021109659164,0.9427666802301967,0.881206006159494,0.9347021109659164,0.9427666802301967,0.881206006159494,0.9347021109659164,0.9427666802301967,0.881206006159494,0.7254089889950752,0.9459357024072348,0.6861902615375786,0.7254089889950752,0.9459357024072348,0.6861902615375786,0.7254089889950752,0.9459357024072348,0.6861902615375786,0.11140024257937442,0.9496728420066418,0.10579378497058381,0.11140024257937442,0.9496728420066418,0.10579378497058381,0.11140024257937442,0.9496728420066418,0.10579378497058381,0.15727184188811164,0.9262921482924262,0.14567967228844572,0.15727184188811164,0.9262921482924262,0.14567967228844572,0.15727184188811164,0.9262921482924262,0.14567967228844572
317.51503006012024,0.9314990301529373,0.9433461304486611,0.8787260056114541,0.9314990301529373,0.9433461304486611,0.8787260056114541,0.9314990301529373,0.9433461304486611,0.8787260056114541,0.9314990301529373,0.9433461304486611,0.8787260056114541,0.9314990301529373,0.9433461304486611,0.8787260056114541,0.9314990301529373,0.9433461304486611,0.8787260056114541,0.7084775929273701,0.946166231545284,0.6703375742343636,0.7084775929273701,0.946166231545284,0.6703375742343636,0.7084775929273701,0.946166231545284,0.6703375742343636,0.10720214266545632,0.9499294112096925,0.10183446826261437,0.10720214266545632,0.9499294112096925,0.10183446826261437,0.10720214266545632,0.9499294112096925,0.10183446826261437,0.15796079810336547,0.9258653607226505,0.14625043131601023,0.15796079810336547,0.9258653607226505,0.14625043131601023,0.15796079810336547,0.9258653607226505,0.14625043131601023
319.49899799599206,0.9281187295219799,0.9439050470463785,0.8760559530540695,0.9281187295219799,0.9439050470463785,0.8760559530540695,0.9281187295219799,0.9439050470463785,0.8760559530540695,0.9281187295219799,0.9439050470463785,0.8760559530540695,0.9281187295219799,0.9439050470463785,0.8760559530540695,0.9281187295219799,0.9439050470463785,0.8760559530540695,0.6907412534128489,0.9463896652665793,0.6537103836032034,0.6907412534128489,0.9463896652665793,0.6537103836032034,0.6907412534128489,0.9463896652665793,0.6537103836032034,0.10316698772203865,0.9501717751362921,0.09802635985931352,0.10316698772203865,0.9501717751362921,0.09802635985931352,0.10316698772203865,0.9501717751362921,0.09802635985931352,0.1585314039904855,0.9253569999007555,0.1466981443866903,0.1585314039904855,0.9253569999007555,0.1466981443866903,0.1585314039904855,0.9253569999007555,0.1466981443866903
321.48296593186376,0.9245502396121661,0.944443845605302,0.8731857837546176,0.9245502396121661,0.944443845605302,0.8731857837546176,0.9245502396121661,0.944443845605302,0.8731857837546176,0.9245502396121661,0.944443845605302,0.8731857837546176,0.9245502396121661,0.944443845605302,0.8731857837546176,0.9245502396121661,0.944443845605302,0.8731857837546176,0.6722295541634296,0.9466079324060862,0.6363378283689092,0.6722295541634296,0.9466079324060862,0.6363378283689092,0.6722295541634296,0.9466079324060862,0.6363378283689092,0.0992739505421133,0.9503997793521364,0.09434994069063937,0.0992739505421133,0.9503997793521364,0.09434994069063937,0.0992739505421133,0.9503997793521364,0.09434994069063937,0.1590325381400404,0.9247514523494419,0.14706557061582037,0.1590325381400404,0.9247514523494419,0.14706557061582037,0.1590325381400404,0.9247514523494419,0.14706557061582037
323.46693386773546,0.920781904973627,0.9449629317744836,0.8701047684487726,0.920781904973627,0.9449629317744836,0.8701047684487726,0.920781904973627,0.9449629317744836,0.8701047684487726,0.920781904973627,0.9449629317744836,0.8701047684487726,0.920781904973627,0.9449629317744836,0.8701047684487726,0.920781904973627,0.9449629317744836,0.8701047684487726,0.6529869796923226,0.9468229955030366,0.6182630881367653,0.6529869796923226,0.9468229955030366,0.6182630881367653,0.6529869796923226,0.9468229955030366,0.6182630881367653,0.09550426047038937,0.9506132311920525,0.09078761363836425,0.09550426047038937,0.9506132311920525,0.09078761363836425,0.09550426047038937,0.9506132311920525,0.09078761363836425,0.1595133201236459,0.924037189118462,0.14739623995400716,0.1595133201236459,0.924037189118462,0.14739623995400716,0.1595133201236459,0.924037189118462,0.14739623995400716
325.4509018036072,0.9168013525378315,0.9454627027392914,0.8668014846454561,0.9168013525378315,0.9454627027392914,0.8668014846454561,0.9168013525378315,0.9454627027392914,0.8668014846454561,0.9168013525378315,0.9454627027392914,0.8668014846454561,0.9168013525378315,0.9454627027392914,0.8668014846454561,0.9168013525378315,0.9454627027392914,0.8668014846454561,0.6330739152883808,0.9470368139888193,0.5995443037541358,0.6330739152883808,0.9470368139888193,0.5995443037541358,0.6330739152883808,0.9470368139888193,0.5995443037541358,0.09184100314718026,0.9508118933052732,0.08732351808542602,0.09184100314718026,0.9508118933052732,0.08732351808542602,0.09184100314718026,0.9508118933052732,0.08732351808542602,0.16001032821967412,0.9232162675952061,0.14772413799565143,0.16001032821967412,0.9232162675952061,0.14772413799565143,0.16001032821967412,0.9232162675952061,0.14772413799565143
327.434869739479,0.9125954616927549,0.9459435487975771,0.8632637896502079,0.9125954616927549,0.9459435487975771,0.8632637896502079,0.9125954616927549,0.9459435487975771,0.8632637896502079,0.9125954616927549,0.9459435487975771,0.8632637896502079,0.9125954616927549,0.9459435487975771,0.8632637896502079,0.9125954616927549,0.9459435487975771,0.8632637896502079,0.6125670681207559,0.9472513004872369,0.5802549519130399,0.6125670681207559,0.9472513004872369,0.5802549519130399,0.6125670681207559,0.9472513004872369,0.5802549519130399,0.08826894161380762,0.9509954769032463,0.08394336422576777,0.08826894161380762,0.9509954769032463,0.08394336422576777,0.08826894161380762,0.9509954769032463,0.08394336422576777,0.1605276306974026,0.922315563360881,0.14805713214166236,0.1605276306974026,0.922315563360881,0.14805713214166236,0.1605276306974026,0.922315563360881,0.14805713214166236
329.4188376753507,0.9081503370186103,0.9464058550569281,0.8594787962263353,0.9081503370186103,0.9464058550569281,0.8594787962263353,0.9081503370186103,0.9464058550569281,0.8594787962263353,0.9081503370186103,0.9464058550569281,0.8594787962263353,0.9081503370186103,0.9464058550569281,0.8594787962263353,0.9081503370186103,0.9464058550569281,0.8594787962263353,0.5915591498596566,0.9474682718654224,0.5604835254237073,0.5915591498596566,0.9474682718654224,0.5604835254237073,0.5915591498596566,0.9474682718654224,0.5604835254237073,0.08477435686224094,0.9511636345587628,0.0806342853904707,0.08477435686224094,0.9511636345587628,0.0806342853904707,0.08477435686224094,0.9511636345587628,0.0806342853904707,0.16102412886818548,0.9213881755361819,0.14836572831516046,0.16102412886818548,0.9213881755361819,0.14836572831516046,0.16102412886818548,0.9213881755361819,0.14836572831516046
331.40280561122245,0.903451284862834,0.9468500032676647,0.8554328520245502,0.903451284862834,0.9468500032676647,0.8554328520245502,0.903451284862834,0.9468500032676647,0.8554328520245502,0.903451284862834,0.9468500032676647,0.8554328520245502,0.903451284862834,0.9468500032676647,0.8554328520245502,0.903451284862834,0.9468500032676647,0.8554328520245502,0.5701576975869989,0.9476893975923477,0.5403324049588629,0.5701576975869989,0.9476893975923477,0.5403324049588629,0.5701576975869989,0.9476893975923477,0.5403324049588629,0.08134490581904646,0.9513159524192311,0.07738470655369883,0.08134490581904646,0.9513159524192311,0.07738470655369883,0.08134490581904646,0.9513159524192311,0.07738470655369883,0.1614291148677421,0.9204949909526214,0.14859469162967195,0.1614291148677421,0.9204949909526214,0.14859469162967195,0.1614291148677421,0.9204949909526214,0.14859469162967195
333.38677354709426,0.8984827951948902,0.9472763738065144,0.8511115241597567,0.8984827951948902,0.9472763738065144,0.8511115241597567,0.8984827951948902,0.9472763738065144,0.8511115241597567,0.8984827951948902,0.9472763738065144,0.8511115241597567,0.8984827951948902,0.9472763738065144,0.8511115241597567,0.8984827951948902,0.9472763738065144,0.8511115241597567,0.5484829735566941,0.947916148780742,0.519915867965671,0.5484829735566941,0.947916148780742,0.519915867965671,0.5484829735566941,0.947916148780742,0.519915867965671,0.07796949467725224,0.9514519417173961,0.07418422710539582,0.07796949467725224,0.9514519417173961,0.07418422710539582,0.07796949467725224,0.9514519417173961,0.07418422710539582,0.16167927228920517,0.919678869113809,0.14869301029807983,0.16167927228920517,0.919678869113809,0.14869301029807983,0.16167927228920517,0.919678869113809,0.14869301029807983
335.3707414829659,0.8932285304859824,0.9476853478257854,0.8464995906015234,0.8932285304859824,0.9476853478257854,0.8464995906015234,0.8932285304859824,0.9476853478257854,0.8464995906015234,0.8932285304859824,0.9476853478257854,0.8464995906015234,0.8932285304859824,0.9476853478257854,0.8464995906015234,0.8932285304859824,0.9476853478257854,0.8464995906015234,0.5266649721000923,0.9481497518329032,0.49935726259578544,0.5266649721000923,0.9481497518329032,0.49935726259578544,0.5266649721000923,0.9481497518329032,0.49935726259578544,0.0746381653877757,0.9515710294961112,0.07102351587774675,0.0746381653877757,0.9515710294961112,0.07102351587774675,0.0746381653877757,0.9515710294961112,0.07102351587774675,0.16174321894871027,0.9189545346605369,0.14863466450350937,0.16174321894871027,0.9189545346605369,0.14863466450350937,0.16174321894871027,0.9189545346605369,0.14863466450350937
337.3547094188377,0.8876713237094823,0.9480773095822329,0.8415810403757854,0.8876713237094823,0.9480773095822329,0.8415810403757854,0.8876713237094823,0.9480773095822329,0.8415810403757854,0.8876713237094823,0.9480773095822329,0.8415810403757854,0.8876713237094823,0.9480773095822329,0.8415810403757854,0.8876713237094823,0.9480773095822329,0.8415810403757854,0.5048396636240847,0.9483911507146527,0.47878546951084394,0.5048396636240847,0.9483911507146527,0.47878546951084394,0.5048396636240847,0.9483911507146527,0.47878546951084394,0.07134199295480638,0.9516725485195936,0.06789421625176748,0.07134199295480638,0.9516725485195936,0.06789421625176748,0.07134199295480638,0.9516725485195936,0.06789421625176748,0.1616201009452407,0.9183160765826701,0.14841833699692855,0.1616201009452407,0.9183160765826701,0.14841833699692855,0.1616201009452407,0.9183160765826701,0.14841833699692855
339.3386773547095,0.881793187956776,0.9484526489584749,0.8363390849511425,0.881793187956776,0.9484526489584749,0.8363390849511425,0.881793187956776,0.9484526489584749,0.8363390849511425,0.881793187956776,0.9484526489584749,0.8363390849511425,0.881793187956776,0.9484526489584749,0.8363390849511425,0.881793187956776,0.9484526489584749,0.8363390849511425,0.483144705303549,0.948640981434103,0.4583308674138492,0.483144705303549,0.948640981434103,0.4583308674138492,0.483144705303549,0.948640981434103,0.4583308674138492,0.0680729909052194,0.9517557264366744,0.06478885890971421,0.0680729909052194,0.9517557264366744,0.06478885890971421,0.0680729909052194,0.9517557264366744,0.06478885890971421,0.16132638044239148,0.9177485761733143,0.1480570559501992,0.16132638044239148,0.9177485761733143,0.1480570559501992,0.16132638044239148,0.9177485761733143,0.1480570559501992
341.32264529058114,0.8755753406104635,0.9488117641875281,0.8307561836037097,0.8755753406104635,0.9488117641875281,0.8307561836037097,0.8755753406104635,0.9488117641875281,0.8307561836037097,0.8755753406104635,0.9488117641875281,0.8307561836037097,0.8755753406104635,0.9488117641875281,0.8307561836037097,0.8755753406104635,0.9488117641875281,0.8307561836037097,0.46171492685641513,0.9488995612943714,0.4381210915371151,0.46171492685641513,0.9488995612943714,0.4381210915371151,0.46171492685641513,0.9488995612943714,0.4381210915371151,0.06482402187394645,0.9518196744139638,0.061700779394263376,0.06482402187394645,0.9518196744139638,0.061700779394263376,0.06482402187394645,0.9518196744139638,0.061700779394263376,0.16088439105424118,0.9172357391762878,0.14756891335056385,0.16088439105424118,0.9172357391762878,0.14756891335056385,0.16088439105424118,0.9172357391762878,0.14756891335056385
343.3066132264529,0.8689982455092231,0.9491550647875489,0.8248140860165729,0.8689982455092231,0.9491550647875489,0.8248140860165729,0.8689982455092231,0.9491550647875489,0.8248140860165729,0.8689982455092231,0.9491550647875489,0.8248140860165729,0.8689982455092231,0.9491550647875489,0.8248140860165729,0.8689982455092231,0.9491550647875489,0.8248140860165729,0.4406779405755174,0.9491668940387241,0.4182769121274453,0.4406779405755174,0.9491668940387241,0.4182769121274453,0.4406779405755174,0.9491668940387241,0.4182769121274453,0.06158870961213134,0.9518633757013115,0.05862403703649115,0.06158870961213134,0.9518633757013115,0.05862403703649115,0.06158870961213134,0.9518633757013115,0.05862403703649115,0.16031599992841142,0.9167631640221813,0.14697180333775023,0.16031599992841142,0.9167631640221813,0.14697180333775023,0.16031599992841142,0.9167631640221813,0.14697180333775023
345.2905811623247,0.8620416770685618,0.9494829747088299,0.8184938958660466,0.8620416770685618,0.9494829747088299,0.8184938958660466,0.8620416770685618,0.9494829747088299,0.8184938958660466,0.8620416770685618,0.9494829747088299,0.8184938958660466,0.8620416770685618,0.9494829747088299,0.8184938958660466,0.8620416770685618,0.9494829747088299,0.8184938958660466,0.4201502172338429,0.9494426903421062,0.39890855259832014,0.4201502172338429,0.9494426903421062,0.39890855259832014,0.4201502172338429,0.9494426903421062,0.39890855259832014,0.05836134782496602,0.9518856749759613,0.055553330966874634,0.05836134782496602,0.9518856749759613,0.055553330966874634,0.05836134782496602,0.9518856749759613,0.055553330966874634,0.1596399444557433,0.9163191571875848,0.14628113935715956,0.1596399444557433,0.9163191571875848,0.14628113935715956,0.1596399444557433,0.9163191571875848,0.14628113935715956
347.2745490981964,0.8546848108747391,0.9497959356881495,0.8117761596632219,0.8546848108747391,0.9497959356881495,0.8117761596632219,0.8546848108747391,0.9497959356881495,0.8117761596632219,0.8546848108747391,0.9497959356881495,0.8117761596632219,0.8546848108747391,0.9497959356881495,0.8117761596632219,0.8546848108747391,0.9497959356881495,0.8117761596632219,0.40023391353794263,0.9497264015149562,0.38011271446863837,0.40023391353794263,0.9497264015149562,0.38011271446863837,0.40023391353794263,0.9497264015149562,0.38011271446863837,0.055136800027421724,0.951885269902104,0.05248390777564066,0.055136800027421724,0.951885269902104,0.05248390777564066,0.055136800027421724,0.951885269902104,0.05248390777564066,0.15887102520653415,0.915894555842283,0.14550910706774672,0.15887102520653415,0.915894555842283,0.14550910706774672,0.15887102520653415,0.915894555842283,0.14550910706774672
349.2585170340681,0.8469063458223764,0.9500944107962805,0.8046409856337418,0.8469063458223764,0.9500944107962805,0.8046409856337418,0.8469063458223764,0.9500944107962805,0.8046409856337418,0.8469063458223764,0.9500944107962805,0.8046409856337418,0.8469063458223764,0.9500944107962805,0.8046409856337418,0.8469063458223764,0.9500944107962805,0.8046409856337418,0.38101464318015804,0.9500172630500102,0.36197048849599,0.38101464318015804,0.9500172630500102,0.36197048849599,0.38101464318015804,0.9500172630500102,0.36197048849599,0.05191038304056289,0.9518607072285511,0.049411453913495176,0.05191038304056289,0.9518607072285511,0.049411453913495176,0.05191038304056289,0.9518607072285511,0.049411453913495176,0.15802004400078046,0.9154822768386139,0.14466454966797246,0.15802004400078046,0.9154822768386139,0.14466454966797246,0.15802004400078046,0.9154822768386139,0.14466454966797246
351.24248496993994,0.8386846633847892,0.9503788881523675,0.7970681978980786,0.8386846633847892,0.9503788881523675,0.7970681978980786,0.8386846633847892,0.9503788881523675,0.7970681978980786,0.8386846633847892,0.9503788881523675,0.7970681978980786,0.8386846633847892,0.9503788881523675,0.7970681978980786,0.8386846633847892,0.9503788881523675,0.7970681978980786,0.36256027071830754,0.9503143439509232,0.34454622581033756,0.36256027071830754,0.9503143439509232,0.34454622581033756,0.36256027071830754,0.9503143439509232,0.34454622581033756,0.048677724884208115,0.9518103870389274,0.04633196416221255,0.048677724884208115,0.9518103870389274,0.04633196416221255,0.048677724884208115,0.9518103870389274,0.04633196416221255,0.1570939558994584,0.9150768711141152,0.1437530456354152,0.1570939558994584,0.9150768711141152,0.1437530456354152,0.1570939558994584,0.9150768711141152,0.1437530456354152
353.22645290581164,0.8299980300403006,0.9506498847635361,0.7890375316117737,0.8299980300403006,0.9506498847635361,0.7890375316117737,0.8299980300403006,0.9506498847635361,0.7890375316117737,0.8299980300403006,0.9506498847635361,0.7890375316117737,0.8299980300403006,0.9506498847635361,0.7890375316117737,0.8299980300403006,0.9506498847635361,0.7890375316117737,0.3449206965037055,0.9506165976944176,0.3278873389847413,0.3449206965037055,0.9506165976944176,0.3278873389847413,0.3449206965037055,0.9506165976944176,0.3278873389847413,0.04543458586468655,0.951732580580484,0.04324157565260371,0.04543458586468655,0.951732580580484,0.04324157565260371,0.04543458586468655,0.951732580580484,0.04324157565260371,0.15609602098876416,0.9146741653741776,0.14277699771612795,0.15609602098876416,0.9146741653741776,0.14277699771612795,0.15609602098876416,0.9146741653741776,0.14277699771612795
355.21042084168334,0.8208248491598481,0.9509079504290485,0.780528874975824,0.8208248491598481,0.9509079504290485,0.780528874975824,0.8208248491598481,0.9509079504290485,0.780528874975824,0.8208248491598481,0.9509079504290485,0.780528874975824,0.8208248491598481,0.9509079504290485,0.780528874975824,0.8208248491598481,0.9509079504290485,0.780528874975824,0.32812850968829493,0.9509229111266306,0.31202491765643625,0.32812850968829493,0.9509229111266306,0.31202491765643625,0.32812850968829493,0.9509229111266306,0.31202491765643625,0.04217663015092588,0.9516254694997242,0.04013635546929106,0.04217663015092588,0.9516254694997242,0.04013635546929106,0.04217663015092588,0.9516254694997242,0.04013635546929106,0.1550258956653136,0.9142709979828821,0.14173568034311643,0.1550258956653136,0.9142709979828821,0.14173568034311643,0.1550258956653136,0.9142709979828821,0.14173568034311643
357.1943887775551,0.8111439687017097,0.9511536716252845,0.771522564047336,0.8111439687017097,0.9511536716252845,0.771522564047336,0.8111439687017097,0.9511536716252845,0.771522564047336,0.8111439687017097,0.9511536716252845,0.771522564047336,0.8111439687017097,0.9511536716252845,0.771522564047336,0.8111439687017097,0.9511536716252845,0.771522564047336,0.31220032607517184,0.9512321484171666,0.2969749869090257,0.31220032607517184,0.9512321484171666,0.2969749869090257,0.31220032607517184,0.9512321484171666,0.2969749869090257,0.03889913521321646,0.9514872172211267,0.03701202991633167,0.03889913521321646,0.9514872172211267,0.03701202991633167,0.03889913521321646,0.9514872172211267,0.03701202991633167,0.1538796814043597,0.9138650323429962,0.14062526002352513,0.1538796814043597,0.9138650323429962,0.14062526002352513,0.1538796814043597,0.9138650323429962,0.14062526002352513
359.17835671342687,0.800935050745037,0.9513876752606183,0.7619997359630661,0.800935050745037,0.9513876752606183,0.7619997359630661,0.800935050745037,0.9513876752606183,0.7619997359630661,0.800935050745037,0.9513876752606183,0.7619997359630661,0.800935050745037,0.9513876752606183,0.7619997359630661,0.800935050745037,0.9513876752606183,0.7619997359630661,0.2971386012013336,0.9515431881908446,0.2827402119216849,0.2971386012013336,0.9515431881908446,0.2827402119216849,0.2971386012013336,0.9515431881908446,0.2827402119216849,0.035596630254349955,0.9513160861629142,0.03386364697415658,0.035596630254349955,0.9513160861629142,0.03386364697415658,0.035596630254349955,0.9513160861629142,0.03386364697415658,0.15264999953492653,0.9134546266694754,0.1394388483362719,0.15264999953492653,0.9134546266694754,0.1394388483362719,0.15264999953492653,0.9134546266694754,0.1394388483362719
361.16232464929857,0.790179008087496,0.9516106321581393,0.7519427454042336,0.790179008087496,0.9516106321581393,0.7519427454042336,0.790179008087496,0.9516106321581393,0.7519427454042336,0.790179008087496,0.9516106321581393,0.7519427454042336,0.790179008087496,0.9516106321581393,0.7519427454042336,0.790179008087496,0.9516106321581393,0.7519427454042336,0.28293371261172195,0.9518549529422562,0.26931185570380844,0.28293371261172195,0.9518549529422562,0.26931185570380844,0.28293371261172195,0.9518549529422562,0.26931185570380844,0.032262465573204946,0.9511106162999704,0.030685173514687535,0.032262465573204946,0.9511106162999704,0.030685173514687535,0.032262465573204946,0.9511106162999704,0.030685173514687535,0.1513262030713154,0.9130387413714244,0.13816668598875037,0.1513262030713154,0.9130387413714244,0.13816668598875037,0.1513262030713154,0.9130387413714244,0.13816668598875037
363.14629258517033,0.7788585116743635,0.9518232600897266,0.7413356477305251,0.7788585116743635,0.9518232600897266,0.7413356477305251,0.7788585116743635,0.9518232600897266,0.7413356477305251,0.7788585116743635,0.9518232600897266,0.7413356477305251,0.7788585116743635,0.9518232600897266,0.7413356477305251,0.7788585116743635,0.9518232600897266,0.7413356477305251,0.2695661306229273,0.952166430677524,0.2566718204267839,0.2695661306229273,0.952166430677524,0.2566718204267839,0.2695661306229273,0.952166430677524,0.2566718204267839,0.028888337277519677,0.9508698788561558,0.027469049767430906,0.028888337277519677,0.9508698788561558,0.027469049767430906,0.028888337277519677,0.9508698788561558,0.027469049767430906,0.1498948717231763,0.9126168697616687,0.13679658862533203,0.1498948717231763,0.9126168697616687,0.13679658862533203,0.1498948717231763,0.9126168697616687,0.13679658862533203
365.13026052104215,0.766958570343435,0.9520263261486377,0.7301647500322719,0.766958570343435,0.9520263261486377,0.7301647500322719,0.766958570343435,0.9520263261486377,0.7301647500322719,0.766958570343435,0.9520263261486377,0.7301647500322719,0.766958570343435,0.9520263261486377,0.7301647500322719,0.766958570343435,0.9520263261486377,0.7301647500322719,0.25700853450227257,0.9524766893496633,0.2447946380773333,0.25700853450227257,0.9524766893496633,0.2447946380773333,0.25700853450227257,0.9524766893496633,0.2447946380773333,0.0254638304051188,0.9505938096931396,0.02420575955418188,0.0254638304051188,0.9505938096931396,0.02420575955418188,0.0254638304051188,0.9505938096931396,0.02420575955418188,0.14834074815188505,0.9121889826642475,0.13531479614432138,0.14834074815188505,0.9121889826642475,0.13531479614432138,0.14834074815188505,0.9121889826642475,0.13531479614432138
367.11422845691385,0.7544671810894696,0.9522206482116808,0.7184192282314543,0.7544671810894696,0.9522206482116808,0.7184192282314543,0.7544671810894696,0.9522206482116808,0.7184192282314543,0.7544671810894696,0.9522206482116808,0.7184192282314543,0.7544671810894696,0.9522206482116808,0.7184192282314543,0.7544671810894696,0.9522206482116808,0.7184192282314543,0.24522777239643365,0.9527848850440493,0.23364931493234434,0.24522777239643365,0.9527848850440493,0.23364931493234434,0.24522777239643365,0.9527848850440493,0.23364931493234434,0.0219760986941713,0.9502836053348714,0.020883526298292064,0.0219760986941713,0.9502836053348714,0.020883526298292064,0.0219760986941713,0.9502836053348714,0.020883526298292064,0.1466482330987097,0.911755481072477,0.1337073303173428,0.1466482330987097,0.911755481072477,0.1337073303173428,0.1466482330987097,0.911755481072477,0.1337073303173428
369.09819639278555,0.7413760436261535,0.9524070952095557,0.7060918041679377,0.7413760436261535,0.9524070952095557,0.7060918041679377,0.7413760436261535,0.9524070952095557,0.7060918041679377,0.7413760436261535,0.9524070952095557,0.7060918041679377,0.7413760436261535,0.9524070952095557,0.7060918041679377,0.7413760436261535,0.9524070952095557,0.7060918041679377,0.2341866022584162,0.9530902650541645,0.2232009708186081,0.2341866022584162,0.9530902650541645,0.2232009708186081,0.2341866022584162,0.9530902650541645,0.2232009708186081,0.018409859528306465,0.9499421273891142,0.017488301125254197,0.018409859528306465,0.9499421273891142,0.017488301125254197,0.018409859528306465,0.9499421273891142,0.017488301125254197,0.14480343223172396,0.9113171513778242,0.1319618513711465,0.14480343223172396,0.9113171513778242,0.1319618513711465,0.14480343223172396,0.9113171513778242,0.1319618513711465
371.08216432865737,0.7276813273663335,0.9525865858995705,0.6931794712587633,0.7276813273663335,0.9525865858995705,0.6931794712587633,0.7276813273663335,0.9525865858995705,0.6931794712587633,0.7276813273663335,0.9525865858995705,0.6931794712587633,0.7276813273663335,0.9525865858995705,0.6931794712587633,0.7276813273663335,0.9525865858995705,0.6931794712587633,0.22384518371014545,0.9533921670115802,0.21341224477252085,0.22384518371014545,0.9533921670115802,0.21341224477252085,0.22384518371014545,0.9533921670115802,0.21341224477252085,0.01474791577712328,0.9495742131365311,0.014004240519465671,0.01474791577712328,0.9495742131365311,0.014004240519465671,0.01474791577712328,0.9495742131365311,0.014004240519465671,0.142796530253838,0.910875113631378,0.1300698057211312,0.142796530253838,0.910875113631378,0.1300698057211312,0.142796530253838,0.910875113631378,0.1300698057211312
373.0661322645291,0.7133844720745719,0.9527600858244775,0.6796842508396187,0.7133844720745719,0.9527600858244775,0.6796842508396187,0.7133844720745719,0.9527600858244775,0.6796842508396187,0.7133844720745719,0.9527600858244775,0.6796842508396187,0.7133844720745719,0.9527600858244775,0.6796842508396187,0.7133844720745719,0.9527600858244775,0.6796842508396187,0.21416231572096253,0.9536900151498607,0.20424446212445402,0.21416231572096253,0.9536900151498607,0.20424446212445402,0.21416231572096253,0.9536900151498607,0.20424446212445402,0.010972369494333122,0.9491867513857394,0.010414827755330045,0.010972369494333122,0.9491867513857394,0.010414827755330045,0.010972369494333122,0.9491867513857394,0.010414827755330045,0.14062401028108773,0.9104307464052088,0.12802842264270445,0.14062401028108773,0.9104307464052088,0.12802842264270445,0.14062401028108773,0.9104307464052088,0.12802842264270445
375.0501002004008,0.6984929955576117,0.9529286021514565,0.6656139538692984,0.6984929955576117,0.9529286021514565,0.6656139538692984,0.6984929955576117,0.9529286021514565,0.6656139538692984,0.6984929955576117,0.9529286021514565,0.6656139538692984,0.6984929955576117,0.9529286021514565,0.6656139538692984,0.6984929955576117,0.9529286021514565,0.6656139538692984,0.20509643225119675,0.9539833146364832,0.1956585742591136,0.20509643225119675,0.9539833146364832,0.1956585742591136,0.20509643225119675,0.9539833146364832,0.1956585742591136,0.007066518683085851,0.9487883893052348,0.006704630879320373,0.007066518683085851,0.9487883893052348,0.006704630879320373,0.007066518683085851,0.9487883893052348,0.006704630879320373,0.13829006729056714,0.9099855674805,0.12584196536032327,0.13829006729056714,0.9099855674805,0.12584196536032327,0.13829006729056714,0.9099855674805,0.12584196536032327
377.0340681362726,0.6830212732616618,0.9530931761237215,0.6509829146930256,0.6830212732616618,0.9530931761237215,0.6509829146930256,0.6830212732616618,0.9530931761237215,0.6509829146930256,0.6830212732616618,0.9530931761237215,0.6509829146930256,0.6830212732616618,0.9530931761237215,0.6509829146930256,0.6830212732616618,0.9530931761237215,0.6509829146930256,0.1966063786134406,0.9542716447365092,0.1876158922851368,0.1966063786134406,0.9542716447365092,0.1876158922851368,0.1966063786134406,0.9542716447365092,0.1876158922851368,0.0030171440267320634,0.948388820332118,0.002861425664284518,0.0030171440267320634,0.948388820332118,0.002861425664284518,0.0030171440267320634,0.948388820332118,0.002861425664284518,0.1358066366781745,0.90954105424657,0.12352171149794773,0.1358066366781745,0.90954105424657,0.12352171149794773,0.1358066366781745,0.90954105424657,0.12352171149794773
379.0180360721443,0.6669912462309852,0.9532548729308944,0.6358126556719367,0.6669912462309852,0.9532548729308944,0.6358126556719367,0.6669912462309852,0.9532548729308944,0.6358126556719367,0.6669912462309852,0.9532548729308944,0.6358126556719367,0.6669912462309852,0.9532548729308944,0.6358126556719367,0.6669912462309852,0.9532548729308944,0.6358126556719367,0.18865199665424026,0.9545546514018522,0.1800786409025517,0.18865199665424026,0.9545546514018522,0.1800786409025517,0.18865199665424026,0.9545546514018522,0.1800786409025517,0.0011833758663503094,0.947997756300703,0.0011218376661604938,0.0011833758663503094,0.947997756300703,0.0011218376661604938,0.0011833758663503094,0.947997756300703,0.0011218376661604938,0.13319182816594108,0.9090984025828638,0.12108447822274832,0.13319182816594108,0.9090984025828638,0.12108447822274832,0.13319182816594108,0.9090984025828638,0.12108447822274832
381.002004008016,0.6504330065414996,0.9534147689184953,0.620132434628726,0.6504330065414996,0.9534147689184953,0.620132434628726,0.6504330065414996,0.9534147689184953,0.620132434628726,0.6504330065414996,0.9534147689184953,0.620132434628726,0.6504330065414996,0.9534147689184953,0.620132434628726,0.6504330065414996,0.9534147689184953,0.620132434628726,0.18119454840577778,0.9548320397258158,0.17301036024148686,0.18119454840577778,0.9548320397258158,0.17301036024148686,0.18119454840577778,0.9548320397258158,0.17301036024148686,0.005535744140326063,0.947623835505853,0.005245803094634835,0.005535744140326063,0.947623835505853,0.005245803094634835,0.005535744140326063,0.947623835505853,0.005245803094634835,0.13046708320319386,0.908658239956358,0.11854999019565385,0.13046708320319386,0.908658239956358,0.11854999019565385,0.13046708320319386,0.908658239956358,0.11854999019565385
382.9859719438878,0.6333852043213126,0.9535739362135184,0.6039796224240777,0.6333852043213126,0.9535739362135184,0.6039796224240777,0.6333852043213126,0.9535739362135184,0.6039796224240777,0.6333852043213126,0.9535739362135184,0.6039796224240777,0.6333852043213126,0.9535739362135184,0.6039796224240777,0.6333852043213126,0.9535739362135184,0.6039796224240777,0.17419700688149597,0.9551035665715172,0.16637618255859993,0.17419700688149597,0.9551035665715172,0.16637618255859993,0.17419700688149597,0.9551035665715172,0.16637618255859993,0.010033600402741007,0.9472737641219996,0.009504566421200485,0.010033600402741007,0.9472737641219996,0.009504566421200485,0.010033600402741007,0.9472737641219996,0.009504566421200485,0.12765378848128775,0.9082203140678068,0.11593776386642053,0.12765378848128775,0.9082203140678068,0.11593776386642053,0.12765378848128775,0.9082203140678068,0.11593776386642053
384.9699398797595,0.6158952192447841,0.953733425038472,0.5873998569151486,0.6158952192447841,0.953733425038472,0.5873998569151486,0.6158952192447841,0.953733425038472,0.5873998569151486,0.6158952192447841,0.953733425038472,0.5873998569151486,0.6158952192447841,0.953733425038472,0.5873998569151486,0.6158952192447841,0.953733425038472,0.5873998569151486,0.16762424021506092,0.9553690335769938,0.1601430083783406,0.16762424021506092,0.9553690335769938,0.1601430083783406,0.16762424021506092,0.9553690335769938,0.1601430083783406,0.01466449761053312,0.9469518922783196,0.013886573761605233,0.01466449761053312,0.9469518922783196,0.013886573761605233,0.01466449761053312,0.9469518922783196,0.013886573761605233,0.1247701774208186,0.9077831641013943,0.11326426644456304,0.1247701774208186,0.9077831641013943,0.11326426644456304,0.1247701774208186,0.9077831641013943,0.11326426644456304
386.9539078156313,0.5980190433550988,0.9538942442096493,0.5704469233841895,0.5980190433550988,0.9538942442096493,0.5704469233841895,0.5980190433550988,0.9538942442096493,0.5704469233841895,0.5980190433550988,0.9538942442096493,0.5704469233841895,0.5980190433550988,0.9538942442096493,0.5704469233841895,0.5980190433550988,0.9538942442096493,0.5704469233841895,0.16144311212412557,0.9556282806579312,0.15427960366324373,0.16144311212412557,0.9556282806579312,0.15427960366324373,0.16144311212412557,0.9556282806579312,0.15427960366324373,0.019411581863656262,0.946660249976399,0.01837617293948617,0.019411581863656262,0.946660249976399,0.01837617293948617,0.019411581863656262,0.946660249976399,0.01837617293948617,0.12182916427733842,0.907343749925368,0.11054093076567394,0.12182916427733842,0.907343749925368,0.11054093076567394,0.12182916427733842,0.907343749925368,0.11054093076567394
388.93787575150304,0.5798208323475433,0.9540573405477515,0.5531823213036808,0.5798208323475433,0.9540573405477515,0.5531823213036808,0.5798208323475433,0.9540573405477515,0.5531823213036808,0.5798208323475433,0.9540573405477515,0.5531823213036808,0.5798208323475433,0.9540573405477515,0.5531823213036808,0.5798208323475433,0.9540573405477515,0.5531823213036808,0.15562251823708853,0.955881180068154,0.148756636377646,0.15562251823708853,0.955881180068154,0.148756636377646,0.15562251823708853,0.955881180068154,0.148756636377646,0.02425543896962168,0.9463989193574729,0.022955321229391094,0.02425543896962168,0.9463989193574729,0.022955321229391094,0.02425543896962168,0.9463989193574729,0.022955321229391094,0.11883751383578509,0.9068969756899087,0.10777338189618117,0.11883751383578509,0.9068969756899087,0.10777338189618117,0.11883751383578509,0.9068969756899087,0.10777338189618117
390.92184368737475,0.5613720995066923,0.9542235781435467,0.5356744934612311,0.5613720995066923,0.9542235781435467,0.5356744934612311,0.5613720995066923,0.9542235781435467,0.5356744934612311,0.5613720995066923,0.9542235781435467,0.5356744934612311,0.5613720995066923,0.9542235781435467,0.5356744934612311,0.5613720995066923,0.9542235781435467,0.5356744934612311,0.15013337448035668,0.9561276310346268,0.14354666768113794,0.15013337448035668,0.9561276310346268,0.14354666768113794,0.15013337448035668,0.9561276310346268,0.14354666768113794,0.02917569215541683,0.9461665630745638,0.027605064372012253,0.02917569215541683,0.9461665630745638,0.027605064372012253,0.02917569215541683,0.9461665630745638,0.027605064372012253,0.11579675370639038,0.9064350122559728,0.10496223186505382,0.11579675370639038,0.9064350122559728,0.10496223186505382,0.11579675370639038,0.9064350122559728,0.10496223186505382
392.9058116232465,0.5427505498442338,0.9543937185860203,0.5179977155304454,0.5427505498442338,0.9543937185860203,0.5179977155304454,0.5427505498442338,0.9543937185860203,0.5179977155304454,0.5427505498442338,0.9543937185860203,0.5179977155304454,0.5427505498442338,0.9543937185860203,0.5179977155304454,0.5427505498442338,0.9543937185860203,0.5179977155304454,0.14494857067201275,0.9563675549541317,0.138624110127689,0.14494857067201275,0.9563675549541317,0.138624110127689,0.14494857067201275,0.9563675549541317,0.138624110127689,0.03415215399311866,0.9459609551031745,0.032306604210161224,0.03415215399311866,0.9459609551031745,0.032306604210161224,0.03415215399311866,0.9459609551031745,0.032306604210161224,0.11270679745790725,0.9059463297202266,0.10210630949151205,0.11270679745790725,0.9059463297202266,0.10210630949151205,0.11270679745790725,0.9059463297202266,0.10210630949151205
394.8897795591182,0.5240385799568298,0.9545684033428228,0.5002306705594312,0.5240385799568298,0.9545684033428228,0.5002306705594312,0.5240385799568298,0.9545684033428228,0.5002306705594312,0.5240385799568298,0.9545684033428228,0.5002306705594312,0.5240385799568298,0.9545684033428228,0.5002306705594312,0.5240385799568298,0.9545684033428228,0.5002306705594312,0.14004289979344212,0.9566008911197468,0.13396516273740014,0.14004289979344212,0.9566008911197468,0.13396516273740014,0.14004289979344212,0.9566008911197468,0.13396516273740014,0.03916552254233308,0.9457794234806215,0.03704194533040507,0.03916552254233308,0.9457794234806215,0.03704194533040507,0.03916552254233308,0.9457794234806215,0.03704194533040507,0.10957475343371915,0.9054145110682034,0.09921057180560977,0.10957475343371915,0.9054145110682034,0.09921057180560977,0.10957475343371915,0.9054145110682034,0.09921057180560977
396.87374749499,0.5053214988609853,0.9547481394559402,0.4824547608646127,0.5053214988609853,0.9547481394559402,0.4824547608646127,0.5053214988609853,0.9547481394559402,0.4824547608646127,0.5053214988609853,0.9547481394559402,0.4824547608646127,0.5053214988609853,0.9547481394559402,0.4824547608646127,0.5053214988609853,0.9547481394559402,0.4824547608646127,0.1353929711376192,0.9568275929339692,0.12954773067378655,0.1353929711376192,0.9568275929339692,0.12954773067378655,0.1353929711376192,0.9568275929339692,0.12954773067378655,0.044197714034632594,0.9456191735457804,0.04179420581804201,0.044197714034632594,0.9456191735457804,0.04179420581804201,0.044197714034632594,0.9456191735457804,0.04179420581804201,0.10643409887483513,0.9048176040472824,0.09630344633285988,0.10643409887483513,0.9048176040472824,0.09630344633285988,0.10643409887483513,0.9048176040472824,0.09630344633285988
398.85771543086173,0.4866855528221706,0.954933289565161,0.4647522359403143,0.4866855528221706,0.954933289565161,0.4647522359403143,0.4866855528221706,0.954933289565161,0.4647522359403143,0.4866855528221706,0.954933289565161,0.4647522359403143,0.4866855528221706,0.954933289565161,0.4647522359403143,0.4866855528221706,0.954933289565161,0.4647522359403143,0.13097711364428552,0.9570476245596157,0.1253513354849383,0.13097711364428552,0.9570476245596157,0.1253513354849383,0.13097711364428552,0.9570476245596157,0.1253513354849383,0.04923195204546476,0.9454774979119835,0.04654770283726878,0.04923195204546476,0.9454774979119835,0.04654770283726878,0.04923195204546476,0.9454774979119835,0.04654770283726878,0.10338100884404079,0.9041308581029028,0.09346996023770639,0.10338100884404079,0.9041308581029028,0.09346996023770639,0.10338100884404079,0.9041308581029028,0.09346996023770639
400.84168336673355,0.4682158589357378,0.9551240670020678,0.44720423542156834,0.4682158589357378,0.9551240670020678,0.44720423542156834,0.4682158589357378,0.9551240670020678,0.44720423542156834,0.4682158589357378,0.9551240670020678,0.44720423542156834,0.4682158589357378,0.9551240670020678,0.44720423542156834,0.4682158589357378,0.9551240670020678,0.44720423542156834,0.12677527420053758,0.9572609579576826,0.1213570204265545,0.12677527420053758,0.9572609579576826,0.1213570204265545,0.12677527420053758,0.9572609579576826,0.1213570204265545,0.05425271826172351,0.9453518961032212,0.05128791007747418,0.05425271826172351,0.9453518961032212,0.05128791007747418,0.05425271826172351,0.9453518961032212,0.05128791007747418,0.10062091177686842,0.9033394561510889,0.09089483972194302,0.10062091177686842,0.9033394561510889,0.09089483972194302,0.10062091177686842,0.9033394561510889,0.09089483972194302
402.82565130260525,0.4499943643791727,0.9553205363322325,0.4298888575251933,0.4499943643791727,0.9553205363322325,0.4298888575251933,0.4499943643791727,0.9553205363322325,0.4298888575251933,0.4499943643791727,0.9553205363322325,0.4298888575251933,0.4499943643791727,0.9553205363322325,0.4298888575251933,0.4499943643791727,0.9553205363322325,0.4298888575251933,0.12276891444915868,0.9574675702619591,0.11754725422133427,0.12276891444915868,0.9574675702619591,0.11754725422133427,0.12276891444915868,0.9574675702619591,0.11754725422133427,0.05924564044516709,0.9452401298092615,0.05600135686502258,0.05924564044516709,0.9452401298092615,0.05600135686502258,0.05924564044516709,0.9452401298092615,0.05600135686502258,0.09845964652447185,0.9024650230397889,0.08885638716919697,0.09845964652447185,0.9024650230397889,0.08885638716919697,0.09845964652447185,0.9024650230397889,0.08885638716919697
404.80961923847696,0.43209794855920974,0.9555226193054339,0.41287936360380073,0.43209794855920974,0.9555226193054339,0.41287936360380073,0.43209794855920974,0.9555226193054339,0.41287936360380073,0.43209794855920974,0.9555226193054339,0.41287936360380073,0.43209794855920974,0.9555226193054339,0.41287936360380073,0.43209794855920974,0.9555226193054339,0.41287936360380073,0.11894090867972137,0.9576674414422752,0.11390583569812808,0.11894090867972137,0.9576674414422752,0.11390583569812808,0.11894090867972137,0.9576674414422752,0.11390583569812808,0.0641973646678282,0.9451402361717774,0.06067551240375687,0.0641973646678282,0.9451402361717774,0.06067551240375687,0.0641973646678282,0.9451402361717774,0.06067551240375687,0.09713442113674098,0.9015798011085087,0.08757443208925306,0.09713442113674098,0.9015798011085087,0.08757443208925306,0.09713442113674098,0.9015798011085087,0.08757443208925306
406.7935871743487,0.41459677339761825,0.9557301057564558,0.396242618085591,0.41459677339761825,0.9557301057564558,0.396242618085591,0.41459677339761825,0.9557301057564558,0.396242618085591,0.41459677339761825,0.9557301057564558,0.396242618085591,0.41459677339761825,0.9557301057564558,0.396242618085591,0.41459677339761825,0.9557301057564558,0.396242618085591,0.11527544461854547,0.9578605522112321,0.11041780103871526,0.11527544461854547,0.9578605522112321,0.11041780103871526,0.11527544461854547,0.9578605522112321,0.11041780103871526,0.0690954372272722,0.9450505159984621,0.06529867860477294,0.0690954372272722,0.9450505159984621,0.06529867860477294,0.0690954372272722,0.9450505159984621,0.06529867860477294,0.09661057519979246,0.9007660775646442,0.08702352887398115,0.09661057519979246,0.9007660775646442,0.08702352887398115,0.09661057519979246,0.9007660775646442,0.08702352887398115
408.7775551102205,0.3975529643339228,0.9559426686367292,0.3800378416498126,0.3975529643339228,0.9559426686367292,0.3800378416498126,0.3975529643339228,0.9559426686367292,0.3800378416498126,0.3975529643339228,0.9559426686367292,0.3800378416498126,0.3975529643339228,0.9559426686367292,0.3800378416498126,0.3975529643339228,0.9559426686367292,0.3800378416498126,0.11175792835105594,0.9580468821325882,0.10706933481032632,0.11175792835105594,0.9580468821325882,0.10706933481032632,0.11175792835105594,0.9580468821325882,0.10706933481032632,0.07392820737596635,0.9449695085852357,0.06985990179465432,0.07392820737596635,0.9449695085852357,0.06985990179465432,0.07392820737596635,0.9449695085852357,0.06985990179465432,0.09664534627808707,0.9000628462450567,0.08698688544739415,0.09664534627808707,0.9000628462450567,0.08698688544739415,0.09664534627808707,0.9000628462450567,0.08698688544739415
410.7615230460922,0.3810196745858954,0.9561598820944143,0.3643157271277019,0.3810196745858954,0.9561598820944143,0.3643157271277019,0.3810196745858954,0.9561598820944143,0.3643157271277019,0.3810196745858954,0.9561598820944143,0.3643157271277019,0.3810196745858954,0.9561598820944143,0.3643157271277019,0.3810196745858954,0.9561598820944143,0.3643157271277019,0.1083748941671601,0.9582264078928435,0.10384768554356491,0.1083748941671601,0.9582264078928435,0.10384768554356491,0.1083748941671601,0.9582264078928435,0.10384768554356491,0.07868475360843408,0.9448959607087642,0.07434890585397372,0.07868475360843408,0.9448959607087642,0.07434890585397372,0.07868475360843408,0.9448959607087642,0.07434890585397372,0.0969943023797109,0.8994656360839044,0.08724304188648123,0.0969943023797109,0.8994656360839044,0.08724304188648123,0.0969943023797109,0.8994656360839044,0.08724304188648123
412.74549098196394,0.36504055212449543,0.9563812413841273,0.3491179363963722,0.36504055212449543,0.9563812413841273,0.3491179363963722,0.36504055212449543,0.9563812413841273,0.3491179363963722,0.36504055212449543,0.9563812413841273,0.3491179363963722,0.36504055212449543,0.9563812413841273,0.3491179363963722,0.36504055212449543,0.9563812413841273,0.3491179363963722,0.1051139197881036,0.9583991017007766,0.10074108630116597,0.1051139197881036,0.9583991017007766,0.10074108630116597,0.1051139197881036,0.9583991017007766,0.10074108630116597,0.08335483189088147,0.9448287944053573,0.07875604532332277,0.08335483189088147,0.9448287944053573,0.07875604532332277,0.08335483189088147,0.9448287944053573,0.07875604532332277,0.09750109272947258,0.8989528263202361,0.0876488828784708,0.09750109272947258,0.8989528263202361,0.0876488828784708,0.09750109272947258,0.8989528263202361,0.0876488828784708
414.7294589178357,0.3496495971272774,0.9566061833823319,0.3344769666290948,0.3496495971272774,0.9566061833823319,0.3344769666290948,0.3496495971272774,0.9566061833823319,0.3344769666290948,0.3496495971272774,0.9566061833823319,0.3344769666290948,0.3496495971272774,0.9566061833823319,0.3344769666290948,0.3496495971272774,0.9566061833823319,0.3344769666290948,0.10196354718787692,0.9585649297826062,0.0977386804505327,0.10196354718787692,0.9585649297826062,0.0977386804505327,0.10196354718787692,0.9585649297826062,0.0977386804505327,0.08792884235588123,0.9447670761740672,0.08307227530393639,0.08792884235588123,0.9447670761740672,0.08307227530393639,0.08792884235588123,0.9447670761740672,0.08307227530393639,0.0980858081655843,0.8985022104261134,0.08813031544820922,0.0980858081655843,0.8985022104261134,0.08813031544820922,0.0980858081655843,0.8985022104261134,0.08813031544820922
416.7134268537074,0.334871371085351,0.9568341065950198,0.32041634917670114,0.334871371085351,0.9568341065950198,0.32041634917670114,0.334871371085351,0.9568341065950198,0.32041634917670114,0.334871371085351,0.9568341065950198,0.32041634917670114,0.334871371085351,0.9568341065950198,0.32041634917670114,0.334871371085351,0.9568341065950198,0.32041634917670114,0.09891320904401041,0.9587238509430174,0.09483045268380536,0.09891320904401041,0.9587238509430174,0.09483045268380536,0.09891320904401041,0.9587238509430174,0.09483045268380536,0.09239781053636409,0.9447099889736986,0.08728913457300241,0.09239781053636409,0.9447099889736986,0.08728913457300241,0.09239781053636409,0.9447099889736986,0.08728913457300241,0.09871390807445589,0.8980959578235902,0.0886545618226383,0.09871390807445589,0.8980959578235902,0.0886545618226383,0.09871390807445589,0.8980959578235902,0.0886545618226383
418.69739478957916,0.32072149966741353,0.9570643897404929,0.3069511263558488,0.32072149966741353,0.9570643897404929,0.3069511263558488,0.32072149966741353,0.9570643897404929,0.3069511263558488,0.32072149966741353,0.9570643897404929,0.3069511263558488,0.32072149966741353,0.9570643897404929,0.3069511263558488,0.32072149966741353,0.9570643897404929,0.3069511263558488,0.09595316072584152,0.9588758151644777,0.09200716520859945,0.09595316072584152,0.9588758151644777,0.09200716520859945,0.09595316072584152,0.9588758151644777,0.09200716520859945,0.09675337948075974,0.9446568076009642,0.09139873858489912,0.09675337948075974,0.9446568076009642,0.09139873858489912,0.09675337948075974,0.9446568076009642,0.09139873858489912,0.09937432634640073,0.8977207358102101,0.0892103933683348,0.09937432634640073,0.8977207358102101,0.0892103933683348,0.09937432634640073,0.8977207358102101,0.0892103933683348
420.681362725451,0.3072074008018932,0.957296408234674,0.29408854137076224,0.3072074008018932,0.957296408234674,0.29408854137076224,0.3072074008018932,0.957296408234674,0.29408854137076224,0.3072074008018932,0.957296408234674,0.29408854137076224,0.3072074008018932,0.957296408234674,0.29408854137076224,0.3072074008018932,0.957296408234674,0.29408854137076224,0.09307441764046831,0.9590207622190842,0.08926029894865929,0.09307441764046831,0.9590207622190842,0.08926029894865929,0.09307441764046831,0.9590207622190842,0.08926029894865929,0.10098780965664662,0.9446068775716243,0.0953937795525625,0.10098780965664662,0.9446068775716243,0.0953937795525625,0.10098780965664662,0.9446068775716243,0.0953937795525625,0.1000675240214406,0.8973666676920712,0.08979726057531644,0.1000675240214406,0.8973666676920712,0.08979726057531644,0.1000675240214406,0.8973666676920712,0.08979726057531644
422.6653306613226,0.29432916677745335,0.9575295481629036,0.28182887407557883,0.29432916677745335,0.9575295481629036,0.28182887407557883,0.29432916677745335,0.9575295481629036,0.28182887407557883,0.29432916677745335,0.9575295481629036,0.28182887407557883,0.29432916677745335,0.9575295481629036,0.28182887407557883,0.29432916677745335,0.9575295481629036,0.28182887407557883,0.0902686976976833,0.9591586202686474,0.08658199953715753,0.0902686976976833,0.9591586202686474,0.08658199953715753,0.0902686976976833,0.9591586202686474,0.08658199953715753,0.10509398417853641,0.9445595973609231,0.09926753138073358,0.10509398417853641,0.9445595973609231,0.09926753138073358,0.10509398417853641,0.9445595973609231,0.09926753138073358,0.10079955503716197,0.8970263076417361,0.09041985266691535,0.10079955503716197,0.8970263076417361,0.09041985266691535,0.10079955503716197,0.8970263076417361,0.09041985266691535
424.6492985971944,0.28208053305662345,0.9577632175605691,0.27016635895151214,0.28208053305662345,0.9577632175605691,0.27016635895151214,0.28208053305662345,0.9577632175605691,0.27016635895151214,0.28208053305662345,0.9577632175605691,0.27016635895151214,0.28208053305662345,0.9577632175605691,0.27016635895151214,0.28208053305662345,0.9577632175605691,0.27016635895151214,0.08752836861732215,0.9592893044299033,0.08396502784879514,0.08752836861732215,0.9592893044299033,0.08396502784879514,0.08752836861732215,0.9592893044299033,0.08396502784879514,0.10906541746637338,0.9445144037165493,0.10301385774434817,0.10906541746637338,0.9445144037165493,0.10301385774434817,0.10906541746637338,0.9445144037165493,0.10301385774434817,0.10157927458448009,0.8966938708719088,0.09108551292751794,0.10157927458448009,0.8966938708719088,0.09108551292751794,0.10157927458448009,0.8966938708719088,0.09108551292751794
426.6332665330662,0.2704498750120297,0.9579968550247826,0.25909012970337003,0.2704498750120297,0.9579968550247826,0.25909012970337003,0.2704498750120297,0.9579968550247826,0.25909012970337003,0.2704498750120297,0.9579968550247826,0.25909012970337003,0.2704498750120297,0.9579968550247826,0.25909012970337003,0.2704498750120297,0.9579968550247826,0.25909012970337003,0.08484639977940384,0.9594127152827056,0.08140271479431978,0.08484639977940384,0.9594127152827056,0.08140271479431978,0.08484639977940384,0.9594127152827056,0.08140271479431978,0.11289626590408479,0.9444707596872063,0.10662722202427981,0.11289626590408479,0.9444707596872063,0.10662722202427981,0.11289626590408479,0.9444707596872063,0.10662722202427981,0.10241713466805785,0.8963646987511634,0.09180310406369101,0.10241713466805785,0.8963646987511634,0.09180310406369101,0.10241713466805785,0.8963646987511634,0.09180310406369101
428.6172344689379,0.25942118492006006,0.9582299358303332,0.24858514537897816,0.25942118492006006,0.9582299358303332,0.24858514537897816,0.25942118492006006,0.9582299358303332,0.24858514537897816,0.25942118492006006,0.9582299358303332,0.24858514537897816,0.25942118492006006,0.9582299358303332,0.24858514537897816,0.25942118492006006,0.9582299358303332,0.24858514537897816,0.08221631830413977,0.9595287372999047,0.07888892008781827,0.08221631830413977,0.9595287372999047,0.07888892008781827,0.08221631830413977,0.9595287372999047,0.07888892008781827,0.11658133941145965,0.9444281449817851,0.1101026981198567,0.11658133941145965,0.9444281449817851,0.1101026981198567,0.11658133941145965,0.9444281449817851,0.1101026981198567,0.10332480186682781,0.896034893536719,0.09258262784044563,0.10332480186682781,0.896034893536719,0.09258262784044563,0.10332480186682781,0.896034893536719,0.09258262784044563
430.6012024048096,0.2489749935166142,0.9584619758237175,0.2386330642166313,0.2489749935166142,0.9584619758237175,0.2386330642166313,0.2489749935166142,0.9584619758237175,0.2386330642166313,0.2489749935166142,0.9584619758237175,0.2386330642166313,0.2489749935166142,0.9584619758237175,0.2386330642166313,0.2489749935166142,0.9584619758237175,0.2386330642166313,0.07963216904127093,0.9596372371785175,0.07641799468929791,0.07963216904127093,0.9596372371785175,0.07641799468929791,0.07963216904127093,0.9596372371785175,0.07641799468929791,0.12011611307962144,0.9443860482691123,0.11343598136470953,0.12011611307962144,0.9443860482691123,0.11343598136470953,0.12011611307962144,0.9443860482691123,0.11343598136470953,0.10431523974411203,0.8957010652834421,0.0934352713640988,0.10431523974411203,0.8957010652834421,0.0934352713640988,0.10431523974411203,0.8957010652834421,0.0934352713640988
432.58517034068143,0.23908921188699184,0.9586925334238839,0.22921304225826,0.23908921188699184,0.9586925334238839,0.22921304225826,0.23908921188699184,0.9586925334238839,0.22921304225826,0.23908921188699184,0.9586925334238839,0.22921304225826,0.23908921188699184,0.9586925334238839,0.22921304225826,0.23908921188699184,0.9586925334238839,0.22921304225826,0.07708847814273888,0.9597380620529008,0.07398474661931961,0.07708847814273888,0.9597380620529008,0.07398474661931961,0.07708847814273888,0.9597380620529008,0.07398474661931961,0.12349673817348827,0.9443439610348037,0.11662339890162997,0.12349673817348827,0.9443439610348037,0.11662339890162997,0.12349673817348827,0.9443439610348037,0.11662339890162997,0.10540309577821369,0.8953601485661105,0.09437373149530938,0.10540309577821369,0.8953601485661105,0.09437373149530938,0.10540309577821369,0.8953601485661105,0.09437373149530938
434.56913827655313,0.22973987954775543,0.9589212100757164,0.22030244329858298,0.22973987954775543,0.9589212100757164,0.22030244329858298,0.22973987954775543,0.9589212100757164,0.22030244329858298,0.22973987954775543,0.9589212100757164,0.22030244329858298,0.22973987954775543,0.9589212100757164,0.22030244329858298,0.22973987954775543,0.9589212100757164,0.22030244329858298,0.07458021988633393,0.9598310375722833,0.07158440983586893,0.07458021988633393,0.9598310375722833,0.07158440983586893,0.07458021988633393,0.9598310375722833,0.07158440983586893,0.12672005190134564,0.9443013726228403,0.11966191894927825,0.12672005190134564,0.9443013726228403,0.11966191894927825,0.12672005190134564,0.9443013726228403,0.11966191894927825,0.10660531419059942,0.8950092589213989,0.09541274325081128,0.10660531419059942,0.8950092589213989,0.09541274325081128,0.10660531419059942,0.8950092589213989,0.09541274325081128
436.55310621242484,0.22090181282995044,0.9591476494918921,0.21187745454434487,0.22090181282995044,0.9591476494918921,0.21187745454434487,0.22090181282995044,0.9591476494918921,0.21187745454434487,0.22090181282995044,0.9591476494918921,0.21187745454434487,0.22090181282995044,0.9591476494918921,0.21187745454434487,0.22090181282995044,0.9591476494918921,0.21187745454434487,0.07210278640776117,0.9599159658275158,0.06921261585346114,0.07210278640776117,0.9599159658275158,0.06921261585346114,0.07210278640776117,0.9599159658275158,0.06921261585346114,0.12978358541944002,0.9442577661007816,0.1225491584447104,0.12978358541944002,0.9442577661007816,0.1225491584447104,0.12978358541944002,0.9442577661007816,0.1225491584447104,0.10794189349843696,0.8946455687034259,0.09656973669583377,0.10794189349843696,0.8946455687034259,0.09656973669583377,0.10794189349843696,0.8946455687034259,0.09656973669583377
438.5370741482966,0.21254915397332005,0.9593715359899186,0.2039136083207418,0.21254915397332005,0.9593715359899186,0.2039136083207418,0.21254915397332005,0.9593715359899186,0.2039136083207418,0.21254915397332005,0.9593715359899186,0.2039136083207418,0.21254915397332005,0.9593715359899186,0.2039136083207418,0.21254915397332005,0.9593715359899186,0.2039136083207418,0.06965195998155163,0.9599926231158399,0.06686536776784925,0.06965195998155163,0.9599926231158399,0.06686536776784925,0.06965195998155163,0.9599926231158399,0.06686536776784925,0.13268556960311023,0.9442126145961084,0.12528338859412663,0.13268556960311023,0.9442126145961084,0.12528338859412663,0.13268556960311023,0.9442126145961084,0.12528338859412663,0.1094366072983564,0.8942661935548379,0.09786545824425677,0.1094366072983564,0.8942661935548379,0.09786545824425677,0.1094366072983564,0.8942661935548379,0.09786545824425677
440.5210420841684,0.20465582580405,0.9595925921918965,0.19638621439048157,0.20465582580405,0.9595925921918965,0.19638621439048157,0.20465582580405,0.9595925921918965,0.19638621439048157,0.20465582580405,0.9595925921918965,0.19638621439048157,0.20465582580405,0.9595925921918965,0.19638621439048157,0.20465582580405,0.9595925921918965,0.19638621439048157,0.06722388746422192,0.9600607575385638,0.06453901632358806,0.06722388746422192,0.9600607575385638,0.06453901632358806,0.06722388746422192,0.9600607575385638,0.06453901632358806,0.1354249381960462,0.9441653777549447,0.12786353792931,0.1354249381960462,0.9441653777549447,0.12786353792931,0.1354249381960462,0.9441653777549447,0.12786353792931,0.11111725611761097,0.8938681015110087,0.09932417077096144,0.11111725611761097,0.8938681015110087,0.09932417077096144,0.11111725611761097,0.8938681015110087,0.09932417077096144
442.50501002004006,0.19719589974183352,0.9598105763111318,0.18927071017740138,0.19719589974183352,0.9598105763111318,0.18927071017740138,0.19719589974183352,0.9598105763111318,0.18927071017740138,0.19719589974183352,0.9598105763111318,0.18927071017740138,0.19719589974183352,0.9598105763111318,0.18927071017740138,0.19719589974183352,0.9598105763111318,0.18927071017740138,0.06481505647243864,0.9601200864358149,0.062230237622660015,0.06481505647243864,0.9601200864358149,0.062230237622660015,0.06481505647243864,0.9601200864358149,0.062230237622660015,0.13800132806173301,0.9441154979713261,0.1302891925637074,0.13800132806173301,0.9441154979713261,0.1302891925637074,0.13800132806173301,0.9441154979713261,0.1302891925637074,0.11301454269089939,0.8934480982782496,0.10097262824497011,0.11301454269089939,0.8934480982782496,0.10097262824497011,0.11301454269089939,0.8934480982782496,0.10097262824497011
444.4889779559118,0.19014388647080818,0.9600252792065956,0.18254293769856486,0.19014388647080818,0.9600252792065956,0.18254293769856486,0.19014388647080818,0.9600252792065956,0.18254293769856486,0.19014388647080818,0.9600252792065956,0.18254293769856486,0.19014388647080818,0.9600252792065956,0.18254293769856486,0.19014388647080818,0.9600252792065956,0.18254293769856486,0.062422272810450256,0.9601702936764234,0.05993601201635984,0.062422272810450256,0.9601702936764234,0.05993601201635984,0.062422272810450256,0.9601702936764234,0.05993601201635984,0.1404150764173407,0.9440623960232474,0.13256059348034202,0.1404150764173407,0.9440623960232474,0.13256059348034202,0.1404150764173407,0.9440623960232474,0.13256059348034202,0.11515795321562267,0.893003015240787,0.10283639945050851,0.11515795321562267,0.893003015240787,0.10283639945050851,0.11515795321562267,0.893003015240787,0.10283639945050851
446.47294589178364,0.1834749592218472,0.9602365213462681,0.17617935659733497,0.1834749592218472,0.9602365213462681,0.17617935659733497,0.1834749592218472,0.9602365213462681,0.17617935659733497,0.1834749592218472,0.9602365213462681,0.17617935659733497,0.1834749592218472,0.9602365213462681,0.17617935659733497,0.1834749592218472,0.9602365213462681,0.17617935659733497,0.06004263857978889,0.9602110268414306,0.057653603644967986,0.06004263857978889,0.9602110268414306,0.057653603644967986,0.06004263857978889,0.9602110268414306,0.057653603644967986,0.14266721513779107,0.9440054657284098,0.1346786308703257,0.14266721513779107,0.9440054657284098,0.1346786308703257,0.14266721513779107,0.9440054657284098,0.1346786308703257,0.11756642268602498,0.8925303189104129,0.10493159673311428,0.11756642268602498,0.8925303189104129,0.10493159673311428,0.11756642268602498,0.8925303189104129,0.10493159673311428
448.4569138276553,0.1771651195307495,0.9604441497852099,0.17015720259930578,0.1771651195307495,0.9604441497852099,0.17015720259930578,0.1771651195307495,0.9604441497852099,0.17015720259930578,0.1771651195307495,0.9604441497852099,0.17015720259930578,0.1771651195307495,0.9604441497852099,0.17015720259930578,0.1771651195307495,0.9604441497852099,0.17015720259930578,0.05767353029446987,0.9602418943693438,0.05538053998492949,0.05767353029446987,0.9602418943693438,0.05538053998492949,0.05767353029446987,0.9602418943693438,0.05538053998492949,0.1447594624814245,0.9439440671948959,0.13664483577966277,0.1447594624814245,0.9439440671948959,0.13664483577966277,0.1447594624814245,0.9439440671948959,0.13664483577966277,0.12023232137711473,0.8920293776829091,0.10725076281539919,0.12023232137711473,0.8920293776829091,0.10725076281539919,0.12023232137711473,0.8920293776829091,0.10725076281539919
450.44088176352705,0.17119131479299027,0.9606480352344144,0.16445460020508226,0.17119131479299027,0.9606480352344144,0.16445460020508226,0.17119131479299027,0.9606480352344144,0.16445460020508226,0.17119131479299027,0.9606480352344144,0.16445460020508226,0.17119131479299027,0.9606480352344144,0.16445460020508226,0.17119131479299027,0.9606480352344144,0.16445460020508226,0.05531257618023583,0.9602624627736188,0.05311459062518666,0.05531257618023583,0.9602624627736188,0.05311459062518666,0.05531257618023583,0.9602624627736188,0.05311459062518666,0.14669421291265602,0.94387751818617,0.1384613696162714,0.14669421291265602,0.94387751818617,0.1384613696162714,0.14669421291265602,0.94387751818617,0.1384613696162714,0.12310178269374178,0.891503327668107,0.10974564891334698,0.12310178269374178,0.891503327668107,0.10974564891334698,0.12310178269374178,0.891503327668107,0.10974564891334698
452.42484969939886,0.16553151611656772,0.9608480692721258,0.15905063766429187,0.16553151611656772,0.9608480692721258,0.15905063766429187,0.16553151611656772,0.9608480692721258,0.15905063766429187,0.16553151611656772,0.9608480692721258,0.15905063766429187,0.16553151611656772,0.9608480692721258,0.15905063766429187,0.16553151611656772,0.9608480692721258,0.15905063766429187,0.05295763165007417,0.9602722541025743,0.050853744316550556,0.05295763165007417,0.9602722541025743,0.050853744316550556,0.05295763165007417,0.9602722541025743,0.050853744316550556,0.14847452608628753,0.9438050830415797,0.1401310124224278,0.14847452608628753,0.9438050830415797,0.1401310124224278,0.14847452608628753,0.9438050830415797,0.1401310124224278,0.12606321658023179,0.8909606717460758,0.11231736812679435,0.12606321658023179,0.8909606717460758,0.11231736812679435,0.12606321658023179,0.8909606717460758,0.11231736812679435
454.40881763527057,0.16016476401892543,0.9610441617299643,0.15392541137524574,0.16016476401892543,0.9610441617299643,0.15392541137524574,0.16016476401892543,0.9610441617299643,0.15392541137524574,0.16016476401892543,0.9610441617299643,0.15392541137524574,0.16016476401892543,0.9610441617299643,0.15392541137524574,0.16016476401892543,0.9610441617299643,0.15392541137524574,0.050606751714262606,0.9602707438949655,0.04859618311476277,0.050606751714262606,0.9602707438949655,0.04859618311476277,0.050606751714262606,0.9602707438949655,0.04859618311476277,0.15010411652069003,0.9437259584883977,0.14165715123654232,0.15010411652069003,0.9437259584883977,0.14165715123654232,0.15010411652069003,0.9437259584883977,0.14165715123654232,0.12896078305824374,0.89041495428601,0.11482860975149416,0.12896078305824374,0.89041495428601,0.11482860975149416,0.12896078305824374,0.89041495428601,0.11482860975149416
456.39278557114227,0.15507118852036259,0.9612362382712969,0.14906004591757244,0.15507118852036259,0.9612362382712969,0.14906004591757244,0.15507118852036259,0.9612362382712969,0.14906004591757244,0.15507118852036259,0.9612362382712969,0.14906004591757244,0.15507118852036259,0.9612362382712969,0.14906004591757244,0.15507118852036259,0.9612362382712969,0.14906004591757244,0.048258158798042725,0.9602573599980608,0.0463402521657757,0.048258158798042725,0.9602573599980608,0.0463402521657757,0.048258158798042725,0.9602573599980608,0.0463402521657757,0.15158734603523205,0.9436392555459119,0.14304377036286692,0.15158734603523205,0.9436392555459119,0.14304377036286692,0.15158734603523205,0.9436392555459119,0.14304377036286692,0.1316357700856269,0.88988158145526,0.11714024725987868,0.1316357700856269,0.88988158145526,0.11714024725987868,0.1316357700856269,0.88988158145526,0.11714024725987868
458.3767535070141,0.15023200922023613,0.9614242381681245,0.1444366950130322,0.15023200922023613,0.9614242381681245,0.1444366950130322,0.15023200922023613,0.9614242381681245,0.1444366950130322,0.15023200922023613,0.9614242381681245,0.1444366950130322,0.15023200922023613,0.9614242381681245,0.1444366950130322,0.15023200922023613,0.9614242381681245,0.1444366950130322,0.04591020410619021,0.9602314827677491,0.044084423363057026,0.04591020410619021,0.9602314827677491,0.044084423363057026,0.04591020410619021,0.9602314827677491,0.044084423363057026,0.15292922167781564,0.9435439765561249,0.1442954459535193,0.15292922167781564,0.9435439765561249,0.1442954459535193,0.15292922167781564,0.9435439765561249,0.1442954459535193,0.13397215507842125,0.8893733013679263,0.11915125785347129,0.13397215507842125,0.8893733013679263,0.11915125785347129,0.13397215507842125,0.8893733013679263,0.11915125785347129
460.3607214428858,0.14562952004394925,0.9616081122746922,0.1400385278609315,0.14562952004394925,0.9616081122746922,0.1400385278609315,0.14562952004394925,0.9616081122746922,0.1400385278609315,0.14562952004394925,0.9616081122746922,0.1400385278609315,0.14562952004394925,0.9616081122746922,0.1400385278609315,0.14562952004394925,0.9616081122746922,0.1400385278609315,0.043561320305578306,0.9601924473707067,0.0418272507549125,0.043561320305578306,0.9601924473707067,0.0418272507549125,0.043561320305578306,0.9601924473707067,0.0418272507549125,0.1541354026389624,0.943438986188376,0.1454173480014398,0.1541354026389624,0.943438986188376,0.1454173480014398,0.1541354026389624,0.943438986188376,0.1454173480014398,0.1359173453697977,0.8888971205872378,0.1208165369370743,0.1359173453697977,0.8888971205872378,0.1208165369370743,0.1359173453697977,0.8888971205872378,0.1208165369370743
462.3446893787575,0.1412470625398701,0.9617878211903967,0.13584970452976536,0.1412470625398701,0.9617878211903967,0.13584970452976536,0.1412470625398701,0.9617878211903967,0.13584970452976536,0.1412470625398701,0.9617878211903967,0.13584970452976536,0.1412470625398701,0.9617878211903967,0.13584970452976536,0.1412470625398701,0.9617878211903967,0.13584970452976536,0.041209962930043705,0.960139549164192,0.039567315228725225,0.041209962930043705,0.960139549164192,0.039567315228725225,0.041209962930043705,0.960139549164192,0.039567315228725225,0.15521222054716818,0.9433229750860368,0.1464152536562648,0.15521222054716818,0.9433229750860368,0.1464152536562648,0.15521222054716818,0.9433229750860368,0.1464152536562648,0.13747357933454113,0.8884537607539466,0.1221389185640791,0.13747357933454113,0.8884537607539466,0.1221389185640791,0.13747357933454113,0.8884537607539466,0.1221389185640791
464.3286573146293,0.13706899089469363,0.9619633336008663,0.13185534341436628,0.13706899089469363,0.9619633336008663,0.13185534341436628,0.13706899089469363,0.9619633336008663,0.13185534341436628,0.13706899089469363,0.9619633336008663,0.13185534341436628,0.13706899089469363,0.9619633336008663,0.13185534341436628,0.13706899089469363,0.9619633336008663,0.13185534341436628,0.038854537618092454,0.9600720534412562,0.03730315571651256,0.038854537618092454,0.9600720534412562,0.03730315571651256,0.038854537618092454,0.9600720534412562,0.03730315571651256,0.15616671853605815,0.9431944147248763,0.14729557668912185,0.15616671853605815,0.9431944147248763,0.14729557668912185,0.15616671853605815,0.9431944147248763,0.14729557668912185,0.13867622042698594,0.8880385980088925,0.12314983636515273,0.13867622042698594,0.8880385980088925,0.12314983636515273,0.13867622042698594,0.8880385980088925,0.12314983636515273
466.312625250501,0.1330806312236985,0.9621346247838212,0.12804148318840725,0.1330806312236985,0.9621346247838212,0.12804148318840725,0.1330806312236985,0.9621346247838212,0.12804148318840725,0.1330806312236985,0.9621346247838212,0.12804148318840725,0.1330806312236985,0.9621346247838212,0.12804148318840725,0.1330806312236985,0.9621346247838212,0.12804148318840725,0.03649331020129916,0.9599892111871935,0.03503318407375474,0.03649331020129916,0.9599892111871935,0.03503318407375474,0.03649331020129916,0.9599892111871935,0.03503318407375474,0.157006715436787,0.9430515021943198,0.14806541884725807,0.157006715436787,0.9430515021943198,0.14806541884725807,0.157006715436787,0.9430515021943198,0.14806541884725807,0.13957428122101628,0.8876425795427362,0.12389207502084618,0.13957428122101628,0.8876425795427362,0.12389207502084618,0.13957428122101628,0.8876425795427362,0.12389207502084618
468.2965931863727,0.12926823717164396,0.9623016752651494,0.12439504118884565,0.12926823717164396,0.9623016752651494,0.12439504118884565,0.12926823717164396,0.9623016752651494,0.12439504118884565,0.12926823717164396,0.9623016752651494,0.12439504118884565,0.12926823717164396,0.9623016752651494,0.12439504118884565,0.12926823717164396,0.9623016752651494,0.12439504118884565,0.03412429698043289,0.9598902828618541,0.03275558108100964,0.03412429698043289,0.9598902828618541,0.03275558108100964,0.03412429698043289,0.9598902828618541,0.03275558108100964,0.1577409020152628,0.9428920943252674,0.14873264946192793,0.1577409020152628,0.9428920943252674,0.14873264946192793,0.1577409020152628,0.9428920943252674,0.14873264946192793,0.1402187414568737,0.8872522877424197,0.12440939914197408,0.1402187414568737,0.8872522877424197,0.12440939914197408,0.1402187414568737,0.8872522877424197,0.12440939914197408
470.2805611222445,0.12561894342929988,0.9624644696102044,0.12090376976067538,0.12561894342929988,0.9624644696102044,0.12090376976067538,0.12561894342929988,0.9624644696102044,0.12090376976067538,0.12561894342929988,0.9624644696102044,0.12090376976067538,0.12561894342929988,0.9624644696102044,0.12090376976067538,0.12561894342929988,0.9624644696102044,0.12090376976067538,0.03174513357794831,0.959774572525494,0.030468172009540044,0.03174513357794831,0.959774572525494,0.030468172009540044,0.03174513357794831,0.959774572525494,0.030468172009540044,0.15837897547490418,0.9427136325256538,0.14930601928563836,0.15837897547490418,0.9427136325256538,0.14930601928563836,0.15837897547490418,0.9427136325256538,0.14930601928563836,0.14065797267529093,0.8868491706276956,0.12474240640925484,0.14065797267529093,0.8868491706276956,0.12474240640925484,0.14065797267529093,0.8868491706276956,0.12474240640925484
472.2645290581163,0.12212071840657486,0.9626229953354751,0.11755621174505719,0.12212071840657486,0.9626229953354751,0.11755621174505719,0.12212071840657486,0.9626229953354751,0.11755621174505719,0.12212071840657486,0.9626229953354751,0.11755621174505719,0.12212071840657486,0.9626229953354751,0.11755621174505719,0.12212071840657486,0.9626229953354751,0.11755621174505719,0.029352922984814324,0.9596414747224549,0.02816828230056186,0.029352922984814324,0.9596414747224549,0.02816828230056186,0.029352922984814324,0.9596414747224549,0.02816828230056186,0.1589318145862393,0.9425130640850538,0.14979531154627404,0.1589318145862393,0.9425130640850538,0.14979531154627404,0.1589318145862393,0.9425130640850538,0.14979531154627404,0.14093781275149633,0.8864095433153673,0.12492862223692061,0.14093781275149633,0.8864095433153673,0.12492862223692061,0.14093781275149633,0.8864095433153673,0.12492862223692061
474.248496993988,0.11876231701290595,0.9627772419262428,0.1143416560184557,0.11876231701290595,0.9627772419262428,0.1143416560184557,0.11876231701290595,0.9627772419262428,0.1143416560184557,0.11876231701290595,0.9627772419262428,0.1143416560184557,0.11876231701290595,0.9627772419262428,0.1143416560184557,0.11876231701290595,0.9627772419262428,0.1143416560184557,0.02694406737073888,0.9594905361994391,0.02585257764894406,0.02694406737073888,0.9594905361994391,0.02585257764894406,0.02694406737073888,0.9594905361994391,0.02585257764894406,0.15941168693538504,0.9422867747772838,0.15021152434415005,0.15941168693538504,0.9422867747772838,0.15021152434415005,0.15941168693538504,0.9422867747772838,0.15021152434415005,0.1411025785442624,0.8859114974021509,0.1250043966454521,0.1411025785442624,0.8859114974021509,0.1250043966454521,0.1411025785442624,0.8859114974021509,0.1250043966454521
476.2324649298597,0.11553323425600426,0.9629271999465419,0.11125009376290207,0.11553323425600426,0.9629271999465419,0.11125009376290207,0.11553323425600426,0.9629271999465419,0.11125009376290207,0.11553323425600426,0.9629271999465419,0.11125009376290207,0.11553323425600426,0.9629271999465419,0.11125009376290207,0.11553323425600426,0.9629271999465419,0.11125009376290207,0.02451409442578812,0.9593215334393878,0.023516898655425007,0.02451409442578812,0.9593215334393878,0.023516898655425007,0.02451409442578812,0.9593215334393878,0.023516898655425007,0.1598324547123651,0.9420305648811211,0.1505670575990255,0.1598324547123651,0.9420305648811211,0.1505670575990255,0.1598324547123651,0.9420305648811211,0.1505670575990255,0.14118894703770535,0.8853593104991422,0.1250029487994027,0.14118894703770535,0.8853593104991422,0.1250029487994027,0.14118894703770535,0.8853593104991422,0.1250029487994027
478.2164328657315,0.11242366017908757,0.9630728602285578,0.10827217596603728,0.11242366017908757,0.9630728602285578,0.10827217596603728,0.11242366017908757,0.9630728602285578,0.10827217596603728,0.11242366017908757,0.9630728602285578,0.10827217596603728,0.11242366017908757,0.9630728602285578,0.10827217596603728,0.11242366017908757,0.9630728602285578,0.10827217596603728,0.022057497680552523,0.9591345647506083,0.021156108437324298,0.022057497680552523,0.9591345647506083,0.021156108437324298,0.022057497680552523,0.9591345647506083,0.021156108437324298,0.16020969440149072,0.9417397309037299,0.15087583449382866,0.16020969440149072,0.9417397309037299,0.15087583449382866,0.16020969440149072,0.9417397309037299,0.15087583449382866,0.14120835908600957,0.884808073841752,0.12494229621324658,0.14120835908600957,0.884808073841752,0.12494229621324658,0.14120835908600957,0.884808073841752,0.12494229621324658
480.2004008016032,0.10942443650466242,0.9632142131294489,0.10539917250497176,0.10942443650466242,0.9632142131294489,0.10539917250497176,0.10942443650466242,0.9632142131294489,0.10539917250497176,0.10942443650466242,0.9632142131294489,0.10539917250497176,0.10942443650466242,0.9632142131294489,0.10539917250497176,0.10942443650466242,0.9632142131294489,0.10539917250497176,0.019567620858130973,0.958930151932752,0.018763981642450023,0.019567620858130973,0.958930151932752,0.018763981642450023,0.019567620858130973,0.958930151932752,0.018763981642450023,0.16056055415506013,0.941409361123497,0.1511532087087498,0.16056055415506013,0.941409361123497,0.1511532087087498,0.16056055415506013,0.941409361123497,0.1511532087087498,0.14114599192969243,0.8843263497550715,0.12481911982574369,0.14114599192969243,0.8843263497550715,0.12481911982574369,0.14114599192969243,0.8843263497550715,0.12481911982574369
482.1843687374749,0.10652701523306222,0.9633512478444425,0.10262293305391443,0.10652701523306222,0.9633512478444425,0.10262293305391443,0.10652701523306222,0.9633512478444425,0.10262293305391443,0.10652701523306222,0.9633512478444425,0.10262293305391443,0.10652701523306222,0.9633512478444425,0.10262293305391443,0.10652701523306222,0.9633512478444425,0.10262293305391443,0.017036626833853506,0.9587093413223675,0.016333173290238666,0.017036626833853506,0.9587093413223675,0.016333173290238666,0.017036626833853506,0.9587093413223675,0.016333173290238666,0.16090303712520687,0.9410350050965703,0.15141539036117269,0.16090303712520687,0.9410350050965703,0.15141539036117269,0.16090303712520687,0.9410350050965703,0.15141539036117269,0.14098841521802766,0.8839386051132815,0.12462510308495552,0.14098841521802766,0.8839386051132815,0.12462510308495552,0.14098841521802766,0.8839386051132815,0.12462510308495552
484.16833667334674,0.10372341935047609,0.9634839517658572,0.09993584996646389,0.10372341935047609,0.9634839517658572,0.09993584996646389,0.10372341935047609,0.9634839517658572,0.09993584996646389,0.10372341935047609,0.9634839517658572,0.09993584996646389,0.10372341935047609,0.9634839517658572,0.09993584996646389,0.10372341935047609,0.9634839517658572,0.09993584996646389,0.014455598170008833,0.9584737879622025,0.01385531193526785,0.014455598170008833,0.9584737879622025,0.01385531193526785,0.014455598170008833,0.9584737879622025,0.01385531193526785,0.16125427077428914,0.9406138896181672,0.15167800685054525,0.16125427077428914,0.9406138896181672,0.15167800685054525,0.16125427077428914,0.9406138896181672,0.15167800685054525,0.14073620078760024,0.8836327762251729,0.12435911981733057,0.14073620078760024,0.8836327762251729,0.12435911981733057,0.14073620078760024,0.8836327762251729,0.12435911981733057
486.15230460921845,0.10100620572906797,0.9636123098784626,0.0973308232146464,0.10100620572906797,0.9636123098784626,0.0973308232146464,0.10100620572906797,0.9636123098784626,0.0973308232146464,0.10100620572906797,0.9636123098784626,0.0973308232146464,0.10100620572906797,0.9636123098784626,0.0973308232146464,0.10100620572906797,0.9636123098784626,0.0973308232146464,0.011814812511228198,0.9582258014557923,0.011321258187621561,0.011814812511228198,0.9582258014557923,0.011321258187621561,0.011814812511228198,0.9582258014557923,0.011321258187621561,0.16162738761548842,0.9401467139526815,0.15195345735145777,0.16162738761548842,0.9401467139526815,0.15195345735145777,0.16162738761548842,0.9401467139526815,0.15195345735145777,0.14039760315430344,0.8833882883774118,0.12402559834277123,0.14039760315430344,0.8833882883774118,0.12402559834277123,0.14039760315430344,0.8833882883774118,0.12402559834277123
488.13627254509015,0.09836843024685694,0.9637363041822513,0.0948012274143155,0.09836843024685694,0.9637363041822513,0.0948012274143155,0.09836843024685694,0.9637363041822513,0.0948012274143155,0.09836843024685694,0.9637363041822513,0.0948012274143155,0.09836843024685694,0.9637363041822513,0.0948012274143155,0.09836843024685694,0.9637363041822513,0.0948012274143155,0.00910421627912312,0.9579683305507655,0.008721550869884678,0.00910421627912312,0.9579683305507655,0.008721550869884678,0.00910421627912312,0.9579683305507655,0.008721550869884678,0.1620272515691834,0.9396396187385934,0.15224722488972964,0.1620272515691834,0.9396396187385934,0.15224722488972964,0.1620272515691834,0.9396396187385934,0.15224722488972964,0.13998241987901464,0.8831878118842228,0.12363076711520547,0.13998241987901464,0.8831878118842228,0.12363076711520547,0.13998241987901464,0.8831878118842228,0.12363076711520547
490.12024048096197,0.09580361511379842,0.9638559131342983,0.09234088092707704,0.09580361511379842,0.9638559131342983,0.09234088092707704,0.09580361511379842,0.9638559131342983,0.09234088092707704,0.09580361511379842,0.9638559131342983,0.09234088092707704,0.09580361511379842,0.9638559131342983,0.09234088092707704,0.09580361511379842,0.9638559131342983,0.09234088092707704,0.006314081633338956,0.9577048687104794,0.006047026721684135,0.006314081633338956,0.9577048687104794,0.006047026721684135,0.006314081633338956,0.9577048687104794,0.006047026721684135,0.1624465979616053,0.9391052447076836,0.15255445213066404,0.1624465979616053,0.9391052447076836,0.15255445213066404,0.1624465979616053,0.9391052447076836,0.15255445213066404,0.139499706424807,0.8830187684244621,0.1231808589628071,0.139499706424807,0.8830187684244621,0.1231808589628071,0.139499706424807,0.8830187684244621,0.1231808589628071
492.10420841683367,0.09330571836013793,0.9639711111018773,0.089944016999781,0.09330571836013793,0.9639711111018773,0.089944016999781,0.09330571836013793,0.9639711111018773,0.089944016999781,0.09330571836013793,0.9639711111018773,0.089944016999781,0.09330571836013793,0.9639711111018773,0.089944016999781,0.09330571836013793,0.9639711111018773,0.089944016999781,0.0034357803781648274,0.9574392764536753,0.0032895510793238673,0.0034357803781648274,0.9574392764536753,0.0032895510793238673,0.0034357803781648274,0.9574392764536753,0.0032895510793238673,0.16286537178487012,0.9385615253244375,0.1528591717649393,0.16286537178487012,0.9385615253244375,0.1528591717649393,0.16286537178487012,0.9385615253244375,0.1528591717649393,0.13895735225282943,0.8828722361751151,0.1226815883164287,0.13895735225282943,0.8828722361751151,0.1226815883164287,0.13895735225282943,0.8828722361751151,0.1226815883164287
494.08817635270543,0.09086910542122073,0.9640818678194335,0.08760525688157149,0.09086910542122073,0.9640818678194335,0.08760525688157149,0.09086910542122073,0.9640818678194335,0.08760525688157149,0.09086910542122073,0.9640818678194335,0.08760525688157149,0.09086910542122073,0.9640818678194335,0.08760525688157149,0.09086910542122073,0.9640818678194335,0.08760525688157149,0.0004625604619908722,0.9571755360587373,0.0004427515581656903,0.0004625604619908722,0.9571755360587373,0.0004427515581656903,0.0004625604619908722,0.9571755360587373,0.0004427515581656903,0.16325516397455206,0.9380279155114009,0.153137901159521,0.16325516397455206,0.9380279155114009,0.153137901159521,0.16325516397455206,0.9380279155114009,0.153137901159521,0.13836222185154506,0.8827417505707652,0.12213810993009347,0.13836222185154506,0.8827417505707652,0.12213810993009347,0.13836222185154506,0.8827417505707652,0.12213810993009347
496.0721442885772,0.08848852273764128,0.9641881478423561,0.08531958484371256,0.08848852273764128,0.9641881478423561,0.08531958484371256,0.08848852273764128,0.9641881478423561,0.08531958484371256,0.08848852273764128,0.9641881478423561,0.08531958484371256,0.08848852273764128,0.9641881478423561,0.08531958484371256,0.08848852273764128,0.9641881478423561,0.08531958484371256,0.0026098123828379428,0.9569174740683691,0.002497375073177636,0.0026098123828379428,0.9569174740683691,0.002497375073177636,0.0026098123828379428,0.9569174740683691,0.002497375073177636,0.16358715661538234,0.9375207594536441,0.15336635530691548,0.16358715661538234,0.9375207594536441,0.15336635530691548,0.16358715661538234,0.9375207594536441,0.15336635530691548,0.13772040058353432,0.882622443277398,0.12155511645218106,0.13772040058353432,0.882622443277398,0.12155511645218106,0.13772040058353432,0.882622443277398,0.12155511645218106
498.0561122244489,0.08615907327930325,0.9642899099907724,0.08308232501738769,0.08615907327930325,0.9642899099907724,0.08308232501738769,0.08615907327930325,0.9642899099907724,0.08308232501738769,0.08615907327930325,0.9642899099907724,0.08308232501738769,0.08615907327930325,0.9642899099907724,0.08308232501738769,0.08615907327930325,0.9642899099907724,0.08308232501738769,0.0057826676723972134,0.9566684985727035,0.005532095999897153,0.0057826676723972134,0.9566684985727035,0.005532095999897153,0.0057826676723972134,0.9566684985727035,0.005532095999897153,0.16383922559673944,0.9370502941241607,0.15352559453449943,0.16383922559673944,0.9370502941241607,0.15352559453449943,0.16383922559673944,0.9370502941241607,0.15352559453449943,0.13703742046489228,0.882510478625113,0.12093695952402295,0.13703742046489228,0.882510478625113,0.12093695952402295,0.13703742046489228,0.882510478625113,0.12093695952402295
500.04008016032066,0.08387619389536177,0.9643871067768064,0.08088911995819836,0.08387619389536177,0.9643871067768064,0.08088911995819836,0.08387619389536177,0.9643871067768064,0.08088911995819836,0.08387619389536177,0.9643871067768064,0.08088911995819836,0.08387619389536177,0.9643871067768064,0.08088911995819836,0.08387619389536177,0.9643871067768064,0.08088911995819836,0.00905436089597906,0.9564313957168334,0.00865987502906517,0.00905436089597906,0.9564313957168334,0.00865987502906517,0.00905436089597906,0.9564313957168334,0.00865987502906517,0.1639990194579625,0.9366203502156565,0.1536048190397411,0.1639990194579625,0.9366203502156565,0.1536048190397411,0.1639990194579625,0.9366203502156565,0.1536048190397411,0.13631844554491315,0.8824026887873929,0.12028776288014917,0.13631844554491315,0.8824026887873929,0.12028776288014917,0.13631844554491315,0.8824026887873929,0.12028776288014917
502.02404809619236,0.08163563438806143,0.9644796838089298,0.07873591084213888,0.08163563438806143,0.9644796838089298,0.07873591084213888,0.08163563438806143,0.9644796838089298,0.07873591084213888,0.08163563438806143,0.9644796838089298,0.07873591084213888,0.08163563438806143,0.9644796838089298,0.07873591084213888,0.08163563438806143,0.9644796838089298,0.07873591084213888,0.012420509838294024,0.9562082138755713,0.01187659352789909,0.012420509838294024,0.9562082138755713,0.01187659352789909,0.012420509838294024,0.9562082138755713,0.01187659352789909,0.1640631590899321,0.9362299207425446,0.15360083843153863,0.1640631590899321,0.9362299207425446,0.15360083843153863,0.1640631590899321,0.9362299207425446,0.15360083843153863,0.13556842409447273,0.8822963319960958,0.11961152331304442,0.13556842409447273,0.8822963319960958,0.11961152331304442,0.13556842409447273,0.8822963319960958,0.11961152331304442
504.0080160320642,0.07943343820627881,0.9645675791671899,0.07661891919555693,0.07943343820627881,0.9645675791671899,0.07661891919555693,0.07943343820627881,0.9645675791671899,0.07661891919555693,0.07943343820627881,0.9645675791671899,0.07661891919555693,0.07943343820627881,0.9645675791671899,0.07661891919555693,0.07943343820627881,0.9645675791671899,0.07661891919555693,0.015874459972231587,0.956000241315692,0.01517598756420969,0.015874459972231587,0.956000241315692,0.01517598756420969,0.015874459972231587,0.956000241315692,0.01517598756420969,0.1640345795175252,0.935875199619323,0.1535158948504356,0.1640345795175252,0.935875199619323,0.1535158948504356,0.1640345795175252,0.935875199619323,0.1535158948504356,0.13479221967413502,0.8821889243532177,0.1189122032855078,0.13479221967413502,0.8821889243532177,0.1189122032855078,0.13479221967413502,0.8821889243532177,0.1189122032855078
505.9919839679359,0.07726592465336697,0.9646507227432664,0.07453463006029722,0.07726592465336697,0.9646507227432664,0.07453463006029722,0.07726592465336697,0.9646507227432664,0.07453463006029722,0.07726592465336697,0.9646507227432664,0.07453463006029722,0.07726592465336697,0.9646507227432664,0.07453463006029722,0.07726592465336697,0.9646507227432664,0.07453463006029722,0.019407869699036785,0.9558080628733027,0.018550198341533815,0.019407869699036785,0.9558080628733027,0.018550198341533815,0.019407869699036785,0.9558080628733027,0.018550198341533815,0.16391978004228383,0.9355512218931236,0.15335535051101068,0.16391978004228383,0.9355512218931236,0.15335535051101068,0.16391978004228383,0.9355512218931236,0.15335535051101068,0.13399473213382246,0.8820781132254167,0.11819382050274724,0.13399473213382246,0.8820781132254167,0.11819382050274724,0.13399473213382246,0.8820781132254167,0.11819382050274724
507.9759519038076,0.07512967250301225,0.9647290355395187,0.0724797764942309,0.07512967250301225,0.9647290355395187,0.0724797764942309,0.07512967250301225,0.9647290355395187,0.0724797764942309,0.07512967250301225,0.9647290355395187,0.0724797764942309,0.07512967250301225,0.9647290355395187,0.0724797764942309,0.07512967250301225,0.9647290355395187,0.0724797764942309,0.02301130907414263,0.9556316693875523,0.02199033570531585,0.02301130907414263,0.9556316693875523,0.02199033570531585,0.02301130907414263,0.9556316693875523,0.02199033570531585,0.16372676469673333,0.935252887041509,0.15312592936858566,0.16372676469673333,0.935252887041509,0.15312592936858566,0.16372676469673333,0.935252887041509,0.15312592936858566,0.13318101731417326,0.8819615695888777,0.11746053906985174,0.13318101731417326,0.8819615695888777,0.11746053906985174,0.13318101731417326,0.8819615695888777,0.11746053906985174
509.9599198396794,0.07302150491564217,0.9648024289214753,0.07045132530611302,0.07302150491564217,0.9648024289214753,0.07045132530611302,0.07302150491564217,0.9648024289214753,0.07045132530611302,0.07302150491564217,0.9648024289214753,0.07045132530611302,0.07302150491564217,0.9648024289214753,0.07045132530611302,0.07302150491564217,0.9648024289214753,0.07045132530611302,0.026674793176182595,0.9554705915526354,0.025486980415591384,0.026674793176182595,0.9554705915526354,0.025486980415591384,0.026674793176182595,0.9554705915526354,0.025486980415591384,0.16346375594096396,0.9349754792600251,0.15283460355254655,0.16346375594096396,0.9349754792600251,0.15283460355254655,0.16346375594096396,0.9349754792600251,0.15283460355254655,0.13235641126545025,0.8818368800309294,0.11671676476241521,0.13235641126545025,0.8818368800309294,0.11671676476241521,0.13235641126545025,0.8818368800309294,0.11671676476241521
511.9438877755511,0.07093847554586735,0.9648708038186545,0.068446463921611,0.07093847554586735,0.9648708038186545,0.068446463921611,0.07093847554586735,0.9648708038186545,0.068446463921611,0.07093847554586735,0.9648708038186545,0.068446463921611,0.07093847554586735,0.9648708038186545,0.068446463921611,0.07093847554586735,0.9648708038186545,0.068446463921611,0.030388207324547004,0.955324034793072,0.02903058483141463,0.030388207324547004,0.955324034793072,0.02903058483141463,0.030388207324547004,0.955324034793072,0.02903058483141463,0.163138494357458,0.9347148693778251,0.15248797644382642,0.163138494357458,0.9347148693778251,0.15248797644382642,0.163138494357458,0.9347148693778251,0.15248797644382642,0.13152665976259048,0.8817014176720323,0.11596724237434307,0.13152665976259048,0.8817014176720323,0.11596724237434307,0.13152665976259048,0.8817014176720323,0.11596724237434307
513.9278557114228,0.06887785572791073,0.9649340498692817,0.066462588273845,0.06887785572791073,0.9649340498692817,0.066462588273845,0.06887785572791073,0.9649340498692817,0.066462588273845,0.06887785572791073,0.9649340498692817,0.066462588273845,0.06887785572791073,0.9649340498692817,0.066462588273845,0.06887785572791073,0.9649340498692817,0.066462588273845,0.03414161311115589,0.9551909997429406,0.032611761560481685,0.03414161311115589,0.9551909997429406,0.032611761560481685,0.03414161311115589,0.9551909997429406,0.032611761560481685,0.16275790934148052,0.934467545697966,0.15209198408526534,0.16275790934148052,0.934467545697966,0.15209198408526534,0.16275790934148052,0.934467545697966,0.15209198408526534,0.1306980427633262,0.8815521660939767,0.1152171427022534,0.1306980427633262,0.8815521660939767,0.1152171427022534,0.1306980427633262,0.8815521660939767,0.1152171427022534
515.9118236472946,0.06683712262032886,0.9649920445054635,0.0644972916062535,0.06683712262032886,0.9649920445054635,0.0644972916062535,0.06683712262032886,0.9649920445054635,0.0644972916062535,0.06683712262032886,0.9649920445054635,0.0644972916062535,0.06683712262032886,0.9649920445054635,0.0644972916062535,0.06683712262032886,0.9649920445054635,0.0644972916062535,0.03792544560082649,0.9550703806910291,0.03622146976785827,0.03792544560082649,0.9550703806910291,0.03622146976785827,0.03792544560082649,0.9550703806910291,0.03622146976785827,0.16232799870748837,0.9342305662635477,0.1516517781529253,0.16232799870748837,0.9342305662635477,0.1516517781529253,0.16232799870748837,0.9342305662635477,0.1516517781529253,0.1298774565261308,0.8813854646287317,0.11447210236508171,0.1298774565261308,0.8813854646287317,0.11447210236508171,0.1298774565261308,0.8813854646287317,0.11447210236508171
517.8957915831663,0.06481394818285281,0.965044651976876,0.06254835406736846,0.06481394818285281,0.965044651976876,0.06254835406736846,0.06481394818285281,0.965044651976876,0.06254835406736846,0.06481394818285281,0.965044651976876,0.06254835406736846,0.06481394818285281,0.965044651976876,0.06254835406736846,0.06481394818285281,0.965044651976876,0.06254835406736846,0.04173062271417726,0.9549610402468549,0.03985111887727975,0.04173062271417726,0.9549610402468549,0.03985111887727975,0.04173062271417726,0.9549610402468549,0.03985111887727975,0.1618538140446368,0.9340014832110898,0.1511717023810627,0.1618538140446368,0.9340014832110898,0.1511717023810627,0.1618538140446368,0.9340014832110898,0.1511717023810627,0.12907235066790917,0.8811966493346103,0.11373812293030341,0.12907235066790917,0.8811966493346103,0.11373812293030341,0.12907235066790917,0.8811966493346103,0.11373812293030341
519.8797595190381,0.06280618884605443,0.9650917223131782,0.060613732965365395,0.06280618884605443,0.9650917223131782,0.060613732965365395,0.06280618884605443,0.9650917223131782,0.060613732965365395,0.06280618884605443,0.9650917223131782,0.060613732965365395,0.06280618884605443,0.9650917223131782,0.060613732965365395,0.06280618884605443,0.9650917223131782,0.060613732965365395,0.04554859038800535,0.9548618621104232,0.04349261183439571,0.04554859038800535,0.9548618621104232,0.04349261183439571,0.04554859038800535,0.9548618621104232,0.04349261183439571,0.16133949212899243,0.9337782640843207,0.1506553108884565,0.16133949212899243,0.9337782640843207,0.1506553108884565,0.16133949212899243,0.9337782640843207,0.1506553108884565,0.12829026505565633,0.8809796222304606,0.11302110924457777,0.12829026505565633,0.8809796222304606,0.11302110924457777,0.12829026505565633,0.8809796222304606,0.11302110924457777
521.8637274549098,0.06081187571783149,0.9651330902284568,0.05869155353413956,0.06081187571783149,0.9651330902284568,0.05869155353413956,0.06081187571783149,0.9651330902284568,0.05869155353413956,0.06081187571783149,0.9651330902284568,0.05869155353413956,0.06081187571783149,0.9651330902284568,0.05869155353413956,0.06081187571783149,0.9651330902284568,0.05869155353413956,0.04937132491892441,0.9547717855584792,0.0471383480482293,0.04937132491892441,0.9547717855584792,0.0471383480482293,0.04937132491892441,0.9547717855584792,0.0471383480482293,0.16078830015412035,0.9335592208161352,0.15010540020823146,0.16078830015412035,0.9335592208161352,0.15010540020823146,0.16078830015412035,0.9335592208161352,0.15010540020823146,0.12753739623837165,0.8807266042721293,0.1123255779067301,0.12753739623837165,0.8807266042721293,0.1123255779067301,0.12753739623837165,0.8807266042721293,0.1123255779067301
523.8476953907816,0.05882920514830035,0.965168573975363,0.05678010004108913,0.05882920514830035,0.965168573975363,0.05678010004108913,0.05882920514830035,0.965168573975363,0.05678010004108913,0.05882920514830035,0.965168573975363,0.05678010004108913,0.05882920514830035,0.965168573975363,0.05678010004108913,0.05882920514830035,0.965168573975363,0.05678010004108913,0.0531913096351823,0.9546898257005406,0.05078120212439568,0.0531913096351823,0.9546898257005406,0.05078120212439568,0.0531913096351823,0.9546898257005406,0.05078120212439568,0.16020267856091636,0.9333429499196576,0.14952404059307636,0.16020267856091636,0.9333429499196576,0.14952404059307636,0.16020267856091636,0.9333429499196576,0.14952404059307636,0.12681516751023134,0.8804289386004766,0.11165174332947461,0.12681516751023134,0.8804289386004766,0.11165174332947461,0.12681516751023134,0.8804289386004766,0.11165174332947461
525.8316633266533,0.056856529445281995,0.9651979741626534,0.054877807038505436,0.056856529445281995,0.9651979741626534,0.054877807038505436,0.056856529445281995,0.9651979741626534,0.054877807038505436,0.056856529445281995,0.9651979741626534,0.054877807038505436,0.056856529445281995,0.9651979741626534,0.054877807038505436,0.056856529445281995,0.9651979741626534,0.054877807038505436,0.057001498439082275,0.9546150832702006,0.05441449017895074,0.057001498439082275,0.9546150832702006,0.05441449017895074,0.057001498439082275,0.9546150832702006,0.05441449017895074,0.15958427422874474,0.9331282840847512,0.14891259997797898,0.15958427422874474,0.9331282840847512,0.14891259997797898,0.15958427422874474,0.9331282840847512,0.14891259997797898,0.1261139577259518,0.880080847283383,0.1109904787697164,0.1261139577259518,0.880080847283383,0.1109904787697164,0.1261139577259518,0.880080847283383,0.1109904787697164
527.815631262525,0.054892347494694814,0.9652210725581879,0.052983250524066085,0.054892347494694814,0.9652210725581879,0.052983250524066085,0.054892347494694814,0.9652210725581879,0.052983250524066085,0.054892347494694814,0.9652210725581879,0.052983250524066085,0.054892347494694814,0.9652210725581879,0.052983250524066085,0.054892347494694814,0.9652210725581879,0.052983250524066085,0.06079527470608671,0.9545467471071832,0.058031931710182685,0.06079527470608671,0.9545467471071832,0.058031931710182685,0.06079527470608671,0.9545467471071832,0.058031931710182685,0.1589339618113814,0.932914253984281,0.14827175841603107,0.1589339618113814,0.932914253984281,0.14827175841603107,0.1589339618113814,0.932914253984281,0.14827175841603107,0.12540671838201584,0.8796876776849263,0.11031874485956307,0.12540671838201584,0.8796876776849263,0.11031874485956307,0.12540671838201584,0.8796876776849263,0.11031874485956307
529.7995991983969,0.052935294992178465,0.9652376309107568,0.05109513872981239,0.052935294992178465,0.9652376309107568,0.05109513872981239,0.052935294992178465,0.9652376309107568,0.05109513872981239,0.052935294992178465,0.9652376309107568,0.05109513872981239,0.052935294992178465,0.9652376309107568,0.05109513872981239,0.052935294992178465,0.9652376309107568,0.05109513872981239,0.06456641083735652,0.9544840918017882,0.06162761200899537,0.06456641083735652,0.9544840918017882,0.06162761200899537,0.06456641083735652,0.9544840918017882,0.06162761200899537,0.1582518539792944,0.9327000586419836,0.1476015134866905,0.1582518539792944,0.9327000586419836,0.1476015134866905,0.1582518539792944,0.9327000586419836,0.1476015134866905,0.12465311453712624,0.8792733550233878,0.10960416223317362,0.12465311453712624,0.8792733550233878,0.10960416223317362,0.12465311453712624,0.8792733550233878,0.10960416223317362
531.7835671342685,0.050984133932397396,0.9652473898393695,0.04921230220146742,0.050984133932397396,0.9652473898393695,0.04921230220146742,0.050984133932397396,0.9652473898393695,0.04921230220146742,0.050984133932397396,0.9652473898393695,0.04921230220146742,0.050984133932397396,0.9652473898393695,0.04921230220146742,0.050984133932397396,0.9652473898393695,0.04921230220146742,0.06830903144660681,0.9544264723442414,0.0651959479128368,0.06830903144660681,0.9544264723442414,0.0651959479128368,0.06830903144660681,0.9544264723442414,0.0651959479128368,0.15753730338831456,0.9324850426828815,0.14690117907419856,0.15753730338831456,0.9324850426828815,0.14690117907419856,0.15753730338831456,0.9324850426828815,0.14690117907419856,0.12382062183831423,0.878873366476715,0.10882264675427948,0.12382062183831423,0.878873366476715,0.10882264675427948,0.12382062183831423,0.878873366476715,0.10882264675427948
533.7675350701403,0.049037740929033916,0.9652500678589577,0.047333682759399975,0.049037740929033916,0.9652500678589577,0.047333682759399975,0.049037740929033916,0.9652500678589577,0.047333682759399975,0.049037740929033916,0.9652500678589577,0.047333682759399975,0.049037740929033916,0.9652500678589577,0.047333682759399975,0.049037740929033916,0.9652500678589577,0.047333682759399975,0.07201758158675693,0.954373317098707,0.06873165822837997,0.07201758158675693,0.954373317098707,0.06873165822837997,0.07201758158675693,0.954373317098707,0.06873165822837997,0.15678890097103207,0.9322686789280823,0.14616938157884998,0.15678890097103207,0.9322686789280823,0.14616938157884998,0.15678890097103207,0.9322686789280823,0.14616938157884998,0.12290153407339167,0.8785148687619002,0.1079708250771219,0.12290153407339167,0.8785148687619002,0.1079708250771219,0.12290153407339167,0.8785148687619002,0.1079708250771219
535.7515030060121,0.047095093850087644,0.965245360638212,0.045458320847618285,0.047095093850087644,0.965245360638212,0.045458320847618285,0.047095093850087644,0.965245360638212,0.045458320847618285,0.047095093850087644,0.965245360638212,0.045458320847618285,0.047095093850087644,0.965245360638212,0.045458320847618285,0.047095093850087644,0.965245360638212,0.045458320847618285,0.07568680041593837,0.9543241200141012,0.07222973920362329,0.07568680041593837,0.9543241200141012,0.07222973920362329,0.07568680041593837,0.9543241200141012,0.07222973920362329,0.15600447695305428,0.9320505549977591,0.14540405932622935,0.15600447695305428,0.9320505549977591,0.14540405932622935,0.15600447695305428,0.9320505549977591,0.14540405932622935,0.12190588965511617,0.8782064629361445,0.1070585401651035,0.12190588965511617,0.8782064629361445,0.1070585401651035,0.12190588965511617,0.8782064629361445,0.1070585401651035
537.7354709418838,0.04515525614923469,0.965232940620096,0.04358534067737947,0.04515525614923469,0.965232940620096,0.04358534067737947,0.04515525614923469,0.965232940620096,0.04358534067737947,0.04515525614923469,0.965232940620096,0.04358534067737947,0.04515525614923469,0.965232940620096,0.04358534067737947,0.04515525614923469,0.965232940620096,0.04358534067737947,0.07931170010627016,0.9542784326797408,0.07568544487057711,0.07931170010627016,0.9542784326797408,0.07568544487057711,0.07931170010627016,0.9542784326797408,0.07568544487057711,0.1551811129214806,0.9318303628070522,0.1446024727544254,0.1551811129214806,0.9318303628070522,0.1446024727544254,0.1551811129214806,0.9318303628070522,0.1446024727544254,0.12084490470944069,0.8779429570899153,0.1060949329898554,0.12084490470944069,0.8779429570899153,0.1060949329898554,0.12084490470944069,0.8779429570899153,0.1060949329898554
539.7194388777555,0.043217358155748176,0.9652124571802135,0.041713932458347036,0.043217358155748176,0.9652124571802135,0.041713932458347036,0.043217358155748176,0.9652124571802135,0.041713932458347036,0.043217358155748176,0.9652124571802135,0.041713932458347036,0.043217358155748176,0.9652124571802135,0.041713932458347036,0.043217358155748176,0.9652124571802135,0.041713932458347036,0.08288754948198619,0.9542358566143867,0.07909427178261046,0.08288754948198619,0.9542358566143867,0.07909427178261046,0.08288754948198619,0.9542358566143867,0.07909427178261046,0.15431517518886062,0.9316078900670312,0.14376123476301872,0.15431517518886062,0.9316078900670312,0.14376123476301872,0.15431517518886062,0.9316078900670312,0.14376123476301872,0.11972143301223735,0.8777127920863844,0.10508103324175389,0.11972143301223735,0.8777127920863844,0.10508103324175389,0.11972143301223735,0.8777127920863844,0.10508103324175389
541.7034068136272,0.04128057445687999,0.9651835375543839,0.03984333088656857,0.04128057445687999,0.9651835375543839,0.03984333088656857,0.04128057445687999,0.9651835375543839,0.03984333088656857,0.04128057445687999,0.9651835375543839,0.03984333088656857,0.04128057445687999,0.9651835375543839,0.03984333088656857,0.04128057445687999,0.9651835375543839,0.03984333088656857,0.08640986173837609,0.9541960360230927,0.08245194754406196,0.08640986173837609,0.9541960360230927,0.08245194754406196,0.08640986173837609,0.9541960360230927,0.08245194754406196,0.15340238124977051,0.9313830131313211,0.14287637206993092,0.15340238124977051,0.9313830131313211,0.14287637206993092,0.15340238124977051,0.9313830131313211,0.14287637206993092,0.11852802486049965,0.8775017269095177,0.10400854650226268,0.11852802486049965,0.8775017269095177,0.10400854650226268,0.11852802486049965,0.8775017269095177,0.10400854650226268
543.687374749499,0.0393440963764772,0.965145788835879,0.03797278893330994,0.0393440963764772,0.965145788835879,0.03797278893330994,0.0393440963764772,0.965145788835879,0.03797278893330994,0.0393440963764772,0.965145788835879,0.03797278893330994,0.0393440963764772,0.965145788835879,0.03797278893330994,0.0393440963764772,0.965145788835879,0.03797278893330994,0.08987438556900544,0.9541586511504576,0.08575442250749839,0.08987438556900544,0.9541586511504576,0.08575442250749839,0.08987438556900544,0.9541586511504576,0.08575442250749839,0.1524379117215842,0.9311556907461914,0.1419434289850187,0.1524379117215842,0.9311556907461914,0.1419434289850187,0.1524379117215842,0.9311556907461914,0.1419434289850187,0.11725099052402589,0.8772936642929302,0.10286355111879832,0.11725099052402589,0.8772936642929302,0.10286355111879832,0.11725099052402589,0.8772936642929302,0.10286355111879832
545.6713426853707,0.03740709843844402,0.965098801425138,0.03610154586773447,0.03740709843844402,0.965098801425138,0.03610154586773447,0.03740709843844402,0.965098801425138,0.03610154586773447,0.03740709843844402,0.965098801425138,0.03610154586773447,0.03740709843844402,0.965098801425138,0.03610154586773447,0.03740709843844402,0.965098801425138,0.03610154586773447,0.09327709906820342,0.9541234122879275,0.08899786405127331,0.09327709906820342,0.9541234122879275,0.08899786405127331,0.09327709906820342,0.9541234122879275,0.08899786405127331,0.1514165789768665,0.9309259584414419,0.14095762390796374,0.1514165789768665,0.9309259584414419,0.14095762390796374,0.1514165789768665,0.9309259584414419,0.14095762390796374,0.1158872180225787,0.8770721802294459,0.10164145497178824,0.1158872180225787,0.8770721802294459,0.10164145497178824,0.1158872180225787,0.8770721802294459,0.10164145497178824
547.6553106212426,0.03546869763129088,0.9650421544087654,0.034228788376174026,0.03546869763129088,0.9650421544087654,0.034228788376174026,0.03546869763129088,0.9650421544087654,0.034228788376174026,0.03546869763129088,0.9650421544087654,0.034228788376174026,0.03546869763129088,0.9650421544087654,0.034228788376174026,0.03546869763129088,0.9650421544087654,0.034228788376174026,0.09661420584686754,0.9540900544463061,0.09217865291672449,0.09661420584686754,0.9540900544463061,0.09217865291672449,0.09661420584686754,0.9540900544463061,0.09217865291672449,0.15033305978645767,0.9306939234008997,0.13991406522952032,0.15033305978645767,0.9306939234008997,0.13991406522952032,0.15033305978645767,0.9306939234008997,0.13991406522952032,0.11448609950719797,0.8768292482214675,0.10038476056270451,0.11448609950719797,0.8768292482214675,0.10038476056270451,0.11448609950719797,0.8768292482214675,0.10038476056270451
549.6392785571143,0.033527904304504884,0.9649754234448685,0.03235360365345863,0.033527904304504884,0.9649754234448685,0.03235360365345863,0.033527904304504884,0.9649754234448685,0.03235360365345863,0.033527904304504884,0.9649754234448685,0.03235360365345863,0.033527904304504884,0.9649754234448685,0.03235360365345863,0.033527904304504884,0.9649754234448685,0.03235360365345863,0.09988213288202187,0.9540583326750492,0.0952933811614495,0.09988213288202187,0.9540583326750492,0.0952933811614495,0.09988213288202187,0.9540583326750492,0.0952933811614495,0.1491821919290626,0.9304597596306508,0.1388080264434892,0.1491821919290626,0.9304597596306508,0.1388080264434892,0.1491821919290626,0.9304597596306508,0.1388080264434892,0.11318059227652788,0.8765815719540657,0.099212021492451,0.11318059227652788,0.8765815719540657,0.099212021492451,0.11318059227652788,0.8765815719540657,0.099212021492451
551.6232464929859,0.031583563694506135,0.9648981918270164,0.030474923500282372,0.031583563694506135,0.9648981918270164,0.030474923500282372,0.031583563694506135,0.9648981918270164,0.030474923500282372,0.031583563694506135,0.9648981918270164,0.030474923500282372,0.031583563694506135,0.9648981918270164,0.030474923500282372,0.031583563694506135,0.9648981918270164,0.030474923500282372,0.10307752970201707,0.9540280179917962,0.09833885136110584,0.10307752970201707,0.9540280179917962,0.09833885136110584,0.10307752970201707,0.9540280179917962,0.09833885136110584,0.1479593236964586,0.9302237030727168,0.1376352699930545,0.1479593236964586,0.9302237030727168,0.1376352699930545,0.1479593236964586,0.9302237030727168,0.1376352699930545,0.11209571415418433,0.8763636079982319,0.09823660449729944,0.11209571415418433,0.8763636079982319,0.09823660449729944,0.11209571415418433,0.8763636079982319,0.09823660449729944
553.6072144288577,0.029634287489562948,0.9648100654688209,0.028591458852927087,0.029634287489562948,0.9648100654688209,0.028591458852927087,0.029634287489562948,0.9648100654688209,0.028591458852927087,0.029634287489562948,0.9648100654688209,0.028591458852927087,0.029634287489562948,0.9648100654688209,0.028591458852927087,0.029634287489562948,0.9648100654688209,0.028591458852927087,0.10619726858284195,0.9539988938750881,0.10131207676058686,0.10619726858284195,0.9539988938750881,0.10131207676058686,0.10619726858284195,0.9539988938750881,0.10131207676058686,0.146660691449206,0.9299860460074005,0.13639239654555846,0.146660691449206,0.9299860460074005,0.13639239654555846,0.146660691449206,0.9299860460074005,0.13639239654555846,0.11123875037778312,0.8761931103351688,0.09746662668330723,0.11123875037778312,0.8761931103351688,0.09746662668330723,0.11123875037778312,0.8761931103351688,0.09746662668330723
555.5911823647294,0.027678375619153366,0.9647106925621961,0.026701624912550046,0.027678375619153366,0.9647106925621961,0.026701624912550046,0.027678375619153366,0.9647106925621961,0.026701624912550046,0.027678375619153366,0.9647106925621961,0.026701624912550046,0.027678375619153366,0.9647106925621961,0.026701624912550046,0.027678375619153366,0.9647106925621961,0.026701624912550046,0.10923844549343385,0.9539707532677376,0.10421028213316778,0.10923844549343385,0.9539707532677376,0.10421028213316778,0.10923844549343385,0.9539707532677376,0.10421028213316778,0.1452837862779962,0.9297471297282068,0.13507718328801321,0.1452837862779962,0.9297471297282068,0.13507718328801321,0.1452837862779962,0.9297471297282068,0.13507718328801321,0.11054977575558447,0.8760658654388946,0.09684888497139184,0.11054977575558447,0.8760658654388946,0.09684888497139184,0.11054977575558447,0.8760658654388946,0.09684888497139184
557.5751503006012,0.025713729734699427,0.9645997885654747,0.024803458265320828,0.025713729734699427,0.9645997885654747,0.024803458265320828,0.025713729734699427,0.9645997885654747,0.024803458265320828,0.025713729734699427,0.9645997885654747,0.024803458265320828,0.025713729734699427,0.9645997885654747,0.024803458265320828,0.025713729734699427,0.9645997885654747,0.024803458265320828,0.11219838157812875,0.9539433960359929,0.10703090515238232,0.11219838157812875,0.9539433960359929,0.10703090515238232,0.11219838157812875,0.9539433960359929,0.10703090515238232,0.14382766026223956,0.9295073341995996,0.13368886507452,0.14382766026223956,0.9295073341995996,0.13368886507452,0.14382766026223956,0.9295073341995996,0.13368886507452,0.1099735878389162,0.8759710313941715,0.09633367716537294,0.1099735878389162,0.8759710313941715,0.09633367716537294,0.1099735878389162,0.8759710313941715,0.09633367716537294
559.559118236473,0.02373776177415092,0.96447716690653,0.022894529224635203,0.02373776177415092,0.96447716690653,0.022894529224635203,0.02373776177415092,0.96447716690653,0.022894529224635203,0.02373776177415092,0.96447716690653,0.022894529224635203,0.02373776177415092,0.96447716690653,0.022894529224635203,0.02373776177415092,0.96447716690653,0.022894529224635203,0.11507462500298875,0.9539166268293031,0.10977159811649802,0.11507462500298875,0.9539166268293031,0.10977159811649802,0.11507462500298875,0.9539166268293031,0.10977159811649802,0.14229312022609883,0.9292670633820121,0.13222830997197046,0.14229312022609883,0.9292670633820121,0.13222830997197046,0.14229312022609883,0.9292670633820121,0.13222830997197046,0.10947599941061036,0.8758991291934227,0.09588993255133327,0.10947599941061036,0.8758991291934227,0.09588993255133327,0.10947599941061036,0.8758991291934227,0.09588993255133327
561.5430861723447,0.021747303660025634,0.9643427752624237,0.020971855165983783,0.021747303660025634,0.9643427752624237,0.020971855165983783,0.021747303660025634,0.9643427752624237,0.020971855165983783,0.021747303660025634,0.9643427752624237,0.020971855165983783,0.021747303660025634,0.9643427752624237,0.020971855165983783,0.021747303660025634,0.9643427752624237,0.020971855165983783,0.11786495302105751,0.9538902532862968,0.11243022989083402,0.11786495302105751,0.9538902532862968,0.11243022989083402,0.11786495302105751,0.9538902532862968,0.11243022989083402,0.1406827656044831,0.929026725240927,0.13069804902736984,0.1406827656044831,0.929026725240927,0.13069804902736984,0.1406827656044831,0.929026725240927,0.13069804902736984,0.10903844136943561,0.8758433238943073,0.09550059092126102,0.10903844136943561,0.8758433238943073,0.09550059092126102,0.10903844136943561,0.8758433238943073,0.09550059092126102
563.5270541082165,0.019738527520489393,0.9641967364260343,0.019031823817111337,0.019738527520489393,0.9641967364260343,0.019031823817111337,0.019738527520489393,0.9641967364260343,0.019031823817111337,0.019738527520489393,0.9641967364260343,0.019031823817111337,0.019738527520489393,0.9641967364260343,0.019031823817111337,0.019738527520489393,0.9641967364260343,0.019031823817111337,0.1205673741315372,0.9538640845339761,0.11500488795064412,0.1205673741315372,0.9538640845339761,0.11500488795064412,0.1205673741315372,0.9538640845339761,0.11500488795064412,0.1390008473525252,0.9287867061285964,0.12910213916163568,0.1390008473525252,0.9287867061285964,0.12910213916163568,0.1390008473525252,0.9287867061285964,0.12910213916163568,0.1086514829298777,0.8757988607621934,0.09515684497010979,0.1086514829298777,0.8757988607621934,0.09515684497010979,0.1086514829298777,0.8757988607621934,0.09515684497010979
565.5110220440881,0.01770688954024098,0.9640393915526686,0.017070139018664228,0.01770688954024098,0.9640393915526686,0.017070139018664228,0.01770688954024098,0.9640393915526686,0.017070139018664228,0.01770688954024098,0.9640393915526686,0.017070139018664228,0.01770688954024098,0.9640393915526686,0.017070139018664228,0.01770688954024098,0.9640393915526686,0.017070139018664228,0.12318013022151215,0.9538379299287739,0.11749388041884395,0.12318013022151215,0.9538379299287739,0.11749388041884395,0.12318013022151215,0.9538379299287739,0.11749388041884395,0.13725295295436923,0.9285473400556498,0.1274458643805628,0.13725295295436923,0.9285473400556498,0.1274458643805628,0.13725295295436923,0.9285473400556498,0.1274458643805628,0.10831072782863561,0.8757623762054506,0.09485446037174775,0.10831072782863561,0.8757623762054506,0.09485446037174775,0.10831072782863561,0.8757623762054506,0.09485446037174775
567.4949899799599,0.01564711394630899,0.9638713420441619,0.01508180471854677,0.01564711394630899,0.9638713420441619,0.01508180471854677,0.01564711394630899,0.9638713420441619,0.01508180471854677,0.01564711394630899,0.9638713420441619,0.01508180471854677,0.01564711394630899,0.9638713420441619,0.01508180471854677,0.01564711394630899,0.9638713420441619,0.01508180471854677,0.12570169858833294,0.9538115979897146,0.11989573800055929,0.12570169858833294,0.9538115979897146,0.11989573800055929,0.12570169858833294,0.9538115979897146,0.11989573800055929,0.13544555132083785,0.9283088740541847,0.12573530724229529,0.13544555132083785,0.9283088740541847,0.12573530724229529,0.13544555132083785,0.9283088740541847,0.12573530724229529,0.10801450854041295,0.8757313962374796,0.094591696378001,0.10801450854041295,0.8757313962374796,0.094591696378001,0.10801450854041295,0.8757313962374796,0.094591696378001
569.4789579158316,0.013553235544710798,0.9636934846732232,0.01306116479067934,0.013553235544710798,0.9636934846732232,0.01306116479067934,0.013553235544710798,0.9636934846732232,0.01306116479067934,0.013553235544710798,0.9636934846732232,0.01306116479067934,0.013553235544710798,0.9636934846732232,0.01306116479067934,0.013553235544710798,0.9636934846732232,0.01306116479067934,0.12813079374808453,0.9537848954753314,0.12220921572218806,0.12813079374808453,0.9537848954753314,0.12220921572218806,0.12813079374808453,0.9537848954753314,0.12220921572218806,0.1335854527369086,0.9280714310679736,0.12397684229140593,0.1335854527369086,0.9280714310679736,0.12397684229140593,0.1335854527369086,0.9280714310679736,0.12397684229140593,0.10776260836554151,0.8757040057508952,0.09436814781586964,0.10776260836554151,0.8757040057508952,0.09436814781586964,0.10776260836554151,0.8757040057508952,0.09436814781586964
571.4629258517034,0.011418718087558653,0.9635070331753125,0.011002015187208915,0.011418718087558653,0.9635070331753125,0.011002015187208915,0.011418718087558653,0.9635070331753125,0.011002015187208915,0.011418718087558653,0.9635070331753125,0.011002015187208915,0.011418718087558653,0.9635070331753125,0.011002015187208915,0.011418718087558653,0.9635070331753125,0.011002015187208915,0.13046636894255403,0.9537576265570683,0.12443329438816915,0.13046636894255403,0.9537576265570683,0.12443329438816915,0.13046636894255403,0.9537576265570683,0.12443329438816915,0.13167924754287658,0.9278349714020387,0.12217661087818688,0.13167924754287658,0.9278349714020387,0.12217661087818688,0.13167924754287658,0.9278349714020387,0.12217661087818688,0.10755554330958593,0.8756786322832505,0.09418409105982012,0.10755554330958593,0.8756786322832505,0.09418409105982012,0.10755554330958593,0.8756786322832505,0.09418409105982012
573.4468937875752,0.009236659991969756,0.9633135190254674,0.00889779944090613,0.009236659991969756,0.9633135190254674,0.00889779944090613,0.009236659991969756,0.9633135190254674,0.00889779944090613,0.009236659991969756,0.9633135190254674,0.00889779944090613,0.009236659991969756,0.9633135190254674,0.00889779944090613,0.009236659991969756,0.9633135190254674,0.00889779944090613,0.13270761726532915,0.953729592042519,0.1265671816753971,0.13270761726532915,0.953729592042519,0.1265671816753971,0.13270761726532915,0.953729592042519,0.1265671816753971,0.12973278209238465,0.9275992527158377,0.1203400317216426,0.12973278209238465,0.9275992527158377,0.1203400317216426,0.12973278209238465,0.9275992527158377,0.1203400317216426,0.10739415387393678,0.8756539013060314,0.09404010981717298,0.10739415387393678,0.8756539013060314,0.09404010981717298,0.10739415387393678,0.8756539013060314,0.09404010981717298
575.4308617234469,0.007000087690509569,0.9631147651183624,0.006741887811853063,0.007000087690509569,0.9631147651183624,0.006741887811853063,0.007000087690509569,0.9631147651183624,0.006741887811853063,0.007000087690509569,0.9631147651183624,0.006741887811853063,0.007000087690509569,0.9631147651183624,0.006741887811853063,0.007000087690509569,0.9631147651183624,0.006741887811853063,0.1348539723384143,0.9537005886019345,0.12861031279445473,0.1348539723384143,0.9537005886019345,0.12861031279445473,0.1348539723384143,0.9537005886019345,0.12861031279445473,0.12775071558497592,0.9273637869895026,0.11847138739550214,0.12775071558497592,0.9273637869895026,0.11847138739550214,0.12775071558497592,0.9273637869895026,0.11847138739550214,0.10727937403508851,0.8756285353958778,0.09393688116453111,0.10727937403508851,0.8756285353958778,0.09393688116453111,0.10727937403508851,0.8756285353958778,0.09393688116453111
577.4148296593187,0.00470232093937288,0.9629128290168868,0.0045279251586768845,0.00470232093937288,0.9629128290168868,0.0045279251586768845,0.00470232093937288,0.9629128290168868,0.0045279251586768845,0.00470232093937288,0.9629128290168868,0.0045279251586768845,0.00470232093937288,0.9629128290168868,0.0045279251586768845,0.00470232093937288,0.9629128290168868,0.0045279251586768845,0.13690510848508616,0.9536704079508389,0.13056235065952598,0.13690510848508616,0.9536704079508389,0.13056235065952598,0.13690510848508616,0.9536704079508389,0.13056235065952598,0.12573618330970482,0.9271277910130657,0.11657350988234054,0.12573618330970482,0.9271277910130657,0.11657350988234054,0.12573618330970482,0.9271277910130657,0.11657350988234054,0.10721210355845563,0.8756012797289323,0.09387505507821457,0.10721210355845563,0.8756012797289323,0.09387505507821457,0.10721210355845563,0.8756012797289323,0.09387505507821457
579.3987975951903,0.0023373767910389825,0.9627099172123078,0.0022502158169951086,0.0023373767910389825,0.9627099172123078,0.0022502158169951086,0.0023373767910389825,0.9627099172123078,0.0022502158169951086,0.0023373767910389825,0.9627099172123078,0.0022502158169951086,0.0023373767910389825,0.9627099172123078,0.0022502158169951086,0.0023373767910389825,0.9627099172123078,0.0022502158169951086,0.13886094036339752,0.9536388359402069,0.13242318552571292,0.13886094036339752,0.9536388359402069,0.13242318552571292,0.13886094036339752,0.9536388359402069,0.13242318552571292,0.12369057790173822,0.9268901248734254,0.11464757519700829,0.12369057790173822,0.9268901248734254,0.11464757519700829,0.12369057790173822,0.9268901248734254,0.11464757519700829,0.10719313994936393,0.875570842025727,0.09385518780484617,0.10719313994936393,0.875570842025727,0.09385518780484617,0.10719313994936393,0.875570842025727,0.09385518780484617
581.3827655310621,9.963531314816266e-05,0.9625082775513624,9.589981364152865e-05,9.963531314816266e-05,0.9625082775513624,9.589981364152865e-05,9.963531314816266e-05,0.9625082775513624,9.589981364152865e-05,9.963531314816266e-05,0.9625082775513624,9.589981364152865e-05,9.963531314816266e-05,0.9625082775513624,9.589981364152865e-05,9.963531314816266e-05,0.9625082775513624,9.589981364152865e-05,0.14072162204839214,0.9536056515033042,0.13419293407405872,0.14072162204839214,0.9536056515033042,0.13419293407405872,0.14072162204839214,0.9536056515033042,0.13419293407405872,0.1216134569802588,0.9266492106987905,0.11269301392110813,0.1216134569802588,0.9266492106987905,0.11269301392110813,0.1216134569802588,0.9266492106987905,0.11269301392110813,0.10722314375982943,0.8755358377775672,0.09387770500090678,0.10722314375982943,0.8755358377775672,0.09387770500090678,0.10722314375982943,0.8755358377775672,0.09387770500090678
583.3667334669339,0.0026121803274658548,0.9623100820619295,0.0025137274652842247,0.0026121803274658548,0.9623100820619295,0.0025137274652842247,0.0026121803274658548,0.9623100820619295,0.0025137274652842247,0.0026121803274658548,0.9623100820619295,0.0025137274652842247,0.0026121803274658548,0.9623100820619295,0.0025137274652842247,0.0026121803274658548,0.9623100820619295,0.0025137274652842247,0.14248754558012436,0.9535706254047975,0.13587193795123378,0.14248754558012436,0.9535706254047975,0.13587193795123378,0.14248754558012436,0.9535706254047975,0.13587193795123378,0.11950259958454085,0.9264029216765514,0.11070755740306168,0.11950259958454085,0.9264029216765514,0.11070755740306168,0.11950259958454085,0.9264029216765514,0.11070755740306168,0.10730262459284766,0.875494732046872,0.09394288256584125,0.10730262459284766,0.875494732046872,0.09394288256584125,0.10730262459284766,0.875494732046872,0.09394288256584125
585.3507014028056,0.00520207255415077,0.9621173151413537,0.005005004078970063,0.00520207255415077,0.9621173151413537,0.005005004078970063,0.00520207255415077,0.9621173151413537,0.005005004078970063,0.00520207255415077,0.9621173151413537,0.005005004078970063,0.00520207255415077,0.9621173151413537,0.005005004078970063,0.00520207255415077,0.9621173151413537,0.005005004078970063,0.14415933902937697,0.953533518732833,0.13746076180288125,0.14415933902937697,0.953533518732833,0.13746076180288125,0.14415933902937697,0.953533518732833,0.13746076180288125,0.11735427448974181,0.9261484296644205,0.10868747703308174,0.11735427448974181,0.9261484296644205,0.10868747703308174,0.11735427448974181,0.9261484296644205,0.10868747703308174,0.10743195215584783,0.8754457673594825,0.09405084779400343,0.10743195215584783,0.8754457673594825,0.09405084779400343,0.10743195215584783,0.8754457673594825,0.09405084779400343
587.3346693386774,0.007869386936754196,0.961931681384171,0.007569812607534594,0.007869386936754196,0.961931681384171,0.007569812607534594,0.007869386936754196,0.961931681384171,0.007569812607534594,0.007869386936754196,0.961931681384171,0.007569812607534594,0.007869386936754196,0.961931681384171,0.007569812607534594,0.007869386936754196,0.961931681384171,0.007569812607534594,0.1457378641739183,0.9534940810682079,0.1389601908773535,0.1457378641739183,0.9534940810682079,0.1389601908773535,0.1457378641739183,0.9534940810682079,0.1389601908773535,0.11516386750294202,0.9258820006477061,0.1066281520459513,0.11516386750294202,0.9258820006477061,0.1066281520459513,0.11516386750294202,0.9258820006477061,0.1066281520459513,0.10761142733845769,0.8753868625517099,0.09420162975252379,0.10761142733845769,0.8753868625517099,0.09420162975252379,0.10761142733845769,0.8753868625517099,0.09420162975252379
589.3186372745491,0.010612510376256481,0.9617545433405447,0.010206630070613345,0.010612510376256481,0.9617545433405447,0.010206630070613345,0.010612510376256481,0.9617545433405447,0.010206630070613345,0.010612510376256481,0.9617545433405447,0.010206630070613345,0.010612510376256481,0.9617545433405447,0.010206630070613345,0.010612510376256481,0.9617545433405447,0.010206630070613345,0.14722421392572782,0.9534520482561478,0.14037122832038648,0.14722421392572782,0.9534520482561478,0.14037122832038648,0.14722421392572782,0.9534520482561478,0.14037122832038648,0.11292717178339219,0.9255987369662161,0.10452524757187473,0.11292717178339219,0.9255987369662161,0.10452524757187473,0.11292717178339219,0.9255987369662161,0.10452524757187473,0.10784151256786025,0.8753154589560247,0.0943953430678485,0.10784151256786025,0.8753154589560247,0.0943953430678485,0.10784151256786025,0.8753154589560247,0.0943953430678485
591.302605210421,0.013428313162980014,0.9615868935143862,0.012912489939528293,0.013428313162980014,0.9615868935143862,0.012912489939528293,0.013428313162980014,0.9615868935143862,0.012912489939528293,0.013428313162980014,0.9615868935143862,0.012912489939528293,0.013428313162980014,0.9615868935143862,0.012912489939528293,0.013428313162980014,0.9615868935143862,0.012912489939528293,0.14861970970459454,0.953407139695182,0.14169509233178576,0.14861970970459454,0.953407139695182,0.14169509233178576,0.14861970970459454,0.953407139695182,0.14169509233178576,0.11064291690630569,0.9252922994973889,0.10237703900733412,0.11064291690630569,0.9252922994973889,0.10237703900733412,0.11064291690630569,0.9252922994973889,0.10237703900733412,0.10812345997068314,0.8752282787731569,0.09463270976513934,0.10812345997068314,0.8752282787731569,0.09463270976513934,0.10812345997068314,0.8752282787731569,0.09463270976513934
593.2865731462927,0.01631240428948014,0.9614293588013395,0.01568322439654311,0.01631240428948014,0.9614293588013395,0.01568322439654311,0.01631240428948014,0.9614293588013395,0.01568322439654311,0.01631240428948014,0.9614293588013395,0.01568322439654311,0.01631240428948014,0.9614293588013395,0.01568322439654311,0.01631240428948014,0.9614293588013395,0.01568322439654311,0.14992589901687103,0.953359055043749,0.1429332134133087,0.14992589901687103,0.953359055043749,0.1429332134133087,0.14992589901687103,0.953359055043749,0.1429332134133087,0.10831751615894214,0.924954738248843,0.10018879980655915,0.10831751615894214,0.924954738248843,0.10018879980655915,0.10831751615894214,0.924954738248843,0.10018879980655915,0.10846086658265383,0.875120957561875,0.0949163774218028,0.10846086658265383,0.875120957561875,0.0949163774218028,0.10846086658265383,0.875120957561875,0.0949163774218028
595.2705410821643,0.019259428366160226,0.9612822309496413,0.018513746266637307,0.019259428366160226,0.9612822309496413,0.018513746266637307,0.019259428366160226,0.9612822309496413,0.018513746266637307,0.019259428366160226,0.9612822309496413,0.018513746266637307,0.019259428366160226,0.9612822309496413,0.018513746266637307,0.019259428366160226,0.9612822309496413,0.018513746266637307,0.15114455357146378,0.9533074702280689,0.14408723200396298,0.15114455357146378,0.9533074702280689,0.14408723200396298,0.15114455357146378,0.9533074702280689,0.14408723200396298,0.10597336639380266,0.924576783106272,0.09798051419532437,0.10597336639380266,0.924576783106272,0.09798051419532437,0.10597336639380266,0.924576783106272,0.09798051419532437,0.10886320855139858,0.8749875766425443,0.09525395503592016,0.10886320855139858,0.8749875766425443,0.09525395503592016,0.10886320855139858,0.8749875766425443,0.09525395503592016
597.2545090180361,0.02226336530484806,0.9611455143060746,0.021398333696112208,0.02226336530484806,0.9611455143060746,0.021398333696112208,0.02226336530484806,0.9611455143060746,0.021398333696112208,0.02226336530484806,0.9611455143060746,0.021398333696112208,0.02226336530484806,0.9611455143060746,0.021398333696112208,0.02226336530484806,0.9611455143060746,0.021398333696112208,0.15227766835027384,0.9532520326141669,0.14515899687664455,0.15227766835027384,0.9532520326141669,0.14515899687664455,0.15227766835027384,0.9532520326141669,0.14515899687664455,0.10366142394686963,0.9241493543228136,0.09579863800868302,0.10366142394686963,0.9241493543228136,0.09579863800868302,0.10366142394686963,0.9241493543228136,0.09579863800868302,0.10935288120954542,0.874820465686439,0.09566413846388837,0.10935288120954542,0.874820465686439,0.09566413846388837,0.10935288120954542,0.874820465686439,0.09566413846388837
599.2384769539078,0.025317803513306106,0.9610189820012556,0.024330889758865246,0.025317803513306106,0.9610189820012556,0.024330889758865246,0.025317803513306106,0.9610189820012556,0.024330889758865246,0.025317803513306106,0.9610189820012556,0.024330889758865246,0.025317803513306106,0.9610189820012556,0.024330889758865246,0.025317803513306106,0.9610189820012556,0.024330889758865246,0.1533274621496826,0.9531923551826605,0.1461505647606362,0.1533274621496826,0.9531923551826605,0.1461505647606362,0.1533274621496826,0.9531923551826605,0.1461505647606362,0.10147466272369632,0.923667416351612,0.09372883954314781,0.10147466272369632,0.923667416351612,0.09372883954314781,0.10147466272369632,0.923667416351612,0.09372883954314781,0.10997528283258617,0.8746117858959735,0.096185678522623,0.10997528283258617,0.8746117858959735,0.096185678522623,0.10997528283258617,0.8746117858959735,0.096185678522623
601.2224448897796,0.028416169062659757,0.9609022331675771,0.027305160310377177,0.028416169062659757,0.9609022331675771,0.027305160310377177,0.028416169062659757,0.9609022331675771,0.027305160310377177,0.028416169062659757,0.9609022331675771,0.027305160310377177,0.028416169062659757,0.9609022331675771,0.027305160310377177,0.028416169062659757,0.9609022331675771,0.027305160310377177,0.15429638022594244,0.9531280095175775,0.14706420176051982,0.15429638022594244,0.9531280095175775,0.14706420176051982,0.15429638022594244,0.9531280095175775,0.14706420176051982,0.09954860600288712,0.9231364157605126,0.09189694333946066,0.09954860600288712,0.9231364157605126,0.09189694333946066,0.09954860600288712,0.9231364157605126,0.09189694333946066,0.11079916127837443,0.8743601530376247,0.09687837161179992,0.11079916127837443,0.8743601530376247,0.09687837161179992,0.11079916127837443,0.8743601530376247,0.09687837161179992
603.2064128256513,0.03155190400157061,0.9607947459392969,0.03031490358909012,0.03155190400157061,0.9607947459392969,0.03031490358909012,0.03155190400157061,0.9607947459392969,0.03031490358909012,0.03155190400157061,0.9607947459392969,0.03031490358909012,0.03155190400157061,0.9607947459392969,0.03031490358909012,0.03155190400157061,0.9607947459392969,0.03031490358909012,0.15518709981276577,0.953058517391587,0.14790238726585478,0.15518709981276577,0.953058517391587,0.14790238726585478,0.15518709981276577,0.953058517391587,0.14790238726585478,0.09802683508514377,0.9225775459291525,0.09043735694805369,0.09802683508514377,0.9225775459291525,0.09043735694805369,0.09802683508514377,0.9225775459291525,0.09043735694805369,0.11187489813855941,0.8740814933176977,0.09778777802971733,0.11187489813855941,0.8740814933176977,0.09778777802971733,0.11187489813855941,0.8740814933176977,0.09778777802971733
605.190380761523,0.03471859499259684,0.9606959231736282,0.03335401266770413,0.03471859499259684,0.9606959231736282,0.03335401266770413,0.03471859499259684,0.9606959231736282,0.03335401266770413,0.03471859499259684,0.9606959231736282,0.03335401266770413,0.03471859499259684,0.9606959231736282,0.03335401266770413,0.03471859499259684,0.9606959231736282,0.03335401266770413,0.15600253943480716,0.9529833407033282,0.14866782118878524,0.15600253943480716,0.9529833407033282,0.14866782118878524,0.15600253943480716,0.9529833407033282,0.14866782118878524,0.0969937833740176,0.9220239873150665,0.0894305948912855,0.0969937833740176,0.9220239873150665,0.0894305948912855,0.0969937833740176,0.9220239873150665,0.0894305948912855,0.11316590998268759,0.8738068323990313,0.09888514533752617,0.11316590998268759,0.8738068323990313,0.09888514533752617,0.11316590998268759,0.8738068323990313,0.09888514533752617
607.1743486973947,0.03791005834273031,0.9606051296440445,0.036416596509131746,0.03791005834273031,0.9606051296440445,0.036416596509131746,0.03791005834273031,0.9606051296440445,0.036416596509131746,0.03791005834273031,0.9606051296440445,0.036416596509131746,0.03791005834273031,0.9606051296440445,0.036416596509131746,0.03791005834273031,0.9606051296440445,0.036416596509131746,0.1567458731129164,0.9529018695052733,0.1493634355265344,0.1567458731129164,0.9529018695052733,0.1493634355265344,0.1567458731129164,0.9529018695052733,0.1493634355265344,0.09643082989650406,0.921506968439345,0.08886168172201761,0.09643082989650406,0.921506968439345,0.08886168172201761,0.09643082989650406,0.921506968439345,0.08886168172201761,0.11456398645325468,0.873559944900816,0.10007850969372299,0.11456398645325468,0.873559944900816,0.10007850969372299,0.11456398645325468,0.873559944900816,0.10007850969372299
609.1583166332665,0.0411203897240591,0.9605217207393687,0.0394970274952267,0.0411203897240591,0.9605217207393687,0.0394970274952267,0.0411203897240591,0.9605217207393687,0.0394970274952267,0.0411203897240591,0.9605217207393687,0.0394970274952267,0.0411203897240591,0.9605217207393687,0.0394970274952267,0.0411203897240591,0.9605217207393687,0.0394970274952267,0.15742055073426633,0.9528134078666067,0.14999241141335437,0.15742055073426633,0.9528134078666067,0.14999241141335437,0.15742055073426633,0.9528134078666067,0.14999241141335437,0.09624114329264377,0.9210438673261128,0.0886423148141432,0.09624114329264377,0.9210438673261128,0.0886423148141432,0.09624114329264377,0.9210438673261128,0.0886423148141432,0.11597195932126324,0.8733462658777591,0.10128367761975263,0.11597195932126324,0.8733462658777591,0.10128367761975263,0.11597195932126324,0.8733462658777591,0.10128367761975263
611.1422845691384,0.04434398720177659,0.9604450634753868,0.04258996360276206,0.04434398720177659,0.9604450634753868,0.04258996360276206,0.04434398720177659,0.9604450634753868,0.04258996360276206,0.04434398720177659,0.9604450634753868,0.04258996360276206,0.04434398720177659,0.9604450634753868,0.04258996360276206,0.04434398720177659,0.9604450634753868,0.04258996360276206,0.1580303260139208,0.9527171573699229,0.1505582029782248,0.1580303260139208,0.9527171573699229,0.1505582029782248,0.1580303260139208,0.9527171573699229,0.1505582029782248,0.09630855267675098,0.9206374811651149,0.08866526335098181,0.09630855267675098,0.9206374811651149,0.08866526335098181,0.09630855267675098,0.9206374811651149,0.08866526335098181,0.11733658749343326,0.8731603353214457,0.10245365408124033,0.11733658749343326,0.8731603353214457,0.10245365408124033,0.11733658749343326,0.8731603353214457,0.10245365408124033
613.12625250501,0.04757555537589967,0.9603745509955683,0.04569035263249444,0.04757555537589967,0.9603745509955683,0.04569035263249444,0.04757555537589967,0.9603745509955683,0.04569035263249444,0.04757555537589967,0.9603745509955683,0.04569035263249444,0.04757555537589967,0.9603745509955683,0.04569035263249444,0.04757555537589967,0.9603745509955683,0.04569035263249444,0.1585792935429388,0.9526121981869363,0.15106456940887036,0.1585792935429388,0.9526121981869363,0.15106456940887036,0.1585792935429388,0.9526121981869363,0.15106456940887036,0.0965369351515865,0.9202820322612826,0.08884120686957767,0.0965369351515865,0.9202820322612826,0.08884120686957767,0.0965369351515865,0.9202820322612826,0.08884120686957767,0.11863663685183914,0.8729934324923936,0.10356900482464065,0.11863663685183914,0.8729934324923936,0.10356900482464065,0.11863663685183914,0.8729934324923936,0.10356900482464065
615.1102204408818,0.05081009710758175,0.9603096118301767,0.048793424630435414,0.05081009710758175,0.9603096118301767,0.048793424630435414,0.05081009710758175,0.9603096118301767,0.048793424630435414,0.05081009710758175,0.9603096118301767,0.048793424630435414,0.05081009710758175,0.9603096118301767,0.048793424630435414,0.05081009710758175,0.9603096118301767,0.048793424630435414,0.15907193628159752,0.9524974679918113,0.1515156165367764,0.15907193628159752,0.9524974679918113,0.1515156165367764,0.15907193628159752,0.9524974679918113,0.1515156165367764,0.09686022793486275,0.9199688331317913,0.08910839087011502,0.09686022793486275,0.9199688331317913,0.08910839087011502,0.09686022793486275,0.9199688331317913,0.08910839087011502,0.11986756408367383,0.8728364029100892,0.10462477346038847,0.11986756408367383,0.8728364029100892,0.10462477346038847,0.11986756408367383,0.8728364029100892,0.10462477346038847
617.0941883767536,0.054042897846365893,0.9602497151099,0.05189467726068628,0.054042897846365893,0.9602497151099,0.05189467726068628,0.054042897846365893,0.9602497151099,0.05189467726068628,0.054042897846365893,0.9602497151099,0.05189467726068628,0.054042897846365893,0.9602497151099,0.05189467726068628,0.054042897846365893,0.9602497151099,0.05189467726068628,0.15951318429093525,0.9523717395754231,0.15191584880837306,0.15951318429093525,0.9523717395754231,0.15191584880837306,0.15951318429093525,0.9523717395754231,0.15191584880837306,0.0972376103351738,0.9196893435272242,0.08942839401531202,0.0972376103351738,0.9196893435272242,0.08942839401531202,0.0972376103351738,0.9196893435272242,0.08942839401531202,0.12103340024495648,0.8726813268717462,0.10562358832156775,0.12103340024495648,0.8726813268717462,0.10562358832156775,0.12103340024495648,0.8726813268717462,0.10562358832156775
619.0781563126252,0.05726950623154354,0.9601943727742296,0.05498985761508678,0.05726950623154354,0.9601943727742296,0.05498985761508678,0.05726950623154354,0.9601943727742296,0.05498985761508678,0.05726950623154354,0.9601943727742296,0.05498985761508678,0.05726950623154354,0.9601943727742296,0.05498985761508678,0.05726950623154354,0.9601943727742296,0.05498985761508678,0.1599084841030434,0.95223359911871,0.15227023134705803,0.1599084841030434,0.95223359911871,0.15227023134705803,0.1599084841030434,0.95223359911871,0.15227023134705803,0.09764564727842029,0.9194362789170848,0.08977895058612091,0.09764564727842029,0.9194362789170848,0.08977895058612091,0.09764564727842029,0.9194362789170848,0.08977895058612091,0.12214278310684376,0.8725257864337932,0.10657272788751108,0.12214278310684376,0.8725257864337932,0.10657272788751108,0.12214278310684376,0.8725257864337932,0.10657272788751108
621.062124248497,0.060485713513423356,0.9601431396310551,0.05807494287560284,0.060485713513423356,0.9601431396310551,0.05807494287560284,0.060485713513423356,0.9601431396310551,0.05807494287560284,0.060485713513423356,0.9601431396310551,0.05807494287560284,0.060485713513423356,0.9601431396310551,0.05807494287560284,0.060485713513423356,0.9601431396310551,0.05807494287560284,0.16026387523466112,0.952081428969304,0.15258425934557443,0.16026387523466112,0.952081428969304,0.15258425934557443,0.16026387523466112,0.952081428969304,0.15258425934557443,0.0980718550034932,0.9192037739268624,0.09014801923521899,0.0980718550034932,0.9192037739268624,0.09014801923521899,0.0980718550034932,0.9192037739268624,0.09014801923521899,0.12320416295209798,0.8723769869395611,0.10748047645456194,0.12320416295209798,0.8723769869395611,0.10748047645456194,0.12320416295209798,0.8723769869395611,0.10748047645456194
623.0460921843687,0.06368753345447083,0.9600956119445048,0.06114612140520629,0.06368753345447083,0.9600956119445048,0.06114612140520629,0.06368753345447083,0.9600956119445048,0.06114612140520629,0.06368753345447083,0.9600956119445048,0.06114612140520629,0.06368753345447083,0.9600956119445048,0.06114612140520629,0.06368753345447083,0.9600956119445048,0.06114612140520629,0.1605860648756633,0.951913401858294,0.15286402730682935,0.1605860648756633,0.951913401858294,0.15286402730682935,0.1605860648756633,0.951913401858294,0.15286402730682935,0.0985103606691446,0.9189872034170643,0.09052976085894357,0.0985103606691446,0.9189872034170643,0.09052976085894357,0.0985103606691446,0.9189872034170643,0.09052976085894357,0.12422105411389997,0.8722446743600158,0.10835115289423658,0.12422105411389997,0.8722446743600158,0.10835115289423658,0.12422105411389997,0.8722446743600158,0.10835115289423658
625.0300601202405,0.0668711837092175,0.9600514250690307,0.06419977521608722,0.0668711837092175,0.9600514250690307,0.06419977521608722,0.0668711837092175,0.9600514250690307,0.06419977521608722,0.0668711837092175,0.9600514250690307,0.06419977521608722,0.0668711837092175,0.9600514250690307,0.06419977521608722,0.0668711837092175,0.9600514250690307,0.06419977521608722,0.16088248219465906,0.9517274982676563,0.15311628229421365,0.16088248219465906,0.9517274982676563,0.15311628229421365,0.16088248219465906,0.9517274982676563,0.15311628229421365,0.0989592019073757,0.9187829287962025,0.0909220253597934,0.0989592019073757,0.9187829287962025,0.0909220253597934,0.0989592019073757,0.9187829287962025,0.0909220253597934,0.12519349052515247,0.8721310425509344,0.10918512941229175,0.12519349052515247,0.8721310425509344,0.10918512941229175,0.12519349052515247,0.8721310425509344,0.10918512941229175
627.0140280561122,0.07003306921032867,0.9600102505151296,0.06723246431695104,0.07003306921032867,0.9600102505151296,0.06723246431695104,0.07003306921032867,0.9600102505151296,0.06723246431695104,0.07003306921032867,0.9600102505151296,0.06723246431695104,0.07003306921032867,0.9600102505151296,0.06723246431695104,0.07003306921032867,0.9600102505151296,0.06723246431695104,0.16116127820170534,0.9515215654003205,0.15334843171640322,0.16116127820170534,0.9515215654003205,0.15334843171640322,0.16116127820170534,0.9515215654003205,0.15334843171640322,0.09941870816940811,0.9185880654879808,0.0913248388106507,0.09941870816940811,0.9185880654879808,0.0913248388106507,0.09941870816940811,0.9185880654879808,0.0913248388106507,0.12612135693495463,0.8720322912333789,0.10998189586145128,0.12612135693495463,0.8720322912333789,0.10998189586145128,0.12612135693495463,0.8720322912333789,0.10998189586145128
628.997995991984,0.07316976776664272,0.9599717927260314,0.0702409131362914,0.07316976776664272,0.9599717927260314,0.0702409131362914,0.07316976776664272,0.9599717927260314,0.0702409131362914,0.07316976776664272,0.9599717927260314,0.0702409131362914,0.07316976776664272,0.9599717927260314,0.0702409131362914,0.07316976776664272,0.9599717927260314,0.0702409131362914,0.16143121465151775,0.9512934443384181,0.15356845620957682,0.16143121465151775,0.9512934443384181,0.15356845620957682,0.16143121465151775,0.9512934443384181,0.15356845620957682,0.0998905492110135,0.9184002958650938,0.0917395099495215,0.0998905492110135,0.9184002958650938,0.0917395099495215,0.0998905492110135,0.9184002958650938,0.0917395099495215,0.1270048818040614,0.8719434687778942,0.11074107719195975,0.1270048818040614,0.8719434687778942,0.11074107719195975,0.1270048818040614,0.8719434687778942,0.11074107719195975
630.9819639278558,0.07627801787058325,0.959935785762517,0.07322199902100565,0.07627801787058325,0.959935785762517,0.07322199902100565,0.07627801787058325,0.959935785762517,0.07322199902100565,0.07627801787058325,0.959935785762517,0.07322199902100565,0.07627801787058325,0.959935785762517,0.07322199902100565,0.07627801787058325,0.959935785762517,0.07322199902100565,0.1617013585563213,0.9510411986350354,0.15378465386231746,0.1617013585563213,0.9510411986350354,0.15378465386231746,0.1617013585563213,0.9510411986350354,0.15378465386231746,0.10037718446644305,0.9182177264774913,0.09216811011098909,0.10037718446644305,0.9182177264774913,0.09216811011098909,0.10037718446644305,0.9182177264774913,0.09216811011098909,0.12784401422654537,0.8718604405918412,0.11146213857058546,0.12784401422654537,0.8718604405918412,0.11146213857058546,0.12784401422654537,0.8718604405918412,0.11146213857058546
632.9659318637275,0.07935470858618571,0.9599019900308776,0.07617274269020004,0.07935470858618571,0.9599019900308776,0.07617274269020004,0.07935470858618571,0.9599019900308776,0.07617274269020004,0.07935470858618571,0.9599019900308776,0.07617274269020004,0.07935470858618571,0.9599019900308776,0.07617274269020004,0.07935470858618571,0.9599019900308776,0.07617274269020004,0.16198047914758162,0.9507634753708069,0.15400512329658322,0.16198047914758162,0.9507634753708069,0.15400512329658322,0.16198047914758162,0.9507634753708069,0.15400512329658322,0.10088155210989407,0.9180387813853691,0.09261317716323175,0.10088155210989407,0.9180387813853691,0.09261317716323175,0.10088155210989407,0.9180387813853691,0.09261317716323175,0.12863802955600936,0.8717801224291929,0.11214407715538798,0.12863802955600936,0.8717801224291929,0.11214407715538798,0.12863802955600936,0.8717801224291929,0.11214407715538798
634.9498997995992,0.08239687132032474,0.9598701891429838,0.0790903004590302,0.08239687132032474,0.9598701891429838,0.0790903004590302,0.08239687132032474,0.9598701891429838,0.0790903004590302,0.08239687132032474,0.9598701891429838,0.0790903004590302,0.08239687132032474,0.9598701891429838,0.0790903004590302,0.08239687132032474,0.9598701891429838,0.0790903004590302,0.16227605980861162,0.9504600049914816,0.15423690461569098,0.16227605980861162,0.9504600049914816,0.15423690461569098,0.16227605980861162,0.9504600049914816,0.15423690461569098,0.10140690273203164,0.9178621229406732,0.0930775550224609,0.10140690273203164,0.9178621229406732,0.0930775550224609,0.10140690273203164,0.9178621229406732,0.0930775550224609,0.12938546753724553,0.8717002811602726,0.11278534843027026,0.12938546753724553,0.8717002811602726,0.11278534843027026,0.12938546753724553,0.8717002811602726,0.11278534843027026
636.9338677354709,0.08540167325031611,0.9598401869639558,0.08197195801961808,0.08540167325031611,0.9598401869639558,0.08197195801961808,0.08540167325031611,0.9598401869639558,0.08197195801961808,0.08540167325031611,0.9598401869639558,0.08197195801961808,0.08540167325031611,0.9598401869639558,0.08197195801961808,0.08540167325031611,0.9598401869639558,0.08197195801961808,0.16259293424991744,0.9501321828931157,0.1544847795418709,0.16259293424991744,0.9501321828931157,0.1544847795418709,0.16259293424991744,0.9501321828931157,0.1544847795418709,0.10195672237588385,0.9176865927912794,0.09356431716929124,0.10195672237588385,0.9176865927912794,0.09356431716929124,0.10195672237588385,0.9176865927912794,0.09356431716929124,0.13008427034271863,0.8716193196674445,0.11338396321555635,0.13008427034271863,0.8716193196674445,0.11338396321555635,0.13008427034271863,0.8716193196674445,0.11338396321555635
638.9178356713428,0.08836641217668315,0.9598118048789455,0.08481512556197908,0.08836641217668315,0.9598118048789455,0.08481512556197908,0.08836641217668315,0.9598118048789455,0.08481512556197908,0.08836641217668315,0.9598118048789455,0.08481512556197908,0.08836641217668315,0.9598118048789455,0.08481512556197908,0.08836641217668315,0.9598118048789455,0.08481512556197908,0.16293177033368322,0.949783572552352,0.15474991890980497,0.16293177033368322,0.949783572552352,0.15474991890980497,0.16293177033368322,0.949783572552352,0.15474991890980497,0.10253471332839816,0.9175111675530321,0.09407674454065403,0.10253471332839816,0.9175111675530321,0.09407674454065403,0.10253471332839816,0.9175111675530321,0.09407674454065403,0.13073202555826188,0.8715361174376933,0.11393768197981285,0.13073202555826188,0.8715361174376933,0.11393768197981285,0.13073202555826188,0.8715361174376933,0.11393768197981285
640.9018036072144,0.09128851258106757,0.9597848792937015,0.08761733402852148,0.09128851258106757,0.9597848792937015,0.08761733402852148,0.09128851258106757,0.9597848792937015,0.08761733402852148,0.09128851258106757,0.9597848792937015,0.08761733402852148,0.09128851258106757,0.9597848792937015,0.08761733402852148,0.09128851258106757,0.9597848792937015,0.08761733402852148,0.16328791079830715,0.9494200722936408,0.15502882007480634,0.16328791079830715,0.9494200722936408,0.15502882007480634,0.16328791079830715,0.9494200722936408,0.15502882007480634,0.10314481513909327,0.9173349250042685,0.09461834126019926,0.10314481513909327,0.9173349250042685,0.09461834126019926,0.10314481513909327,0.9173349250042685,0.09461834126019926,0.13132625736102796,0.8714499176347141,0.11444425616054309,0.13132625736102796,0.8714499176347141,0.11444425616054309,0.13132625736102796,0.8714499176347141,0.11444425616054309
642.8857715430862,0.09416552268894969,0.9597592593719535,0.09037623231431924,0.09416552268894969,0.9597592593719535,0.09037623231431924,0.09416552268894969,0.9597592593719535,0.09037623231431924,0.09416552268894969,0.9597592593719535,0.09037623231431924,0.09416552268894969,0.9597592593719535,0.09037623231431924,0.09416552268894969,0.9597592593719535,0.09037623231431924,0.1636512374855197,0.9490494988816933,0.15531312492700147,0.1636512374855197,0.9490494988816933,0.15531312492700147,0.1636512374855197,0.9490494988816933,0.15531312492700147,0.10379125676371966,0.9171570177161062,0.09519287951841976,0.10379125676371966,0.9171570177161062,0.09519287951841976,0.10379125676371966,0.9171570177161062,0.09519287951841976,0.13186472418187617,0.8713602420960108,0.11490167798704332,0.13186472418187617,0.8713602420960108,0.11490167798704332,0.13186472418187617,0.8713602420960108,0.11490167798704332
644.869739478958,0.09699511236041472,0.9597348050048035,0.09308958524764162,0.09699511236041472,0.9597348050048035,0.09308958524764162,0.09699511236041472,0.9597348050048035,0.09308958524764162,0.09699511236041472,0.9597348050048035,0.09308958524764162,0.09699511236041472,0.9597348050048035,0.09308958524764162,0.09699511236041472,0.9597348050048035,0.09308958524764162,0.16400748239528729,0.9486805490171779,0.1555907084416863,0.16400748239528729,0.9486805490171779,0.1555907084416863,0.16400748239528729,0.9486805490171779,0.1555907084416863,0.10447863571581822,0.9169766517817584,0.09580446956141703,0.10447863571581822,0.9169766517817584,0.09580446956141703,0.10447863571581822,0.9169766517817584,0.09580446956141703,0.13234568581563025,0.87126682038593,0.11530840487237944,0.13234568581563025,0.87126682038593,0.11530840487237944,0.13234568581563025,0.87126682038593,0.11530840487237944
646.8537074148296,0.09977507165654238,0.959711385002165,0.09575527220819055,0.09977507165654238,0.959711385002165,0.09575527220819055,0.09977507165654238,0.959711385002165,0.09575527220819055,0.09977507165654238,0.959711385002165,0.09575527220819055,0.09977507165654238,0.959711385002165,0.09575527220819055,0.09977507165654238,0.959711385002165,0.09575527220819055,0.16434073901610524,0.9483214328779207,0.15584784510396932,0.16434073901610524,0.9483214328779207,0.15584784510396932,0.16434073901610524,0.9483214328779207,0.15584784510396932,0.10521202276472907,0.9167930688244517,0.09645765322770404,0.10521202276472907,0.9167930688244517,0.09645765322770404,0.10521202276472907,0.9167930688244517,0.09645765322770404,0.13276810736574815,0.8711695246327531,0.11566352898020914,0.13276810736574815,0.8711695246327531,0.11566352898020914,0.13276810736574815,0.8711695246327531,0.11566352898020914
648.8376753507014,0.10250330995218616,0.9596888754930533,0.09837128626232944,0.10250330995218616,0.9596888754930533,0.09837128626232944,0.10250330995218616,0.9596888754930533,0.09837128626232944,0.10250330995218616,0.9596888754930533,0.09837128626232944,0.10250330995218616,0.9596888754930533,0.09837128626232944,0.10250330995218616,0.9596888754930533,0.09837128626232944,0.1646362690336886,0.9479786810419907,0.15607167317023046,0.1646362690336886,0.9479786810419907,0.15607167317023046,0.1646362690336886,0.9479786810419907,0.15607167317023046,0.10599709140318689,0.9166055298269145,0.09715752012573,0.10599709140318689,0.9166055298269145,0.09715752012573,0.10599709140318689,0.9166055298269145,0.09715752012573,0.133131776498485,0.8710683060656286,0.11596687103804319,0.133131776498485,0.8710683060656286,0.11596687103804319,0.133131776498485,0.8710683060656286,0.11596687103804319
650.8216432865732,0.10517785548681474,0.9596671585196125,0.10093573371421793,0.10517785548681474,0.9596671585196125,0.10093573371421793,0.10517785548681474,0.9596671585196125,0.10093573371421793,0.10517785548681474,0.9596671585196125,0.10093573371421793,0.10517785548681474,0.9596671585196125,0.10093573371421793,0.10517785548681474,0.9596671585196125,0.10093573371421793,0.1648826002758507,0.9476565176191716,0.15625207079340653,0.1648826002758507,0.9476565176191716,0.15625207079340653,0.1648826002758507,0.9476565176191716,0.15625207079340653,0.10684026975883579,0.9164132996240077,0.0979098441424138,0.10684026975883579,0.9164132996240077,0.0979098441424138,0.10684026975883579,0.9164132996240077,0.0979098441424138,0.13343732481443868,0.8709631317550918,0.11621899031340494,0.13343732481443868,0.8709631317550918,0.11621899031340494,0.13343732481443868,0.8709631317550918,0.11621899031340494
652.8056112224449,0.10779685526311769,0.9596461208087713,0.10344683398863548,0.10779685526311769,0.9596461208087713,0.10344683398863548,0.10779685526311769,0.9596461208087713,0.10344683398863548,0.10779685526311769,0.9596461208087713,0.10344683398863548,0.10779685526311769,0.9596461208087713,0.10344683398863548,0.10779685526311769,0.9596461208087713,0.10344683398863548,0.16507241520683547,0.9473568680886426,0.15638248627817566,0.16507241520683547,0.9473568680886426,0.15638248627817566,0.16507241520683547,0.9473568680886426,0.15638248627817566,0.10774890794617656,0.9162156312445258,0.09872123370981445,0.10774890794617656,0.9162156312445258,0.09872123370981445,0.10774890794617656,0.9162156312445258,0.09872123370981445,0.13368616105052833,0.8708539211552729,0.11642111755504791,0.13368616105052833,0.8708539211552729,0.11642111755504791,0.13368616105052833,0.8708539211552729,0.11642111755504791
654.7895791583167,0.11035857521811078,0.9596256527050182,0.1059029197752754,0.11035857521811078,0.9596256527050182,0.1059029197752754,0.11035857521811078,0.9596256527050182,0.1059029197752754,0.11035857521811078,0.9596256527050182,0.1059029197752754,0.11035857521811078,0.9596256527050182,0.1059029197752754,0.11035857521811078,0.9596256527050182,0.1059029197752754,0.16520236077474787,0.9470797980938286,0.15645981848717205,0.16520236077474787,0.9470797980938286,0.15645981848717205,0.16520236077474787,0.9470797980938286,0.15645981848717205,0.10873144441322345,0.9160117498349191,0.09959928065903505,0.10873144441322345,0.9160117498349191,0.09959928065903505,0.10873144441322345,0.9160117498349191,0.09959928065903505,0.13388033905899302,0.8707404817758978,0.11657503093254813,0.13388033905899302,0.8707404817758978,0.11657503093254813,0.13388033905899302,0.8707404817758978,0.11657503093254813
656.7735470941885,0.11286140060353222,0.9596056472477996,0.10830243737544575,0.11286140060353222,0.9596056472477996,0.10830243737544575,0.11286140060353222,0.9596056472477996,0.10830243737544575,0.11286140060353222,0.9596056472477996,0.10830243737544575,0.11286140060353222,0.9596056472477996,0.10830243737544575,0.11286140060353222,0.9596056472477996,0.10830243737544575,0.16527224183834416,0.9468241063080695,0.15648374267612133,0.16527224183834416,0.9468241063080695,0.15648374267612133,0.16527224183834416,0.9468241063080695,0.15648374267612133,0.10979753814232297,0.9158008368770698,0.10055267731778138,0.10979753814232297,0.9158008368770698,0.10055267731778138,0.10979753814232297,0.9158008368770698,0.10055267731778138,0.1340223933272279,0.870622441788596,0.1166829033329028,0.1340223933272279,0.870622441788596,0.1166829033329028,0.1340223933272279,0.870622441788596,0.1166829033329028
658.7575150300601,0.11530383652172642,0.9595859993772912,0.11064394720073666,0.11530383652172642,0.9595859993772912,0.11064394720073666,0.11530383652172642,0.9595859993772912,0.11064394720073666,0.11530383652172642,0.9595859993772912,0.11064394720073666,0.11530383652172642,0.9595859993772912,0.11064394720073666,0.11530383652172642,0.9595859993772912,0.11064394720073666,0.1652840461868762,0.9465878711504366,0.1564558734151656,0.1652840461868762,0.9465878711504366,0.1564558734151656,0.1652840461868762,0.9465878711504366,0.1564558734151656,0.11095810637378462,0.9155820171506237,0.1015912468529232,0.11095810637378462,0.9155820171506237,0.1015912468529232,0.11095810637378462,0.9155820171506237,0.1015912468529232,0.13411517763196806,0.8704991746033316,0.1167471514304074,0.13411517763196806,0.8704991746033316,0.1167471514304074,0.13411517763196806,0.8704991746033316,0.1167471514304074
660.7414829659318,0.11768450857027235,0.9595666052526876,0.11292612437960706,0.11768450857027235,0.9595666052526876,0.11292612437960706,0.11768450857027235,0.9595666052526876,0.11292612437960706,0.11768450857027235,0.9595666052526876,0.11292612437960706,0.11768450857027235,0.9595666052526876,0.11292612437960706,0.11768450857027235,0.9595666052526876,0.11292612437960706,0.16524107460199286,0.9463688633204436,0.1563790079449366,0.16524107460199286,0.9463688633204436,0.1563790079449366,0.16524107460199286,0.9463688633204436,0.1563790079449366,0.11222516667178173,0.9153543537941091,0.10272579491828496,0.11222516667178173,0.9153543537941091,0.10272579491828496,0.11222516667178173,0.9153543537941091,0.10272579491828496,0.1341617394801541,0.8703697062989845,0.1167703137879026,0.1341617394801541,0.8703697062989845,0.1167703137879026,0.1341617394801541,0.8703697062989845,0.1167703137879026
662.7254509018037,0.12000216355378776,0.959547361667617,0.11514775943244292,0.12000216355378776,0.959547361667617,0.11514775943244292,0.12000216355378776,0.959547361667617,0.11514775943244292,0.12000216355378776,0.959547361667617,0.11514775943244292,0.12000216355378776,0.959547361667617,0.11514775943244292,0.12000216355378776,0.959547361667617,0.11514775943244292,0.16514727997222875,0.9461648157321721,0.15625654572359327,0.16514727997222875,0.9461648157321721,0.15625654572359327,0.16514727997222875,0.9461648157321721,0.15625654572359327,0.11361132727219915,0.9151168612399371,0.10396764121463815,0.11361132727219915,0.9151168612399371,0.10396764121463815,0.11361132727219915,0.9151168612399371,0.10396764121463815,0.13416525772335341,0.8702325914374498,0.11675497990946716,0.13416525772335341,0.8702325914374498,0.11675497990946716,0.13416525772335341,0.8702325914374498,0.11675497990946716
664.7094188376753,0.12225567022506237,0.9595281655477543,0.1173077589788653,0.12225567022506237,0.9595281655477543,0.1173077589788653,0.12225567022506237,0.9595281655477543,0.1173077589788653,0.12225567022506237,0.9595281655477543,0.1173077589788653,0.12225567022506237,0.9595281655477543,0.1173077589788653,0.12225567022506237,0.9595281655477543,0.1173077589788653,0.16500681667807673,0.9459735786852467,0.1560920888804207,0.16500681667807673,0.9459735786852467,0.1560920888804207,0.16500681667807673,0.9459735786852467,0.1560920888804207,0.1151287097119897,0.914868551617975,0.1053276359038543,0.1151287097119897,0.914868551617975,0.1053276359038543,0.1151287097119897,0.914868551617975,0.1053276359038543,0.13412906706622182,0.8700857395086512,0.11670378850791908,0.13412906706622182,0.8700857395086512,0.11670378850791908,0.13412906706622182,0.8700857395086512,0.11670378850791908
666.6933867735471,0.12444402002035522,0.9595089135161593,0.11940514644331421,0.12444402002035522,0.9595089135161593,0.11940514644331421,0.12444402002035522,0.9595089135161593,0.11940514644331421,0.12444402002035522,0.9595089135161593,0.11940514644331421,0.12444402002035522,0.9595089135161593,0.11940514644331421,0.12444402002035522,0.9595089135161593,0.11940514644331421,0.16482375894434517,0.9457931956069945,0.15588918968392915,0.16482375894434517,0.9457931956069945,0.15588918968392915,0.16482375894434517,0.9457931956069945,0.15588918968392915,0.11678705355971736,0.9146085359156318,0.10681443607015358,0.11678705355971736,0.9146085359156318,0.10681443607015358,0.11678705355971736,0.9146085359156318,0.10681443607015358,0.1340567902812225,0.8699261912724788,0.11661951298355734,0.1340567902812225,0.8699261912724788,0.11661951298355734,0.1340567902812225,0.8699261912724788,0.11661951298355734
668.677354709419,0.1265663277558046,0.9594895015122595,0.12143906272665421,0.1265663277558046,0.9594895015122595,0.12143906272665421,0.1265663277558046,0.9594895015122595,0.12143906272665421,0.1265663277558046,0.9594895015122595,0.12143906272665421,0.1265663277558046,0.9594895015122595,0.12143906272665421,0.1265663277558046,0.9594895015122595,0.12143906272665421,0.16460193945880575,0.9456219293499906,0.15565120356578624,0.16460193945880575,0.9456219293499906,0.15565120356578624,0.16460193945880575,0.9456219293499906,0.15565120356578624,0.11859081398350182,0.9143362022661932,0.10843187448133161,0.11859081398350182,0.9143362022661932,0.10843187448133161,0.11859081398350182,0.9143362022661932,0.10843187448133161,0.1339525703503317,0.8697499561883494,0.11650524219351778,0.1339525703503317,0.8697499561883494,0.11650524219351778,0.1339525703503317,0.8697499561883494,0.11650524219351778
670.6613226452906,0.1286218322537665,0.9594698244507168,0.1234087668130509,0.1286218322537665,0.9594698244507168,0.1234087668130509,0.1286218322537665,0.9594698244507168,0.1234087668130509,0.1286218322537665,0.9594698244507168,0.1234087668130509,0.1286218322537665,0.9594698244507168,0.1234087668130509,0.1286218322537665,0.9594698244507168,0.1234087668130509,0.16434486693675532,0.9454582604846985,0.15538121201361393,0.16434486693675532,0.9454582604846985,0.15538121201361393,0.16434486693675532,0.9454582604846985,0.15538121201361393,0.12053533086960216,0.9140514814510617,0.11017549774855376,0.12053533086960216,0.9140514814510617,0.11017549774855376,0.12053533086960216,0.9140514814510617,0.11017549774855376,0.1338212198921293,0.8695524476033333,0.1163645692984649,0.1338212198921293,0.8695524476033333,0.1163645692984649,0.1338212198921293,0.8695524476033333,0.1163645692984649
672.6452905811623,0.13060989686991034,0.9594497759066425,0.12531363628302516,0.13060989686991034,0.9594497759066425,0.12531363628302516,0.13060989686991034,0.9594497759066425,0.12531363628302516,0.13060989686991034,0.9594497759066425,0.12531363628302516,0.13060989686991034,0.9594497759066425,0.12531363628302516,0.13060989686991034,0.9594497759066425,0.12531363628302516,0.1640556922413476,0.9453008714325981,0.15508198883922403,0.1640556922413476,0.9453008714325981,0.15508198883922403,0.1640556922413476,0.9453008714325981,0.15508198883922403,0.12260272347176146,0.9137551731546667,0.11202887281517311,0.12260272347176146,0.9137551731546667,0.11202887281517311,0.12260272347176146,0.9137551731546667,0.11202887281517311,0.13366752562353787,0.8693309498690004,0.11620131701694912,0.13366752562353787,0.8693309498690004,0.11620131701694912,0.13366752562353787,0.8693309498690004,0.11620131701694912
674.6292585170341,0.13253000989432834,0.9594292478137393,0.12715316770566287,0.13253000989432834,0.9594292478137393,0.12715316770566287,0.13253000989432834,0.9594292478137393,0.12715316770566287,0.13253000989432834,0.9594292478137393,0.12715316770566287,0.13253000989432834,0.9594292478137393,0.12715316770566287,0.13253000989432834,0.9594292478137393,0.12715316770566287,0.16373720246091905,0.9451486247386226,0.15475599172448706,0.16373720246091905,0.9451486247386226,0.15475599172448706,0.16373720246091905,0.9451486247386226,0.15475599172448706,0.12475896597038987,0.9134492438692067,0.11396098313155671,0.12475896597038987,0.9134492438692067,0.11396098313155671,0.12475896597038987,0.9134492438692067,0.11396098313155671,0.13349353217460191,0.8690898022121757,0.11601786747422949,0.13349353217460191,0.8690898022121757,0.11601786747422949,0.13349353217460191,0.8690898022121757,0.11601786747422949
676.6132264529058,0.13438178480300952,0.9594081301619339,0.12892697688567875,0.13438178480300952,0.9594081301619339,0.12892697688567875,0.13438178480300952,0.9594081301619339,0.12892697688567875,0.13438178480300952,0.9594081301619339,0.12892697688567875,0.13438178480300952,0.9594081301619339,0.12892697688567875,0.13438178480300952,0.9594081301619339,0.12892697688567875,0.1633918297193955,0.9450005401298175,0.1544053673376279,0.1633918297193955,0.9450005401298175,0.1544053673376279,0.1633918297193955,0.9450005401298175,0.1544053673376279,0.1269541373480444,0.9131369460382838,0.11592651326491808,0.1269541373480444,0.9131369460382838,0.11592651326491808,0.1269541373480444,0.9131369460382838,0.11592651326491808,0.13329582805363968,0.8688416859502156,0.11581297197625434,0.13329582805363968,0.8688416859502156,0.11581297197625434,0.13329582805363968,0.8688416859502156,0.11581297197625434
678.5971943887776,0.13616496034001027,0.9593863106808891,0.13063479894461202,0.13616496034001027,0.9593863106808891,0.13063479894461202,0.13616496034001027,0.9593863106808891,0.13063479894461202,0.13616496034001027,0.9593863106808891,0.13063479894461202,0.13616496034001027,0.9593863106808891,0.13063479894461202,0.13616496034001027,0.9593863106808891,0.13063479894461202,0.16302166657773648,0.9448557727591657,0.15403196275079425,0.16302166657773648,0.9448557727591657,0.15403196275079425,0.16302166657773648,0.9448557727591657,0.15403196275079425,0.12912728929453732,0.9128226111300122,0.11787030938198002,0.12912728929453732,0.9128226111300122,0.11787030938198002,0.12912728929453732,0.9128226111300122,0.11787030938198002,0.13306814027690292,0.8685984395614096,0.11558277899985664,0.13306814027690292,0.8685984395614096,0.11558277899985664,0.13306814027690292,0.8685984395614096,0.11558277899985664
680.5811623246494,0.13787940041565977,0.9593636744954499,0.13227648821999682,0.13787940041565977,0.9593636744954499,0.13227648821999682,0.13787940041565977,0.9593636744954499,0.13227648821999682,0.13787940041565977,0.9593636744954499,0.13227648821999682,0.13787940041565977,0.9593636744954499,0.13227648821999682,0.13787940041565977,0.9593636744954499,0.13227648821999682,0.1626284832037475,0.9447135937200353,0.15363733880865071,0.1626284832037475,0.9447135937200353,0.15363733880865071,0.1626284832037475,0.9447135937200353,0.15363733880865071,0.13121537276634074,0.9125110879678605,0.11973548256112196,0.13121537276634074,0.9125110879678605,0.11973548256112196,0.13121537276634074,0.9125110879678605,0.11973548256112196,0.13280548012509352,0.8683644028669975,0.11532355144629174,0.13280548012509352,0.8683644028669975,0.11532355144629174,0.13280548012509352,0.8683644028669975,0.11532355144629174
682.5651302605211,0.1395250938123093,0.9593401037385195,0.13385201797202748,0.1395250938123093,0.9593401037385195,0.13385201797202748,0.1395250938123093,0.9593401037385195,0.13385201797202748,0.1395250938123093,0.9593401037385195,0.13385201797202748,0.1395250938123093,0.9593401037385195,0.13385201797202748,0.1395250938123093,0.9593401037385195,0.13385201797202748,0.16221374358130747,0.9445733731863053,0.15322278295177397,0.16221374358130747,0.9445733731863053,0.15322278295177397,0.16221374358130747,0.9445733731863053,0.15322278295177397,0.13316327475781733,0.912206985479184,0.12147246944336487,0.13316327475781733,0.912206985479184,0.12147246944336487,0.13316327475781733,0.912206985479184,0.12147246944336487,0.13250383431185242,0.8681391786238912,0.11503176988400773,0.13250383431185242,0.8681391786238912,0.11503176988400773,0.13250383431185242,0.8681391786238912,0.11503176988400773
684.5490981963928,0.1411021536965855,0.9593154771060811,0.1353614798941355,0.1411021536965855,0.9593154771060811,0.1353614798941355,0.1411021536965855,0.9593154771060811,0.1353614798941355,0.1411021536965855,0.9593154771060811,0.1353614798941355,0.1411021536965855,0.9593154771060811,0.1353614798941355,0.1411021536965855,0.9593154771060811,0.1353614798941355,0.16177861932099882,0.9444345661503634,0.15278932015083233,0.16177861932099882,0.9444345661503634,0.15278932015083233,0.16177861932099882,0.9444345661503634,0.15278932015083233,0.13493123256386233,0.9119139911419228,0.12304567881701069,0.13493123256386233,0.9119139911419228,0.12304567881701069,0.13493123256386233,0.9119139911419228,0.12304567881701069,0.13215808693903472,0.867921282469684,0.114702816304867,0.13215808693903472,0.867921282469684,0.114702816304867,0.13215808693903472,0.867921282469684,0.114702816304867
686.5330661322645,0.14261081694588856,0.9592896693380014,0.1368050834320437,0.14261081694588856,0.9592896693380014,0.1368050834320437,0.14261081694588856,0.9592896693380014,0.1368050834320437,0.14261081694588856,0.9592896693380014,0.1368050834320437,0.14261081694588856,0.9592896693380014,0.1368050834320437,0.14261081694588856,0.9592896693380014,0.1368050834320437,0.1613240004219457,0.9442967005476977,0.1523377213175987,0.1613240004219457,0.9442967005476977,0.1523377213175987,0.1613240004219457,0.9442967005476977,0.1523377213175987,0.1364974824313573,0.9116344744856892,0.12443581066493,0.1364974824313573,0.9116344744856892,0.12443581066493,0.1364974824313573,0.9116344744856892,0.12443581066493,0.13176157077142575,0.8677095918690048,0.11433077879809282,0.13176157077142575,0.8677095918690048,0.11433077879809282,0.13176157077142575,0.8677095918690048,0.11433077879809282
688.5170340681362,0.14405144330710687,0.9592625506068564,0.1381831549253743,0.14405144330710687,0.9592625506068564,0.1381831549253743,0.14405144330710687,0.9592625506068564,0.1381831549253743,0.14405144330710687,0.9592625506068564,0.1381831549253743,0.14405144330710687,0.9592625506068564,0.1381831549253743,0.14405144330710687,0.9592625506068564,0.1381831549253743,0.16085050282024924,0.9441593674832492,0.15186850900212912,0.16085050282024924,0.9441593674832492,0.15186850900212912,0.16085050282024924,0.9441593674832492,0.15186850900212912,0.13785653489940947,0.9113694122570334,0.12563822918706602,0.13785653489940947,0.9113694122570334,0.12563822918706602,0.13785653489940947,0.9113694122570334,0.12563822918706602,0.1313096365960684,0.8675043461746567,0.11391168044170408,0.1313096365960684,0.8675043461746567,0.11391168044170408,0.1313096365960684,0.8675043461746567,0.11391168044170408
690.5010020040081,0.14542451441728263,0.9592339857952139,0.13949613659682356,0.14542451441728263,0.9592339857952139,0.13949613659682356,0.14542451441728263,0.9592339857952139,0.13949613659682356,0.14542451441728263,0.9592339857952139,0.13949613659682356,0.14542451441728263,0.9592339857952139,0.13949613659682356,0.14542451441728263,0.9592339857952139,0.13949613659682356,0.16035847287424618,0.9440222132588593,0.15138196047755662,0.16035847287424618,0.9440222132588593,0.15138196047755662,0.16035847287424618,0.9440222132588593,0.15138196047755662,0.1390150279021485,0.9111185301857567,0.1266591678959375,0.1390150279021485,0.9111185301857567,0.1266591678959375,0.1390150279021485,0.9111185301857567,0.1266591678959375,0.13080681915230782,0.8673080432456276,0.11344980636217278,0.13080681915230782,0.8673080432456276,0.11344980636217278,0.13080681915230782,0.8673080432456276,0.11344980636217278
692.4849699398799,0.14673063272936407,0.9592038336395506,0.14074458542636295,0.14673063272936407,0.9592038336395506,0.14074458542636295,0.14673063272936407,0.9592038336395506,0.14074458542636295,0.14673063272936407,0.9592038336395506,0.14074458542636295,0.14673063272936407,0.9592038336395506,0.14074458542636295,0.14673063272936407,0.9592038336395506,0.14074458542636295,0.15984798916319037,0.9438849329134555,0.1508781085276487,0.15984798916319037,0.9438849329134555,0.1508781085276487,0.15984798916319037,0.9438849329134555,0.1508781085276487,0.1399871460420734,0.9108805158055561,0.12751156379295153,0.1399871460420734,0.9108805158055561,0.12751156379295153,0.1399871460420734,0.9108805158055561,0.12751156379295153,0.13026674958535794,0.8671237967443978,0.11295739849000729,0.13026674958535794,0.8671237967443978,0.11295739849000729,0.13026674958535794,0.8671237967443978,0.11295739849000729
694.4689378757515,0.14797052040142658,0.9591719457161715,0.14192917196207078,0.14797052040142658,0.9591719457161715,0.14192917196207078,0.14797052040142658,0.9591719457161715,0.14192917196207078,0.14797052040142658,0.9591719457161715,0.14192917196207078,0.14797052040142658,0.9591719457161715,0.14192917196207078,0.14797052040142658,0.9591719457161715,0.14192917196207078,0.15931886217051516,0.943747265012077,0.15035674043825972,0.15931886217051516,0.943747265012077,0.15035674043825972,0.15931886217051516,0.943747265012077,0.15035674043825972,0.14079080796165272,0.910653189025883,0.12821159825580972,0.14079080796165272,0.910653189025883,0.12821159825580972,0.14079080796165272,0.910653189025883,0.12821159825580972,0.12970141660682494,0.8669523892729506,0.11244495301937323,0.12970141660682494,0.8669523892729506,0.11244495301937323,0.12970141660682494,0.8669523892729506,0.11244495301937323
696.4529058116233,0.1491450182250351,0.9591381652410557,0.14305067913520397,0.1491450182250351,0.9591381652410557,0.14305067913520397,0.1491450182250351,0.9591381652410557,0.14305067913520397,0.1491450182250351,0.9591381652410557,0.14305067913520397,0.1491450182250351,0.9591381652410557,0.14305067913520397,0.1491450182250351,0.9591381652410557,0.14305067913520397,0.15877063261448393,0.9436089874482042,0.149817395877864,0.15877063261448393,0.9436089874482042,0.149817395877864,0.15877063261448393,0.9436089874482042,0.149817395877864,0.14144502246417961,0.9104335654382935,0.12877629611556257,0.14144502246417961,0.9104335654382935,0.12877629611556257,0.14144502246417961,0.9104335654382935,0.12877629611556257,0.12911596861801297,0.8667921910140229,0.11191671333330529,0.12911596861801297,0.8667921910140229,0.11191671333330529,0.12911596861801297,0.8667921910140229,0.11191671333330529
698.4368737474949,0.1502550846880972,0.9591023256513843,0.14411000116529973,0.1502550846880972,0.9591023256513843,0.14411000116529973,0.1502550846880972,0.9591023256513843,0.14411000116529973,0.1502550846880972,0.9591023256513843,0.14411000116529973,0.1502550846880972,0.9591023256513843,0.14411000116529973,0.1502550846880972,0.9591023256513843,0.14411000116529973,0.1582025693997239,0.9434699140525253,0.1492593645544462,0.1582025693997239,0.9434699140525253,0.1492593645544462,0.1582025693997239,0.9434699140525253,0.1492593645544462,0.1419683424640785,0.9102177796149291,0.12922210945326537,0.1419683424640785,0.9102177796149291,0.12922210945326537,0.1419683424640785,0.9102177796149291,0.12922210945326537,0.12851142179922503,0.8666406616688129,0.1113732236200803,0.12851142179922503,0.8666406616688129,0.1113732236200803,0.12851142179922503,0.8666406616688129,0.1113732236200803
700.4208416833667,0.15130179529001844,0.9590642489314993,0.145108142661809,0.15130179529001844,0.9590642489314993,0.145108142661809,0.15130179529001844,0.9590642489314993,0.145108142661809,0.15130179529001844,0.9590642489314993,0.145108142661809,0.15130179529001844,0.9590642489314993,0.145108142661809,0.15130179529001844,0.9590642489314993,0.145108142661809,0.15761366839846666,0.9433298918289981,0.14868168476109714,0.15761366839846666,0.9433298918289981,0.14868168476109714,0.15761366839846666,0.9433298918289981,0.14868168476109714,0.1423781839973622,0.9100008506644808,0.12956426855366357,0.1423781839973622,0.9100008506644808,0.12956426855366357,0.1423781839973622,0.9100008506644808,0.12956426855366357,0.12788765880870723,0.8664952704710445,0.11081405150935943,0.12788765880870723,0.8664952704710445,0.11081405150935943,0.12788765880870723,0.8664952704710445,0.11081405150935943
702.4048096192386,0.15228634225276094,0.9590237436401347,0.14604621805250562,0.15228634225276094,0.9590237436401347,0.14604621805250562,0.15228634225276094,0.9590237436401347,0.14604621805250562,0.15228634225276094,0.9590237436401347,0.14604621805250562,0.15228634225276094,0.9590237436401347,0.14604621805250562,0.15228634225276094,0.9590237436401347,0.14604621805250562,0.1570026535270675,0.9431887986659251,0.14808314416755725,0.1570026535270675,0.9431887986659251,0.14808314416755725,0.1570026535270675,0.9431887986659251,0.14808314416755725,0.14269079267867904,0.9097762936550567,0.12981670050191071,0.14269079267867904,0.9097762936550567,0.12981670050191071,0.14269079267867904,0.9097762936550567,0.12981670050191071,0.12724469448008538,0.8663537792398486,0.11023892195104187,0.12724469448008538,0.8663537792398486,0.11023892195104187,0.12724469448008538,0.8663537792398486,0.11023892195104187
704.3887775551102,0.15321003480115616,0.9589806025888988,0.1469254514962789,0.15321003480115616,0.9589806025888988,0.1469254514962789,0.15321003480115616,0.9589806025888988,0.1469254514962789,0.15321003480115616,0.9589806025888988,0.1469254514962789,0.15321003480115616,0.9589806025888988,0.1469254514962789,0.15321003480115616,0.9589806025888988,0.1469254514962789,0.15636798184599832,0.9430465413961948,0.1474622844649717,0.15636798184599832,0.9430465413961948,0.1474622844649717,0.15636798184599832,0.9430465413961948,0.1474622844649717,0.14292171231836498,0.9095356732996732,0.12999239584262628,0.14292171231836498,0.9095356732996732,0.12999239584262628,0.14292171231836498,0.9095356732996732,0.12999239584262628,0.12658299296782516,0.8662142758770627,0.10964799559197598,0.12658299296782516,0.8662142758770627,0.10964799559197598,0.12658299296782516,0.8662142758770627,0.10964799559197598
706.372745490982,0.15407430022024615,0.9589346001141912,0.14774717746957558,0.15407430022024615,0.9589346001141912,0.14774717746957558,0.15407430022024615,0.9589346001141912,0.14774717746957558,0.15407430022024615,0.9589346001141912,0.14774717746957558,0.15407430022024615,0.9589346001141912,0.14774717746957558,0.15407430022024615,0.9589346001141912,0.14774717746957558,0.15570785465110104,0.9429030541071722,0.14681741169899884,0.15570785465110104,0.9429030541071722,0.14681741169899884,0.15570785465110104,0.9429030541071722,0.14681741169899884,0.14308661826834482,0.9092685269071351,0.13010415861298147,0.14308661826834482,0.9092685269071351,0.13010415861298147,0.14308661826834482,0.9092685269071351,0.13010415861298147,0.12590347251131137,0.866075144936339,0.10904186820322237,0.12590347251131137,0.866075144936339,0.10904186820322237,0.12590347251131137,0.866075144936339,0.10904186820322237
708.3567134268538,0.1548806859372935,0.9588854888761956,0.1485128422524622,0.1548806859372935,0.9588854888761956,0.1485128422524622,0.1548806859372935,0.9588854888761956,0.1485128422524622,0.1548806859372935,0.9588854888761956,0.1485128422524622,0.1548806859372935,0.9588854888761956,0.1485128422524622,0.1548806859372935,0.9588854888761956,0.1485128422524622,0.15502023669643492,0.9427582966266763,0.14614661429059517,0.15502023669643492,0.9427582966266763,0.14614661429059517,0.15502023669643492,0.9427582966266763,0.14614661429059517,0.14320207843918586,0.9089639551294008,0.13016552760083308,0.14320207843918586,0.9089639551294008,0.13016552760083308,0.14320207843918586,0.9089639551294008,0.13016552760083308,0.12520744422917943,0.8659350325001491,0.1084215122878551,0.12520744422917943,0.8659350325001491,0.1084215122878551,0.12520744422917943,0.8659350325001491,0.1084215122878551
710.3406813627255,0.1556308629220306,0.9588329961097161,0.14922400658267113,0.1556308629220306,0.9588329961097161,0.14922400658267113,0.1556308629220306,0.9588329961097161,0.14922400658267113,0.1556308629220306,0.9588329961097161,0.14922400658267113,0.1556308629220306,0.9588329961097161,0.14922400658267113,0.1556308629220306,0.9588329961097161,0.14922400658267113,0.15430288573509857,0.9426122531359187,0.14544779078813547,0.15430288573509857,0.9426122531359187,0.14544779078813547,0.15430288573509857,0.9426122531359187,0.14544779078813547,0.14328480559604287,0.9086164074857717,0.13019092530797366,0.14328480559604287,0.9086164074857717,0.13019092530797366,0.14328480559604287,0.9086164074857717,0.13019092530797366,0.12449655480379543,0.8657928188494323,0.10778822312062088,0.12449655480379543,0.8657928188494323,0.10778822312062088,0.12449655480379543,0.8657928188494323,0.10778822312062088
712.3246492985971,0.15632663075099146,0.958776819243277,0.14988234979445383,0.15632663075099146,0.958776819243277,0.14988234979445383,0.15632663075099146,0.958776819243277,0.14988234979445383,0.15632663075099146,0.958776819243277,0.14988234979445383,0.15632663075099146,0.958776819243277,0.14988234979445383,0.15632663075099146,0.958776819243277,0.14988234979445383,0.15355339441131974,0.9424649308810507,0.14471868925041517,0.15355339441131974,0.9424649308810507,0.14471868925041517,0.15355339441131974,0.9424649308810507,0.14471868925041517,0.1433469994821966,0.9082362484595911,0.13019294103764917,0.1433469994821966,0.9082362484595911,0.13019294103764917,0.1433469994821966,0.9082362484595911,0.13019294103764917,0.12377274417964554,0.8656476002168031,0.10714357897135844,0.12377274417964554,0.8656476002168031,0.10714357897135844,0.12377274417964554,0.8656476002168031,0.10714357897135844
714.308617234469,0.15696992473978186,0.9587166207966688,0.15048967581323108,0.15696992473978186,0.9587166207966688,0.15048967581323108,0.15696992473978186,0.9587166207966688,0.15048967581323108,0.15696992473978186,0.9587166207966688,0.15048967581323108,0.15696992473978186,0.9587166207966688,0.15048967581323108,0.15696992473978186,0.9587166207966688,0.15048967581323108,0.15276924610570417,0.9423163589690834,0.14395695975277897,0.15276924610570417,0.9423163589690834,0.14395695975277897,0.15276924610570417,0.9423163589690834,0.14395695975277897,0.14338925659617752,0.9078544108191275,0.13017656906491543,0.14338925659617752,0.9078544108191275,0.13017656906491543,0.14338925659617752,0.9078544108191275,0.13017656906491543,0.12303821326751307,0.8654986775684732,0.10648941087342034,0.12303821326751307,0.8654986775684732,0.10648941087342034,0.12303821326751307,0.8654986775684732,0.10648941087342034
716.2925851703407,0.15756282560865115,0.9586520224657527,0.1510479214351521,0.15756282560865115,0.9586520224657527,0.1510479214351521,0.15756282560865115,0.9586520224657527,0.1510479214351521,0.15756282560865115,0.9586520224657527,0.1510479214351521,0.15756282560865115,0.9586520224657527,0.1510479214351521,0.15756282560865115,0.9586520224657527,0.1510479214351521,0.1519478855530826,0.942166587237998,0.14316022076957774,0.1519478855530826,0.942166587237998,0.14316022076957774,0.1519478855530826,0.942166587237998,0.14316022076957774,0.14340096627056897,0.9075063693850095,0.13013729026650625,0.14340096627056897,0.9075063693850095,0.13013729026650625,0.14340096627056897,0.9075063693850095,0.13013729026650625,0.12229539388978568,0.8653455491875395,0.10582777478866305,0.12229539388978568,0.8653455491875395,0.10582777478866305,0.12229539388978568,0.8653455491875395,0.10582777478866305
718.2765531062124,0.15810757220626886,0.9585825983115328,0.15155916737821348,0.15810757220626886,0.9585825983115328,0.15155916737821348,0.15810757220626886,0.9585825983115328,0.15155916737821348,0.15810757220626886,0.9585825983115328,0.15155916737821348,0.15810757220626886,0.9585825983115328,0.15155916737821348,0.15810757220626886,0.9585825983115328,0.15155916737821348,0.15108680387221796,0.9420156851818837,0.14232613907162828,0.15108680387221796,0.9420156851818837,0.14232613907162828,0.15108680387221796,0.9420156851818837,0.14232613907162828,0.14337057435527367,0.9072108611679347,0.13006734222698924,0.14337057435527367,0.9072108611679347,0.13006734222698924,0.14337057435527367,0.9072108611679347,0.13006734222698924,0.12154691440971954,0.8651879032100704,0.10516092001979915,0.12154691440971954,0.8651879032100704,0.10516092001979915,0.12154691440971954,0.8651879032100704,0.10516092001979915
720.2605210420843,0.15860657786324217,0.9585078669959799,0.15202565263922804,0.15860657786324217,0.9585078669959799,0.15202565263922804,0.15860657786324217,0.9585078669959799,0.15202565263922804,0.15860657786324217,0.9585078669959799,0.15202565263922804,0.15860657786324217,0.9585078669959799,0.15202565263922804,0.15860657786324217,0.9585078669959799,0.15202565263922804,0.15018363607434346,0.9418637408885357,0.14145252129322358,0.15018363607434346,0.9418637408885357,0.14145252129322358,0.15018363607434346,0.9418637408885357,0.14145252129322358,0.14329273975346296,0.9069680592471425,0.12996193807840417,0.14329273975346296,0.9069680592471425,0.12996193807840417,0.14329273975346296,0.9069680592471425,0.12996193807840417,0.12079555698352373,0.8650256059731267,0.10449124987853398,0.12079555698352373,0.8650256059731267,0.10449124987853398,0.12079555698352373,0.8650256059731267,0.10449124987853398
722.2444889779559,0.1590624509599999,0.9584272830623789,0.15244979271083559,0.1590624509599999,0.9584272830623789,0.15244979271083559,0.1590624509599999,0.9584272830623789,0.15244979271083559,0.1590624509599999,0.9584272830623789,0.15244979271083559,0.1590624509599999,0.9584272830623789,0.15244979271083559,0.1590624509599999,0.9584272830623789,0.15244979271083559,0.14923626723840006,0.9417108599105154,0.14053741355090918,0.14923626723840006,0.9417108599105154,0.14053741355090918,0.14923626723840006,0.9417108599105154,0.14053741355090918,0.1431677444396276,0.9067695136532286,0.12982014599635083,0.1431677444396276,0.9067695136532286,0.12982014599635083,0.1431677444396276,0.9067695136532286,0.12982014599635083,0.12004420549211632,0.8648586821957072,0.10382127336714239,0.12004420549211632,0.8648586821957072,0.10382127336714239,0.12004420549211632,0.8648586821957072,0.10382127336714239
724.2284569138277,0.15947802023659902,0.9583402273628974,0.15283420217292704,0.15947802023659902,0.9583402273628974,0.15283420217292704,0.15947802023659902,0.9583402273628974,0.15283420217292704,0.15947802023659902,0.9583402273628974,0.15283420217292704,0.15947802023659902,0.9583402273628974,0.15283420217292704,0.15947802023659902,0.9583402273628974,0.15283420217292704,0.14824294154152093,0.9415571639463481,0.13957920361289872,0.14824294154152093,0.9415571639463481,0.13957920361289872,0.14824294154152093,0.9415571639463481,0.13957920361289872,0.14299859552843844,0.906605556706781,0.12964332130734774,0.14299859552843844,0.906605556706781,0.12964332130734774,0.14299859552843844,0.906605556706781,0.12964332130734774,0.1192957867418677,0.8646872837453407,0.10315354980008899,0.1192957867418677,0.8646872837453407,0.10315354980008899,0.1192957867418677,0.8646872837453407,0.10315354980008899
726.2124248496995,0.15985636518197222,0.9582459969213765,0.15318172201802657,0.15985636518197222,0.9582459969213765,0.15318172201802657,0.15985636518197222,0.9582459969213765,0.15318172201802657,0.15985636518197222,0.9582459969213765,0.15318172201802657,0.15985636518197222,0.9582459969213765,0.15318172201802657,0.15985636518197222,0.9582459969213765,0.15318172201802657,0.1472023665044243,0.9414027891653103,0.1385767183989993,0.1472023665044243,0.9414027891653103,0.1385767183989993,0.1472023665044243,0.9414027891653103,0.1385767183989993,0.1427890739312422,0.906468036006216,0.1294337314095995,0.1427890739312422,0.906468036006216,0.1294337314095995,0.1427890739312422,0.906468036006216,0.1294337314095995,0.11855321130127038,0.8645116449612549,0.10249063171750049,0.11855321130127038,0.8645116449612549,0.10249063171750049,0.11855321130127038,0.8645116449612549,0.10249063171750049
728.1963927855711,0.16020085141310175,0.9581437948313495,0.15349545170816248,0.16020085141310175,0.9581437948313495,0.15349545170816248,0.16020085141310175,0.9581437948313495,0.15349545170816248,0.16020085141310175,0.9581437948313495,0.15349545170816248,0.16020085141310175,0.9581437948313495,0.15349545170816248,0.16020085141310175,0.9581437948313495,0.15349545170816248,0.14611380352021233,0.9412478839789014,0.1375293083835088,0.14611380352021233,0.9412478839789014,0.1375293083835088,0.14611380352021233,0.9412478839789014,0.1375293083835088,0.14254287781415914,0.9063507116140608,0.12919383874237925,0.14254287781415914,0.9063507116140608,0.12919383874237925,0.14254287781415914,0.9063507116140608,0.12919383874237925,0.11781932434094929,0.8643320238274225,0.10183501505359219,0.11781932434094929,0.8643320238274225,0.10183501505359219,0.11781932434094929,0.8643320238274225,0.10183501505359219
730.1803607214429,0.16051517012447697,0.9580327212949675,0.15377878524347735,0.16051517012447697,0.9580327212949675,0.15377878524347735,0.16051517012447697,0.9580327212949675,0.15377878524347735,0.16051517012447697,0.9580327212949675,0.15377878524347735,0.16051517012447697,0.9580327212949675,0.15377878524347735,0.16051517012447697,0.9580327212949675,0.15377878524347735,0.14497713536039564,0.9410926060565489,0.13643691013492779,0.14497713536039564,0.9410926060565489,0.13643691013492779,0.14497713536039564,0.9410926060565489,0.13643691013492779,0.14226334827439335,0.9062489375845886,0.12892600823089528,0.14226334827439335,0.9062489375845886,0.12892600823089528,0.14226334827439335,0.9062489375845886,0.12892600823089528,0.11709688173455551,0.8641486290855884,0.10118910982111343,0.11709688173455551,0.8641486290855884,0.10118910982111343,0.11709688173455551,0.8641486290855884,0.10118910982111343
732.1643286573147,0.16080337920146986,0.9579117676988923,0.1540354492228353,0.16080337920146986,0.9579117676988923,0.1540354492228353,0.16080337920146986,0.9579117676988923,0.1540354492228353,0.16080337920146986,0.9579117676988923,0.1540354492228353,0.16080337920146986,0.9579117676988923,0.1540354492228353,0.16080337920146986,0.9579117676988923,0.1540354492228353,0.14379290218726093,0.9409371184109593,0.13530007903203023,0.14379290218726093,0.9409371184109593,0.13530007903203023,0.14379290218726093,0.9409371184109593,0.13530007903203023,0.14195343304176178,0.9061592492522901,0.1286324163139081,0.14195343304176178,0.9061592492522901,0.1286324163139081,0.14195343304176178,0.9061592492522901,0.1286324163139081,0.1163885749544473,0.8639615330841729,0.10055525165112646,0.1163885749544473,0.8639615330841729,0.10055525165112646,0.1163885749544473,0.8639615330841729,0.10055525165112646
734.1482965931864,0.16106994108558503,0.9577798168089636,0.15426953866638218,0.16106994108558503,0.9577798168089636,0.15426953866638218,0.16106994108558503,0.9577798168089636,0.15426953866638218,0.16106994108558503,0.9577798168089636,0.15426953866638218,0.16106994108558503,0.9577798168089636,0.15426953866638218,0.16106994108558503,0.9577798168089636,0.15426953866638218,0.14256229974911794,0.9407815844412742,0.13411998623956706,0.14256229974911794,0.9407815844412742,0.13411998623956706,0.14256229974911794,0.9407815844412742,0.13411998623956706,0.14161573026929566,0.9060790238933182,0.12831504265034285,0.14161573026929566,0.9060790238933182,0.12831504265034285,0.14161573026929566,0.9060790238933182,0.12831504265034285,0.11569714653720985,0.8637705691443202,0.09993579011281956,0.11569714653720985,0.8637705691443202,0.09993579011281956,0.11569714653720985,0.8637705691443202,0.09993579011281956
736.1322645290581,0.1613197484905618,0.9576356538516839,0.15448554282494834,0.1613197484905618,0.9576356538516839,0.15448554282494834,0.1613197484905618,0.9576356538516839,0.15448554282494834,0.1613197484905618,0.9576356538516839,0.15448554282494834,0.1613197484905618,0.9576356538516839,0.15448554282494834,0.1613197484905618,0.9576356538516839,0.15448554282494834,0.14128713672746962,0.9406261619119115,0.1328983771474832,0.14128713672746962,0.9406261619119115,0.1328983771474832,0.14128713672746962,0.9406261619119115,0.1328983771474832,0.14125255053141925,0.9060062335164094,0.12797569128155745,0.14125255053141925,0.9060062335164094,0.12797569128155745,0.14125255053141925,0.9060062335164094,0.12797569128155745,0.1150256806464466,0.8635752144241273,0.09933332682853631,0.1150256806464466,0.8635752144241273,0.09933332682853631,0.1150256806464466,0.8635752144241273,0.09933332682853631
738.11623246493,0.16155812312180517,0.9574779954649791,0.15468834787775032,0.16155812312180517,0.9574779954649791,0.15468834787775032,0.16155812312180517,0.9574779954649791,0.15468834787775032,0.16155812312180517,0.9574779954649791,0.15468834787775032,0.16155812312180517,0.9574779954649791,0.15468834787775032,0.16155812312180517,0.9574779954649791,0.15468834787775032,0.1399697521950642,0.9404709959445644,0.1316374922490059,0.1399697521950642,0.9404709959445644,0.1316374922490059,0.1399697521950642,0.9404709959445644,0.1316374922490059,0.14086597571432194,0.9059392717765253,0.12761601945672252,0.14086597571432194,0.9059392717765253,0.12761601945672252,0.14086597571432194,0.9059392717765253,0.12761601945672252,0.11437824349845255,0.8633744804123668,0.09875125655095564,0.11437824349845255,0.8633744804123668,0.09875125655095564,0.11437824349845255,0.8633744804123668,0.09875125655095564
740.1002004008016,0.1617907644551761,0.9573055460336698,0.1548831961099672,0.1617907644551761,0.9573055460336698,0.1548831961099672,0.1617907644551761,0.9573055460336698,0.1548831961099672,0.1617907644551761,0.9573055460336698,0.1548831961099672,0.1617907644551761,0.9573055460336698,0.1548831961099672,0.1617907644551761,0.9573055460336698,0.1548831961099672,0.13861289817888442,0.9403162111873588,0.13033995523726774,0.13861289817888442,0.9403162111873588,0.13033995523726774,0.13861289817888442,0.9403162111873588,0.13033995523726774,0.14045790908119998,0.905876833798213,0.1272375659603947,0.14045790908119998,0.905876833798213,0.1272375659603947,0.14045790908119998,0.905876833798213,0.1272375659603947,0.11376116954710201,0.8631669198405487,0.09819487831543047,0.11376116954710201,0.8631669198405487,0.09819487831543047,0.11376116954710201,0.8631669198405487,0.09819487831543047
742.0841683366733,0.16202361614349037,0.9571170930338202,0.15507557248608506,0.16202361614349037,0.9571170930338202,0.15507557248608506,0.16202361614349037,0.9571170930338202,0.15507557248608506,0.16202361614349037,0.9571170930338202,0.15507557248608506,0.16202361614349037,0.9571170930338202,0.15507557248608506,0.16202361614349037,0.9571170930338202,0.15507557248608506,0.1372195956976288,0.9401619033754548,0.12900863627149306,0.1372195956976288,0.9401619033754548,0.12900863627149306,0.1372195956976288,0.9401619033754548,0.12900863627149306,0.14003011631188075,0.9058178322228114,0.12684177640353597,0.14003011631188075,0.9058178322228114,0.12684177640353597,0.14003011631188075,0.9058178322228114,0.12684177640353597,0.11318510037074189,0.8629510758724653,0.09767320413766468,0.11318510037074189,0.8629510758724653,0.09767320413766468,0.11318510037074189,0.8629510758724653,0.09767320413766468
744.0681362725452,0.16226260967226602,0.9569116529869415,0.15527098203946296,0.16226260967226602,0.9569116529869415,0.15527098203946296,0.16226260967226602,0.9569116529869415,0.15527098203946296,0.16226260967226602,0.9569116529869415,0.15527098203946296,0.16226260967226602,0.9569116529869415,0.15527098203946296,0.16226260967226602,0.9569116529869415,0.15527098203946296,0.13579297478262087,0.9400081304939164,0.12764650035961897,0.13579297478262087,0.9400081304939164,0.12764650035961897,0.13579297478262087,0.9400081304939164,0.12764650035961897,0.13958425898638277,0.9057613377451782,0.12643002514767546,0.13958425898638277,0.9057613377451782,0.12643002514767546,0.13958425898638277,0.9057613377451782,0.12643002514767546,0.11266619372497114,0.8627267804282893,0.09720014257545428,0.11266619372497114,0.8627267804282893,0.09720014257545428,0.11266619372497114,0.8627267804282893,0.09720014257545428
746.0521042084168,0.16251324522301994,0.9566886744256354,0.1554745811490192,0.16251324522301994,0.9566886744256354,0.1554745811490192,0.16251324522301994,0.9566886744256354,0.1554745811490192,0.16251324522301994,0.9566886744256354,0.1554745811490192,0.16251324522301994,0.9566886744256354,0.1554745811490192,0.16251324522301994,0.9566886744256354,0.1554745811490192,0.13433610959396936,0.9398549036886934,0.12625645134435384,0.13433610959396936,0.9398549036886934,0.12625645134435384,0.13433610959396936,0.9398549036886934,0.12625645134435384,0.1391219222671946,0.9057065362000533,0.1260036343261139,0.1391219222671946,0.9057065362000533,0.1260036343261139,0.1391219222671946,0.9057065362000533,0.1260036343261139,0.11222233946715574,0.8624963748973694,0.0967913609729238,0.11222233946715574,0.8624963748973694,0.0967913609729238,0.11222233946715574,0.8624963748973694,0.0967913609729238
748.0360721442886,0.162779989759564,0.9564482898515291,0.1556906428275844,0.162779989759564,0.9564482898515291,0.1556906428275844,0.162779989759564,0.9564482898515291,0.1556906428275844,0.162779989759564,0.9564482898515291,0.1556906428275844,0.162779989759564,0.9564482898515291,0.1556906428275844,0.162779989759564,0.9564482898515291,0.1556906428275844,0.13285185884912376,0.9397021779476645,0.1248411811049173,0.13285185884912376,0.9397021779476645,0.1248411811049173,0.13285185884912376,0.9397021779476645,0.1248411811049173,0.1386446383760626,0.9056526968730076,0.125563890652264,0.1386446383760626,0.9056526968730076,0.125563890652264,0.1386446383760626,0.9056526968730076,0.125563890652264,0.1118661373721144,0.8622632034067914,0.09645805396322354,0.1118661373721144,0.8622632034067914,0.09645805396322354,0.1118661373721144,0.8622632034067914,0.09645805396322354
750.0200400801605,0.1630655252847853,0.956191582250593,0.15592188263258291,0.1630655252847853,0.956191582250593,0.15592188263258291,0.1630655252847853,0.956191582250593,0.15592188263258291,0.1630655252847853,0.956191582250593,0.15592188263258291,0.1630655252847853,0.956191582250593,0.15592188263258291,0.1630655252847853,0.956191582250593,0.15592188263258291,0.1313427197311071,0.9395498424009598,0.1234030316238751,0.1313427197311071,0.9395498424009598,0.1234030316238751,0.1313427197311071,0.9395498424009598,0.1234030316238751,0.13815390720355097,0.9055991484374882,0.12511206071684752,0.13815390720355097,0.9055991484374882,0.12511206071684752,0.13815390720355097,0.9055991484374882,0.12511206071684752,0.11160564840208406,0.8620287539304139,0.09620727802364441,0.11160564840208406,0.8620287539304139,0.09620727802364441,0.11160564840208406,0.8620287539304139,0.09620727802364441
752.004008016032,0.1633699696778918,0.955920797027755,0.1561687516248905,0.1633699696778918,0.955920797027755,0.1561687516248905,0.1633699696778918,0.955920797027755,0.1561687516248905,0.1633699696778918,0.955920797027755,0.1561687516248905,0.1633699696778918,0.955920797027755,0.1561687516248905,0.1633699696778918,0.955920797027755,0.1561687516248905,0.12981070077398213,0.9393977098806372,0.12194387502507947,0.12981070077398213,0.9393977098806372,0.12194387502507947,0.12981070077398213,0.9393977098806372,0.12194387502507947,0.1376512151505839,0.9055452600337632,0.12464940541749898,0.1376512151505839,0.9055452600337632,0.12464940541749898,0.1376512151505839,0.9055452600337632,0.12464940541749898,0.11145078179934419,0.8617925562613714,0.09604745414418515,0.11145078179934419,0.8617925562613714,0.09604745414418515,0.11145078179934419,0.8617925562613714,0.09604745414418515
753.9879759519039,0.1636902934206349,0.9556394035558954,0.15642889437238505,0.1636902934206349,0.9556394035558954,0.15642889437238505,0.1636902934206349,0.9556394035558954,0.15642889437238505,0.1636902934206349,0.9556394035558954,0.15642889437238505,0.1636902934206349,0.9556394035558954,0.15642889437238505,0.1636902934206349,0.9556394035558954,0.15642889437238505,0.12825721652816144,0.9392455051435592,0.12046501412629984,0.12825721652816144,0.9392455051435592,0.12046501412629984,0.12825721652816144,0.9392455051435592,0.12046501412629984,0.1371380531115529,0.9054904257066294,0.12417719409255838,0.1371380531115529,0.9054904257066294,0.12417719409255838,0.1371380531115529,0.9054904257066294,0.12417719409255838,0.11141523627237031,0.8615538670070384,0.09599022765396349,0.11141523627237031,0.8615538670070384,0.09599022765396349,0.11141523627237031,0.8615538670070384,0.09599022765396349
755.9719438877756,0.16402020269857534,0.9553519196691093,0.15669701551260037,0.16402020269857534,0.9553519196691093,0.15669701551260037,0.16402020269857534,0.9553519196691093,0.15669701551260037,0.16402020269857534,0.9553519196691093,0.15669701551260037,0.16402020269857534,0.9553519196691093,0.15669701551260037,0.16402020269857534,0.9553519196691093,0.15669701551260037,0.12668300463781793,0.9390928509003117,0.11896710398594584,0.12668300463781793,0.9390928509003117,0.11896710398594584,0.12668300463781793,0.9390928509003117,0.11896710398594584,0.1366159343676928,0.9054340508352451,0.12369671886318205,0.1366159343676928,0.9054340508352451,0.12369671886318205,0.1366159343676928,0.9054340508352451,0.12369671886318205,0.11151348861650479,0.8613130322899893,0.09604802102151695,0.11151348861650479,0.8613130322899893,0.09604802102151695,0.11151348861650479,0.8613130322899893,0.09604802102151695
757.9559118236473,0.16435067587973018,0.9550634779257531,0.15696532810514327,0.16435067587973018,0.9550634779257531,0.15696532810514327,0.16435067587973018,0.9550634779257531,0.15696532810514327,0.16435067587973018,0.9550634779257531,0.15696532810514327,0.16435067587973018,0.9550634779257531,0.15696532810514327,0.16435067587973018,0.9550634779257531,0.15696532810514327,0.12508806478390866,0.9389392505014937,0.1174500937948855,0.12508806478390866,0.9389392505014937,0.1174500937948855,0.12508806478390866,0.9389392505014937,0.1174500937948855,0.1360864130543468,0.9053755393966895,0.1232093096236399,0.1360864130543468,0.9053755393966895,0.1232093096236399,0.1360864130543468,0.9053755393966895,0.1232093096236399,0.11175592737608246,0.8610722091328965,0.09622992326941887,0.11175592737608246,0.8610722091328965,0.09622992326941887,0.11175592737608246,0.8610722091328965,0.09622992326941887
759.939879759519,0.1646711137250804,0.9547792177934468,0.15722455715560799,0.1646711137250804,0.9547792177934468,0.15722455715560799,0.1646711137250804,0.9547792177934468,0.15722455715560799,0.1646711137250804,0.9547792177934468,0.15722455715560799,0.1646711137250804,0.9547792177934468,0.15722455715560799,0.1646711137250804,0.9547792177934468,0.15722455715560799,0.12347161918681236,0.938784065799704,0.11591318867106845,0.12347161918681236,0.938784065799704,0.11591318867106845,0.12347161918681236,0.938784065799704,0.11591318867106845,0.13555110377562365,0.905314280943697,0.12271635004575318,0.13555110377562365,0.905314280943697,0.12271635004575318,0.13555110377562365,0.905314280943697,0.12271635004575318,0.11214447599371624,0.8608352181424053,0.09653791445551645,0.11214447599371624,0.8608352181424053,0.09653791445551645,0.11214447599371624,0.8608352181424053,0.09653791445551645
761.9238476953909,0.16497080255424093,0.9545036726797519,0.15746523692294917,0.16497080255424093,0.9545036726797519,0.15746523692294917,0.16497080255424093,0.9545036726797519,0.15746523692294917,0.16497080255424093,0.9545036726797519,0.15746523692294917,0.16497080255424093,0.9545036726797519,0.15746523692294917,0.16497080255424093,0.9545036726797519,0.15746523692294917,0.12183209653901447,0.9386264883236651,0.1143548329395249,0.12183209653901447,0.9386264883236651,0.1143548329395249,0.12183209653901447,0.9386264883236651,0.1143548329395249,0.13501170283249678,0.9052496360583682,0.12221929485273826,0.13501170283249678,0.9052496360583682,0.12221929485273826,0.13501170283249678,0.9052496360583682,0.12221929485273826,0.11267086473420203,0.8606062201628697,0.09696524702138358,0.11267086473420203,0.8606062201628697,0.09696524702138358,0.11267086473420203,0.8606062201628697,0.09696524702138358
763.9078156312626,0.16524026371679457,0.9542403241696739,0.15767892281499646,0.16524026371679457,0.9542403241696739,0.15767892281499646,0.16524026371679457,0.9542403241696739,0.15767892281499646,0.16524026371679457,0.9542403241696739,0.15767892281499646,0.16524026371679457,0.9542403241696739,0.15767892281499646,0.16524026371679457,0.9542403241696739,0.15767892281499646,0.12016714617654561,0.9384655014861968,0.112772721098737,0.12016714617654561,0.9384655014861968,0.112772721098737,0.12016714617654561,0.9384655014861968,0.112772721098737,0.13447001134966616,0.9051809187605272,0.12171968841922934,0.13447001134966616,0.9051809187605272,0.12171968841922934,0.13447001134966616,0.9051809187605272,0.12171968841922934,0.11331869780114696,0.8603882525024884,0.09749807637698642,0.11331869780114696,0.8603882525024884,0.09749807637698642,0.11331869780114696,0.8603882525024884,0.09749807637698642
765.8917835671343,0.16547215270947663,0.9539914149322866,0.157859013095205,0.16547215270947663,0.9539914149322866,0.157859013095205,0.16547215270947663,0.9539914149322866,0.157859013095205,0.16547215270947663,0.9539914149322866,0.157859013095205,0.16547215270947663,0.9539914149322866,0.157859013095205,0.16547215270947663,0.9539914149322866,0.157859013095205,0.11847369846763837,0.9382998311833208,0.11116385127184875,0.11847369846763837,0.9382998311833208,0.11116385127184875,0.11847369846763837,0.9382998311833208,0.11116385127184875,0.1339279602280052,0.9051073738858658,0.12121918437186048,0.1339279602280052,0.9051073738858658,0.12121918437186048,0.1339279602280052,0.9051073738858658,0.12121918437186048,0.11406799310828657,0.8601827452256765,0.0981193194542695,0.11406799310828657,0.8601827452256765,0.0981193194542695,0.11406799310828657,0.8601827452256765,0.0981193194542695
767.875751503006,0.16566159621945464,0.9537580046452894,0.15800107345662068,0.16566159621945464,0.9537580046452894,0.15800107345662068,0.16566159621945464,0.9537580046452894,0.15800107345662068,0.16566159621945464,0.9537580046452894,0.15800107345662068,0.16566159621945464,0.9537580046452894,0.15800107345662068,0.16566159621945464,0.9537580046452894,0.15800107345662068,0.11674810339813385,0.938127882073128,0.10952465097694587,0.11674810339813385,0.938127882073128,0.10952465097694587,0.11674810339813385,0.938127882073128,0.10952465097694587,0.13338763610922102,0.9050281468008775,0.12071956511407811,0.13338763610922102,0.9050281468008775,0.12071956511407811,0.13338763610922102,0.9050281468008775,0.12071956511407811,0.11489961444362672,0.8599897444261588,0.09881249006003873,0.11489961444362672,0.8599897444261588,0.09881249006003873,0.11489961444362672,0.8599897444261588,0.09881249006003873
769.8597194388777,0.1658060621875712,0.9535401831716158,0.158102742909301,0.1658060621875712,0.9535401831716158,0.158102742909301,0.1658060621875712,0.9535401831716158,0.158102742909301,0.1658060621875712,0.9535401831716158,0.158102742909301,0.1658060621875712,0.9535401831716158,0.158102742909301,0.1658060621875712,0.9535401831716158,0.158102742909301,0.1149864065327629,0.9379476576619358,0.10785123067036807,0.1149864065327629,0.9379476576619358,0.10785123067036807,0.1149864065327629,0.9379476576619358,0.10785123067036807,0.13285130601427556,0.90494224204683,0.12022275872340804,0.13285130601427556,0.90494224204683,0.12022275872340804,0.13285130601427556,0.90494224204683,0.12022275872340804,0.1157979550677952,0.8598083294608121,0.09956404630181917,0.1157979550677952,0.8598083294608121,0.09956404630181917,0.1157979550677952,0.8598083294608121,0.09956404630181917
771.8436873747496,0.16590495386930545,0.9533373427052053,0.15816338786339335,0.16590495386930545,0.9533373427052053,0.15816338786339335,0.16590495386930545,0.9533373427052053,0.15816338786339335,0.16590495386930545,0.9533373427052053,0.15816338786339335,0.16590495386930545,0.9533373427052053,0.15816338786339335,0.16590495386930545,0.9533373427052053,0.15816338786339335,0.11318486661115187,0.9377566654701656,0.10613986309495926,0.11318486661115187,0.9377566654701656,0.10613986309495926,0.11318486661115187,0.9377566654701656,0.10613986309495926,0.132321435211278,0.9048484668469942,0.11973084778191878,0.132321435211278,0.9048484668469942,0.11973084778191878,0.132321435211278,0.9048484668469942,0.11973084778191878,0.11675170991130313,0.8596370170639428,0.10036409164526738,0.11675170991130313,0.8596370170639428,0.10036409164526738,0.11675170991130313,0.8596370170639428,0.10036409164526738
773.8276553106213,0.16595910942937872,0.9531484365673908,0.15818366568672884,0.16595910942937872,0.9531484365673908,0.15818366568672884,0.16595910942937872,0.9531484365673908,0.15818366568672884,0.16595910942937872,0.9531484365673908,0.15818366568672884,0.16595910942937872,0.9531484365673908,0.15818366568672884,0.16595910942937872,0.9531484365673908,0.15818366568672884,0.11134089032271452,0.9375518169872321,0.10438785402703712,0.11134089032271452,0.9375518169872321,0.10438785402703712,0.11134089032271452,0.9375518169872321,0.10438785402703712,0.13180068664107772,0.9047453555911926,0.11924605910224521,0.13180068664107772,0.9047453555911926,0.11924605910224521,0.13180068664107772,0.9047453555911926,0.11924605910224521,0.1177533881303977,0.8594740774657725,0.1012059846318426,0.1177533881303977,0.8594740774657725,0.1012059846318426,0.1177533881303977,0.8594740774657725,0.1012059846318426
775.811623246493,0.16597032830472988,0.9529721880472477,0.15816510691547847,0.16597032830472988,0.9529721880472477,0.15816510691547847,0.16597032830472988,0.9529721880472477,0.15816510691547847,0.16597032830472988,0.9529721880472477,0.15816510691547847,0.16597032830472988,0.9529721880472477,0.15816510691547847,0.16597032830472988,0.9529721880472477,0.15816510691547847,0.10945466157940163,0.9373293517167524,0.10259506698059706,0.10945466157940163,0.9373293517167524,0.10259506698059706,0.10945466157940163,0.9373293517167524,0.10259506698059706,0.13129187802933992,0.9046310742880059,0.11877071266697162,0.13129187802933992,0.9046310742880059,0.11877071266697162,0.13129187802933992,0.9046310742880059,0.11877071266697162,0.11879829116994862,0.8593177439898444,0.10208547955800891,0.11879829116994862,0.8593177439898444,0.10208547955800891,0.11879829116994862,0.8593177439898444,0.10208547955800891
777.7955911823648,0.16594098234846402,0.9528072404145989,0.15810976946312766,0.16594098234846402,0.9528072404145989,0.15810976946312766,0.16594098234846402,0.9528072404145989,0.15810976946312766,0.16594098234846402,0.9528072404145989,0.15810976946312766,0.16594098234846402,0.9528072404145989,0.15810976946312766,0.16594098234846402,0.9528072404145989,0.15810976946312766,0.10753185392568425,0.9370848552867374,0.1007664717746644,0.10753185392568425,0.9370848552867374,0.1007664717746644,0.10753185392568425,0.9370848552867374,0.1007664717746644,0.13079784988658302,0.9045033139139189,0.11830708867522965,0.13079784988658302,0.9045033139139189,0.11830708867522965,0.13079784988658302,0.9045033139139189,0.11830708867522965,0.11988342475540031,0.8591663325402413,0.10299980237946127,0.11988342475540031,0.8591663325402413,0.10299980237946127,0.11988342475540031,0.8591663325402413,0.10299980237946127
779.7795591182364,0.16587372542479292,0.9526522545537583,0.15801997849716004,0.16587372542479292,0.9526522545537583,0.15801997849716004,0.16587372542479292,0.9526522545537583,0.15801997849716004,0.16587372542479292,0.9526522545537583,0.15801997849716004,0.16587372542479292,0.9526522545537583,0.15801997849716004,0.16587372542479292,0.9526522545537583,0.15801997849716004,0.1055878303521793,0.9368135148234883,0.09891610647481128,0.1055878303521793,0.9368135148234883,0.09891610647481128,0.1055878303521793,0.9368135148234883,0.09891610647481128,0.13032115792315918,0.9043592078277547,0.11785713914258396,0.13032115792315918,0.9043592078277547,0.11785713914258396,0.13032115792315918,0.9043592078277547,0.11785713914258396,0.12100655354696985,0.8590182996082438,0.10394684386937195,0.12100655354696985,0.8590182996082438,0.10394684386937195,0.12100655354696985,0.8590182996082438,0.10394684386937195
781.7635270541082,0.1657712916699589,0.9525059662537364,0.15789814434922417,0.1657712916699589,0.9525059662537364,0.15789814434922417,0.1657712916699589,0.9525059662537364,0.15789814434922417,0.1657712916699589,0.9525059662537364,0.15789814434922417,0.1657712916699589,0.9525059662537364,0.15789814434922417,0.1657712916699589,0.9525059662537364,0.15789814434922417,0.10365334539758671,0.9365108551512522,0.09707248313758204,0.10365334539758671,0.9365108551512522,0.09707248313758204,0.10365334539758671,0.9365108551512522,0.09707248313758204,0.1298634465713099,0.9041953671404814,0.11742192675067385,0.1298634465713099,0.9041953671404814,0.11742192675067385,0.1298634465713099,0.9041953671404814,0.11742192675067385,0.12216545117871161,0.8588722647006263,0.10492451772203383,0.12216545117871161,0.8588722647006263,0.10492451772203383,0.12216545117871161,0.8588722647006263,0.10492451772203383
783.74749498998,0.1656363640139875,0.9523672152680752,0.15774664274313052,0.1656363640139875,0.9523672152680752,0.15774664274313052,0.1656363640139875,0.9523672152680752,0.15774664274313052,0.1656363640139875,0.9523672152680752,0.15774664274313052,0.1656363640139875,0.9523672152680752,0.15774664274313052,0.1656363640139875,0.9523672152680752,0.15774664274313052,0.10178035870071038,0.9361742459749242,0.09528415056169486,0.10178035870071038,0.9361742459749242,0.09528415056169486,0.10178035870071038,0.9361742459749242,0.09528415056169486,0.12942431852587513,0.9040082351902978,0.11700064978128334,0.12942431852587513,0.9040082351902978,0.11700064978128334,0.12942431852587513,0.9040082351902978,0.11700064978128334,0.1233573325739142,0.8587270154600618,0.1059302740363116,0.1233573325739142,0.8587270154600618,0.1059302740363116,0.1233573325739142,0.8587270154600618,0.1059302740363116
785.7314629258517,0.1654714940775931,0.9522349560555442,0.15756774089142211,0.1654714940775931,0.9522349560555442,0.15756774089142211,0.1654714940775931,0.9522349560555442,0.15756774089142211,0.1654714940775931,0.9522349560555442,0.15756774089142211,0.1654714940775931,0.9522349560555442,0.15756774089142211,0.1654714940775931,0.9522349560555442,0.15756774089142211,0.10004367518375644,0.935805213813838,0.09362139284605735,0.10004367518375644,0.935805213813838,0.09362139284605735,0.10004367518375644,0.935805213813838,0.09362139284605735,0.12899962063085155,0.9037950874902572,0.11658922341427046,0.12899962063085155,0.9037950874902572,0.11658922341427046,0.12899962063085155,0.9037950874902572,0.11658922341427046,0.12457844055189776,0.8585815065821619,0.10696074517670467,0.12457844055189776,0.8585815065821619,0.10696074517670467,0.12457844055189776,0.8585815065821619,0.10696074517670467
787.7154308617235,0.16527905751386882,0.9521082574544965,0.15736355544325115,0.16527905751386882,0.9521082574544965,0.15736355544325115,0.16527905751386882,0.9521082574544965,0.15736355544325115,0.16527905751386882,0.9521082574544965,0.15736355544325115,0.16527905751386882,0.9521082574544965,0.15736355544325115,0.16527905751386882,0.9521082574544965,0.15736355544325115,0.09853142123269651,0.935411706279637,0.09216744485743429,0.09853142123269651,0.935411706279637,0.09216744485743429,0.09853142123269651,0.935411706279637,0.09216744485743429,0.12857961115815175,0.9035559389965574,0.11617887129581604,0.12857961115815175,0.9035559389965574,0.11617887129581604,0.12857961115815175,0.9035559389965574,0.11617887129581604,0.12582376540737936,0.8584348584258884,0.10801150624409589,0.12582376540737936,0.8584348584258884,0.10801150624409589,0.12582376540737936,0.8584348584258884,0.10801150624409589
789.6993987975953,0.16506123265006556,0.9519862962219694,0.15713603152036873,0.16506123265006556,0.9519862962219694,0.15713603152036873,0.16506123265006556,0.9519862962219694,0.15713603152036873,0.16506123265006556,0.9519862962219694,0.15713603152036873,0.16506123265006556,0.9519862962219694,0.15713603152036873,0.16506123265006556,0.9519862962219694,0.15713603152036873,0.09732089553947479,0.9350083001760889,0.09099584510997903,0.09732089553947479,0.9350083001760889,0.09099584510997903,0.09732089553947479,0.9350083001760889,0.09099584510997903,0.12814860506577322,0.9032958972546694,0.11575610919482189,0.12814860506577322,0.9032958972546694,0.11575610919482189,0.12814860506577322,0.9032958972546694,0.11575610919482189,0.12708688827187423,0.8582863577571217,0.10907694245355319,0.12708688827187423,0.8582863577571217,0.10907694245355319,0.12708688827187423,0.8582863577571217,0.10907694245355319
791.683366733467,0.1648199937319987,0.9518683476062236,0.15688693508614573,0.1648199937319987,0.9518683476062236,0.15688693508614573,0.1648199937319987,0.9518683476062236,0.15688693508614573,0.1648199937319987,0.9518683476062236,0.15688693508614573,0.1648199937319987,0.9518683476062236,0.15688693508614573,0.1648199937319987,0.9518683476062236,0.15688693508614573,0.09645009215829482,0.9346127741871604,0.09014348820267121,0.09645009215829482,0.9346127741871604,0.09014348820267121,0.09645009215829482,0.9346127741871604,0.09014348820267121,0.1276882558232265,0.9030260682005025,0.11530582361142813,0.1276882558232265,0.9030260682005025,0.11530582361142813,0.1276882558232265,0.9030260682005025,0.11530582361142813,0.12835994910404921,0.8581354607474913,0.1101502240659278,0.12835994910404921,0.8581354607474913,0.1101502240659278,0.12835994910404921,0.8581354607474913,0.1101502240659278
793.6673346693386,0.16455711280616817,0.951753774887466,0.15661785329785313,0.16455711280616817,0.951753774887466,0.15661785329785313,0.16455711280616817,0.951753774887466,0.15661785329785313,0.16455711280616817,0.951753774887466,0.15661785329785313,0.16455711280616817,0.951753774887466,0.15661785329785313,0.16455711280616817,0.951753774887466,0.15661785329785313,0.09590561147676473,0.9342405508132325,0.08959891129213256,0.09590561147676473,0.9342405508132325,0.08959891129213256,0.09590561147676473,0.9342405508132325,0.08959891129213256,0.12718408202130463,0.9027609146197241,0.11481681821062298,0.12718408202130463,0.9027609146197241,0.11481681821062298,0.12718408202130463,0.9027609146197241,0.11481681821062298,0.12963374482401868,0.8579817966554953,0.11122339329129156,0.12963374482401868,0.8579817966554953,0.11122339329129156,0.12963374482401868,0.8579817966554953,0.11122339329129156
795.6513026052105,0.16427416628253352,0.9516420190033167,0.15633019927119676,0.16427416628253352,0.9516420190033167,0.15633019927119676,0.16427416628253352,0.9516420190033167,0.15633019927119676,0.16427416628253352,0.9516420190033167,0.15633019927119676,0.16427416628253352,0.9516420190033167,0.15633019927119676,0.16427416628253352,0.9516420190033167,0.15633019927119676,0.09563541963057312,0.9339008252621568,0.08931399731728491,0.09563541963057312,0.9339008252621568,0.08931399731728491,0.09563541963057312,0.9339008252621568,0.08931399731728491,0.12663046370782996,0.9025131146702,0.11428565421308534,0.12663046370782996,0.9025131146702,0.11428565421308534,0.12663046370782996,0.9025131146702,0.11428565421308534,0.13089796117857877,0.857825169249998,0.112287565702494,0.13089796117857877,0.857825169249998,0.112287565702494,0.13089796117857877,0.857825169249998,0.112287565702494
797.6352705410821,0.16397254362774577,0.9515325888552784,0.156025218939294,0.16397254362774577,0.9515325888552784,0.156025218939294,0.16397254362774577,0.9515325888552784,0.156025218939294,0.16397254362774577,0.9515325888552784,0.156025218939294,0.16397254362774577,0.9515325888552784,0.156025218939294,0.16397254362774577,0.9515325888552784,0.156025218939294,0.0955731667125401,0.9335962940670787,0.08922675425508252,0.0955731667125401,0.9335962940670787,0.08922675425508252,0.0955731667125401,0.9335962940670787,0.08922675425508252,0.12603009096795437,0.9022899252744698,0.11371568136181018,0.12603009096795437,0.9022899252744698,0.11371568136181018,0.12603009096795437,0.9022899252744698,0.11371568136181018,0.1321415334511674,0.8576655519296889,0.11333324122023092,0.1321415334511674,0.8576655519296889,0.11333324122023092,0.1321415334511674,0.8576655519296889,0.11333324122023092
799.6192384769539,0.16365345659288438,0.9514250525737058,0.1557039985427537,0.16365345659288438,0.9514250525737058,0.1557039985427537,0.16365345659288438,0.9514250525737058,0.1557039985427537,0.16365345659288438,0.9514250525737058,0.1557039985427537,0.16365345659288438,0.9514250525737058,0.1557039985427537,0.16365345659288438,0.9514250525737058,0.1557039985427537,0.09565721758536062,0.9333251859402528,0.08927929038938393,0.09565721758536062,0.9333251859402528,0.08927929038938393,0.09565721758536062,0.9333251859402528,0.08927929038938393,0.1253896009155056,0.9020930515575877,0.11311308772345655,0.1253896009155056,0.9020930515575877,0.11311308772345655,0.1253896009155056,0.9020930515575877,0.11311308772345655,0.133353117369145,0.85750307178067,0.11435070777557006,0.133353117369145,0.85750307178067,0.11435070777557006,0.133353117369145,0.85750307178067,0.11435070777557006
801.6032064128258,0.1633179480119065,0.951319029830984,0.155367471856674,0.1633179480119065,0.951319029830984,0.155367471856674,0.1633179480119065,0.951319029830984,0.155367471856674,0.1633179480119065,0.951319029830984,0.155367471856674,0.1633179480119065,0.951319029830984,0.155367471856674,0.1633179480119065,0.951319029830984,0.155367471856674,0.0958389790750152,0.9330835606635043,0.08942577584567026,0.0958389790750152,0.9330835606635043,0.08942577584567026,0.0958389790750152,0.9330835606635043,0.08942577584567026,0.12471540877763215,0.901920522630649,0.11248338666481703,0.12471540877763215,0.901920522630649,0.11248338666481703,0.12471540877763215,0.901920522630649,0.11248338666481703,0.13452163509712134,0.8573379778254956,0.11533050660794522,0.13452163509712134,0.8573379778254956,0.11533050660794522,0.13452163509712134,0.8573379778254956,0.11533050660794522
803.5871743486974,0.1629668996185538,0.9512141851873579,0.15501642663317258,0.1629668996185538,0.9512141851873579,0.15501642663317258,0.1629668996185538,0.9512141851873579,0.15501642663317258,0.1629668996185538,0.9512141851873579,0.15501642663317258,0.1629668996185538,0.9512141851873579,0.15501642663317258,0.1629668996185538,0.9512141851873579,0.15501642663317258,0.09608365254998619,0.9328668941609983,0.0896332585339501,0.09608365254998619,0.9328668941609983,0.0896332585339501,0.09608365254998619,0.9328668941609983,0.0896332585339501,0.12401143059932121,0.9017685671166159,0.11182961007763155,0.12401143059932121,0.9017685671166159,0.11182961007763155,0.12401143059932121,0.9017685671166159,0.11182961007763155,0.13563684595011452,0.8571705901041785,0.11626391528292922,0.13563684595011452,0.8571705901041785,0.11626391528292922,0.13563684595011452,0.8571705901041785,0.11626391528292922
805.5711422845691,0.16260103859425054,0.9511102223990753,0.15465150997969826,0.16260103859425054,0.9511102223990753,0.15465150997969826,0.16260103859425054,0.9511102223990753,0.15465150997969826,0.16260103859425054,0.9511102223990753,0.15465150997969826,0.16260103859425054,0.9511102223990753,0.15465150997969826,0.16260103859425054,0.9511102223990753,0.15465150997969826,0.09636777964344663,0.9326708991964916,0.08987942369362273,0.09636777964344663,0.9326708991964916,0.08987942369362273,0.09636777964344663,0.9326708991964916,0.08987942369362273,0.12327826450392539,0.9016327164817984,0.11115171650783591,0.12327826450392539,0.9016327164817984,0.11115171650783591,0.12327826450392539,0.9016327164817984,0.11115171650783591,0.1366898822750695,0.8570012306933483,0.11714339733306346,0.1366898822750695,0.8570012306933483,0.11714339733306346,0.1366898822750695,0.8570012306933483,0.11714339733306346
807.555110220441,0.16222094272948223,0.9510068795937366,0.15427323254991915,0.16222094272948223,0.9510068795937366,0.15427323254991915,0.16222094272948223,0.9510068795937366,0.15427323254991915,0.16222094272948223,0.9510068795937366,0.15427323254991915,0.16222094272948223,0.9510068795937366,0.15427323254991915,0.16222094272948223,0.9510068795937366,0.15427323254991915,0.09667621232776914,0.9324918435887195,0.09014977946469593,0.09667621232776914,0.9324918435887195,0.09014977946469593,0.09667621232776914,0.9324918435887195,0.09014977946469593,0.12251299033051659,0.9015082035441352,0.11044646582368402,0.12251299033051659,0.9015082035441352,0.11044646582368402,0.12251299033051659,0.9015082035441352,0.11044646582368402,0.1376736925048078,0.8568301503317887,0.11796297064562691,0.1376736925048078,0.8568301503317887,0.11796297064562691,0.1376736925048078,0.8568301503317887,0.11796297064562691
809.5390781563126,0.1618270441917553,0.9509039252101155,0.15388197152709093,0.1618270441917553,0.9509039252101155,0.15388197152709093,0.1618270441917553,0.9509039252101155,0.15388197152709093,0.1618270441917553,0.9509039252101155,0.15388197152709093,0.1618270441917553,0.9509039252101155,0.15388197152709093,0.1618270441917553,0.9509039252101155,0.15388197152709093,0.09699954198421554,0.9323266082392137,0.09043525397890087,0.09699954198421554,0.9323266082392137,0.09043525397890087,0.09699954198421554,0.9323266082392137,0.09043525397890087,0.12170912446090933,0.9013899067053202,0.10970737634300526,0.12170912446090933,0.9013899067053202,0.10970737634300526,0.12170912446090933,0.9013899067053202,0.10970737634300526,0.13858334709307737,0.8566574962461629,0.11871846314216862,0.13858334709307737,0.8566574962461629,0.11871846314216862,0.13858334709307737,0.8566574962461629,0.11871846314216862
811.5230460921844,0.16141963196910455,0.9508011546013968,0.15347797245155714,0.16141963196910455,0.9508011546013968,0.15347797245155714,0.16141963196910455,0.9508011546013968,0.15347797245155714,0.16141963196910455,0.9508011546013968,0.15347797245155714,0.16141963196910455,0.9508011546013968,0.15347797245155714,0.16141963196910455,0.9508011546013968,0.15347797245155714,0.09733220064426606,0.9321726342475991,0.09073041387168136,0.09733220064426606,0.9321726342475991,0.09073041387168136,0.09733220064426606,0.9321726342475991,0.09073041387168136,0.12085680958466206,0.9012720372179877,0.10892486298603479,0.12085680958466206,0.9012720372179877,0.10892486298603479,0.12085680958466206,0.9012720372179877,0.10892486298603479,0.1394161789044205,0.8564834189262508,0.11940764556169192,0.1394161789044205,0.8564834189262508,0.11940764556169192,0.1394161789044205,0.8564834189262508,0.11940764556169192
813.5070140280562,0.16099885311410547,0.950698387207062,0.15306134999776674,0.16099885311410547,0.950698387207062,0.15306134999776674,0.16099885311410547,0.950698387207062,0.15306134999776674,0.16099885311410547,0.950698387207062,0.15306134999776674,0.16099885311410547,0.950698387207062,0.15306134999776674,0.16099885311410547,0.950698387207062,0.15306134999776674,0.0976711475309577,0.9320278350720071,0.09103222818227712,0.0976711475309577,0.9320278350720071,0.09103222818227712,0.0976711475309577,0.9320278350720071,0.09103222818227712,0.11994417901073201,0.9011477838425538,0.10808743110033571,0.11994417901073201,0.9011477838425538,0.10808743110033571,0.11994417901073201,0.9011477838425538,0.10808743110033571,0.14017171973054313,0.8563083739168248,0.12003021739158629,0.14017171973054313,0.8563083739168248,0.12003021739158629,0.14017171973054313,0.8563083739168248,0.12003021739158629
815.4909819639279,0.16056471296320848,0.9505954642068725,0.1526320878545044,0.16056471296320848,0.9505954642068725,0.1526320878545044,0.16056471296320848,0.9505954642068725,0.1526320878545044,0.16056471296320848,0.9505954642068725,0.1526320878545044,0.16056471296320848,0.9505954642068725,0.1526320878545044,0.16056471296320848,0.9505954642068725,0.1526320878545044,0.09801499003399522,0.9318905072853012,0.09133923878434355,0.09801499003399522,0.9318905072853012,0.09133923878434355,0.09801499003399522,0.9318905072853012,0.09133923878434355,0.11896258724654091,0.9010094758616826,0.10718641838215551,0.11896258724654091,0.9010094758616826,0.10718641838215551,0.11896258724654091,0.9010094758616826,0.10718641838215551,0.14085137836896255,0.8561332804457158,0.12058755261832065,0.14085137836896255,0.8561332804457158,0.12058755261832065,0.14085137836896255,0.8561332804457158,0.12058755261832065
817.4749498997996,0.1601170745538021,0.9504922465790683,0.15219003790831154,0.1601170745538021,0.9504922465790683,0.15219003790831154,0.1601170745538021,0.9504922465790683,0.15219003790831154,0.1601170745538021,0.9504922465790683,0.15219003790831154,0.1601170745538021,0.9504922465790683,0.15219003790831154,0.1601170745538021,0.9504922465790683,0.15219003790831154,0.09836340533441885,0.9317592523355773,0.09165101301157945,0.09836340533441885,0.9317592523355773,0.09165101301157945,0.09836340533441885,0.9317592523355773,0.09165101301157945,0.11792057901478926,0.9008507702100688,0.10622884442909018,0.11792057901478926,0.9008507702100688,0.10622884442909018,0.11792057901478926,0.9008507702100688,0.10622884442909018,0.14145794473732937,0.8559589767103241,0.12108219762491002,0.14145794473732937,0.8559589767103241,0.12108219762491002,0.14145794473732937,0.8559589767103241,0.12108219762491002
819.4589178356714,0.15965565751414967,0.9503886134933286,0.15173491898123845,0.15965565751414967,0.9503886134933286,0.15173491898123845,0.15965565751414967,0.9503886134933286,0.15173491898123845,0.15965565751414967,0.9503886134933286,0.15173491898123845,0.15965565751414967,0.9503886134933286,0.15173491898123845,0.15965565751414967,0.9503886134933286,0.15173491898123845,0.0987167633009209,0.9316329122345263,0.09196778568040334,0.0987167633009209,0.9316329122345263,0.09196778568040334,0.0987167633009209,0.9316329122345263,0.09196778568040334,0.11686605716250345,0.9006727708608869,0.10525807552413878,0.11686605716250345,0.9006727708608869,0.10525807552413878,0.11686605716250345,0.9006727708608869,0.10525807552413878,0.14199516674366638,0.8557854667939265,0.12151740005420997,0.14199516674366638,0.8557854667939265,0.12151740005420997,0.14199516674366638,0.8557854667939265,0.12151740005420997
821.442885771543,0.15918003676057968,0.9502844609769667,0.1512663154313212,0.15918003676057968,0.9502844609769667,0.1512663154313212,0.15918003676057968,0.9502844609769667,0.1512663154313212,0.15918003676057968,0.9502844609769667,0.1512663154313212,0.15918003676057968,0.9502844609769667,0.1512663154313212,0.15918003676057968,0.9502844609769667,0.1512663154313212,0.099075882146331,0.9315105183178954,0.09229022633093152,0.099075882146331,0.9315105183178954,0.09229022633093152,0.099075882146331,0.9315105183178954,0.09229022633093152,0.11588746727631344,0.9004901688998033,0.10435552498101791,0.11588746727631344,0.9004901688998033,0.10435552498101791,0.11588746727631344,0.9004901688998033,0.10435552498101791,0.14246741981704747,0.8556118606450416,0.12189681415096225,0.14246741981704747,0.8556118606450416,0.12189681415096225,0.14246741981704747,0.8556118606450416,0.12189681415096225
823.4268537074148,0.15868964140322017,0.9501797008002537,0.1507836759886113,0.15868964140322017,0.9501797008002537,0.1507836759886113,0.15868964140322017,0.9501797008002537,0.1507836759886113,0.15868964140322017,0.9501797008002537,0.1507836759886113,0.15868964140322017,0.9501797008002537,0.1507836759886113,0.15868964140322017,0.9501797008002537,0.1507836759886113,0.09944187125570783,0.9313912510218729,0.09261928887280974,0.09944187125570783,0.9313912510218729,0.09261928887280974,0.09944187125570783,0.9313912510218729,0.09261928887280974,0.11505918136135494,0.9003244518502562,0.1035905943895011,0.11505918136135494,0.9003244518502562,0.1035905943895011,0.11505918136135494,0.9003244518502562,0.1035905943895011,0.1428793300677227,0.8554367924398772,0.1222242358190912,0.1428793300677227,0.8554367924398772,0.1222242358190912,0.1428793300677227,0.8554367924398772,0.1222242358190912
825.4108216432867,0.1581837543352575,0.9500742595338288,0.15028631327035086,0.1581837543352575,0.9500742595338288,0.15028631327035086,0.1581837543352575,0.9500742595338288,0.15028631327035086,0.1581837543352575,0.9500742595338288,0.15028631327035086,0.1581837543352575,0.9500742595338288,0.15028631327035086,0.1581837543352575,0.9500742595338288,0.15028631327035086,0.0998160313630661,0.9312744084903158,0.0929561155654902,0.0998160313630661,0.9312744084903158,0.0929561155654902,0.0998160313630661,0.9312744084903158,0.0929561155654902,0.11439193244280381,0.9001881993296614,0.10297426768352784,0.11439193244280381,0.9001881993296614,0.10297426768352784,0.11439193244280381,0.9001881993296614,0.10297426768352784,0.14323541110816645,0.8552588789044949,0.12250335712379488,0.14323541110816645,0.8552588789044949,0.12250335712379488,0.14323541110816645,0.8552588789044949,0.12250335712379488
827.3947895791583,0.1576615130581064,0.9499680777380064,0.14977340449307494,0.1576615130581064,0.9499680777380064,0.14977340449307494,0.1576615130581064,0.9499680777380064,0.14977340449307494,0.1576615130581064,0.9499680777380064,0.14977340449307494,0.1576615130581064,0.9499680777380064,0.14977340449307494,0.1576615130581064,0.9499680777380064,0.14977340449307494,0.10019979272309269,0.9311593820860228,0.09330197707718256,0.10019979272309269,0.9311593820860228,0.09330197707718256,0.10019979272309269,0.9311593820860228,0.09330197707718256,0.1138528664425215,0.9000817076863205,0.10247688245256732,0.1138528664425215,0.9000817076863205,0.10247688245256732,0.1138528664425215,0.9000817076863205,0.10247688245256732,0.14353993908565077,0.8550771329438737,0.12273771957629653,0.14353993908565077,0.8550771329438737,0.12273771957629653,0.14353993908565077,0.8550771329438737,0.12273771957629653
829.3787575150301,0.15712191237084022,0.9498611092505846,0.14924399397213944,0.15712191237084022,0.9498611092505846,0.14924399397213944,0.15712191237084022,0.9498611092505846,0.14924399397213944,0.15712191237084022,0.9498611092505846,0.14924399397213944,0.15712191237084022,0.9498611092505846,0.14924399397213944,0.15712191237084022,0.9498611092505846,0.14924399397213944,0.10059467877282882,0.931045637232524,0.09365823680024947,0.10059467877282882,0.931045637232524,0.09365823680024947,0.10059467877282882,0.931045637232524,0.09365823680024947,0.11340351770323975,0.8999996508847765,0.10206312634202135,0.11340351770323975,0.8999996508847765,0.10206312634202135,0.11340351770323975,0.8999996508847765,0.10206312634202135,0.14379702277643386,0.8548913035338607,0.1229308242456338,0.14379702277643386,0.8548913035338607,0.1229308242456338,0.14379702277643386,0.8548913035338607,0.1229308242456338
831.362725450902,0.15656380961878844,0.9497533205465432,0.14869699806286113,0.15656380961878844,0.9497533205465432,0.14869699806286113,0.15656380961878844,0.9497533205465432,0.14869699806286113,0.15656380961878844,0.9497533205465432,0.14869699806286113,0.15656380961878844,0.9497533205465432,0.14869699806286113,0.15656380961878844,0.9497533205465432,0.14869699806286113,0.10100228724149841,0.9309326983474377,0.0940263318009911,0.10100228724149841,0.9309326983474377,0.0940263318009911,0.10100228724149841,0.9309326983474377,0.0940263318009911,0.11301518662626082,0.8999361567990997,0.10170645271237018,0.11301518662626082,0.8999361567990997,0.10170645271237018,0.11301518662626082,0.8999361567990997,0.10170645271237018,0.14401033689500475,0.854702186075754,0.12308594976166637,0.14401033689500475,0.854702186075754,0.12308594976166637,0.14401033689500475,0.854702186075754,0.12308594976166637
833.3466933867735,0.15598593324264268,0.9496446901497022,0.14813121324192155,0.15598593324264268,0.9496446901497022,0.14813121324192155,0.15598593324264268,0.9496446901497022,0.14813121324192155,0.15598593324264268,0.9496446901497022,0.14813121324192155,0.15598593324264268,0.9496446901497022,0.14813121324192155,0.15598593324264268,0.9496446901497022,0.14813121324192155,0.10142428358522391,0.9308201369082288,0.09440776553261715,0.10142428358522391,0.9308201369082288,0.09440776553261715,0.10142428358522391,0.9308201369082288,0.09440776553261715,0.11266945916279424,0.8998864745291951,0.10138972239311803,0.11266945916279424,0.8998864745291951,0.10138972239311803,0.11266945916279424,0.8998864745291951,0.10138972239311803,0.144182449360096,0.8545119090620446,0.1232056200559372,0.144182449360096,0.8545119090620446,0.1232056200559372,0.144182449360096,0.8545119090620446,0.1232056200559372
835.3306613226454,0.15538689538215225,0.9495352080827518,0.14754532804002474,0.15538689538215225,0.9495352080827518,0.14754532804002474,0.15538689538215225,0.9495352080827518,0.14754532804002474,0.15538689538215225,0.9495352080827518,0.14754532804002474,0.15538689538215225,0.9495352080827518,0.14754532804002474,0.15538689538215225,0.9495352080827518,0.14754532804002474,0.10186240354820586,0.9307075619116794,0.09480410925681428,0.10186240354820586,0.9307075619116794,0.09480410925681428,0.10186240354820586,0.9307075619116794,0.09480410925681428,0.1123551641962262,0.8998470964509824,0.10110246827324751,0.1123551641962262,0.8998470964509824,0.10110246827324751,0.1123551641962262,0.8998470964509824,0.10110246827324751,0.14431441261217604,0.8543238422731407,0.12329124347822563,0.14431441261217604,0.8543238422731407,0.12329124347822563,0.14431441261217604,0.8543238422731407,0.12329124347822563
837.3146292585171,0.15476520925152526,0.9494248753476329,0.1469379395017797,0.15476520925152526,0.9494248753476329,0.1469379395017797,0.15476520925152526,0.9494248753476329,0.1469379395017797,0.15476520925152526,0.9494248753476329,0.1469379395017797,0.15476520925152526,0.9494248753476329,0.1469379395017797,0.15476520925152526,0.9494248753476329,0.1469379395017797,0.10231846293669754,0.9305946121563415,0.09521701033300906,0.10231846293669754,0.9305946121563415,0.09521701033300906,0.10231846293669754,0.9305946121563415,0.09521701033300906,0.11206568447491382,0.8998154884779692,0.10083843861741254,0.11206568447491382,0.8998154884779692,0.10083843861741254,0.11206568447491382,0.8998154884779692,0.10083843861741254,0.14440604215004654,0.8541418381026926,0.12334324227517567,0.14440604215004654,0.8541418381026926,0.12334324227517567,0.14440604215004654,0.8541418381026926,0.12334324227517567
839.2985971943888,0.15411931189966965,0.9493137034324757,0.14630757474994022,0.15411931189966965,0.9493137034324757,0.14630757474994022,0.15411931189966965,0.9493137034324757,0.14630757474994022,0.15411931189966965,0.9493137034324757,0.14630757474994022,0.15411931189966965,0.9493137034324757,0.14630757474994022,0.15411931189966965,0.9493137034324757,0.14630757474994022,0.102794373560216,0.9304809499022806,0.09564820635491966,0.102794373560216,0.9304809499022806,0.09564820635491966,0.102794373560216,0.9304809499022806,0.09564820635491966,0.11179717924259916,0.8997898089963183,0.10059396255702546,0.11179717924259916,0.8997898089963183,0.10059396255702546,0.11179717924259916,0.8997898089963183,0.10059396255702546,0.14445670473070854,0.853969134008434,0.12336156704059523,0.14445670473070854,0.853969134008434,0.12336156704059523,0.14445670473070854,0.853969134008434,0.12336156704059523
841.2825651302607,0.15344759278070463,0.9492017138435183,0.14565271805260713,0.15344759278070463,0.9492017138435183,0.14565271805260713,0.15344759278070463,0.9492017138435183,0.14565271805260713,0.15344759278070463,0.9492017138435183,0.14565271805260713,0.15344759278070463,0.9492017138435183,0.14565271805260713,0.15344759278070463,0.9492017138435183,0.14565271805260713,0.10329216488344943,0.9303662555537817,0.09609954467065868,0.10329216488344943,0.9303662555537817,0.09609954467065868,0.10329216488344943,0.9303662555537817,0.09609954467065868,0.11154749842644032,0.8997686959147373,0.10036694719170942,0.11154749842644032,0.8997686959147373,0.10036694719170942,0.11154749842644032,0.8997686959147373,0.10036694719170942,0.14446611506266813,0.8538075895437914,0.12334626547241269,0.14446611506266813,0.8538075895437914,0.12334626547241269,0.14446611506266813,0.8538075895437914,0.12334626547241269
843.2665330661324,0.15274842827542282,0.9490889376599779,0.14497184352115236,0.15274842827542282,0.9490889376599779,0.14497184352115236,0.15274842827542282,0.9490889376599779,0.14497184352115236,0.15274842827542282,0.9490889376599779,0.14497184352115236,0.15274842827542282,0.9490889376599779,0.14497184352115236,0.15274842827542282,0.9490889376599779,0.14497184352115236,0.10381401132149734,0.9302502230763336,0.09657300719027193,0.10381401132149734,0.9302502230763336,0.09657300719027193,0.10381401132149734,0.9302502230763336,0.09657300719027193,0.11131552867238341,0.8997511186249533,0.10015627144330504,0.11131552867238341,0.8997511186249533,0.10015627144330504,0.11131552867238341,0.8997511186249533,0.10015627144330504,0.1444347585947298,0.8536575876603011,0.12329782759627497,0.1444347585947298,0.8536575876603011,0.12329782759627497,0.1444347585947298,0.8536575876603011,0.12329782759627497
845.2505010020041,0.1520202219167455,0.9489754151062416,0.14426345319798653,0.1520202219167455,0.9489754151062416,0.14426345319798653,0.1520202219167455,0.9489754151062416,0.14426345319798653,0.1520202219167455,0.9489754151062416,0.14426345319798653,0.1520202219167455,0.9489754151062416,0.14426345319798653,0.1520202219167455,0.9489754151062416,0.14426345319798653,0.10436226533732461,0.9301325559058007,0.09707074059832509,0.10436226533732461,0.9301325559058007,0.09707074059832509,0.10436226533732461,0.9301325559058007,0.09707074059832509,0.11110079501900859,0.8997362772316528,0.09996141570787975,0.11110079501900859,0.8997362772316528,0.09996141570787975,0.11110079501900859,0.8997362772316528,0.09996141570787975,0.1443639124226604,0.8535184029865138,0.12321725597987404,0.1443639124226604,0.8535184029865138,0.12321725597987404,0.1443639124226604,0.8535184029865138,0.12321725597987404
847.2344689378758,0.15126144958744667,0.94886119512885,0.14352611983246694,0.15126144958744667,0.94886119512885,0.14352611983246694,0.15126144958744667,0.94886119512885,0.14352611983246694,0.15126144958744667,0.94886119512885,0.14352611983246694,0.15126144958744667,0.94886119512885,0.14352611983246694,0.15126144958744667,0.94886119512885,0.14352611983246694,0.1049394965657013,0.9300129631413145,0.09759509215162566,0.1049394965657013,0.9300129631413145,0.09759509215162566,0.1049394965657013,0.9300129631413145,0.09759509215162566,0.11090321308999677,0.8997235336536094,0.09978223077487113,0.11090321308999677,0.8997235336536094,0.09978223077487113,0.11090321308999677,0.8997235336536094,0.09978223077487113,0.14425544803000098,0.8533886786187047,0.12310596617787177,0.14425544803000098,0.8533886786187047,0.12310596617787177,0.14425544803000098,0.8533886786187047,0.12310596617787177
849.2184368737475,0.15047070839863963,0.9487463349559214,0.14275853311143052,0.15047070839863963,0.9487463349559214,0.14275853311143052,0.15047070839863963,0.9487463349559214,0.14275853311143052,0.15047070839863963,0.9487463349559214,0.14275853311143052,0.15047070839863963,0.9487463349559214,0.14275853311143052,0.15047070839863963,0.9487463349559214,0.14275853311143052,0.10554853706094111,0.9298911558399777,0.09814865112481726,0.10554853706094111,0.9298911558399777,0.09814865112481726,0.10554853706094111,0.9298911558399777,0.09814865112481726,0.1107229313625653,0.8997123637724443,0.09961879030002774,0.1107229313625653,0.8997123637724443,0.09961879030002774,0.1107229313625653,0.8997123637724443,0.09961879030002774,0.14411158676701816,0.853266797829616,0.12296563217083845,0.14411158676701816,0.853266797829616,0.12296563217083845,0.14411158676701816,0.853266797829616,0.12296563217083845
851.2024048096192,0.1496467673641563,0.9486308996049224,0.14195954754762813,0.1496467673641563,0.9486308996049224,0.14195954754762813,0.1496467673641563,0.9486308996049224,0.14195954754762813,0.1496467673641563,0.9486308996049224,0.14195954754762813,0.1496467673641563,0.9486308996049224,0.14195954754762813,0.1496467673641563,0.9486308996049224,0.14195954754762813,0.10619253237786301,0.9297668432579508,0.09873429560653342,0.10619253237786301,0.9297668432579508,0.09873429560653342,0.10619253237786301,0.9297668432579508,0.09873429560653342,0.11056022883827653,0.8997023235049929,0.09947129477304112,0.11056022883827653,0.8997023235049929,0.09947129477304112,0.11056022883827653,0.8997023235049929,0.09947129477304112,0.14393468810211435,0.8531511063335298,0.1227980383940904,0.14393468810211435,0.8531511063335298,0.1227980383940904,0.14393468810211435,0.8531511063335298,0.1227980383940904
853.1863727454911,0.1487886174203898,0.9485149612927257,0.1411282296932992,0.1487886174203898,0.9485149612927257,0.1411282296932992,0.1487886174203898,0.9485149612927257,0.1411282296932992,0.1487886174203898,0.9485149612927257,0.1411282296932992,0.1487886174203898,0.9485149612927257,0.1411282296932992,0.1487886174203898,0.9485149612927257,0.1411282296932992,0.10687499743264903,0.9296397289177798,0.09935524364137625,0.10687499743264903,0.9296397289177798,0.09935524364137625,0.10687499743264903,0.9296397289177798,0.09935524364137625,0.11041544791562037,0.8996930241900888,0.09934000825250773,0.11041544791562037,0.8996930241900888,0.09934000825250773,0.11041544791562037,0.8996930241900888,0.09934000825250773,0.14372708643250248,0.8530400199427167,0.12260495667669048,0.14372708643250248,0.8530400199427167,0.12260495667669048,0.14372708643250248,0.8530400199427167,0.12260495667669048
855.1703406813627,0.14789551788091612,0.9483985986918808,0.14026390191107085,0.14789551788091612,0.9483985986918808,0.14026390191107085,0.14789551788091612,0.9483985986918808,0.14026390191107085,0.14789551788091612,0.9483985986918808,0.14026390191107085,0.14789551788091612,0.9483985986918808,0.14026390191107085,0.14789551788091612,0.9483985986918808,0.14026390191107085,0.10759987478223354,0.9295095064382719,0.10001510650165375,0.10759987478223354,0.9295095064382719,0.10001510650165375,0.10759987478223354,0.9295095064382719,0.10001510650165375,0.11028895035906874,0.8996841142927309,0.09922521662007372,0.11028895035906874,0.8996841142927309,0.09922521662007372,0.11028895035906874,0.8996841142927309,0.09922521662007372,0.14349096760645036,0.8529320647621985,0.12238804727529545,0.14349096760645036,0.8529320647621985,0.12238804727529545,0.14349096760645036,0.8529320647621985,0.12238804727529545
857.1543086172345,0.1469670361450709,0.9482818959714094,0.1393661796809465,0.1469670361450709,0.9482818959714094,0.1393661796809465,0.1469670361450709,0.9482818959714094,0.1393661796809465,0.1469670361450709,0.9482818959714094,0.1393661796809465,0.1469670361450709,0.9482818959714094,0.1393661796809465,0.1469670361450709,0.9482818959714094,0.1393661796809465,0.10837159086852699,0.929375855158238,0.10071793993829596,0.10837159086852699,0.929375855158238,0.10071793993829596,0.10837159086852699,0.929375855158238,0.10071793993829596,0.1101810888177423,0.899675265440766,0.09912720032865492,0.1101810888177423,0.899675265440766,0.09912720032865492,0.1101810888177423,0.899675265440766,0.09912720032865492,0.14322827273816646,0.852825885244031,0.12214877848990033,0.14322827273816646,0.852825885244031,0.12214877848990033,0.14322827273816646,0.852825885244031,0.12214877848990033
859.1382765531063,0.14600307747757715,0.9481649415613524,0.13843499942430457,0.14600307747757715,0.9481649415613524,0.13843499942430457,0.14600307747757715,0.9481649415613524,0.13843499942430457,0.14600307747757715,0.9481649415613524,0.13843499942430457,0.14600307747757715,0.9481649415613524,0.13843499942430457,0.14600307747757715,0.9481649415613524,0.13843499942430457,0.10919510258324952,0.9292384357429281,0.10146828631524735,0.10919510258324952,0.9292384357429281,0.10146828631524735,0.10919510258324952,0.9292384357429281,0.10146828631524735,0.11009218895315209,0.8996661614406245,0.09904621704007827,0.11009218895315209,0.8996661614406245,0.09904621704007827,0.11009218895315209,0.8996661614406245,0.09904621704007827,0.1429406199864147,0.8527202416039837,0.12188836000983876,0.1429406199864147,0.8527202416039837,0.12188836000983876,0.1429406199864147,0.8527202416039837,0.12188836000983876
861.1222444889779,0.14500390199606084,0.9480478265891014,0.13747063413430452,0.14500390199606084,0.9480478265891014,0.13747063413430452,0.14500390199606084,0.9480478265891014,0.13747063413430452,0.14500390199606084,0.9480478265891014,0.13747063413430452,0.14500390199606084,0.9480478265891014,0.13747063413430452,0.14500390199606084,0.9480478265891014,0.13747063413430452,0.11007592184571273,0.9290968862136347,0.1022711962339471,0.11007592184571273,0.9290968862136347,0.1022711962339471,0.11007592184571273,0.9290968862136347,0.1022711962339471,0.11002253876594176,0.8996564893108459,0.0989824909712336,0.11002253876594176,0.8996564893108459,0.0989824909712336,0.11002253876594176,0.8996564893108459,0.0989824909712336,0.1426292390743667,0.8526140084340273,0.12160768724709099,0.1426292390743667,0.8526140084340273,0.12160768724709099,0.1426292390743667,0.8526140084340273,0.12160768724709099
863.1062124248497,0.1439701266578475,0.9479306429522394,0.13647369472868873,0.1439701266578475,0.9479306429522394,0.13647369472868873,0.1439701266578475,0.9479306429522394,0.13647369472868873,0.1439701266578475,0.9479306429522394,0.13647369472868873,0.1439701266578475,0.9479306429522394,0.13647369472868873,0.1439701266578475,0.9479306429522394,0.13647369472868873,0.11102009937836997,0.9289508192245362,0.1031322122679262,0.11102009937836997,0.9289508192245362,0.1031322122679262,0.11102009937836997,0.9289508192245362,0.1031322122679262,0.10997238265172801,0.899645931611755,0.09893620664227826,0.10997238265172801,0.899645931611755,0.09893620664227826,0.10997238265172801,0.899645931611755,0.09893620664227826,0.14229491746077197,0.8525061806153852,0.1213072966054642,0.14229491746077197,0.8525061806153852,0.1213072966054642,0.14229491746077197,0.8525061806153852,0.1213072966054642
865.0901803607215,0.142902710987159,0.9478134810156167,0.1354451159473078,0.142902710987159,0.9478134810156167,0.1354451159473078,0.142902710987159,0.9478134810156167,0.1354451159473078,0.142902710987159,0.9478134810156167,0.1354451159473078,0.142902710987159,0.9478134810156167,0.1354451159473078,0.142902710987159,0.9478134810156167,0.1354451159473078,0.1120341403164989,0.9287998219636668,0.10405728957981665,0.1120341403164989,0.9287998219636668,0.10405728957981665,0.1120341403164989,0.9287998219636668,0.10405728957981665,0.10994191833866604,0.8996341594872126,0.09890750529701758,0.10994191833866604,0.8996341594872126,0.09890750529701758,0.10994191833866604,0.8996341594872126,0.09890750529701758,0.14193796155874946,0.8523958892130165,0.1209873349559532,0.14193796155874946,0.8523958892130165,0.1209873349559532,0.14193796155874946,0.8523958892130165,0.1209873349559532
867.0741482965932,0.14180292643539977,0.9476964269464987,0.13438612671338557,0.14180292643539977,0.9476964269464987,0.13438612671338557,0.14180292643539977,0.9476964269464987,0.13438612671338557,0.14180292643539977,0.9476964269464987,0.13438612671338557,0.14180292643539977,0.9476964269464987,0.13438612671338557,0.14180292643539977,0.9476964269464987,0.13438612671338557,0.11312481404466863,0.9286434607949292,0.1050526188162239,0.11312481404466863,0.9286434607949292,0.1050526188162239,0.11312481404466863,0.9286434607949292,0.1050526188162239,0.1099312953253349,0.8996208258963694,0.09889648269243546,0.1099312953253349,0.8996208258963694,0.09889648269243546,0.1099312953253349,0.8996208258963694,0.09889648269243546,0.14155818126325156,0.8522824274326134,0.12064755034998993,0.14155818126325156,0.8522824274326134,0.12064755034998993,0.14155818126325156,0.8522824274326134,0.12064755034998993
869.058116232465,0.14067231048421258,0.9475795597265685,0.1332982060343493,0.14067231048421258,0.9475795597265685,0.1332982060343493,0.14067231048421258,0.9475795597265685,0.1332982060343493,0.14067231048421258,0.9475795597265685,0.1332982060343493,0.14067231048421258,0.9475795597265685,0.1332982060343493,0.14067231048421258,0.9475795597265685,0.1332982060343493,0.11429881028763388,0.9284812936444453,0.10612430723788334,0.11429881028763388,0.9284812936444453,0.10612430723788334,0.11429881028763388,0.9284812936444453,0.10612430723788334,0.10994061385799503,0.8996055585092286,0.09890318733256906,0.10994061385799503,0.8996055585092286,0.09890318733256906,0.10994061385799503,0.8996055585092286,0.09890318733256906,0.14115491030765523,0.8521652839785837,0.12028731422729454,0.14115491030765523,0.8521652839785837,0.12028731422729454,0.14115491030765523,0.8521652839785837,0.12028731422729454
871.0420841683368,0.13951260772688504,0.9474629478986705,0.13218302658594533,0.13951260772688504,0.9474629478986705,0.13218302658594533,0.13951260772688504,0.9474629478986705,0.13218302658594533,0.13951260772688504,0.9474629478986705,0.13218302658594533,0.13951260772688504,0.9474629478986705,0.13218302658594533,0.13951260772688504,0.9474629478986705,0.13218302658594533,0.11556218688619738,0.928312893996081,0.10727786814484185,0.11556218688619738,0.928312893996081,0.10727786814484185,0.11556218688619738,0.928312893996081,0.10727786814484185,0.10996992396674689,0.8995879516645077,0.09892761864594748,0.10996992396674689,0.8995879516645077,0.09892761864594748,0.10996992396674689,0.8995879516645077,0.09892761864594748,0.14072707645857802,0.8520441779895813,0.11990568618202607,0.14072707645857802,0.8520441779895813,0.11990568618202607,0.14072707645857802,0.8520441779895813,0.11990568618202607
873.0260521042084,0.1383257010509388,0.9473466461152834,0.1310423889621522,0.1383257010509388,0.9473466461152834,0.1310423889621522,0.1383257010509388,0.9473466461152834,0.1310423889621522,0.1383257010509388,0.9473466461152834,0.1310423889621522,0.1383257010509388,0.9473466461152834,0.1310423889621522,0.1383257010509388,0.9473466461152834,0.1310423889621522,0.11691955939689047,0.9281378907915123,0.10851747325090287,0.11691955939689047,0.9281378907915123,0.10851747325090287,0.11691955939689047,0.9281378907915123,0.10851747325090287,0.11001922476343094,0.8995675566217385,0.09896972520185744,0.11001922476343094,0.8995675566217385,0.09896972520185744,0.11001922476343094,0.8995675566217385,0.09896972520185744,0.14027333152001037,0.8519190868947067,0.11950152850420571,0.14027333152001037,0.8519190868947067,0.11950152850420571,0.14027333152001037,0.8519190868947067,0.11950152850420571
875.0100200400801,0.13711353658348618,0.9472306915519756,0.12987815007911271,0.13711353658348618,0.9472306915519756,0.12987815007911271,0.13711353658348618,0.9472306915519756,0.12987815007911271,0.13711353658348618,0.9472306915519756,0.12987815007911271,0.13711353658348618,0.9472306915519756,0.12987815007911271,0.13711353658348618,0.9472306915519756,0.12987815007911271,0.11837301060355641,0.9279560277851484,0.10984494871664546,0.11837301060355641,0.9279560277851484,0.10984494871664546,0.11837301060355641,0.9279560277851484,0.10984494871664546,0.11008846532792244,0.8995438690427625,0.09902940403805936,0.11008846532792244,0.8995438690427625,0.09902940403805936,0.11008846532792244,0.8995438690427625,0.09902940403805936,0.13979223981075795,0.8517902582483372,0.119073668049519,0.13979223981075795,0.8517902582483372,0.119073668049519,0.13979223981075795,0.8517902582483372,0.119073668049519
876.993987975952,0.1358780461993372,0.9471151002313994,0.12869214934533196,0.1358780461993372,0.9471151002313994,0.12869214934533196,0.1358780461993372,0.9471151002313994,0.12869214934533196,0.1358780461993372,0.9471151002313994,0.12869214934533196,0.1358780461993372,0.9471151002313994,0.12869214934533196,0.1358780461993372,0.9471151002313994,0.12869214934533196,0.1199207636221749,0.9277672429153898,0.11125855623405338,0.1199207636221749,0.9277672429153898,0.11125855623405338,0.1199207636221749,0.9277672429153898,0.11125855623405338,0.11017755050185936,0.8995163121462517,0.09910650390873993,0.11017755050185936,0.8995163121462517,0.09910650390873993,0.11017755050185936,0.8995163121462517,0.09910650390873993,0.13928250593335056,0.8516582025826271,0.11862108865440144,0.13928250593335056,0.8516582025826271,0.11862108865440144,0.13928250593335056,0.8516582025826271,0.11862108865440144
878.9779559118236,0.13462107114281374,0.946999863272319,0.12748613596581773,0.13462107114281374,0.946999863272319,0.12748613596581773,0.13462107114281374,0.946999863272319,0.12748613596581773,0.13462107114281374,0.946999863272319,0.12748613596581773,0.13462107114281374,0.946999863272319,0.12748613596581773,0.13462107114281374,0.946999863272319,0.12748613596581773,0.1215557743663481,0.9275717619960738,0.11275170380979069,0.1215557743663481,0.9275717619960738,0.11275170380979069,0.1215557743663481,0.9275717619960738,0.11275170380979069,0.11028635856111829,0.8994842131946786,0.0992008384564537,0.11028635856111829,0.8994842131946786,0.0992008384564537,0.11028635856111829,0.8994842131946786,0.0992008384564537,0.1387431990120248,0.8515236785991522,0.11814311920333363,0.1387431990120248,0.8515236785991522,0.11814311920333363,0.1387431990120248,0.8515236785991522,0.11814311920333363
880.9619238476954,0.13334428974830537,0.9468849430355982,0.12626170020244643,0.13334428974830537,0.9468849430355982,0.12626170020244643,0.13334428974830537,0.9468849430355982,0.12626170020244643,0.13334428974830537,0.9468849430355982,0.12626170020244643,0.13334428974830537,0.9468849430355982,0.12626170020244643,0.13334428974830537,0.9468849430355982,0.12626170020244643,0.12326454455102853,0.9273701915019948,0.11431186428569351,0.12326454455102853,0.9273701915019948,0.11431186428569351,0.12326454455102853,0.9273701915019948,0.11431186428569351,0.11041478452549325,0.8994467697643597,0.0993122212756827,0.11041478452549325,0.8994467697643597,0.0993122212756827,0.11041478452549325,0.8994467697643597,0.0993122212756827,0.1381738968847426,0.8513876896454432,0.11763955483800871,0.1381738968847426,0.8513876896454432,0.11763955483800871,0.1381738968847426,0.8513876896454432,0.11763955483800871
882.9458917835673,0.13204915147180915,0.9467702690873375,0.12502021067171934,0.13204915147180915,0.9467702690873375,0.12502021067171934,0.13204915147180915,0.9467702690873375,0.12502021067171934,0.13204915147180915,0.9467702690873375,0.12502021067171934,0.13204915147180915,0.9467702690873375,0.12502021067171934,0.13204915147180915,0.9467702690873375,0.12502021067171934,0.12502658057210167,0.9271635849108161,0.11592009265237077,0.12502658057210167,0.9271635849108161,0.11592009265237077,0.12502658057210167,0.9271635849108161,0.11592009265237077,0.11056283552675203,0.8994030004863233,0.09944054601503663,0.11056283552675203,0.8994030004863233,0.09944054601503663,0.11056283552675203,0.8994030004863233,0.09944054601503663,0.1375746502003977,0.8512514617085798,0.1171106220771351,0.1375746502003977,0.8512514617085798,0.1171106220771351,0.1375746502003977,0.8512514617085798,0.1171106220771351
884.9298597194389,0.1307368185930105,0.9466557338404611,0.1237627589451336,0.1307368185930105,0.9466557338404611,0.1237627589451336,0.1307368185930105,0.9466557338404611,0.1237627589451336,0.1307368185930105,0.9466557338404611,0.1237627589451336,0.1307368185930105,0.9466557338404611,0.1237627589451336,0.1307368185930105,0.9466557338404611,0.1237627589451336,0.12681492948150988,0.9269534517863112,0.11755153662092321,0.12681492948150988,0.9269534517863112,0.11755153662092321,0.12681492948150988,0.9269534517863112,0.11755153662092321,0.11073082817926588,0.8993516726727278,0.09958595553945919,0.11073082817926588,0.8993516726727278,0.09958595553945919,0.11073082817926588,0.8993516726727278,0.09958595553945919,0.13694576509520426,0.8511162882647765,0.11655677128141023,0.13694576509520426,0.8511162882647765,0.11655677128141023,0.13694576509520426,0.8511162882647765,0.11655677128141023
886.9138276553106,0.12940811613858294,0.9465411876709446,0.12249011194407383,0.12940811613858294,0.9465411876709446,0.12249011194407383,0.12940811613858294,0.9465411876709446,0.12249011194407383,0.12940811613858294,0.9465411876709446,0.12249011194407383,0.12940811613858294,0.9465411876709446,0.12249011194407383,0.12940811613858294,0.9465411876709446,0.12249011194407383,0.12859801850987257,0.9267416857288935,0.11917714445523475,0.12859801850987257,0.9267416857288935,0.11917714445523475,0.12859801850987257,0.9267416857288935,0.11917714445523475,0.11091978078113549,0.8992911972810698,0.09974918246082112,0.11091978078113549,0.8992911972810698,0.09974918246082112,0.11091978078113549,0.8992911972810698,0.09974918246082112,0.13628760479043062,0.8509832406803752,0.11597846758912687,0.13628760479043062,0.8509832406803752,0.11597846758912687,0.13628760479043062,0.8509832406803752,0.11597846758912687
888.8977955911824,0.12806348991973435,0.9464264332329462,0.12120267199209754,0.12806348991973435,0.9464264332329462,0.12120267199209754,0.12806348991973435,0.9464264332329462,0.12120267199209754,0.12806348991973435,0.9464264332329462,0.12120267199209754,0.12806348991973435,0.9464264332329462,0.12120267199209754,0.12806348991973435,0.9464264332329462,0.12120267199209754,0.13034261516380724,0.9265304093125897,0.12076639657859568,0.13034261516380724,0.9265304093125897,0.12076639657859568,0.13034261516380724,0.9265304093125897,0.12076639657859568,0.11113216735977001,0.8992194835103369,0.09993221013463671,0.11113216735977001,0.8992194835103369,0.09993221013463671,0.11113216735977001,0.8992194835103369,0.09993221013463671,0.1356005339787158,0.8508529654297724,0.11537611644965096,0.1356005339787158,0.8508529654297724,0.11537611644965096,0.1356005339787158,0.8508529654297724,0.11537611644965096
890.8817635270541,0.12670297215945234,0.9463112186160707,0.11990044398648943,0.12670297215945234,0.9463112186160707,0.11990044398648943,0.12670297215945234,0.9463112186160707,0.11990044398648943,0.12670297215945234,0.9463112186160707,0.11990044398648943,0.12670297215945234,0.9463112186160707,0.11990044398648943,0.12670297215945234,0.9463112186160707,0.11990044398648943,0.1320172789079073,0.9263217638743934,0.12229047865987043,0.1320172789079073,0.9263217638743934,0.12229047865987043,0.1320172789079073,0.9263217638743934,0.12229047865987043,0.11137331152435286,0.8991337625424987,0.10013950463770921,0.11137331152435286,0.8991337625424987,0.10013950463770921,0.11137331152435286,0.8991337625424987,0.10013950463770921,0.13488490143001758,0.8507256631229839,0.11475004721433003,0.13488490143001758,0.8507256631229839,0.11475004721433003,0.13488490143001758,0.8507256631229839,0.11475004721433003
892.8657314629259,0.12532615408635403,0.9461952288942067,0.11858300905216837,0.12532615408635403,0.9461952288942067,0.11858300905216837,0.12532615408635403,0.9461952288942067,0.11858300905216837,0.12532615408635403,0.9461952288942067,0.11858300905216837,0.12532615408635403,0.9461952288942067,0.11858300905216837,0.12532615408635403,0.9461952288942067,0.11858300905216837,0.13359545013187568,0.9261176936892612,0.12372511016351141,0.13359545013187568,0.9261176936892612,0.12372511016351141,0.13359545013187568,0.9261176936892612,0.12372511016351141,0.11165379169419858,0.8990304552497929,0.10038015917720089,0.11165379169419858,0.8990304552497929,0.10038015917720089,0.11165379169419858,0.8990304552497929,0.10038015917720089,0.13414102058439745,0.8506011439681316,0.11410050556214116,0.13414102058439745,0.8506011439681316,0.11410050556214116,0.13414102058439745,0.8506011439681316,0.11410050556214116
894.8496993987977,0.12393216518191177,0.9460780755045183,0.11724950432841116,0.12393216518191177,0.9460780755045183,0.11724950432841116,0.12393216518191177,0.9460780755045183,0.11724950432841116,0.12393216518191177,0.9460780755045183,0.11724950432841116,0.12393216518191177,0.9460780755045183,0.11724950432841116,0.12393216518191177,0.9460780755045183,0.11724950432841116,0.1350574678830173,0.9259197744407243,0.12505238019877876,0.1350574678830173,0.9259197744407243,0.12505238019877876,0.1350574678830173,0.9259197744407243,0.12505238019877876,0.11199299851202431,0.8989053447761486,0.10067110493996591,0.11199299851202431,0.8989053447761486,0.10067110493996591,0.11199299851202431,0.8989053447761486,0.10067110493996591,0.13336924641630332,0.8504788728804921,0.11342772636905825,0.13336924641630332,0.8504788728804921,0.11342772636905825,0.13336924641630332,0.8504788728804921,0.11342772636905825
896.8336673346694,0.12251965961829395,0.9459592827642339,0.11589860933703941,0.12251965961829395,0.9459592827642339,0.11589860933703941,0.12251965961829395,0.9459592827642339,0.11589860933703941,0.12251965961829395,0.9459592827642339,0.11589860933703941,0.12251965961829395,0.9459592827642339,0.11589860933703941,0.12251965961829395,0.9459592827642339,0.11589860933703941,0.13639123356977373,0.9257291154449033,0.12626133600698583,0.13639123356977373,0.9257291154449033,0.12626133600698583,0.13639123356977373,0.9257291154449033,0.12626133600698583,0.11242243160899595,0.8987546925172003,0.10104018795277914,0.11242243160899595,0.8987546925172003,0.10104018795277914,0.11242243160899595,0.8987546925172003,0.10104018795277914,0.1325702823070765,0.8503579777803356,0.11273219717641376,0.1325702823070765,0.8503579777803356,0.11273219717641376,0.1325702823070765,0.8503579777803356,0.11273219717641376
898.8176352705411,0.1210868120386687,0.9458382706835934,0.11452854090124372,0.1210868120386687,0.9458382706835934,0.11452854090124372,0.1210868120386687,0.9458382706835934,0.11452854090124372,0.1210868120386687,0.9458382706835934,0.11452854090124372,0.1210868120386687,0.9458382706835934,0.11452854090124372,0.1210868120386687,0.9458382706835934,0.11452854090124372,0.13759168951381537,0.925546337051103,0.12734748423818448,0.13759168951381537,0.925546337051103,0.12734748423818448,0.13759168951381537,0.925546337051103,0.12734748423818448,0.11298295806508836,0.8985781694929686,0.10152401964202794,0.11298295806508836,0.8985781694929686,0.10152401964202794,0.11298295806508836,0.8985781694929686,0.10152401964202794,0.13174586859307683,0.8502372563722552,0.1120152458509573,0.13174586859307683,0.8502372563722552,0.1120152458509573,0.13174586859307683,0.8502372563722552,0.1120152458509573
900.8016032064129,0.1196313275963955,0.9457143330799823,0.11313706119329806,0.1196313275963955,0.9457143330799823,0.11313706119329806,0.1196313275963955,0.9457143330799823,0.11313706119329806,0.1196313275963955,0.9457143330799823,0.11313706119329806,0.1196313275963955,0.9457143330799823,0.11313706119329806,0.1196313275963955,0.9457143330799823,0.11313706119329806,0.1386595470206415,0.9253716036096337,0.12831160738227643,0.1386595470206415,0.9253716036096337,0.12831160738227643,0.1386595470206415,0.9253716036096337,0.12831160738227643,0.11370661233940291,0.8983829180432655,0.10215207819428716,0.11370661233940291,0.8983829180432655,0.10215207819428716,0.11370661233940291,0.8983829180432655,0.10215207819428716,0.1309000164541109,0.8501152705743926,0.11128010290607893,0.1309000164541109,0.8501152705743926,0.11128010290607893,0.1309000164541109,0.8501152705743926,0.11128010290607893
902.7855711422845,0.11815047573745294,0.945586609883185,0.11172150780866362,0.11815047573745294,0.945586609883185,0.11172150780866362,0.11815047573745294,0.945586609883185,0.11172150780866362,0.11815047573745294,0.945586609883185,0.11172150780866362,0.11815047573745294,0.945586609883185,0.11172150780866362,0.11815047573745294,0.945586609883185,0.11172150780866362,0.13959973134860526,0.9252046846095509,0.12915832541396435,0.13959973134860526,0.9252046846095509,0.12915832541396435,0.13959973134860526,0.9252046846095509,0.12915832541396435,0.11458790379630969,0.8981838575270852,0.10292100545771196,0.11458790379630969,0.8981838575270852,0.10292100545771196,0.11458790379630969,0.8981838575270852,0.10292100545771196,0.13004084886523437,0.8499905979806284,0.11053349888886908,0.13004084886523437,0.8499905979806284,0.11053349888886908,0.13004084886523437,0.8499905979806284,0.11053349888886908
904.7695390781564,0.11664116465201584,0.9454540525465278,0.11027886181399518,0.11664116465201584,0.9454540525465278,0.11027886181399518,0.11664116465201584,0.9454540525465278,0.11027886181399518,0.11664116465201584,0.9454540525465278,0.11027886181399518,0.11664116465201584,0.9454540525465278,0.11027886181399518,0.11664116465201584,0.9454540525465278,0.11027886181399518,0.14041989285509296,0.9250450194546836,0.12989472251796405,0.14041989285509296,0.9250450194546836,0.12989472251796405,0.14041989285509296,0.9250450194546836,0.12989472251796405,0.11557823318696626,0.8979964968000205,0.10378884850823157,0.11557823318696626,0.8979964968000205,0.10378884850823157,0.11557823318696626,0.8979964968000205,0.10378884850823157,0.1291826794803831,0.8498622693760883,0.10978748514728222,0.1291826794803831,0.8498622693760883,0.10978748514728222,0.1291826794803831,0.8498622693760883,0.10978748514728222
906.7535070140282,0.11510008531179701,0.9453153818663826,0.10880588109937461,0.11510008531179701,0.9453153818663826,0.10880588109937461,0.11510008531179701,0.9453153818663826,0.10880588109937461,0.11510008531179701,0.9453153818663826,0.10880588109937461,0.11510008531179701,0.9453153818663826,0.10880588109937461,0.11510008531179701,0.9453153818663826,0.10880588109937461,0.14112917447119683,0.9248917687590743,0.13052921180017324,0.14112917447119683,0.9248917687590743,0.13052921180017324,0.14112917447119683,0.9248917687590743,0.13052921180017324,0.11661570741205232,0.8978293734784585,0.10470100752351016,0.11661570741205232,0.8978293734784585,0.10470100752351016,0.11661570741205232,0.8978293734784585,0.10470100752351016,0.12834702102836265,0.8497303410752723,0.10906035795442574,0.12834702102836265,0.8497303410752723,0.10906035795442574,0.12834702102836265,0.8497303410752723,0.10906035795442574
908.7374749498998,0.11352397298410792,0.9451690387239413,0.10729934441751196,0.11352397298410792,0.9451690387239413,0.10729934441751196,0.11352397298410792,0.9451690387239413,0.10729934441751196,0.11352397298410792,0.9451690387239413,0.10729934441751196,0.11352397298410792,0.9451690387239413,0.10729934441751196,0.11352397298410792,0.9451690387239413,0.10729934441751196,0.1417372960754924,0.9247438420586676,0.13107069173585775,0.1417372960754924,0.9247438420586676,0.13107069173585775,0.1417372960754924,0.9247438420586676,0.13107069173585775,0.11765351874565548,0.8976836014619939,0.10561563443227621,0.11765351874565548,0.8976836014619939,0.10561563443227621,0.11765351874565548,0.8976836014619939,0.10561563443227621,0.12756032946077028,0.8495963344647408,0.10837478833298513,0.12756032946077028,0.8495963344647408,0.10837478833298513,0.12756032946077028,0.8495963344647408,0.10837478833298513
910.7214428857716,0.11191006310098059,0.9450131312037344,0.10575647914426517,0.11191006310098059,0.9450131312037344,0.10575647914426517,0.11191006310098059,0.9450131312037344,0.10575647914426517,0.11191006310098059,0.9450131312037344,0.10575647914426517,0.11191006310098059,0.9450131312037344,0.10575647914426517,0.11191006310098059,0.9450131312037344,0.10575647914426517,0.1422539384031702,0.9245998961595184,0.1315279766758537,0.1422539384031702,0.9245998961595184,0.1315279766758537,0.1422539384031702,0.9245998961595184,0.1315279766758537,0.11866559015205008,0.8975564028589428,0.10650906024000766,0.11866559015205008,0.8975564028589428,0.10650906024000766,0.11866559015205008,0.8975564028589428,0.10650906024000766,0.1268474152390988,0.8494630802265591,0.10775219606778223,0.1268474152390988,0.8494630802265591,0.10775219606778223,0.1268474152390988,0.8494630802265591,0.10775219606778223
912.7054108216432,0.11025685965495499,0.9448453878821061,0.10417568532734889,0.11025685965495499,0.9448453878821061,0.10417568532734889,0.11025685965495499,0.9448453878821061,0.10417568532734889,0.11025685965495499,0.9448453878821061,0.10417568532734889,0.11025685965495499,0.9448453878821061,0.10417568532734889,0.11025685965495499,0.9448453878821061,0.10417568532734889,0.1426883759300422,0.9244582997034372,0.13190945339973165,0.1426883759300422,0.9244582997034372,0.13190945339973165,0.1426883759300422,0.9244582997034372,0.13190945339973165,0.11964037314005742,0.8974438828107513,0.10737052101174024,0.11964037314005742,0.8974438828107513,0.10737052101174024,0.11964037314005742,0.8974438828107513,0.10737052101174024,0.12622354958275273,0.8493337856234358,0.10720592520194681,0.12622354958275273,0.8493337856234358,0.10720592520194681,0.12622354958275273,0.8493337856234358,0.10720592520194681
914.689378757515,0.10856538477364687,0.9446631395899815,0.10255771723106763,0.10856538477364687,0.9446631395899815,0.10255771723106763,0.10856538477364687,0.9446631395899815,0.10255771723106763,0.10856538477364687,0.9446631395899815,0.10255771723106763,0.10856538477364687,0.9446631395899815,0.10255771723106763,0.10856538477364687,0.9446631395899815,0.10255771723106763,0.14304930397720816,0.9243170587138938,0.13222291190328275,0.14304930397720816,0.9243170587138938,0.13222291190328275,0.14304930397720816,0.9243170587138938,0.13222291190328275,0.12057421833463094,0.897342146759231,0.10819632792421396,0.12057421833463094,0.897342146759231,0.10819632792421396,0.12057421833463094,0.897342146759231,0.10819632792421396,0.12569093443974344,0.8492108734958753,0.10673810822608733,0.12569093443974344,0.8492108734958753,0.10673810822608733,0.12569093443974344,0.8492108734958753,0.10673810822608733
916.6733466933869,0.10684111658757857,0.9444633743432452,0.10090752149090453,0.10684111658757857,0.9444633743432452,0.10090752149090453,0.10684111658757857,0.9444633743432452,0.10090752149090453,0.10684111658757857,0.9444633743432452,0.10090752149090453,0.10684111658757857,0.9444633743432452,0.10090752149090453,0.10684111658757857,0.9444633743432452,0.10090752149090453,0.1433448164131607,0.9241736964571146,0.13247550885251722,0.1433448164131607,0.9241736964571146,0.13247550885251722,0.1433448164131607,0.9241736964571146,0.13247550885251722,0.12146731685131085,0.8972474615201608,0.1089862417025037,0.12146731685131085,0.8972474615201608,0.1089862417025037,0.12146731685131085,0.8972474615201608,0.1089862417025037,0.12524153556563136,0.8490953803646106,0.10634200927854767,0.12524153556563136,0.8490953803646106,0.10634200927854767,0.12524153556563136,0.8490953803646106,0.10634200927854767
918.6573146292585,0.10509678203705454,0.944242944532339,0.09923689493154182,0.10509678203705454,0.944242944532339,0.09923689493154182,0.10509678203705454,0.944242944532339,0.09923689493154182,0.10509678203705454,0.944242944532339,0.09923689493154182,0.10509678203705454,0.944242944532339,0.09923689493154182,0.10509678203705454,0.944242944532339,0.09923689493154182,0.14358250800797703,0.9240250823486458,0.13267383878589606,0.14358250800797703,0.9240250823486458,0.13267383878589606,0.14358250800797703,0.9240250823486458,0.13267383878589606,0.12232171296887852,0.8971560735310483,0.10974166771475097,0.12232171296887852,0.8971560735310483,0.10974166771475097,0.12232171296887852,0.8971560735310483,0.10974166771475097,0.12486283606514376,0.8489870907403979,0.10600693593254164,0.12486283606514376,0.8489870907403979,0.10600693593254164,0.12486283606514376,0.8489870907403979,0.10600693593254164
920.6412825651303,0.10335589748847733,0.9439990432880243,0.09756786834729772,0.10335589748847733,0.9439990432880243,0.09756786834729772,0.10335589748847733,0.9439990432880243,0.09756786834729772,0.10335589748847733,0.9439990432880243,0.09756786834729772,0.10335589748847733,0.9439990432880243,0.09756786834729772,0.10335589748847733,0.9439990432880243,0.09756786834729772,0.14376969395074998,0.9238672177727895,0.13282410715032483,0.14376969395074998,0.9238672177727895,0.13282410715032483,0.14376969395074998,0.9238672177727895,0.13282410715032483,0.12314054691150224,0.8970640867131549,0.11046496225252515,0.12314054691150224,0.8970640867131549,0.11046496225252515,0.12314054691150224,0.8970640867131549,0.11046496225252515,0.12454249571276882,0.8488850190790187,0.10572225884928237,0.12454249571276882,0.8488850190790187,0.10572225884928237,0.12454249571276882,0.8488850190790187,0.10572225884928237
922.6252505010021,0.10165619662108923,0.9437300678976022,0.09593600933943253,0.10165619662108923,0.9437300678976022,0.09593600933943253,0.10165619662108923,0.9437300678976022,0.09593600933943253,0.10165619662108923,0.9437300678976022,0.09593600933943253,0.10165619662108923,0.9437300678976022,0.09593600933943253,0.10165619662108923,0.9437300678976022,0.09593600933943253,0.14391374942922602,0.9236950345914924,0.13293241575722028,0.14391374942922602,0.9236950345914924,0.13293241575722028,0.14391374942922602,0.9236950345914924,0.13293241575722028,0.12392798665763734,0.8969679382653345,0.11115943068567484,0.12392798665763734,0.8969679382653345,0.11115943068567484,0.12392798665763734,0.8969679382653345,0.11115943068567484,0.1242706328095779,0.8487878575708561,0.10547940418141616,0.1242706328095779,0.8487878575708561,0.10547940418141616,0.1242706328095779,0.8487878575708561,0.10547940418141616
924.6092184368739,0.1000507353765731,0.9434368578204863,0.09439155140630308,0.1000507353765731,0.9434368578204863,0.09439155140630308,0.1000507353765731,0.9434368578204863,0.09439155140630308,0.1000507353765731,0.9434368578204863,0.09439155140630308,0.1000507353765731,0.9434368578204863,0.09439155140630308,0.1000507353765731,0.9434368578204863,0.09439155140630308,0.1440225481221811,0.9235023966448953,0.133005168361739,0.1440225481221811,0.9235023966448953,0.133005168361739,0.1440225481221811,0.9235023966448953,0.133005168361739,0.12468926155905774,0.8968662779780652,0.11182959391830556,0.12468926155905774,0.8968662779780652,0.11182959391830556,0.12468926155905774,0.8968662779780652,0.11182959391830556,0.1240403559443963,0.8486942538721366,0.10527233733826366,0.1240403559443963,0.8486942538721366,0.10527233733826366,0.1240403559443963,0.8486942538721366,0.10527233733826366
926.5931863727454,0.09860324518016869,0.9431239310929402,0.09299508021284171,0.09860324518016869,0.9431239310929402,0.09299508021284171,0.09860324518016869,0.9431239310929402,0.09299508021284171,0.09860324518016869,0.9431239310929402,0.09299508021284171,0.09860324518016869,0.9431239310929402,0.09299508021284171,0.09860324518016869,0.9431239310929402,0.09299508021284171,0.1441048487754538,0.9232827940513428,0.1330495274137472,0.1441048487754538,0.9232827940513428,0.1330495274137472,0.1441048487754538,0.9232827940513428,0.1330495274137472,0.12542965825045294,0.8967627160568389,0.11248064100675727,0.12542965825045294,0.8967627160568389,0.11248064100675727,0.12542965825045294,0.8967627160568389,0.11248064100675727,0.12384747832232174,0.8486029392660227,0.10509733412500726,0.12384747832232174,0.8486029392660227,0.10509733412500726,0.12384747832232174,0.8486029392660227,0.10509733412500726
928.5771543086173,0.09737548570901114,0.9427998695282553,0.0918055952217062,0.09737548570901114,0.9427998695282553,0.0918055952217062,0.09737548570901114,0.9427998695282553,0.0918055952217062,0.09737548570901114,0.9427998695282553,0.0918055952217062,0.09737548570901114,0.9427998695282553,0.0918055952217062,0.09737548570901114,0.9427998695282553,0.0918055952217062,0.14417012803127321,0.9230316346839721,0.13307358894930366,0.14417012803127321,0.9230316346839721,0.13307358894930366,0.14417012803127321,0.9230316346839721,0.13307358894930366,0.12615220087501006,0.8966649820578158,0.11311626093414485,0.12615220087501006,0.8966649820578158,0.11311626093414485,0.12615220087501006,0.8966649820578158,0.11311626093414485,0.12369001054290678,0.8485127655558086,0.10495255291738895,0.12369001054290678,0.8485127655558086,0.10495255291738895,0.12369001054290678,0.8485127655558086,0.10495255291738895
930.561122244489,0.09640987642203125,0.9424760198583794,0.09086399660527422,0.09640987642203125,0.9424760198583794,0.09086399660527422,0.09640987642203125,0.9424760198583794,0.09086399660527422,0.09640987642203125,0.9424760198583794,0.09086399660527422,0.09640987642203125,0.9424760198583794,0.09086399660527422,0.09640987642203125,0.9424760198583794,0.09086399660527422,0.14422689520436818,0.9227507729219765,0.13308547902596765,0.14422689520436818,0.9227507729219765,0.13308547902596765,0.14422689520436818,0.9227507729219765,0.13308547902596765,0.12685690209165154,0.8965790064343866,0.1137372352366772,0.12685690209165154,0.8965790064343866,0.1137372352366772,0.12685690209165154,0.8965790064343866,0.1137372352366772,0.12356769673858023,0.8484226968475543,0.10483763851018699,0.12356769673858023,0.8484226968475543,0.10483763851018699,0.12356769673858023,0.8484226968475543,0.10483763851018699
932.5450901803607,0.09571693273618567,0.942163723909122,0.09018102178788363,0.09571693273618567,0.942163723909122,0.09018102178788363,0.09571693273618567,0.942163723909122,0.09018102178788363,0.09571693273618567,0.942163723909122,0.09018102178788363,0.09571693273618567,0.942163723909122,0.09018102178788363,0.09571693273618567,0.942163723909122,0.09018102178788363,0.14427910241221875,0.9224530396713644,0.13309069658120726,0.14427910241221875,0.9224530396713644,0.13309069658120726,0.14427910241221875,0.9224530396713644,0.13309069658120726,0.12754267599773172,0.8965057722041837,0.11434274523433449,0.12754267599773172,0.8965057722041837,0.11434274523433449,0.12754267599773172,0.8965057722041837,0.11434274523433449,0.12348167519455203,0.848331783395983,0.10475342973451784,0.12348167519455203,0.848331783395983,0.10475342973451784,0.12348167519455203,0.848331783395983,0.10475342973451784
934.5290581162326,0.09527553193123975,0.9418715814907052,0.08973731593744497,0.09527553193123975,0.9418715814907052,0.08973731593744497,0.09527553193123975,0.9418715814907052,0.08973731593744497,0.09527553193123975,0.9418715814907052,0.08973731593744497,0.09527553193123975,0.9418715814907052,0.08973731593744497,0.09527553193123975,0.9418715814907052,0.08973731593744497,0.14432332534384795,0.9221603183260264,0.1330892436409535,0.14432332534384795,0.9221603183260264,0.1330892436409535,0.14432332534384795,0.9221603183260264,0.1330892436409535,0.1282088768112444,0.8964432494139465,0.11493198213238431,0.1282088768112444,0.8964432494139465,0.11493198213238431,0.1282088768112444,0.8964432494139465,0.11493198213238431,0.12343426617990896,0.8482391315696038,0.1047017747503773,0.12343426617990896,0.8482391315696038,0.1047017747503773,0.12343426617990896,0.8482391315696038,0.1047017747503773
936.5130260521042,0.09504435558760337,0.9416042045083671,0.08949416483607564,0.09504435558760337,0.9416042045083671,0.08949416483607564,0.09504435558760337,0.9416042045083671,0.08949416483607564,0.09504435558760337,0.9416042045083671,0.08949416483607564,0.09504435558760337,0.9416042045083671,0.08949416483607564,0.09504435558760337,0.9416042045083671,0.08949416483607564,0.1443509369505556,0.9218932050954968,0.13307614792388567,0.1443509369505556,0.9218932050954968,0.13307614792388567,0.1443509369505556,0.9218932050954968,0.13307614792388567,0.12885543822948578,0.8963887570234834,0.11550456611024501,0.12885543822948578,0.8963887570234834,0.11550456611024501,0.12885543822948578,0.8963887570234834,0.11550456611024501,0.12342886133867198,0.8481438771773953,0.10468543301137236,0.12342886133867198,0.8481438771773953,0.10468543301137236,0.12342886133867198,0.8481438771773953,0.10468543301137236
938.496993987976,0.09497594665113931,0.9413626108919755,0.08940680511145348,0.09497594665113931,0.9413626108919755,0.08940680511145348,0.09497594665113931,0.9413626108919755,0.08940680511145348,0.09497594665113931,0.9413626108919755,0.08940680511145348,0.09497594665113931,0.9413626108919755,0.08940680511145348,0.09497594665113931,0.9413626108919755,0.08940680511145348,0.14435370358613606,0.9216622175245356,0.13304535455507766,0.14435370358613606,0.9216622175245356,0.13304535455507766,0.14435370358613606,0.9216622175245356,0.13304535455507766,0.12948254051422953,0.8963399553367165,0.11606037458140908,0.12948254051422953,0.8963399553367165,0.11606037458140908,0.12948254051422953,0.8963399553367165,0.11606037458140908,0.12346987709934698,0.8480451668868844,0.1047080325302188,0.12346987709934698,0.8480451668868844,0.1047080325302188,0.12346987709934698,0.8480451668868844,0.1047080325302188
940.4809619238478,0.09502665269988508,0.9411454232942835,0.08943389927947222,0.09502665269988508,0.9411454232942835,0.08943389927947222,0.09502665269988508,0.9411454232942835,0.08943389927947222,0.09502665269988508,0.9411454232942835,0.08943389927947222,0.09502665269988508,0.9411454232942835,0.08943389927947222,0.09502665269988508,0.9411454232942835,0.08943389927947222,0.14432710702751333,0.9214679364515176,0.13299280148666004,0.14432710702751333,0.9214679364515176,0.13299280148666004,0.14432710702751333,0.9214679364515176,0.13299280148666004,0.1300903423832931,0.8962950257611739,0.11659932677771362,0.1300903423832931,0.8962950257611739,0.11659932677771362,0.1300903423832931,0.8962950257611739,0.11659932677771362,0.12356272248873779,0.847942152673269,0.10477404089727006,0.12356272248873779,0.847942152673269,0.10477404089727006,0.12356272248873779,0.847942152673269,0.10477404089727006
942.4649298597194,0.09516104372080296,0.9409500596281853,0.08954178976336989,0.09516104372080296,0.9409500596281853,0.08954178976336989,0.09516104372080296,0.9409500596281853,0.08954178976336989,0.09516104372080296,0.9409500596281853,0.08954178976336989,0.09516104372080296,0.9409500596281853,0.08954178976336989,0.09516104372080296,0.9409500596281853,0.08954178976336989,0.14427013432151498,0.9213057720824913,0.13291690748952809,0.14427013432151498,0.9213057720824913,0.13291690748952809,0.14427013432151498,0.9213057720824913,0.13291690748952809,0.13067884497563093,0.8962525962804566,0.11712125408834052,0.13067884497563093,0.8962525962804566,0.11712125408834052,0.13067884497563093,0.8962525962804566,0.11712125408834052,0.12371371176665347,0.8478340062694429,0.10488869187758493,0.12371371176665347,0.8478340062694429,0.10488869187758493,0.12371371176665347,0.8478340062694429,0.10488869187758493
944.4488977955912,0.0953524901189248,0.9407735647675971,0.08970510203864797,0.0953524901189248,0.9407735647675971,0.08970510203864797,0.0953524901189248,0.9407735647675971,0.08970510203864797,0.0953524901189248,0.9407735647675971,0.08970510203864797,0.0953524901189248,0.9407735647675971,0.08970510203864797,0.0953524901189248,0.9407735647675971,0.08970510203864797,0.14418381248626844,0.9211698360320071,0.13281777890644555,0.14418381248626844,0.9211698360320071,0.13281777890644555,0.14418381248626844,0.9211698360320071,0.13281777890644555,0.13124784216606536,0.89621163098204,0.1176258426905228,0.13124784216606536,0.89621163098204,0.1176258426905228,0.13124784216606536,0.89621163098204,0.1176258426905228,0.123929823167519,0.847719963661823,0.10505778519218535,0.123929823167519,0.847719963661823,0.10505778519218535,0.123929823167519,0.847719963661823,0.10505778519218535
946.432865731463,0.09558194380830591,0.9406130745853184,0.08990562604037176,0.09558194380830591,0.9406130745853184,0.08990562604037176,0.09558194380830591,0.9406130745853184,0.08990562604037176,0.09558194380830591,0.9406130745853184,0.08990562604037176,0.09558194380830591,0.9406130745853184,0.08990562604037176,0.09558194380830591,0.9406130745853184,0.08990562604037176,0.14407002262777088,0.9210547370375252,0.1326963768064118,0.14407002262777088,0.9210547370375252,0.1326963768064118,0.14407002262777088,0.9210547370375252,0.1326963768064118,0.13179691745166677,0.8961713398667579,0.1181126201029687,0.13179691745166677,0.8961713398667579,0.1181126201029687,0.13179691745166677,0.8961713398667579,0.1181126201029687,0.12421817590427191,0.8475994117155051,0.105287252820834,0.12421817590427191,0.8475994117155051,0.105287252820834,0.12421817590427191,0.8475994117155051,0.105287252820834
948.4168336673347,0.09583624015041271,0.9404660236066275,0.09013072769166847,0.09583624015041271,0.9404660236066275,0.09013072769166847,0.09583624015041271,0.9404660236066275,0.09013072769166847,0.09583624015041271,0.9404660236066275,0.09013072769166847,0.09583624015041271,0.9404660236066275,0.09013072769166847,0.09583624015041271,0.9404660236066275,0.09013072769166847,0.14393085117161133,0.9209560854140174,0.13255399326531472,0.14393085117161133,0.9209560854140174,0.13255399326531472,0.14393085117161133,0.9209560854140174,0.13255399326531472,0.13232546549441285,0.8961311145925209,0.11858096688248235,0.13232546549441285,0.8961311145925209,0.11858096688248235,0.13232546549441285,0.8961311145925209,0.11858096688248235,0.12458509720290163,0.847472023187528,0.10558238438555788,0.12458509720290163,0.847472023187528,0.10558238438555788,0.12458509720290163,0.847472023187528,0.10558238438555788
950.4008016032064,0.09610652862483714,0.9403302061093181,0.09037187187024417,0.09610652862483714,0.9403302061093181,0.09037187187024417,0.09610652862483714,0.9403302061093181,0.09037187187024417,0.09610652862483714,0.9403302061093181,0.09037187187024417,0.09610652862483714,0.9403302061093181,0.09037187187024417,0.09610652862483714,0.9403302061093181,0.09037187187024417,0.1437683042174243,0.9208704649322371,0.1323919851472188,0.1437683042174243,0.9208704649322371,0.1323919851472188,0.1437683042174243,0.9208704649322371,0.1323919851472188,0.13283272746635616,0.8960904844125048,0.11903014310116132,0.13283272746635616,0.8960904844125048,0.11903014310116132,0.13283272746635616,0.8960904844125048,0.11903014310116132,0.12503473206759957,0.8473379196289592,0.10594666975152414,0.12503473206759957,0.8473379196289592,0.10594666975152414,0.12503473206759957,0.8473379196289592,0.10594666975152414
952.3847695390782,0.09638702277150192,0.9402037652952167,0.0906234417353619,0.09638702277150192,0.9402037652952167,0.0906234417353619,0.09638702277150192,0.9402037652952167,0.0906234417353619,0.09638702277150192,0.9402037652952167,0.0906234417353619,0.09638702277150192,0.9402037652952167,0.0906234417353619,0.09638702277150192,0.9402037652952167,0.0906234417353619,0.14358420813390027,0.9207952527673428,0.13221165722205344,0.14358420813390027,0.9207952527673428,0.13221165722205344,0.14358420813390027,0.9207952527673428,0.13221165722205344,0.13331783469133213,0.8960490859443009,0.11945932391524156,0.13331783469133213,0.8960490859443009,0.11945932391524156,0.13331783469133213,0.8960490859443009,0.11945932391524156,0.12556736040535765,0.8471977980341799,0.10638039124038327,0.12556736040535765,0.8471977980341799,0.10638039124038327,0.12556736040535765,0.8471977980341799,0.10638039124038327
954.3687374749499,0.09667407349908226,0.9400851531365679,0.09088186118972057,0.09667407349908226,0.9400851531365679,0.09088186118972057,0.09667407349908226,0.9400851531365679,0.09088186118972057,0.09667407349908226,0.9400851531365679,0.09088186118972057,0.09667407349908226,0.9400851531365679,0.09088186118972057,0.09667407349908226,0.9400851531365679,0.09088186118972057,0.14338019281012424,0.9207284315053912,0.13201422003500626,0.14338019281012424,0.9207284315053912,0.13201422003500626,0.14338019281012424,0.9207284315053912,0.13201422003500626,0.13377985731601325,0.8960066419408041,0.11986764071304094,0.13377985731601325,0.8960066419408041,0.11986764071304094,0.13377985731601325,0.8960066419408041,0.11986764071304094,0.12617789950958405,0.8470529509584458,0.1068793621253314,0.12617789950958405,0.8470529509584458,0.1068793621253314,0.12617789950958405,0.8470529509584458,0.1068793621253314
956.3527054108216,0.09696550775211624,0.9399730825257901,0.0911449672204351,0.09696550775211624,0.9399730825257901,0.0911449672204351,0.09696550775211624,0.9399730825257901,0.0911449672204351,0.09696550775211624,0.9399730825257901,0.0911449672204351,0.09696550775211624,0.9399730825257901,0.0911449672204351,0.09696550775211624,0.9399730825257901,0.0911449672204351,0.14315770704441522,0.9206684343010454,0.1318007820027095,0.14315770704441522,0.9206684343010454,0.1318007820027095,0.14315770704441522,0.9206684343010454,0.1318007820027095,0.13421785547731035,0.8959629457455441,0.1202542251651007,0.13421785547731035,0.8959629457455441,0.1202542251651007,0.13421785547731035,0.8959629457455441,0.1202542251651007,0.1268552944694441,0.8469051600773553,0.10743440346930459,0.1268552944694441,0.8469051600773553,0.10743440346930459,0.1268552944694441,0.8469051600773553,0.10743440346930459
958.3366733466935,0.09726016616486159,0.9398664815127499,0.09141157016471387,0.09726016616486159,0.9398664815127499,0.09141157016471387,0.09726016616486159,0.9398664815127499,0.09141157016471387,0.09726016616486159,0.9398664815127499,0.09141157016471387,0.09726016616486159,0.9398664815127499,0.09141157016471387,0.09726016616486159,0.9398664815127499,0.09141157016471387,0.14291804368275945,0.9206140274739494,0.131572355793483,0.14291804368275945,0.9206140274739494,0.131572355793483,0.14291804368275945,0.9206140274739494,0.131572355793483,0.13463093050734753,0.8959178492263232,0.12061825369948138,0.13463093050734753,0.8959178492263232,0.12061825369948138,0.13463093050734753,0.8959178492263232,0.12061825369948138,0.12758333609502231,0.8467564783269392,0.10803201636502337,0.12758333609502231,0.8467564783269392,0.10803201636502337,0.12758333609502231,0.8467564783269392,0.10803201636502337
960.3206412825651,0.09755758337244386,0.9397644533219538,0.09168114900541563,0.09755758337244386,0.9397644533219538,0.09168114900541563,0.09755758337244386,0.9397644533219538,0.09168114900541563,0.09755758337244386,0.9397644533219538,0.09168114900541563,0.09755758337244386,0.9397644533219538,0.09168114900541563,0.09755758337244386,0.9397644533219538,0.09168114900541563,0.14266236537074328,0.9205642243136951,0.13132986971627525,0.14266236537074328,0.9205642243136951,0.13132986971627525,0.14266236537074328,0.9205642243136951,0.13132986971627525,0.13501827358527638,0.8958712527400053,0.12095898989963431,0.13501827358527638,0.8958712527400053,0.12095898989963431,0.13501827358527638,0.8958712527400053,0.12095898989963431,0.12834281491100555,0.8466089421365776,0.10865617476263698,0.12834281491100555,0.8466089421365776,0.10865617476263698,0.12834281491100555,0.8466089421365776,0.10865617476263698
962.3046092184369,0.097857768259117,0.9396662429529307,0.09195364144380302,0.097857768259117,0.9396662429529307,0.09195364144380302,0.097857768259117,0.9396662429529307,0.09195364144380302,0.097857768259117,0.9396662429529307,0.09195364144380302,0.097857768259117,0.9396662429529307,0.09195364144380302,0.097857768259117,0.9396662429529307,0.09195364144380302,0.14239172764869443,0.9205182224385747,0.13107418002513385,0.14239172764869443,0.9205182224385747,0.13107418002513385,0.14239172764869443,0.9205182224385747,0.13107418002513385,0.13537920916966856,0.8958230961956203,0.12127582231888699,0.13537920916966856,0.8958230961956203,0.12127582231888699,0.13537920916966856,0.8958230961956203,0.12127582231888699,0.1291142391513972,0.8464642923379189,0.10929059307403624,0.1291142391513972,0.8464642923379189,0.10929059307403624,0.1291142391513972,0.8464642923379189,0.10929059307403624
964.2885771543088,0.09816105343886132,0.9395712099318826,0.09222929974773912,0.09816105343886132,0.9395712099318826,0.09222929974773912,0.09816105343886132,0.9395712099318826,0.09222929974773912,0.09816105343886132,0.9395712099318826,0.09222929974773912,0.09816105343886132,0.9395712099318826,0.09222929974773912,0.09816105343886132,0.9395712099318826,0.09222929974773912,0.1421070985851404,0.9204753582376612,0.13080608247827175,0.1421070985851404,0.9204753582376612,0.13080608247827175,0.1421070985851404,0.9204753582376612,0.13080608247827175,0.13571323068076654,0.895773350636652,0.12156829537263512,0.13571323068076654,0.895773350636652,0.12156829537263512,0.13571323068076654,0.895773350636652,0.12156829537263512,0.1298801714255842,0.846323776254012,0.10992067714141884,0.1298801714255842,0.846323776254012,0.10992067714141884,0.1298801714255842,0.846323776254012,0.10992067714141884
966.2725450901803,0.09846799249981442,0.9394788063515788,0.09250859205756186,0.09846799249981442,0.9394788063515788,0.09250859205756186,0.09846799249981442,0.9394788063515788,0.09250859205756186,0.09846799249981442,0.9394788063515788,0.09250859205756186,0.09846799249981442,0.9394788063515788,0.09250859205756186,0.09846799249981442,0.9394788063515788,0.09250859205756186,0.14180937510473957,0.9204350735185823,0.13052632260015518,0.14180937510473957,0.9204350735185823,0.13052632260015518,0.14180937510473957,0.9204350735185823,0.13052632260015518,0.13602002632175195,0.8957220100093422,0.12183613137844328,0.13602002632175195,0.8957220100093422,0.12183613137844328,0.13602002632175195,0.8957220100093422,0.12183613137844328,0.13062662990491927,0.8461880578689168,0.11053469426520542,0.13062662990491927,0.8461880578689168,0.11053469426520542,0.13062662990491927,0.8461880578689168,0.11053469426520542
968.2565130260522,0.09877929021211407,0.9393885592706447,0.09279213511813472,0.09877929021211407,0.9393885592706447,0.09279213511813472,0.09877929021211407,0.9393885592706447,0.09279213511813472,0.09877929021211407,0.9393885592706447,0.09279213511813472,0.09877929021211407,0.9393885592706447,0.09279213511813472,0.09877929021211407,0.9393885592706447,0.09279213511813472,0.14149939648394425,0.9203968908489564,0.13023560458082603,0.14149939648394425,0.9203968908489564,0.13023560458082603,0.14149939648394425,0.9203968908489564,0.13023560458082603,0.136299493631588,0.8956690829517726,0.12207924246779539,0.136299493631588,0.8956690829517726,0.12207924246779539,0.136299493631588,0.8956690829517726,0.12207924246779539,0.13134352785106487,0.8460572201800121,0.11112414006230793,0.13134352785106487,0.8460572201800121,0.11112414006230793,0.13134352785106487,0.8460572201800121,0.11112414006230793
970.2404809619239,0.09909575556414749,0.939300056626407,0.09308064881284032,0.09909575556414749,0.939300056626407,0.09308064881284032,0.09909575556414749,0.939300056626407,0.09308064881284032,0.09909575556414749,0.939300056626407,0.09308064881284032,0.09909575556414749,0.939300056626407,0.09308064881284032,0.09909575556414749,0.939300056626407,0.09308064881284032,0.1411779555417427,0.9203603951083124,0.12993459894298207,0.1411779555417427,0.9203603951083124,0.12993459894298207,0.1411779555417427,0.9203603951083124,0.12993459894298207,0.13655174228143752,0.8956145845440401,0.1222977319321545,0.13655174228143752,0.8956145845440401,0.1222977319321545,0.13655174228143752,0.8956145845440401,0.1222977319321545,0.13202443466948405,0.8459308220925079,0.11168353855625525,0.13202443466948405,0.8459308220925079,0.11168353855625525,0.13202443466948405,0.8459308220925079,0.11168353855625525
972.2244488977956,0.09941827070667775,0.9392129359455423,0.09337492591704752,0.09941827070667775,0.9392129359455423,0.09337492591704752,0.09941827070667775,0.9392129359455423,0.09337492591704752,0.09941827070667775,0.9392129359455423,0.09337492591704752,0.09941827070667775,0.9392129359455423,0.09337492591704752,0.09941827070667775,0.9392129359455423,0.09337492591704752,0.14084580800937377,0.9203252195030154,0.12962394917230646,0.14084580800937377,0.9203252195030154,0.12962394917230646,0.14084580800937377,0.9203252195030154,0.12962394917230646,0.13677708564444868,0.8955585280114999,0.12249188548544532,0.13677708564444868,0.8955585280114999,0.12249188548544532,0.13677708564444868,0.8955585280114999,0.12249188548544532,0.13266599298960766,0.845807979905335,0.11220995553267538,0.13266599298960766,0.845807979905335,0.11220995553267538,0.13266599298960766,0.845807979905335,0.11220995553267538
974.2084168336673,0.09974777108535604,0.9391268752691696,0.09367581257445484,0.09974777108535604,0.9391268752691696,0.09367581257445484,0.09974777108535604,0.9391268752691696,0.09367581257445484,0.09974777108535604,0.9391268752691696,0.09367581257445484,0.09974777108535604,0.9391268752691696,0.09367581257445484,0.09974777108535604,0.9391268752691696,0.09367581257445484,0.140503680491583,0.9202910348111402,0.1293042775143727,0.140503680491583,0.9202910348111402,0.1293042775143727,0.140503680491583,0.9202910348111402,0.1293042775143727,0.13697602264346992,0.8955009163760626,0.12266215379877561,0.13697602264346992,0.8955009163760626,0.12266215379877561,0.13697602264346992,0.8955009163760626,0.12266215379877561,0.13326723883179387,0.8456874714296482,0.11270243423207077,0.13326723883179387,0.8456874714296482,0.11270243423207077,0.13326723883179387,0.8456874714296482,0.11270243423207077
976.1923847695392,0.10008523354856035,0.939041585826344,0.09398419642924011,0.10008523354856035,0.939041585826344,0.09398419642924011,0.10008523354856035,0.939041585826344,0.09398419642924011,0.10008523354856035,0.939041585826344,0.09398419642924011,0.10008523354856035,0.939041585826344,0.09398419642924011,0.10008523354856035,0.939041585826344,0.09398419642924011,0.14015227736063507,0.9202575409808622,0.12897619012676578,0.14015227736063507,0.9202575409808622,0.12897619012676578,0.14015227736063507,0.9202575409808622,0.12897619012676578,0.137149212179343,0.8954417340087176,0.12280912837180044,0.137149212179343,0.8954417340087176,0.12280912837180044,0.137149212179343,0.8954417340087176,0.12280912837180044,0.1338289576983823,0.8455678923643676,0.11316146969834122,0.1338289576983823,0.8455678923643676,0.11316146969834122,0.1338289576983823,0.8455678923643676,0.11316146969834122
978.1763527054109,0.10043167025231216,0.9389568060873524,0.09430100033012918,0.10043167025231216,0.9389568060873524,0.09430100033012918,0.10043167025231216,0.9389568060873524,0.09430100033012918,0.10043167025231216,0.9389568060873524,0.09430100033012918,0.10043167025231216,0.9389568060873524,0.09430100033012918,0.10043167025231216,0.9389568060873524,0.09430100033012918,0.13979228686266867,0.9202244604525707,0.12864028175363026,0.13979228686266867,0.9202244604525707,0.12864028175363026,0.13979228686266867,0.9202244604525707,0.12864028175363026,0.13729744296653248,0.8953809379513559,0.12293351326169664,0.13729744296653248,0.8953809379513559,0.12293351326169664,0.13729744296653248,0.8953809379513559,0.12293351326169664,0.13435311384022966,0.8454479178070641,0.1135885603471176,0.13435311384022966,0.8454479178070641,0.1135885603471176,0.13435311384022966,0.8454479178070641,0.1135885603471176
980.1603206412826,0.10078812689967936,0.9388722969063122,0.09462718020318683,0.10078812689967936,0.9388722969063122,0.09462718020318683,0.10078812689967936,0.9388722969063122,0.09462718020318683,0.10078812689967936,0.9388722969063122,0.09462718020318683,0.10078812689967936,0.9388722969063122,0.09462718020318683,0.10078812689967936,0.9388722969063122,0.09462718020318683,0.13942438666625828,0.9201915327454644,0.1282971400685205,0.13942438666625828,0.9201915327454644,0.1282971400685205,0.13942438666625828,0.9201915327454644,0.1282971400685205,0.1374216018114058,0.8953184487447001,0.12303609535779972,0.1374216018114058,0.8953184487447001,0.12303609535779972,0.1374216018114058,0.8953184487447001,0.12303609535779972,0.13484231644404038,0.8453267034138072,0.11398581084032205,0.13484231644404038,0.8453267034138072,0.11398581084032205,0.13484231644404038,0.8453267034138072,0.11398581084032205
982.1442885771544,0.10115568435184429,0.9387878375238783,0.0949637261659159,0.10115568435184429,0.9387878375238783,0.0949637261659159,0.10115568435184429,0.9387878375238783,0.0949637261659159,0.10115568435184429,0.9387878375238783,0.0949637261659159,0.10115568435184429,0.9387878375238783,0.0949637261659159,0.10115568435184429,0.9387878375238783,0.0949637261659159,0.139049249044617,0.9201585099669893,0.12794734981292358,0.139049249044617,0.9201585099669893,0.12794734981292358,0.139049249044617,0.9201585099669893,0.12794734981292358,0.13752264328178365,0.8952541403103991,0.1231177157844469,0.13752264328178365,0.8952541403103991,0.1231177157844469,0.13752264328178365,0.8952541403103991,0.1231177157844469,0.13529925600368348,0.8452043323848887,0.11435551734276543,0.13529925600368348,0.8452043323848887,0.11435551734276543,0.13529925600368348,0.8452043323848887,0.11435551734276543
984.128256513026,0.10153546300120458,0.9387032222482572,0.09531166629169945,0.10153546300120458,0.9387032222482572,0.09531166629169945,0.10153546300120458,0.9387032222482572,0.09531166629169945,0.10153546300120458,0.9387032222482572,0.09531166629169945,0.10153546300120458,0.9387032222482572,0.09531166629169945,0.10153546300120458,0.9387032222482572,0.09531166629169945,0.13866754585410485,0.920125152983761,0.12759149684289092,0.13866754585410485,0.920125152983761,0.12759149684289092,0.13866754585410485,0.920125152983761,0.12759149684289092,0.1376015634115209,0.895187828164165,0.12317924470235303,0.1376015634115209,0.895187828164165,0.12317924470235303,0.1376015634115209,0.895187828164165,0.12317924470235303,0.13572612286570582,0.8450819869334066,0.11469970159011834,0.13572612286570582,0.8450819869334066,0.11469970159011834,0.13572612286570582,0.8450819869334066,0.11469970159011834
986.1122244488979,0.1019286295497733,0.938618257668987,0.09567207267459583,0.1019286295497733,0.938618257668987,0.09567207267459583,0.1019286295497733,0.938618257668987,0.09567207267459583,0.1019286295497733,0.938618257668987,0.09567207267459583,0.1019286295497733,0.938618257668987,0.09567207267459583,0.1019286295497733,0.938618257668987,0.09567207267459583,0.13827995345083596,0.9200912280458177,0.12723017218469818,0.13827995345083596,0.9200912280458177,0.12723017218469818,0.13827995345083596,0.9200912280458177,0.12723017218469818,0.13765937968292888,0.8951192548379131,0.12322156136323265,0.13765937968292888,0.8951192548379131,0.12322156136323265,0.13765937968292888,0.8951192548379131,0.12322156136323265,0.13612419899851166,0.8449615069794716,0.1150197083221559,0.13612419899851166,0.8449615069794716,0.1150197083221559,0.13612419899851166,0.8449615069794716,0.1150197083221559
988.0961923847697,0.10233640601925859,0.9385327602853494,0.096046069618937,0.10233640601925859,0.9385327602853494,0.096046069618937,0.10233640601925859,0.9385327602853494,0.096046069618937,0.10233640601925859,0.9385327602853494,0.096046069618937,0.10233640601925859,0.9385327602853494,0.096046069618937,0.10233640601925859,0.9385327602853494,0.096046069618937,0.13788715767259432,0.9200565036887763,0.12686397619183015,0.13788715767259432,0.9200565036887763,0.12686397619183015,0.13788715767259432,0.9200565036887763,0.12686397619183015,0.13769711918939062,0.8950480707899906,0.12324554088380348,0.13769711918939062,0.8950480707899906,0.12324554088380348,0.13769711918939062,0.8950480707899906,0.12324554088380348,0.13649384082513816,0.8448445082576538,0.11531607183211232,0.13649384082513816,0.8448445082576538,0.11531607183211232,0.13649384082513816,0.8448445082576538,0.11531607183211232
990.0801603206413,0.10276008095189153,0.9384465544517773,0.09643484390448831,0.10276008095189153,0.9384465544517773,0.09643484390448831,0.10276008095189153,0.9384465544517773,0.09643484390448831,0.10276008095189153,0.9384465544517773,0.09643484390448831,0.10276008095189153,0.9384465544517773,0.09643484390448831,0.10276008095189153,0.9384465544517773,0.09643484390448831,0.13748985900340133,0.9200207477545661,0.12649352288897917,0.13748985900340133,0.9200207477545661,0.12649352288897917,0.13748985900340133,0.9200207477545661,0.12649352288897917,0.13771581678849817,0.8949738081859645,0.1232520489986428,0.13771581678849817,0.8949738081859645,0.1232520489986428,0.13771581678849817,0.8949738081859645,0.1232520489986428,0.13683478483534392,0.8447317237807395,0.11558868366712666,0.13683478483534392,0.8447317237807395,0.11558868366712666,0.13683478483534392,0.8447317237807395,0.11558868366712666
992.0641282565132,0.10320102285461101,0.9383594705577023,0.09683965716686613,0.10320102285461101,0.9383594705577023,0.09683965716686613,0.10320102285461101,0.9383594705577023,0.09683965716686613,0.10320102285461101,0.9383594705577023,0.09683965716686613,0.10320102285461101,0.9383594705577023,0.09683965716686613,0.10320102285461101,0.9383594705577023,0.09683965716686613,0.1370887780313487,0.9199837243728393,0.12611944458300164,0.1370887780313487,0.9199837243728393,0.12611944458300164,0.1370887780313487,0.9199837243728393,0.12611944458300164,0.13771652543593385,0.894895843656824,0.12324194621547647,0.13771652543593385,0.894895843656824,0.12324194621547647,0.13771652543593385,0.894895843656824,0.12324194621547647,0.1371464804714021,0.8446229452900845,0.1158370642719247,0.1371464804714021,0.8446229452900845,0.1158370642719247,0.1371464804714021,0.8446229452900845,0.1158370642719247
994.0480961923847,0.10366069599845405,0.9382713433702924,0.09726186048916897,0.10366069599845405,0.9382713433702924,0.09726186048916897,0.10366069599845405,0.9382713433702924,0.09726186048916897,0.10366069599845405,0.9382713433702924,0.09726186048916897,0.10366069599845405,0.9382713433702924,0.09726186048916897,0.10366069599845405,0.9382713433702924,0.09726186048916897,0.13668466130487555,0.9199451907321821,0.12574239681427746,0.13668466130487555,0.9199451907321821,0.12574239681427746,0.13668466130487555,0.9199451907321821,0.12574239681427746,0.13770034198356518,0.8948133446205422,0.12321610356570642,0.13770034198356518,0.8948133446205422,0.12321610356570642,0.13770034198356518,0.8948133446205422,0.12321610356570642,0.13742827524931778,0.844517351200136,0.11606056299355706,0.13742827524931778,0.844517351200136,0.11606056299355706,0.13742827524931778,0.844517351200136,0.11606056299355706
996.0320641282565,0.10414067870900344,0.9381820104765287,0.09770291132360308,0.10414067870900344,0.9381820104765287,0.09770291132360308,0.10414067870900344,0.9381820104765287,0.09770291132360308,0.10414067870900344,0.9381820104765287,0.09770291132360308,0.10414067870900344,0.9381820104765287,0.09770291132360308,0.10414067870900344,0.9381820104765287,0.09770291132360308,0.13627828768585232,0.9199048934418163,0.12536306371208716,0.13627828768585232,0.9199048934418163,0.12536306371208716,0.13627828768585232,0.9199048934418163,0.12536306371208716,0.13766845361170854,0.8947251930702728,0.12317543373742182,0.13766845361170854,0.8947251930702728,0.12317543373742182,0.13766845361170854,0.8947251930702728,0.12317543373742182,0.13767948256689522,0.8444138698874162,0.11625846467840904,0.13767948256689522,0.8444138698874162,0.11625846467840904,0.13767948256689522,0.8444138698874162,0.11625846467840904
998.0160320641284,0.10464268426587761,0.9380913107672252,0.09816439284517801,0.10464268426587761,0.9380913107672252,0.09816439284517801,0.10464268426587761,0.9380913107672252,0.09816439284517801,0.10464268426587761,0.9380913107672252,0.09816439284517801,0.10464268426587761,0.9380913107672252,0.09816439284517801,0.10464268426587761,0.9380913107672252,0.09816439284517801,0.13587047528545135,0.9198625642383496,0.12498216380035858,0.13587047528545135,0.9198625642383496,0.12498216380035858,0.13587047528545135,0.9198625642383496,0.12498216380035858,0.13762221178613496,0.8946298853482111,0.12312094355159714,0.13762221178613496,0.8946298853482111,0.12312094355159714,0.13762221178613496,0.8946298853482111,0.12312094355159714,0.13789941957730104,0.8443114185918729,0.11643005456630692,0.13789941957730104,0.8443114185918729,0.11643005456630692,0.13789941957730104,0.8443114185918729,0.11643005456630692
1000.0,0.10516858445641136,0.9379990829110774,0.09864803577117004,0.10516858445641136,0.9379990829110774,0.09864803577117004,0.10516858445641136,0.9379990829110774,0.09864803577117004,0.10516858445641136,0.9379990829110774,0.09864803577117004,0.10516858445641136,0.9379990829110774,0.09864803577117004,0.10516858445641136,0.9379990829110774,0.09864803577117004,0.1354620890437294,0.9198179147250413,0.12460045626850103,0.1354620890437294,0.9198179147250413,0.12460045626850103,0.1354620890437294,0.9198179147250413,0.12460045626850103,0.13756323683828514,0.8945254312238352,0.12305381375331359,0.13756323683828514,0.8945254312238352,0.12305381375331359,0.13756323683828514,0.8945254312238352,0.12305381375331359,0.13808746316745768,0.8442090171157914,0.1165746815566125,0.13808746316745768,0.8442090171157914,0.1165746815566125,0.13808746316745768,0.8442090171157914,0.1165746815566125
