a_max_divided_f_micron,P_Band 4,omega_Band 4,P_times_omega_Band 4,P_Band4_nterms2,omega_Band4_nterms2,P_times_omega_Band4_nterms2,P_Band4_nterms2_robust_minus,omega_Band4_nterms2_robust_minus,P_times_omega_Band4_nterms2_robust_minus,P_Band4_nterms2_smooth,omega_Band4_nterms2_smooth,P_times_omega_Band4_nterms2_smooth,P_Band4_nterms2_smooth_B6,omega_Band4_nterms2_smooth_B6,P_times_omega_Band4_nterms2_smooth_B6,P_Band4_nterms2_smooth_B6_B7,omega_Band4_nterms2_smooth_B6_B7,P_times_omega_Band4_nterms2_smooth_B6_B7,P_Band5,omega_Band5,P_times_omega_Band5,P_Band5_robust_minus1,omega_Band5_robust_minus1,P_times_omega_Band5_robust_minus1,P_Band5_robust_minus2,omega_Band5_robust_minus2,P_times_omega_Band5_robust_minus2,P_Band6,omega_Band6,P_times_omega_Band6,P_Band6_smooth,omega_Band6_smooth,P_times_omega_Band6_smooth,P_Band6_smooth_B7,omega_Band6_smooth_B7,P_times_omega_Band6_smooth_B7,P_Band7_nterms2,omega_Band7_nterms2,P_times_omega_Band7_nterms2,P_Band7_nterms2_smooth,omega_Band7_nterms2_smooth,P_times_omega_Band7_nterms2_smooth,P_Band7_nterms2_smooth_B6,omega_Band7_nterms2_smooth_B6,P_times_omega_Band7_nterms2_smooth_B6
20.0,0.9999999304459,0.00883837296916325,0.008838372354418172,0.9999999304459,0.00883837296916325,0.008838372354418172,0.9999999304459,0.00883837296916325,0.008838372354418172,0.9999999304459,0.00883837296916325,0.008838372354418172,0.9999999304459,0.00883837296916325,0.008838372354418172,0.9999999304459,0.00883837296916325,0.008838372354418172,0.9999998665934184,0.012472824485787364,0.012472822821830487,0.9999998665934184,0.012472824485787364,0.012472822821830487,0.9999998665934184,0.012472824485787364,0.012472822821830487,0.9999996095620426,0.022525687979573373,0.02252567918468977,0.9999996095620426,0.022525687979573373,0.02252567918468977,0.9999996095620426,0.022525687979573373,0.02252567918468977,0.9999980492184423,0.054945593122867675,0.05494548593601793,0.9999980492184423,0.054945593122867675,0.05494548593601793,0.9999980492184423,0.054945593122867675,0.05494548593601793
23.967935871743485,0.9999998821369865,0.012123577883291667,0.012123576454370243,0.9999998821369865,0.012123577883291667,0.012123576454370243,0.9999998821369865,0.012123577883291667,0.012123576454370243,0.9999998821369865,0.012123577883291667,0.012123576454370243,0.9999998821369865,0.012123577883291667,0.012123576454370243,0.9999998821369865,0.012123577883291667,0.012123576454370243,0.9999997739133658,0.017082928203015525,0.017082924340793785,0.9999997739133658,0.017082928203015525,0.017082924340793785,0.9999997739133658,0.017082928203015525,0.017082924340793785,0.9999993381466213,0.030723426735756437,0.030723406401352647,0.9999993381466213,0.030723426735756437,0.030723406401352647,0.9999993381466213,0.030723426735756437,0.030723406401352647,0.9999966904303283,0.07396395614204722,0.07396371135318118,0.9999966904303283,0.07396395614204722,0.07396371135318118,0.9999966904303283,0.07396395614204722,0.07396371135318118
27.935871743486974,0.9999998045412448,0.016328393647818205,0.016328390456290708,0.9999998045412448,0.016328393647818205,0.016328390456290708,0.9999998045412448,0.016328393647818205,0.016328390456290708,0.9999998045412448,0.016328393647818205,0.016328390456290708,0.9999998045412448,0.016328393647818205,0.016328390456290708,0.9999998045412448,0.016328393647818205,0.016328390456290708,0.999999625021296,0.022963685240089262,0.022963676629196333,0.999999625021296,0.022963685240089262,0.022963676629196333,0.999999625021296,0.022963685240089262,0.022963676629196333,0.9999989019147688,0.041085054330400744,0.04108500921550936,0.9999989019147688,0.041085054330400744,0.04108500921550936,0.9999989019147688,0.041085054330400744,0.04108500921550936,0.9999945032965746,0.09732079109463594,0.09732025615111017,0.9999945032965746,0.09732079109463594,0.09732025615111017,0.9999945032965746,0.09732079109463594,0.09732025615111017
31.903807615230466,0.9999996879519802,0.02155597737369366,0.021555970647193605,0.9999996879519802,0.02155597737369366,0.021555970647193605,0.9999996879519802,0.02155597737369366,0.021555970647193605,0.9999996879519802,0.02155597737369366,0.021555970647193605,0.9999996879519802,0.02155597737369366,0.021555970647193605,0.9999996879519802,0.02155597737369366,0.021555970647193605,0.9999994012617203,0.03024424327137993,0.03024422516299374,0.9999994012617203,0.03024424327137993,0.03024422516299374,0.9999994012617203,0.03024424327137993,0.03024422516299374,0.9999982459733644,0.05376796807370773,0.05376787376325958,0.9999982459733644,0.05376796807370773,0.05376787376325958,0.9999982459733644,0.05376796807370773,0.05376787376325958,0.9999912086250601,0.12492944578333248,0.12492834748173356,0.9999912086250601,0.12492944578333248,0.12492834748173356,0.9999912086250601,0.12492944578333248,0.12492834748173356
35.87174348697395,0.9999995212836021,0.027898632010313763,0.027898618654781143,0.9999995212836021,0.027898632010313763,0.027898618654781143,0.9999995212836021,0.027898632010313763,0.027898618654781143,0.9999995212836021,0.027898632010313763,0.027898618654781143,0.9999995212836021,0.027898632010313763,0.027898618654781143,0.9999995212836021,0.027898632010313763,0.027898618654781143,0.9999990813132849,0.039032843784114236,0.039032807925159195,0.9999990813132849,0.039032843784114236,0.039032807925159195,0.9999990813132849,0.039032843784114236,0.039032807925159195,0.9999973074529597,0.06886942501457778,0.06886923958041129,0.9999973074529597,0.06886942501457778,0.06886923958041129,0.9999973074529597,0.06886942501457778,0.06886923958041129,0.9999864842631525,0.15648091562386943,0.1564788006689922,0.9999864842631525,0.15648091562386943,0.1564788006689922,0.9999864842631525,0.15648091562386943,0.1564788006689922
39.83967935871743,0.9999992920533765,0.03543540605802376,0.03543538097164769,0.9999992920533765,0.03543540605802376,0.03543538097164769,0.9999992920533765,0.03543540605802376,0.03543538097164769,0.9999992920533765,0.03543540605802376,0.03543538097164769,0.9999992920533765,0.03543540605802376,0.03543538097164769,0.9999992920533765,0.03543540605802376,0.03543538097164769,0.9999986411456625,0.04941291223477514,0.04941284508982502,0.9999986411456625,0.04941291223477514,0.04941284508982502,0.9999986411456625,0.04941291223477514,0.04941284508982502,0.9999960153198919,0.08641985033218808,0.08641950597672951,0.9999960153198919,0.08641985033218808,0.08641950597672951,0.9999960153198919,0.08641985033218808,0.08641950597672951,0.9999799628776711,0.19146768320342838,0.191463846742038,0.9999799628776711,0.19146768320342838,0.191463846742038,0.9999799628776711,0.19146768320342838,0.191463846742038
43.80761523046093,0.9999989863664778,0.044229877390819475,0.044229832557933065,0.9999989863664778,0.044229877390819475,0.044229832557933065,0.9999989863664778,0.044229877390819475,0.044229832557933065,0.9999989863664778,0.044229877390819475,0.044229832557933065,0.9999989863664778,0.044229877390819475,0.044229832557933065,0.9999989863664778,0.044229877390819475,0.044229832557933065,0.9999980539826807,0.061439744781860886,0.06143962521905345,0.9999980539826807,0.061439744781860886,0.06143962521905345,0.9999980539826807,0.061439744781860886,0.06143962521905345,0.9999942901908654,0.1063794998585349,0.10637889245189487,0.9999942901908654,0.1063794998585349,0.10637889245189487,0.9999942901908654,0.1063794998585349,0.10637889245189487,0.9999712293783805,0.22922764863967493,0.22922105361773118,0.9999712293783805,0.22922764863967493,0.22922105361773118,0.9999712293783805,0.22922764863967493,0.22922105361773118
47.77555110220442,0.9999985889026093,0.05432820890123667,0.05432813223884285,0.9999985889026093,0.05432820890123667,0.05432813223884285,0.9999985889026093,0.05432820890123667,0.05432813223884285,0.9999985889026093,0.05432820890123667,0.05432813223884285,0.9999985889026093,0.05432820890123667,0.05432813223884285,0.9999985889026093,0.05432820890123667,0.05432813223884285,0.9999972902660812,0.07513800155618489,0.07513779795219348,0.9999972902660812,0.07513800155618489,0.07513779795219348,0.9999972902660812,0.07513800155618489,0.07513779795219348,0.999992044132971,0.12863896685291926,0.12863794341840423,0.999992044132971,0.12863896685291926,0.12863794341840423,0.999992044132971,0.12863896685291926,0.12863794341840423,0.9999598178200216,0.2690012638666168,0.26899045480941774,0.9999598178200216,0.2690012638666168,0.26899045480941774,0.9999598178200216,0.2690012638666168,0.26899045480941774
51.7434869739479,0.9999980829022684,0.06575757560823184,0.0657574495445328,0.9999980829022684,0.06575757560823184,0.0657574495445328,0.9999980829022684,0.06575757560823184,0.0657574495445328,0.9999980829022684,0.06575757560823184,0.0657574495445328,0.9999980829022684,0.06575757560823184,0.0657574495445328,0.9999980829022684,0.06575757560823184,0.0657574495445328,0.9999963176168896,0.09050020327857577,0.09049987002215573,0.9999963176168896,0.09050020327857577,0.09049987002215573,0.9999963176168896,0.09050020327857577,0.09049987002215573,0.9999891804372028,0.15302367313111326,0.15302201748187236,0.9999891804372028,0.15302367313111326,0.15302201748187236,0.9999891804372028,0.15302367313111326,0.15302201748187236,0.9999452076296884,0.3099930134532554,0.3099760282012683,0.9999452076296884,0.3099930134532554,0.3099760282012683,0.9999452076296884,0.3099930134532554,0.3099760282012683
55.71142284569139,0.9999974501518926,0.07852505949400945,0.07852485926703512,0.9999974501518926,0.07852505949400945,0.07852485926703512,0.9999974501518926,0.07852505949400945,0.07852485926703512,0.9999974501518926,0.07852505949400945,0.07852485926703512,0.9999974501518926,0.07852505949400945,0.07852485926703512,0.9999974501518926,0.07852505949400945,0.07852485926703512,0.9999951007925008,0.10748638144556984,0.1074858548474838,0.9999951007925008,0.10748638144556984,0.1074858548474838,0.9999951007925008,0.10748638144556984,0.1074858548474838,0.9999855933568962,0.17930207013378635,0.17929948699285417,0.9999855933568962,0.17930207013378635,0.17929948699285417,0.9999855933568962,0.17930207013378635,0.17929948699285417,0.9999268190077405,0.35142858203176436,0.3514028641394229,0.9999268190077405,0.35142858203176436,0.3514028641394229,0.9999268190077405,0.35142858203176436,0.3514028641394229
59.67935871743487,0.9999966709673861,0.09261709292528299,0.09261678459996003,0.9999966709673861,0.09261709292528299,0.09261678459996003,0.9999966709673861,0.09261709292528299,0.09261678459996003,0.9999966709673861,0.09261709292528299,0.09261678459996003,0.9999966709673861,0.09261709292528299,0.09261678459996003,0.9999966709673861,0.09261709292528299,0.09261678459996003,0.9999936016382627,0.1260249611762139,0.12602415482292437,0.9999936016382627,0.1260249611762139,0.12602415482292437,0.9999936016382627,0.1260249611762139,0.12602415482292437,0.9999811678041222,0.20719687769049705,0.2071929757183111,0.9999811678041222,0.20719687769049705,0.2071929757183111,0.9999811678041222,0.20719687769049705,0.2071929757183111,0.9999040073401773,0.39260110472771864,0.39256341790342647,0.9999040073401773,0.39260110472771864,0.39256341790342647,0.9999040073401773,0.39260110472771864,0.39256341790342647
63.647294589178365,0.999995724175702,0.10799950642402276,0.10799904463710902,0.999995724175702,0.10799950642402276,0.10799904463710902,0.999995724175702,0.10799950642402276,0.10799904463710902,0.999995724175702,0.10799950642402276,0.10799904463710902,0.999995724175702,0.10799950642402276,0.10799904463710902,0.999995724175702,0.10799950642402276,0.10799904463710902,0.9999917790326402,0.14601486967671296,0.1460136692932353,0.9999917790326402,0.14601486967671296,0.1460136692932353,0.9999917790326402,0.14601486967671296,0.1460136692932353,0.9999757789975384,0.2363983806431848,0.23639265483742533,0.9999757789975384,0.2363983806431848,0.23639265483742533,0.9999757789975384,0.2363983806431848,0.23639265483742533,0.9998760564415229,0.4329029441850895,0.43284928865371197,0.9998760564415229,0.4329029441850895,0.43284928865371197,0.9998760564415229,0.4329029441850895,0.43284928865371197
67.61523046092185,0.9999945870942373,0.1246182043724972,0.1246175298259006,0.9999945870942373,0.1246182043724972,0.1246175298259006,0.9999945870942373,0.1246182043724972,0.1246175298259006,0.9999945870942373,0.1246182043724972,0.1246175298259006,0.9999945870942373,0.1246182043724972,0.1246175298259006,0.9999945870942373,0.1246182043724972,0.1246175298259006,0.9999895888251507,0.16732877297728693,0.16732703088817413,0.9999895888251507,0.16732877297728693,0.16732703088817413,0.9999895888251507,0.16732877297728693,0.16732703088817413,0.9999692920551126,0.2665786378135449,0.2665704517314268,0.9999692920551126,0.2665786378135449,0.2665704517314268,0.9999692920551126,0.2665786378135449,0.2665704517314268,0.9998421704215403,0.4718424913755141,0.4717680206740009,0.9998421704215403,0.4718424913755141,0.4717680206740009,0.9998421704215403,0.4718424913755141,0.4717680206740009
71.58316633266533,0.9999932355078163,0.14240045608925006,0.14239949282247788,0.9999932355078163,0.14240045608925006,0.14239949282247788,0.9999932355078163,0.14240045608925006,0.14239949282247788,0.9999932355078163,0.14240045608925006,0.14239949282247788,0.9999932355078163,0.14240045608925006,0.14239949282247788,0.9999932355078163,0.14240045608925006,0.14239949282247788,0.9999869837662914,0.18981726037726734,0.18981478967144433,0.9999869837662914,0.18981726037726734,0.18981478967144433,0.9999869837662914,0.18981726037726734,0.18981478967144433,0.9999615615247116,0.2974054535419477,0.2973940217297711,0.9999615615247116,0.2974054535419477,0.2973940217297711,0.9999615615247116,0.2974054535419477,0.2973940217297711,0.9998014639371035,0.509047822494888,0.5089467581443838,0.9998014639371035,0.509047822494888,0.5089467581443838,0.9998014639371035,0.509047822494888,0.5089467581443838
75.55110220440883,0.9999916436430453,0.1612567531234705,0.16125540560448,0.9999916436430453,0.1612567531234705,0.16125540560448,0.9999916436430453,0.1612567531234705,0.16125540560448,0.9999916436430453,0.1612567531234705,0.16125540560448,0.9999916436430453,0.1612567531234705,0.16125540560448,0.9999916436430453,0.1612567531234705,0.16125540560448,0.999983913428647,0.21331373001471748,0.21331029852817904,0.999983913428647,0.21331373001471748,0.21331029852817904,0.999983913428647,0.21331373001471748,0.21331029852817904,0.9999524308449558,0.32855510500557034,0.32853947591683974,0.9999524308449558,0.32855510500557034,0.32853947591683974,0.9999524308449558,0.32855510500557034,0.32853947591683974,0.9997529505520267,0.5442603560870319,0.5441258968665069,0.9997529505520267,0.5442603560870319,0.5441258968665069,0.9997529505520267,0.5442603560870319,0.5441258968665069
79.5190380761523,0.9999897841398111,0.18108315017112653,0.18108130025098182,0.9999897841398111,0.18108315017112653,0.18108130025098182,0.9999897841398111,0.18108315017112653,0.18108130025098182,0.9999897841398111,0.18108315017112653,0.18108130025098182,0.9999897841398111,0.18108315017112653,0.18108130025098182,0.9999897841398111,0.18108315017112653,0.18108130025098182,0.9999803241183168,0.23763968758494683,0.2376350118145707,0.9999803241183168,0.23763968758494683,0.2376350118145707,0.9999803241183168,0.23763968758494683,0.2376350118145707,0.9999417317280015,0.3597230679576059,0.359702107516038,0.9999417317280015,0.3597230679576059,0.359702107516038,0.9999417317280015,0.3597230679576059,0.359702107516038,0.9996955288818008,0.5773220083026246,0.5771462304251956,0.9996955288818008,0.5773220083026246,0.5771462304251956,0.9996955288818008,0.5773220083026246,0.5771462304251956
83.4869739478958,0.9999876280196944,0.20176397992961384,0.20176148370962776,0.9999876280196944,0.20176397992961384,0.20176148370962776,0.9999876280196944,0.20176397992961384,0.20176148370962776,0.9999876280196944,0.20176397992961384,0.20176148370962776,0.9999876280196944,0.20176397992961384,0.20176148370962776,0.9999876280196944,0.20176397992961384,0.20176148370962776,0.9999761587757452,0.2626101571210771,0.2626038961734296,0.9999761587757452,0.2626101571210771,0.2626038961734296,0.9999761587757452,0.2626101571210771,0.2626038961734296,0.9999292834550905,0.3906322852927696,0.3906046611272236,0.9999292834550905,0.3906322852927696,0.3906046611272236,0.9999292834550905,0.3906322852927696,0.3906046611272236,0.9996279661459646,0.6081590153834323,0.6079327596410729,0.9996279661459646,0.6081590153834323,0.6079327596410729,0.9996279661459646,0.6081590153834323,0.6079327596410729
87.45490981963928,0.9999851446510309,0.223174813909285,0.22317149856954327,0.9999851446510309,0.223174813909285,0.22317149856954327,0.9999851446510309,0.223174813909285,0.22317149856954327,0.9999851446510309,0.223174813909285,0.22317149856954327,0.9999851446510309,0.223174813909285,0.22317149856954327,0.9999851446510309,0.223174813909285,0.22317149856954327,0.9999713568649585,0.28803891745154914,0.2880306671139394,0.9999713568649585,0.28803891745154914,0.2880306671139394,0.9999713568649585,0.28803891745154914,0.2880306671139394,0.9999148920747644,0.42103882338298393,0.42100298964228217,0.9999148920747644,0.42103882338298393,0.42100298964228217,0.9999148920747644,0.42103882338298393,0.42100298964228217,0.9995488786875049,0.6367649045102044,0.6364776462907309,0.9995488786875049,0.6367649045102044,0.6364776462907309,0.9995488786875049,0.6367649045102044,0.6364776462907309
91.42284569138278,0.9999823017103656,0.24518553306560725,0.2451811937010289,0.9999823017103656,0.24518553306560725,0.2451811937010289,0.9999823017103656,0.24518553306560725,0.2451811937010289,0.9999823017103656,0.24518553306560725,0.2451811937010289,0.9999823017103656,0.24518553306560725,0.2451811937010289,0.9999823017103656,0.24518553306560725,0.2451811937010289,0.9999658542501454,0.31374331627572344,0.31373260327492736,0.9999658542501454,0.31374331627572344,0.31373260327492736,0.9999658542501454,0.31374331627572344,0.31373260327492736,0.9998983494925919,0.45073501847654085,0.45068920103320614,0.9998983494925919,0.45073501847654085,0.45068920103320614,0.9998983494925919,0.45073501847654085,0.45068920103320614,0.9994567089401676,0.6631843132866996,0.6628240111782698,0.9994567089401676,0.6631843132866996,0.6628240111782698,0.9994567089401676,0.6631843132866996,0.6628240111782698
95.39078156312625,0.9999790651399961,0.2676633742631374,0.26765777076786906,0.9999790651399961,0.2676633742631374,0.26765777076786906,0.9999790651399961,0.2676633742631374,0.26765777076786906,0.9999790651399961,0.2676633742631374,0.26765777076786906,0.9999790651399961,0.2676633742631374,0.26765777076786906,0.9999790651399961,0.2676633742631374,0.26765777076786906,0.9999595830584223,0.339548468998849,0.33953474548821466,0.9999595830584223,0.339548468998849,0.33953474548821466,0.9999595830584223,0.339548468998849,0.33953474548821466,0.9998794324400959,0.47955040476266575,0.4794925865405125,0.9998794324400959,0.47955040476266575,0.4794925865405125,0.9998794324400959,0.47955040476266575,0.4794925865405125,0.9993496982444519,0.6874986537264719,0.6870515721450166,0.9993496982444519,0.6874986537264719,0.6870515721450166,0.9993496982444519,0.6874986537264719,0.6870515721450166
99.35871743486975,0.9999753991013068,0.2904758300579494,0.29046868409148136,0.9999753991013068,0.2904758300579494,0.29046868409148136,0.9999753991013068,0.2904758300579494,0.29046868409148136,0.9999753991013068,0.2904758300579494,0.29046868409148136,0.9999753991013068,0.2904758300579494,0.29046868409148136,0.9999753991013068,0.2904758300579494,0.29046868409148136,0.9999524715275432,0.36529071346936737,0.3652733517597535,0.9999524715275432,0.36529071346936737,0.3652733517597535,0.9999524715275432,0.36529071346936737,0.3652733517597535,0.9998579013092613,0.5073508294215885,0.5072787355329825,0.9998579013092613,0.5073508294215885,0.5072787355329825,0.9998579013092613,0.5073508294215885,0.5072787355329825,0.9992258548003835,0.7098140673824357,0.7092645682295513,0.9992258548003835,0.7098140673824357,0.7092645682295513,0.9992258548003835,0.7098140673824357,0.7092645682295513
103.32665330661322,0.9999712659235563,0.31349329821891675,0.31348429027852115,0.9999712659235563,0.31349329821891675,0.31348429027852115,0.9999712659235563,0.31349329821891675,0.31348429027852115,0.9999712659235563,0.31349329821891675,0.31348429027852115,0.9999712659235563,0.31349329821891675,0.31348429027852115,0.9999712659235563,0.31349329821891675,0.31348429027852115,0.9999444438372158,0.39082025674247756,0.3907985442686746,0.9999444438372158,0.39082025674247756,0.3907985442686746,0.9999444438372158,0.39082025674247756,0.3907985442686746,0.9998334988375562,0.5340362042335759,0.533947286584784,0.9998334988375562,0.5340362042335759,0.533947286584784,0.9998334988375562,0.5340362042335759,0.533947286584784,0.9990829159330441,0.7302517385438059,0.7295820363095205,0.9990829159330441,0.7302517385438059,0.7295820363095205,0.9990829159330441,0.7302517385438059,0.7295820363095205
107.29458917835673,0.9999666260477723,0.33659140133551385,0.33658016795016543,0.9999666260477723,0.33659140133551385,0.33658016795016543,0.9999666260477723,0.33659140133551385,0.33658016795016543,0.9999666260477723,0.33659140133551385,0.33658016795016543,0.9999666260477723,0.33659140133551385,0.33658016795016543,0.9999666260477723,0.33659140133551385,0.33658016795016543,0.999935419922574,0.4160030093493458,0.4159761438427926,0.999935419922574,0.4160030093493458,0.4159761438427926,0.999935419922574,0.4160030093493458,0.4159761438427926,0.9998059486267693,0.5595373325923546,0.5594287536045912,0.9998059486267693,0.5595373325923546,0.5594287536045912,0.9998059486267693,0.5595373325923546,0.5594287536045912,0.9989183037062531,0.7489404009124079,0.7481302748565036,0.9989183037062531,0.7489404009124079,0.7481302748565036,0.9989183037062531,0.7489404009124079,0.7481302748565036
111.2625250501002,0.9999614379653694,0.3596529231863714,0.35963905423789244,0.9999614379653694,0.3596529231863714,0.35963905423789244,0.9999614379653694,0.3596529231863714,0.35963905423789244,0.9999614379653694,0.3596529231863714,0.35963905423789244,0.9999614379653694,0.3596529231863714,0.35963905423789244,0.9999614379653694,0.3596529231863714,0.35963905423789244,0.9999253152682537,0.44072165164586524,0.44068873646753726,0.9999253152682537,0.44072165164586524,0.44068873646753726,0.9999253152682537,0.44072165164586524,0.44068873646753726,0.9997749534771655,0.5838122027162528,0.5836808178100431,0.9997749534771655,0.5838122027162528,0.5836808178100431,0.9997749534771655,0.5838122027162528,0.5836808178100431,0.9987290727619379,0.766010754650265,0.7650372107175315,0.9987290727619379,0.766010754650265,0.7650372107175315,0.9987290727619379,0.766010754650265,0.7650372107175315
115.2304609218437,0.999955658151099,0.38256933473393756,0.38255237090230265,0.999955658151099,0.38256933473393756,0.38255237090230265,0.999955658151099,0.38256933473393756,0.38255237090230265,0.999955658151099,0.38256933473393756,0.38255237090230265,0.999955658151099,0.38256933473393756,0.38255237090230265,0.999955658151099,0.38256933473393756,0.38255237090230265,0.9999140406813869,0.4648760131613296,0.46483605273599865,0.9999140406813869,0.4648760131613296,0.46483605273599865,0.9999140406813869,0.4648760131613296,0.46483605273599865,0.999740193516427,0.6068420693613144,0.6066844078571894,0.999740193516427,0.6068420693613144,0.6066844078571894,0.999740193516427,0.6068420693613144,0.6066844078571894,0.9985118490822982,0.7815914695124673,0.7804283434498444,0.9985118490822982,0.7815914695124673,0.7804283434498444,0.9985118490822982,0.7815914695124673,0.7804283434498444
119.19839679358718,0.9999492409898977,0.4052419066365953,0.4052213369585625,0.9999492409898977,0.4052419066365953,0.4052213369585625,0.9999492409898977,0.4052419066365953,0.4052213369585625,0.9999492409898977,0.4052419066365953,0.4052213369585625,0.9999492409898977,0.4052419066365953,0.4052213369585625,0.9999492409898977,0.4052419066365953,0.4052213369585625,0.9999015020417036,0.48838286895265476,0.48833476423719596,0.9999015020417036,0.48838286895265476,0.48833476423719596,0.9999015020417036,0.48838286895265476,0.48833476423719596,0.9997013241005942,0.6286275711934972,0.6284398152882797,0.9997013241005942,0.6286275711934972,0.6284398152882797,0.9997013241005942,0.6286275711934972,0.6284398152882797,0.9982627581679318,0.795806456199672,0.7944239479337319,0.9982627581679318,0.795806456199672,0.7944239479337319,0.9982627581679318,0.795806456199672,0.7944239479337319
123.16633266533067,0.9999421386971783,0.42758242551878073,0.4275576850425766,0.9999421386971783,0.42758242551878073,0.4275576850425766,0.9999421386971783,0.42758242551878073,0.4275576850425766,0.9999421386971783,0.42758242551878073,0.4275576850425766,0.9999421386971783,0.42758242551878073,0.4275576850425766,0.9999421386971783,0.42758242551878073,0.4275576850425766,0.9998876000267823,0.5111752678217923,0.5111178117353796,0.9998876000267823,0.5111752678217923,0.5111178117353796,0.9998876000267823,0.5111752678217923,0.5111178117353796,0.9996579734616977,0.6491850589478259,0.6489630204293964,0.9996579734616977,0.6491850589478259,0.6489630204293964,0.9996579734616977,0.6491850589478259,0.6489630204293964,0.9979773408971866,0.8087731200980346,0.8071372477845575,0.9979773408971866,0.8087731200980346,0.8071372477845575,0.9979773408971866,0.8087731200980346,0.8071372477845575
127.13426853707415,0.9999343012320823,0.4495135470501286,0.44948401456392506,0.9999343012320823,0.4495135470501286,0.44948401456392506,0.9999343012320823,0.4495135470501286,0.44948401456392506,0.9999343012320823,0.4495135470501286,0.44948401456392506,0.9999343012320823,0.4495135470501286,0.44948401456392506,0.9999343012320823,0.4495135470501286,0.44948401456392506,0.9998722298103324,0.5332015079030983,0.5331333806453025,0.9998722298103324,0.5332015079030983,0.5331333806453025,0.9998722298103324,0.5332015079030983,0.5331333806453025,0.9996097400742682,0.6685432464931567,0.6682823408554317,0.9996097400742682,0.6685432464931567,0.6682823408554317,0.9996097400742682,0.6685432464931567,0.6682823408554317,0.9976504550808339,0.8206013544447868,0.8186733147017903,0.9976504550808339,0.8206013544447868,0.8186733147017903,0.9976504550808339,0.8206013544447868,0.8186733147017903
131.10220440881764,0.9999256762031752,0.47096882987453353,0.47093382568291114,0.9999256762031752,0.47096882987453353,0.47093382568291114,0.9999256762031752,0.47096882987453353,0.47093382568291114,0.9999256762031752,0.47096882987453353,0.47093382568291114,0.9999256762031752,0.47096882987453353,0.47093382568291114,0.9999256762031752,0.47096882987453353,0.47093382568291114,0.9998552807312286,0.5544238680826907,0.5543436322659124,0.9998552807312286,0.5544238680826907,0.5543436322659124,0.9998552807312286,0.5544238680826907,0.5543436322659124,0.9995561897080213,0.6867402456621898,0.686435463273249,0.9995561897080213,0.6867402456621898,0.686435463273249,0.9995561897080213,0.6867402456621898,0.686435463273249,0.9972761604545055,0.8313930746028062,0.8291284932683528,0.9972761604545055,0.8313930746028062,0.8291284932683528,0.9972761604545055,0.8313930746028062,0.8291284932683528
135.07014028056113,0.999916208766028,0.49189250080058317,0.49185128452095955,0.999916208766028,0.49189250080058317,0.49185128452095955,0.999916208766028,0.49189250080058317,0.49185128452095955,0.999916208766028,0.49189250080058317,0.49185128452095955,0.999916208766028,0.49189250080058317,0.49185128452095955,0.999916208766028,0.49189250080058317,0.49185128452095955,0.9998366359308218,0.5748171915308127,0.5747232870553707,0.9998366359308218,0.5748171915308127,0.5747232870553707,0.9998366359308218,0.5748171915308127,0.5747232870553707,0.9994968521347616,0.7038210066316651,0.7034668805946684,0.9994968521347616,0.7038210066316651,0.7034668805946684,0.9994968521347616,0.7038210066316651,0.7034668805946684,0.996847584564996,0.8412421365694888,0.8385901918735914,0.996847584564996,0.8412421365694888,0.8385901918735914,0.996847584564996,0.8412421365694888,0.8385901918735914
139.0380761523046,0.9999058415121026,0.5122390039638113,0.512190772313756,0.9999058415121026,0.5122390039638113,0.512190772313756,0.9999058415121026,0.5122390039638113,0.512190772313756,0.9999058415121026,0.5122390039638113,0.512190772313756,0.9999058415121026,0.5122390039638113,0.512190772313756,0.9999058415121026,0.5122390039638113,0.512190772313756,0.9998161719558571,0.5943674026164633,0.594258141219338,0.9998161719558571,0.5943674026164633,0.594258141219338,0.9998161719558571,0.5943674026164633,0.594258141219338,0.9994312174482558,0.7198351577901528,0.7194257281122698,0.9994312174482558,0.7198351577901528,0.7194257281122698,0.9994312174482558,0.7198351577901528,0.7194257281122698,0.9963567667159683,0.850234518794218,0.8471369160961142,0.9963567667159683,0.850234518794218,0.8471369160961142,0.9963567667159683,0.850234518794218,0.8471369160961142
143.0060120240481,0.9998945143483072,0.5319723856523307,0.5319162701985476,0.9998945143483072,0.5319723856523307,0.5319162701985476,0.9998945143483072,0.5319723856523307,0.5319162701985476,0.9998945143483072,0.5319723856523307,0.5319162701985476,0.9998945143483072,0.5319723856523307,0.5319162701985476,0.9998945143483072,0.5319723856523307,0.5319162701985476,0.9997937583241046,0.6130700225139345,0.6129435819250499,0.9997937583241046,0.6130700225139345,0.6129435819250499,0.9997937583241046,0.6130700225139345,0.6129435819250499,0.9993587319554804,0.7348352206656946,0.7343639943206942,0.9993587319554804,0.7348352206656946,0.7343639943206942,0.9993587319554804,0.7348352206656946,0.7343639943206942,0.9957944768609367,0.8584486761805592,0.8548384504091836,0.9957944768609367,0.8584486761805592,0.8548384504091836,0.9957944768609367,0.8584486761805592,0.8548384504091836
146.9739478957916,0.9998821643665561,0.5510655629840634,0.5510006278243801,0.9998821643665561,0.5510655629840634,0.5510006278243801,0.9998821643665561,0.5510655629840634,0.5510006278243801,0.9998821643665561,0.5510655629840634,0.5510006278243801,0.9998821643665561,0.5510655629840634,0.5510006278243801,0.9998821643665561,0.5510655629840634,0.5510006278243801,0.9997692570495752,0.6309287333023028,0.6307831509448728,0.9997692570495752,0.6309287333023028,0.6307831509448728,0.9997692570495752,0.6309287333023028,0.6307831509448728,0.9992787935914027,0.7488751646666186,0.7483350710986217,0.9992787935914027,0.7488751646666186,0.7483350710986217,0.9992787935914027,0.7488751646666186,0.7483350710986217,0.9951500060934534,0.8659559990486049,0.8617561177298817,0.9951500060934534,0.8659559990486049,0.8617561177298817,0.9951500060934534,0.8659559990486049,0.8617561177298817
150.94188376753507,0.9998687257026094,0.5694995194502398,0.5694247588009597,0.9998687257026094,0.5694995194502398,0.5694247588009597,0.9998687257026094,0.5694995194502398,0.5694247588009597,0.9998687257026094,0.5694995194502398,0.5694247588009597,0.9998687257026094,0.5694995194502398,0.5694247588009597,0.9998687257026094,0.5694995194502398,0.5694247588009597,0.999742522123925,0.6479540262333284,0.6477871924068597,0.999742522123925,0.6479540262333284,0.6477871924068597,0.999742522123925,0.6479540262333284,0.6477871924068597,0.9991907468044549,0.7620092612158194,0.7613926027861455,0.9991907468044549,0.7620092612158194,0.7613926027861455,0.9991907468044549,0.7620092612158194,0.7613926027861455,0.9944109252267122,0.8728213285207829,0.8679430648519598,0.9944109252267122,0.8728213285207829,0.8679430648519598,0.9944109252267122,0.8728213285207829,0.8679430648519598
154.90981963927857,0.9998541293834384,0.5872624642229328,0.5871767998851931,0.9998541293834384,0.5872624642229328,0.5871767998851931,0.9998541293834384,0.5872624642229328,0.5871767998851931,0.9998541293834384,0.5872624642229328,0.5871767998851931,0.9998541293834384,0.5872624642229328,0.5871767998851931,0.9998541293834384,0.5872624642229328,0.5871767998851931,0.9997133989503816,0.6641619576302555,0.6639716081160821,0.9997133989503816,0.6641619576302555,0.6639716081160821,0.9997133989503816,0.6641619576302555,0.6639716081160821,0.9990938768541381,0.774291195682467,0.773589592508422,0.9990938768541381,0.774291195682467,0.773589592508422,0.9990938768541381,0.774291195682467,0.773589592508422,0.9935628079366213,0.879103494093447,0.8734445360583802,0.9935628079366213,0.879103494093447,0.8734445360583802,0.9935628079366213,0.879103494093447,0.8734445360583802
158.87775551102206,0.9998383031622856,0.6043489856648134,0.6042512643449556,0.9998383031622856,0.6043489856648134,0.6042512643449556,0.9998383031622856,0.6043489856648134,0.6042512643449556,0.9998383031622856,0.6043489856648134,0.6042512643449556,0.9998383031622856,0.6043489856648134,0.6042512643449556,0.9998383031622856,0.6043489856648134,0.6042512643449556,0.9996817237261991,0.6795730257929705,0.6793567338225456,0.9996817237261991,0.6795730257929705,0.6793567338225456,0.9996817237261991,0.6795730257929705,0.6793567338225456,0.9989874034558597,0.785773396987018,0.7849777255607515,0.9989874034558597,0.785773396987018,0.7849777255607515,0.9989874034558597,0.785773396987018,0.7849777255607515,0.9925889151489581,0.8848558499007809,0.8782981081162254,0.9925889151489581,0.8848558499007809,0.8782981081162254,0.9925889151489581,0.8848558499007809,0.8782981081162254
162.84569138276552,0.9998211713405561,0.6207592231374838,0.6206482135977727,0.9998211713405561,0.6207592231374838,0.6206482135977727,0.9998211713405561,0.6207592231374838,0.6206482135977727,0.9998211713405561,0.6207592231374838,0.6206482135977727,0.9998211713405561,0.6207592231374838,0.6206482135977727,0.9998211713405561,0.6207592231374838,0.6206482135977727,0.9996473227693361,0.69421117430948,0.6939663418350286,0.9996473227693361,0.69421117430948,0.6939663418350286,0.9996473227693361,0.69421117430948,0.6939663418350286,0.998870473701223,0.7965065478351525,0.7956068727422246,0.998870473701223,0.7965065478351525,0.7956068727422246,0.998870473701223,0.7965065478351525,0.7956068727422246,0.9914698379017046,0.890126794104324,0.8825338682625782,0.9914698379017046,0.890126794104324,0.8825338682625782,0.9914698379017046,0.890126794104324,0.8825338682625782
166.81362725450902,0.9998026545755961,0.6364980753046291,0.6363724653218259,0.9998026545755961,0.6364980753046291,0.6363724653218259,0.9998026545755961,0.6364980753046291,0.6363724653218259,0.9998026545755961,0.6364980753046291,0.6363724653218259,0.9998026545755961,0.6364980753046291,0.6363724653218259,0.9998026545755961,0.6364980753046291,0.6363724653218259,0.9996100117849218,0.7081029211469841,0.7078267693526744,0.9996100117849218,0.7081029211469841,0.7078267693526744,0.9996100117849218,0.7081029211469841,0.7078267693526744,0.9987421541744492,0.8065392424600859,0.8055247404408146,0.9987421541744492,0.8065392424600859,0.8055247404408146,0.9987421541744492,0.8065392424600859,0.8055247404408146,0.9901830969714586,0.8949602615788796,0.8861745234765617,0.9901830969714586,0.8949602615788796,0.8861745234765617,0.9901830969714586,0.8949602615788796,0.8861745234765617
170.78156312625254,0.9997826696733625,0.651574457870789,0.6514328509810313,0.9997826696733625,0.651574457870789,0.6514328509810313,0.9997826696733625,0.651574457870789,0.6514328509810313,0.9997826696733625,0.651574457870789,0.6514328509810313,0.9997826696733625,0.651574457870789,0.6514328509810313,0.9997826696733625,0.651574457870789,0.6514328509810313,0.9995695950652363,0.7212766085750943,0.720966167563434,0.9995695950652363,0.7212766085750943,0.720966167563434,0.9995695950652363,0.7212766085750943,0.720966167563434,0.9986014221774323,0.8159177629871399,0.814776638498787,0.9986014221774323,0.8159177629871399,0.814776638498787,0.9986014221774323,0.8159177629871399,0.814776638498787,0.9887026993361018,0.899396184122797,0.889235435014799,0.9887026993361018,0.899396184122797,0.889235435014799,0.9887026993361018,0.899396184122797,0.889235435014799
174.749498997996,0.9997611293649096,0.6660006191891729,0.6658415311982965,0.9997611293649096,0.6660006191891729,0.6658415311982965,0.9997611293649096,0.6660006191891729,0.6658415311982965,0.9997611293649096,0.6660006191891729,0.6658415311982965,0.9997611293649096,0.6660006191891729,0.6658415311982965,0.9997611293649096,0.6660006191891729,0.6658415311982965,0.9995258646200235,0.7337617660705668,0.7334138636567986,0.9995258646200235,0.7337617660705668,0.7334138636567986,0.9995258646200235,0.7337617660705668,0.7334138636567986,0.998447155967101,0.8246859497273531,0.8234053410713034,0.998447155967101,0.8246859497273531,0.8234053410713034,0.998447155967101,0.8246859497273531,0.8234053410713034,0.9869986543380118,0.9034709151995034,0.8917245775354419,0.9869986543380118,0.9034709151995034,0.8917245775354419,0.9869986543380118,0.9034709151995034,0.8917245775354419
178.71743486973946,0.9997379420655488,0.6797915184396668,0.6796133736784871,0.9997379420655488,0.6797915184396668,0.6796133736784871,0.9997379420655488,0.6797915184396668,0.6796133736784871,0.9997379420655488,0.6797915184396668,0.6796133736784871,0.9997379420655488,0.6797915184396668,0.6796133736784871,0.9997379420655488,0.6797915184396668,0.6796133736784871,0.9994785992289251,0.7455885766045385,0.7451998261457923,0.9994785992289251,0.7455885766045385,0.7451998261457923,0.9994785992289251,0.7455885766045385,0.7451998261457923,0.9982781238992487,0.832885144642193,0.8314510196169629,0.9982781238992487,0.832885144642193,0.8314510196169629,0.9982781238992487,0.832885144642193,0.8314510196169629,0.9850364565676318,0.9072176180282112,0.8936424277982364,0.9850364565676318,0.9072176180282112,0.8936424277982364,0.9850364565676318,0.9072176180282112,0.8936424277982364
182.68537074148296,0.9997130116154506,0.6929642680935089,0.6927653953976582,0.9997130116154506,0.6929642680935089,0.6927653953976582,0.9997130116154506,0.6929642680935089,0.6927653953976582,0.9997130116154506,0.6929642680935089,0.6927653953976582,0.9997130116154506,0.6929642680935089,0.6927653953976582,0.9997130116154506,0.6929642680935089,0.6927653953976582,0.9994275634106718,0.7567874358389906,0.7563542230203725,0.9994275634106718,0.7567874358389906,0.7563542230203725,0.9994275634106718,0.7567874358389906,0.7563542230203725,0.9980929723628387,0.840554190780994,0.8389512307086429,0.9980929723628387,0.840554190780994,0.8389512307086429,0.9980929723628387,0.840554190780994,0.8389512307086429,0.9827765484294676,0.9106666169222475,0.8949817945487866,0.9827765484294676,0.9106666169222475,0.8949817945487866,0.9827765484294676,0.9106666169222475,0.8949817945487866
186.65330661322648,0.9996862370003747,0.705537640081314,0.7053162684750136,0.9996862370003747,0.705537640081314,0.7053162684750136,0.9996862370003747,0.705537640081314,0.7053162684750136,0.9996862370003747,0.705537640081314,0.7053162684750136,0.9996862370003747,0.705537640081314,0.7053162684750136,0.9996862370003747,0.705537640081314,0.7053162684750136,0.999372506301806,0.767388593548646,0.7669070620421282,0.999372506301806,0.767388593548646,0.7669070620421282,0.999372506301806,0.767388593548646,0.7669070620421282,0.9978902123780353,0.8477294736258665,0.845940944475636,0.9978902123780353,0.8477294736258665,0.845940944475636,0.9978902123780353,0.8477294736258665,0.845940944475636,0.9801737835522072,0.9138457123053605,0.895727609413307,0.9801737835522072,0.9138457123053605,0.895727609413307,0.9801737835522072,0.9138457123053605,0.895727609413307
190.62124248496994,0.9996575120511216,0.7175316333835327,0.7172858874461597,0.9996575120511216,0.7175316333835327,0.7172858874461597,0.9996575120511216,0.7175316333835327,0.7172858874461597,0.9996575120511216,0.7175316333835327,0.7172858874461597,0.9996575120511216,0.7175316333835327,0.7172858874461597,0.9996575120511216,0.7175316333835327,0.7172858874461597,0.9993131604373591,0.7774218668389242,0.7768879027439171,0.9993131604373591,0.7774218668389242,0.7768879027439171,0.9993131604373591,0.7774218668389242,0.7768879027439171,0.9976682047199061,0.8544449929790079,0.8524526021772796,0.9976682047199061,0.8544449929790079,0.8524526021772796,0.9976682047199061,0.8544449929790079,0.8524526021772796,0.9771769231269534,0.9167804599632294,0.8958567090497817,0.9771769231269534,0.9167804599632294,0.8958567090497817,0.9771769231269534,0.9167804599632294,0.8958567090497817
194.58917835671343,0.9996267251203913,0.7289670995760412,0.7286949944697083,0.9996267251203913,0.7289670995760412,0.7286949944697083,0.9996267251203913,0.7289670995760412,0.7286949944697083,0.9996267251203913,0.7289670995760412,0.7286949944697083,0.9996267251203913,0.7289670995760412,0.7286949944697083,0.9996267251203913,0.7289670995760412,0.7286949944697083,0.9992492404252604,0.7869164152982742,0.7863256302649693,0.9992492404252604,0.7869164152982742,0.7863256302649693,0.9992492404252604,0.7869164152982742,0.7863256302649693,0.9974251434180065,0.8607324563152622,0.8585161936847834,0.9974251434180065,0.8607324563152622,0.8585161936847834,0.9974251434180065,0.8607324563152622,0.8585161936847834,0.973728211258686,0.9194944149308424,0.8953376519129612,0.973728211258686,0.9194944149308424,0.8953376519129612,0.973728211258686,0.9194944149308424,0.8953376519129612
198.55711422845695,0.9995937587344912,0.7398654220997456,0.7395648582343656,0.9995937587344912,0.7398654220997456,0.7395648582343656,0.9995937587344912,0.7398654220997456,0.7395648582343656,0.9995937587344912,0.7398654220997456,0.7395648582343656,0.9995937587344912,0.7398654220997456,0.7395648582343656,0.9995937587344912,0.7398654220997456,0.7395648582343656,0.9991804415055952,0.7959005689835663,0.7952482819115542,0.9991804415055952,0.7959005689835663,0.7952482819115542,0.9991804415055952,0.7959005689835663,0.7952482819115542,0.997159037470083,0.8666213864342251,0.8641593475477408,0.997159037470083,0.8666213864342251,0.8641593475477408,0.997159037470083,0.8666213864342251,0.8641593475477408,0.9697630925649773,0.9220093400912609,0.8941306290206951,0.9697630925649773,0.9220093400912609,0.8941306290206951,0.9697630925649773,0.9220093400912609,0.8941306290206951
202.52505010020042,0.99955848921999,0.750248244590342,0.7499170019026719,0.99955848921999,0.750248244590342,0.7499170019026719,0.99955848921999,0.750248244590342,0.7499170019026719,0.99955848921999,0.750248244590342,0.7499170019026719,0.99955848921999,0.750248244590342,0.7499170019026719,0.99955848921999,0.750248244590342,0.7499170019026719,0.9991064379850857,0.8044017009993363,0.8036829181945908,0.9991064379850857,0.8044017009993363,0.8036829181945908,0.9991064379850857,0.8044017009993363,0.8036829181945908,0.9968676905961142,0.8721392378239792,0.8694074278878454,0.9968676905961142,0.8721392378239792,0.8694074278878454,0.9968676905961142,0.8721392378239792,0.8694074278878454,0.9652101550574524,0.9243453791900434,0.8921875467746615,0.9652101550574524,0.9243453791900434,0.8921875467746615,0.9652101550574524,0.9243453791900434,0.8921875467746615
206.49298597194388,0.9995207863016882,0.7601372434398993,0.7597729752602459,0.9995207863016882,0.7601372434398993,0.7597729752602459,0.9995207863016882,0.7601372434398993,0.7597729752602459,0.9995207863016882,0.7601372434398993,0.7597729752602459,0.9995207863016882,0.7601372434398993,0.7597729752602459,0.9995207863016882,0.7601372434398993,0.7597729752602459,0.9990268815364035,0.8124461373291231,0.8116555309922104,0.9990268815364035,0.8124461373291231,0.8116555309922104,0.9990268815364035,0.8124461373291231,0.8116555309922104,0.9965486788472303,0.8773115174371143,0.8742836336394152,0.9965486788472303,0.8773115174371143,0.8742836336394152,0.9965486788472303,0.8773115174371143,0.8742836336394152,0.959991402361433,0.9265211936944336,0.8894523800523082,0.959991402361433,0.9265211936944336,0.8894523800523082,0.959991402361433,0.9265211936944336,0.8894523800523082
210.46092184368737,0.9994805126707818,0.7695539397838842,0.7691541662630165,0.9994805126707818,0.7695539397838842,0.7691541662630165,0.9994805126707818,0.7695539397838842,0.7691541662630165,0.9994805126707818,0.7695539397838842,0.7691541662630165,0.9994805126707818,0.7695539397838842,0.7691541662630165,0.9994805126707818,0.7695539397838842,0.7691541662630165,0.9989413993510862,0.8200590974634652,0.8191909823707426,0.9989413993510862,0.8200590974634652,0.8191909823707426,0.9989413993510862,0.8200590974634652,0.8191909823707426,0.996199325873111,0.8821619066218281,0.8788090966876034,0.996199325873111,0.8821619066218281,0.8788090966876034,0.996199325873111,0.8821619066218281,0.8788090966876034,0.954022978665165,0.9285540629139055,0.8858619129527651,0.954022978665165,0.9285540629139055,0.8858619129527651,0.954022978665165,0.9285540629139055,0.8858619129527651
214.4288577154309,0.9994375235209327,0.7785195462735932,0.7780816473403201,0.9994375235209327,0.7785195462735932,0.7780816473403201,0.9994375235209327,0.7785195462735932,0.7780816473403201,0.9994375235209327,0.7785195462735932,0.7780816473403201,0.9994375235209327,0.7785195462735932,0.7780816473403201,0.9994375235209327,0.7785195462735932,0.7780816473403201,0.9988495921339278,0.8272646602133905,0.8263129684409575,0.9988495921339278,0.8272646602133905,0.8263129684409575,0.9988495921339278,0.8272646602133905,0.8263129684409575,0.9958166756419066,0.8867123817868128,0.883002976281461,0.9958166756419066,0.8867123817868128,0.883002976281461,0.9958166756419066,0.8867123817868128,0.883002976281461,0.9472164827218585,0.9304599472411932,0.881346998539369,0.9472164827218585,0.9304599472411932,0.881346998539369,0.9472164827218585,0.9304599472411932,0.881346998539369
218.3967935871744,0.9993916660499635,0.7870548442536228,0.7865760520713226,0.9993916660499635,0.7870548442536228,0.7865760520713226,0.9993916660499635,0.7870548442536228,0.7865760520713226,0.9993916660499635,0.7870548442536228,0.7865760520713226,0.9993916660499635,0.7870548442536228,0.7865760520713226,0.9993916660499635,0.7870548442536228,0.7865760520713226,0.998751031925778,0.8340857498814197,0.8330440034086543,0.998751031925778,0.8340857498814197,0.8330440034086543,0.998751031925778,0.8340857498814197,0.8330440034086543,0.9953974623992862,0.8909833320407347,0.8868825477534079,0.9953974623992862,0.8909833320407347,0.8868825477534079,0.9953974623992862,0.8909833320407347,0.8868825477534079,0.9394810066924565,0.9322535154601459,0.8758344711970795,0.9394810066924565,0.9322535154601459,0.8758344711970795,0.9394810066924565,0.9322535154601459,0.8758344711970795
222.36472945891782,0.9993427789247412,0.7951800872833406,0.7946574781713518,0.9993427789247412,0.7951800872833406,0.7946574781713518,0.9993427789247412,0.7951800872833406,0.7946574781713518,0.9993427789247412,0.7951800872833406,0.7946574781713518,0.9993427789247412,0.7951800872833406,0.7946574781713518,0.9993427789247412,0.7951800872833406,0.7946574781713518,0.9986452597406742,0.8405441386739586,0.8394054196895566,0.9986452597406742,0.8405441386739586,0.8394054196895566,0.9986452597406742,0.8405441386739586,0.8394054196895566,0.9949380776489587,0.8949936725713663,0.8904632840961367,0.9949380776489587,0.8949936725713663,0.8904632840961367,0.9949380776489587,0.8949936725713663,0.8904632840961367,0.9307260127053676,0.933948138952463,0.8692498274408245,0.9307260127053676,0.933948138952463,0.8692498274408245,0.9307260127053676,0.933948138952463,0.8692498274408245
226.3326653306613,0.9992906917066482,0.8029149272927216,0.802345413075937,0.9992906917066482,0.8029149272927216,0.802345413075937,0.9992906917066482,0.8029149272927216,0.802345413075937,0.9992906917066482,0.8029149272927216,0.802345413075937,0.9992906917066482,0.8029149272927216,0.802345413075937,0.9992906917066482,0.8029149272927216,0.802345413075937,0.9985317830021455,0.8466604618755413,0.8454173805940043,0.9985317830021455,0.8466604618755413,0.8454173805940043,0.9985317830021455,0.8466604618755413,0.8454173805940043,0.9944345339372034,0.8987609529352315,0.8937589293531037,0.9944345339372034,0.8987609529352315,0.8937589293531037,0.9944345339372034,0.8987609529352315,0.8937589293531037,0.9208651049675283,0.9355558583600103,0.8615207437116769,0.9208651049675283,0.9355558583600103,0.8615207437116769,0.9208651049675283,0.9355558583600103,0.8615207437116769
230.30060120240483,0.9992352242348456,0.810278360025832,0.8096586787730552,0.9992352242348456,0.810278360025832,0.8096586787730552,0.9992352242348456,0.810278360025832,0.8096586787730552,0.9992352242348456,0.810278360025832,0.8096586787730552,0.9992352242348456,0.810278360025832,0.8096586787730552,0.9992352242348456,0.810278360025832,0.8096586787730552,0.9984100727624202,0.8524542428671191,0.8510989026475942,0.9984100727624202,0.8524542428671191,0.8510989026475942,0.9984100727624202,0.8524542428671191,0.8510989026475942,0.9938824252302283,0.9023014597432762,0.8967815630984226,0.9938824252302283,0.9023014597432762,0.8967815630984226,0.9938824252302283,0.9023014597432762,0.8967815630984226,0.9098206602877751,0.9370873316662321,0.8525814148438806,0.9098206602877751,0.9370873316662321,0.8525814148438806,0.9098206602877751,0.9370873316662321,0.8525814148438806
234.26853707414833,0.9991761859643559,0.8172886867847498,0.8166153928934033,0.9991761859643559,0.8172886867847498,0.8166153928934033,0.9991761859643559,0.8172886867847498,0.8166153928934033,0.9991761859643559,0.8172886867847498,0.8166153928934033,0.9991761859643559,0.8172886867847498,0.8166153928934033,0.9991761859643559,0.8172886867847498,0.8166153928934033,0.9982795606870623,0.8579439255607352,0.8564678851029044,0.9982795606870623,0.8579439255607352,0.8564678851029044,0.9982795606870623,0.8579439255607352,0.8564678851029044,0.9932768836876822,0.9056303134671991,0.8995416555337983,0.9932768836876822,0.9056303134671991,0.8995416555337983,0.9932768836876822,0.9056303134671991,0.8995416555337983,0.8975291433652659,0.9385517763098102,0.8423775717952926,0.8975291433652659,0.9385517763098102,0.8423775717952926,0.8975291433652659,0.9385517763098102,0.8423775717952926
238.2364729458918,0.9991133752557702,0.8239634898324516,0.8232329434140242,0.9991133752557702,0.8239634898324516,0.8232329434140242,0.9991133752557702,0.8239634898324516,0.8232329434140242,0.9991133752557702,0.8239634898324516,0.8232329434140242,0.9991133752557702,0.8239634898324516,0.8232329434140242,0.9991133752557702,0.8239634898324516,0.8232329434140242,0.9981396357863291,0.8631469122465129,0.8615411446198289,0.9981396357863291,0.8631469122465129,0.8615411446198289,0.9981396357863291,0.8631469122465129,0.8615411446198289,0.9926125326608554,0.90876155927048,0.9020481129322991,0.9926125326608554,0.90876155927048,0.9020481129322991,0.9926125326608554,0.90876155927048,0.9020481129322991,0.8839467650259426,0.9399569210806088,0.8308718796529494,0.8839467650259426,0.9399569210806088,0.8308718796529494,0.8839467650259426,0.9399569210806088,0.8308718796529494
242.20440881763528,0.9990465786131825,0.8303196191383115,0.8295279746555309,0.9990465786131825,0.8303196191383115,0.8295279746555309,0.9990465786131825,0.8303196191383115,0.8295279746555309,0.9990465786131825,0.8303196191383115,0.8295279746555309,0.9990465786131825,0.8303196191383115,0.8295279746555309,0.9990465786131825,0.8303196191383115,0.8295279746555309,0.997989640873226,0.8680796052108656,0.8663344534537635,0.997989640873226,0.8680796052108656,0.8663344534537635,0.997989640873226,0.8680796052108656,0.8663344534537635,0.9918834357832914,0.9117082519000022,0.9043083133265527,0.9918834357832914,0.9117082519000022,0.9043083133265527,0.9918834357832914,0.9117082519000022,0.9043083133265527,0.8690549674667135,0.941308985173053,0.8180492494856927,0.8690549674667135,0.941308985173053,0.8180492494856927,0.8690549674667135,0.941308985173053,0.8180492494856927
246.17234468937878,0.9989755698667133,0.8363731884502824,0.8355163825533609,0.9989755698667133,0.8363731884502824,0.8355163825533609,0.9989755698667133,0.8363731884502824,0.8355163825533609,0.9989755698667133,0.8363731884502824,0.8355163825533609,0.9989755698667133,0.8363731884502824,0.8355163825533609,0.9989755698667133,0.8363731884502824,0.8355163825533609,0.9978288687269159,0.8727574507935555,0.8708625797983205,0.9978288687269159,0.8727574507935555,0.8708625797983205,0.9978288687269159,0.8727574507935555,0.8708625797983205,0.9910830420784905,0.914482534768419,0.9063281324859337,0.9910830420784905,0.914482534768419,0.9063281324859337,0.9910830420784905,0.914482534768419,0.9063281324859337,0.8528650823469213,0.9426127008668042,0.8039214587460208,0.8528650823469213,0.9426127008668042,0.8039214587460208,0.8528650823469213,0.9426127008668042,0.8039214587460208
250.14028056112227,0.9989001092957468,0.8421395789515317,0.8412133174569592,0.9989001092957468,0.8421395789515317,0.8412133174569592,0.9989001092957468,0.8421395789515317,0.8412133174569592,0.9989001092957468,0.8421395789515317,0.8412133174569592,0.9989001092957468,0.8421395789515317,0.8412133174569592,0.9989001092957468,0.8421395789515317,0.8412133174569592,0.9976565579387245,0.8771949848119752,0.8751393291886269,0.9976565579387245,0.8771949848119752,0.8751393291886269,0.9976565579387245,0.8771949848119752,0.8751393291886269,0.990204127088782,0.9170957134220394,0.9081119603659343,0.990204127088782,0.9170957134220394,0.9081119603659343,0.990204127088782,0.9170957134220394,0.9081119603659343,0.8354214562160702,0.9438713921934094,0.7885304129469076,0.8354214562160702,0.9438713921934094,0.7885304129469076,0.8354214562160702,0.9438713921934094,0.7885304129469076
254.10821643286573,0.9988199426887413,0.8476334490057419,0.8466331929569753,0.9988199426887413,0.8476334490057419,0.8466331929569753,0.9988199426887413,0.8476334490057419,0.8466331929569753,0.9988199426887413,0.8476334490057419,0.8466331929569753,0.9988199426887413,0.8476334490057419,0.8466331929569753,0.9988199426887413,0.8476334490057419,0.8466331929569753,0.9974718884165945,0.8814058784998635,0.8791775860887463,0.9974718884165945,0.8814058784998635,0.8791775860887463,0.9974718884165945,0.8814058784998635,0.8791775860887463,0.9892387301367689,0.9195583236303768,0.9096627083548099,0.9892387301367689,0.9195583236303768,0.9096627083548099,0.9892387301367689,0.9195583236303768,0.9096627083548099,0.816802417793935,0.9450871146960541,0.771949440309631,0.816802417793935,0.9450871146960541,0.771949440309631,0.816802417793935,0.9450871146960541,0.771949440309631
258.0761523046092,0.9987348003352152,0.8528687487149751,0.8517896994599955,0.9987348003352152,0.8528687487149751,0.8517896994599955,0.9987348003352152,0.8528687487149751,0.8517896994599955,0.9987348003352152,0.8528687487149751,0.8517896994599955,0.9987348003352152,0.8528687487149751,0.8517896994599955,0.9987348003352152,0.8528687487149751,0.8517896994599955,0.9972739765224046,0.8854029842901899,0.8829893549678818,0.9972739765224046,0.8854029842901899,0.8829893549678818,0.9972739765224046,0.8854029842901899,0.8829893549678818,0.9881780879724524,0.9218801943566736,0.9109818077990505,0.9881780879724524,0.9218801943566736,0.9109818077990505,0.9881780879724524,0.9218801943566736,0.9109818077990505,0.7971186905261339,0.9462608520482005,0.7542822112808054,0.7971186905261339,0.9462608520482005,0.7542822112808054,0.7971186905261339,0.9462608520482005,0.7542822112808054
262.0440881763527,0.9986443959452089,0.8578587382081854,0.8566958214242324,0.9986443959452089,0.8578587382081854,0.8566958214242324,0.9986443959452089,0.8578587382081854,0.8566958214242324,0.9986443959452089,0.8578587382081854,0.8566958214242324,0.9986443959452089,0.8578587382081854,0.8566958214242324,0.9986443959452089,0.8578587382081854,0.8566958214242324,0.9970618698151448,0.8891983809232912,0.886585800319976,0.9970618698151448,0.8891983809232912,0.886585800319976,0.9970618698151448,0.8891983809232912,0.886585800319976,0.9870125652425169,0.9240705058776609,0.9120692004712604,0.9870125652425169,0.9240705058776609,0.9120692004712604,0.9870125652425169,0.9240705058776609,0.9120692004712604,0.7765092055080961,0.947392755797099,0.735659196108131,0.7765092055080961,0.947392755797099,0.735659196108131,0.7765092055080961,0.947392755797099,0.735659196108131
266.0120240480962,0.9985484254912323,0.8626160087488096,0.8613638573396549,0.9985484254912323,0.8626160087488096,0.8613638573396549,0.9985484254912323,0.8626160087488096,0.8613638573396549,0.9985484254912323,0.8626160087488096,0.8613638573396549,0.9985484254912323,0.8626160087488096,0.8613638573396549,0.9985484254912323,0.8626160087488096,0.8613638573396549,0.9968345413715657,0.8928034174860573,0.8899772852046804,0.9968345413715657,0.8928034174860573,0.8899772852046804,0.9968345413715657,0.8928034174860573,0.8899772852046804,0.9857315824515247,0.9261378433186874,0.912923321862772,0.9857315824515247,0.9261378433186874,0.912923321862772,0.9857315824515247,0.9261378433186874,0.912923321862772,0.7551346727283633,0.9484824071317497,0.716231952098044,0.7551346727283633,0.9484824071317497,0.716231952098044,0.7551346727283633,0.9484824071317497,0.716231952098044
269.97995991983964,0.9984465659673958,0.8671525058983117,0.8658054416841913,0.9984465659673958,0.8671525058983117,0.8658054416841913,0.9984465659673958,0.8671525058983117,0.8658054416841913,0.9984465659673958,0.8671525058983117,0.8658054416841913,0.9984465659673958,0.8671525058983117,0.8658054416841913,0.9984465659673958,0.8671525058983117,0.8658054416841913,0.996590883654563,0.8962287560901357,0.8931734079884982,0.996590883654563,0.8962287560901357,0.8931734079884982,0.996590883654563,0.8962287560901357,0.8931734079884982,0.9843235423767924,0.928090245859653,0.9135410784499219,0.9843235423767924,0.928090245859653,0.9135410784499219,0.9843235423767924,0.928090245859653,0.9135410784499219,0.733169624316785,0.9495290762139734,0.6961658760856628,0.733169624316785,0.9495290762139734,0.6961658760856628,0.733169624316785,0.9495290762139734,0.6961658760856628
273.94789579158316,0.9983384740600977,0.871479554101127,0.8700315682158934,0.9983384740600977,0.871479554101127,0.8700315682158934,0.9983384740600977,0.871479554101127,0.8700315682158934,0.9983384740600977,0.871479554101127,0.8700315682158934,0.9983384740600977,0.871479554101127,0.8700315682158934,0.9983384740600977,0.871479554101127,0.8700315682158934,0.9963297018983528,0.8994844129801924,0.8961830370467699,0.9963297018983528,0.8994844129801924,0.8961830370467699,0.9963297018983528,0.8994844129801924,0.8961830370467699,0.9827757562585665,0.9299352518498946,0.9139178204082806,0.9827757562585665,0.9299352518498946,0.9139178204082806,0.9827757562585665,0.9299352518498946,0.9139178204082806,0.7107938610903978,0.9505319560121767,0.6756322791037032,0.7107938610903978,0.9505319560121767,0.6756322791037032,0.7107938610903978,0.9505319560121767,0.6756322791037032
277.9158316633266,0.9982237847242872,0.8756078821672062,0.8740526140713663,0.9982237847242872,0.8756078821672062,0.8740526140713663,0.9982237847242872,0.8756078821672062,0.8740526140713663,0.9982237847242872,0.8756078821672062,0.8740526140713663,0.9982237847242872,0.8756078821672062,0.8740526140713663,0.9982237847242872,0.8756078821672062,0.8740526140713663,0.9960497069783852,0.9025797979308074,0.899014343253591,0.9960497069783852,0.9025797979308074,0.899014343253591,0.9960497069783852,0.9025797979308074,0.899014343253591,0.9810743715236955,0.9316799400479526,0.9140473116437794,0.9810743715236955,0.9316799400479526,0.9140473116437794,0.9810743715236955,0.9316799400479526,0.9140473116437794,0.6881842633476581,0.95149035311576,0.6548006877413725,0.6881842633476581,0.95149035311576,0.6548006877413725,0.6881842633476581,0.95149035311576,0.6548006877413725
281.88376753507015,0.998102109658983,0.8795476492232492,0.8778783642353243,0.998102109658983,0.8795476492232492,0.8778783642353243,0.998102109658983,0.8795476492232492,0.8778783642353243,0.998102109658983,0.8795476492232492,0.8778783642353243,0.998102109658983,0.8795476492232492,0.8778783642353243,0.998102109658983,0.8795476492232492,0.8778783642353243,0.9957495077330748,0.9055237518435134,0.9016748301387855,0.9957495077330748,0.9055237518435134,0.9016748301387855,0.9957495077330748,0.9055237518435134,0.9016748301387855,0.9792043033217883,0.9333309671764282,0.9139216994826452,0.9792043033217883,0.9333309671764282,0.9139216994826452,0.9792043033217883,0.9333309671764282,0.9139216994826452,0.6655077766536341,0.9524038259749408,0.6338321527009976,0.6655077766536341,0.9524038259749408,0.6338321527009976,0.6655077766536341,0.9524038259749408,0.6338321527009976
285.8517034068136,0.997973035675363,0.8833084707846353,0.8815180360267051,0.997973035675363,0.8833084707846353,0.8815180360267051,0.997973035675363,0.8833084707846353,0.8815180360267051,0.997973035675363,0.8833084707846353,0.8815180360267051,0.997973035675363,0.8833084707846353,0.8815180360267051,0.997973035675363,0.8833084707846353,0.8815180360267051,0.9954276027038,0.9083245824994688,0.9041713616343763,0.9954276027038,0.9083245824994688,0.9041713616343763,0.9954276027038,0.9083245824994688,0.9041713616343763,0.977149172762826,0.9348946019542437,0.9135314869200207,0.977149172762826,0.9348946019542437,0.9135314869200207,0.977149172762826,0.9348946019542437,0.9135314869200207,0.6429161112343813,0.9532722692986187,0.6128741003250419,0.6429161112343813,0.9532722692986187,0.6128741003250419,0.6429161112343813,0.9532722692986187,0.6128741003250419
289.81963927855713,0.9978361229503576,0.8868994446687136,0.8849803033150544,0.9978361229503576,0.8868994446687136,0.8849803033150544,0.9978361229503576,0.8868994446687136,0.8849803033150544,0.9978361229503576,0.8868994446687136,0.8849803033150544,0.9978361229503576,0.8868994446687136,0.8849803033150544,0.9978361229503576,0.8868994446687136,0.8849803033150544,0.9950823712593893,0.9109900984559649,0.906510187365386,0.9950823712593893,0.9109900984559649,0.906510187365386,0.9950823712593893,0.9109900984559649,0.906510187365386,0.974891255444773,0.9363767557399042,0.9128655109725787,0.974891255444773,0.9363767557399042,0.9128655109725787,0.974891255444773,0.9363767557399042,0.9128655109725787,0.6205423807644829,0.9540959501736984,0.5920569723985383,0.6205423807644829,0.9540959501736984,0.5920569723985383,0.6205423807644829,0.9540959501736984,0.5920569723985383
293.7875751503006,0.9976909031583037,0.8903291765281012,0.88827332023851,0.9976909031583037,0.8903291765281012,0.88827332023851,0.9976909031583037,0.8903291765281012,0.88827332023851,0.9976909031583037,0.8903291765281012,0.88827332023851,0.9976909031583037,0.8903291765281012,0.88827332023851,0.9976909031583037,0.8903291765281012,0.88827332023851,0.9947120640715003,0.9135276411013855,0.9086969654663278,0.9947120640715003,0.9135276411013855,0.9086969654663278,0.9947120640715003,0.9135276411013855,0.9086969654663278,0.9724114446423057,0.9377830098912304,0.911910931409341,0.9724114446423057,0.9377830098912304,0.911910931409341,0.9724114446423057,0.9377830098912304,0.911910931409341,0.5984996269305035,0.9548755058432533,0.5714926340122629,0.5984996269305035,0.9548755058432533,0.5714926340122629,0.5984996269305035,0.9548755058432533,0.5714926340122629
297.75551102204406,0.9975368774728276,0.8936058048313671,0.8914047442430749,0.9975368774728276,0.8936058048313671,0.8914047442430749,0.9975368774728276,0.8936058048313671,0.8914047442430749,0.9975368774728276,0.8936058048313671,0.8914047442430749,0.9975368774728276,0.8936058048313671,0.8914047442430749,0.9975368774728276,0.8936058048313671,0.8914047442430749,0.994314792908097,0.9159441149030543,0.9107367829252206,0.994314792908097,0.9159441149030543,0.9107367829252206,0.994314792908097,0.9159441149030543,0.9107367829252206,0.9696892343765835,0.9391186399211733,0.9106532349339409,0.9696892343765835,0.9391186399211733,0.9106532349339409,0.9696892343765835,0.9391186399211733,0.9106532349339409,0.5768809767790626,0.9556119148484187,0.5512743348594662,0.5768809767790626,0.9556119148484187,0.5512743348594662,0.5768809767790626,0.9556119148484187,0.5512743348594662
301.7234468937876,0.9973735144307306,0.8967370251592429,0.8943817583032326,0.9973735144307306,0.8967370251592429,0.8943817583032326,0.9973735144307306,0.8967370251592429,0.8943817583032326,0.9973735144307306,0.8967370251592429,0.8943817583032326,0.9973735144307306,0.8967370251592429,0.8943817583032326,0.9973735144307306,0.8967370251592429,0.8943817583032326,0.9938885197137568,0.9182460158972263,0.912634173473149,0.9938885197137568,0.9182460158972263,0.912634173473149,0.9938885197137568,0.9182460158972263,0.912634173473149,0.9667027284702008,0.9403886365075779,0.9090762607342474,0.9667027284702008,0.9403886365075779,0.9090762607342474,0.9667027284702008,0.9403886365075779,0.9090762607342474,0.5557610743114948,0.9563064528687529,0.531477901617353,0.5557610743114948,0.9563064528687529,0.531477901617353,0.5557610743114948,0.9563064528687529,0.531477901617353
305.69138276553105,0.9972002476492664,0.8997301137184035,0.8972110922174946,0.9972002476492664,0.8997301137184035,0.8972110922174946,0.9972002476492664,0.8997301137184035,0.8972110922174946,0.9972002476492664,0.8997301137184035,0.8972110922174946,0.9972002476492664,0.8997301137184035,0.8972110922174946,0.9972002476492664,0.8997301137184035,0.8972110922174946,0.993431044947945,0.9204394584812003,0.9143931330502995,0.993431044947945,0.9204394584812003,0.9143931330502995,0.993431044947945,0.9204394584812003,0.9143931330502995,0.9634286825609853,0.9415977233993247,0.9071622541570344,0.9634286825609853,0.9415977233993247,0.9071622541570344,0.9634286825609853,0.9415977233993247,0.9071622541570344,0.5351984040172165,0.9569606428380111,0.5121638087541931,0.5351984040172165,0.9569606428380111,0.5121638087541931,0.5351984040172165,0.9569606428380111,0.5121638087541931
309.6593186372746,0.9970164733878178,0.9025919500029171,0.8998990429001421,0.9970164733878178,0.9025919500029171,0.8998990429001421,0.9970164733878178,0.9025919500029171,0.8998990429001421,0.9970164733878178,0.9025919500029171,0.8998990429001421,0.9970164733878178,0.9025919500029171,0.8998990429001421,0.9970164733878178,0.9025919500029171,0.8998990429001421,0.992939995155926,0.9225302005749257,0.9160171328900623,0.992939995155926,0.9225302005749257,0.9160171328900623,0.992939995155926,0.9225302005749257,0.9160171328900623,0.9598425868388993,0.9427503722547992,0.9048919560483818,0.9598425868388993,0.9427503722547992,0.9048919560483818,0.9598425868388993,0.9427503722547992,0.9048919560483818,0.5152381563073689,0.9575762065050502,0.4933797991634664,0.5152381563073689,0.9575762065050502,0.4933797991634664,0.5152381563073689,0.9575762065050502,0.4933797991634664
313.62725450901803,0.9968215479445935,0.9053290385565345,0.9024514936131153,0.9968215479445935,0.9053290385565345,0.9024514936131153,0.9968215479445935,0.9053290385565345,0.9024514936131153,0.9968215479445935,0.9053290385565345,0.9024514936131153,0.9968215479445935,0.9053290385565345,0.9024514936131153,0.9968215479445935,0.9053290385565345,0.9024514936131153,0.9924128097518468,0.9245236672242116,0.9175091302720613,0.9924128097518468,0.9245236672242116,0.9175091302720613,0.9924128097518468,0.9245236672242116,0.9175091302720613,0.9559187978569854,0.9438508144531083,0.9022447359083519,0.9559187978569854,0.9438508144531083,0.9022447359083519,0.9559187978569854,0.9438508144531083,0.9022447359083519,0.4959153448795457,0.9581550221097437,0.4751637782376223,0.4959153448795457,0.9581550221097437,0.4751637782376223,0.4959153448795457,0.9581550221097437,0.4751637782376223
317.59519038076155,0.9966147848786279,0.9079475298078125,0.9048739321004946,0.9966147848786279,0.9079475298078125,0.9048739321004946,0.9966147848786279,0.9079475298078125,0.9048739321004946,0.9966147848786279,0.9079475298078125,0.9048739321004946,0.9966147848786279,0.9079475298078125,0.9048739321004946,0.9966147848786279,0.9079475298078125,0.9048739321004946,0.9918467270000018,0.9264249727202448,0.9188715770036407,0.9918467270000018,0.9264249727202448,0.9188715770036407,0.9918467270000018,0.9264249727202448,0.9188715770036407,0.9516307280735063,0.9449030499379873,0.8991987773713637,0.9516307280735063,0.9449030499379873,0.8991987773713637,0.9516307280735063,0.9449030499379873,0.8991987773713637,0.47725795029716633,0.9586990905780967,0.45754676292105984,0.47725795029716633,0.9586990905780967,0.45754676292105984,0.47725795029716633,0.9586990905780967,0.45754676292105984
321.563126252505,0.9963954520470366,0.910453239965288,0.9071714676029022,0.9963954520470366,0.910453239965288,0.9071714676029022,0.9963954520470366,0.910453239965288,0.9071714676029022,0.9963954520470366,0.910453239965288,0.9071714676029022,0.9963954520470366,0.910453239965288,0.9071714676029022,0.9963954520470366,0.910453239965288,0.9071714676029022,0.9912387691887057,0.9282389413110111,0.9201064256981539,0.9912387691887057,0.9282389413110111,0.9201064256981539,0.9912387691887057,0.9282389413110111,0.9201064256981539,0.9469511015887421,0.9459108531897248,0.8957313244327567,0.9469511015887421,0.9459108531897248,0.8957313244327567,0.9469511015887421,0.9459108531897248,0.8957313244327567,0.4592899164175459,0.9592105107379099,0.4405557153036461,0.4592899164175459,0.9592105107379099,0.4405557153036461,0.4592899164175459,0.9592105107379099,0.4405557153036461
325.5310621242485,0.99616276844718,0.9128516699724386,0.909348846741376,0.99616276844718,0.9128516699724386,0.909348846741376,0.99616276844718,0.9128516699724386,0.909348846741376,0.99616276844718,0.9128516699724386,0.909348846741376,0.99616276844718,0.9128516699724386,0.909348846741376,0.99616276844718,0.9128516699724386,0.909348846741376,0.9905857270018968,0.9299701265797911,0.9212151339280884,0.9905857270018968,0.9299701265797911,0.9212151339280884,0.9905857270018968,0.9299701265797911,0.9212151339280884,0.9418522837154919,0.9468777764749402,0.8918189961723695,0.9418522837154919,0.9468777764749402,0.8918189961723695,0.9418522837154919,0.9468777764749402,0.8918189961723695,0.44203385830495234,0.9596914625153352,0.42421611995797615,0.44203385830495234,0.9596914625153352,0.42421611995797615,0.44203385830495234,0.9596914625153352,0.42421611995797615
329.49899799599206,0.9959159008531453,0.9151480235311816,0.9114104682690322,0.9959159008531453,0.9151480235311816,0.9114104682690322,0.9959159008531453,0.9151480235311816,0.9114104682690322,0.9959159008531453,0.9151480235311816,0.9114104682690322,0.9959159008531453,0.9151480235311816,0.9114104682690322,0.9959159008531453,0.9151480235311816,0.9114104682690322,0.9898841431070128,0.931622829564389,0.9221986663422759,0.9898841431070128,0.931622829564389,0.9221986663422759,0.9898841431070128,0.931622829564389,0.9221986663422759,0.9363066903518974,0.9478071505977812,0.8874381762680709,0.9363066903518974,0.9478071505977812,0.8874381762680709,0.9363066903518974,0.9478071505977812,0.8874381762680709,0.4255133501249841,0.960144195836616,0.4085541733734973,0.4255133501249841,0.960144195836616,0.4085541733734973,0.4255133501249841,0.960144195836616,0.4085541733734973
333.46693386773546,0.9956539602357951,0.9173472242111971,0.9133603966971923,0.9956539602357951,0.9173472242111971,0.9133603966971923,0.9956539602357951,0.9173472242111971,0.9133603966971923,0.9956539602357951,0.9173472242111971,0.9133603966971923,0.9956539602357951,0.9173472242111971,0.9133603966971923,0.9956539602357951,0.9173472242111971,0.9133603966971923,0.9891302949942347,0.9332011156884527,0.9230574948498681,0.9891302949942347,0.9332011156884527,0.9230574948498681,0.9891302949942347,0.9332011156884527,0.9230574948498681,0.9302872804342543,0.948702083468319,0.8825654811720535,0.9302872804342543,0.948702083468319,0.8825654811720535,0.9302872804342543,0.948702083468319,0.8825654811720535,0.40975465324164945,0.9605710219802037,0.3935984460254752,0.40975465324164945,0.9605710219802037,0.3935984460254752,0.40975465324164945,0.9605710219802037,0.3935984460254752
337.434869739479,0.9953759979555002,0.9194539316675012,0.9152023748076473,0.9953759979555002,0.9194539316675012,0.9152023748076473,0.9953759979555002,0.9194539316675012,0.9152023748076473,0.9953759979555002,0.9194539316675012,0.9152023748076473,0.9953759979555002,0.9194539316675012,0.9152023748076473,0.9953759979555002,0.9194539316675012,0.9152023748076473,0.9883201771224512,0.9347088305732989,0.923791596990122,0.9883201771224512,0.9347088305732989,0.923791596990122,0.9883201771224512,0.9347088305732989,0.923791596990122,0.9237681308953571,0.9495654569112703,0.8771783072937199,0.9237681308953571,0.9495654569112703,0.8771783072937199,0.9237681308953571,0.9495654569112703,0.8771783072937199,0.3947877279026452,0.9609743034132111,0.37938086181732883,0.3947877279026452,0.9609743034132111,0.37938086181732883,0.3947877279026452,0.9609743034132111,0.37938086181732883
341.4028056112225,0.9950810017166886,0.9214725569933662,0.9169398350673972,0.9950810017166886,0.9214725569933662,0.9169398350673972,0.9950810017166886,0.9214725569933662,0.9169398350673972,0.9950810017166886,0.9214725569933662,0.9169398350673972,0.9950810017166886,0.9214725569933662,0.9169398350673972,0.9950810017166886,0.9214725569933662,0.9169398350673972,0.9874494824517505,0.9361496147952298,0.9244004526269552,0.9874494824517505,0.9361496147952298,0.9244004526269552,0.9874494824517505,0.9361496147952298,0.9244004526269552,0.9167250884832278,0.9503999222544097,0.8712554528231266,0.9167250884832278,0.9503999222544097,0.8712554528231266,0.9167250884832278,0.9503999222544097,0.8712554528231266,0.3806463616875953,0.9613564378039345,0.3659368303350147,0.3806463616875953,0.9613564378039345,0.3659368303350147,0.3806463616875953,0.9613564378039345,0.3659368303350147
345.3707414829659,0.9947678912734519,0.9234072772387978,0.9185759099653986,0.9947678912734519,0.9234072772387978,0.9185759099653986,0.9947678912734519,0.9234072772387978,0.9185759099653986,0.9947678912734519,0.9234072772387978,0.9185759099653986,0.9947678912734519,0.9234072772387978,0.9185759099653986,0.9947678912734519,0.9234072772387978,0.9185759099653986,0.9865135834715529,0.9375269176495461,0.9248830391314933,0.9865135834715529,0.9375269176495461,0.9248830391314933,0.9865135834715529,0.9375269176495461,0.9248830391314933,0.9091364865790865,0.9512078953516576,0.8647778039862934,0.9091364865790865,0.9512078953516576,0.8647778039862934,0.9091364865790865,0.9512078953516576,0.8647778039862934,0.3673672642940653,0.9617198321224106,0.35330438374415774,0.3673672642940653,0.9617198321224106,0.35330438374415774,0.3673672642940653,0.9617198321224106,0.35330438374415774
349.33867735470943,0.9944355138757038,0.9252620491269851,0.9201134412932801,0.9944355138757038,0.9252620491269851,0.9201134412932801,0.9944355138757038,0.9252620491269851,0.9201134412932801,0.9944355138757038,0.9252620491269851,0.9201134412932801,0.9944355138757038,0.9252620491269851,0.9201134412932801,0.9944355138757038,0.9252620491269851,0.9201134412932801,0.9855075128682327,0.9388440099784177,0.9252378252450686,0.9855075128682327,0.9388440099784177,0.9252378252450686,0.9855075128682327,0.9388440099784177,0.9252378252450686,0.9009839080440164,0.951991551798161,0.8577290687639948,0.9009839080440164,0.951991551798161,0.8577290687639948,0.9009839080440164,0.951991551798161,0.8577290687639948,0.3549880426569279,0.9620668637652985,0.3415222328731326,0.3549880426569279,0.9620668637652985,0.3415222328731326,0.3549880426569279,0.9620668637652985,0.3415222328731326
353.3066132264529,0.9940826394458402,0.9270406220025008,0.9215549883937595,0.9940826394458402,0.9270406220025008,0.9215549883937595,0.9940826394458402,0.9270406220025008,0.9215549883937595,0.9940826394458402,0.9270406220025008,0.9215549883937595,0.9940826394458402,0.9270406220025008,0.9215549883937595,0.9940826394458402,0.9270406220025008,0.9215549883937595,0.9844259440169312,0.9401039961155326,0.9254627638501226,0.9844259440169312,0.9401039961155326,0.9254627638501226,0.9844259440169312,0.9401039961155326,0.9254627638501226,0.8922529675888581,0.9527528231686266,0.8500965338508697,0.8922529675888581,0.9527528231686266,0.8500965338508697,0.8922529675888581,0.9527528231686266,0.8500965338508697,0.34354409823884036,0.9623998276540509,0.3306267809366263,0.34354409823884036,0.9623998276540509,0.3306267809366263,0.34354409823884036,0.9623998276540509,0.3306267809366263
357.2745490981964,0.9937079554764701,0.9287465500457655,0.9229028354018026,0.9937079554764701,0.9287465500457655,0.9229028354018026,0.9937079554764701,0.9287465500457655,0.9229028354018026,0.9937079554764701,0.9287465500457655,0.9229028354018026,0.9937079554764701,0.9287465500457655,0.9229028354018026,0.9937079554764701,0.9287465500457655,0.9229028354018026,0.9832631715298232,0.941309824996105,0.9255552839178531,0.9832631715298232,0.941309824996105,0.9255552839178531,0.9832631715298232,0.941309824996105,0.9255552839178531,0.8829340798974019,0.9534933951396023,0.8418718135258346,0.8829340798974019,0.9534933951396023,0.8418718135258346,0.8829340798974019,0.9534933951396023,0.8418718135258346,0.33306467780367377,0.9627208712228971,0.3206483167887263,0.33306467780367377,0.9627208712228971,0.3206483167887263,0.33306467780367377,0.9627208712228971,0.3206483167887263
361.24248496993994,0.9933100616407112,0.9303832037884741,0.9241589975046116,0.9933100616407112,0.9303832037884741,0.9241589975046116,0.9933100616407112,0.9303832037884741,0.9241589975046116,0.9933100616407112,0.9303832037884741,0.9241589975046116,0.9933100616407112,0.9303832037884741,0.9241589975046116,0.9933100616407112,0.9303832037884741,0.9241589975046116,0.9820130921479876,0.9424643004763945,0.9255122819499143,0.9820130921479876,0.9424643004763945,0.9255122819499143,0.9820130921479876,0.9424643004763945,0.9255122819499143,0.8730231736344803,0.9542147083264751,0.8330515529918793,0.8730231736344803,0.9542147083264751,0.8330515529918793,0.8730231736344803,0.9542147083264751,0.8330515529918793,0.32356853005057873,0.9630319227235207,0.3116068236274321,0.32356853005057873,0.9630319227235207,0.3116068236274321,0.32356853005057873,0.9630319227235207,0.3116068236274321
365.21042084168334,0.9928874641077163,0.9319537809644609,0.9253252262474017,0.9928874641077163,0.9319537809644609,0.9253252262474017,0.9928874641077163,0.9319537809644609,0.9253252262474017,0.9928874641077163,0.9319537809644609,0.9253252262474017,0.9928874641077163,0.9319537809644609,0.9253252262474017,0.9928874641077163,0.9319537809644609,0.9253252262474017,0.9806691863267187,0.9435700909024803,0.9253301132875634,0.9806691863267187,0.9435700909024803,0.9253301132875634,0.9806691863267187,0.9435700909024803,0.9253301132875634,0.8625223075517122,0.9549179625658066,0.8236380445948391,0.8625223075517122,0.9549179625658066,0.8236380445948391,0.8625223075517122,0.9549179625658066,0.8236380445948391,0.3150598122453301,0.9633346214831635,0.3035080249739116,0.3150598122453301,0.9633346214831635,0.3035080249739116,0.3150598122453301,0.9633346214831635,0.3035080249739116
369.17835671342687,0.9924385695576479,0.9334613167299134,0.9264030139128338,0.9924385695576479,0.9334613167299134,0.9264030139128338,0.9924385695576479,0.9334613167299134,0.9264030139128338,0.9924385695576479,0.9334613167299134,0.9264030139128338,0.9924385695576479,0.9334613167299134,0.9264030139128338,0.9924385695576479,0.9334613167299134,0.9264030139128338,0.9792245009349567,0.9446297379636388,0.9250045837257631,0.9792245009349567,0.9446297379636388,0.9250045837257631,0.9792245009349567,0.9446297379636388,0.9250045837257631,0.8514401441593028,0.9556041251993139,0.8136397141189283,0.8514401441593028,0.9556041251993139,0.8136397141189283,0.8514401441593028,0.9556041251993139,0.8136397141189283,0.30752497537494633,0.9636302605562425,0.2963403721481116,0.30752497537494633,0.9636302605562425,0.2963403721481116,0.30752497537494633,0.9636302605562425,0.2963403721481116
373.1462925851704,0.9919616788922604,0.9349086932860201,0.9273935970029699,0.9919616788922604,0.9349086932860201,0.9273935970029699,0.9919616788922604,0.9349086932860201,0.9273935970029699,0.9919616788922604,0.9349086932860201,0.9273935970029699,0.9919616788922604,0.9349086932860201,0.9273935970029699,0.9919616788922604,0.9349086932860201,0.9273935970029699,0.9776716335686112,0.9456456648613908,0.9245309419421114,0.9776716335686112,0.9456456648613908,0.9245309419421114,0.9776716335686112,0.9456456648613908,0.9245309419421114,0.8397922396566465,0.956273943672775,0.8030714368822535,0.8397922396566465,0.956273943672775,0.8030714368822535,0.8397922396566465,0.956273943672775,0.8030714368822535,0.3009312705044839,0.9639197516587928,0.29007359553104717,0.3009312705044839,0.9639197516587928,0.29007359553104717,0.3009312705044839,0.9639197516587928,0.29007359553104717
377.11422845691385,0.9914549806396686,0.9362986489361124,0.9282979588539012,0.9914549806396686,0.9362986489361124,0.9282979588539012,0.9914549806396686,0.9362986489361124,0.9282979588539012,0.9914549806396686,0.9362986489361124,0.9282979588539012,0.9914549806396686,0.9362986489361124,0.9282979588539012,0.9914549806396686,0.9362986489361124,0.9282979588539012,0.9760027190646797,0.9466201838211509,0.9239038733309501,0.9760027190646797,0.9466201838211509,0.9239038733309501,0.9760027190646797,0.9466201838211509,0.9239038733309501,0.827601116405061,0.9569279624673792,0.7919546500572233,0.827601116405061,0.9569279624673792,0.7919546500572233,0.827601116405061,0.9569279624673792,0.7919546500572233,0.2952272523353218,0.9642036190912432,0.28465918515608096,0.2952272523353218,0.9642036190912432,0.28465918515608096,0.2952272523353218,0.9642036190912432,0.28465918515608096
381.08216432865737,0.9909165440548418,0.9376337866081812,0.9291168314148339,0.9909165440548418,0.9376337866081812,0.9291168314148339,0.9909165440548418,0.9376337866081812,0.9291168314148339,0.9909165440548418,0.9376337866081812,0.9291168314148339,0.9909165440548418,0.9376337866081812,0.9291168314148339,0.9909165440548418,0.9376337866081812,0.9291168314148339,0.9742094188975766,0.9475555029695056,0.923117495921123,0.9742094188975766,0.9475555029695056,0.923117495921123,0.9742094188975766,0.9475555029695056,0.923117495921123,0.8148960960167348,0.9575665440585335,0.7803172384295357,0.8148960960167348,0.9575665440585335,0.7803172384295357,0.8148960960167348,0.9575665440585335,0.7803172384295357,0.29034526937827443,0.9644820242280238,0.28003279313498897,0.29034526937827443,0.9644820242280238,0.28003279313498897,0.29034526937827443,0.9644820242280238,0.28003279313498897
385.0501002004008,0.9903443119209495,0.9389165818723555,0.9298506962255477,0.9903443119209495,0.9389165818723555,0.9298506962255477,0.9903443119209495,0.9389165818723555,0.9298506962255477,0.9903443119209495,0.9389165818723555,0.9298506962255477,0.9903443119209495,0.9389165818723555,0.9298506962255477,0.9903443119209495,0.9389165818723555,0.9298506962255477,0.9722829142396832,0.9484537325965356,0.9221653591504648,0.9722829142396832,0.9484537325965356,0.9221653591504648,0.9722829142396832,0.9484537325965356,0.9221653591504648,0.801712886308806,0.9581898932810047,0.768193184974241,0.801712886308806,0.9581898932810047,0.768193184974241,0.801712886308806,0.9581898932810047,0.768193184974241,0.2862055385679357,0.9647548165698984,0.27611817186239773,0.2862055385679357,0.9647548165698984,0.27611817186239773,0.2862055385679357,0.9647548165698984,0.27611817186239773
389.0180360721443,0.9897360930609962,0.9401493904815554,0.9304997846288916,0.9897360930609962,0.9401493904815554,0.9304997846288916,0.9897360930609962,0.9401493904815554,0.9304997846288916,0.9897360930609962,0.9401493904815554,0.9304997846288916,0.9897360930609962,0.9401493904815554,0.9304997846288916,0.9897360930609962,0.9401493904815554,0.9304997846288916,0.9702139035728544,0.9493168908193956,0.9210404463695311,0.9702139035728544,0.9493168908193956,0.9210404463695311,0.9702139035728544,0.9493168908193956,0.9210404463695311,0.7880929324994663,0.9587980842052454,0.7556219938561821,0.7880929324994663,0.9587980842052454,0.7556219938561821,0.7880929324994663,0.9587980842052454,0.7556219938561821,0.2827211250183785,0.9650216029865951,0.2728319932634092,0.2827211250183785,0.9650216029865951,0.2728319932634092,0.2827211250183785,0.9650216029865951,0.2728319932634092
392.9859719438878,0.9890895545743065,0.9413344554621064,0.9310640772584621,0.9890895545743065,0.9413344554621064,0.9310640772584621,0.9890895545743065,0.9413344554621064,0.9310640772584621,0.9890895545743065,0.9413344554621064,0.9310640772584621,0.9890895545743065,0.9413344554621064,0.9310640772584621,0.9890895545743065,0.9413344554621064,0.9310640772584621,0.9679926058434906,0.9501469086606592,0.9197351820485685,0.9679926058434906,0.9501469086606592,0.9197351820485685,0.9679926058434906,0.9501469086606592,0.9197351820485685,0.7740825602310388,0.9593910884302536,0.7426479099949337,0.7740825602310388,0.9593910884302536,0.7426479099949337,0.7740825602310388,0.9593910884302536,0.7426479099949337,0.2798030560126816,0.9652818247569529,0.27008880448049316,0.2798030560126816,0.9652818247569529,0.27008880448049316,0.2798030560126816,0.9652818247569529,0.27008880448049316
396.9539078156313,0.988402213818442,0.9424739137796354,0.931543302845923,0.988402213818442,0.9424739137796354,0.931543302845923,0.988402213818442,0.9424739137796354,0.931543302845923,0.988402213818442,0.9424739137796354,0.931543302845923,0.988402213818442,0.9424739137796354,0.931543302845923,0.988402213818442,0.9424739137796354,0.931543302845923,0.96560877025608,0.9509456345528445,0.9182414447609599,0.96560877025608,0.9509456345528445,0.9182414447609599,0.96560877025608,0.9509456345528445,0.9182414447609599,0.7597319532669168,0.9599688035969176,0.7293189742319914,0.7597319532669168,0.9599688035969176,0.7293189742319914,0.7597319532669168,0.9599688035969176,0.7293189742319914,0.2773648899773487,0.9655348325347085,0.26780546259528726,0.2773648899773487,0.9655348325347085,0.26780546259528726,0.2773648899773487,0.9655348325347085,0.26780546259528726
400.92184368737475,0.9876714301642501,0.9435698026040887,0.9319369363977794,0.9876714301642501,0.9435698026040887,0.9319369363977794,0.9876714301642501,0.9435698026040887,0.9319369363977794,0.9876714301642501,0.9435698026040887,0.9319369363977794,0.9876714301642501,0.9435698026040887,0.9319369363977794,0.9876714301642501,0.9435698026040887,0.9319369363977794,0.9630516938988359,0.9517148382793131,0.9165505871135492,0.9630516938988359,0.9517148382793131,0.9165505871135492,0.9630516938988359,0.9517148382793131,0.9165505871135492,0.7450940201933955,0.9605310809329388,0.7156859646130311,0.7450940201933955,0.9605310809329388,0.7156859646130311,0.7450940201933955,0.9605310809329388,0.7156859646130311,0.2753262744807606,0.9657799517775957,0.26590459609113404,0.2753262744807606,0.9657799517775957,0.26590459609113404,0.2753262744807606,0.9657799517775957,0.26590459609113404
404.88977955911827,0.9868943965599399,0.9446240651962229,0.9322441967978238,0.9868943965599399,0.9446240651962229,0.9322441967978238,0.9868943965599399,0.9446240651962229,0.9322441967978238,0.9868943965599399,0.9446240651962229,0.9322441967978238,0.9868943965599399,0.9446240651962229,0.9322441967978238,0.9868943965599399,0.9446240651962229,0.9322441967978238,0.9603102484650806,0.9524562143611058,0.9146534638652236,0.9603102484650806,0.9524562143611058,0.9146534638652236,0.9603102484650806,0.9524562143611058,0.9146534638652236,0.7302232108520323,0.9610777507516975,0.7018012810323538,0.7302232108520323,0.9610777507516975,0.7018012810323538,0.7302232108520323,0.9610777507516975,0.7018012810323538,0.273615278848539,0.9660165344217759,0.2643168834381135,0.273615278848539,0.9660165344217759,0.2643168834381135,0.273615278848539,0.9660165344217759,0.2643168834381135
408.85771543086173,0.9860681309496295,0.9456385564364388,0.9324640438991849,0.9860681309496295,0.9456385564364388,0.9324640438991849,0.9860681309496295,0.9456385564364388,0.9324640438991849,0.9860681309496295,0.9456385564364388,0.9324640438991849,0.9860681309496295,0.9456385564364388,0.9324640438991849,0.9860681309496295,0.9456385564364388,0.9324640438991849,0.9573729174028632,0.953171384900229,0.9125404695468597,0.9573729174028632,0.953171384900229,0.9125404695468597,0.9573729174028632,0.953171384900229,0.9125404695468597,0.7151743439655093,0.9616086450247505,0.6877178318571382,0.7151743439655093,0.9616086450247505,0.6877178318571382,0.7151743439655093,0.9616086450247505,0.6877178318571382,0.27216950779718657,0.9662439956912287,0.26298215271926856,0.27216950779718657,0.9662439956912287,0.26298215271926856,0.27216950779718657,0.9662439956912287,0.26298215271926856
412.82565130260525,0.9851894676027211,0.9466150480153542,0.9325951751789711,0.9851894676027211,0.9466150480153542,0.9325951751789711,0.9851894676027211,0.9466150480153542,0.9325951751789711,0.9851894676027211,0.9466150480153542,0.9325951751789711,0.9851894676027211,0.9466150480153542,0.9325951751789711,0.9851894676027211,0.9466150480153542,0.9325951751789711,0.9542278448389114,0.9538619018915474,0.9102015869159165,0.9542278448389114,0.9538619018915474,0.9102015869159165,0.9542278448389114,0.9538619018915474,0.9102015869159165,0.7000015027455723,0.9621236164029656,0.6734879773090805,0.7000015027455723,0.9621236164029656,0.6734879773090805,0.7000015027455723,0.9621236164029656,0.6734879773090805,0.27093615586021386,0.9664618373000761,0.26184945498368206,0.27093615586021386,0.9664618373000761,0.26184945498368206,0.27093615586021386,0.9664618373000761,0.26184945498368206
416.7935871743488,0.9842550484229315,0.9475552333040674,0.9326360220390971,0.9842550484229315,0.9475552333040674,0.9326360220390971,0.9842550484229315,0.9475552333040674,0.9326360220390971,0.9842550484229315,0.9475552333040674,0.9326360220390971,0.9842550484229315,0.9475552333040674,0.9326360220390971,0.9842550484229315,0.9475552333040674,0.9326360220390971,0.9508628976045141,0.9545292490187304,0.9076264475702108,0.9508628976045141,0.9545292490187304,0.9076264475702108,0.9508628976045141,0.9545292490187304,0.9076264475702108,0.6847570461492796,0.9626225533419679,0.6591625761831232,0.6847570461492796,0.9626225533419679,0.6591625761831232,0.6847570461492796,0.9626225533419679,0.6591625761831232,0.2698712427699096,0.9666696597418861,0.26087634242250846,0.2698712427699096,0.9666696597418861,0.26087634242250846,0.2698712427699096,0.9666696597418861,0.26087634242250846
420.7615230460922,0.9832613143199295,0.9484607319206255,0.9325847458491165,0.9832613143199295,0.9484607319206255,0.9325847458491165,0.9832613143199295,0.9484607319206255,0.9325847458491165,0.9832613143199295,0.9484607319206255,0.9325847458491165,0.9832613143199295,0.9484607319206255,0.9325847458491165,0.9832613143199295,0.9484607319206255,0.9325847458491165,0.9472657416106199,0.9551748429543302,0.9048044059789411,0.9472657416106199,0.9551748429543302,0.9048044059789411,0.9472657416106199,0.9551748429543302,0.9048044059789411,0.6694907713366584,0.9631053912615222,0.6447901712741706,0.6694907713366584,0.9631053912615222,0.6447901712741706,0.6694907713366584,0.9631053912615222,0.6447901712741706,0.2689382913282066,0.9668671669615385,0.26002760382398005,0.2689382913282066,0.9668671669615385,0.26002760382398005,0.2689382913282066,0.9668671669615385,0.26002760382398005
424.7294589178357,0.9822044967424215,0.9493330940078233,0.93243923384088,0.9822044967424215,0.9493330940078233,0.93243923384088,0.9822044967424215,0.9493330940078233,0.93243923384088,0.9822044967424215,0.9493330940078233,0.93243923384088,0.9822044967424215,0.9493330940078233,0.93243923384088,0.9822044967424215,0.9493330940078233,0.93243923384088,0.9434239336685295,0.9558000341902254,0.9017246280562574,0.9434239336685295,0.9558000341902254,0.9017246280562574,0.9434239336685295,0.9558000341902254,0.9017246280562574,0.6542492494352615,0.9635721199098787,0.6304163362277819,0.6542492494352615,0.9635721199098787,0.6304163362277819,0.6542492494352615,0.9635721199098787,0.6304163362277819,0.26810669248127894,0.967054166700281,0.2592736940842517,0.26810669248127894,0.967054166700281,0.2592736940842517,0.26810669248127894,0.967054166700281,0.2592736940842517
428.69739478957916,0.9810806094892606,0.9501738042360975,0.9321970949806799,0.9810806094892606,0.9501738042360975,0.9321970949806799,0.9810806094892606,0.9501738042360975,0.9321970949806799,0.9810806094892606,0.9501738042360975,0.9321970949806799,0.9810806094892606,0.9501738042360975,0.9321970949806799,0.9810806094892606,0.9501738042360975,0.9321970949806799,0.9393250296170949,0.9564061074323031,0.8983761951898186,0.9393250296170949,0.9564061074323031,0.8983761951898186,0.9393250296170949,0.9564061074323031,0.8983761951898186,0.6390753435091466,0.9640227872944696,0.6160831939408581,0.6390753435091466,0.9640227872944696,0.6160831939408581,0.6390753435091466,0.9640227872944696,0.6160831939408581,0.26734996648743187,0.9672305694253173,0.2585890603214782,0.26734996648743187,0.9672305694253173,0.2585890603214782,0.26734996648743187,0.9672305694253173,0.2585890603214782
432.6653306613226,0.9798854409348201,0.9509842855439508,0.931855655962319,0.9798854409348201,0.9509842855439508,0.931855655962319,0.9798854409348201,0.9509842855439508,0.931855655962319,0.9798854409348201,0.9509842855439508,0.931855655962319,0.9798854409348201,0.9509842855439508,0.931855655962319,0.9798854409348201,0.9509842855439508,0.931855655962319,0.9349567092850118,0.9569942816022947,0.8947482243314554,0.9349567092850118,0.9569942816022947,0.8947482243314554,0.9349567092850118,0.9569942816022947,0.8947482243314554,0.6240079059276712,0.9644575006715411,0.6018291053502839,0.6240079059276712,0.9644575006715411,0.6018291053502839,0.6240079059276712,0.9644575006715411,0.6018291053502839,0.2666440881405569,0.9673963881699069,0.25795052779403305,0.2666440881405569,0.9673963881699069,0.25795052779403305,0.2666440881405569,0.9673963881699069,0.25795052779403305
436.6332665330662,0.9786145468264631,0.9517659026270762,0.9314119574842757,0.9786145468264631,0.9517659026270762,0.9314119574842757,0.9786145468264631,0.9517659026270762,0.9314119574842757,0.9786145468264631,0.9517659026270762,0.9314119574842757,0.9786145468264631,0.9517659026270762,0.9314119574842757,0.9786145468264631,0.9517659026270762,0.9314119574842757,0.9303069183777894,0.9575657094999033,0.8908300043490965,0.9303069183777894,0.9575657094999033,0.8908300043490965,0.9303069183777894,0.9575657094999033,0.8908300043490965,0.6090816429717515,0.9648764251590204,0.5876885183005663,0.6090816429717515,0.9648764251590204,0.5876885183005663,0.6090816429717515,0.9648764251590204,0.5876885183005663,0.26596600627594214,0.9675517409025316,0.25733587239318145,0.26596600627594214,0.9675517409025316,0.25733587239318145,0.26596600627594214,0.9675517409025316,0.25733587239318145
440.6012024048096,0.9772632438353984,0.9525199651861307,0.9308627509957789,0.9772632438353984,0.9525199651861307,0.9308627509957789,0.9772632438353984,0.9525199651861307,0.9308627509957789,0.9772632438353984,0.9525199651861307,0.9308627509957789,0.9772632438353984,0.9525199651861307,0.9308627509957789,0.9772632438353984,0.9525199651861307,0.9308627509957789,0.9253640268279965,0.9581214771894249,0.8866111483223945,0.9253640268279965,0.9581214771894249,0.8866111483223945,0.9253640268279965,0.9581214771894249,0.8866111483223945,0.5943271278858798,0.9652797805556029,0.5736919595839238,0.5943271278858798,0.9652797805556029,0.5736919595839238,0.5943271278858798,0.9652797805556029,0.5736919595839238,0.26529245695885334,0.9676968562240138,0.25672267657902686,0.26529245695885334,0.9676968562240138,0.25672267657902686,0.26529245695885334,0.9676968562240138,0.25672267657902686
444.56913827655313,0.9758266040675047,0.9532477309419449,0.9302044961201325,0.9758266040675047,0.9532477309419449,0.9302044961201325,0.9758266040675047,0.9532477309419449,0.9302044961201325,0.9758266040675047,0.9532477309419449,0.9302044961201325,0.9758266040675047,0.9532477309419449,0.9302044961201325,0.9758266040675047,0.9532477309419449,0.9302044961201325,0.9201170024851745,0.9586626031864898,0.8820817608385872,0.9201170024851745,0.9586626031864898,0.8820817608385872,0.9201170024851745,0.9586626031864898,0.8820817608385872,0.5797709396680757,0.9656678369251358,0.559866149221324,0.5797709396680757,0.9656678369251358,0.559866149221324,0.5797709396680757,0.9656678369251358,0.559866149221324,0.2645991460606868,0.9678320822224303,0.2560875424861915,0.2645991460606868,0.9678320822224303,0.2560875424861915,0.2645991460606868,0.9678320822224303,0.2560875424861915
448.53707414829665,0.9742994507675221,0.9539504084258859,0.929433358988794,0.9742994507675221,0.9539504084258859,0.929433358988794,0.9742994507675221,0.9539504084258859,0.929433358988794,0.9742994507675221,0.9539504084258859,0.929433358988794,0.9742994507675221,0.9539504084258859,0.929433358988794,0.9742994507675221,0.9539504084258859,0.929433358988794,0.9145555982577611,0.959190037531701,0.8772326186176891,0.9145555982577611,0.959190037531701,0.8772326186176891,0.9145555982577611,0.959190037531701,0.8772326186176891,0.5654359033746426,0.9660409094508696,0.5462342143322138,0.5654359033746426,0.9660409094508696,0.5462342143322138,0.5654359033746426,0.9660409094508696,0.5462342143322138,0.2638603577017493,0.9679578971565784,0.25540571698396786,0.2638603577017493,0.9679578971565784,0.25540571698396786,0.2638603577017493,0.9679578971565784,0.25540571698396786
452.50501002004006,0.9726763554781184,0.9546291595520908,0.9285452117462669,0.9726763554781184,0.9546291595520908,0.9285452117462669,0.9726763554781184,0.9546291595520908,0.9285452117462669,0.9726763554781184,0.9546291595520908,0.9285452117462669,0.9726763554781184,0.9546291595520908,0.9285452117462669,0.9726763554781184,0.9546291595520908,0.9285452117462669,0.9086705499729818,0.9597046608480513,0.8720553619844328,0.9086705499729818,0.9597046608480513,0.8720553619844328,0.9086705499729818,0.9597046608480513,0.8720553619844328,0.5513414081101596,0.9663993529907638,0.5328159800746749,0.5513414081101596,0.9663993529907638,0.5328159800746749,0.5513414081101596,0.9663993529907638,0.5328159800746749,0.26304902504715993,0.9680749193055628,0.2546511636959363,0.26304902504715993,0.9680749193055628,0.2546511636959363,0.26304902504715993,0.9680749193055628,0.2546511636959363
456.4729458917836,0.970951636944257,0.9552851019773976,0.9275356335134156,0.970951636944257,0.9552851019773976,0.9275356335134156,0.970951636944257,0.9552851019773976,0.9275356335134156,0.970951636944257,0.9552851019773976,0.9275356335134156,0.970951636944257,0.9552851019773976,0.9275356335134156,0.970951636944257,0.9552851019773976,0.9275356335134156,0.9024537813235814,0.9602072834871779,0.8665426938374478,0.9024537813235814,0.9602072834871779,0.8665426938374478,0.9024537813235814,0.9602072834871779,0.8665426938374478,0.5375037806122797,0.9667435566828171,0.5196283165995759,0.5375037806122797,0.9667435566828171,0.5196283165995759,0.5375037806122797,0.9667435566828171,0.5196283165995759,0.2621372720065993,0.9681839119661398,0.2537970894834814,0.2621372720065993,0.9681839119661398,0.2537970894834814,0.2621372720065993,0.9681839119661398,0.2537970894834814
460.44088176352705,0.969119362082351,0.9559193112540393,0.9263999131247149,0.969119362082351,0.9559193112540393,0.9263999131247149,0.969119362082351,0.9559193112540393,0.9263999131247149,0.969119362082351,0.9559193112540393,0.9263999131247149,0.969119362082351,0.9559193112540393,0.9263999131247149,0.969119362082351,0.9559193112540393,0.9263999131247149,0.8958986113662702,0.9606986448748359,0.8606885818848231,0.8958986113662702,0.9606986448748359,0.8606885818848231,0.8958986113662702,0.9606986448748359,0.8606885818848231,0.5239366948752997,0.9670739388661059,0.5066855232295452,0.5239366948752997,0.9670739388661059,0.5066855232295452,0.5239366948752997,0.9670739388661059,0.5066855232295452,0.26109739129744813,0.9682857785578675,0.25281689081187775,0.26109739129744813,0.9682857785578675,0.25281689081187775,0.26109739129744813,0.9682857785578675,0.25281689081187775
464.40881763527057,0.9671733493621935,0.9565328227795287,0.9251330539825502,0.9671733493621935,0.9565328227795287,0.9251330539825502,0.9671733493621935,0.9565328227795287,0.9251330539825502,0.9671733493621935,0.9565328227795287,0.9251330539825502,0.9671733493621935,0.9565328227795287,0.9251330539825502,0.9671733493621935,0.9565328227795287,0.9251330539825502,0.8889999591822919,0.9611794131674793,0.8544884590727484,0.8889999591822919,0.9611794131674793,0.8544884590727484,0.8889999591822919,0.9611794131674793,0.8544884590727484,0.5106516011039226,0.9673909425041695,0.4939997336831869,0.5106516011039226,0.9673909425041695,0.4939997336831869,0.5106516011039226,0.9673909425041695,0.4939997336831869,0.2599031627164419,0.9683815426787354,0.25168542565843044,0.2599031627164419,0.9683815426787354,0.25168542565843044,0.2599031627164419,0.9683815426787354,0.25168542565843044
468.3767535070141,0.9651071749757861,0.9571266335476941,0.9237297813972996,0.9651071749757861,0.9571266335476941,0.9237297813972996,0.9651071749757861,0.9571266335476941,0.9237297813972996,0.9651071749757861,0.9571266335476941,0.9237297813972996,0.9651071749757861,0.9571266335476941,0.9237297813972996,0.9651071749757861,0.9571266335476941,0.9237297813972996,0.8817545395713509,0.9616501853287321,0.8479394163932404,0.8817545395713509,0.9616501853287321,0.8479394163932404,0.8817545395713509,0.9616501853287321,0.8479394163932404,0.49765816006323,0.9676950312256482,0.481581328742086,0.49765816006323,0.9676950312256482,0.481581328742086,0.49765816006323,0.9676950312256482,0.481581328742086,0.2585313411998406,0.9684723093796608,0.25038044505883067,0.2585313411998406,0.9684723093796608,0.25038044505883067,0.2585313411998406,0.9684723093796608,0.25038044505883067
472.3446893787575,0.9629141821946374,0.9577017037046113,0.9221845528091367,0.9629141821946374,0.9577017037046113,0.9221845528091367,0.9629141821946374,0.9577017037046113,0.9221845528091367,0.9629141821946374,0.9577017037046113,0.9221845528091367,0.9629141821946374,0.9577017037046113,0.9221845528091367,0.9629141821946374,0.9577017037046113,0.9221845528091367,0.8741610430988282,0.9621114877261127,0.8410403816880241,0.8741610430988282,0.9621114877261127,0.8410403816880241,0.8741610430988282,0.9621114877261127,0.8410403816880241,0.4849646713110489,0.967986686033926,0.46943934502591445,0.4849646713110489,0.967986686033926,0.46943934502591445,0.4849646713110489,0.967986686033926,0.46943934502591445,0.25696307655911366,0.9685592072572291,0.2488839537264738,0.25696307655911366,0.9685592072572291,0.2488839537264738,0.25696307655911366,0.9685592072572291,0.2488839537264738
476.312625250501,0.9605874943277454,0.95825895791294,0.9204915712987075,0.9605874943277454,0.95825895791294,0.9204915712987075,0.9605874943277454,0.95825895791294,0.9204915712987075,0.9605874943277454,0.95825895791294,0.9204915712987075,0.9605874943277454,0.95825895791294,0.9204915712987075,0.9605874943277454,0.95825895791294,0.9204915712987075,0.8662202935253102,0.9625637773343664,0.8337922777394061,0.8662202935253102,0.9625637773343664,0.8337922777394061,0.8662202935253102,0.9625637773343664,0.8337922777394061,0.4725784856819041,0.9682664026829271,0.45758187031656244,0.4725784856819041,0.9682664026829271,0.45758187031656244,0.4725784856819041,0.9682664026829271,0.45758187031656244,0.2551849960636832,0.9686433158308868,0.2471832407374179,0.2551849960636832,0.9686433158308868,0.2471832407374179,0.2551849960636832,0.9686433158308868,0.2471832407374179
480.28056112224453,0.9581200317169571,0.9587992865285728,0.9186448028189521,0.9581200317169571,0.9587992865285728,0.9186448028189521,0.9581200317169571,0.9587992865285728,0.9186448028189521,0.9581200317169571,0.9587992865285728,0.9186448028189521,0.9581200317169571,0.9587992865285728,0.9186448028189521,0.9581200317169571,0.9587992865285728,0.9186448028189521,0.8579353756828288,0.9630074436121285,0.8261981529207321,0.8579353756828288,0.9630074436121285,0.8261981529207321,0.8579353756828288,0.9630074436121285,0.8261981529207321,0.4605063936431201,0.9685346896693251,0.4460164170578794,0.4605063936431201,0.9685346896693251,0.4460164170578794,0.4605063936431201,0.9685346896693251,0.4460164170578794,0.25318971654819855,0.968725587714697,0.24527135696647118,0.25318971654819855,0.968725587714697,0.24527135696647118,0.25318971654819855,0.968725587714697,0.24527135696647118
484.248496993988,0.955504533202715,0.9593235465937662,0.9166379975784495,0.955504533202715,0.9593235465937662,0.9166379975784495,0.955504533202715,0.9593235465937662,0.9166379975784495,0.955504533202715,0.9593235465937662,0.9166379975784495,0.955504533202715,0.9593235465937662,0.9166379975784495,0.955504533202715,0.9593235465937662,0.9166379975784495,0.8493117272747077,0.9634428110939511,0.8182632780206036,0.8493117272747077,0.9634428110939511,0.8182632780206036,0.8493117272747077,0.9634428110939511,0.8182632780206036,0.44875498174568196,0.9687920667511225,0.4347502662302615,0.44875498174568196,0.9687920667511225,0.4347502662302615,0.44875498174568196,0.9687920667511225,0.4347502662302615,0.25097566305417235,0.9688067782897696,0.24314692355265147,0.25097566305417235,0.9688067782897696,0.24314692355265147,0.25097566305417235,0.9688067782897696,0.24314692355265147
488.2164328657315,0.9527335824905162,0.959832562651709,0.9144647160062156,0.9527335824905162,0.959832562651709,0.9144647160062156,0.9527335824905162,0.959832562651709,0.9144647160062156,0.9527335824905162,0.959832562651709,0.9144647160062156,0.9527335824905162,0.959832562651709,0.9144647160062156,0.9527335824905162,0.959832562651709,0.9144647160062156,0.8403571888927541,0.9638701427109175,0.8099952035862044,0.8403571888927541,0.9638701427109175,0.8099952035862044,0.8403571888927541,0.9638701427109175,0.8099952035862044,0.4373309493965752,0.9690390638677717,0.4237907738036611,0.4373309493965752,0.9690390638677717,0.4237907738036611,0.4373309493965752,0.9690390638677717,0.4237907738036611,0.24854623009571647,0.9688873952203788,0.24081330946928364,0.24854623009571647,0.9688873952203788,0.24081330946928364,0.24854623009571647,0.9688873952203788,0.24081330946928364
492.1843687374749,0.949799639828627,0.9603271273884821,0.9121183597112403,0.949799639828627,0.9603271273884821,0.9121183597112403,0.949799639828627,0.9603271273884821,0.9121183597112403,0.949799639828627,0.9603271273884821,0.9121183597112403,0.949799639828627,0.9603271273884821,0.9121183597112403,0.949799639828627,0.9603271273884821,0.9121183597112403,0.8310820077636715,0.9642896438216105,0.8014037732529797,0.8310820077636715,0.9642896438216105,0.8014037732529797,0.8310820077636715,0.9642896438216105,0.8014037732529797,0.4262413777030133,0.9692762203071573,0.41314563151849215,0.4262413777030133,0.9692762203071573,0.41314563151849215,0.4262413777030133,0.9692762203071573,0.41314563151849215,0.24590847452289646,0.9689676759453182,0.23827736305370947,0.24590847452289646,0.9689676759453182,0.23827736305370947,0.24590847452289646,0.9689676759453182,0.23827736305370947
496.15230460921845,0.9466950793724682,0.9608080021097029,0.9095922078189478,0.9466950793724682,0.9608080021097029,0.9095922078189478,0.9466950793724682,0.9608080021097029,0.9095922078189478,0.9466950793724682,0.9608080021097029,0.9095922078189478,0.9466950793724682,0.9608080021097029,0.9095922078189478,0.9466950793724682,0.9608080021097029,0.9095922078189478,0.8214987923176433,0.9647014669028823,0.7925010900077768,0.8214987923176433,0.9647014669028823,0.7925010900077768,0.8214987923176433,0.9647014669028823,0.7925010900077768,0.41549394136713896,0.9695040839399084,0.40282307300773007,0.41549394136713896,0.9695040839399084,0.40282307300773007,0.41549394136713896,0.9695040839399084,0.40282307300773007,0.24307161897053414,0.9690475947206574,0.23554796770825223,0.24307161897053414,0.9690475947206574,0.23554796770825223,0.24307161897053414,0.9690475947206574,0.23554796770825223
500.12024048096197,0.9434122325572862,0.9612759170607782,0.9068794590178615,0.9434122325572862,0.9612759170607782,0.9068794590178615,0.9434122325572862,0.9612759170607782,0.9068794590178615,0.9434122325572862,0.9612759170607782,0.9068794590178615,0.9434122325572862,0.9612759170607782,0.9068794590178615,0.9434122325572862,0.9612759170607782,0.9068794590178615,0.8116224165418269,0.9651057168187801,0.7833014341027904,0.8116224165418269,0.9651057168187801,0.7833014341027904,0.8116224165418269,0.9651057168187801,0.7833014341027904,0.40509705379833366,0.9697232103227457,0.3928320155016061,0.40509705379833366,0.9697232103227457,0.3928320155016061,0.40509705379833366,0.9697232103227457,0.3928320155016061,0.2400456445841739,0.9691268944148872,0.23263469005368023,0.2400456445841739,0.9691268944148872,0.23263469005368023,0.2400456445841739,0.9691268944148872,0.23263469005368023
504.0881763527055,0.9399434377257638,0.9617315716016438,0.9039732795806507,0.9399434377257638,0.9617315716016438,0.9039732795806507,0.9399434377257638,0.9617315716016438,0.9039732795806507,0.9399434377257638,0.9617315716016438,0.9039732795806507,0.9399434377257638,0.9617315716016438,0.9039732795806507,0.9399434377257638,0.9617315716016438,0.9039732795806507,0.8014698751328205,0.9655024565581848,0.7738211332981199,0.8014698751328205,0.9655024565581848,0.7738211332981199,0.8014698751328205,0.9655024565581848,0.7738211332981199,0.3950599350860863,0.9699341614619004,0.3831821268649159,0.3950599350860863,0.9699341614619004,0.3831821268649159,0.3950599350860863,0.9699341614619004,0.3831821268649159,0.23684017506986224,0.9692051342181035,0.22954671366682497,0.23684017506986224,0.9692051342181035,0.22954671366682497,0.23684017506986224,0.9692051342181035,0.22954671366682497
508.0561122244489,0.9362810961586936,0.9621756342490833,0.9008668575319179,0.9362810961586936,0.9621756342490833,0.9008668575319179,0.9362810961586936,0.9621756342490833,0.9008668575319179,0.9362810961586936,0.9621756342490833,0.9008668575319179,0.9362810961586936,0.9621756342490833,0.9008668575319179,0.9362810961586936,0.9621756342490833,0.9008668575319179,0.7910600925636304,0.9658917133092031,0.7640783881368217,0.7910600925636304,0.9658917133092031,0.7640783881368217,0.7910600925636304,0.9658917133092031,0.7640783881368217,0.3853925926288524,0.970137504028148,0.3738838078838917,0.3853925926288524,0.970137504028148,0.3738838078838917,0.3853925926288524,0.970137504028148,0.3738838078838917,0.23346374294094044,0.96928174351965,0.22629214380641813,0.23346374294094044,0.96928174351965,0.22629214380641813,0.23346374294094044,0.96928174351965,0.22629214380641813
512.0240480961924,0.932417734533029,0.9626087426021803,0.8975534630188127,0.932417734533029,0.9626087426021803,0.8975534630188127,0.932417734533029,0.9626087426021803,0.8975534630188127,0.932417734533029,0.9626087426021803,0.8975534630188127,0.932417734533029,0.9626087426021803,0.8975534630188127,0.932417734533029,0.9626087426021803,0.8975534630188127,0.7804136911876709,0.9662734847226812,0.7540930569092011,0.7804136911876709,0.9662734847226812,0.7540930569092011,0.7804136911876709,0.9662734847226812,0.7540930569092011,0.3761057054685064,0.9703338068303768,0.3649480809578803,0.3761057054685064,0.9703338068303768,0.3649480809578803,0.3761057054685064,0.9703338068303768,0.3649480809578803,0.22992342699539284,0.9693560738450225,0.22287767047724666,0.22992342699539284,0.9693560738450225,0.22287767047724666,0.22992342699539284,0.9693560738450225,0.22287767047724666
515.9919839679359,0.9283460736815302,0.963031503169089,0.8940265147986459,0.9283460736815302,0.963031503169089,0.8940265147986459,0.9283460736815302,0.963031503169089,0.8940265147986459,0.9283460736815302,0.963031503169089,0.8940265147986459,0.9283460736815302,0.963031503169089,0.8940265147986459,0.9283460736815302,0.963031503169089,0.8940265147986459,0.7695527252722872,0.9666477452094856,0.7438864067042712,0.7695527252722872,0.9666477452094856,0.7438864067042712,0.7695527252722872,0.9666477452094856,0.7438864067042712,0.3672104061460032,0.9705236373887182,0.3563863790598075,0.3672104061460032,0.9705236373887182,0.3563863790598075,0.3672104061460032,0.9705236373887182,0.3563863790598075,0.22622478424695783,0.9694274436401961,0.21930851428058323,0.22622478424695783,0.9694274436401961,0.21930851428058323,0.22622478424695783,0.9694274436401961,0.21930851428058323
519.9599198396793,0.9240591033518911,0.9634444911160185,0.8902796525899871,0.9240591033518911,0.9634444911160185,0.8902796525899871,0.9240591033518911,0.9634444911160185,0.8902796525899871,0.9240591033518911,0.9634444911160185,0.8902796525899871,0.9240591033518911,0.9634444911160185,0.8902796525899871,0.9240591033518911,0.9634444911160185,0.8902796525899871,0.7585003892610049,0.9670144521168116,0.733480838351619,0.7585003892610049,0.9670144521168116,0.733480838351619,0.7585003892610049,0.9670144521168116,0.733480838351619,0.3587179584869123,0.9707075575042213,0.3482102333157313,0.3587179584869123,0.9707075575042213,0.3482102333157313,0.3587179584869123,0.9707075575042213,0.3482102333157313,0.22237197516012405,0.9694951736426082,0.21558855667111423,0.22237197516012405,0.9694951736426082,0.21558855667111423,0.22237197516012405,0.9694951736426082,0.21558855667111423
523.9278557114228,0.9195501624621752,0.9638482499620338,0.8863068148414714,0.9195501624621752,0.9638482499620338,0.8863068148414714,0.9195501624621752,0.9638482499620338,0.8863068148414714,0.9195501624621752,0.9638482499620338,0.8863068148414714,0.9195501624621752,0.9638482499620338,0.8863068148414714,0.9195501624621752,0.9638482499620338,0.8863068148414714,0.7472807095111738,0.9673735516375255,0.7228995940300341,0.7472807095111738,0.9673735516375255,0.7228995940300341,0.7472807095111738,0.9673735516375255,0.7228995940300341,0.3506393362609893,0.9708861178010195,0.34043086393075817,0.3506393362609893,0.9708861178010195,0.34043086393075817,0.3506393362609893,0.9708861178010195,0.34043086393075817,0.21836798916409236,0.9695586128651411,0.21172056466808756,0.21836798916409236,0.9695586128651411,0.21172056466808756,0.21836798916409236,0.9695586128651411,0.21172056466808756
527.8957915831663,0.9148130241267184,0.9642432912458265,0.8821023212584946,0.9148130241267184,0.9642432912458265,0.8821023212584946,0.9148130241267184,0.9642432912458265,0.8821023212584946,0.9148130241267184,0.9642432912458265,0.8821023212584946,0.9148130241267184,0.9642432912458265,0.8821023212584946,0.9148130241267184,0.9642432912458265,0.8821023212584946,0.7359182291857734,0.9677249843224813,0.7121664568014309,0.7359182291857734,0.9677249843224813,0.7121664568014309,0.7359182291857734,0.9677249843224813,0.7121664568014309,0.34298471593799046,0.9710598513169074,0.33305868726271676,0.34298471593799046,0.9710598513169074,0.33305868726271676,0.34298471593799046,0.9710598513169074,0.33305868726271676,0.21421490430901202,0.969617156636676,0.20770644642530187,0.21421490430901202,0.969617156636676,0.20770644642530187,0.21421490430901202,0.969617156636676,0.20770644642530187
531.8637274549098,0.9098419844873891,0.9646300941928705,0.8776609591966983,0.9098419844873891,0.9646300941928705,0.8776609591966983,0.9098419844873891,0.9646300941928705,0.8776609591966983,0.9098419844873891,0.9646300941928705,0.8776609591966983,0.9098419844873891,0.9646300941928705,0.8776609591966983,0.9098419844873891,0.9646300941928705,0.8776609591966983,0.7244376958834879,0.9680686900875084,0.701305451303941,0.7244376958834879,0.9680686900875084,0.701305451303941,0.7244376958834879,0.9680686900875084,0.701305451303941,0.335762906181595,0.9712292663329636,0.3261027610325742,0.335762906181595,0.9712292663329636,0.3261027610325742,0.335762906181595,0.9712292663329636,0.3261027610325742,0.20991414853546334,0.9696702588122686,0.20354750673873973,0.20991414853546334,0.9696702588122686,0.20354750673873973,0.20991414853546334,0.9696702588122686,0.20354750673873973
535.8316633266533,0.9046319541364811,0.9650091054131946,0.8729780727894357,0.9046319541364811,0.9650091054131946,0.8729780727894357,0.9046319541364811,0.9650091054131946,0.8729780727894357,0.9046319541364811,0.9650091054131946,0.8729780727894357,0.9046319541364811,0.9650091054131946,0.8729780727894357,0.9046319541364811,0.9650091054131946,0.8729780727894357,0.7128637610027037,0.9684046126325019,0.6903405543335717,0.7128637610027037,0.9684046126325019,0.6903405543335717,0.7128637610027037,0.9684046126325019,0.6903405543335717,0.3289807462050483,0.9713948387510802,0.31957019891206295,0.3289807462050483,0.9713948387510802,0.31957019891206295,0.3289807462050483,0.9713948387510802,0.31957019891206295,0.20546676243876602,0.9697174404340528,0.19924470296639177,0.20546676243876602,0.9697174404340528,0.19924470296639177,0.20546676243876602,0.9697174404340528,0.19924470296639177
539.7995991983968,0.8991785506687328,0.9653807386611999,0.8680496534328884,0.8991785506687328,0.9653807386611999,0.8680496534328884,0.8991785506687328,0.9653807386611999,0.8680496534328884,0.8991785506687328,0.9653807386611999,0.8680496534328884,0.8991785506687328,0.9653807386611999,0.8680496534328884,0.8991785506687328,0.9653807386611999,0.8680496534328884,0.7012206988237885,0.9687327032179097,0.6792954231239203,0.7012206988237885,0.9687327032179097,0.6792954231239203,0.7012206988237885,0.9687327032179097,0.6792954231239203,0.3226425132793184,0.9715570044349434,0.31346559370501603,0.3226425132793184,0.9715570044349434,0.31346559370501603,0.3226425132793184,0.9715570044349434,0.31346559370501603,0.20087369018911735,0.9697582970234944,0.19479892771462345,0.20087369018911735,0.9697582970234944,0.19479892771462345,0.20087369018911735,0.9697582970234944,0.19479892771462345
543.7675350701403,0.8934781906624282,0.9657453746893684,0.8628724300180656,0.8934781906624282,0.9657453746893684,0.8628724300180656,0.8934781906624282,0.9657453746893684,0.8628724300180656,0.8934781906624282,0.9657453746893684,0.8628724300180656,0.8934781906624282,0.9657453746893684,0.8628724300180656,0.8934781906624282,0.9657453746893684,0.8628724300180656,0.6895321519598503,0.969052923771793,0.6681931478913492,0.6895321519598503,0.969052923771793,0.6681931478913492,0.6895321519598503,0.969052923771793,0.6681931478913492,0.31674938486460785,0.9717161520071971,0.30779049341128345,0.31674938486460785,0.9717161520071971,0.30779049341128345,0.31674938486460785,0.9717161520071971,0.30779049341128345,0.196136144062761,0.9697925064725136,0.190211362760479,0.196136144062761,0.9697925064725136,0.190211362760479,0.196136144062761,0.9697925064725136,0.190211362760479
547.7354709418838,0.8875281791763053,0.9661033612272018,0.8574439570860868,0.8875281791763053,0.9661033612272018,0.8574439570860868,0.8875281791763053,0.9661033612272018,0.8574439570860868,0.8875281791763053,0.9661033612272018,0.8574439570860868,0.8875281791763053,0.9661033612272018,0.8574439570860868,0.8875281791763053,0.9661033612272018,0.8574439570860868,0.6778209082840874,0.969365249327137,0.6570560337579507,0.6778209082840874,0.969365249327137,0.6570560337579507,0.6778209082840874,0.969365249327137,0.6570560337579507,0.3112990016098525,0.9718726166267069,0.3025429752478488,0.3112990016098525,0.9718726166267069,0.3025429752478488,0.3112990016098525,0.9718726166267069,0.3025429752478488,0.19125609681651706,0.9698198392336395,0.18548395706704796,0.19125609681651706,0.9698198392336395,0.18548395706704796,0.19125609681651706,0.9698198392336395,0.18548395706704796
551.7034068136273,0.8813267946742478,0.9664550131151703,0.8517626989056511,0.8813267946742478,0.9664550131151703,0.8517626989056511,0.8813267946742478,0.9664550131151703,0.8517626989056511,0.8813267946742478,0.9664550131151703,0.8517626989056511,0.8813267946742478,0.9664550131151703,0.8517626989056511,0.8813267946742478,0.9664550131151703,0.8517626989056511,0.6661087128118314,0.9696696698124612,0.6459054156114521,0.6661087128118314,0.9696696698124612,0.6459054156114521,0.6661087128118314,0.9696696698124612,0.6459054156114521,0.30628517285322365,0.9720266752429326,0.2977173582447259,0.30628517285322365,0.9720266752429326,0.2977173582447259,0.30628517285322365,0.9720266752429326,0.2977173582447259,0.18623695211906666,0.9698401721459532,0.18062007770309324,0.18623695211906666,0.9698401721459532,0.18062007770309324,0.18623695211906666,0.9698401721459532,0.18062007770309324
555.6713426853707,0.8748733671683081,0.9668006126207593,0.8458281073439068,0.8748733671683081,0.9668006126207593,0.8458281073439068,0.8748733671683081,0.9668006126207593,0.8458281073439068,0.8748733671683081,0.9668006126207593,0.8458281073439068,0.8748733671683081,0.9668006126207593,0.8458281073439068,0.8748733671683081,0.9668006126207593,0.8458281073439068,0.6544161164077191,0.9699661912383158,0.6347615079169656,0.6544161164077191,0.9699661912383158,0.6347615079169656,0.6544161164077191,0.9699661912383158,0.6347615079169656,0.301697756163374,0.9721785437360011,0.2933040852353281,0.301697756163374,0.9721785437360011,0.2933040852353281,0.301697756163374,0.9721785437360011,0.2933040852353281,0.18108442236733138,0.9698535066354386,0.1756253620300092,0.18108442236733138,0.9698535066354386,0.1756253620300092,0.18108442236733138,0.9698535066354386,0.1756253620300092
559.6392785571143,0.8681683473164926,0.9671404099598485,0.8396406913378368,0.8681683473164926,0.9671404099598485,0.8396406913378368,0.8681683473164926,0.9671404099598485,0.8396406913378368,0.8681683473164926,0.9671404099598485,0.8396406913378368,0.8681683473164926,0.9671404099598485,0.8396406913378368,0.8681683473164926,0.9671404099598485,0.8396406913378368,0.6427623616973612,0.9702548363372672,0.6236432900524286,0.6427623616973612,0.9702548363372672,0.6236432900524286,0.6427623616973612,0.9702548363372672,0.6236432900524286,0.2975227278068008,0.9723283762082974,0.28928979081344985,0.2975227278068008,0.9723283762082974,0.28928979081344985,0.2975227278068008,0.9723283762082974,0.28928979081344985,0.1758076005807383,0.9698599909808451,0.17050875791359887,0.1758076005807383,0.9698599909808451,0.17050875791359887,0.1758076005807383,0.9698599909808451,0.17050875791359887
563.6072144288577,0.8612133642375214,0.9674746240416712,0.8332020757853588,0.8612133642375214,0.9674746240416712,0.8332020757853588,0.8612133642375214,0.9674746240416712,0.8332020757853588,0.8612133642375214,0.9674746240416712,0.8332020757853588,0.8612133642375214,0.9674746240416712,0.8332020757853588,0.8612133642375214,0.9674746240416712,0.8332020757853588,0.6311653052595095,0.9705356447253597,0.6125684264683166,0.6311653052595095,0.9705356447253597,0.6125684264683166,0.6311653052595095,0.9705356447253597,0.6125684264683166,0.29374244368041535,0.9724762665138454,0.28565755494698386,0.29374244368041535,0.9724762665138454,0.28565755494698386,0.29374244368041535,0.9724762665138454,0.28565755494698386,0.17042014518639836,0.9698599446210152,0.1652836725727857,0.17042014518639836,0.9698599446210152,0.1652836725727857,0.17042014518639836,0.9698599446210152,0.1652836725727857
567.5751503006012,0.8540112699199734,0.9678034434495918,0.8265150477733091,0.8540112699199734,0.9678034434495918,0.8265150477733091,0.8540112699199734,0.9678034434495918,0.8265150477733091,0.8540112699199734,0.9678034434495918,0.8265150477733091,0.8540112699199734,0.9678034434495918,0.8265150477733091,0.8540112699199734,0.9678034434495918,0.8265150477733091,0.619641374104865,0.9708086726589767,0.6015532199193284,0.619641374104865,0.9708086726589767,0.6015532199193284,0.619641374104865,0.9708086726589767,0.6015532199193284,0.29033607268721773,0.9726222519203578,0.2823873248307544,0.29033607268721773,0.9726222519203578,0.2823873248307544,0.29033607268721773,0.9726222519203578,0.2823873248307544,0.16494140622535972,0.9698538800423512,0.15996906280730674,0.16494140622535972,0.9698538800423512,0.15996906280730674,0.16494140622535972,0.9698538800423512,0.15996906280730674
571.5430861723447,0.8465661683132796,0.9681270276630685,0.8195835882492483,0.8465661683132796,0.9681270276630685,0.8195835882492483,0.8465661683132796,0.9681270276630685,0.8195835882492483,0.8465661683132796,0.9681270276630685,0.8195835882492483,0.8465661683132796,0.9681270276630685,0.8195835882492483,0.8465661683132796,0.9681270276630685,0.8195835882492483,0.6082055536328946,0.9710739924629409,0.5906125952044283,0.6082055536328946,0.9710739924629409,0.5906125952044283,0.6082055536328946,0.9710739924629409,0.5906125952044283,0.28728016931814654,0.9727663186228849,0.27945647272097246,0.28728016931814654,0.9727663186228849,0.27945647272097246,0.28728016931814654,0.9727663186228849,0.27945647272097246,0.1593972257282411,0.9698425150080656,0.1545902062855857,0.1593972257282411,0.9698425150080656,0.1545902062855857,0.1593972257282411,0.9698425150080656,0.1545902062855857
575.5110220440881,0.8388834274932552,0.9684455085186946,0.812412887526611,0.8388834274932552,0.9684455085186946,0.812412887526611,0.8388834274932552,0.9684455085186946,0.812412887526611,0.8388834274932552,0.9684455085186946,0.812412887526611,0.8388834274932552,0.9684455085186946,0.812412887526611,0.8388834274932552,0.9684455085186946,0.812412887526611,0.5968714036978863,0.971331691704253,0.5797601102837601,0.5968714036978863,0.971331691704253,0.5797601102837601,0.5968714036978863,0.971331691704253,0.5797601102837601,0.2845493414251,0.9729084086913439,0.27684044696006394,0.2845493414251,0.9729084086913439,0.27684044696006394,0.2845493414251,0.9729084086913439,0.27684044696006394,0.1538200816925634,0.9698267658609518,0.14917883235236618,0.1538200816925634,0.9698267658609518,0.14917883235236618,0.1538200816925634,0.9698267658609518,0.14917883235236618
579.4789579158316,0.8309696736897396,0.9687589919004269,0.8050093433834988,0.8309696736897396,0.9687589919004269,0.8050093433834988,0.8309696736897396,0.9687589919004269,0.8050093433834988,0.8309696736897396,0.9687589919004269,0.8050093433834988,0.8309696736897396,0.9687589919004269,0.8050093433834988,0.8309696736897396,0.9687589919004269,0.8050093433834988,0.5856510990924988,0.9715818721817144,0.5690079913015688,0.5856510990924988,0.9715818721817144,0.5690079913015688,0.5856510990924988,0.9715818721817144,0.5690079913015688,0.282116964027069,0.9730484279526399,0.27451346834531093,0.282116964027069,0.9730484279526399,0.27451346834531093,0.282116964027069,0.9730484279526399,0.27451346834531093,0.1482482701261165,0.9698077130914476,0.1437723158207722,0.1482482701261165,0.9698077130914476,0.1437723158207722,0.1482482701261165,0.9698077130914476,0.1437723158207722
583.4468937875752,0.8228327664365577,0.969067559641372,0.797380540963634,0.8228327664365577,0.969067559641372,0.797380540963634,0.8228327664365577,0.969067559641372,0.797380540963634,0.8228327664365577,0.969067559641372,0.797380540963634,0.8228327664365577,0.969067559641372,0.797380540963634,0.8228327664365577,0.969067559641372,0.797380540963634,0.5745554906413184,0.9718246487955862,0.558367187906075,0.5745554906413184,0.9718246487955862,0.558367187906075,0.5745554906413184,0.9718246487955862,0.558367187906075,0.2799558906178192,0.9731862542868049,0.272449224555882,0.2799558906178192,0.9731862542868049,0.272449224555882,0.2799558906178192,0.9731862542868049,0.272449224555882,0.14272398171242953,0.9697865349473622,0.13841179567878772,0.14272398171242953,0.9697865349473622,0.13841179567878772,0.14272398171242953,0.9697865349473622,0.13841179567878772
587.4148296593187,0.8144817546367815,0.9693712716121575,0.7895352141971582,0.8144817546367815,0.9693712716121575,0.7895352141971582,0.8144817546367815,0.9693712716121575,0.7895352141971582,0.8144817546367815,0.9693712716121575,0.7895352141971582,0.8144817546367815,0.9693712716121575,0.7895352141971582,0.8144817546367815,0.9693712716121575,0.7895352141971582,0.5635941831511542,0.972060148354025,0.5478474452853764,0.5635941831511542,0.972060148354025,0.5478474452853764,0.5635941831511542,0.972060148354025,0.5478474452853764,0.2780391190127787,0.9733217458505404,0.270621520732264,0.2780391190127787,0.9733217458505404,0.270621520732264,0.2780391190127787,0.9733217458505404,0.270621520732264,0.13729042409217984,0.9697644136126718,0.13313936761438783,0.13729042409217984,0.9697644136126718,0.13313936761438783,0.13729042409217984,0.9697644136126718,0.13313936761438783
591.3827655310621,0.8059268139060928,0.9696701679643646,0.7814831890073062,0.8059268139060928,0.9696701679643646,0.7814831890073062,0.8059268139060928,0.9696701679643646,0.7814831890073062,0.8059268139060928,0.9696701679643646,0.7814831890073062,0.8059268139060928,0.9696701679643646,0.7814831890073062,0.8059268139060928,0.9696701679643646,0.7814831890073062,0.5527756266486081,0.9722885083649369,0.5374573894946685,0.5527756266486081,0.9722885083649369,0.5374573894946685,0.5527756266486081,0.9722885083649369,0.5374573894946685,0.2763403778070246,0.9734547488180086,0.26900485306641075,0.2763403778070246,0.9734547488180086,0.26900485306641075,0.2763403778070246,0.9734547488180086,0.26900485306641075,0.13198847305449107,0.9697424286177532,0.12799482240941104,0.13198847305449107,0.9697424286177532,0.12799482240941104,0.13198847305449107,0.9697424286177532,0.12799482240941104
595.3507014028057,0.7971791661371043,0.9699642714920426,0.7732353091308103,0.7971791661371043,0.9699642714920426,0.7732353091308103,0.7971791661371043,0.9699642714920426,0.7732353091308103,0.7971791661371043,0.9699642714920426,0.7732353091308103,0.7971791661371043,0.9699642714920426,0.7732353091308103,0.7971791661371043,0.9699642714920426,0.7732353091308103,0.542107217609107,0.9725098758535483,0.5272046228963451,0.542107217609107,0.9725098758535483,0.5272046228963451,0.542107217609107,0.9725098758535483,0.5272046228963451,0.2748346102862165,0.9735851043309792,0.2675748827292701,0.2748346102862165,0.9735851043309792,0.2675748827292701,0.2748346102862165,0.9735851043309792,0.2675748827292701,0.12685354597111537,0.9697214587088417,0.12301260564149911,0.12685354597111537,0.9697214587088417,0.12301260564149911,0.12685354597111537,0.9697214587088417,0.12301260564149911
599.3186372745491,0.7882509827888142,0.9702535900702726,0.7648033459272676,0.7882509827888142,0.9702535900702726,0.7648033459272676,0.7882509827888142,0.9702535900702726,0.7648033459272676,0.7882509827888142,0.9702535900702726,0.7648033459272676,0.7882509827888142,0.9702535900702726,0.7648033459272676,0.7882509827888142,0.9702535900702726,0.7648033459272676,0.5315954072081809,0.9727244062378119,0.5170958268353255,0.5315954072081809,0.9727244062378119,0.5170958268353255,0.5315954072081809,0.9727244062378119,0.5170958268353255,0.27349834352439395,0.9737126544616466,0.26630879806400093,0.27349834352439395,0.9737126544616466,0.26630879806400093,0.27349834352439395,0.9737126544616466,0.26630879806400093,0.12191335071565006,0.9697021123061491,0.11821963370728623,0.12191335071565006,0.9697021123061491,0.11821963370728623,0.12191335071565006,0.9697021123061491,0.11821963370728623
603.2865731462925,0.7791552739190754,0.9705381191272802,0.7561998940575202,0.7791552739190754,0.9705381191272802,0.7561998940575202,0.7791552739190754,0.9705381191272802,0.7561998940575202,0.7791552739190754,0.9705381191272802,0.7561998940575202,0.7791552739190754,0.9705381191272802,0.7561998940575202,0.7791552739190754,0.9705381191272802,0.7561998940575202,0.521245813973231,0.9729322622859872,0.5071368689960765,0.521245813973231,0.9729322622859872,0.5071368689960765,0.521245813973231,0.9729322622859872,0.5071368689960765,0.2723099401710849,0.9738372470974851,0.2651855624934902,0.2723099401710849,0.9738372470974851,0.2651855624934902,0.2723099401710849,0.9738372470974851,0.2651855624934902,0.11718687914181806,0.969684697934657,0.113634323502539,0.11718687914181806,0.969684697934657,0.113634323502539,0.11718687914181806,0.969684697934657,0.113634323502539
607.2545090180361,0.7699057654172005,0.9708178441058448,0.7474382553469868,0.7699057654172005,0.9708178441058448,0.7474382553469868,0.7699057654172005,0.9708178441058448,0.7474382553469868,0.7699057654172005,0.9708178441058448,0.7474382553469868,0.7699057654172005,0.9708178441058448,0.7474382553469868,0.7699057654172005,0.9708178441058448,0.7474382553469868,0.5110633385556343,0.9731336131735322,0.4973329132091726,0.5110633385556343,0.9731336131735322,0.4973329132091726,0.5110633385556343,0.9731336131735322,0.4973329132091726,0.2712497383066622,0.9739587397485518,0.2641860532782812,0.2712497383066622,0.9739587397485518,0.2641860532782812,0.2712497383066622,0.9739587397485518,0.2641860532782812,0.11268463125036773,0.9696692340371451,0.10926682007230222,0.11268463125036773,0.9696692340371451,0.10926682007230222,0.11268463125036773,0.9696692340371451,0.10926682007230222
611.2224448897796,0.7605167672363788,0.9710927428707103,0.7385323134947407,0.7605167672363788,0.9710927428707103,0.7385323134947407,0.7605167672363788,0.9710927428707103,0.7385323134947407,0.7605167672363788,0.9710927428707103,0.7385323134947407,0.7605167672363788,0.9710927428707103,0.7385323134947407,0.7605167672363788,0.9710927428707103,0.7385323134947407,0.5010522786578775,0.9733286336498966,0.4876885297732392,0.5010522786578775,0.9733286336498966,0.4876885297732392,0.5010522786578775,0.9733286336498966,0.4876885297732392,0.270300090422459,0.9740770023484853,0.2632931018132334,0.270300090422459,0.9740770023484853,0.2632931018132334,0.270300090422459,0.9740770023484853,0.2632931018132334,0.10840975495885594,0.9696554880188443,0.10512011385063277,0.10840975495885594,0.9696554880188443,0.10512011385063277,0.10840975495885594,0.9696554880188443,0.10512011385063277
615.1903807615231,0.7510030356547824,0.9713627880212867,0.7294964025260793,0.7510030356547824,0.9713627880212867,0.7294964025260793,0.7510030356547824,0.9713627880212867,0.7294964025260793,0.7510030356547824,0.9713627880212867,0.7294964025260793,0.7510030356547824,0.9713627880212867,0.7294964025260793,0.7510030356547824,0.9713627880212867,0.7294964025260793,0.4912164424229753,0.9735175033199378,0.4782078046173169,0.4912164424229753,0.9735175033199378,0.4782078046173169,0.4912164424229753,0.9735175033199378,0.4782078046173169,0.26944531611919004,0.9741919191698128,0.26249144962147064,0.26944531611919004,0.9741919191698128,0.26249144962147064,0.26944531611919004,0.9741919191698128,0.26249144962147064,0.1043596663238476,0.9696430304389203,0.10119162310985012,0.1043596663238476,0.9696430304389203,0.10119162310985012,0.1043596663238476,0.9696430304389203,0.10119162310985012
619.1583166332665,0.7413796327010689,0.9716279490729557,0.7203451720058007,0.7413796327010689,0.9716279490729557,0.7203451720058007,0.7413796327010689,0.9716279490729557,0.7203451720058007,0.7413796327010689,0.9716279490729557,0.7203451720058007,0.7413796327010689,0.9716279490729557,0.7203451720058007,0.7413796327010689,0.9716279490729557,0.7203451720058007,0.4815592588133398,0.9737004060394601,0.4688944458386104,0.4815592588133398,0.9737004060394601,0.4688944458386104,0.4815592588133398,0.9737004060394601,0.4688944458386104,0.268671584808793,0.9743033900036918,0.2617676358768714,0.268671584808793,0.9743033900036918,0.2617676358768714,0.268671584808793,0.9743033900036918,0.2617676358768714,0.10052776113809472,0.9696312916089471,0.0974748628748865,0.10052776113809472,0.9696312916089471,0.0974748628748865,0.10052776113809472,0.9696312916089471,0.0974748628748865
623.12625250501,0.7316617858628691,0.9718881944755067,0.7110934520289887,0.7316617858628691,0.9718881944755067,0.7110934520289887,0.7316617858628691,0.9718881944755067,0.7110934520289887,0.7316617858628691,0.9718881944755067,0.7110934520289887,0.7316617858628691,0.9718881944755067,0.7110934520289887,0.7316617858628691,0.9718881944755067,0.7110934520289887,0.4720838836676611,0.9738775294197356,0.45975188630513564,0.4720838836676611,0.9738775294197356,0.45975188630513564,0.4720838836676611,0.9738775294197356,0.45975188630513564,0.2679667449599202,0.9744113307671181,0.26110983255772874,0.2679667449599202,0.9744113307671181,0.26110983255772874,0.2679667449599202,0.9744113307671181,0.26110983255772874,0.0969049606717963,0.9696196120389985,0.09396095037124154,0.0969049606717963,0.9696196120389985,0.09396095037124154,0.0969049606717963,0.9696196120389985,0.09396095037124154
627.0941883767537,0.7218647510617987,0.972143493443306,0.7017561208907994,0.7218647510617987,0.972143493443306,0.7017561208907994,0.7218647510617987,0.972143493443306,0.7017561208907994,0.7218647510617987,0.972143493443306,0.7017561208907994,0.7218647510617987,0.972143493443306,0.7017561208907994,0.7218647510617987,0.972143493443306,0.7017561208907994,0.4627933002253478,0.9740490644317571,0.45078338110978533,0.4627933002253478,0.9740490644317571,0.45078338110978533,0.4627933002253478,0.9740490644317571,0.45078338110978533,0.2673201156731371,0.9745156737008036,0.26050764261898396,0.2673201156731371,0.9745156737008036,0.26050764261898396,0.2673201156731371,0.9745156737008036,0.26050764261898396,0.09348097251519175,0.96960728270174,0.09063983174477111,0.09348097251519175,0.96960728270174,0.09063983174477111,0.09348097251519175,0.96960728270174,0.09063983174477111
631.062124248497,0.7120036816385146,0.9723938175784151,0.6923479781183617,0.7120036816385146,0.9723938175784151,0.6923479781183617,0.7120036816385146,0.9723938175784151,0.6923479781183617,0.7120036816385146,0.9723938175784151,0.6923479781183617,0.7120036816385146,0.9723938175784151,0.6923479781183617,0.7120036816385146,0.9723938175784151,0.6923479781183617,0.45369041295060186,0.9742152050972962,0.4419920987033476,0.45369041295060186,0.9742152050972962,0.4419920987033476,0.45369041295060186,0.9742152050972962,0.4419920987033476,0.26672225499314667,0.9746163673120578,0.25995187524270097,0.26672225499314667,0.9746163673120578,0.25995187524270097,0.26672225499314667,0.9746163673120578,0.25995187524270097,0.09024524799961252,0.969593574539292,0.0875012125931292,0.09024524799961252,0.969593574539292,0.0875012125931292,0.09024524799961252,0.969593574539292,0.0875012125931292
635.0300601202405,0.7020935057643127,0.9726391422747005,0.6828836252432386,0.7020935057643127,0.9726391422747005,0.6828836252432386,0.7020935057643127,0.9726391422747005,0.6828836252432386,0.7020935057643127,0.9726391422747005,0.6828836252432386,0.7020935057643127,0.9726391422747005,0.6828836252432386,0.7020935057643127,0.9726391422747005,0.6828836252432386,0.44477813347749673,0.9743761482505546,0.43338120452387435,0.44477813347749673,0.9743761482505546,0.43338120452387435,0.44477813347749673,0.9743761482505546,0.43338120452387435,0.2661647176738702,0.9747133762021638,0.2594343105897937,0.2661647176738702,0.9747133762021638,0.2594343105897937,0.2661647176738702,0.9747133762021638,0.2594343105897937,0.08718767143078654,0.9695777586758166,0.08453522705002554,0.08718767143078654,0.9695777586758166,0.08453522705002554,0.08718767143078654,0.9695777586758166,0.08453522705002554
638.9979959919841,0.6921488143041493,0.9728794478975881,0.673377356323191,0.6921488143041493,0.9728794478975881,0.673377356323191,0.6921488143041493,0.9728794478975881,0.673377356323191,0.6921488143041493,0.9728794478975881,0.673377356323191,0.6921488143041493,0.9728794478975881,0.673377356323191,0.6921488143041493,0.9728794478975881,0.673377356323191,0.4360594574423061,0.9745320933512664,0.4249539358868681,0.4360594574423061,0.9745320933512664,0.4249539358868681,0.4360594574423061,0.9745320933512664,0.4249539358868681,0.26563981334003184,0.9748066808991597,0.25894746475666874,0.26563981334003184,0.9748066808991597,0.25894746475666874,0.26563981334003184,0.9748066808991597,0.25894746475666874,0.08429903354424093,0.9695591196984984,0.08173289675458842,0.08429903354424093,0.9695591196984984,0.08173289675458842,0.08429903354424093,0.9695591196984984,0.08173289675458842
642.9659318637275,0.6821837607226836,0.973114720740451,0.6638430598093249,0.6821837607226836,0.973114720740451,0.6638430598093249,0.6821837607226836,0.973114720740451,0.6638430598093249,0.6821837607226836,0.973114720740451,0.6638430598093249,0.6821837607226836,0.973114720740451,0.6638430598093249,0.6821837607226836,0.973114720740451,0.6638430598093249,0.42753753088204577,0.9746832423275238,0.4167136668168162,0.42753753088204577,0.9746832423275238,0.4167136668168162,0.42753753088204577,0.9746832423275238,0.4167136668168162,0.2651403742944674,0.9748962777959305,0.2584843639930961,0.2651403742944674,0.9748962777959305,0.2584843639930961,0.2651403742944674,0.9748962777959305,0.2584843639930961,0.08157133738907973,0.9695369645865138,0.07908642684947077,0.08157133738907973,0.9695369645865138,0.07908642684947077,0.08157133738907973,0.9695369645865138,0.07908642684947077
646.9338677354709,0.6722119741747087,0.9733449537641706,0.6542941329228037,0.6722119741747087,0.9733449537641706,0.6542941329228037,0.6722119741747087,0.9733449537641706,0.6542941329228037,0.6722119741747087,0.9733449537641706,0.6542941329228037,0.6722119741747087,0.9733449537641706,0.6542941329228037,0.6722119741747087,0.9733449537641706,0.6542941329228037,0.41921570477476394,0.974829799424398,0.40866396140114075,0.41921570477476394,0.974829799424398,0.40866396140114075,0.41921570477476394,0.974829799424398,0.40866396140114075,0.26465954070047143,0.9749821792706138,0.2580383357569053,0.26465954070047143,0.9749821792706138,0.2580383357569053,0.26465954070047143,0.9749821792706138,0.2580383357569053,0.07899797208861344,0.9695106297953122,0.0765893736721841,0.07899797208861344,0.9695106297953122,0.0765893736721841,0.07899797208861344,0.9695106297953122,0.0765893736721841
650.9018036072144,0.662246486475592,0.9735701471312332,0.6447434092751844,0.662246486475592,0.9735701471312332,0.6447434092751844,0.662246486475592,0.9735701471312332,0.6447434092751844,0.662246486475592,0.9735701471312332,0.6447434092751844,0.662246486475592,0.9735701471312332,0.6447434092751844,0.662246486475592,0.9735701471312332,0.6447434092751844,0.41109757619740234,0.9749719710327053,0.4008086141519491,0.41109757619740234,0.9749719710327053,0.4008086141519491,0.41109757619740234,0.9749719710327053,0.4008086141519491,0.26419056957047216,0.9750644140413374,0.25760282291347963,0.26419056957047216,0.9750644140413374,0.25760282291347963,0.26419056957047216,0.9750644140413374,0.25760282291347963,0.07657377721104218,0.9694794888991571,0.0742367063936391,0.07657377721104218,0.9694794888991571,0.0742367063936391,0.07657377721104218,0.9694794888991571,0.0742367063936391
654.869739478958,0.6522996732255741,0.9737903085496112,0.6352031000571424,0.6522996732255741,0.9737903085496112,0.6352031000571424,0.6522996732255741,0.9737903085496112,0.6352031000571424,0.6522996732255741,0.9737903085496112,0.6352031000571424,0.6522996732255741,0.9737903085496112,0.6352031000571424,0.6522996732255741,0.9737903085496112,0.6352031000571424,0.403187014504745,0.9751099654711302,0.39315167579212995,0.403187014504745,0.9751099654711302,0.39315167579212995,0.403187014504745,0.9751099654711302,0.39315167579212995,0.26372667292299695,0.9751430277796178,0.2571712263403762,0.26372667292299695,0.9751430277796178,0.2571712263403762,0.26372667292299695,0.9751430277796178,0.2571712263403762,0.07429501293487138,0.9694429631815124,0.0720247774891905,0.07429501293487138,0.9694429631815124,0.0720247774891905,0.07429501293487138,0.9694429631815124,0.0720247774891905
658.8376753507014,0.6423832089795468,0.9740054534446015,0.6256847487473217,0.6423832089795468,0.9740054534446015,0.6256847487473217,0.6423832089795468,0.9740054534446015,0.6256847487473217,0.6423832089795468,0.9740054534446015,0.6256847487473217,0.6423832089795468,0.9740054534446015,0.6256847487473217,0.6423832089795468,0.9740054534446015,0.6256847487473217,0.3954881709151688,0.9752439926945684,0.3856974628667811,0.3954881709151688,0.9752439926945684,0.3856974628667811,0.3954881709151688,0.9752439926945684,0.3856974628667811,0.26326088960139477,0.9752180839753882,0.2567367803427284,0.26326088960139477,0.9752180839753882,0.2567367803427284,0.26326088960139477,0.9752180839753882,0.2567367803427284,0.0721592516590751,0.9694005376399958,0.06995121735400715,0.0721592516590751,0.9694005376399958,0.06995121735400715,0.0721592516590751,0.9694005376399958,0.06995121735400715
662.8056112224449,0.6325080360222501,0.9742156049787856,0.6161991989673599,0.6325080360222501,0.9742156049787856,0.6161991989673599,0.6325080360222501,0.9742156049787856,0.6161991989673599,0.6325080360222501,0.9742156049787856,0.6161991989673599,0.6325080360222501,0.9742156049787856,0.6161991989673599,0.6325080360222501,0.9742156049787856,0.6161991989673599,0.3880054699552441,0.9753742639021753,0.3784505496476138,0.3880054699552441,0.9753742639021753,0.3784505496476138,0.3880054699552441,0.9753742639021753,0.3784505496476138,0.26278599451789997,0.9752896650109141,0.25629246456292254,0.26278599451789997,0.9752896650109141,0.25629246456292254,0.26278599451789997,0.9752896650109141,0.25629246456292254,0.07016521624322203,0.9693517848984146,0.0680147776031505,0.07016521624322203,0.9693517848984146,0.0680147776031505,0.07016521624322203,0.9693517848984146,0.0680147776031505
666.7735470941885,0.6226843460347513,0.9744207939413726,0.6067565748380468,0.6226843460347513,0.9744207939413726,0.6067565748380468,0.6226843460347513,0.9744207939413726,0.6067565748380468,0.6226843460347513,0.9744207939413726,0.6067565748380468,0.6226843460347513,0.9744207939413726,0.6067565748380468,0.6226843460347513,0.9744207939413726,0.6067565748380468,0.38074358139606845,0.9755009910204534,0.37141574097654145,0.38074358139606845,0.9755009910204534,0.37141574097654145,0.38074358139606845,0.9755009910204534,0.37141574097654145,0.2622944484013231,0.9753578733603397,0.25583095538693784,0.2622944484013231,0.9753578733603397,0.25583095538693784,0.2622944484013231,0.9753578733603397,0.25583095538693784,0.06831260720222278,0.9692963991574058,0.0662151641781688,0.06831260720222278,0.9692963991574058,0.0662151641781688,0.06831260720222278,0.9692963991574058,0.0662151641781688
670.7414829659318,0.6129215737244391,0.9746210585284956,0.5973662729782642,0.6129215737244391,0.9746210585284956,0.5973662729782642,0.6129215737244391,0.9746210585284956,0.5973662729782642,0.6129215737244391,0.9746210585284956,0.5973662729782642,0.6129215737244391,0.9746210585284956,0.5973662729782642,0.6129215737244391,0.9746210585284956,0.5973662729782642,0.373707371638066,0.9756243860399927,0.36459802501300753,0.373707371638066,0.9756243860399927,0.36459802501300753,0.373707371638066,0.9756243860399927,0.36459802501300753,0.2617783903590017,0.9754228327871101,0.2553446190864273,0.2617783903590017,0.9754228327871101,0.2553446190864273,0.2617783903590017,0.9754228327871101,0.2553446190864273,0.06660197995896475,0.9692342409871482,0.06455291949376844,0.06660197995896475,0.9692342409871482,0.06455291949376844,0.06660197995896475,0.9692342409871482,0.06455291949376844
674.7094188376753,0.6032284013367575,0.9748164440356473,0.5880369651324062,0.6032284013367575,0.9748164440356473,0.5880369651324062,0.6032284013367575,0.9748164440356473,0.5880369651324062,0.6032284013367575,0.9748164440356473,0.5880369651324062,0.6032284013367575,0.9748164440356473,0.5880369651324062,0.6032284013367575,0.9748164440356473,0.5880369651324062,0.3669018339910909,0.9757446601894116,0.3580025053305089,0.3669018339910909,0.9757446601894116,0.3580025053305089,0.3669018339910909,0.9757446601894116,0.3580025053305089,0.26122967456296736,0.9754846893653254,0.25482554794406126,0.26122967456296736,0.9754846893653254,0.25482554794406126,0.26122967456296736,0.9754846893653254,0.25482554794406126,0.06503474087836307,0.9691653907090705,0.0630294200530419,0.06503474087836307,0.9691653907090705,0.0630294200530419,0.06503474087836307,0.9691653907090705,0.0630294200530419
678.677354709419,0.5936127728692072,0.9750070024825122,0.5787766103105381,0.5936127728692072,0.9750070024825122,0.5787766103105381,0.5936127728692072,0.9750070024825122,0.5787766103105381,0.5936127728692072,0.9750070024825122,0.5787766103105381,0.5936127728692072,0.9750070024825122,0.5787766103105381,0.5936127728692072,0.9750070024825122,0.5787766103105381,0.36033199796621834,0.9758620229367126,0.3516343124641413,0.36033199796621834,0.9758620229367126,0.3516343124641413,0.36033199796621834,0.9758620229367126,0.3516343124641413,0.2606399509777437,0.9755436121077066,0.2542656392364036,0.2606399509777437,0.9755436121077066,0.2542656392364036,0.2606399509777437,0.9755436121077066,0.2542656392364036,0.06361330780593044,0.9690902027788605,0.0616470333610832,0.06361330780593044,0.9690902027788605,0.0616470333610832,0.06361330780593044,0.9690902027788605,0.0616470333610832
682.6452905811623,0.5840819167607204,0.9751927921890743,0.5695924752730334,0.5840819167607204,0.9751927921890743,0.5695924752730334,0.5840819167607204,0.9751927921890743,0.5695924752730334,0.5840819167607204,0.9751927921890743,0.5695924752730334,0.5840819167607204,0.9751927921890743,0.5695924752730334,0.5840819167607204,0.9751927921890743,0.5695924752730334,0.35400281854332905,0.9759766808167015,0.34549849584167536,0.35400281854332905,0.9759766808167015,0.34549849584167536,0.35400281854332905,0.9759766808167015,0.34549849584167536,0.26000078812646155,0.9755997929493236,0.2536567150628368,0.26000078812646155,0.9755997929493236,0.2536567150628368,0.26000078812646155,0.9755997929493236,0.2536567150628368,0.062341409067448374,0.9690093465551828,0.060409408063777495,0.062341409067448374,0.9690093465551828,0.060409408063777495,0.062341409067448374,0.9690093465551828,0.060409408063777495
686.6132264529058,0.5746423758254894,0.9753738773202045,0.5604911621814017,0.5746423758254894,0.9753738773202045,0.5604911621814017,0.5746423758254894,0.9753738773202045,0.5604911621814017,0.5746423758254894,0.9753738773202045,0.5604911621814017,0.5746423758254894,0.9753738773202045,0.5604911621814017,0.5746423758254894,0.9753738773202045,0.5604911621814017,0.3479190473835565,0.9760888360931241,0.33959989801524415,0.3479190473835565,0.9760888360931241,0.33959989801524415,0.3479190473835565,0.9760888360931241,0.33959989801524415,0.2593038333745426,0.9756534458218795,0.252990678546695,0.2593038333745426,0.9756534458218795,0.252990678546695,0.2593038333745426,0.9756534458218795,0.252990678546695,0.06122437759641175,0.9689238130347372,0.05932175739139381,0.06122437759641175,0.9689238130347372,0.05932175739139381,0.06122437759641175,0.9689238130347372,0.05932175739139381
690.5811623246494,0.5653000432316143,0.9755503274140452,0.5514786422617752,0.5653000432316143,0.9755503274140452,0.5514786422617752,0.5653000432316143,0.9755503274140452,0.5514786422617752,0.5653000432316143,0.9755503274140452,0.5514786422617752,0.5653000432316143,0.9755503274140452,0.5514786422617752,0.5653000432316143,0.9755503274140452,0.5514786422617752,0.3420850890729884,0.9761986852753778,0.33394301420536177,0.3420850890729884,0.9761986852753778,0.33394301420536177,0.3420850890729884,0.9761986852753778,0.33394301420536177,0.2585410031506751,0.9757048045687953,0.2522596989521497,0.2585410031506751,0.9757048045687953,0.2522596989521497,0.2585410031506751,0.9757048045687953,0.2522596989521497,0.060269183057429496,0.9688348679488146,0.058390886008827636,0.060269183057429496,0.9688348679488146,0.058390886008827636,0.060269183057429496,0.9688348679488146,0.058390886008827636
694.5490981963928,0.5560602033834702,0.9757222169075215,0.5425602943793668,0.5560602033834702,0.9757222169075215,0.5425602943793668,0.5560602033834702,0.9757222169075215,0.5425602943793668,0.5560602033834702,0.9757222169075215,0.5425602943793668,0.5560602033834702,0.9757222169075215,0.5425602943793668,0.5560602033834702,0.9757222169075215,0.5425602943793668,0.3365048466509184,0.9763064175215065,0.32853184131238206,0.3365048466509184,0.9763064175215065,0.32853184131238206,0.3365048466509184,0.9763064175215065,0.32853184131238206,0.2577046921543197,0.9757541195063267,0.25145641498568716,0.2577046921543197,0.9757541195063267,0.25145641498568716,0.2577046921543197,0.9757541195063267,0.25145641498568716,0.059483927617656106,0.968743943973792,0.05762469464337975,0.059483927617656106,0.968743943973792,0.05762469464337975,0.059483927617656106,0.968743943973792,0.05762469464337975
698.5170340681362,0.5469275766446545,0.9758896246702929,0.5337409474935848,0.5469275766446545,0.9758896246702929,0.5337409474935848,0.5469275766446545,0.9758896246702929,0.5337409474935848,0.5469275766446545,0.9758896246702929,0.5337409474935848,0.5469275766446545,0.9758896246702929,0.5337409474935848,0.5469275766446545,0.9758896246702929,0.5337409474935848,0.33118156177961744,0.9764122129707824,0.32336972163235617,0.33118156177961744,0.9764122129707824,0.32336972163235617,0.33118156177961744,0.9764122129707824,0.32336972163235617,0.2567879873539619,0.9758016525361696,0.25057414241143305,0.2567879873539619,0.9758016525361696,0.25057414241143305,0.2567879873539619,0.9758016525361696,0.25057414241143305,0.05887668616034017,0.968652487266738,0.057031048491236636,0.05887668616034017,0.968652487266738,0.057031048491236636,0.05887668616034017,0.968652487266738,0.057031048491236636
702.4849699398799,0.5379063669284329,0.976052633556479,0.5250249260472946,0.5379063669284329,0.976052633556479,0.5250249260472946,0.5379063669284329,0.976052633556479,0.5250249260472946,0.5379063669284329,0.976052633556479,0.5250249260472946,0.5379063669284329,0.976052633556479,0.5250249260472946,0.5379063669284329,0.976052633556479,0.5250249260472946,0.32611765588477587,0.9765162410597007,0.31845918746780233,0.32611765588477587,0.9765162410597007,0.31845918746780233,0.32611765588477587,0.9765162410597007,0.31845918746780233,0.2557848700794715,0.9758476708583697,0.24960706970786292,0.2557848700794715,0.9758476708583697,0.24960706970786292,0.2557848700794715,0.9758476708583697,0.24960706970786292,0.05845386246206213,0.9685617949893653,0.05661617795031638,0.05845386246206213,0.9685617949893653,0.05661617795031638,0.05845386246206213,0.9685617949893653,0.05661617795031638
706.4529058116233,0.5290003112783253,0.9762113299815937,0.5164160974336909,0.5290003112783253,0.9762113299815937,0.5164160974336909,0.5290003112783253,0.9762113299815937,0.5164160974336909,0.5290003112783253,0.9762113299815937,0.5164160974336909,0.5290003112783253,0.9762113299815937,0.5164160974336909,0.5290003112783253,0.9762113299815937,0.5164160974336909,0.3213145792694356,0.9766186588834429,0.3138018134858139,0.3213145792694356,0.9766186588834429,0.3138018134858139,0.3213145792694356,0.9766186588834429,0.3138018134858139,0.25469038845972886,0.975892439507057,0.24855042451296477,0.25469038845972886,0.975892439507057,0.24855042451296477,0.25469038845972886,0.975892439507057,0.24855042451296477,0.058218490094255816,0.9684728864322592,0.05638302914531182,0.058218490094255816,0.9684728864322592,0.05638302914531182,0.058218490094255816,0.9684728864322592,0.05638302914531182
710.4208416833667,0.5202127306573715,0.9763658035303384,0.5079179207749961,0.5202127306573715,0.9763658035303384,0.5079179207749961,0.5202127306573715,0.9763658035303384,0.5079179207749961,0.5202127306573715,0.9763658035303384,0.5079179207749961,0.5202127306573715,0.9763658035303384,0.5079179207749961,0.5202127306573715,0.9763658035303384,0.5079179207749961,0.3167726755100274,0.9767196096698759,0.30939808397823626,0.3167726755100274,0.9767196096698759,0.30939808397823626,0.3167726755100274,0.9767196096698759,0.30939808397823626,0.25350078347203103,0.9759362131113711,0.24740059464245961,0.25350078347203103,0.9759362131113711,0.24740059464245961,0.25350078347203103,0.9759362131113711,0.24740059464245961,0.0581689547819297,0.9683864357678481,0.05633002679361403,0.0581689547819297,0.9683864357678481,0.05633002679361403,0.0581689547819297,0.9683864357678481,0.05633002679361403
714.3887775551102,0.511546581256026,0.9765161465992531,0.4995334963341563,0.511546581256026,0.9765161465992531,0.4995334963341563,0.511546581256026,0.9765161465992531,0.4995334963341563,0.511546581256026,0.9765161465992531,0.4995334963341563,0.511546581256026,0.9765161465992531,0.4995334963341563,0.511546581256026,0.9765161465992531,0.4995334963341563,0.3124910682750027,0.9768192214340717,0.3052472820174895,0.3124910682750027,0.9768192214340717,0.3052472820174895,0.3124910682750027,0.9768192214340717,0.3052472820174895,0.2522135552739521,0.9759792274372922,0.24615519082548457,0.2522135552739521,0.9759792274372922,0.24615519082548457,0.2522135552739521,0.9759792274372922,0.24615519082548457,0.05829842994412334,0.9683027691647655,0.05645053115285272,0.05829842994412334,0.9683027691647655,0.05645053115285272,0.05829842994412334,0.9683027691647655,0.05645053115285272
718.3567134268537,0.5030045057120388,0.9766624540767054,0.49126561496036,0.5030045057120388,0.9766624540767054,0.49126561496036,0.5030045057120388,0.9766624540767054,0.49126561496036,0.5030045057120388,0.9766624540767054,0.49126561496036,0.5030045057120388,0.9766624540767054,0.49126561496036,0.5030045057120388,0.9766624540767054,0.49126561496036,0.30846757702312744,0.9769176058775928,0.30134740683629563,0.30846757702312744,0.9769176058775928,0.30134740683629563,0.30846757702312744,0.9769176058775928,0.30134740683629563,0.2508274621222071,0.9760216913589602,0.24481304381979208,0.2508274621222071,0.9760216913589602,0.24481304381979208,0.2508274621222071,0.9760216913589602,0.24481304381979208,0.05859503789391762,0.9682219085466229,0.056732999421010614,0.05859503789391762,0.9682219085466229,0.056732999421010614,0.05859503789391762,0.9682219085466229,0.056732999421010614
722.3246492985971,0.494588883708352,0.976804823061333,0.48311680703883897,0.494588883708352,0.976804823061333,0.48311680703883897,0.494588883708352,0.976804823061333,0.48311680703883897,0.494588883708352,0.976804823061333,0.48311680703883897,0.494588883708352,0.976804823061333,0.48311680703883897,0.494588883708352,0.976804823061333,0.48311680703883897,0.30469866684377767,0.9770148575882968,0.29769512459371733,0.30469866684377767,0.9770148575882968,0.29769512459371733,0.30469866684377767,0.9770148575882968,0.29769512459371733,0.24934245133687347,0.9760637799143239,0.2433741355449721,0.24934245133687347,0.9760637799143239,0.2433741355449721,0.24934245133687347,0.9760637799143239,0.2433741355449721,0.05904253905051433,0.96814363714981,0.05716165850292463,0.05904253905051433,0.96814363714981,0.05716165850292463,0.05904253905051433,0.96814363714981,0.05716165850292463
726.2925851703407,0.48630188147510095,0.9769433526188028,0.4750893904731168,0.48630188147510095,0.9769433526188028,0.4750893904731168,0.48630188147510095,0.9769433526188028,0.4750893904731168,0.48630188147510095,0.9769433526188028,0.4750893904731168,0.48630188147510095,0.9769433526188028,0.4750893904731168,0.48630188147510095,0.9769433526188028,0.4750893904731168,0.301179436057934,0.9771110535835399,0.29428575608426427,0.301179436057934,0.9771110535835399,0.29428575608426427,0.301179436057934,0.9771110535835399,0.29428575608426427,0.24775952928589984,0.9761056290103809,0.24183947117692914,0.24775952928589984,0.9761056290103809,0.24183947117692914,0.24775952928589984,0.9761056290103809,0.24183947117692914,0.05962127904929335,0.9680675662460216,0.05771742650572433,0.05962127904929335,0.9680675662460216,0.05771742650572433,0.05962127904929335,0.9680675662460216,0.05771742650572433
730.2605210420843,0.4781454997681335,0.9770781435756359,0.4671855172724925,0.4781454997681335,0.9770781435756359,0.4671855172724925,0.4781454997681335,0.9770781435756359,0.4671855172724925,0.4781454997681335,0.9770781435756359,0.4671855172724925,0.4781454997681335,0.9770781435756359,0.4671855172724925,0.4781454997681335,0.9770781435756359,0.4671855172724925,0.29790364322379176,0.9772062532232967,0.2911133030162913,0.29790364322379176,0.9772062532232967,0.2911133030162913,0.29790364322379176,0.9772062532232967,0.2911133030162913,0.24608058390850793,0.9761473321698361,0.2402109054810855,0.24608058390850793,0.9761473321698361,0.2402109054810855,0.24608058390850793,0.9761473321698361,0.2402109054810855,0.06030915936891182,0.9679931911563592,0.05837885563347039,0.06030915936891182,0.9679931911563592,0.05837885563347039,0.06030915936891182,0.9679931911563592,0.05837885563347039
734.2284569138277,0.4701216199286387,0.9772092983478348,0.4594072183486125,0.4701216199286387,0.9772092983478348,0.4594072183486125,0.4701216199286387,0.9772092983478348,0.4594072183486125,0.4701216199286387,0.9772092983478348,0.4594072183486125,0.4701216199286387,0.9772092983478348,0.4594072183486125,0.4701216199286387,0.9772092983478348,0.4594072183486125,0.2948637730461649,0.9773004985011361,0.28817051238794283,0.2948637730461649,0.9773004985011361,0.28817051238794283,0.2948637730461649,0.9773004985011361,0.28817051238794283,0.24430817770778462,0.9761889394848995,0.23849094090405062,0.24430817770778462,0.9761889394848995,0.23849094090405062,0.24430817770778462,0.9761889394848995,0.23849094090405062,0.06108247707758984,0.9679199325433395,0.05912294709252084,0.06108247707758984,0.9679199325433395,0.05912294709252084,0.06108247707758984,0.9679199325433395,0.05912294709252084
738.1963927855711,0.46223204764665227,0.9773369208011319,0.4517564461425812,0.46223204764665227,0.9773369208011319,0.4517564461425812,0.46223204764665227,0.9773369208011319,0.4517564461425812,0.46223204764665227,0.9773369208011319,0.4517564461425812,0.46223204764665227,0.9773369208011319,0.4517564461425812,0.46223204764665227,0.9773369208011319,0.4517564461425812,0.2920511385597483,0.9773938147017825,0.28544897640491124,0.2920511385597483,0.9773938147017825,0.28544897640491124,0.2920511385597483,0.9773938147017825,0.28544897640491124,0.24244533075075397,0.9762304587073206,0.23668251645025662,0.24244533075075397,0.9762304587073206,0.23668251645025662,0.24244533075075397,0.9762304587073206,0.23668251645025662,0.061916555340365304,0.9678471638204529,0.05992576247970467,0.061916555340365304,0.9678471638204529,0.05992576247970467,0.061916555340365304,0.9678471638204529,0.05992576247970467
742.1643286573147,0.4544785540561963,0.9774611161388468,0.44423511470893884,0.4544785540561963,0.9774611161388468,0.44423511470893884,0.4544785540561963,0.9774611161388468,0.44423511470893884,0.4544785540561963,0.9774611161388468,0.44423511470893884,0.4544785540561963,0.9774611161388468,0.44423511470893884,0.4544785540561963,0.9774611161388468,0.44423511470893884,0.28945601502841145,0.9774862113957676,0.2829392634958383,0.28945601502841145,0.9774862113957676,0.2829392634958383,0.28945601502841145,0.9774862113957676,0.2829392634958383,0.24049531198688487,0.9762718581980472,0.2347888051213552,0.24049531198688487,0.9762718581980472,0.2347888051213552,0.24049531198688487,0.9762718581980472,0.2347888051213552,0.062786138441171,0.9677742276093464,0.06076280663447775,0.062786138441171,0.9677742276093464,0.06076280663447775,0.062786138441171,0.9677742276093464,0.06076280663447775
746.1322645290581,0.4468629137829411,0.9775819908125805,0.43684513687623805,0.4468629137829411,0.9775819908125805,0.43684513687623805,0.4468629137829411,0.9775819908125805,0.43684513687623805,0.4468629137829411,0.9775819908125805,0.43684513687623805,0.4468629137829411,0.9775819908125805,0.43684513687623805,0.4468629137829411,0.9775819908125805,0.43684513687623805,0.28706779943776695,0.977577683725957,0.2806310744466798,0.28706779943776695,0.977577683725957,0.2806310744466798,0.28706779943776695,0.977577683725957,0.2806310744466798,0.23846145368970117,0.9763130713156064,0.2328130342421764,0.23846145368970117,0.9763130713156064,0.2328130342421764,0.23846145368970117,0.9763130713156064,0.2328130342421764,0.06366555257107932,0.9677004445602032,0.061609183526204446,0.06366555257107932,0.9677004445602032,0.061609183526204446,0.06366555257107932,0.9677004445602032,0.061609183526204446
750.1002004008016,0.439386939548427,0.9776996524502884,0.42958845808769297,0.439386939548427,0.9776996524502884,0.42958845808769297,0.439386939548427,0.9776996524502884,0.42958845808769297,0.439386939548427,0.9776996524502884,0.42958845808769297,0.439386939548427,0.9776996524502884,0.42958845808769297,0.439386939548427,0.9776996524502884,0.42958845808769297,0.28487518837368647,0.9776682139287018,0.27851341660990453,0.28487518837368647,0.9776682139287018,0.27851341660990453,0.28487518837368647,0.9776682139287018,0.27851341660990453,0.2363469989688932,0.9763540017530072,0.23075833824559275,0.2363469989688932,0.9763540017530072,0.23075833824559275,0.2363469989688932,0.9763540017530072,0.23075833824559275,0.06452864362749035,0.9676251175042506,0.06243953637244026,0.06452864362749035,0.9676251175042506,0.06243953637244026,0.06452864362749035,0.9676251175042506,0.06243953637244026
754.0681362725452,0.43205251291068353,0.977814209795654,0.4224670865019866,0.43205251291068353,0.977814209795654,0.4224670865019866,0.43205251291068353,0.977814209795654,0.4224670865019866,0.43205251291068353,0.977814209795654,0.4224670865019866,0.43205251291068353,0.977814209795654,0.4224670865019866,0.43205251291068353,0.977814209795654,0.4224670865019866,0.282866366535983,0.9777577730247524,0.2765747886078261,0.282866366535983,0.9777577730247524,0.2765747886078261,0.282866366535983,0.9777577730247524,0.2765747886078261,0.234154987108108,0.9763945293353011,0.22862764842893463,0.234154987108108,0.9763945293353011,0.22862764842893463,0.234154987108108,0.9763945293353011,0.22862764842893463,0.06534850400848591,0.9675475334559609,0.06322778386844752,0.06534850400848591,0.9675475334559609,0.06322778386844752,0.06534850400848591,0.9675475334559609,0.06322778386844752
758.0360721442886,0.42486161069253475,0.9779257726521402,0.41548311890672984,0.42486161069253475,0.9779257726521402,0.41548311890672984,0.42486161069253475,0.9779257726521402,0.41548311890672984,0.42486161069253475,0.9779257726521402,0.41548311890672984,0.42486161069253475,0.9779257726521402,0.41548311890672984,0.42486161069253475,0.9779257726521402,0.41548311890672984,0.2810291981349327,0.9778463226121434,0.2748033679428834,0.2810291981349327,0.9778463226121434,0.2748033679428834,0.2810291981349327,0.9778463226121434,0.2748033679428834,0.23188817681471488,0.9764345158481347,0.22642361965898278,0.23188817681471488,0.9764345158481347,0.22642361965898278,0.23188817681471488,0.9764345158481347,0.22642361965898278,0.0660969993373284,0.9674669657597198,0.06394666339470732,0.0660969993373284,0.9674669657597198,0.06394666339470732,0.0660969993373284,0.9674669657597198,0.06394666339470732
762.004008016032,0.4178163266199059,0.9780344518246447,0.4086387619690864,0.4178163266199059,0.9780344518246447,0.4086387619690864,0.4178163266199059,0.9780344518246447,0.4086387619690864,0.4178163266199059,0.9780344518246447,0.4086387619690864,0.4178163266199059,0.9780344518246447,0.4086387619690864,0.4178163266199059,0.9780344518246447,0.4086387619690864,0.2793514139052614,0.9779338166947755,0.27318719439945427,0.2793514139052614,0.9779338166947755,0.27318719439945427,0.2793514139052614,0.9779338166947755,0.27318719439945427,0.22954900387907218,0.9764738105600267,0.22414859052805597,0.22954900387907218,0.9764738105600267,0.22414859052805597,0.22954900387907218,0.9764738105600267,0.22414859052805597,0.06674411070019168,0.9673826788401234,0.06456709660595317,0.06674411070019168,0.9673826788401234,0.06456709660595317,0.06674411070019168,0.9673826788401234,0.06456709660595317
765.9719438877756,0.4109188876674102,0.9781403590513356,0.401936348323976,0.4109188876674102,0.9781403590513356,0.401936348323976,0.4109188876674102,0.9781403590513356,0.401936348323976,0.4109188876674102,0.9781403590513356,0.401936348323976,0.4109188876674102,0.9781403590513356,0.401936348323976,0.4109188876674102,0.9781403590513356,0.401936348323976,0.27782078735316557,0.9780202034857388,0.27171434297971114,0.27782078735316557,0.9780202034857388,0.27171434297971114,0.27782078735316557,0.9780202034857388,0.27171434297971114,0.22713956745932323,0.9765122552063179,0.2218045712662913,0.22713956745932323,0.9765122552063179,0.2218045712662913,0.22713956745932323,0.9765122552063179,0.2218045712662913,0.06725712781773042,0.9672939386280304,0.06505741206762133,0.06725712781773042,0.9672939386280304,0.06505741206762133,0.06725712781773042,0.9672939386280304,0.06505741206762133
769.939879759519,0.40417166459253934,0.9782436069180326,0.39537834698507096,0.40417166459253934,0.9782436069180326,0.39537834698507096,0.40417166459253934,0.9782436069180326,0.39537834698507096,0.40417166459253934,0.9782436069180326,0.39537834698507096,0.40417166459253934,0.9782436069180326,0.39537834698507096,0.40417166459253934,0.9782436069180326,0.39537834698507096,0.27642529500786467,0.9781054271326907,0.2703730812439475,0.27642529500786467,0.9781054271326907,0.2703730812439475,0.27642529500786467,0.9781054271326907,0.2703730812439475,0.2246616381887527,0.9765496883038073,0.21939325274704918,0.2246616381887527,0.9765496883038073,0.21939325274704918,0.2246616381887527,0.9765496883038073,0.21939325274704918,0.06759977708796348,0.9672000327507823,0.06538250661342386,0.06759977708796348,0.9672000327507823,0.06538250661342386,0.06759977708796348,0.9672000327507823,0.06538250661342386
773.9078156312626,0.39757717613844296,0.9783443087474576,0.38896736756293115,0.39757717613844296,0.9783443087474576,0.38896736756293115,0.39757717613844296,0.9783443087474576,0.38896736756293115,0.39757717613844296,0.9783443087474576,0.38896736756293115,0.39757717613844296,0.9783443087474576,0.38896736756293115,0.39757717613844296,0.9783443087474576,0.38896736756293115,0.27515325675419794,0.978189429322752,0.26915200720068555,0.27515325675419794,0.978189429322752,0.26915200720068555,0.27515325675419794,0.978189429322752,0.26915200720068555,0.2221166813282689,0.9765859487511042,0.21691602996841414,0.2221166813282689,0.9765859487511042,0.21691602996841414,0.2221166813282689,0.9765859487511042,0.21691602996841414,0.06773146307881636,0.9671003057102106,0.06550311864972314,0.06773146307881636,0.9671003057102106,0.06550311864972314,0.06773146307881636,0.9671003057102106,0.06550311864972314
777.8757515030061,0.391138086404646,0.9784425784558383,0.38270615779404427,0.391138086404646,0.9784425784558383,0.38270615779404427,0.391138086404646,0.9784425784558383,0.38270615779404427,0.391138086404646,0.9784425784558383,0.38270615779404427,0.391138086404646,0.9784425784558383,0.38270615779404427,0.391138086404646,0.9784425784558383,0.38270615779404427,0.27399345365925903,0.9782721507354478,0.26804016519867657,0.27399345365925903,0.9782721507354478,0.26804016519867657,0.27399345365925903,0.9782721507354478,0.26804016519867657,0.21950588896468695,0.9766208787357614,0.21437403416836703,0.21950588896468695,0.9766208787357614,0.21437403416836703,0.21950588896468695,0.9766208787357614,0.21437403416836703,0.06760695732741115,0.9669942147159696,0.06537553661015601,0.06760695732741115,0.9669942147159696,0.06537553661015601,0.06760695732741115,0.9669942147159696,0.06537553661015601
781.8436873747495,0.38485719493105613,0.9785385303697607,0.3765975939300642,0.38485719493105613,0.9785385303697607,0.3765975939300642,0.38485719493105613,0.9785385303697607,0.3765975939300642,0.38485719493105613,0.9785385303697607,0.3765975939300642,0.38485719493105613,0.9785385303697607,0.3765975939300642,0.38485719493105613,0.9785385303697607,0.3765975939300642,0.2729352219756413,0.9783535323232594,0.2670271385153016,0.2729352219756413,0.9783535323232594,0.2670271385153016,0.2729352219756413,0.9783535323232594,0.2670271385153016,0.2168302164953884,0.9766543260148809,0.21176816895096426,0.2168302164953884,0.9766543260148809,0.21176816895096426,0.2168302164953884,0.9766543260148809,0.21176816895096426,0.06717707329281777,0.96688140988696,0.0649522633374393,0.06717707329281777,0.96688140988696,0.0649522633374393,0.06717707329281777,0.96688140988696,0.0649522633374393
785.811623246493,0.3787374191191954,0.9786322789968611,0.37064466361400755,0.3787374191191954,0.9786322789968611,0.37064466361400755,0.3787374191191954,0.9786322789968611,0.37064466361400755,0.3787374191191954,0.9786322789968611,0.37064466361400755,0.3787374191191954,0.9786322789968611,0.37064466361400755,0.3787374191191954,0.9786322789968611,0.37064466361400755,0.27196852313383574,0.9784335164096742,0.2661031184425847,0.27196852313383574,0.9784335164096742,0.2661031184425847,0.27196852313383574,0.9784335164096742,0.2661031184425847,0.21409042010170545,0.9766861456636511,0.20909914723264655,0.21409042010170545,0.9766861456636511,0.20909914723264655,0.21409042010170545,0.9766861456636511,0.20909914723264655,0.06639103894355598,0.966761835545743,0.06418432267286109,0.06639103894355598,0.966761835545743,0.06418432267286109,0.06639103894355598,0.966761835545743,0.06418432267286109
789.7795591182364,0.3727817687306362,0.9787239387449705,0.3648504409843649,0.3727817687306362,0.9787239387449705,0.3648504409843649,0.3727817687306362,0.9787239387449705,0.3648504409843649,0.3727817687306362,0.9787239387449705,0.3648504409843649,0.3727817687306362,0.9787239387449705,0.3648504409843649,0.3727817687306362,0.9787239387449705,0.3648504409843649,0.2710839904811353,0.9785120476036862,0.26525895059827387,0.2710839904811353,0.9785120476036862,0.26525895059827387,0.2710839904811353,0.9785120476036862,0.26525895059827387,0.21128709340083277,0.9767162013999992,0.2063675272713082,0.21128709340083277,0.9767162013999992,0.2063675272713082,0.21128709340083277,0.9767162013999992,0.2063675272713082,0.06520121418715495,0.9666358351403035,0.06302583012796233,0.06520121418715495,0.9666358351403035,0.06302583012796233,0.06520121418715495,0.9666358351403035,0.06302583012796233
793.74749498998,0.36699331235980326,0.9788136235857001,0.35921805390261774,0.36699331235980326,0.9788136235857001,0.35921805390261774,0.36699331235980326,0.9788136235857001,0.35921805390261774,0.36699331235980326,0.9788136235857001,0.35921805390261774,0.36699331235980326,0.9788136235857001,0.35921805390261774,0.36699331235980326,0.9788136235857001,0.35921805390261774,0.2702729542636228,0.9785890735372328,0.2644861599150095,0.2702729542636228,0.9785890735372328,0.2644861599150095,0.2702729542636228,0.9785890735372328,0.2644861599150095,0.20842070288631445,0.9767443665974387,0.20357374742648618,0.20842070288631445,0.9767443665974387,0.20357374742648618,0.20842070288631445,0.9767443665974387,0.20357374742648618,0.06357020190916403,0.9665042232526937,0.06144086861823349,0.06357020190916403,0.9665042232526937,0.06144086861823349,0.06357020190916403,0.9665042232526937,0.06144086861823349
797.7154308617235,0.3613751359781078,0.9789014466601866,0.3537506433959914,0.3613751359781078,0.9789014466601866,0.3537506433959914,0.3613751359781078,0.9789014466601866,0.3537506433959914,0.3613751359781078,0.9789014466601866,0.3537506433959914,0.3613751359781078,0.9789014466601866,0.3537506433959914,0.3613751359781078,0.9789014466601866,0.3537506433959914,0.26952744688206814,0.9786645454379276,0.2637769562858844,0.26952744688206814,0.9786645454379276,0.2637769562858844,0.26952744688206814,0.9786645454379276,0.2637769562858844,0.20549162301060298,0.9767705250958275,0.2007181605108605,0.20549162301060298,0.9767705250958275,0.2007181605108605,0.20549162301060298,0.9767705250958275,0.2007181605108605,0.06147913702590987,0.966368276057942,0.059411487661258505,0.06147913702590987,0.966368276057942,0.059411487661258505,0.06147913702590987,0.966368276057942,0.059411487661258505
801.6833667334671,0.3559302938874827,0.9789875198268202,0.3484513156441379,0.3559302938874827,0.9789875198268202,0.3484513156441379,0.3559302938874827,0.9789875198268202,0.3484513156441379,0.3559302938874827,0.9789875198268202,0.3484513156441379,0.3559302938874827,0.9789875198268202,0.3484513156441379,0.3559302938874827,0.9789875198268202,0.3484513156441379,0.2688401907973617,0.978738418553692,0.26312422318468265,0.2688401907973617,0.978738418553692,0.26312422318468265,0.2688401907973617,0.978738418553692,0.26312422318468265,0.20250017281317148,0.9767945719140582,0.19780106961556462,0.20250017281317148,0.9767945719140582,0.19780106961556462,0.20250017281317148,0.9767945719140582,0.19780106961556462,0.05893450200146196,0.966229605671659,0.05694426062932819,0.05893450200146196,0.966229605671659,0.05694426062932819,0.05893450200146196,0.966229605671659,0.05694426062932819
805.6513026052105,0.35066175269899114,0.979071953153183,0.3433230871111197,0.35066175269899114,0.979071953153183,0.3433230871111197,0.35066175269899114,0.979071953153183,0.3433230871111197,0.35066175269899114,0.979071953153183,0.3433230871111197,0.35066175269899114,0.979071953153183,0.3433230871111197,0.35066175269899114,0.979071953153183,0.3433230871111197,0.2682045716420933,0.9788106524486679,0.26252149175871287,0.2682045716420933,0.9788106524486679,0.26252149175871287,0.2682045716420933,0.9788106524486679,0.26252149175871287,0.19944665681105603,0.9768164139615434,0.1948227680827944,0.19944665681105603,0.9768164139615434,0.1948227680827944,0.19944665681105603,0.9768164139615434,0.1948227680827944,0.055970422444112045,0.9660899320761356,0.05407246161730482,0.055970422444112045,0.9660899320761356,0.05407246161730482,0.055970422444112045,0.9660899320761356,0.05407246161730482
809.6192384769539,0.3455723292568702,0.9791548543571044,0.3383688237233561,0.3455723292568702,0.9791548543571044,0.3383688237233561,0.3455723292568702,0.9791548543571044,0.3383688237233561,0.3455723292568702,0.9791548543571044,0.3383688237233561,0.3455723292568702,0.9791548543571044,0.3383688237233561,0.3455723292568702,0.9791548543571044,0.3383688237233561,0.26761459914204844,0.97888121119127,0.26196290294063457,0.26761459914204844,0.97888121119127,0.26196290294063457,0.26761459914204844,0.97888121119127,0.26196290294063457,0.19633141342061436,0.9768359708376628,0.19178358683465638,0.19633141342061436,0.9768359708376628,0.19178358683465638,0.19633141342061436,0.9768359708376628,0.19178358683465638,0.052644974541506254,0.9659508236185499,0.05085245651774556,0.052644974541506254,0.9659508236185499,0.05085245651774556,0.052644974541506254,0.9659508236185499,0.05085245651774556
813.5871743486974,0.34066462375182216,0.9792363282045844,0.33359117531193055,0.34066462375182216,0.9792363282045844,0.33359117531193055,0.34066462375182216,0.9792363282045844,0.33359117531193055,0.34066462375182216,0.9792363282045844,0.33359117531193055,0.34066462375182216,0.9792363282045844,0.33359117531193055,0.34066462375182216,0.9792363282045844,0.33359117531193055,0.2670648583958673,0.978950063455689,0.2614431600734189,0.2670648583958673,0.978950063455689,0.2614431600734189,0.2670648583958673,0.978950063455689,0.2614431600734189,0.19315487443163498,0.9768531758000367,0.18868395250979994,0.19315487443163498,0.9768531758000367,0.18868395250979994,0.19315487443163498,0.9768531758000367,0.18868395250979994,0.04903184067525989,0.9658134970465378,0.04735561350920143,0.04903184067525989,0.9658134970465378,0.04735561350920143,0.04903184067525989,0.9658134970465378,0.04735561350920143
817.555110220441,0.33594094957588944,0.9793164758751632,0.32899250684081593,0.33594094957588944,0.9793164758751632,0.32899250684081593,0.33594094957588944,0.9793164758751632,0.32899250684081593,0.33594094957588944,0.9793164758751632,0.32899250684081593,0.33594094957588944,0.9793164758751632,0.32899250684081593,0.33594094957588944,0.9793164758751632,0.32899250684081593,0.26655045393189264,0.9790171825577623,0.26095747441789413,0.26655045393189264,0.9790171825577623,0.26095747441789413,0.26655045393189264,0.9790171825577623,0.26095747441789413,0.18991763895407604,0.9768679769725606,0.18552445975647341,0.18991763895407604,0.9768679769725606,0.18552445975647341,0.18991763895407604,0.9768679769725606,0.18552445975647341,0.04521057662472162,0.9656787318238557,0.04365889229998642,0.04521057662472162,0.9656787318238557,0.04365889229998642,0.04521057662472162,0.9656787318238557,0.04365889229998642
821.5230460921844,0.33140326177698004,0.9793953943080996,0.3245748282430557,0.33140326177698004,0.9793953943080996,0.3245748282430557,0.33140326177698004,0.9793953943080996,0.3245748282430557,0.33140326177698004,0.9793953943080996,0.3245748282430557,0.33140326177698004,0.9793953943080996,0.3245748282430557,0.33140326177698004,0.9793953943080996,0.3245748282430557,0.26606694878395265,0.9790825464451501,0.2605015057402837,0.26606694878395265,0.9790825464451501,0.2605015057402837,0.26606694878395265,0.9790825464451501,0.2605015057402837,0.18662056473113037,0.9768803388505337,0.1823059605110246,0.18662056473113037,0.9768803388505337,0.1823059605110246,0.18662056473113037,0.9768803388505337,0.1823059605110246,0.04125852267358813,0.9655468930206047,0.03983703837810319,0.04125852267358813,0.9655468930206047,0.03983703837810319,0.04125852267358813,0.9655468930206047,0.03983703837810319
825.4909819639279,0.3270530862105788,0.9794731755451027,0.3203397249225019,0.3270530862105788,0.9794731755451027,0.3203397249225019,0.3270530862105788,0.9794731755451027,0.3203397249225019,0.3270530862105788,0.9794731755451027,0.3203397249225019,0.3270530862105788,0.9794731755451027,0.3203397249225019,0.3270530862105788,0.9794731755451027,0.3203397249225019,0.26561030062360497,0.9791461376603148,0.2600712999783979,0.26561030062360497,0.9791461376603148,0.2600712999783979,0.26561030062360497,0.9791461376603148,0.2600712999783979,0.18326487866986335,0.9768902441399778,0.17902967206608622,0.18326487866986335,0.9768902441399778,0.17902967206608622,0.18326487866986335,0.9768902441399778,0.17902967206608622,0.037245717291706074,0.9654180177774345,0.035957686558457595,0.037245717291706074,0.9654180177774345,0.035957686558457595,0.037245717291706074,0.9654180177774345,0.035957686558457595
829.4589178356714,0.3228914516682269,0.9795499060873135,0.316288291158008,0.3228914516682269,0.9795499060873135,0.316288291158008,0.3228914516682269,0.9795499060873135,0.316288291158008,0.3228914516682269,0.9795499060873135,0.316288291158008,0.3228914516682269,0.9795499060873135,0.316288291158008,0.3228914516682269,0.9795499060873135,0.316288291158008,0.265176796772062,0.9792079432930819,0.2596632257762184,0.265176796772062,0.9792079432930819,0.2596632257762184,0.265176796772062,0.9792079432930819,0.2596632257762184,0.17985230678390665,0.9768976959376666,0.17569730410627277,0.17985230678390665,0.9768976959376666,0.17569730410627277,0.17985230678390665,0.9768976959376666,0.17569730410627277,0.033232580032948024,0.9652919170836274,0.03207914088963947,0.033232580032948024,0.9652919170836274,0.03207914088963947,0.033232580032948024,0.9652919170836274,0.03207914088963947
833.4268537074148,0.3189188273491919,0.9796256662854771,0.3124210687329352,0.3189188273491919,0.9796256662854771,0.3124210687329352,0.3189188273491919,0.9796256662854771,0.3124210687329352,0.3189188273491919,0.9796256662854771,0.3124210687329352,0.3189188273491919,0.9796256662854771,0.3124210687329352,0.3189188273491919,0.9796256662854771,0.3124210687329352,0.26476298970316847,0.9792679549376234,0.25927391146979284,0.26476298970316847,0.9792679549376234,0.25927391146979284,0.26476298970316847,0.9792679549376234,0.25927391146979284,0.1763852213852415,0.9769027202135193,0.17231120257670623,0.1763852213852415,0.9769027202135193,0.17231120257670623,0.1763852213852415,0.9769027202135193,0.17231120257670623,0.029269418799120383,0.9651682624056516,0.02824991408397033,0.029269418799120383,0.9651682624056516,0.02824991408397033,0.029269418799120383,0.9651682624056516,0.02824991408397033
837.3947895791583,0.31513506802040914,0.9797005297826739,0.3087379930926938,0.31513506802040914,0.9797005297826739,0.3087379930926938,0.31513506802040914,0.9797005297826739,0.3087379930926938,0.31513506802040914,0.9797005297826739,0.3087379930926938,0.31513506802040914,0.9797005297826739,0.3087379930926938,0.31513506802040914,0.9797005297826739,0.3087379930926938,0.26436563444845296,0.9793261686666253,0.25890018391152503,0.26436563444845296,0.9793261686666253,0.25890018391152503,0.26436563444845296,0.9793261686666253,0.25890018391152503,0.17286680026722728,0.9769053684946452,0.1688745052155459,0.17286680026722728,0.9769053684946452,0.1688745052155459,0.17286680026722728,0.9769053684946452,0.1688745052155459,0.02539685490508219,0.9650466462343787,0.024509149651050697,0.02539685490508219,0.9650466462343787,0.024509149651050697,0.02539685490508219,0.9650466462343787,0.024509149651050697
841.362725450902,0.31153936906832713,0.9797745630284638,0.3052383491950835,0.31153936906832713,0.9797745630284638,0.3052383491950835,0.31153936906832713,0.9797745630284638,0.3052383491950835,0.31153936906832713,0.9797745630284638,0.3052383491950835,0.31153936906832713,0.9797745630284638,0.3052383491950835,0.31153936906832713,0.9797745630284638,0.3052383491950835,0.2639816291322713,0.9793825850331961,0.2585390103408383,0.2639816291322713,0.9793825850331961,0.2585390103408383,0.2639816291322713,0.9793825850331961,0.2585390103408383,0.16930118885992965,0.9769057205696472,0.1653912998965075,0.16930118885992965,0.9769057205696472,0.1653912998965075,0.16930118885992965,0.9769057205696472,0.1653912998965075,0.021646595894965256,0.964926617817421,0.02088737656418929,0.021646595894965256,0.964926617817421,0.02088737656418929,0.021646595894965256,0.964926617817421,0.02088737656418929
845.3306613226453,0.3081302333820164,0.9798478248818009,0.30192073895969046,0.3081302333820164,0.9798478248818009,0.30192073895969046,0.3081302333820164,0.9798478248818009,0.30192073895969046,0.3081302333820164,0.9798478248818009,0.30192073895969046,0.3081302333820164,0.9798478248818009,0.30192073895969046,0.3081302333820164,0.9798478248818009,0.30192073895969046,0.26360795970282414,0.9794372091087264,0.2581874443501797,0.26360795970282414,0.9794372091087264,0.2581874443501797,0.26360795970282414,0.9794372091087264,0.2581874443501797,0.16569365216802673,0.9769038869365678,0.16186677284366097,0.16569365216802673,0.9769038869365678,0.16186677284366097,0.16569365216802673,0.9769038869365678,0.16186677284366097,0.018042301376449004,0.9648077000932244,0.01740735129540058,0.018042301376449004,0.9648077000932244,0.01740735129540058,0.018042301376449004,0.9648077000932244,0.01740735129540058
849.2985971943888,0.3049054516267341,0.9799203663176121,0.29878306185030623,0.3049054516267341,0.9799203663176121,0.29878306185030623,0.3049054516267341,0.9799203663176121,0.29878306185030623,0.3049054516267341,0.9799203663176121,0.29878306185030623,0.3049054516267341,0.9799203663176121,0.29878306185030623,0.3049054516267341,0.9799203663176121,0.29878306185030623,0.2632416497844522,0.9794900505623989,0.2578425768575024,0.2632416497844522,0.9794900505623989,0.2578425768575024,0.2632416497844522,0.9794900505623989,0.2578425768575024,0.1620506992448091,0.9769000106189812,0.15830732981306736,0.1620506992448091,0.9769000106189812,0.15830732981306736,0.1620506992448091,0.9769000106189812,0.15830732981306736,0.014600472493930898,0.9646893941775063,0.014084920964875543,0.014600472493930898,0.9646893941775063,0.014084920964875543,0.014600472493930898,0.9646893941775063,0.014084920964875543
853.2665330661324,0.3018620969878192,0.9799922302486094,0.29582250965461493,0.3018620969878192,0.9799922302486094,0.29582250965461493,0.3018620969878192,0.9799922302486094,0.29582250965461493,0.3018620969878192,0.9799922302486094,0.29582250965461493,0.3018620969878192,0.9799922302486094,0.29582250965461493,0.3018620969878192,0.9799922302486094,0.29582250965461493,0.2628797164574926,0.9795411237853128,0.25750149287913665,0.2628797164574926,0.9795411237853128,0.25750149287913665,0.2628797164574926,0.9795411237853128,0.25750149287913665,0.15838015985490583,0.9768942678919555,0.1547206703100691,0.15838015985490583,0.9768942678919555,0.1547206703100691,0.15838015985490583,0.9768942678919555,0.1547206703100691,0.011331365161690416,0.9645711763693565,0.010929908223882468,0.011331365161690416,0.9645711763693565,0.010929908223882468,0.011331365161690416,0.9645711763693565,0.010929908223882468
857.2344689378758,0.29899653491245864,0.9800634514698923,0.2930355759838424,0.29899653491245864,0.9800634514698923,0.2930355759838424,0.29899653491245864,0.9800634514698923,0.2930355759838424,0.29899653491245864,0.9800634514698923,0.2930355759838424,0.29899653491245864,0.9800634514698923,0.2930355759838424,0.29899653491245864,0.9800634514698923,0.2930355759838424,0.26251913267147625,0.9795904480591843,0.2571612347977599,0.26251913267147625,0.9795904480591843,0.2571612347977599,0.26251913267147625,0.9795904480591843,0.2571612347977599,0.15469119195700629,0.9768868674212318,0.1511157939285363,0.15469119195700629,0.9768868674212318,0.1511157939285363,0.15469119195700629,0.9768868674212318,0.1511157939285363,0.008239931061125486,0.9644524910683413,0.007947022038133876,0.008239931061125486,0.9644524910683413,0.007947022038133876,0.008239931061125486,0.9644524910683413,0.007947022038133876
861.2024048096192,0.29630444778443477,0.9801340567294226,0.2904180804339294,0.29630444778443477,0.9801340567294226,0.2904180804339294,0.29630444778443477,0.9801340567294226,0.2904180804339294,0.29630444778443477,0.9801340567294226,0.2904180804339294,0.29630444778443477,0.9801340567294226,0.2904180804339294,0.29630444778443477,0.9801340567294226,0.2904180804339294,0.2621567969116021,0.9796380477662194,0.25681877273512715,0.2621567969116021,0.9796380477662194,0.25681877273512715,0.2621567969116021,0.9796380477662194,0.25681877273512715,0.15099420091328924,0.9768780473573324,0.14750292015045474,0.15099420091328924,0.9768780473573324,0.14750292015045474,0.15099420091328924,0.9768780473573324,0.14750292015045474,0.0053267719496970884,0.9643327418625939,0.005136780599528148,0.0053267719496970884,0.9643327418625939,0.005136780599528148,0.0053267719496970884,0.9643327418625939,0.005136780599528148
865.1703406813629,0.2937808738718478,0.9802040649227958,0.2879652067657564,0.2937808738718478,0.9802040649227958,0.2879652067657564,0.2937808738718478,0.9802040649227958,0.2879652067657564,0.2937808738718478,0.9802040649227958,0.2879652067657564,0.2937808738718478,0.9802040649227958,0.2879652067657564,0.2937808738718478,0.9802040649227958,0.2879652067657564,0.26178951066076844,0.979683952633074,0.2564709825620199,0.26178951066076844,0.979683952633074,0.2564709825620199,0.26178951066076844,0.979683952633074,0.2564709825620199,0.14730065784121713,0.9768680700684872,0.14389330934516834,0.14730065784121713,0.9768680700684872,0.14389330934516834,0.14730065784121713,0.9768680700684872,0.14389330934516834,0.0025890769990308117,0.964211282561072,0.0024964172538848705,0.0025890769990308117,0.964211282561072,0.0024964172538848705,0.0025890769990308117,0.964211282561072,0.0024964172538848705
869.1382765531063,0.29142025932779286,0.980273487406179,0.2856715539120686,0.29142025932779286,0.980273487406179,0.2856715539120686,0.29142025932779286,0.980273487406179,0.2856715539120686,0.29142025932779286,0.980273487406179,0.2856715539120686,0.29142025932779286,0.980273487406179,0.2856715539120686,0.29142025932779286,0.980273487406179,0.2856715539120686,0.2614139641226703,0.9797281979977043,0.2561146320013403,0.2614139641226703,0.9797281979977043,0.2561146320013403,0.2614139641226703,0.9797281979977043,0.2561146320013403,0.1436228154135905,0.9768572144505355,0.14029898339646346,0.1436228154135905,0.9768572144505355,0.14029898339646346,0.1436228154135905,0.9768572144505355,0.14029898339646346,2.1509346781410435e-05,0.9640874101780338,2.0736890433111213e-05,2.1509346781410435e-05,0.9640874101780338,2.0736890433111213e-05,2.1509346781410435e-05,0.9640874101780338,2.0736890433111213e-05
873.1062124248497,0.2892165215341504,0.9803423284171235,0.28353119813749017,0.2892165215341504,0.9803423284171235,0.28353119813749017,0.2892165215341504,0.9803423284171235,0.28353119813749017,0.2892165215341504,0.9803423284171235,0.28353119813749017,0.2892165215341504,0.9803423284171235,0.28353119813749017,0.2892165215341504,0.9803423284171235,0.28353119813749017,0.2610267305856902,0.9797708250835192,0.25574637519479515,0.2610267305856902,0.9797708250835192,0.25574637519479515,0.2610267305856902,0.9797708250835192,0.25574637519479515,0.13997333357855726,0.9768457660951388,0.13673235827243618,0.13997333357855726,0.9768457660951388,0.13673235827243618,0.13997333357855726,0.9768457660951388,0.13673235827243618,0.002382981847374648,0.963960362953708,0.0022971000465073633,0.002382981847374648,0.963960362953708,0.0022971000465073633,0.002382981847374648,0.963960362953708,0.0022971000465073633
877.0741482965932,0.2871631216876458,0.9804105855894024,0.28153776429346566,0.2871631216876458,0.9804105855894024,0.28153776429346566,0.2871631216876458,0.9804105855894024,0.28153776429346566,0.2871631216876458,0.9804105855894024,0.28153776429346566,0.2871631216876458,0.9804105855894024,0.28153776429346566,0.2871631216876458,0.9804105855894024,0.28153776429346566,0.26062426970176095,0.9798118812606335,0.2553627559986611,0.26062426970176095,0.9798118812606335,0.2553627559986611,0.26062426970176095,0.9798118812606335,0.2553627559986611,0.13636484261272583,0.9768340059699597,0.13320581548285204,0.13636484261272583,0.9768340059699597,0.13320581548285204,0.13636484261272583,0.9768340059699597,0.13320581548285204,0.0046324246721540195,0.9638293286082371,0.004464866761590441,0.0046324246721540195,0.9638293286082371,0.004464866761590441,0.0046324246721540195,0.9638293286082371,0.004464866761590441
881.0420841683368,0.2852531442552254,0.9804782505453101,0.2796845038419124,0.2852531442552254,0.9804782505453101,0.2796845038419124,0.2852531442552254,0.9804782505453101,0.2796845038419124,0.2852531442552254,0.9804782505453101,0.2796845038419124,0.2852531442552254,0.9804782505453101,0.2796845038419124,0.2852531442552254,0.9804782505453101,0.2796845038419124,0.2602029398173705,0.9798514202694378,0.2549602201383336,0.2602029398173705,0.9798514202694378,0.2549602201383336,0.2602029398173705,0.9798514202694378,0.2549602201383336,0.13280948317294292,0.9768221985793061,0.12973125134517546,0.13280948317294292,0.9768221985793061,0.12973125134517546,0.13280948317294292,0.9768221985793061,0.12973125134517546,0.006735128131994823,0.9636934712890349,0.0064905990090985246,0.006735128131994823,0.9636934712890349,0.0064905990090985246,0.006735128131994823,0.9636934712890349,0.0064905990090985246
885.0100200400801,0.28347938078245216,0.9805453095470403,0.2779643771795329,0.28347938078245216,0.9805453095470403,0.2779643771795329,0.28347938078245216,0.9805453095470403,0.2779643771795329,0.28347938078245216,0.9805453095470403,0.2779643771795329,0.28347938078245216,0.9805453095470403,0.2779643771795329,0.28347938078245216,0.9805453095470403,0.2779643771795329,0.25975901931410295,0.9798895023774793,0.2545351361737584,0.25975901931410295,0.9798895023774793,0.2545351361737584,0.25975901931410295,0.9798895023774793,0.2545351361737584,0.12931846916428513,0.9768105807426501,0.12631964896511585,0.12931846916428513,0.9768105807426501,0.12631964896511585,0.12931846916428513,0.9768105807426501,0.12631964896511585,0.008698943077744787,0.9635519895520348,0.00838188390956089,0.008698943077744787,0.9635519895520348,0.00838188390956089,0.008698943077744787,0.9635519895520348,0.00838188390956089
888.9779559118236,0.2818344155236234,0.9806117441879341,0.2763701377788073,0.2818344155236234,0.9806117441879341,0.2763701377788073,0.2818344155236234,0.9806117441879341,0.2763701377788073,0.2818344155236234,0.9806117441879341,0.2763701377788073,0.2818344155236234,0.9806117441879341,0.2763701377788073,0.2818344155236234,0.9806117441879341,0.2763701377788073,0.25928873668412766,0.9799261944372178,0.25408382499931104,0.25928873668412766,0.9799261944372178,0.25408382499931104,0.25928873668412766,0.9799261944372178,0.25408382499931104,0.1259017172034852,0.9767993520938735,0.12298071579187042,0.1259017172034852,0.9767993520938735,0.12298071579187042,0.1259017172034852,0.9767993520938735,0.12298071579187042,0.010530346762152122,0.9634042197684768,0.010144980506282672,0.010530346762152122,0.9634042197684768,0.010144980506282672,0.010530346762152122,0.9634042197684768,0.010144980506282672
892.9458917835673,0.2803107104658841,0.9806775321044808,0.2748944157621369,0.2803107104658841,0.9806775321044808,0.2748944157621369,0.2803107104658841,0.9806775321044808,0.2748944157621369,0.2803107104658841,0.9806775321044808,0.2748944157621369,0.2803107104658841,0.9806775321044808,0.2748944157621369,0.2803107104658841,0.9806775321044808,0.2748944157621369,0.25878830877653153,0.9799615698101743,0.25360259731716994,0.25878830877653153,0.9799615698101743,0.25360259731716994,0.25878830877653153,0.9799615698101743,0.25360259731716994,0.12256757638619249,0.9767886681643387,0.11972261969839981,0.12256757638619249,0.9767886681643387,0.11972261969839981,0.12256757638619249,0.9767886681643387,0.11972261969839981,0.012233203466801854,0.9632497934061164,0.011783630712091873,0.012233203466801854,0.9632497934061164,0.011783630712091873,0.012233203466801854,0.9632497934061164,0.011783630712091873
896.9138276553106,0.2789006875243246,0.9807426476909012,0.2735297987254188,0.2789006875243246,0.9807426476909012,0.2735297987254188,0.2789006875243246,0.9807426476909012,0.2735297987254188,0.2789006875243246,0.9807426476909012,0.2735297987254188,0.2789006875243246,0.9807426476909012,0.2735297987254188,0.2789006875243246,0.9807426476909012,0.2735297987254188,0.25825398630444496,0.9799957081229228,0.25308779818399213,0.25825398630444496,0.9799957081229228,0.25308779818399213,0.25825398630444496,0.9799957081229228,0.25308779818399213,0.11932267643562337,0.9767786365257455,0.1165518411953909,0.11932267643562337,0.9767786365257455,0.1165518411953909,0.11932267643562337,0.9767786365257455,0.1165518411953909,0.013807161319830716,0.9630888329095908,0.01329752288131021,0.013807161319830716,0.9630888329095908,0.01329752288131021,0.013807161319830716,0.9630888329095908,0.01329752288131021
900.8817635270541,0.2775968059684479,0.9808070627997679,0.27226890790451047,0.2775968059684479,0.9808070627997679,0.27226890790451047,0.2775968059684479,0.9808070627997679,0.27226890790451047,0.2775968059684479,0.9808070627997679,0.27226890790451047,0.2775968059684479,0.9808070627997679,0.27226890790451047,0.2775968059684479,0.9808070627997679,0.27226890790451047,0.2576821053106098,0.9800286948229677,0.25253585734679146,0.2576821053106098,0.9800286948229677,0.25253585734679146,0.2576821053106098,0.9800286948229677,0.25253585734679146,0.11617189502584613,0.9767693160308291,0.113473142446401,0.11617189502584613,0.9767693160308291,0.113473142446401,0.11617189502584613,0.9767693160308291,0.113473142446401,0.015245969677806611,0.9629221246536616,0.014680681514558843,0.015245969677806611,0.9629221246536616,0.014680681514558843,0.015245969677806611,0.9629221246536616,0.014680681514558843
904.8496993987977,0.276391633477274,0.9808707474142982,0.27110446810791256,0.276391633477274,0.9808707474142982,0.27110446810791256,0.276391633477274,0.9808707474142982,0.27110446810791256,0.276391633477274,0.9808707474142982,0.27110446810791256,0.276391633477274,0.9808707474142982,0.27110446810791256,0.276391633477274,0.9808707474142982,0.27110446810791256,0.2570691428715464,0.9800606205083233,0.2519433436762306,0.2570691428715464,0.9800606205083233,0.2519433436762306,0.2570691428715464,0.9800606205083233,0.2519433436762306,0.11311843007293904,0.976760718801707,0.11048963906776456,0.11311843007293904,0.976760718801707,0.11048963906776456,0.11311843007293904,0.976760718801707,0.11048963906776456,0.01653648171583331,0.9627511606055874,0.015920516964251594,0.01653648171583331,0.9627511606055874,0.015920516964251594,0.01653648171583331,0.9627511606055874,0.015920516964251594
908.8176352705411,0.2752779095855967,0.9809336702804514,0.27002937019692963,0.2752779095855967,0.9809336702804514,0.27002937019692963,0.2752779095855967,0.9809336702804514,0.27002937019692963,0.2752779095855967,0.9809336702804514,0.27002937019692963,0.2752779095855967,0.9809336702804514,0.27002937019692963,0.2752779095855967,0.9809336702804514,0.27002937019692963,0.25641177491076617,0.9800915800139148,0.2513070216064651,0.25641177491076617,0.9800915800139148,0.2513070216064651,0.25641177491076617,0.9800915800139148,0.2513070216064651,0.1101639527908271,0.9767528143490344,0.10760295092825452,0.1101639527908271,0.9767528143490344,0.10760295092825452,0.1101639527908271,0.9767528143490344,0.10760295092825452,0.01765932476976204,0.9625779528418257,0.01699847668544649,0.01765932476976204,0.9625779528418257,0.01699847668544649,0.01765932476976204,0.9625779528418257,0.01699847668544649
912.7855711422845,0.27424860065416656,0.9809957994896521,0.26903672525765243,0.27424860065416656,0.9809957994896521,0.26903672525765243,0.27424860065416656,0.9809957994896521,0.26903672525765243,0.27424860065416656,0.9809957994896521,0.26903672525765243,0.27424860065416656,0.9809957994896521,0.26903672525765243,0.27424860065416656,0.9809957994896521,0.26903672525765243,0.2557069336334909,0.9801216712507634,0.25062390714326516,0.2557069336334909,0.9801216712507634,0.25062390714326516,0.2557069336334909,0.9801216712507634,0.25062390714326516,0.1073088132317087,0.9767455350874377,0.10481340419960322,0.1073088132317087,0.9767455350874377,0.10481340419960322,0.1073088132317087,0.9767455350874377,0.10481340419960322,0.01859162902674176,0.9624046405292948,0.017892670050335405,0.01859162902674176,0.9624046405292948,0.017892670050335405,0.01859162902674176,0.9624046405292948,0.017892670050335405
916.7535070140282,0.2732969458522264,0.9810571030056425,0.2681199099580752,0.2732969458522264,0.9810571030056425,0.2681199099580752,0.2732969458522264,0.9810571030056425,0.2681199099580752,0.2732969458522264,0.9810571030056425,0.2681199099580752,0.2732969458522264,0.9810571030056425,0.2681199099580752,0.2732969458522264,0.9810571030056425,0.2681199099580752,0.25495186184018154,0.9801509938097874,0.24989132075630954,0.25495186184018154,0.9801509938097874,0.24989132075630954,0.25495186184018154,0.9801509938097874,0.24989132075630954,0.10455227115963328,0.9767387825296063,0.10212025804316548,0.10455227115963328,0.9767387825296063,0.10212025804316548,0.10455227115963328,0.9767387825296063,0.10212025804316548,0.01931097064640728,0.9622330569094004,0.018581654316980174,0.01931097064640728,0.9622330569094004,0.018581654316980174,0.01931097064640728,0.9622330569094004,0.018581654316980174
920.7214428857716,0.2724164939663126,0.9811175491315393,0.2672726029032354,0.2724164939663126,0.9811175491315393,0.2672726029032354,0.2724164939663126,0.9811175491315393,0.2672726029032354,0.2724164939663126,0.9811175491315393,0.2672726029032354,0.2724164939663126,0.9811175491315393,0.2672726029032354,0.2724164939663126,0.9811175491315393,0.2672726029032354,0.25414416127616873,0.9801796473599502,0.2491069343782654,0.25414416127616873,0.9801796473599502,0.2491069343782654,0.25414416127616873,0.9801796473599502,0.2491069343782654,0.10189272975631794,0.9767324335527732,0.09952193389622349,0.10189272975631794,0.9767324335527732,0.09952193389622349,0.10189272975631794,0.9767324335527732,0.09952193389622349,0.01979893130075135,0.9620644540945223,0.0190478480335123,0.01979893130075135,0.9620644540945223,0.0190478480335123,0.01979893130075135,0.9620644540945223,0.0190478480335123
924.689378757515,0.27160113113406686,0.9811771069155072,0.26648881208110303,0.27160113113406686,0.9811771069155072,0.26648881208110303,0.27160113113406686,0.9811771069155072,0.26648881208110303,0.27160113113406686,0.9811771069155072,0.26648881208110303,0.27160113113406686,0.9811771069155072,0.26648881208110303,0.27160113113406686,0.9811771069155072,0.26648881208110303,0.2532818322742432,0.9802077298888636,0.24826880983562785,0.2532818322742432,0.9802077298888636,0.24826880983562785,0.2532818322742432,0.9802077298888636,0.24826880983562785,0.09932795592667475,0.9767263462896898,0.09701623147668437,0.09932795592667475,0.9767263462896898,0.09701623147668437,0.09932795592667475,0.9767263462896898,0.09701623147668437,0.020043148846417884,0.9618994616150494,0.01927949408443966,0.020043148846417884,0.9618994616150494,0.01927949408443966,0.020043148846417884,0.9618994616150494,0.01927949408443966
928.6573146292586,0.2708450998396423,0.9812357464955174,0.2657628937258043,0.2708450998396423,0.9812357464955174,0.2657628937258043,0.2708450998396423,0.9812357464955174,0.2657628937258043,0.2708450998396423,0.9812357464955174,0.2657628937258043,0.2708450998396423,0.9812357464955174,0.2657628937258043,0.2708450998396423,0.9812357464955174,0.2657628937258043,0.2523633022737356,0.9802353358508451,0.24737542636072357,0.2523633022737356,0.9802353358508451,0.24737542636072357,0.2523633022737356,0.9802353358508451,0.24737542636072357,0.09685527728042134,0.9767203653612315,0.09460052181249652,0.09685527728042134,0.9767203653612315,0.09460052181249652,0.09685527728042134,0.9767203653612315,0.09460052181249652,0.02003780508639934,0.9617382125748254,0.019271122847716447,0.02003780508639934,0.9617382125748254,0.019271122847716447,0.02003780508639934,0.9617382125748254,0.019271122847716447
932.625250501002,0.2701430096961312,0.981293439385368,0.26508956311063137,0.2701430096961312,0.981293439385368,0.26508956311063137,0.2701430096961312,0.981293439385368,0.26508956311063137,0.2701430096961312,0.981293439385368,0.26508956311063137,0.2701430096961312,0.981293439385368,0.26508956311063137,0.2701430096961312,0.981293439385368,0.26508956311063137,0.251387441354578,0.9802625543007288,0.24642569538136333,0.251387441354578,0.9802625543007288,0.24642569538136333,0.251387441354578,0.9802625543007288,0.24642569538136333,0.09447175120827749,0.9767143263125625,0.09227191283696076,0.09447175120827749,0.9767143263125625,0.09227191283696076,0.09447175120827749,0.9767143263125625,0.09227191283696076,0.019783149739886277,0.9615805234839954,0.019023091483042112,0.019783149739886277,0.9615805234839954,0.019023091483042112,0.019783149739886277,0.9615805234839954,0.019023091483042112
936.5931863727454,0.26948984068125986,0.9813501587055324,0.264463897922083,0.26948984068125986,0.9813501587055324,0.264463897922083,0.26948984068125986,0.9813501587055324,0.264463897922083,0.26948984068125986,0.9813501587055324,0.264463897922083,0.26948984068125986,0.9813501587055324,0.264463897922083,0.26948984068125986,0.9813501587055324,0.264463897922083,0.25035356367822287,0.9802894670994897,0.24541896152458326,0.25035356367822287,0.9802894670994897,0.24541896152458326,0.25035356367822287,0.9802894670994897,0.24541896152458326,0.09217430540298725,0.9767080592266343,0.09002738694071476,0.09217430540298725,0.9767080592266343,0.09002738694071476,0.09217430540298725,0.9767080592266343,0.09002738694071476,0.019284660152578504,0.9614260482011588,0.018540774601395908,0.019284660152578504,0.9614260482011588,0.018540774601395908,0.019284660152578504,0.9614260482011588,0.018540774601395908
940.561122244489,0.2688809395889935,0.9814058793634309,0.2638813349614017,0.2688809395889935,0.9814058793634309,0.2638813349614017,0.2688809395889935,0.9814058793634309,0.2638813349614017,0.2688809395889935,0.9814058793634309,0.2638813349614017,0.2688809395889935,0.9814058793634309,0.2638813349614017,0.2688809395889935,0.9814058793634309,0.2638813349614017,0.24926141461762677,0.9803161472785218,0.2443549896431461,0.24926141461762677,0.9803161472785218,0.2443549896431461,0.24926141461762677,0.9803161472785218,0.2443549896431461,0.08995985167294879,0.9767013915656317,0.0878639123140069,0.08995985167294879,0.9767013915656317,0.0878639123140069,0.08995985167294879,0.9767013915656317,0.0878639123140069,0.018552150936218627,0.961274377947309,0.017833707350798145,0.018552150936218627,0.961274377947309,0.017833707350798145,0.018552150936218627,0.961274377947309,0.017833707350798145
944.5290581162326,0.26831201051675385,0.9814605781884561,0.2633376609766804,0.26831201051675385,0.9814605781884561,0.2633376609766804,0.26831201051675385,0.9814605781884561,0.2633376609766804,0.26831201051675385,0.9814605781884561,0.2633376609766804,0.26831201051675385,0.9814605781884561,0.2633376609766804,0.26831201051675385,0.9814605781884561,0.2633376609766804,0.24811114429928,0.9803426576426381,0.2432339385931122,0.24811114429928,0.9803426576426381,0.2432339385931122,0.24811114429928,0.9803426576426381,0.2432339385931122,0.08782537617889687,0.9766941503373185,0.08577853116510305,0.08782537617889687,0.9766941503373185,0.08577853116510305,0.08782537617889687,0.9766941503373185,0.08577853116510305,0.017598908328504605,0.9611250916474077,0.016914752380128316,0.017598908328504605,0.9611250916474077,0.016914752380128316,0.017598908328504605,0.9611250916474077,0.016914752380128316
948.496993987976,0.2677791002316642,0.9815142340275446,0.26282899845246693,0.2677791002316642,0.9815142340275446,0.26282899845246693,0.2677791002316642,0.9815142340275446,0.26282899845246693,0.2677791002316642,0.9815142340275446,0.26282899845246693,0.2677791002316642,0.9815142340275446,0.26282899845246693,0.2677791002316642,0.9815142340275446,0.26282899845246693,0.24690326917207045,0.9803690496779157,0.24205632336059332,0.24690326917207045,0.9803690496779157,0.24205632336059332,0.24690326917207045,0.9803690496779157,0.24205632336059332,0.08576800960685887,0.9766861637064287,0.08376842827165912,0.08576800960685887,0.9766861637064287,0.08376842827165912,0.08576800960685887,0.9766861637064287,0.08376842827165912,0.016440825161938753,0.9609777719879948,0.015799267533764066,0.016440825161938753,0.9609777719879948,0.015799267533764066,0.016440825161938753,0.9609777719879948,0.015799267533764066
952.4649298597194,0.2672785792559314,0.9815668278072986,0.26235178718108626,0.2672785792559314,0.9815668278072986,0.26235178718108626,0.2672785792559314,0.9815668278072986,0.26235178718108626,0.2672785792559314,0.9815668278072986,0.26235178718108626,0.2672785792559314,0.9815668278072986,0.26235178718108626,0.2672785792559314,0.9815668278072986,0.26235178718108626,0.24563862396395955,0.9803953628108194,0.24082296786149657,0.24563862396395955,0.9803953628108194,0.24082296786149657,0.24563862396395955,0.9803953628108194,0.24082296786149657,0.08378508058744256,0.9766772621789053,0.08183098311958235,0.08378508058744256,0.9766772621789053,0.08183098311958235,0.08378508058744256,0.9766772621789053,0.08183098311958235,0.015095516545668219,0.9608320021287011,0.014504255385741328,0.015095516545668219,0.9608320021287011,0.014504255385741328,0.015095516545668219,0.9608320021287011,0.014504255385741328
956.432865731463,0.26680711948715685,0.9816183425686937,0.26190276241651034,0.26680711948715685,0.9816183425686937,0.26190276241651034,0.26680711948715685,0.9816183425686937,0.26190276241651034,0.26680711948715685,0.9816183425686937,0.26190276241651034,0.26680711948715685,0.9816183425686937,0.26190276241651034,0.26680711948715685,0.9816183425686937,0.26190276241651034,0.2443183069102098,0.9804216240417597,0.23953495124404098,0.2443183069102098,0.9804216240417597,0.23953495124404098,0.2443183069102098,0.9804216240417597,0.23953495124404098,0.08187415514729332,0.9766672794856005,0.07996380836788894,0.08187415514729332,0.9766672794856005,0.07996380836788894,0.08187415514729332,0.9766672794856005,0.07996380836788894,0.013581443755453492,0.9606873536704067,0.013047521260450085,0.013581443755453492,0.9606873536704067,0.013047521260450085,0.013581443755453492,0.9606873536704067,0.013047521260450085
960.4008016032064,0.26636166912975573,0.9816687634802769,0.26147893037314995,0.26636166912975573,0.9816687634802769,0.26147893037314995,0.26636166912975573,0.9816687634802769,0.26147893037314995,0.26636166912975573,0.9816687634802769,0.26147893037314995,0.26636166912975573,0.9816687634802769,0.26147893037314995,0.26636166912975573,0.9816687634802769,0.26147893037314995,0.24294362138942455,0.9804478479520131,0.23819355076492996,0.24294362138942455,0.9804478479520131,0.23819355076492996,0.24294362138942455,0.9804478479520131,0.23819355076492996,0.08003306433444615,0.9766560532870849,0.07816477674535154,0.08003306433444615,0.9766560532870849,0.07816477674535154,0.08003306433444615,0.9766560532870849,0.07816477674535154,0.011917122863747215,0.9605433719629481,0.011446913379640496,0.011917122863747215,0.9605433719629481,0.011446913379640496,0.011917122863747215,0.9605433719629481,0.011446913379640496
964.3687374749499,0.2659394256636053,0.9817180778355112,0.2610775417831544,0.2659394256636053,0.9817180778355112,0.2610775417831544,0.2659394256636053,0.9817180778355112,0.2610775417831544,0.2659394256636053,0.9817180778355112,0.2610775417831544,0.2659394256636053,0.9817180778355112,0.2610775417831544,0.2659394256636053,0.9817180778355112,0.2610775417831544,0.24151601707675593,0.9804740370603181,0.2368001842779756,0.24151601707675593,0.9804740370603181,0.2368001842779756,0.24151601707675593,0.9804740370603181,0.2368001842779756,0.07825992153836854,0.9766434258160916,0.07643203787533079,0.07825992153836854,0.9766434258160916,0.07643203787533079,0.07825992153836854,0.9766434258160916,0.07643203787533079,0.010120527440412476,0.9603995613897461,0.009719750114805033,0.010120527440412476,0.9603995613897461,0.009719750114805033,0.010120527440412476,0.9603995613897461,0.009719750114805033
968.3366733466935,0.26553780751976447,0.9817662750395914,0.26069606417085917,0.26553780751976447,0.9817662750395914,0.26069606417085917,0.26553780751976447,0.9817662750395914,0.26069606417085917,0.26553780751976447,0.9817662750395914,0.26069606417085917,0.26553780751976447,0.9817662750395914,0.26069606417085917,0.26553780751976447,0.9817662750395914,0.26069606417085917,0.2400370334440994,0.9805001824866679,0.23535635509549788,0.2400370334440994,0.9805001824866679,0.23535635509549788,0.2400370334440994,0.9805001824866679,0.23535635509549788,0.07655313052585547,0.9766292445710776,0.07476402603501732,0.07655313052585547,0.9766292445710776,0.07476402603501732,0.07655313052585547,0.9766292445710776,0.07476402603501732,0.008208812292389523,0.9602553711387988,0.007882556094437235,0.008208812292389523,0.9602553711387988,0.007882556094437235,0.008208812292389523,0.9602553711387988,0.007882556094437235
972.3046092184369,0.26515442507399556,0.9818133465906385,0.26033215344521626,0.26515442507399556,0.9818133465906385,0.26033215344521626,0.26515442507399556,0.9818133465906385,0.26033215344521626,0.26515442507399556,0.9818133465906385,0.26033215344521626,0.26515442507399556,0.9818133465906385,0.26033215344521626,0.26515442507399556,0.9818133465906385,0.26033215344521626,0.23850824796060946,0.9805262648673178,0.23386360151286445,0.23850824796060946,0.9805262648673178,0.23386360151286445,0.23850824796060946,0.9805262648673178,0.23386360151286445,0.07491138490301237,0.9766133631744873,0.07315945955018943,0.07491138490301237,0.9766133631744873,0.07315945955018943,0.07491138490301237,0.9766133631744873,0.07315945955018943,0.006198500478890296,0.9601101810931503,0.0059512434172933415,0.006198500478890296,0.9601101810931503,0.0059512434172933415,0.006198500478890296,0.9601101810931503,0.0059512434172933415
976.2725450901803,0.2647870515095999,0.9818592860597575,0.259983625353084,0.2647870515095999,0.9818592860597575,0.259983625353084,0.2647870515095999,0.9818592860597575,0.259983625353084,0.2647870515095999,0.9818592860597575,0.259983625353084,0.2647870515095999,0.9818592860597575,0.259983625353084,0.2647870515095999,0.9818592860597575,0.259983625353084,0.2369312307458725,0.9805522554574456,0.23232345269617377,0.2369312307458725,0.9805522554574456,0.23232345269617377,0.2369312307458725,0.9805522554574456,0.23232345269617377,0.07333365963844306,0.9765956425125726,0.0716173324524036,0.07333365963844306,0.9765956425125726,0.0716173324524036,0.07333365963844306,0.9765956425125726,0.0716173324524036,0.004106305172238595,0.9599632877915244,0.003941902213817503,0.004106305172238595,0.9599632877915244,0.003941902213817503,0.004106305172238595,0.9599632877915244,0.003941902213817503
980.2404809619239,0.26443359404374617,0.9819040890739364,0.2596484272800717,0.26443359404374617,0.9819040890739364,0.2596484272800717,0.26443359404374617,0.9819040890739364,0.2596484272800717,0.26443359404374617,0.9819040890739364,0.2596484272800717,0.26443359404374617,0.9819040890739364,0.2596484272800717,0.26443359404374617,0.9819040890739364,0.2596484272800717,0.23530750677891676,0.9805781173561209,0.23073739199703286,0.23530750677891676,0.9805781173561209,0.23073739199703286,0.23530750677891676,0.9805781173561209,0.23073739199703286,0.07181919547484261,0.9765759522788345,0.07013689921274419,0.07181919547484261,0.9765759522788345,0.07013689921274419,0.07181919547484261,0.9765759522788345,0.07013689921274419,0.0019508128741458491,0.9598138920797685,0.001872417297453247,0.0019508128741458491,0.9598138920797685,0.001872417297453247,0.0019508128741458491,0.9598138920797685,0.001872417297453247
984.2084168336673,0.26409206595757295,0.9819477533052786,0.25932461083278824,0.26409206595757295,0.9819477533052786,0.25932461083278824,0.26409206595757295,0.9819477533052786,0.25932461083278824,0.26409206595757295,0.9819477533052786,0.25932461083278824,0.26409206595757295,0.9819477533052786,0.25932461083278824,0.26409206595757295,0.9819477533052786,0.25932461083278824,0.23363852613803107,0.9806038067914191,0.22910682814408975,0.23363852613803107,0.9806038067914191,0.22910682814408975,0.23363852613803107,0.9806038067914191,0.22910682814408975,0.07036747752809072,0.9765541730475493,0.06871765382688665,0.07036747752809072,0.9765541730475493,0.06871765382688665,0.07036747752809072,0.9765541730475493,0.06871765382688665,0.0002446711316006228,0.959661093647289,0.00023480136573577343,0.0002446711316006228,0.959661093647289,0.00023480136573577343,0.0002446711316006228,0.959661093647289,0.00023480136573577343
988.1763527054109,0.2637605598207969,0.9819902784695185,0.25901030558770044,0.2637605598207969,0.9819902784695185,0.25901030558770044,0.2637605598207969,0.9819902784695185,0.25901030558770044,0.2637605598207969,0.9819902784695185,0.25901030558770044,0.2637605598207969,0.9819902784695185,0.25901030558770044,0.2637605598207969,0.9819902784695185,0.25901030558770044,0.2319256421927787,0.980629274410512,0.22743307422069658,0.2319256421927787,0.980629274410512,0.22743307422069658,0.2319256421927787,0.980629274410512,0.22743307422069658,0.06897821010693897,0.9765301990026234,0.06735930524257389,0.06897821010693897,0.9765301990026234,0.06735930524257389,0.06897821010693897,0.9765301990026234,0.06735930524257389,0.002447772663311911,0.9595039040845952,0.002348647426759326,0.002447772663311911,0.9595039040845952,0.002348647426759326,0.002447772663311911,0.9595039040845952,0.002348647426759326
992.1442885771544,0.26343722225702454,0.9820316663362145,0.2587036943480495,0.26343722225702454,0.9820316663362145,0.2587036943480495,0.26343722225702454,0.9820316663362145,0.2587036943480495,0.26343722225702454,0.9820316663362145,0.2587036943480495,0.26343722225702454,0.9820316663362145,0.2587036943480495,0.26343722225702454,0.9820316663362145,0.2587036943480495,0.23017009722545653,0.9806544665289807,0.2257173339055537,0.23017009722545653,0.9806544665289807,0.2257173339055537,0.23017009722545653,0.9806544665289807,0.2257173339055537,0.06765129071408586,0.9765039414326626,0.06606175202531174,0.06765129071408586,0.9765039414326626,0.06606175202531174,0.06765129071408586,0.9765039414326626,0.06606175202531174,0.004611001586057479,0.9593413001350749,0.004423524256493274,0.004611001586057479,0.9593413001350749,0.004423524256493274,0.004611001586057479,0.9593413001350749,0.004423524256493274
996.1122244488978,0.2631202305566152,0.9820719207524267,0.25840299021155644,0.2631202305566152,0.9820719207524267,0.25840299021155644,0.2631202305566152,0.9820719207524267,0.25840299021155644,0.2631202305566152,0.9820719207524267,0.25840299021155644,0.2631202305566152,0.9820719207524267,0.25840299021155644,0.2631202305566152,0.9820719207524267,0.25840299021155644,0.228373014640445,0.9806793263041744,0.22396069414364494,0.228373014640445,0.9806793263041744,0.22396069414364494,0.228373014640445,0.9806793263041744,0.22396069414364494,0.0663867871641939,0.9764753330651275,0.06482506010727997,0.0663867871641939,0.9764753330651275,0.06482506010727997,0.0663867871641939,0.9764753330651275,0.06482506010727997,0.006664510284675441,0.9591723502804279,0.006392413993220227,0.006664510284675441,0.9591723502804279,0.006392413993220227,0.006664510284675441,0.9591723502804279,0.006392413993220227
1000.0801603206413,0.2628077714097382,0.9821110476810453,0.25810641571793863,0.2628077714097382,0.9821110476810453,0.25810641571793863,0.2628077714097382,0.9821110476810453,0.25810641571793863,0.2628077714097382,0.9821110476810453,0.25810641571793863,0.2628077714097382,0.9821110476810453,0.25810641571793863,0.2628077714097382,0.9821110476810453,0.25810641571793863,0.22653539672616543,0.9807037948080402,0.22216412322769533,0.22653539672616543,0.9807037948080402,0.22216412322769533,0.22653539672616543,0.9807037948080402,0.22216412322769533,0.06518492252316924,0.9764443332376082,0.06364944821028114,0.06518492252316924,0.9764443332376082,0.06364944821028114,0.06518492252316924,0.9764443332376082,0.06364944821028114,0.008509926013889831,0.9589964491556379,0.008160988829897539,0.008509926013889831,0.9589964491556379,0.008160988829897539,0.008509926013889831,0.9589964491556379,0.008160988829897539
1004.0480961923847,0.2624980220027211,0.98214905525427,0.2578121843160871,0.2624980220027211,0.98214905525427,0.2578121843160871,0.2624980220027211,0.98214905525427,0.2578121843160871,0.2624980220027211,0.98214905525427,0.2578121843160871,0.2624980220027211,0.98214905525427,0.2578121843160871,0.2624980220027211,0.98214905525427,0.2578121843160871,0.22465812685380204,0.9807278119846843,0.22032847319390692,0.22465812685380204,0.9807278119846843,0.22032847319390692,0.22465812685380204,0.9807278119846843,0.22032847319390692,0.0640460727615361,0.9764109337789685,0.06253528570996722,0.0640460727615361,0.9764109337789685,0.06253528570996722,0.0640460727615361,0.9764109337789685,0.06253528570996722,0.010020467476952939,0.9588136571581596,0.009607761068011644,0.010020467476952939,0.9588136571581596,0.009607761068011644,0.010020467476952939,0.9588136571581596,0.009607761068011644
1008.0160320641284,0.262189133695488,0.9821859538419657,0.25751848436570157,0.262189133695488,0.9821859538419657,0.25751848436570157,0.262189133695488,0.9821859538419657,0.25751848436570157,0.262189133695488,0.9821859538419657,0.25751848436570157,0.262189133695488,0.9821859538419657,0.25751848436570157,0.262189133695488,0.9821859538419657,0.25751848436570157,0.22274197501040338,0.9807513174864527,0.21845448545098764,0.22274197501040338,0.9807513174864527,0.21845448545098764,0.22274197501040338,0.9807513174864527,0.21845448545098764,0.06297078115133695,0.9763751652882333,0.06148310685496578,0.06297078115133695,0.9763751652882333,0.06148310685496578,0.06297078115133695,0.9763751652882333,0.06148310685496578,0.011054626807974125,0.9586250357402518,0.010597242018889341,0.011054626807974125,0.9586250357402518,0.010597242018889341,0.011054626807974125,0.9586250357402518,0.010597242018889341
1011.9839679358718,0.2618792184753711,0.9822217561338359,0.2572234658658355,0.2618792184753711,0.9822217561338359,0.2572234658658355,0.2618792184753711,0.9822217561338359,0.2572234658658355,0.2618792184753711,0.9822217561338359,0.2572234658658355,0.2618792184753711,0.9822217561338359,0.2572234658658355,0.2618792184753711,0.9822217561338359,0.2572234658658355,0.22078760564948394,0.9807742513892677,0.21654279864690146,0.22078760564948394,0.9807742513892677,0.21654279864690146,0.22078760564948394,0.9807742513892677,0.21654279864690146,0.061959791048123006,0.9763371032584466,0.06049364291042304,0.061959791048123006,0.9763371032584466,0.06049364291042304,0.061959791048123006,0.9763371032584466,0.06049364291042304,0.011486487719780674,0.9584327325170438,0.011009025812292858,0.011486487719780674,0.9584327325170438,0.011009025812292858,0.011486487719780674,0.9584327325170438,0.011009025812292858
1015.9519038076152,0.2615663383621599,0.9822564772334338,0.2569252300824636,0.2615663383621599,0.9822564772334338,0.2569252300824636,0.2615663383621599,0.9822564772334338,0.2569252300824636,0.2615663383621599,0.9822564772334338,0.2569252300824636,0.2615663383621599,0.9822564772334338,0.2569252300824636,0.2615663383621599,0.9822564772334338,0.2569252300824636,0.2187955869779666,0.9807965547933012,0.21459395791196773,0.2187955869779666,0.9807965547933012,0.21459395791196773,0.2187955869779666,0.9807965547933012,0.21459395791196773,0.06101409451262296,0.9762968732243184,0.05956786969528684,0.06101409451262296,0.9762968732243184,0.05956786969528684,0.06101409451262296,0.9762968732243184,0.05956786969528684,0.011242190843585362,0.9582395915164442,0.010772712361707147,0.011242190843585362,0.9582395915164442,0.010772712361707147,0.011242190843585362,0.9582395915164442,0.010772712361707147
1019.9198396793588,0.26124849791888166,0.9822901347610743,0.2566218222268665,0.26124849791888166,0.9822901347610743,0.2566218222268665,0.26124849791888166,0.9822901347610743,0.2566218222268665,0.26124849791888166,0.9822901347610743,0.2566218222268665,0.26124849791888166,0.9822901347610743,0.2566218222268665,0.26124849791888166,0.9822901347610743,0.2566218222268665,0.2167664009647919,0.9808181703188876,0.21260842478089756,0.2167664009647919,0.9808181703188876,0.21260842478089756,0.2167664009647919,0.9808181703188876,0.21260842478089756,0.06013498845782479,0.976254653878221,0.058707062342864554,0.06013498845782479,0.976254653878221,0.058707062342864554,0.06013498845782479,0.976254653878221,0.058707062342864554,0.010320492082435408,0.9580483885071363,0.009887530808177902,0.010320492082435408,0.9580483885071363,0.009887530808177902,0.010320492082435408,0.9580483885071363,0.009887530808177902
1023.8877755511022,0.26092364000080914,0.982322748961657,0.2563112273146766,0.26092364000080914,0.982322748961657,0.2563112273146766,0.26092364000080914,0.982322748961657,0.2563112273146766,0.26092364000080914,0.982322748961657,0.2563112273146766,0.26092364000080914,0.982322748961657,0.2563112273146766,0.26092364000080914,0.982322748961657,0.2563112273146766,0.21470045353725614,0.9808390425100939,0.21058658727396523,0.21470045353725614,0.9808390425100939,0.21058658727396523,0.21470045353725614,0.9808390425100939,0.21058658727396523,0.05932412366522057,0.9762106769949609,0.057912842925357755,0.05932412366522057,0.9762106769949609,0.057912842925357755,0.05932412366522057,0.9762106769949609,0.057912842925357755,0.00878420792821249,0.9578611404046062,0.008414051423668798,0.00878420792821249,0.9578611404046062,0.008414051423668798,0.00878420792821249,0.9578611404046062,0.008414051423668798
1027.8557114228456,0.2605896448494205,0.9823543428123159,0.25599136930974725,0.2605896448494205,0.9823543428123159,0.25599136930974725,0.2605896448494205,0.9823543428123159,0.25599136930974725,0.2605896448494205,0.9823543428123159,0.25599136930974725,0.2605896448494205,0.9823543428123159,0.25599136930974725,0.2605896448494205,0.9823543428123159,0.25599136930974725,0.2125980846172342,0.9808591181598053,0.208528769800124,0.2125980846172342,0.9808591181598053,0.208528769800124,0.2125980846172342,0.9808591181598053,0.208528769800124,0.058583527003814466,0.9761652231416651,0.05718720171010431,0.058583527003814466,0.9761652231416651,0.05718720171010431,0.058583527003814466,0.9761652231416651,0.05718720171010431,0.0067323644351692845,0.9576788590524697,0.006447443090998345,0.0067323644351692845,0.9576788590524697,0.006447443090998345,0.0067323644351692845,0.9576788590524697,0.006447443090998345
1031.8236472945891,0.2602443326060882,0.9823849421236888,0.25566011362525,0.2602443326060882,0.9823849421236888,0.25566011362525,0.2602443326060882,0.9823849421236888,0.25566011362525,0.2602443326060882,0.9823849421236888,0.25566011362525,0.2602443326060882,0.9823849421236888,0.25566011362525,0.2602443326060882,0.9823849421236888,0.25566011362525,0.21045957782007654,0.9808783465707982,0.20643524271214492,0.21045957782007654,0.9808783465707982,0.20643524271214492,0.21045957782007654,0.9808783465707982,0.20643524271214492,0.05791557596017224,0.9761186126033989,0.05653247165437009,0.05791557596017224,0.9761186126033989,0.05653247165437009,0.05791557596017224,0.9761186126033989,0.05653247165437009,0.004273061578434368,0.9575017258965861,0.0040914638362132974,0.004273061578434368,0.9575017258965861,0.0040914638362132974,0.004273061578434368,0.9575017258965861,0.0040914638362132974
1035.7915831663327,0.2598854692798637,0.9824145756275025,0.25531527301433166,0.2598854692798637,0.9824145756275025,0.25531527301433166,0.2598854692798637,0.9824145756275025,0.25531527301433166,0.2598854692798637,0.9824145756275025,0.25531527301433166,0.2598854692798637,0.9824145756275025,0.25531527301433166,0.2598854692798637,0.9824145756275025,0.25531527301433166,0.20828516981141468,0.9808966797673161,0.2043062315127883,0.20828516981141468,0.9808966797673161,0.2043062315127883,0.20828516981141468,0.9808966797673161,0.2043062315127883,0.0573229092158619,0.976071191714749,0.055951240310882694,0.0573229092158619,0.976071191714749,0.055951240310882694,0.0573229092158619,0.976071191714749,0.055951240310882694,0.0015081168810953127,0.9573294318383261,0.001443764676924764,0.0015081168810953127,0.9573294318383261,0.001443764676924764,0.0015081168810953127,0.9573294318383261,0.001443764676924764
1039.7595190380762,0.2595107761525369,0.9824432750421556,0.2549546168320301,0.2595107761525369,0.9824432750421556,0.2549546168320301,0.2595107761525369,0.9824432750421556,0.2549546168320301,0.2595107761525369,0.9824432750421556,0.2549546168320301,0.2595107761525369,0.9824432750421556,0.2549546168320301,0.2595107761525369,0.9824432750421556,0.2549546168320301,0.2060750594586616,0.9809140726712997,0.202141925849576,0.2060750594586616,0.9809140726712997,0.202141925849576,0.2060750594586616,0.9809140726712997,0.202141925849576,0.05680826790435557,0.9760233157063569,0.05544619399954414,0.05680826790435557,0.9760233157063569,0.05544619399954414,0.05680826790435557,0.9760233157063569,0.05544619399954414,0.0014713804915379093,0.9571614757490121,0.0014083487226687322,0.0014713804915379093,0.9571614757490121,0.0014083487226687322,0.0014713804915379093,0.9571614757490121,0.0014083487226687322
1043.7274549098197,0.2591179425403778,0.9824710751071443,0.2545758835871962,0.2591179425403778,0.9824710751071443,0.2545758835871962,0.2591179425403778,0.9824710751071443,0.2545758835871962,0.2591179425403778,0.9824710751071443,0.2545758835871962,0.2591179425403778,0.9824710751071443,0.2545758835871962,0.2591179425403778,0.9824710751071443,0.2545758835871962,0.20382941704481455,0.9809304832568427,0.19994248856373048,0.20382941704481455,0.9809304832568427,0.19994248856373048,0.20382941704481455,0.9809304832568427,0.19994248856373048,0.056374277202481934,0.9759753299918185,0.05501990379574256,0.056374277202481934,0.9759753299918185,0.05501990379574256,0.056374277202481934,0.9759753299918185,0.05501990379574256,0.004584139707046248,0.956997349303765,0.004387009548481397,0.004584139707046248,0.956997349303765,0.004387009548481397,0.004584139707046248,0.956997349303765,0.004387009548481397
1047.6953907815632,0.2587046417544364,0.9824980135765956,0.25417679662677856,0.2587046417544364,0.9824980135765956,0.25417679662677856,0.2587046417544364,0.9824980135765956,0.25417679662677856,0.2587046417544364,0.9824980135765956,0.25417679662677856,0.2587046417544364,0.9824980135765956,0.25417679662677856,0.2587046417544364,0.9824980135765956,0.25417679662677856,0.20154839391919754,0.9809458726957478,0.1977080651634936,0.20154839391919754,0.9809458726957478,0.1977080651634936,0.20154839391919754,0.9809458726957478,0.1977080651634936,0.0560231926514843,0.9759275522513697,0.05467457727367,0.0560231926514843,0.9759275522513697,0.05467457727367,0.0560231926514843,0.9759275522513697,0.05467457727367,0.0077569548203690174,0.9568366180240613,0.007422138416487331,0.0077569548203690174,0.9568366180240613,0.007422138416487331,0.0077569548203690174,0.9568366180240613,0.007422138416487331
1051.6633266533065,0.25826855000992677,0.982524131161983,0.25375508270496844,0.25826855000992677,0.982524131161983,0.25375508270496844,0.25826855000992677,0.982524131161983,0.25375508270496844,0.25826855000992677,0.982524131161983,0.25375508270496844,0.25826855000992677,0.982524131161983,0.25375508270496844,0.25826855000992677,0.982524131161983,0.25375508270496844,0.19923213304458778,0.980960205506324,0.1954387941748821,0.19923213304458778,0.980960205506324,0.1954387941748821,0.19923213304458778,0.980960205506324,0.1954387941748821,0.055756645078166106,0.9758802575424739,0.054411809158585046,0.055756645078166106,0.9758802575424739,0.054411809158585046,0.055756645078166106,0.9758802575424739,0.054411809158585046,0.010924352906509555,0.9566789322770869,0.010451098274417652,0.010924352906509555,0.9566789322770869,0.010451098274417652,0.010924352906509555,0.9566789322770869,0.010451098274417652
1055.63126252505,0.2578073679314016,0.9825494714143918,0.25330849308773423,0.2578073679314016,0.9825494714143918,0.25330849308773423,0.2578073679314016,0.9825494714143918,0.25330849308773423,0.2578073679314016,0.9825494714143918,0.25330849308773423,0.2578073679314016,0.9825494714143918,0.25330849308773423,0.2578073679314016,0.9825494714143918,0.25330849308773423,0.19688078096042064,0.9809734497168205,0.19313481888168554,0.19688078096042064,0.9809734497168205,0.19313481888168554,0.19688078096042064,0.9809734497168205,0.19313481888168554,0.05557541895953778,0.9758336680157568,0.05423236493479818,0.05557541895953778,0.9758336680157568,0.05423236493479818,0.05557541895953778,0.9758336680157568,0.05423236493479818,0.014029780151368356,0.9565239996728488,0.013419821424917606,0.014029780151368356,0.9565239996728488,0.013419821424917606,0.014029780151368356,0.9565239996728488,0.013419821424917606
1059.5991983967938,0.25731884418733775,0.9825740805376035,0.25283482673237223,0.25731884418733775,0.9825740805376035,0.25283482673237223,0.25731884418733775,0.9825740805376035,0.25283482673237223,0.25731884418733775,0.9825740805376035,0.25283482673237223,0.25731884418733775,0.9825740805376035,0.25283482673237223,0.25731884418733775,0.9825740805376035,0.25283482673237223,0.19449450171483956,0.9809855770541227,0.19079630099858594,0.19449450171483956,0.9809855770541227,0.19079630099858594,0.19449450171483956,0.9809855770541227,0.19079630099858594,0.055479291569924045,0.9757879478622049,0.05413602406986511,0.055479291569924045,0.9757879478622049,0.05413602406986511,0.055479291569924045,0.9757879478622049,0.05413602406986511,0.017027448731702647,0.9563715421402795,0.01628456740225301,0.017027448731702647,0.9563715421402795,0.01628456740225301,0.017027448731702647,0.9563715421402795,0.01628456740225301
1063.567134268537,0.2568008006705391,0.9825980071248599,0.2523319549669401,0.2568008006705391,0.9825980071248599,0.2523319549669401,0.2568008006705391,0.9825980071248599,0.2523319549669401,0.2568008006705391,0.9825980071248599,0.2523319549669401,0.2568008006705391,0.9825980071248599,0.2523319549669401,0.2568008006705391,0.9825980071248599,0.2523319549669401,0.19207349332079698,0.9809965631674866,0.18842343682327503,0.19207349332079698,0.9809965631674866,0.18842343682327503,0.19207349332079698,0.9809965631674866,0.18842343682327503,0.05546694733527734,0.9757432031706815,0.05412149686302301,0.05546694733527734,0.9757432031706815,0.05412149686302301,0.05546694733527734,0.9757432031706815,0.05412149686302301,0.019883755367128945,0.9562212530086891,0.019013269471674286,0.019883755367128945,0.9562212530086891,0.019013269471674286,0.019883755367128945,0.9562212530086891,0.019013269471674286
1067.5350701402806,0.256251158526713,0.9826213018144899,0.25179784698298996,0.256251158526713,0.9826213018144899,0.25179784698298996,0.256251158526713,0.9826213018144899,0.25179784698298996,0.256251158526713,0.9826213018144899,0.25179784698298996,0.256251158526713,0.9826213018144899,0.25179784698298996,0.256251158526713,0.9826213018144899,0.25179784698298996,0.18961800725868153,0.981006387896058,0.18601647638088767,0.18961800725868153,0.981006387896058,0.18601647638088767,0.18961800725868153,0.981006387896058,0.18601647638088767,0.055535967903098095,0.9756994856848359,0.05418641532006237,0.055535967903098095,0.9756994856848359,0.05418641532006237,0.055535967903098095,0.9756994856848359,0.05418641532006237,0.02257755290446994,0.9560727622336415,0.02158578336985275,0.02257755290446994,0.9560727622336415,0.02158578336985275,0.02257755290446994,0.9560727622336415,0.02158578336985275
1071.5030060120241,0.2556679642317838,0.9826440168626566,0.25123059535581804,0.2556679642317838,0.9826440168626566,0.25123059535581804,0.2556679642317838,0.9826440168626566,0.25123059535581804,0.2556679642317838,0.9826440168626566,0.25123059535581804,0.2556679642317838,0.9826440168626566,0.25123059535581804,0.2556679642317838,0.9826440168626566,0.25123059535581804,0.1871283714744279,0.9810150355875549,0.18357574600142706,0.1871283714744279,0.9810150355875549,0.18357574600142706,0.1871283714744279,0.9810150355875549,0.18357574600142706,0.05568288727975244,0.9756567991266134,0.05432738756949128,0.05568288727975244,0.9756567991266134,0.05432738756949128,0.05568288727975244,0.9756567991266134,0.05432738756949128,0.025099141193772146,0.9559256117188462,0.02399291189927433,0.025099141193772146,0.9559256117188462,0.02399291189927433,0.025099141193772146,0.9559256117188462,0.02399291189927433
1075.4709418837676,0.2550494148393898,0.9826662056351924,0.2506284407296993,0.2550494148393898,0.9826662056351924,0.2506284407296993,0.2550494148393898,0.9826662056351924,0.2506284407296993,0.2550494148393898,0.9826662056351924,0.2506284407296993,0.2550494148393898,0.9826662056351924,0.2506284407296993,0.2550494148393898,0.9826662056351924,0.2506284407296993,0.1846050172012804,0.9810224954736262,0.18110167465175178,0.1846050172012804,0.9810224954736262,0.18110167465175178,0.1846050172012804,0.9810224954736262,0.18110167465175178,0.05590329489098717,0.9756151067695968,0.054540099013842706,0.05590329489098717,0.9756151067695968,0.054540099013842706,0.05590329489098717,0.9756151067695968,0.054540099013842706,0.027448310551665033,0.9557792382825298,0.02623452535121273,0.027448310551665033,0.9557792382825298,0.02623452535121273,0.027448310551665033,0.9557792382825298,0.02623452535121273
1079.438877755511,0.25439388147433256,0.9826879220247137,0.24998979476181316,0.25439388147433256,0.9826879220247137,0.24998979476181316,0.25439388147433256,0.9826879220247137,0.24998979476181316,0.25439388147433256,0.9826879220247137,0.24998979476181316,0.25439388147433256,0.9826879220247137,0.24998979476181316,0.25439388147433256,0.9826879220247137,0.24998979476181316,0.18204850975831824,0.9810287621047752,0.17859482417122202,0.18204850975831824,0.9810287621047752,0.17859482417122202,0.18204850975831824,0.9810287621047752,0.17859482417122202,0.05619196759334579,0.9755743391849141,0.054819441652378426,0.05619196759334579,0.9755743391849141,0.054819441652378426,0.05619196759334579,0.9755743391849141,0.054819441652378426,0.02963196498798994,0.9556329597702828,0.02831728240528222,0.02963196498798994,0.9556329597702828,0.02831728240528222,0.02963196498798994,0.9556329597702828,0.02831728240528222
1083.4068136272545,0.2536999301455088,0.9827092198036791,0.24931326041754082,0.2536999301455088,0.9827092198036791,0.24931326041754082,0.2536999301455088,0.9827092198036791,0.24931326041754082,0.2536999301455088,0.9827092198036791,0.24931326041754082,0.2536999301455088,0.9827092198036791,0.24931326041754082,0.2536999301455088,0.9827092198036791,0.24931326041754082,0.17945958324279007,0.981033835844137,0.17605592332766454,0.17945958324279007,0.981033835844137,0.17605592332766454,0.17945958324279007,0.981033835844137,0.17605592332766454,0.05654301329174408,0.9755344014147442,0.05515965462574749,0.05654301329174408,0.9755344014147442,0.05515965462574749,0.05654301329174408,0.9755344014147442,0.05515965462574749,0.03166180498685106,0.955485960112487,0.030252410136755715,0.03166180498685106,0.955485960112487,0.030252410136755715,0.03166180498685106,0.955485960112487,0.030252410136755715
1087.374749498998,0.2529663390007349,0.9827301519284742,0.24859764875898213,0.2529663390007349,0.9827301519284742,0.24859764875898213,0.2529663390007349,0.9827301519284742,0.24859764875898213,0.2529663390007349,0.9827301519284742,0.24859764875898213,0.2529663390007349,0.9827301519284742,0.24859764875898213,0.2529663390007349,0.9827301519284742,0.24859764875898213,0.176839178731067,0.981037723414581,0.17348590531283015,0.176839178731067,0.981037723414581,0.17348590531283015,0.176839178731067,0.981037723414581,0.17348590531283015,0.05695001232481592,0.9754951791524377,0.05555446247552984,0.05695001232481592,0.9754951791524377,0.05555446247552984,0.05695001232481592,0.9754951791524377,0.05555446247552984,0.0335523809100894,0.9553372716660351,0.032053840036544365,0.0335523809100894,0.9553372716660351,0.032053840036544365,0.0335523809100894,0.9553372716660351,0.032053840036544365
1091.3426853707415,0.25219211124994034,0.9827507698135989,0.24784199147179564,0.25219211124994034,0.9827507698135989,0.24784199147179564,0.25219211124994034,0.9827507698135989,0.24784199147179564,0.25219211124994034,0.9827507698135989,0.24784199147179564,0.25219211124994034,0.9827507698135989,0.24784199147179564,0.25219211124994034,0.9827507698135989,0.24784199147179564,0.17418848523290698,0.981040438487371,0.17088594793234202,0.17418848523290698,0.981040438487371,0.17088594793234202,0.17418848523290698,0.981040438487371,0.17088594793234202,0.057406146812489185,0.9754565437677638,0.05599720156073553,0.057406146812489185,0.9754565437677638,0.05599720156073553,0.057406146812489185,0.9754565437677638,0.05599720156073553,0.03531964284074015,0.9551857587262665,0.03373681984477313,0.03531964284074015,0.9551857587262665,0.03373681984477313,0.03531964284074015,0.9551857587262665,0.03373681984477313
1095.3106212424852,0.25137648314154415,0.9827711225982351,0.24704554853181165,0.25137648314154415,0.9827711225982351,0.24704554853181165,0.25137648314154415,0.9827711225982351,0.24704554853181165,0.25137648314154415,0.9827711225982351,0.24704554853181165,0.25137648314154415,0.9827711225982351,0.24704554853181165,0.25137648314154415,0.9827711225982351,0.24704554853181165,0.17150898221010724,0.9810420022929016,0.16825751531862126,0.17150898221010724,0.9810420022929016,0.16825751531862126,0.17150898221010724,0.9810420022929016,0.16825751531862126,0.05790431183736847,0.9754183561935028,0.056480928668921945,0.05790431183736847,0.9754183561935028,0.056480928668921945,0.05790431183736847,0.9754183561935028,0.056480928668921945,0.036979954061687546,0.9550301171193037,0.03531696985859993,0.036979954061687546,0.9550301171193037,0.03531696985859993,0.036979954061687546,0.9550301171193037,0.03531696985859993
1099.2785571142285,0.25051892658315555,0.9827912564295257,0.24620781061603556,0.25051892658315555,0.9827912564295257,0.24620781061603556,0.25051892658315555,0.9827912564295257,0.24620781061603556,0.25051892658315555,0.9827912564295257,0.24620781061603556,0.25051892658315555,0.9827912564295257,0.24620781061603556,0.25051892658315555,0.9827912564295257,0.24620781061603556,0.1688024819872895,0.9810424442249425,0.16560239952004732,0.1688024819872895,0.9810424442249425,0.16560239952004732,0.1688024819872895,0.9810424442249425,0.16560239952004732,0.05843720522930185,0.9753804697927752,0.05699850868993325,0.05843720522930185,0.9753804697927752,0.05699850868993325,0.05843720522930185,0.9753804697927752,0.05699850868993325,0.03854938743701197,0.9548689253581338,0.03680961215519397,0.03854938743701197,0.9548689253581338,0.03680961215519397,0.03854938743701197,0.9548689253581338,0.03680961215519397
1103.2464929859718,0.2496191462399708,0.9828112137875397,0.24532849610071508,0.2496191462399708,0.9828112137875397,0.24532849610071508,0.2496191462399708,0.9828112137875397,0.24532849610071508,0.2496191462399708,0.9828112137875397,0.24532849610071508,0.2496191462399708,0.9828112137875397,0.24532849610071508,0.2496191462399708,0.9828112137875397,0.24532849610071508,0.16607116987631587,0.9810418023997857,0.16292275982210191,0.16607116987631587,0.9810418023997857,0.16292275982210191,0.16607116987631587,0.9810418023997857,0.16292275982210191,0.058997394747381006,0.975342732373108,0.05754268019580544,0.058997394747381006,0.975342732373108,0.05754268019580544,0.058997394747381006,0.975342732373108,0.05754268019580544,0.04004294267080167,0.9547008140449739,0.038229029964570574,0.04004294267080167,0.9547008140449739,0.038229029964570574,0.04004294267080167,0.9547008140449739,0.038229029964570574
1107.2144288577153,0.2486770712058358,0.9828310328759823,0.24440754274580578,0.2486770712058358,0.9828310328759823,0.24440754274580578,0.2486770712058358,0.9828310328759823,0.24440754274580578,0.2486770712058358,0.9828310328759823,0.24440754274580578,0.2486770712058358,0.9828310328759823,0.24440754274580578,0.2486770712058358,0.9828310328759823,0.24440754274580578,0.16331763934982343,0.9810401241214599,0.16022115717897462,0.16331763934982343,0.9810401241214599,0.16022115717897462,0.16331763934982343,0.9810401241214599,0.16022115717897462,0.05957736269855185,0.9753049875229404,0.058106098983360804,0.05957736269855185,0.9753049875229404,0.058106098983360804,0.05957736269855185,0.9753049875229404,0.058106098983360804,0.04147311829384701,0.9545248419795537,0.03958712168583366,0.04147311829384701,0.9545248419795537,0.03958712168583366,0.04147311829384701,0.9545248419795537,0.03958712168583366
1111.1823647294589,0.24769284160314448,0.9828507471002347,0.24344509442103063,0.24769284160314448,0.9828507471002347,0.24344509442103063,0.24769284160314448,0.9828507471002347,0.24344509442103063,0.24769284160314448,0.9828507471002347,0.24344509442103063,0.24769284160314448,0.9828507471002347,0.24344509442103063,0.24769284160314448,0.9828507471002347,0.24344509442103063,0.16054491919477776,0.9810374661949991,0.15750058073732565,0.16054491919477776,0.9810374661949991,0.15750058073732565,0.16054491919477776,0.9810374661949991,0.15750058073732565,0.06016952866666276,0.9752670754355602,0.058681360253072294,0.06016952866666276,0.9752670754355602,0.058681360253072294,0.06016952866666276,0.9752670754355602,0.058681360253072294,0.042847306399073234,0.9543411034557668,0.04089094566899889,0.042847306399073234,0.9543411034557668,0.04089094566899889,0.042847306399073234,0.9543411034557668,0.04089094566899889
1115.1503006012024,0.24666679070796144,0.9828703846504188,0.2424414834636184,0.24666679070796144,0.9828703846504188,0.2424414834636184,0.24666679070796144,0.9828703846504188,0.2424414834636184,0.24666679070796144,0.9828703846504188,0.2424414834636184,0.24666679070796144,0.9828703846504188,0.2424414834636184,0.24666679070796144,0.9828703846504188,0.2424414834636184,0.15775648933171246,0.9810338950232496,0.15476446319428358,0.15775648933171246,0.9810338950232496,0.15476446319428358,0.15775648933171246,0.9810338950232496,0.15476446319428358,0.0607662512311584,0.9752288333665056,0.059261000296218586,0.0607662512311584,0.9752288333665056,0.059261000296218586,0.0607662512311584,0.9752288333665056,0.059261000296218586,0.04416439038856248,0.9541513274237557,0.04213951171410785,0.04416439038856248,0.9541513274237557,0.04213951171410785,0.04416439038856248,0.9541513274237557,0.04213951171410785
1119.118236472946,0.24559942339707955,0.9828899682022051,0.24139720945323542,0.24559942339707955,0.9828899682022051,0.24139720945323542,0.24559942339707955,0.9828899682022051,0.24139720945323542,0.24559942339707955,0.9828899682022051,0.24139720945323542,0.24559942339707955,0.9828899682022051,0.24139720945323542,0.24559942339707955,0.9828899682022051,0.24139720945323542,0.15495628198768097,0.981029486420844,0.15201668173605815,0.15495628198768097,0.981029486420844,0.15201668173605815,0.15495628198768097,0.981029486420844,0.15201668173605815,0.061359809493618,0.975190095851216,0.05983747850149369,0.061359809493618,0.975190095851216,0.05983747850149369,0.061359809493618,0.975190095851216,0.05983747850149369,0.04541283310370504,0.9539588781126533,0.043321975319527625,0.04541283310370504,0.9539588781126533,0.043321975319527625,0.04541283310370504,0.9539588781126533,0.043321975319527625
1123.0861723446894,0.24449139185894875,0.9829095147423795,0.24031291533076826,0.24449139185894875,0.9829095147423795,0.24031291533076826,0.24449139185894875,0.9829095147423795,0.24031291533076826,0.24449139185894875,0.9829095147423795,0.24031291533076826,0.24449139185894875,0.9829095147423795,0.24031291533076826,0.24449139185894875,0.9829095147423795,0.24031291533076826,0.15214866524704765,0.9810243250837679,0.14926154163638106,0.15214866524704765,0.9810243250837679,0.14926154163638106,0.15214866524704765,0.9810243250837679,0.14926154163638106,0.061942365042818436,0.9751506947951472,0.06040314030875903,0.061942365042818436,0.9751506947951472,0.06040314030875903,0.061942365042818436,0.9751506947951472,0.06040314030875903,0.04657306217829789,0.9537677523581375,0.04441988483423096,0.04657306217829789,0.9537677523581375,0.04441988483423096,0.04657306217829789,0.9537677523581375,0.04441988483423096
1127.054108216433,0.24334346959124337,0.982929035520272,0.23918936186547748,0.24334346959124337,0.982929035520272,0.23918936186547748,0.24334346959124337,0.982929035520272,0.23918936186547748,0.24334346959124337,0.982929035520272,0.23918936186547748,0.24334346959124337,0.982929035520272,0.23918936186547748,0.24334346959124337,0.982929035520272,0.23918936186547748,0.1493384067390232,0.9810185036660461,0.14650374031898794,0.1493384067390232,0.9810185036660461,0.14650374031898794,0.1493384067390232,0.9810185036660461,0.14650374031898794,0.06250590480080292,0.9751104595415335,0.06095016155437029,0.06250590480080292,0.9751104595415335,0.06095016155437029,0.06250590480080292,0.9751104595415335,0.06095016155437029,0.04762343597391973,0.9535811459946486,0.04541281065221315,0.04762343597391973,0.9535811459946486,0.04541281065221315,0.04762343597391973,0.9535811459946486,0.04541281065221315
1131.0220440881762,0.2421565247212242,0.9829485361204602,0.23802740148674537,0.2421565247212242,0.9829485361204602,0.23802740148674537,0.2421565247212242,0.9829485361204602,0.23802740148674537,0.2421565247212242,0.9829485361204602,0.23802740148674537,0.2421565247212242,0.9829485361204602,0.23802740148674537,0.2421565247212242,0.9829485361204602,0.23802740148674537,0.14653061637529202,0.981012121437267,0.14374831082583556,0.14653061637529202,0.981012121437267,0.14374831082583556,0.14653061637529202,0.981012121437267,0.14374831082583556,0.06304216513254873,0.9750692170242794,0.06147047459530962,0.06304216513254873,0.9750692170242794,0.06147047459530962,0.06304216513254873,0.9750692170242794,0.06147047459530962,0.04854538011269752,0.9534006694946157,0.04628319790031642,0.04854538011269752,0.9534006694946157,0.04628319790031642,0.04854538011269752,0.9534006694946157,0.04628319790031642
1134.9899799599198,0.24093149363470764,0.9829680166471192,0.2368279524459366,0.24093149363470764,0.9829680166471192,0.2368279524459366,0.24093149363470764,0.9829680166471192,0.2368279524459366,0.24093149363470764,0.9829680166471192,0.2368279524459366,0.24093149363470764,0.9829680166471192,0.2368279524459366,0.24093149363470764,0.9829680166471192,0.2368279524459366,0.14373066857983727,0.9810052825253304,0.14100054513771787,0.14373066857983727,0.9810052825253304,0.14100054513771787,0.14373066857983727,0.9810052825253304,0.14100054513771787,0.06354253782378651,0.9750267921261881,0.06195567681788353,0.06354253782378651,0.9750267921261881,0.06195567681788353,0.06354253782378651,0.9750267921261881,0.06195567681788353,0.04932492278763569,0.9532265177636929,0.047017824387821,0.04932492278763569,0.9532265177636929,0.047017824387821,0.04932492278763569,0.9532265177636929,0.047017824387821
1138.9579158316633,0.23966935579458012,0.9829874720063313,0.2355919741699003,0.23966935579458012,0.9829874720063313,0.2355919741699003,0.23966935579458012,0.9829874720063313,0.2355919741699003,0.23966935579458012,0.9829874720063313,0.2355919741699003,0.23966935579458012,0.9829874720063313,0.2355919741699003,0.23966935579458012,0.9829874720063313,0.2355919741699003,0.14094410623109285,0.9809980937855872,0.1382658995430154,0.14094410623109285,0.9809980937855872,0.1382658995430154,0.14094410623109285,0.9809980937855872,0.1382658995430154,0.06399795923730169,0.9749830083865094,0.062396922827781594,0.06399795923730169,0.9749830083865094,0.062396922827781594,0.06399795923730169,0.9749830083865094,0.062396922827781594,0.04995165456791594,0.9530580819558918,0.047606828093021226,0.04995165456791594,0.9530580819558918,0.047606828093021226,0.04995165456791594,0.9530580819558918,0.047606828093021226
1142.9258517034068,0.23837111048362594,0.9830068922697676,0.23432044452340256,0.23837111048362594,0.9830068922697676,0.23432044452340256,0.23837111048362594,0.9830068922697676,0.23432044452340256,0.23837111048362594,0.9830068922697676,0.23432044452340256,0.23837111048362594,0.9830068922697676,0.23432044452340256,0.23837111048362594,0.9830068922697676,0.23432044452340256,0.1381765303614248,0.98099066237633,0.1355498860441172,0.1381765303614248,0.98099066237633,0.1355498860441172,0.1381765303614248,0.98099066237633,0.1355498860441172,0.06439878542053257,0.9749376892364094,0.0627848030475254,0.06439878542053257,0.9749376892364094,0.0627848030475254,0.06439878542053257,0.9749376892364094,0.0627848030475254,0.05041719673190392,0.9528945022473672,0.04804226958455517,0.05041719673190392,0.9528945022473672,0.04804226958455517,0.05041719673190392,0.9528945022473672,0.04804226958455517
1146.8937875751503,0.237037756034365,0.9830262631015103,0.2330143395284293,0.237037756034365,0.9830262631015103,0.2330143395284293,0.237037756034365,0.9830262631015103,0.2330143395284293,0.237037756034365,0.9830262631015103,0.2330143395284293,0.237037756034365,0.9830262631015103,0.2330143395284293,0.237037756034365,0.9830262631015103,0.2330143395284293,0.13543348127538726,0.9809830931559702,0.13285795537841058,0.13543348127538726,0.9809830931559702,0.13285795537841058,0.13543348127538726,0.9809830931559702,0.13285795537841058,0.0647346585132251,0.9748906599844442,0.06310921396182564,0.0647346585132251,0.9748906599844442,0.06310921396182564,0.0647346585132251,0.9748906599844442,0.06310921396182564,0.05071427423894047,0.9527350019950878,0.04831726416821638,0.05071427423894047,0.9527350019950878,0.04831726416821638,0.05071427423894047,0.9527350019950878,0.04831726416821638
1150.8617234468938,0.23567027192623674,0.98304556622933,0.2316746159091476,0.23567027192623674,0.98304556622933,0.2316746159091476,0.23567027192623674,0.98304556622933,0.2316746159091476,0.23567027192623674,0.98304556622933,0.2316746159091476,0.23567027192623674,0.98304556622933,0.2316746159091476,0.23567027192623674,0.98304556622933,0.2316746159091476,0.13272031789309374,0.9809754860434462,0.1301953783530183,0.13272031789309374,0.9809754860434462,0.1301953783530183,0.13272031789309374,0.9809754860434462,0.1301953783530183,0.06499437392014491,0.974841750820886,0.0633592292658214,0.06499437392014491,0.974841750820886,0.0633592292658214,0.06499437392014491,0.974841750820886,0.0633592292658214,0.050836565366388274,0.9525790366812471,0.04842584646489739,0.050836565366388274,0.9525790366812471,0.04842584646489739,0.050836565366388274,0.9525790366812471,0.04842584646489739
1154.8296593186374,0.2342696039519475,0.9830647799423375,0.23030219665619986,0.2342696039519475,0.9830647799423375,0.23030219665619986,0.2342696039519475,0.9830647799423375,0.23030219665619986,0.2342696039519475,0.9830647799423375,0.23030219665619986,0.2342696039519475,0.9830647799423375,0.23030219665619986,0.2342696039519475,0.9830647799423375,0.23030219665619986,0.13004210258461718,0.9809679334955511,0.12756713263984837,0.13004210258461718,0.9809679334955511,0.12756713263984837,0.13004210258461718,0.9809679334955511,0.12756713263984837,0.06516576379359083,0.9747908011479951,0.06352298709577542,0.06516576379359083,0.9747908011479951,0.06352298709577542,0.06516576379359083,0.9747908011479951,0.06352298709577542,0.05077912499193002,0.9524263224676682,0.04836337527418997,0.05077912499193002,0.9524263224676682,0.04836337527418997,0.05077912499193002,0.9524263224676682,0.04836337527418997
1158.7975951903807,0.23283665249168983,0.983083879598383,0.22889795964423093,0.23283665249168983,0.983083879598383,0.22889795964423093,0.23283665249168983,0.983083879598383,0.22889795964423093,0.23283665249168983,0.983083879598383,0.22889795964423093,0.23283665249168983,0.983083879598383,0.22889795964423093,0.23283665249168983,0.983083879598383,0.22889795964423093,0.1274034984249521,0.9809605182501461,0.12497780184182268,0.1274034984249521,0.9809605182501461,0.12497780184182268,0.1274034984249521,0.9809605182501461,0.12497780184182268,0.06523562064847478,0.9747376655513144,0.06358761658168544,0.06523562064847478,0.9747376655513144,0.06358761658168544,0.06523562064847478,0.9747376655513144,0.06358761658168544,0.05053905851679305,0.9522767890673717,0.04812717236685969,0.05053905851679305,0.9522767890673717,0.04812717236685969,0.05053905851679305,0.9522767890673717,0.04812717236685969
1162.7655310621242,0.2313722637945447,0.9831028381266544,0.22746272920020588,0.2313722637945447,0.9831028381266544,0.22746272920020588,0.2313722637945447,0.9831028381266544,0.22746272920020588,0.2313722637945447,0.9831028381266544,0.22746272920020588,0.2313722637945447,0.9831028381266544,0.22746272920020588,0.2313722637945447,0.9831028381266544,0.22746272920020588,0.12480868469206743,0.9809533114627207,0.12243149254799013,0.12480868469206743,0.9809533114627207,0.12243149254799013,0.12480868469206743,0.9809533114627207,0.12243149254799013,0.06518969509529193,0.9746822216698927,0.06353923684546205,0.06518969509529193,0.9746822216698927,0.06353923684546205,0.06518969509529193,0.9746822216698927,0.06353923684546205,0.05011607117398862,0.9521304871812608,0.047717039262500524,0.05011607117398862,0.9521304871812608,0.047717039262500524,0.05011607117398862,0.9521304871812608,0.047717039262500524
1166.7334669338677,0.22987722405558883,0.9831216265133607,0.22599727041190673,0.22987722405558883,0.9831216265133607,0.22599727041190673,0.22987722405558883,0.9831216265133607,0.22599727041190673,0.22987722405558883,0.9831216265133607,0.22599727041190673,0.22987722405558883,0.9831216265133607,0.22599727041190673,0.22987722405558883,0.9831216265133607,0.22599727041190673,0.12226129471445642,0.980946371328537,0.11993177340407486,0.12226129471445642,0.980946371328537,0.11993177340407486,0.12226129471445642,0.980946371328537,0.11993177340407486,0.06501281228484118,0.9746243800525104,0.06336307186858357,0.06501281228484118,0.9746243800525104,0.06336307186858357,0.06501281228484118,0.9746243800525104,0.06336307186858357,0.04951255397947919,0.9519874792986152,0.047135331456561014,0.04951255397947919,0.9519874792986152,0.047135331456561014,0.04951255397947919,0.9519874792986152,0.047135331456561014
1170.7014028056112,0.22835225599683726,0.983140214260996,0.22450228588771237,0.22835225599683726,0.983140214260996,0.22450228588771237,0.22835225599683726,0.983140214260996,0.22450228588771237,0.22835225599683726,0.983140214260996,0.22450228588771237,0.22835225599683726,0.983140214260996,0.22450228588771237,0.22835225599683726,0.983140214260996,0.22450228588771237,0.1197643781123232,0.9809397422390214,0.11748163819491901,0.1197643781123232,0.9809397422390214,0.11748163819491901,0.1197643781123232,0.9809397422390214,0.11748163819491901,0.0646891594293744,0.9745640957481826,0.06304373216399828,0.0646891594293744,0.9745640957481826,0.06304373216399828,0.0646891594293744,0.9745640957481826,0.06304373216399828,0.048733040614950505,0.9518477421424029,0.04638643467707466,0.048733040614950505,0.9518477421424029,0.04638643467707466,0.048733040614950505,0.9518477421424029,0.04638643467707466
1174.6693386773547,0.22679801760937715,0.9831585698142545,0.22297841462954335,0.22679801760937715,0.9831585698142545,0.22297841462954335,0.22679801760937715,0.9831585698142545,0.22297841462954335,0.22679801760937715,0.9831585698142545,0.22297841462954335,0.22679801760937715,0.9831585698142545,0.22297841462954335,0.22679801760937715,0.9831585698142545,0.22297841462954335,0.11732038737366805,0.9809334544756461,0.11508349286687317,0.11732038737366805,0.9809334544756461,0.11508349286687317,0.11732038737366805,0.9809334544756461,0.11508349286687317,0.06420279604503146,0.9745013808357664,0.06256571339940024,0.06420279604503146,0.9745013808357664,0.06256571339940024,0.06420279604503146,0.9745013808357664,0.06256571339940024,0.04778311403115742,0.9517110997667326,0.04547572000487202,0.04778311403115742,0.9517110997667326,0.04547572000487202,0.04778311403115742,0.9517110997667326,0.04547572000487202
1178.6372745490983,0.22521510269017175,0.9831766609480624,0.22142623265799807,0.22521510269017175,0.9831766609480624,0.22142623265799807,0.22521510269017175,0.9831766609480624,0.22142623265799807,0.22521510269017175,0.9831766609480624,0.22142623265799807,0.22521510269017175,0.9831766609480624,0.22142623265799807,0.22521510269017175,0.9831766609480624,0.22142623265799807,0.11493118684587747,0.9809275244034527,0.11273916458947725,0.11493118684587747,0.9809275244034527,0.11273916458947725,0.11493118684587747,0.9809275244034527,0.11273916458947725,0.06353842176194287,0.9744363163741169,0.06191414564993263,0.06353842176194287,0.9744363163741169,0.06191414564993263,0.06353842176194287,0.9744363163741169,0.06191414564993263,0.04666801900002599,0.951577190454144,0.044408222404105344,0.04666801900002599,0.951577190454144,0.044408222404105344,0.04666801900002599,0.951577190454144,0.044408222404105344
1182.605210420842,0.22360404280622304,0.9831944551153488,0.21984625502845356,0.22360404280622304,0.9831944551153488,0.21984625502845356,0.22360404280622304,0.9831944551153488,0.21984625502845356,0.22360404280622304,0.9831944551153488,0.21984625502845356,0.22360404280622304,0.9831944551153488,0.21984625502845356,0.22360404280622304,0.9831944551153488,0.21984625502845356,0.11259808081230545,0.9809219550943103,0.11044992957027382,0.11259808081230545,0.9809219550943103,0.11044992957027382,0.11259808081230545,0.9809219550943103,0.11044992957027382,0.06268239662953061,0.9743690614939674,0.06107578797610837,0.06268239662953061,0.9743690614939674,0.06107578797610837,0.06268239662953061,0.9743690614939674,0.06107578797610837,0.045391275582537804,0.9514454571220297,0.043187322945979705,0.045391275582537804,0.9514454571220297,0.043187322945979705,0.045391275582537804,0.9514454571220297,0.043187322945979705
1186.5731462925853,0.22196531033649608,0.9832119197539907,0.2182389388947366,0.22196531033649608,0.9832119197539907,0.2182389388947366,0.22196531033649608,0.9832119197539907,0.2182389388947366,0.22196531033649608,0.9832119197539907,0.2182389388947366,0.22196531033649608,0.9832119197539907,0.2182389388947366,0.22196531033649608,0.9832119197539907,0.2182389388947366,0.11032185646568471,0.9809167372895525,0.10821655549604577,0.11032185646568471,0.9809167372895525,0.10821655549604577,0.11032185646568471,0.9809167372895525,0.10821655549604577,0.061623944501331455,0.9742998568523381,0.06004020030632366,0.061623944501331455,0.9742998568523381,0.06004020030632366,0.061623944501331455,0.9742998568523381,0.06004020030632366,0.043953541498385595,0.9513151456356761,0.04181366973174042,0.043953541498385595,0.9513151456356761,0.04181366973174042,0.043953541498385595,0.9513151456356761,0.04181366973174042
1190.5410821643286,0.22029932227384297,0.9832290225538656,0.21660468730858964,0.22029932227384297,0.9832290225538656,0.21660468730858964,0.22029932227384297,0.9832290225538656,0.21660468730858964,0.22029932227384297,0.9832290225538656,0.21660468730858964,0.22029932227384297,0.9832290225538656,0.21660468730858964,0.22029932227384297,0.9832290225538656,0.21660468730858964,0.10810283728671304,0.9809118506031375,0.10603935417835954,0.10810283728671304,0.9809118506031375,0.10603935417835954,0.10810283728671304,0.9809118506031375,0.10603935417835954,0.06035639230174705,0.9742290198321871,0.058800948912737995,0.06035639230174705,0.9742290198321871,0.058800948912737995,0.06035639230174705,0.9742290198321871,0.058800948912737995,0.04235195612021593,0.9511852974222635,0.040284557978622244,0.04235195612021593,0.9511852974222635,0.040284557978622244,0.04235195612021593,0.9511852974222635,0.040284557978622244
1194.5090180360721,0.21860644451071962,0.9832457316860929,0.21494385348423778,0.21860644451071962,0.9832457316860929,0.21494385348423778,0.21860644451071962,0.9832457316860929,0.21494385348423778,0.21860644451071962,0.9832457316860929,0.21494385348423778,0.21860644451071962,0.9832457316860929,0.21494385348423778,0.21860644451071962,0.9832457316860929,0.21494385348423778,0.10594094250629478,0.9809072648684664,0.10391824015143707,0.10594094250629478,0.9809072648684664,0.10391824015143707,0.10594094250629478,0.9809072648684664,0.10391824015143707,0.058878233212347794,0.9741569300179722,0.05735663891102294,0.058878233212347794,0.9741569300179722,0.05735663891102294,0.058878233212347794,0.9741569300179722,0.05735663891102294,0.04058033232452874,0.9510547288894249,0.03859411695714745,0.04058033232452874,0.9510547288894249,0.03859411695714745,0.04058033232452874,0.9510547288894249,0.03859411695714745
1198.4769539078156,0.21688699638019876,0.9832620159974073,0.2132567453044166,0.21688699638019876,0.9832620159974073,0.2132567453044166,0.21688699638019876,0.9832620159974073,0.2132567453044166,0.21688699638019876,0.9832620159974073,0.2132567453044166,0.21688699638019876,0.9832620159974073,0.2132567453044166,0.21688699638019876,0.9832620159974073,0.2132567453044166,0.10383574884529023,0.9809029415419206,0.10185279147955327,0.10383574884529023,0.9809029415419206,0.10185279147955327,0.10383574884529023,0.9809029415419206,0.10185279147955327,0.05719378523205913,0.9740840055761559,0.055711551412906554,0.05719378523205913,0.9740840055761559,0.055711551412906554,0.05719378523205913,0.9740840055761559,0.055711551412906554,0.03863096138626212,0.9509219999033152,0.036735031059612115,0.03863096138626212,0.9509219999033152,0.036735031059612115,0.03863096138626212,0.9509219999033152,0.036735031059612115
1202.4448897795592,0.21514125527404304,0.983277845173193,0.2115436298937169,0.21514125527404304,0.983277845173193,0.2115436298937169,0.21514125527404304,0.983277845173193,0.2115436298937169,0.21514125527404304,0.983277845173193,0.2115436298937169,0.21514125527404304,0.983277845173193,0.2115436298937169,0.21514125527404304,0.983277845173193,0.2115436298937169,0.10178655144384988,0.9808988350910448,0.09984230973920705,0.10178655144384988,0.9808988350910448,0.09984230973920705,0.10178655144384988,0.9808988350910448,0.09984230973920705,0.0553132732998165,0.9740106736354515,0.0538757185877361,0.0553132732998165,0.9740106736354515,0.0538757185877361,0.0553132732998165,0.9740106736354515,0.0538757185877361,0.036499589273646806,0.9507853923723837,0.03470327630897512,0.036499589273646806,0.9507853923723837,0.03470327630897512,0.036499589273646806,0.9507853923723837,0.03470327630897512
1206.4128256513027,0.21336946121287304,0.9832931898730743,0.20980473813750514,0.21336946121287304,0.9832931898730743,0.20980473813750514,0.21336946121287304,0.9832931898730743,0.20980473813750514,0.21336946121287304,0.9832931898730743,0.20980473813750514,0.21336946121287304,0.9832931898730743,0.20980473813750514,0.21336946121287304,0.9832931898730743,0.20980473813750514,0.0997924216836625,0.9808948943123357,0.09788587692056816,0.0997924216836625,0.9808948943123357,0.09788587692056816,0.0997924216836625,0.9808948943123357,0.09788587692056816,0.053252287129503625,0.9739373396105614,0.0518643908550865,0.053252287129503625,0.9739373396105614,0.0518643908550865,0.053252287129503625,0.9739373396105614,0.0518643908550865,0.03419628519041435,0.9506429604281245,0.032508457789059926,0.03419628519041435,0.9506429604281245,0.032508457789059926,0.03419628519041435,0.9506429604281245,0.032508457789059926
1210.380761523046,0.21157182128824661,0.9833080218431398,0.20804026906869608,0.21157182128824661,0.9833080218431398,0.20804026906869608,0.21157182128824661,0.9833080218431398,0.20804026906869608,0.21157182128824661,0.9833080218431398,0.20804026906869608,0.21157182128824661,0.9833080218431398,0.20804026906869608,0.21157182128824661,0.9833080218431398,0.20804026906869608,0.09785226036934432,0.9808910635405204,0.09598240774353006,0.09785226036934432,0.9808910635405204,0.09598240774353006,0.09785226036934432,0.9808910635405204,0.09598240774353006,0.051030715284278674,0.9738643607765429,0.04969699492029381,0.051030715284278674,0.9738643607765429,0.04969699492029381,0.051030715284278674,0.9738643607765429,0.04969699492029381,0.0317654500537995,0.9504927876426601,0.030192831172359574,0.0317654500537995,0.9504927876426601,0.030192831172359574,0.0317654500537995,0.9504927876426601,0.030192831172359574
1214.3486973947895,0.20974851395029823,0.9833223140089449,0.2062503940975447,0.20974851395029823,0.9833223140089449,0.2062503940975447,0.20974851395029823,0.9833223140089449,0.2062503940975447,0.20974851395029823,0.9833223140089449,0.2062503940975447,0.20974851395029823,0.9833223140089449,0.2062503940975447,0.20974851395029823,0.9833223140089449,0.2062503940975447,0.09596484540271963,0.9808872837265168,0.09413069654030877,0.09596484540271963,0.9808872837265168,0.09413069654030877,0.09596484540271963,0.9808872837265168,0.09413069654030877,0.048671369703275943,0.9737920280838508,0.047395791812971974,0.048671369703275943,0.9737920280838508,0.047395791812971974,0.048671369703275943,0.9737920280838508,0.047395791812971974,0.02931405264977711,0.9503336536763887,0.027858130758724703,0.02931405264977711,0.9503336536763887,0.027858130758724703,0.02931405264977711,0.9503336536763887,0.027858130758724703
1218.316633266533,0.20789969315332832,0.9833360405533751,0.2044352610976555,0.20789969315332832,0.9833360405533751,0.2044352610976555,0.20789969315332832,0.9833360405533751,0.2044352610976555,0.20789969315332832,0.9833360405533751,0.2044352610976555,0.20789969315332832,0.9833360405533751,0.2044352610976555,0.20789969315332832,0.9833360405533751,0.2044352610976555,0.09412887362085297,0.9808834933740436,0.09232945838458612,0.09412887362085297,0.9808834933740436,0.09232945838458612,0.09412887362085297,0.9808834933740436,0.09232945838458612,0.04619855262341539,0.9737205578261885,0.04498448043123456,0.04619855262341539,0.9737205578261885,0.04498448043123456,0.04619855262341539,0.9737205578261885,0.04498448043123456,0.027030978020325322,0.9501661493218123,0.025683920297975057,0.027030978020325322,0.9501661493218123,0.025683920297975057,0.027030978020325322,0.9501661493218123,0.025683920297975057
1222.2845691382768,0.20602549241306328,0.9833491769833586,0.20259499840197695,0.20602549241306328,0.9833491769833586,0.20259499840197695,0.20602549241306328,0.9833491769833586,0.20259499840197695,0.20602549241306328,0.9833491769833586,0.20259499840197695,0.20602549241306328,0.9833491769833586,0.20259499840197695,0.20602549241306328,0.9833491769833586,0.20259499840197695,0.09234299686630747,0.9808796293348111,0.0905773645378893,0.09234299686630747,0.9808796293348111,0.0905773645378893,0.09234299686630747,0.9808796293348111,0.0905773645378893,0.04363677777666617,0.973650092363116,0.042486952712679785,0.04363677777666617,0.973650092363116,0.042486952712679785,0.04363677777666617,0.973650092363116,0.042486952712679785,0.025158304645963237,0.9499935489664085,0.0239002271165967,0.025158304645963237,0.9499935489664085,0.0239002271165967,0.025158304645963237,0.9499935489664085,0.0239002271165967
1226.25250501002,0.20412602886379524,0.9833617001892524,0.2007297187963821,0.20412602886379524,0.9833617001892524,0.2007297187963821,0.20412602886379524,0.9833617001892524,0.2007297187963821,0.20412602886379524,0.9833617001892524,0.2007297187963821,0.20412602886379524,0.9833617001892524,0.2007297187963821,0.20412602886379524,0.9833617001892524,0.2007297187963821,0.09060585262490754,0.9808756274694597,0.08887307254586158,0.09060585262490754,0.9808756274694597,0.08887307254586158,0.09060585262490754,0.9808756274694597,0.08887307254586158,0.0410097716198586,0.9735807074869172,0.039926322467538834,0.0410097716198586,0.9735807074869172,0.039926322467538834,0.0410097716198586,0.9735807074869172,0.039926322467538834,0.023897504065030897,0.949821068672731,0.02269835284965858,0.023897504065030897,0.949821068672731,0.02269835284965858,0.023897504065030897,0.949821068672731,0.02269835284965858
1230.2204408817636,0.2022014074334376,0.9833735885005701,0.19883952362768537,0.2022014074334376,0.9833735885005701,0.19883952362768537,0.2022014074334376,0.9833735885005701,0.19883952362768537,0.2022014074334376,0.9833735885005701,0.19883952362768537,0.2022014074334376,0.9833735885005701,0.19883952362768537,0.2022014074334376,0.9833735885005701,0.19883952362768537,0.08891608972124046,0.9808714231862501,0.08721525146902943,0.08891608972124046,0.9808714231862501,0.08721525146902943,0.08891608972124046,0.9808714231862501,0.08721525146902943,0.03833978939185534,0.9735124234883862,0.03732426128689941,0.03833978939185534,0.9735124234883862,0.03732426128689941,0.03833978939185534,0.9735124234883862,0.03732426128689941,0.023321397036980242,0.9496534586949723,0.022147245357766965,0.023321397036980242,0.9496534586949723,0.022147245357766965,0.023321397036980242,0.9496534586949723,0.022147245357766965
1234.188376753507,0.20025172527912125,0.9833848217415324,0.19692450716704296,0.20025172527912125,0.9833848217415324,0.19692450716704296,0.20025172527912125,0.9833848217415324,0.19692450716704296,0.20025172527912125,0.9833848217415324,0.19692450716704296,0.20025172527912125,0.9833848217415324,0.19692450716704296,0.20025172527912125,0.9833848217415324,0.19692450716704296,0.08727238962863657,0.9808669518724141,0.08560260279766244,0.08727238962863657,0.9808669518724141,0.08560260279766244,0.08727238962863657,0.9808669518724141,0.08560260279766244,0.035647213948742665,0.9734452173046245,0.03470060992863824,0.035647213948742665,0.9734452173046245,0.03470060992863824,0.035647213948742665,0.9734452173046245,0.03470060992863824,0.023377518971707676,0.9494931275428014,0.022196793602637894,0.023377518971707676,0.9494931275428014,0.022196793602637894,0.023377518971707676,0.9494931275428014,0.022196793602637894
1238.1563126252504,0.19827707664493704,0.9833953812897517,0.19498476138826518,0.19827707664493704,0.9833953812897517,0.19498476138826518,0.19827707664493704,0.9833953812897517,0.19498476138826518,0.19827707664493704,0.9833953812897517,0.19498476138826518,0.19827707664493704,0.9833953812897517,0.19498476138826518,0.19827707664493704,0.9833953812897517,0.19498476138826518,0.08567348395183308,0.9808621492345125,0.08403387760140352,0.08567348395183308,0.9808621492345125,0.08403387760140352,0.08567348395183308,0.9808621492345125,0.08403387760140352,0.03295037189798318,0.9733790338978572,0.03207320116463397,0.03295037189798318,0.9733790338978572,0.03207320116463397,0.03295037189798318,0.9733790338978572,0.03207320116463397,0.023956835886402794,0.9493401711439835,0.022743186680465953,0.023956835886402794,0.9493401711439835,0.022743186680465953,0.023956835886402794,0.9493401711439835,0.022743186680465953
1242.124248496994,0.19627755831638402,0.9834052501411783,0.19302038133322333,0.19627755831638402,0.9834052501411783,0.19302038133322333,0.19627755831638402,0.9834052501411783,0.19302038133322333,0.19627755831638402,0.9834052501411783,0.19302038133322333,0.19627755831638402,0.9834052501411783,0.19302038133322333,0.19627755831638402,0.9834052501411783,0.19302038133322333,0.08411816859825468,0.9808569515645761,0.08250789042247914,0.08411816859825468,0.9808569515645761,0.08250789042247914,0.08411816859825468,0.9808569515645761,0.08250789042247914,0.030265496092937026,0.9733137958378371,0.029457824885131764,0.030265496092937026,0.9733137958378371,0.029457824885131764,0.030265496092937026,0.9733137958378371,0.029457824885131764,0.024951856983127095,0.9491934137795435,0.023684138309953348,0.024951856983127095,0.9491934137795435,0.023684138309953348,0.024951856983127095,0.9491934137795435,0.023684138309953348
1246.0921843687374,0.19425327585238192,0.9834144129842576,0.19103147124263922,0.19425327585238192,0.9834144129842576,0.19103147124263922,0.19425327585238192,0.9834144129842576,0.19103147124263922,0.19425327585238192,0.9834144129842576,0.19103147124263922,0.19425327585238192,0.9834144129842576,0.19103147124263922,0.19425327585238192,0.9834144129842576,0.19103147124263922,0.08260531508550085,0.9808512959486008,0.08102353035385601,0.08260531508550085,0.9808512959486008,0.08102353035385601,0.08260531508550085,0.9808512959486008,0.08102353035385601,0.027606774764151635,0.9732494107217255,0.026868277271137983,0.027606774764151635,0.9732494107217255,0.026868277271137983,0.027606774764151635,0.9732494107217255,0.026868277271137983,0.026278114942283097,0.9490513312656195,0.02493927996912474,0.026278114942283097,0.9490513312656195,0.02493927996912474,0.026278114942283097,0.9490513312656195,0.02493927996912474
1250.060120240481,0.19220435077467646,0.9834228562860374,0.18901815162943578,0.19220435077467646,0.9834228562860374,0.18901815162943578,0.19220435077467646,0.9834228562860374,0.18901815162943578,0.19220435077467646,0.9834228562860374,0.18901815162943578,0.19220435077467646,0.9834228562860374,0.18901815162943578,0.19220435077467646,0.9834228562860374,0.18901815162943578,0.08113387935234169,0.9808451204334325,0.07957976966457916,0.08113387935234169,0.9808451204334325,0.07957976966457916,0.08113387935234169,0.9808451204334325,0.07957976966457916,0.024986444968948984,0.973185776496124,0.024316452848984288,0.024986444968948984,0.973185776496124,0.024316452848984288,0.024986444968948984,0.973185776496124,0.024316452848984288,0.02787166417854609,0.9489125608186245,0.026447772229940894,0.02787166417854609,0.9489125608186245,0.026447772229940894,0.02787166417854609,0.9489125608186245,0.026447772229940894
1254.0280561122245,0.1901309288850693,0.9834305683927306,0.18698056746248154,0.1901309288850693,0.9834305683927306,0.18698056746248154,0.1901309288850693,0.9834305683927306,0.18698056746248154,0.1901309288850693,0.9834305683927306,0.18698056746248154,0.1901309288850693,0.9834305683927306,0.18698056746248154,0.1901309288850693,0.9834305683927306,0.18698056746248154,0.07970290835905192,0.9808383641674638,0.07817567025428176,0.07970290835905192,0.9808383641674638,0.07817567025428176,0.07970290835905192,0.9808383641674638,0.07817567025428176,0.022414904759006166,0.973122784970256,0.021812454543927124,0.022414904759006166,0.973122784970256,0.021812454543927124,0.022414904759006166,0.973122784970256,0.021812454543927124,0.02967794526676441,0.9487761283879937,0.028157726008711522,0.02967794526676441,0.9487761283879937,0.028157726008711522,0.02967794526676441,0.9487761283879937,0.028157726008711522
1257.995991983968,0.18803318986216744,0.9834375396469216,0.18491889761001243,0.18803318986216744,0.9834375396469216,0.18491889761001243,0.18803318986216744,0.9834375396469216,0.18491889761001243,0.18803318986216744,0.9834375396469216,0.18491889761001243,0.18803318986216744,0.9834375396469216,0.18491889761001243,0.18803318986216744,0.9834375396469216,0.18491889761001243,0.07831154468822779,0.9808309675300212,0.07681038814532495,0.07831154468822779,0.9808309675300212,0.07681038814532495,0.07831154468822779,0.9808309675300212,0.07681038814532495,0.019900831266715865,0.9730603238865967,0.019364709318003052,0.019900831266715865,0.9730603238865967,0.019364709318003052,0.019900831266715865,0.9730603238865967,0.019364709318003052,0.031640667468483825,0.9486415378109256,0.030015651444666624,0.031640667468483825,0.9486415378109256,0.030015651444666624,0.031640667468483825,0.9486415378109256,0.030015651444666624
1261.9639278557115,0.18591135825983063,0.9834437625232124,0.18283336566284875,0.18591135825983063,0.9834437625232124,0.18283336566284875,0.18591135825983063,0.9834437625232124,0.18283336566284875,0.18591135825983063,0.9834437625232124,0.18283336566284875,0.18591135825983063,0.9834437625232124,0.18283336566284875,0.18591135825983063,0.9834437625232124,0.18283336566284875,0.07695902929527772,0.9808228722639858,0.07548317616004252,0.07695902929527772,0.9808228722639858,0.07548317616004252,0.07695902929527772,0.9808228722639858,0.07548317616004252,0.017451300107673283,0.9729982779051844,0.016980084951972663,0.017451300107673283,0.9729982779051844,0.016980084951972663,0.017451300107673283,0.9729982779051844,0.016980084951972663,0.03369546421202803,0.9485087757310845,0.031960443507441275,0.03369546421202803,0.9485087757310845,0.031960443507441275,0.03369546421202803,0.9485087757310845,0.031960443507441275
1265.931863727455,0.1837657159880007,0.9834492317835593,0.18072425221655503,0.1837657159880007,0.9834492317835593,0.18072425221655503,0.1837657159880007,0.9834492317835593,0.18072425221655503,0.1837657159880007,0.9834492317835593,0.18072425221655503,0.1837657159880007,0.9834492317835593,0.18072425221655503,0.1837657159880007,0.9834492317835593,0.18072425221655503,0.0756447025130471,0.9808140216261056,0.0741933848865321,0.0756447025130471,0.9808140216261056,0.0741933848865321,0.0756447025130471,0.9808140216261056,0.0741933848865321,0.015071905751532817,0.9729365288059442,0.014664007664386684,0.015071905751532817,0.9729365288059442,0.014664007664386684,0.015071905751532817,0.9729365288059442,0.014664007664386684,0.03577102082498003,0.9483782257826677,0.03392445726442942,0.03577102082498003,0.9483782257826677,0.03392445726442942,0.03577102082498003,0.9483782257826677,0.03392445726442942
1269.8997995991983,0.18159661630157473,0.9834539446528331,0.17859190863739063,0.18159661630157473,0.9834539446528331,0.17859190863739063,0.18159661630157473,0.9834539446528331,0.17859190863739063,0.18159661630157473,0.9834539446528331,0.17859190863739063,0.18159661630157473,0.9834539446528331,0.17859190863739063,0.18159661630157473,0.9834539446528331,0.17859190863739063,0.07436800339091813,0.9808043605696665,0.07294046201267225,0.07436800339091813,0.9808043605696665,0.07294046201267225,0.07436800339091813,0.9808043605696665,0.07294046201267225,0.01276688397593821,0.9728749551489287,0.012420581675482463,0.01276688397593821,0.9728749551489287,0.012420581675482463,0.01276688397593821,0.9728749551489287,0.012420581675482463,0.03779727115869914,0.9482504882725675,0.03584128083160709,0.03779727115869914,0.9482504882725675,0.03584128083160709,0.03779727115869914,0.9482504882725675,0.03584128083160709
1273.8677354709419,0.1794044992532786,0.9834579010142079,0.1764367722681344,0.1794044992532786,0.9834579010142079,0.1764367722681344,0.1794044992532786,0.9834579010142079,0.1764367722681344,0.1794044992532786,0.9834579010142079,0.1764367722681344,0.1794044992532786,0.9834579010142079,0.1764367722681344,0.1794044992532786,0.9834579010142079,0.1764367722681344,0.07312846744800501,0.98079383597464,0.07172395010727542,0.07312846744800501,0.98079383597464,0.07172395010727542,0.07312846744800501,0.98079383597464,0.07172395010727542,0.01053923732828958,0.9728134315718092,0.010252711631483093,0.01053923732828958,0.9728134315718092,0.010252711631483093,0.01053923732828958,0.9728134315718092,0.010252711631483093,0.039716329863552564,0.9481261504455862,0.037656090943357166,0.039716329863552564,0.9481261504455862,0.037656090943357166,0.039716329863552564,0.9481261504455862,0.037656090943357166
1277.8356713426856,0.177189908481165,0.983461103622771,0.1742593829457043,0.177189908481165,0.983461103622771,0.1742593829457043,0.177189908481165,0.983461103622771,0.1742593829457043,0.177189908481165,0.983461103622771,0.1742593829457043,0.177189908481165,0.983461103622771,0.1742593829457043,0.177189908481165,0.983461103622771,0.1742593829457043,0.07192572294477215,0.9807823969410635,0.07054348295149247,0.07192572294477215,0.9807823969410635,0.07054348295149247,0.07192572294477215,0.9807823969410635,0.07054348295149247,0.008390863586082776,0.9727518278550171,0.008162227890644124,0.008390863586082776,0.9727518278550171,0.008162227890644124,0.008390863586082776,0.9727518278550171,0.008162227890644124,0.04149033115967282,0.9480055882899309,0.03933306579936968,0.04149033115967282,0.9480055882899309,0.03933306579936968,0.04149033115967282,0.9480055882899309,0.03933306579936968
1281.803607214429,0.17495350910013824,0.9834635583342557,0.17206040060268654,0.17495350910013824,0.9834635583342557,0.17206040060268654,0.17495350910013824,0.9834635583342557,0.17206040060268654,0.17495350910013824,0.9834635583342557,0.17206040060268654,0.17495350910013824,0.9834635583342557,0.17206040060268654,0.17495350910013824,0.9834635583342557,0.17206040060268654,0.07075948582867142,0.9807699951620572,0.06939878057385572,0.07075948582867142,0.9807699951620572,0.06939878057385572,0.07075948582867142,0.9807699951620572,0.06939878057385572,0.006322686147114823,0.9726900078505907,0.0061500136380739385,0.006322686147114823,0.9726900078505907,0.0061500136380739385,0.006322686147114823,0.9726900078505907,0.0061500136380739385,0.04310299090882452,0.9478888584628462,0.04085684484890011,0.04310299090882452,0.9478888584628462,0.04085684484890011,0.04310299090882452,0.9478888584628462,0.04085684484890011
1285.7715430861724,0.17269610635060326,0.9834652743439873,0.16984062361023444,0.17269610635060326,0.9834652743439873,0.16984062361023444,0.17269610635060326,0.9834652743439873,0.16984062361023444,0.17269610635060326,0.9834652743439873,0.16984062361023444,0.17269610635060326,0.9834652743439873,0.16984062361023444,0.17269610635060326,0.9834652743439873,0.16984062361023444,0.06962955358709434,0.9807565853933201,0.06828964321853985,0.06962955358709434,0.9807565853933201,0.06828964321853985,0.06962955358709434,0.9807565853933201,0.06828964321853985,0.0043347844527330355,0.9726278283517555,0.004216131988634685,0.0043347844527330355,0.9726278283517555,0.004216131988634685,0.0043347844527330355,0.9726278283517555,0.004216131988634685,0.04455584994877475,0.947775680401836,0.0422289510010821,0.04455584994877475,0.947775680401836,0.0422289510010821,0.04455584994877475,0.947775680401836,0.0422289510010821
1289.739478957916,0.17041866452824644,0.9834662644290192,0.16760100739257672,0.17041866452824644,0.9834662644290192,0.16760100739257672,0.17041866452824644,0.9834662644290192,0.16760100739257672,0.17041866452824644,0.9834662644290192,0.16760100739257672,0.17041866452824644,0.9834662644290192,0.16760100739257672,0.17041866452824644,0.9834662644290192,0.16760100739257672,0.06853579834260502,0.980742126035821,0.06721594457608875,0.06853579834260502,0.980742126035821,0.06721594457608875,0.06853579834260502,0.980742126035821,0.06721594457608875,0.0024265221095038014,0.9725651379768608,0.002359950810233468,0.0024265221095038014,0.9725651379768608,0.002359950810233468,0.0024265221095038014,0.9725651379768608,0.002359950810233468,0.04586227450136523,0.94766546740279,0.04346209380149134,0.04586227450136523,0.94766546740279,0.04346209380149134,0.04586227450136523,0.94766546740279,0.04346209380149134
1293.7074148296592,0.1681223255814793,0.9834665451840781,0.1653426827079302,0.1681223255814793,0.9834665451840781,0.1653426827079302,0.1681223255814793,0.9834665451840781,0.1653426827079302,0.1681223255814793,0.9834665451840781,0.1653426827079302,0.1681223255814793,0.9834665451840781,0.1653426827079302,0.1681223255814793,0.9834665451840781,0.1653426827079302,0.06747815964554557,0.9807265798472106,0.06617762472355997,0.06747815964554557,0.9807265798472106,0.06617762472355997,0.06747815964554557,0.9807265798472106,0.06617762472355997,0.0005966703605777484,0.9725017761544719,0.0005802629854405895,0.0005966703605777484,0.9725017761544719,0.0005802629854405895,0.0005966703605777484,0.9725017761544719,0.0005802629854405895,0.04704183891617694,0.947557361156285,0.04457484074735166,0.04704183891617694,0.947557361156285,0.04457484074735166,0.04704183891617694,0.947557361156285,0.04457484074735166
1297.6753507014027,0.16580842662409637,0.9834661372394234,0.16306697285374644,0.16580842662409637,0.9834661372394234,0.16306697285374644,0.16580842662409637,0.9834661372394234,0.16306697285374644,0.16580842662409637,0.9834661372394234,0.16306697285374644,0.16580842662409637,0.9834661372394234,0.16306697285374644,0.16580842662409637,0.9834661372394234,0.16306697285374644,0.06645663754741098,0.9807099147946164,0.06517468334665813,0.06645663754741098,0.9807099147946164,0.06517468334665813,0.06645663754741098,0.9807099147946164,0.06517468334665813,0.0011564750584730104,0.972437572328434,0.0011245997983198779,0.0011564750584730104,0.972437572328434,0.0011245997983198779,0.0011564750584730104,0.972437572328434,0.0011245997983198779,0.04811629203281337,0.947450240326943,0.0455877924501304,0.04811629203281337,0.947450240326943,0.0455877924501304,0.04811629203281337,0.947450240326943,0.0455877924501304
1301.6432865731465,0.16347851548020015,0.983465065446236,0.16077540892578854,0.16347851548020015,0.983465065446236,0.16077540892578854,0.16347851548020015,0.983465065446236,0.16077540892578854,0.16347851548020015,0.983465065446236,0.16077540892578854,0.16347851548020015,0.983465065446236,0.16077540892578854,0.16347851548020015,0.983465065446236,0.16077540892578854,0.06547128665883845,0.9806921050561354,0.06420717393418994,0.06547128665883845,0.9806921050561354,0.06420717393418994,0.06547128665883845,0.9806921050561354,0.06420717393418994,0.002834984897290327,0.9723723455563588,0.0027566609141950484,0.002834984897290327,0.9723723455563588,0.0027566609141950484,0.002834984897290327,0.9723723455563588,0.0027566609141950484,0.04910721835057556,0.9473426914699015,0.046521364402834386,0.04910721835057556,0.9473426914699015,0.046521364402834386,0.04910721835057556,0.9473426914699015,0.046521364402834386
1305.6112224448898,0.16113436326945682,0.9834633590129046,0.1584697421533856,0.16113436326945682,0.9834633590129046,0.1584697421533856,0.16113436326945682,0.9834633590129046,0.1584697421533856,0.16113436326945682,0.9834633590129046,0.1584697421533856,0.16113436326945682,0.9834633590129046,0.1584697421533856,0.16113436326945682,0.9834633590129046,0.1584697421533856,0.06452221198541931,0.9806731321696532,0.0632751997222555,0.06452221198541931,0.9806731321696532,0.0632751997222555,0.06452221198541931,0.9806731321696532,0.0632751997222555,0.004441195315787028,0.9723059047570145,0.0043182004297189205,0.004441195315787028,0.9723059047570145,0.0043182004297189205,0.004441195315787028,0.9723059047570145,0.0043182004297189205,0.050035038045673504,0.9472329474896857,0.04739483656576188,0.050035038045673504,0.9472329474896857,0.04739483656576188,0.050035038045673504,0.9472329474896857,0.04739483656576188
1309.5791583166333,0.15877797296908086,0.9834610515738866,0.1561519522629424,0.15877797296908086,0.9834610515738866,0.1561519522629424,0.15877797296908086,0.9834610515738866,0.1561519522629424,0.15877797296908086,0.9834610515738866,0.1561519522629424,0.15877797296908086,0.9834610515738866,0.1561519522629424,0.15877797296908086,0.9834610515738866,0.1561519522629424,0.06360956736237255,0.9806529863147343,0.0623789121920989,0.06360956736237255,0.9806529863147343,0.0623789121920989,0.06360956736237255,0.9806529863147343,0.0623789121920989,0.005977613377125318,0.9722380499757397,0.005811663173285215,0.005977613377125318,0.9722380499757397,0.005811663173285215,0.005977613377125318,0.9722380499757397,0.005811663173285215,0.0509189022241565,0.9471188308631306,0.04822625114337717,0.0509189022241565,0.9471188308631306,0.04822625114337717,0.0509189022241565,0.9471188308631306,0.04822625114337717
1313.547094188377,0.15641158287240314,0.983458181172017,0.1538242508059298,0.15641158287240314,0.983458181172017,0.1538242508059298,0.15641158287240314,0.983458181172017,0.1538242508059298,0.15641158287240314,0.983458181172017,0.1538242508059298,0.15641158287240314,0.983458181172017,0.1538242508059298,0.15641158287240314,0.983458181172017,0.1538242508059298,0.06273355723904851,0.9806316676955954,0.06151851285580524,0.06273355723904851,0.9806316676955954,0.06151851285580524,0.06273355723904851,0.9806316676955954,0.06151851285580524,0.007446825789982001,0.9721685751817107,0.007239570017873219,0.007446825789982001,0.9721685751817107,0.007239570017873219,0.007446825789982001,0.9721685751817107,0.007239570017873219,0.051776995839043764,0.9469978225312004,0.04903270231678147,0.051776995839043764,0.9469978225312004,0.04903270231678147,0.051776995839043764,0.9469978225312004,0.04903270231678147
1317.5150300601201,0.15403766392016713,0.9834547901356023,0.15148907844358642,0.15403766392016713,0.9834547901356023,0.15148907844358642,0.15403766392016713,0.9834547901356023,0.15148907844358642,0.15403766392016713,0.9834547901356023,0.15148907844358642,0.15403766392016713,0.9834547901356023,0.15148907844358642,0.15403766392016713,0.9834547901356023,0.15148907844358642,0.06189444235800553,0.9806091879705308,0.06069425886057263,0.06189444235800553,0.9806091879705308,0.06069425886057263,0.06189444235800553,0.9806091879705308,0.06069425886057263,0.008851405178089676,0.9720972732735994,0.008604426838260792,0.008851405178089676,0.9720972732735994,0.008604426838260792,0.008851405178089676,0.9720972732735994,0.008604426838260792,0.05262643769157693,0.9468675514281782,0.04983026619741104,0.05262643769157693,0.9468675514281782,0.04983026619741104,0.05262643769157693,0.9468675514281782,0.04983026619741104
1321.4829659318636,0.15165891002523538,0.9834509248336988,0.14914909532358844,0.15165891002523538,0.9834509248336988,0.14914909532358844,0.15165891002523538,0.9834509248336988,0.14914909532358844,0.15165891002523538,0.9834509248336988,0.14914909532358844,0.15165891002523538,0.9834509248336988,0.14914909532358844,0.15165891002523538,0.9834509248336988,0.14914909532358844,0.061092549498776905,0.9805855716464386,0.05990647257359649,0.061092549498776905,0.9805855716464386,0.05990647257359649,0.061092549498776905,0.9805855716464386,0.05990647257359649,0.010193805438819876,0.972023944111538,0.009908622968147344,0.010193805438819876,0.972023944111538,0.009908622968147344,0.010193805438819876,0.972023944111538,0.009908622968147344,0.05348128972395665,0.9467271273025994,0.05063218778479951,0.05348128972395665,0.9467271273025994,0.05063218778479951,0.05348128972395665,0.9467271273025994,0.05063218778479951
1325.4509018036074,0.14927822075372257,0.9834466352968824,0.1468071639233537,0.14927822075372257,0.9834466352968824,0.1468071639233537,0.14927822075372257,0.9834466352968824,0.1468071639233537,0.14927822075372257,0.9834466352968824,0.1468071639233537,0.14927822075372257,0.9834466352968824,0.1468071639233537,0.14927822075372257,0.9834466352968824,0.1468071639233537,0.06032828489865632,0.9805608573285941,0.05915555476139012,0.06032828489865632,0.9805608573285941,0.05915555476139012,0.06032828489865632,0.9805608573285941,0.05915555476139012,0.011476235272351996,0.9719484064286399,0.01115430858476267,0.011476235272351996,0.9719484064286399,0.01115430858476267,0.011476235272351996,0.9719484064286399,0.01115430858476267,0.054347610020083564,0.9465790701680353,0.0514443101586657,0.054347610020083564,0.9465790701680353,0.0514443101586657,0.054347610020083564,0.9465790701680353,0.0514443101586657
1329.4188376753507,0.1468986760661572,0.983441974696627,0.14446632407082177,0.1468986760661572,0.983441974696627,0.14446632407082177,0.1468986760661572,0.983441974696627,0.14446632407082177,0.1468986760661572,0.983441974696627,0.14446632407082177,0.1468986760661572,0.983441974696627,0.14446632407082177,0.1468986760661572,0.983441974696627,0.14446632407082177,0.05960215023983289,0.9805350986895497,0.05844200026752391,0.05960215023983289,0.9805350986895497,0.05844200026752391,0.05960215023983289,0.9805350986895497,0.05844200026752391,0.012700497974173029,0.9718705142561355,0.012343239497468548,0.012700497974173029,0.9718705142561355,0.012343239497468548,0.012700497974173029,0.9718705142561355,0.012343239497468548,0.05521912669181039,0.9464296031211681,0.0522610161596276,0.05521912669181039,0.9464296031211681,0.0522610161596276,0.05521912669181039,0.9464296031211681,0.0522610161596276
1333.3867735470942,0.1445235032491977,0.983436998684004,0.14212976027468888,0.1445235032491977,0.983436998684004,0.14212976027468888,0.1445235032491977,0.983436998684004,0.14212976027468888,0.1445235032491977,0.983436998684004,0.14212976027468888,0.1445235032491977,0.983436998684004,0.14212976027468888,0.1445235032491977,0.983436998684004,0.14212976027468888,0.058914759268992895,0.9805083650028152,0.05776641428537468,0.058914759268992895,0.9805083650028152,0.05776641428537468,0.058914759268992895,0.9805083650028152,0.05776641428537468,0.013867788297057898,0.9717901778134124,0.013476580455076654,0.013867788297057898,0.9717901778134124,0.013476580455076654,0.013867788297057898,0.9717901778134124,0.013476580455076654,0.0560808592870953,0.9462853772951151,0.053068497089523235,0.0560808592870953,0.9462853772951151,0.053068497089523235,0.0560808592870953,0.9462853772951151,0.053068497089523235
1337.354709418838,0.14215603665587148,0.983431764597325,0.1398007619766457,0.14215603665587148,0.983431764597325,0.1398007619766457,0.14215603665587148,0.983431764597325,0.1398007619766457,0.14215603665587148,0.983431764597325,0.1398007619766457,0.14215603665587148,0.983431764597325,0.1398007619766457,0.14215603665587148,0.983431764597325,0.1398007619766457,0.05826685231339259,0.9804807410838285,0.057129526536857156,0.05826685231339259,0.9804807410838285,0.057129526536857156,0.05826685231339259,0.9804807410838285,0.057129526536857156,0.014978446564278464,0.9717073874641122,0.014554667179245834,0.014978446564278464,0.9717073874641122,0.014554667179245834,0.014978446564278464,0.9717073874641122,0.014554667179245834,0.05691832553435862,0.9461498310704621,0.05385326408914698,0.05691832553435862,0.9461498310704621,0.05385326408914698,0.05691832553435862,0.9461498310704621,0.05385326408914698
1341.3226452905812,0.13979967138076968,0.9834263305579092,0.13748267783919188,0.13979967138076968,0.9834263305579092,0.13748267783919188,0.13979967138076968,0.9834263305579092,0.13748267783919188,0.13979967138076968,0.9834263305579092,0.13748267783919188,0.13979967138076968,0.9834263305579092,0.13748267783919188,0.13979967138076968,0.9834263305579092,0.13748267783919188,0.057659305348607894,0.9804523264995451,0.05653220007339027,0.057659305348607894,0.9804523264995451,0.05653220007339027,0.057659305348607894,0.9804523264995451,0.05653220007339027,0.016031688630525093,0.9716222373017286,0.015576745174915476,0.016031688630525093,0.9716222373017286,0.015576745174915476,0.016031688630525093,0.9716222373017286,0.015576745174915476,0.05772210196466074,0.9460229054216884,0.0546064306076553,0.05772210196466074,0.9460229054216884,0.0546064306076553,0.05772210196466074,0.9460229054216884,0.0546064306076553
1345.2905811623245,0.13745781247633718,0.9834207544824076,0.1351788656549808,0.13745781247633718,0.9834207544824076,0.1351788656549808,0.13745781247633718,0.9834207544824076,0.1351788656549808,0.13745781247633718,0.9834207544824076,0.1351788656549808,0.13745781247633718,0.9834207544824076,0.1351788656549808,0.13745781247633718,0.9834207544824076,0.1351788656549808,0.0570931300553025,0.9804232339534297,0.05597543120534343,0.0570931300553025,0.9804232339534297,0.05597543120534343,0.0570931300553025,0.9804232339534297,0.05597543120534343,0.01702535657009237,0.9715349426511279,0.016540728818939695,0.01702535657009237,0.9715349426511279,0.016540728818939695,0.01702535657009237,0.9715349426511279,0.016540728818939695,0.05848642685575889,0.9459027494572189,0.05532247196879086,0.05848642685575889,0.9459027494572189,0.05532247196879086,0.05848642685575889,0.9459027494572189,0.05532247196879086
1349.2585170340683,0.1351338217130654,0.9834150930480441,0.13289263985389202,0.1351338217130654,0.9834150930480441,0.13289263985389202,0.1351338217130654,0.9834150930480441,0.13289263985389202,0.1351338217130654,0.9834150930480441,0.13289263985389202,0.1351338217130654,0.9834150930480441,0.13289263985389202,0.1351338217130654,0.9834150930480441,0.13289263985389202,0.056569461649667675,0.9803935868246925,0.05546033741145957,0.056569461649667675,0.9803935868246925,0.05546033741145957,0.056569461649667675,0.9803935868246925,0.05546033741145957,0.01795576072924006,0.97144584438732,0.01744304914323329,0.01795576072924006,0.97144584438732,0.01744304914323329,0.01795576072924006,0.97144584438732,0.01744304914323329,0.05920653256432374,0.9457871106804392,0.05599677536741909,0.05920653256432374,0.9457871106804392,0.05599677536741909,0.05920653256432374,0.9457871106804392,0.05599677536741909
1353.2264529058116,0.13283096414954185,0.9834094006527038,0.13062721884242173,0.13283096414954185,0.9834094006527038,0.13062721884242173,0.13283096414954185,0.9834094006527038,0.13062721884242173,0.13283096414954185,0.9834094006527038,0.13062721884242173,0.13283096414954185,0.9834094006527038,0.13062721884242173,0.13283096414954185,0.9834094006527038,0.13062721884242173,0.05608953227309617,0.9803635159326741,0.054988131066271755,0.05608953227309617,0.9803635159326741,0.054988131066271755,0.05608953227309617,0.9803635159326741,0.054988131066271755,0.018817692723691812,0.9713553940413437,0.018278667330570587,0.018817692723691812,0.9713553940413437,0.018278667330570587,0.018817692723691812,0.9713553940413437,0.018278667330570587,0.059876995813397074,0.9456739598354541,0.05662411573390612,0.059876995813397074,0.9456739598354541,0.05662411573390612,0.059876995813397074,0.9456739598354541,0.05662411573390612
1357.194388777555,0.13055235686968153,0.9834037284142465,0.12838567449891208,0.13055235686968153,0.9834037284142465,0.12838567449891208,0.13055235686968153,0.9834037284142465,0.12838567449891208,0.13055235686968153,0.9834037284142465,0.12838567449891208,0.13055235686968153,0.9834037284142465,0.12838567449891208,0.13055235686968153,0.9834037284142465,0.12838567449891208,0.055654629326786935,0.9803331556958695,0.05456007839701292,0.055654629326786935,0.9803331556958695,0.05456007839701292,0.055654629326786935,0.9803331556958695,0.05456007839701292,0.01960466432419459,0.9712641181434208,0.01904130700633664,0.01960466432419459,0.9712641181434208,0.01904130700633664,0.01960466432419459,0.9712641181434208,0.01904130700633664,0.06049106109284239,0.9455617069916843,0.05719803098468631,0.06049106109284239,0.9455617069916843,0.05719803098468631,0.06049106109284239,0.9455617069916843,0.05719803098468631
1361.1623246492989,0.12830092214573946,0.983398123252264,0.126170886049655,0.12830092214573946,0.983398123252264,0.126170886049655,0.12830092214573946,0.983398123252264,0.126170886049655,0.12830092214573946,0.983398123252264,0.126170886049655,0.12830092214573946,0.983398123252264,0.126170886049655,0.12830092214573946,0.983398123252264,0.126170886049655,0.055266040115632666,0.9803026399419028,0.054177445024489804,0.055266040115632666,0.9803026399419028,0.054177445024489804,0.055266040115632666,0.9803026399419028,0.054177445024489804,0.020309366835529048,0.971172567134972,0.01972389992654661,0.020309366835529048,0.971172567134972,0.01972389992654661,0.020309366835529048,0.971172567134972,0.01972389992654661,0.06104047081295011,0.9454493125098626,0.05771067116538202,0.06104047081295011,0.9454493125098626,0.05771067116538202,0.06104047081295011,0.9454493125098626,0.05771067116538202
1365.1302605210421,0.12607934700252044,0.9833926270907897,0.12398550027069985,0.12607934700252044,0.9833926270907897,0.12398550027069985,0.12607934700252044,0.9833926270907897,0.12398550027069985,0.12607934700252044,0.9833926270907897,0.12398550027069985,0.12607934700252044,0.9833926270907897,0.12398550027069985,0.12607934700252044,0.9833926270907897,0.12398550027069985,0.0549249861656847,0.9802720976812092,0.05384143140374713,0.0549249861656847,0.9802720976812092,0.05384143140374713,0.0549249861656847,0.9802720976812092,0.05384143140374713,0.020924272685316832,0.9710812602265676,0.020319169088581814,0.020924272685316832,0.9710812602265676,0.020319169088581814,0.020924272685316832,0.9710812602265676,0.020319169088581814,0.061515598773066865,0.9453364068281522,0.05815293510801332,0.061515598773066865,0.9453364068281522,0.05815293510801332,0.061515598773066865,0.9453364068281522,0.05815293510801332
1369.0981963927857,0.1238900507202371,0.9833872762126533,0.12183189952762143,0.1238900507202371,0.9833872762126533,0.12183189952762143,0.1238900507202371,0.9833872762126533,0.12183189952762143,0.1238900507202371,0.9833872762126533,0.12183189952762143,0.1238900507202371,0.9833872762126533,0.12183189952762143,0.1238900507202371,0.9833872762126533,0.12183189952762143,0.054632552192776254,0.9802416491697005,0.05355310305979673,0.054632552192776254,0.9802416491697005,0.05355310305979673,0.054632552192776254,0.9802416491697005,0.05355310305979673,0.021442254009201748,0.9709906392303648,0.020820227926934658,0.021442254009201748,0.9709906392303648,0.020820227926934658,0.021442254009201748,0.9709906392303648,0.020820227926934658,0.06190598452318643,0.9452233752255,0.058514983637663845,0.06190598452318643,0.9452233752255,0.058514983637663845,0.06190598452318643,0.9452233752255,0.058514983637663845
1373.066132264529,0.12173516126993797,0.9833821007861354,0.11971217862917059,0.12173516126993797,0.9833821007861354,0.11971217862917059,0.12173516126993797,0.9833821007861354,0.11971217862917059,0.12173516126993797,0.9833821007861354,0.11971217862917059,0.12173516126993797,0.9833821007861354,0.11971217862917059,0.12173516126993797,0.9833821007861354,0.11971217862917059,0.054389615583460546,0.9802114025503574,0.05331332137523864,0.054389615583460546,0.9802114025503574,0.05331332137523864,0.054389615583460546,0.9802114025503574,0.05331332137523864,0.021857097866578558,0.970901040601184,0.02122107906318304,0.021857097866578558,0.970901040601184,0.02122107906318304,0.021857097866578558,0.970901040601184,0.02122107906318304,0.06220141289282131,0.9451112680827346,0.0587872562156721,0.06220141289282131,0.9451112680827346,0.0587872562156721,0.06220141289282131,0.9451112680827346,0.0587872562156721
1377.0340681362725,0.11961650108663054,0.9833771245734471,0.11762813089010735,0.11961650108663054,0.9833771245734471,0.11762813089010735,0.11961650108663054,0.9833771245734471,0.11762813089010735,0.11961650108663054,0.9833771245734471,0.11762813089010735,0.11961650108663054,0.9833771245734471,0.11762813089010735,0.11961650108663054,0.9833771245734471,0.11762813089010735,0.054196782227684155,0.9801814512876618,0.05312268065905281,0.054196782227684155,0.9801814512876618,0.05312268065905281,0.054196782227684155,0.9801814512876618,0.05312268065905281,0.02216384727086024,0.9708126880475311,0.021516944146498768,0.02216384727086024,0.9708126880475311,0.021516944146498768,0.02216384727086024,0.9708126880475311,0.021516944146498768,0.06239329470460637,0.9450014535769894,0.058961754189310496,0.06239329470460637,0.9450014535769894,0.058961754189310496,0.06239329470460637,0.9450014535769894,0.058961754189310496
1381.0020040080162,0.11753558201322595,0.9833723648195006,0.11558124323478236,0.11753558201322595,0.9833723648195006,0.11558124323478236,0.11753558201322595,0.9833723648195006,0.11558124323478236,0.11753558201322595,0.9833723648195006,0.11558124323478236,0.11753558201322595,0.9833723648195006,0.11558124323478236,0.11753558201322595,0.9833723648195006,0.11558124323478236,0.05405433365539184,0.9801518725081931,0.052981456349514955,0.05405433365539184,0.9801518725081931,0.052981456349514955,0.05405433365539184,0.9801518725081931,0.052981456349514955,0.02235895975229022,0.9707257019015983,0.021704416899331513,0.02235895975229022,0.9707257019015983,0.021704416899331513,0.02235895975229022,0.9707257019015983,0.021704416899331513,0.06247561047009953,0.9448951395065495,0.059032900670901535,0.06247561047009953,0.9448951395065495,0.059032900670901535,0.06247561047009953,0.9448951395065495,0.059032900670901535
1384.9699398797597,0.11549360874724561,0.9833678323095302,0.11357269967938391,0.11549360874724561,0.9833678323095302,0.11357269967938391,0.11549360874724561,0.9833678323095302,0.11357269967938391,0.11549360874724561,0.9833678323095302,0.11357269967938391,0.11549360874724561,0.9833678323095302,0.11357269967938391,0.11549360874724561,0.9833678323095302,0.11357269967938391,0.053962188907446196,0.9801227262557237,0.052889567706692536,0.053962188907446196,0.9801227262557237,0.052889567706692536,0.053962188907446196,0.9801227262557237,0.052889567706692536,0.02244032036452145,0.9706401183907164,0.021781475215344705,0.02244032036452145,0.9706401183907164,0.021781475215344705,0.02244032036452145,0.9706401183907164,0.021781475215344705,0.06244478093599449,0.944793019905695,0.058997393157867804,0.06244478093599449,0.944793019905695,0.058997393157867804,0.06244478093599449,0.944793019905695,0.058997393157867804
1388.937875751503,0.11349148973116052,0.9833635315761646,0.11160339214587403,0.11349148973116052,0.9833635315761646,0.11160339214587403,0.11349148973116052,0.9833635315761646,0.11160339214587403,0.11349148973116052,0.9833635315761646,0.11160339214587403,0.11349148973116052,0.9833635315761646,0.11160339214587403,0.11349148973116052,0.9833635315761646,0.11160339214587403,0.05391988275579829,0.9800940555781957,0.05284655656643116,0.05391988275579829,0.9800940555781957,0.05284655656643116,0.05391988275579829,0.9800940555781957,0.05284655656643116,0.02240716256607707,0.9705559120955218,0.021747404101791563,0.02240716256607707,0.9705559120955218,0.021747404101791563,0.02240716256607707,0.9705559120955218,0.021747404101791563,0.06229850163327224,0.9446951790148392,0.05885309415280037,0.06229850163327224,0.9446951790148392,0.05885309415280037,0.06229850163327224,0.9446951790148392,0.05885309415280037
1392.9058116232466,0.11152985416732175,0.9833594612310224,0.10967393730515201,0.11152985416732175,0.9833594612310224,0.10967393730515201,0.11152985416732175,0.9833594612310224,0.10967393730515201,0.11152985416732175,0.9833594612310224,0.10967393730515201,0.11152985416732175,0.9833594612310224,0.10967393730515201,0.11152985416732175,0.9833594612310224,0.10967393730515201,0.05392656012300925,0.9800658872994622,0.052851581995964854,0.05392656012300925,0.9800658872994622,0.052851581995964854,0.05392656012300925,0.9800658872994622,0.052851581995964854,0.022259944441663015,0.9704730168310451,0.02160267543679216,0.022259944441663015,0.9704730168310451,0.02160267543679216,0.022259944441663015,0.9704730168310451,0.02160267543679216,0.06203402505403689,0.9446011817291854,0.058597413373461145,0.06203402505403689,0.9446011817291854,0.058597413373461145,0.06203402505403689,0.9446011817291854,0.058597413373461145
1396.8737474949899,0.10960907371234084,0.9833556143929058,0.10778469802343622,0.10960907371234084,0.9833556143929058,0.10778469802343622,0.10960907371234084,0.9833556143929058,0.10778469802343622,0.10960907371234084,0.9833556143929058,0.10778469802343622,0.10960907371234084,0.9833556143929058,0.10778469802343622,0.10960907371234084,0.9833556143929058,0.10778469802343622,0.05398098510924698,0.9800382332952852,0.05290342927800551,0.05398098510924698,0.9800382332952852,0.05290342927800551,0.05398098510924698,0.9800382332952852,0.05290342927800551,0.022000211764080187,0.9703913424796345,0.021348815028582022,0.022000211764080187,0.9703913424796345,0.021348815028582022,0.022000211764080187,0.9703913424796345,0.021348815028582022,0.061646267668919605,0.9445102099701991,0.05822552921985035,0.061646267668919605,0.9445102099701991,0.05822552921985035,0.061646267668919605,0.9445102099701991,0.05822552921985035
1400.8416833667334,0.10772928740108029,0.983351979184053,0.10593580798193997,0.10772928740108029,0.983351979184053,0.10593580798193997,0.10772928740108029,0.983351979184053,0.10593580798193997,0.10772928740108029,0.983351979184053,0.10593580798193997,0.10772928740108029,0.983351979184053,0.10593580798193997,0.10772928740108029,0.983351979184053,0.10593580798193997,0.054081562056477524,0.9800110920884096,0.053000530692815635,0.054081562056477524,0.9800110920884096,0.053000530692815635,0.054081562056477524,0.9800110920884096,0.053000530692815635,0.021630463358984046,0.9703107870945576,0.0209882719270758,0.021630463358984046,0.9703107870945576,0.0209882719270758,0.021630463358984046,0.9703107870945576,0.0209882719270758,0.06112582173374917,0.9444211528538718,0.05772851903092765,0.06112582173374917,0.9444211528538718,0.05772851903092765,0.06112582173374917,0.9444211528538718,0.05772851903092765
1404.8096192384771,0.10589042844402533,0.983348539267259,0.10412719813281651,0.10589042844402533,0.983348539267259,0.10412719813281651,0.10589042844402533,0.983348539267259,0.10412719813281651,0.10589042844402533,0.983348539267259,0.10412719813281651,0.10589042844402533,0.983348539267259,0.10412719813281651,0.10589042844402533,0.983348539267259,0.10412719813281651,0.05422636559338702,0.9799844505947501,0.05314099509378544,0.05422636559338702,0.9799844505947501,0.05314099509378544,0.05422636559338702,0.9799844505947501,0.05314099509378544,0.02115402283592453,0.9702312446610216,0.02052429390568673,0.02115402283592453,0.9702312446610216,0.02052429390568673,0.02115402283592453,0.9702312446610216,0.02052429390568673,0.060456817032086364,0.9443326196057004,0.057091344400932637,0.060456817032086364,0.9443326196057004,0.057091344400932637,0.060456817032086364,0.9443326196057004,0.057091344400932637
1408.7775551102204,0.10409225170553459,0.9833452743994929,0.10235862381623999,0.10409225170553459,0.9833452743994929,0.10235862381623999,0.10409225170553459,0.9833452743994929,0.10235862381623999,0.10409225170553459,0.9833452743994929,0.10235862381623999,0.10409225170553459,0.9833452743994929,0.10235862381623999,0.10409225170553459,0.9833452743994929,0.10235862381623999,0.054413176542844534,0.9799582858832221,0.05332264321438708,0.054413176542844534,0.9799582858832221,0.05332264321438708,0.054413176542844534,0.9799582858832221,0.05332264321438708,0.02057491474558739,0.9701526093716376,0.01996080722803059,0.02057491474558739,0.9701526093716376,0.01996080722803059,0.02057491474558739,0.9701526093716376,0.01996080722803059,0.05961477766914071,0.9442428755045952,0.05629082908887655,0.05961477766914071,0.9442428755045952,0.05629082908887655,0.05961477766914071,0.9442428755045952,0.05629082908887655
1412.745490981964,0.10233436087542448,0.9833421609813979,0.10062969156589013,0.10233436087542448,0.9833421609813979,0.10062969156589013,0.10233436087542448,0.9833421609813979,0.10062969156589013,0.10233436087542448,0.9833421609813979,0.10062969156589013,0.10233436087542448,0.9833421609813979,0.10062969156589013,0.10233436087542448,0.9833421609813979,0.10062969156589013,0.054639520822828046,0.9799325668475007,0.05354304589123135,0.054639520822828046,0.9799325668475007,0.05354304589123135,0.054639520822828046,0.9799325668475007,0.05354304589123135,0.01989774148749021,0.9700747773643082,0.019302297143529625,0.01989774148749021,0.9700747773643082,0.019302297143529625,0.01989774148749021,0.9700747773643082,0.019302297143529625,0.05856551526699125,0.9441497209483192,0.05529461489652431,0.05856551526699125,0.9441497209483192,0.05529461489652431,0.05856551526699125,0.9441497209483192,0.05529461489652431
1416.7134268537077,0.10061623456678982,0.9833391725862309,0.09893988484764923,0.10061623456678982,0.9833391725862309,0.09893988484764923,0.10061623456678982,0.9833391725862309,0.09893988484764923,0.10061623456678982,0.9833391725862309,0.09893988484764923,0.10061623456678982,0.9833391725862309,0.09893988484764923,0.10061623456678982,0.9833391725862309,0.09893988484764923,0.05490270890717289,0.9799072557228519,0.05379956281697836,0.05490270890717289,0.9799072557228519,0.05379956281697836,0.05490270890717289,0.9799072557228519,0.05379956281697836,0.019127558248436205,0.9699976467676839,0.01855368648939492,0.019127558248436205,0.9699976467676839,0.01855368648939492,0.019127558248436205,0.9699976467676839,0.01855368648939492,0.05726874689807452,0.9440503946918639,0.054064583112635706,0.05726874689807452,0.9440503946918639,0.054064583112635706,0.05726874689807452,0.9440503946918639,0.054064583112635706
1420.681362725451,0.09893725078812056,0.9833362804560085,0.09728858818853377,0.09893725078812056,0.9833362804560085,0.09728858818853377,0.09893725078812056,0.9833362804560085,0.09728858818853377,0.09893725078812056,0.9833362804560085,0.09728858818853377,0.09893725078812056,0.9833362804560085,0.09728858818853377,0.09893725078812056,0.9833362804560085,0.09728858818853377,0.055199873925277046,0.9798823094113323,0.05408937994111485,0.055199873925277046,0.9798823094113323,0.05408937994111485,0.055199873925277046,0.9798823094113323,0.05408937994111485,0.018269745524274437,0.9699211167228212,0.017720211981146025,0.018269745524274437,0.9699211167228212,0.017720211981146025,0.018269745524274437,0.9699211167228212,0.017720211981146025,0.05569621788023298,0.9439417850675863,0.05257398732738034,0.05569621788023298,0.9439417850675863,0.05257398732738034,0.05569621788023298,0.9439417850675863,0.05257398732738034
1424.6492985971943,0.09729670943305356,0.9833334539565557,0.09567510934541196,0.09729670943305356,0.9833334539565557,0.09567510934541196,0.09729670943305356,0.9833334539565557,0.09567510934541196,0.09729670943305356,0.9833334539565557,0.09567510934541196,0.09729670943305356,0.9833334539565557,0.09567510934541196,0.09729670943305356,0.9833334539565557,0.09567510934541196,0.05552800698901468,0.9798576806023093,0.05440954413672475,0.05552800698901468,0.9798576806023093,0.05440954413672475,0.05552800698901468,0.9798576806023093,0.05440954413672475,0.017329881369835647,0.9698450858641818,0.01680730028514434,0.017329881369835647,0.9698450858641818,0.01680730028514434,0.017329881369835647,0.9698450858641818,0.01680730028514434,0.053880389502684506,0.9438216393041324,0.05085347754676886,0.053880389502684506,0.9438216393041324,0.05085347754676886,0.053880389502684506,0.9438216393041324,0.05085347754676886
1428.617234468938,0.09569385259746058,0.983330660986609,0.09409869932701605,0.09569385259746058,0.983330660986609,0.09409869932701605,0.09569385259746058,0.983330660986609,0.09409869932701605,0.09569385259746058,0.983330660986609,0.09409869932701605,0.09569385259746058,0.983330660986609,0.09409869932701605,0.09569385259746058,0.983330660986609,0.09409869932701605,0.055883988789352176,0.9798333186921948,0.054756994197228355,0.055883988789352176,0.9798333186921948,0.054756994197228355,0.055883988789352176,0.9798333186921948,0.054756994197228355,0.016313617811673942,0.9697694505780734,0.015820448182167712,0.016313617811673942,0.9697694505780734,0.015820448182167712,0.016313617811673942,0.9697694505780734,0.015820448182167712,0.051985755428687094,0.9436913206392468,0.04905850619492662,0.051985755428687094,0.9436913206392468,0.04905850619492662,0.051985755428687094,0.9436913206392468,0.04905850619492662
1432.5851703406813,0.09412788266716539,0.9833278683390071,0.09255857021436792,0.09412788266716539,0.9833278683390071,0.09255857021436792,0.09412788266716539,0.9833278683390071,0.09255857021436792,0.09412788266716539,0.9833278683390071,0.09255857021436792,0.09412788266716539,0.9833278683390071,0.09255857021436792,0.09412788266716539,0.9833278683390071,0.09255857021436792,0.05626461687895439,0.9798091705182326,0.05512858759369445,0.05626461687895439,0.9798091705182326,0.05512858759369445,0.05626461687895439,0.9798091705182326,0.05512858759369445,0.015226567545827956,0.9696941032226953,0.014765112761511436,0.015226567545827956,0.9696941032226953,0.014765112761511436,0.015226567545827956,0.9696941032226953,0.014765112761511436,0.0503011241492847,0.9435577164735687,0.04746201383835255,0.0503011241492847,0.9435577164735687,0.04746201383835255,0.0503011241492847,0.9435577164735687,0.04746201383835255
1436.5531062124248,0.09259797822020317,0.983325042014296,0.09105391082382015,0.09259797822020317,0.983325042014296,0.09105391082382015,0.09259797822020317,0.983325042014296,0.09105391082382015,0.09259797822020317,0.983325042014296,0.09105391082382015,0.09259797822020317,0.983325042014296,0.09105391082382015,0.09259797822020317,0.983325042014296,0.09105391082382015,0.05666662834352714,0.9797851809272833,0.05552112270410186,0.05666662834352714,0.9797851809272833,0.05552112270410186,0.05666662834352714,0.9797851809272833,0.05552112270410186,0.014074208095885579,0.9696189303929403,0.013646618600060237,0.014074208095885579,0.9696189303929403,0.013646618600060237,0.014074208095885579,0.9696189303929403,0.013646618600060237,0.04906584188490533,0.9434294774030432,0.04629016156781658,0.04906584188490533,0.9434294774030432,0.04629016156781658,0.04906584188490533,0.9434294774030432,0.04629016156781658
1440.5210420841686,0.09110330785773822,0.9833221474887973,0.08958390032600418,0.09110330785773822,0.9833221474887973,0.08958390032600418,0.09110330785773822,0.9833221474887973,0.08958390032600418,0.09110330785773822,0.9833221474887973,0.08958390032600418,0.09110330785773822,0.9833221474887973,0.08958390032600418,0.09110330785773822,0.9833221474887973,0.08958390032600418,0.05708671776880415,0.9797612932031033,0.05593135642588413,0.05708671776880415,0.9797612932031033,0.05593135642588413,0.05708671776880415,0.9797612932031033,0.05593135642588413,0.012861811198033623,0.9695438112433317,0.012470089448433681,0.012861811198033623,0.9695438112433317,0.012470089448433681,0.012861811198033623,0.9695438112433317,0.012470089448433681,0.04833237457412436,0.9433110586694636,0.04559246342752631,0.04833237457412436,0.9433110586694636,0.04559246342752631,0.04833237457412436,0.9433110586694636,0.04559246342752631
1444.4889779559119,0.08964304212153999,0.98331914994041,0.08814771997702507,0.08964304212153999,0.98331914994041,0.08814771997702507,0.08964304212153999,0.98331914994041,0.08814771997702507,0.08964304212153999,0.98331914994041,0.08814771997702507,0.08964304212153999,0.98331914994041,0.08814771997702507,0.08964304212153999,0.98331914994041,0.08814771997702507,0.05752155054327121,0.9797374493757477,0.05635601721340269,0.05752155054327121,0.9797374493757477,0.05635601721340269,0.05752155054327121,0.9797374493757477,0.05635601721340269,0.011594405618537806,0.9694686158411199,0.011240412366504351,0.011594405618537806,0.9694686158411199,0.011240412366504351,0.011594405618537806,0.9694686158411199,0.011240412366504351,0.048026094257954975,0.943202107975185,0.04529831334191806,0.048026094257954975,0.943202107975185,0.04529831334191806,0.048026094257954975,0.943202107975185,0.04529831334191806
1448.4569138276554,0.08821636367807476,0.9833160144362175,0.08674456313998037,0.08821636367807476,0.9833160144362175,0.08674456313998037,0.08821636367807476,0.9833160144362175,0.08674456313998037,0.08821636367807476,0.9833160144362175,0.08674456313998037,0.08821636367807476,0.9833160144362175,0.08674456313998037,0.08821636367807476,0.9833160144362175,0.08674456313998037,0.05796777161263346,0.9797135904354201,0.056791813656153545,0.05796777161263346,0.9797135904354201,0.056791813656153545,0.05796777161263346,0.9797135904354201,0.056791813656153545,0.010276782270236071,0.9693932035061553,0.009962242886679405,0.010276782270236071,0.9693932035061553,0.009962242886679405,0.010276782270236071,0.9693932035061553,0.009962242886679405,0.048050661918228335,0.9431001349006614,0.04531658573714721,0.048050661918228335,0.9431001349006614,0.04531658573714721,0.048050661918228335,0.9431001349006614,0.04531658573714721
1452.424849699399,0.08682247595462261,0.9833127060864373,0.0853736437800646,0.08682247595462261,0.9833127060864373,0.0853736437800646,0.08682247595462261,0.9833127060864373,0.0853736437800646,0.08682247595462261,0.9833127060864373,0.0853736437800646,0.08682247595462261,0.9833127060864373,0.0853736437800646,0.08682247595462261,0.9833127060864373,0.0853736437800646,0.05842200983433151,0.9796896564710711,0.05723543874494577,0.05842200983433151,0.9796896564710711,0.05723543874494577,0.05842200983433151,0.9796896564710711,0.05723543874494577,0.008913551756001729,0.9693174211037041,0.00864006100100199,0.008913551756001729,0.9693174211037041,0.00864006100100199,0.008913551756001729,0.9693174211037041,0.00864006100100199,0.048333850930885505,0.9430023727421686,0.045578936111591306,0.048333850930885505,0.9430023727421686,0.045578936111591306,0.048333850930885505,0.9430023727421686,0.045578936111591306
1456.3927855711422,0.08546061040581932,0.9833091901694627,0.08403420360953415,0.08546061040581932,0.9833091901694627,0.08403420360953415,0.08546061040581932,0.9833091901694627,0.08403420360953415,0.08546061040581932,0.9833091901694627,0.08403420360953415,0.08546061040581932,0.9833091901694627,0.08403420360953415,0.08546061040581932,0.9833091901694627,0.08403420360953415,0.058880878081480556,0.9796655867518432,0.0576835699741574,0.058880878081480556,0.9796655867518432,0.0576835699741574,0.058880878081480556,0.9796655867518432,0.0576835699741574,0.007509266651564089,0.9692411012927359,0.007278289879262793,0.007509266651564089,0.9692411012927359,0.007278289879262793,0.007509266651564089,0.9692411012927359,0.007278289879262793,0.048832054422399705,0.9429063921013789,0.04604405625432309,0.048832054422399705,0.9429063921013789,0.04604405625432309,0.048832054422399705,0.9429063921013789,0.04604405625432309
1460.3607214428857,0.08413003257369656,0.9833054322327849,0.08272551804363697,0.08413003257369656,0.9833054322327849,0.08272551804363697,0.08413003257369656,0.9833054322327849,0.08272551804363697,0.08413003257369656,0.9833054322327849,0.08272551804363697,0.08413003257369656,0.9833054322327849,0.08272551804363697,0.08413003257369656,0.9833054322327849,0.08272551804363697,0.05934096922624395,0.9796413197674323,0.05813286540907621,0.05934096922624395,0.9796413197674323,0.05813286540907621,0.05934096922624395,0.9796413197674323,0.05813286540907621,0.006068624142322302,0.9691640608015796,0.005881492417251585,0.006068624142322302,0.9691640608015796,0.005881492417251585,0.006068624142322302,0.9691640608015796,0.005881492417251585,0.04952176770814694,0.942810181837977,0.04668962681785607,0.04952176770814694,0.942810181837977,0.04668962681785607,0.04952176770814694,0.942810181837977,0.04668962681785607
1464.3286573146295,0.08283004708383163,0.9833013981745018,0.08144690110839145,0.08283004708383163,0.9833013981745018,0.08144690110839145,0.08283004708383163,0.9833013981745018,0.08144690110839145,0.08283004708383163,0.9833013981745018,0.08144690110839145,0.08283004708383163,0.9833013981745018,0.08144690110839145,0.08283004708383163,0.9833013981745018,0.08144690110839145,0.059798848102187635,0.9796167932418444,0.0585799558174212,0.059798848102187635,0.9796167932418444,0.0585799558174212,0.059798848102187635,0.9796167932418444,0.0585799558174212,0.004596768981327913,0.9690860989173165,0.004454664919739194,0.004596768981327913,0.9690860989173165,0.004454664919739194,0.004596768981327913,0.9690860989173165,0.004454664919739194,0.05038790040084279,0.9427121599033736,0.04750128641987457,0.05038790040084279,0.9427121599033736,0.04750128641987457,0.05038790040084279,0.9427121599033736,0.04750128641987457
1468.2965931863728,0.08156000169740242,0.9832970543099853,0.0801977094185732,0.08156000169740242,0.9832970543099853,0.0801977094185732,0.08156000169740242,0.9832970543099853,0.0801977094185732,0.08156000169740242,0.9832970543099853,0.0801977094185732,0.08156000169740242,0.9832970543099853,0.0801977094185732,0.08156000169740242,0.9832970543099853,0.0801977094185732,0.060251039512079954,0.979591944134008,0.059021432931733335,0.060251039512079954,0.979591944134008,0.059021432931733335,0.060251039512079954,0.979591944134008,0.059021432931733335,0.0030997215341269737,0.9690069965537423,0.0030036518539373375,0.0030997215341269737,0.9690069965537423,0.0030036518539373375,0.0030997215341269737,0.9690069965537423,0.0030036518539373375,0.051409906708111824,0.9426113182650684,0.04845955993401747,0.051409906708111824,0.9426113182650684,0.04845955993401747,0.051409906708111824,0.9426113182650684,0.04845955993401747
1472.2645290581163,0.08031929051581128,0.983292367428114,0.07897734532143855,0.08031929051581128,0.983292367428114,0.07897734532143855,0.08031929051581128,0.983292367428114,0.07897734532143855,0.08031929051581128,0.983292367428114,0.07897734532143855,0.08031929051581128,0.983292367428114,0.07897734532143855,0.08031929051581128,0.983292367428114,0.07897734532143855,0.06069401232018342,0.9795667086383799,0.05945383388253935,0.06069401232018342,0.9795667086383799,0.05945383388253935,0.06069401232018342,0.9795667086383799,0.05945383388253935,0.0015849592495825171,0.9689265165296225,0.001535709044539393,0.0015849592495825171,0.9689265165296225,0.001535709044539393,0.0015849592495825171,0.9689265165296225,0.001535709044539393,0.05254698123756718,0.9425075429477408,0.049525926175540476,0.05254698123756718,0.9425075429477408,0.049525926175540476,0.05254698123756718,0.9425075429477408,0.049525926175540476
1476.23246492986,0.07910735641274631,0.9832873048413361,0.07778525928021231,0.07910735641274631,0.9832873048413361,0.07778525928021231,0.07910735641274631,0.9832873048413361,0.07778525928021231,0.07910735641274631,0.9832873048413361,0.07778525928021231,0.07910735641274631,0.9832873048413361,0.07778525928021231,0.07910735641274631,0.9832873048413361,0.07778525928021231,0.061124159655448485,0.9795410221991305,0.059873621829960866,0.061124159655448485,0.9795410221991305,0.059873621829960866,0.061124159655448485,0.9795410221991305,0.059873621829960866,6.217859241192111e-05,0.9688444060667191,6.024138143539232e-05,6.217859241192111e-05,0.9688444060667191,6.024138143539232e-05,6.217859241192111e-05,0.9688444060667191,6.024138143539232e-05,0.05372983848274342,0.9424019153484251,0.050635102697498914,0.05372983848274342,0.9424019153484251,0.050635102697498914,0.05372983848274342,0.9424019153484251,0.050635102697498914
1480.200400801603,0.07792369274935712,0.9832818344337103,0.07662095155243669,0.07792369274935712,0.9832818344337103,0.07662095155243669,0.07792369274935712,0.9832818344337103,0.07662095155243669,0.07792369274935712,0.9832818344337103,0.07662095155243669,0.07792369274935712,0.9832818344337103,0.07662095155243669,0.07792369274935712,0.9832818344337103,0.07662095155243669,0.06153777526494603,0.9795148195527635,0.06027716283432213,0.06153777526494603,0.9795148195527635,0.06027716283432213,0.06153777526494603,0.9795148195527635,0.06027716283432213,0.0014557486667961513,0.9687604030048943,0.001410271665119277,0.0014557486667961513,0.9687604030048943,0.001410271665119277,0.0014557486667961513,0.9687604030048943,0.001410271665119277,0.0548706958845415,0.9422965688770849,0.05170446846390144,0.0548706958845415,0.9422965688770849,0.05170446846390144,0.0548706958845415,0.9422965688770849,0.05170446846390144
1484.1683366733466,0.07676784441259805,0.9832759247110111,0.07548397320286838,0.07676784441259805,0.9832759247110111,0.07548397320286838,0.07676784441259805,0.9832759247110111,0.07548397320286838,0.07676784441259805,0.9832759247110111,0.07548397320286838,0.07676784441259805,0.9832759247110111,0.07548397320286838,0.07676784441259805,0.9832759247110111,0.07548397320286838,0.06193102610908964,0.9794880348161785,0.06066069905774166,0.06193102610908964,0.9794880348161785,0.06066069905774166,0.06193102610908964,0.9794880348161785,0.06066069905774166,0.002951647483428797,0.9686742477579909,0.0028591849056571568,0.002951647483428797,0.9686742477579909,0.0028591849056571568,0.002951647483428797,0.9686742477579909,0.0028591849056571568,0.05589095187324922,0.9421939036175665,0.05266011412235822,0.05589095187324922,0.9421939036175665,0.05266011412235822,0.05589095187324922,0.9421939036175665,0.05266011412235822
1488.1362725450904,0.07563940820552298,0.983269544856982,0.07437392647949605,0.07563940820552298,0.983269544856982,0.07437392647949605,0.07563940820552298,0.983269544856982,0.07437392647949605,0.07563940820552298,0.983269544856982,0.07437392647949605,0.07563940820552298,0.983269544856982,0.07437392647949605,0.07563940820552298,0.983269544856982,0.07437392647949605,0.062299921399309746,0.9794606016402215,0.06102031849590644,0.062299921399309746,0.9794606016402215,0.06102031849590644,0.062299921399309746,0.9794606016402215,0.06102031849590644,0.00440283854676772,0.9685857033718399,0.004264526470653661,0.00440283854676772,0.9685857033718399,0.004264526470653661,0.00440283854676772,0.9685857033718399,0.004264526470653661,0.056745637341620386,0.942095656081704,0.0534598184411283,0.056745637341620386,0.942095656081704,0.0534598184411283,0.056745637341620386,0.942095656081704,0.0534598184411283
1492.1042084168337,0.07453803261201934,0.9832626647998723,0.07329046457503392,0.07453803261201934,0.9832626647998723,0.07329046457503392,0.07453803261201934,0.9832626647998723,0.07329046457503392,0.07453803261201934,0.9832626647998723,0.07329046457503392,0.07453803261201934,0.9832626647998723,0.07329046457503392,0.07453803261201934,0.9832626647998723,0.07329046457503392,0.06264027846737596,0.9794324534526835,0.06135192162426134,0.06264027846737596,0.9794324534526835,0.06135192162426134,0.06264027846737596,0.9794324534526835,0.06135192162426134,0.005780092817304316,0.9684945857003618,0.0055979885984047805,0.005780092817304316,0.9684945857003618,0.0055979885984047805,0.005780092817304316,0.9684945857003618,0.0055979885984047805,0.057426954764614596,0.9420024864342552,0.05409633417661445,0.057426954764614596,0.9420024864342552,0.05409633417661445,0.057426954764614596,0.9420024864342552,0.05409633417661445
1496.0721442885772,0.07346341695773427,0.9832552552935148,0.07223329079551093,0.07346341695773427,0.9832552552935148,0.07223329079551093,0.07346341695773427,0.9832552552935148,0.07223329079551093,0.07346341695773427,0.9832552552935148,0.07223329079551093,0.07346341695773427,0.9832552552935148,0.07223329079551093,0.07346341695773427,0.9832552552935148,0.07223329079551093,0.0629476861514919,0.9794035238193617,0.061651185633046404,0.0629476861514919,0.9794035238193617,0.061651185633046404,0.0629476861514919,0.9794035238193617,0.061651185633046404,0.00704714929495139,0.9684008038810161,0.006824465042300462,0.00704714929495139,0.9684008038810161,0.006824465042300462,0.00704714929495139,0.9684008038810161,0.006824465042300462,0.05795192490227423,0.9419141299292155,0.05458573692204887,0.05795192490227423,0.9419141299292155,0.05458573692204887,0.05795192490227423,0.9419141299292155,0.05458573692204887
1500.040080160321,0.07241530999412134,0.9832472880173442,0.07120215716265509,0.07241530999412134,0.9832472880173442,0.07120215716265509,0.07241530999412134,0.9832472880173442,0.07120215716265509,0.07241530999412134,0.9832472880173442,0.07120215716265509,0.07241530999412134,0.9832472880173442,0.07120215716265509,0.07241530999412134,0.9832472880173442,0.07120215716265509,0.06321746682045906,0.9793737469569036,0.061913527353076724,0.06321746682045906,0.9793737469569036,0.061913527353076724,0.06321746682045906,0.9793737469569036,0.061913527353076724,0.008161374828322982,0.9683044071145931,0.00790269521437925,0.008161374828322982,0.9683044071145931,0.00790269521437925,0.008161374828322982,0.9683044071145931,0.00790269521437925,0.05834815967438932,0.9418297355034813,0.054954031793244984,0.05834815967438932,0.9418297355034813,0.054954031793244984,0.05834815967438932,0.9418297355034813,0.054954031793244984
1504.008016032064,0.07139350794401624,0.9832387356999498,0.07019686248805884,0.07139350794401624,0.9832387356999498,0.07019686248805884,0.07139350794401624,0.9832387356999498,0.07019686248805884,0.07139350794401624,0.9832387356999498,0.07019686248805884,0.07139350794401624,0.9832387356999498,0.07019686248805884,0.07139350794401624,0.9832387356999498,0.07019686248805884,0.0634446387690858,0.9793430584361732,0.0621340665734947,0.0634446387690858,0.9793430584361732,0.0621340665734947,0.0634446387690858,0.9793430584361732,0.0621340665734947,0.009076165052665027,0.9682056272600144,0.008787594077930965,0.009076165052665027,0.9682056272600144,0.008787594077930965,0.009076165052665027,0.9682056272600144,0.008787594077930965,0.05864476399638171,0.9417481148353759,0.055228595938558,0.05864476399638171,0.9417481148353759,0.055228595938558,0.05864476399638171,0.9417481148353759,0.055228595938558
1507.9759519038078,0.07039785206498622,0.9832295722709026,0.06921724997464668,0.07039785206498622,0.9832295722709026,0.06921724997464668,0.07039785206498622,0.9832295722709026,0.06921724997464668,0.07039785206498622,0.9832295722709026,0.06921724997464668,0.07039785206498622,0.9832295722709026,0.06921724997464668,0.07039785206498622,0.9832295722709026,0.06921724997464668,0.0636238815379275,0.9793113961188519,0.062307592255408224,0.0636238815379275,0.9793113961188519,0.062307592255408224,0.0636238815379275,0.9793113961188519,0.062307592255408224,0.009745353130476135,0.9681049003505611,0.009434524121260628,0.009745353130476135,0.9681049003505611,0.009434524121260628,0.009745353130476135,0.9681049003505611,0.009434524121260628,0.05886830936014344,0.9416678340411642,0.055434393368831464,0.05886830936014344,0.9416678340411642,0.055434393368831464,0.05886830936014344,0.9416678340411642,0.055434393368831464
1511.9438877755513,0.06942822581078327,0.9832197730457161,0.06826320442464505,0.06942822581078327,0.9832197730457161,0.06826320442464505,0.06942822581078327,0.9832197730457161,0.06826320442464505,0.06942822581078327,0.9832197730457161,0.06826320442464505,0.06942822581078327,0.9832197730457161,0.06826320442464505,0.06942822581078327,0.9832197730457161,0.06826320442464505,0.06374950775698905,0.9792787013714176,0.06242853516933135,0.06374950775698905,0.9792787013714176,0.06242853516933135,0.06374950775698905,0.9792787013714176,0.06242853516933135,0.010129111138141232,0.9680028492432824,0.00980500844202258,0.010129111138141232,0.9680028492432824,0.00980500844202258,0.010129111138141232,0.9680028492432824,0.00980500844202258,0.05904180241935748,0.941587168872366,0.05559300358516442,0.05904180241935748,0.941587168872366,0.05559300358516442,0.05904180241935748,0.941587168872366,0.05559300358516442
1515.9118236472946,0.06848455170092568,0.9832093149487582,0.06733464916243995,0.06848455170092568,0.9832093149487582,0.06733464916243995,0.06848455170092568,0.9832093149487582,0.06733464916243995,0.06848455170092568,0.9832093149487582,0.06733464916243995,0.06848455170092568,0.9832093149487582,0.06733464916243995,0.06848455170092568,0.9832093149487582,0.06733464916243995,0.06381544637333698,0.9792449205973845,0.06249095171674503,0.06381544637333698,0.9792449205973845,0.06249095171674503,0.06381544637333698,0.9792449205973845,0.06249095171674503,0.010199864343564506,0.967900219657567,0.009872450938613471,0.010199864343564506,0.967900219657567,0.009872450938613471,0.010199864343564506,0.967900219657567,0.009872450938613471,0.059185053637092117,0.9415039523062223,0.05572296191677799,0.059185053637092117,0.9415039523062223,0.05572296191677799,0.059185053637092117,0.9415039523062223,0.05572296191677799
1519.879759519038,0.0675667880426379,0.9831981767786975,0.06643154281431428,0.0675667880426379,0.9831981767786975,0.06643154281431428,0.0675667880426379,0.9831981767786975,0.06643154281431428,0.0675667880426379,0.9831981767786975,0.06643154281431428,0.0675667880426379,0.9831981767786975,0.06643154281431428,0.0675667880426379,0.9831981767786975,0.06643154281431428,0.06381524352617968,0.9792100071178061,0.062488525067494936,0.06381524352617968,0.9792100071178061,0.062488525067494936,0.06381524352617968,0.9792100071178061,0.062488525067494936,0.009946259225156193,0.9677977815229082,0.009625967612557924,0.009946259225156193,0.9677977815229082,0.009625967612557924,0.009946259225156193,0.9677977815229082,0.009625967612557924,0.05931565969111422,0.9414153653705297,0.05584067344030429,0.05931565969111422,0.9414153653705297,0.05584067344030429,0.05931565969111422,0.9414153653705297,0.05584067344030429
1523.8476953907818,0.06667492568601284,0.983186339520485,0.06555387612303132,0.06667492568601284,0.983186339520485,0.06555387612303132,0.06667492568601284,0.983186339520485,0.06555387612303132,0.06667492568601284,0.983186339520485,0.06555387612303132,0.06667492568601284,0.983186339520485,0.06555387612303132,0.06667492568601284,0.983186339520485,0.06555387612303132,0.06374208871786913,0.9791739234080457,0.062414591096099634,0.06374208871786913,0.9791739234080457,0.062414591096099634,0.06374208871786913,0.9791739234080457,0.062414591096099634,0.00937380114496697,0.9676962253763426,0.009070991985412976,0.00937380114496697,0.9676962253763426,0.009070991985412976,0.00937380114496697,0.9676962253763426,0.009070991985412976,0.05945022844475431,0.9413178974697681,0.05596156404371353,0.05945022844475431,0.9413178974697681,0.05596156404371353,0.05945022844475431,0.9413178974697681,0.05596156404371353
1527.8156312625251,0.06580898502946236,0.9831737867068355,0.06470166901074996,0.06580898502946236,0.9831737867068355,0.06470166901074996,0.06580898502946236,0.9831737867068355,0.06470166901074996,0.06580898502946236,0.9831737867068355,0.06470166901074996,0.06580898502946236,0.9831737867068355,0.06470166901074996,0.06580898502946236,0.9831737867068355,0.06470166901074996,0.0635888750059345,0.9791366436621254,0.06226219764756113,0.0635888750059345,0.9791366436621254,0.06226219764756113,0.0635888750059345,0.9791366436621254,0.06226219764756113,0.008502194118708954,0.9675960860482512,0.008226689752085244,0.008502194118708954,0.9675960860482512,0.008226689752085244,0.008502194118708954,0.9675960860482512,0.008226689752085244,0.059605070566297234,0.9412082762060264,0.056100785720843184,0.059605070566297234,0.9412082762060264,0.056100785720843184,0.059605070566297234,0.9412082762060264,0.056100785720843184
1531.7835671342687,0.06496901352399309,0.9831605048305141,0.06387496813458954,0.06496901352399309,0.9831605048305141,0.06387496813458954,0.06496901352399309,0.9831605048305141,0.06387496813458954,0.06496901352399309,0.9831605048305141,0.06387496813458954,0.06496901352399309,0.9831605048305141,0.06387496813458954,0.06496901352399309,0.9831605048305141,0.06387496813458954,0.06334830226788747,0.9790981566019499,0.062024205974351744,0.06334830226788747,0.9790981566019499,0.062024205974351744,0.06334830226788747,0.9790981566019499,0.062024205974351744,0.0073607225281551985,0.9674977111243567,0.007121482198211643,0.0073607225281551985,0.9674977111243567,0.007121482198211643,0.0073607225281551985,0.9674977111243567,0.007121482198211643,0.05979395104140448,0.9410867128949418,0.05627129283655643,0.05979395104140448,0.9410867128949418,0.05627129283655643,0.05979395104140448,0.9410867128949418,0.05627129283655643
1535.751503006012,0.06415508394615357,0.983146483806293,0.06307384519995844,0.06415508394615357,0.983146483806293,0.06307384519995844,0.06415508394615357,0.983146483806293,0.06307384519995844,0.06415508394615357,0.983146483806293,0.06307384519995844,0.06415508394615357,0.983146483806293,0.06307384519995844,0.06415508394615357,0.983146483806293,0.06307384519995844,0.06301303158519315,0.9790584683775025,0.0616934421916224,0.06301303158519315,0.9790584683775025,0.0616934421916224,0.06301303158519315,0.9790584683775025,0.0616934421916224,0.005983414675163676,0.9674012713145475,0.00578836296355546,0.005983414675163676,0.9674012713145475,0.00578836296355546,0.005983414675163676,0.9674012713145475,0.00578836296355546,0.060021533485703084,0.9409605091402937,0.05647789270808836,0.060021533485703084,0.9409605091402937,0.05647789270808836,0.060021533485703084,0.9409605091402937,0.05647789270808836
1539.7194388777555,0.06336729371385942,0.9831317174780715,0.062298396300844015,0.06336729371385942,0.9831317174780715,0.062298396300844015,0.06336729371385942,0.9831317174780715,0.062298396300844015,0.06336729371385942,0.9831317174780715,0.062298396300844015,0.06336729371385942,0.9831317174780715,0.062298396300844015,0.06336729371385942,0.9831317174780715,0.062298396300844015,0.06257589581534088,0.9790176053209,0.06126290367194516,0.06257589581534088,0.9790176053209,0.06126290367194516,0.06257589581534088,0.9790176053209,0.06126290367194516,0.00440523777169547,0.9673067969081467,0.004261216438557526,0.00440523777169547,0.9673067969081467,0.004261216438557526,0.00440523777169547,0.9673067969081467,0.004261216438557526,0.06028185042067415,0.9408399587687586,0.056715573664291544,0.06028185042067415,0.9408399587687586,0.056715573664291544,0.06028185042067415,0.9408399587687586,0.056715573664291544
1543.6873747494992,0.06260576549893088,0.983116204162249,0.06154874253598081,0.06260576549893088,0.983116204162249,0.06154874253598081,0.06260576549893088,0.983116204162249,0.06154874253598081,0.06260576549893088,0.983116204162249,0.06154874253598081,0.06260576549893088,0.983116204162249,0.06154874253598081,0.06260576549893088,0.983116204162249,0.06154874253598081,0.062030165958524265,0.9789756162344633,0.060726019944372316,0.062030165958524265,0.9789756162344633,0.060726019944372316,0.062030165958524265,0.9789756162344633,0.060726019944372316,0.002659769487591117,0.967214222789301,0.0025725668777391397,0.002659769487591117,0.967214222789301,0.0025725668777391397,0.002659769487591117,0.967214222789301,0.0025725668777391397,0.06056786770173258,0.9407299114021553,0.056978004816868356,0.06056786770173258,0.9407299114021553,0.056978004816868356,0.06056786770173258,0.9407299114021553,0.056978004816868356
1547.6553106212425,0.06187064933712248,0.9830999472129673,0.06082503209735712,0.06187064933712248,0.9830999472129673,0.06082503209735712,0.06187064933712248,0.9830999472129673,0.06082503209735712,0.06187064933712248,0.9830999472129673,0.06082503209735712,0.06187064933712248,0.9830999472129673,0.06082503209735712,0.06187064933712248,0.9830999472129673,0.06082503209735712,0.061369864884897055,0.9789325738315291,0.06007695978746545,0.061369864884897055,0.9789325738315291,0.06007695978746545,0.061369864884897055,0.9789325738315291,0.06007695978746545,0.0007781783037110035,0.9671234297510171,0.0007525944700428143,0.0007781783037110035,0.9671234297510171,0.0007525944700428143,0.0007781783037110035,0.9671234297510171,0.0007525944700428143,0.06087742142976624,0.9406293389316486,0.057263088675344395,0.06087742142976624,0.9406293389316486,0.057263088675344395,0.06087742142976624,0.9406293389316486,0.057263088675344395
1551.623246492986,0.06116212634346676,0.9830829555884428,0.06012744393580906,0.06116212634346676,0.9830829555884428,0.06012744393580906,0.06116212634346676,0.9830829555884428,0.06012744393580906,0.06116212634346676,0.9830829555884428,0.06012744393580906,0.06116212634346676,0.9830829555884428,0.06012744393580906,0.06116212634346676,0.9830829555884428,0.06012744393580906,0.06059011003716435,0.978888574935552,0.059310966469468096,0.06059011003716435,0.978888574935552,0.059310966469468096,0.06059011003716435,0.978888574935552,0.059310966469468096,0.0012109221448492766,0.9670342763840305,0.0011710032201017184,0.0012109221448492766,0.9670342763840305,0.0011710032201017184,0.0012109221448492766,0.9670342763840305,0.0011710032201017184,0.06121134053748344,0.9405351741604051,0.05757141883301385,0.06121134053748344,0.9405351741604051,0.05757141883301385,0.06121134053748344,0.9405351741604051,0.05757141883301385
1555.5911823647295,0.06048041400341068,0.983065244390604,0.05945619297310783,0.06048041400341068,0.983065244390604,0.05945619297310783,0.06048041400341068,0.983065244390604,0.05945619297310783,0.06048041400341068,0.983065244390604,0.05945619297310783,0.06048041400341068,0.983065244390604,0.05945619297310783,0.06048041400341068,0.983065244390604,0.05945619297310783,0.05968745652735496,0.9788437391046103,0.05842469312488001,0.05968745652735496,0.9788437391046103,0.05842469312488001,0.05968745652735496,0.9788437391046103,0.05842469312488001,0.0032811885610029698,0.9669466205208458,0.0031727341903534786,0.0032811885610029698,0.9669466205208458,0.0031727341903534786,0.0032811885610029698,0.9669466205208458,0.0031727341903534786,0.06157068967352402,0.9404444146457726,0.05790381120935381,0.06157068967352402,0.9404444146457726,0.05790381120935381,0.06157068967352402,0.9404444146457726,0.05790381120935381
1559.5591182364728,0.05982577282869781,0.9830468353432177,0.05881153665121364,0.05982577282869781,0.9830468353432177,0.05881153665121364,0.05982577282869781,0.9830468353432177,0.05881153665121364,0.05982577282869781,0.9830468353432177,0.05881153665121364,0.05982577282869781,0.9830468353432177,0.05881153665121364,0.05982577282869781,0.9830468353432177,0.05881153665121364,0.05866020418759969,0.9787982054995663,0.05741650259306073,0.05866020418759969,0.9787982054995663,0.05741650259306073,0.05866020418759969,0.9787982054995663,0.05741650259306073,0.005408167340056721,0.9668603315965165,0.005228942467736692,0.005408167340056721,0.9668603315965165,0.005228942467736692,0.005408167340056721,0.9668603315965165,0.005228942467736692,0.061955435186442274,0.9403545624424893,0.05826007614568093,0.061955435186442274,0.9403545624424893,0.05826007614568093,0.061955435186442274,0.9403545624424893,0.05826007614568093
1563.5270541082164,0.059198513948682266,0.9830277571675227,0.05819378239462343,0.059198513948682266,0.9830277571675227,0.05819378239462343,0.059198513948682266,0.9830277571675227,0.05819378239462343,0.059198513948682266,0.9830277571675227,0.05819378239462343,0.059198513948682266,0.9830277571675227,0.05819378239462343,0.059198513948682266,0.9830277571675227,0.05819378239462343,0.05750862952686795,0.9787521280460246,0.056286693530432454,0.05750862952686795,0.9787521280460246,0.056286693530432454,0.05750862952686795,0.9787521280460246,0.056286693530432454,0.007569018254709313,0.9667752960419936,0.00731753986394385,0.007569018254709313,0.9667752960419936,0.00731753986394385,0.007569018254709313,0.9667752960419936,0.00731753986394385,0.06236399649903128,0.940263516780233,0.05863859066864929,0.06236399649903128,0.940263516780233,0.05863859066864929,0.06236399649903128,0.940263516780233,0.05863859066864929
1567.49498997996,0.058599006969452395,0.983008045810212,0.05760329532746039,0.058599006969452395,0.983008045810212,0.05760329532746039,0.058599006969452395,0.983008045810212,0.05760329532746039,0.058599006969452395,0.983008045810212,0.05760329532746039,0.058599006969452395,0.983008045810212,0.05760329532746039,0.058599006969452395,0.983008045810212,0.05760329532746039,0.05623510838698114,0.9787056692137022,0.05503761938718545,0.05623510838698114,0.9787056692137022,0.05503761938718545,0.05623510838698114,0.9787056692137022,0.05503761938718545,0.009742427964565543,0.9666914177662022,0.00941792150155096,0.009742427964565543,0.9666914177662022,0.00941792150155096,0.009742427964565543,0.9666914177662022,0.00941792150155096,0.06279315597826014,0.9401694266653243,0.05903620545458712,0.06279315597826014,0.9401694266653243,0.05903620545458712,0.06279315597826014,0.9401694266653243,0.05903620545458712
1571.4629258517034,0.058027687201716714,0.9829877444777309,0.0570405053596748,0.058027687201716714,0.9829877444777309,0.0570405053596748,0.058027687201716714,0.9829877444777309,0.0570405053596748,0.058027687201716714,0.9829877444777309,0.0570405053596748,0.058027687201716714,0.9829877444777309,0.0570405053596748,0.058027687201716714,0.9829877444777309,0.0570405053596748,0.054844107717685275,0.9786589929878182,0.053673679230305305,0.054844107717685275,0.9786589929878182,0.053673679230305305,0.054844107717685275,0.9786589929878182,0.053673679230305305,0.011908714104372355,0.9666086154462532,0.01151106565217263,0.011908714104372355,0.9666086154462532,0.01151106565217263,0.011908714104372355,0.9666086154462532,0.01151106565217263,0.06323812616917775,0.9400707148162849,0.059448310471501335,0.06323812616917775,0.9400707148162849,0.059448310471501335,0.06323812616917775,0.9400707148162849,0.059448310471501335
1575.430861723447,0.057485061170091875,0.9829669034345663,0.056505912572111835,0.057485061170091875,0.9829669034345663,0.056505912572111835,0.057485061170091875,0.9829669034345663,0.056505912572111835,0.057485061170091875,0.9829669034345663,0.056505912572111835,0.057485061170091875,0.9829669034345663,0.056505912572111835,0.057485061170091875,0.9829669034345663,0.056505912572111835,0.0533420431477646,0.9786122577659423,0.052201177278682225,0.0533420431477646,0.9786122577659423,0.052201177278682225,0.0533420431477646,0.9786122577659423,0.052201177278682225,0.014050066387206834,0.9665268179830321,0.013579765957677377,0.014050066387206834,0.9665268179830321,0.013579765957677377,0.014050066387206834,0.9665268179830321,0.013579765957677377,0.06369271601015293,0.9399664435668098,0.059869015749174255,0.06369271601015293,0.9399664435668098,0.059869015749174255,0.06369271601015293,0.9399664435668098,0.059869015749174255
1579.3987975951907,0.05697170921272993,0.9829455795324472,0.056000089729060884,0.05697170921272993,0.9829455795324472,0.056000089729060884,0.05697170921272993,0.9829455795324472,0.056000089729060884,0.05697170921272993,0.9829455795324472,0.056000089729060884,0.05697170921272993,0.9829455795324472,0.056000089729060884,0.05697170921272993,0.9829455795324472,0.056000089729060884,0.05173701867368502,0.9785656099317757,0.05062806723446625,0.05173701867368502,0.9785656099317757,0.05062806723446625,0.05173701867368502,0.9785656099317757,0.05062806723446625,0.01615084476427842,0.9664459591648397,0.015608918659535486,0.01615084476427842,0.9664459591648397,0.015608918659535486,0.01615084476427842,0.9664459591648397,0.015608918659535486,0.06414956851588993,0.9398570614794679,0.060291424960520104,0.06414956851588993,0.9398570614794679,0.060291424960520104,0.06414956851588993,0.9398570614794679,0.060291424960520104
1583.366733466934,0.05648828400109869,0.9829238354524892,0.0555236807684894,0.05648828400109869,0.9829238354524892,0.0555236807684894,0.05648828400109869,0.9829238354524892,0.0555236807684894,0.05648828400109869,0.9829238354524892,0.0555236807684894,0.05648828400109869,0.9829238354524892,0.0555236807684894,0.05648828400109869,0.9829238354524892,0.0555236807684894,0.05003848091313178,0.9785191787277261,0.04896361324790071,0.05003848091313178,0.9785191787277261,0.04896361324790071,0.05003848091313178,0.9785191787277261,0.04896361324790071,0.018197852577779124,0.9663659723095651,0.01758578550027165,0.018197852577779124,0.9663659723095651,0.01758578550027165,0.018197852577779124,0.9663659723095651,0.01758578550027165,0.06460046648213491,0.9397449876088149,0.06070796457377753,0.06460046648213491,0.9397449876088149,0.06070796457377753,0.06460046648213491,0.9397449876088149,0.06070796457377753
1587.3346693386773,0.05603550398410666,0.9829017386626642,0.05507739429281708,0.05603550398410666,0.9829017386626642,0.05507739429281708,0.05603550398410666,0.9829017386626642,0.05507739429281708,0.05603550398410666,0.9829017386626642,0.05507739429281708,0.05603550398410666,0.9829017386626642,0.05507739429281708,0.05603550398410666,0.9829017386626642,0.05507739429281708,0.04825682922152118,0.9784730728093246,0.04721800797241663,0.04825682922152118,0.9784730728093246,0.04721800797241663,0.04825682922152118,0.9784730728093246,0.04721800797241663,0.02018051919415899,0.9662867854058516,0.019500169019944974,0.02018051919415899,0.9662867854058516,0.019500169019944974,0.02018051919415899,0.9662867854058516,0.019500169019944974,0.06503675760199683,0.9396339650381809,0.06111074641879133,0.06503675760199683,0.9396339650381809,0.06111074641879133,0.06503675760199683,0.9396339650381809,0.06111074641879133
1591.302605210421,0.05561414109673514,0.9828793601168174,0.05466199141460543,0.05561414109673514,0.9828793601168174,0.05466199141460543,0.05561414109673514,0.9828793601168174,0.05466199141460543,0.05561414109673514,0.9828793601168174,0.05466199141460543,0.05561414109673514,0.9828793601168174,0.05466199141460543,0.05561414109673514,0.9828793601168174,0.05466199141460543,0.046403023229049656,0.9784273785838941,0.045401988376366595,0.046403023229049656,0.9784273785838941,0.045401988376366595,0.046403023229049656,0.9784273785838941,0.045401988376366595,0.02209095401846095,0.9662083170387522,0.021344463503957616,0.02209095401846095,0.9662083170387522,0.021344463503957616,0.02209095401846095,0.9662083170387522,0.021344463503957616,0.06544989169732775,0.9395272567905348,0.06149195720362794,0.06544989169732775,0.9395272567905348,0.06149195720362794,0.06544989169732775,0.9395272567905348,0.06149195720362794
1595.2705410821643,0.05522500255061532,0.9828567727460307,0.05427826778178908,0.05522500255061532,0.9828567727460307,0.05427826778178908,0.05522500255061532,0.9828567727460307,0.05427826778178908,0.05522500255061532,0.9828567727460307,0.05427826778178908,0.05522500255061532,0.9828567727460307,0.05427826778178908,0.05522500255061532,0.9828567727460307,0.05427826778178908,0.044488222310245205,0.9783821601832502,0.043526483046610366,0.044488222310245205,0.9783821601832502,0.043526483046610366,0.044488222310245205,0.9783821601832502,0.043526483046610366,0.023923863503598698,0.9661304731747057,0.02311357356689888,0.023923863503598698,0.9661304731747057,0.02311357356689888,0.023923863503598698,0.9661304731747057,0.02311357356689888,0.0658318556693129,0.9394264084270089,0.061844183731507844,0.0658318556693129,0.9394264084270089,0.061844183731507844,0.0658318556693129,0.9394264084270089,0.061844183731507844
1599.2384769539078,0.05486890709198208,0.9828340498149987,0.053927030166135655,0.05486890709198208,0.9828340498149987,0.053927030166135655,0.05486890709198208,0.9828340498149987,0.053927030166135655,0.05486890709198208,0.9828340498149987,0.053927030166135655,0.05486890709198208,0.9828340498149987,0.053927030166135655,0.05486890709198208,0.9828340498149987,0.053927030166135655,0.04252348015285497,0.9783374607443018,0.041602313594754844,0.04252348015285497,0.9783374607443018,0.041602313594754844,0.04252348015285497,0.9783374607443018,0.041602313594754844,0.025676347608605425,0.9660531447108716,0.02480471635198274,0.025676347608605425,0.9660531447108716,0.02480471635198274,0.025676347608605425,0.9660531447108716,0.02480471635198274,0.0661752614224462,0.9393313821082788,0.06216049977332306,0.0661752614224462,0.9393313821082788,0.06216049977332306,0.0661752614224462,0.9393313821082788,0.06216049977332306
1603.2064128256516,0.05454665669599413,0.9828112632317874,0.05360906857246062,0.05454665669599413,0.9828112632317874,0.05360906857246062,0.05454665669599413,0.9828112632317874,0.05360906857246062,0.05454665669599413,0.9828112632317874,0.05360906857246062,0.05454665669599413,0.9828112632317874,0.05360906857246062,0.05454665669599413,0.9828112632317874,0.05360906857246062,0.04051950533607939,0.9782933045896816,0.039639960775572344,0.04051950533607939,0.9782933045896816,0.039639960775572344,0.04051950533607939,0.9782933045896816,0.039639960775572344,0.027347607984605237,0.9659762055779668,0.026417138592602675,0.027347607984605237,0.9659762055779668,0.026417138592602675,0.027347607984605237,0.9659762055779668,0.026417138592602675,0.0664729961487561,0.9392412549370283,0.062434180322181926,0.0664729961487561,0.9392412549370283,0.062434180322181926,0.0664729961487561,0.9392412549370283,0.062434180322181926
1607.1743486973949,0.054259005178901025,0.9827884819061514,0.05332512532951015,0.054259005178901025,0.9827884819061514,0.05332512532951015,0.054259005178901025,0.9827884819061514,0.05332512532951015,0.054259005178901025,0.9827884819061514,0.05332512532951015,0.054259005178901025,0.9827884819061514,0.05332512532951015,0.054259005178901025,0.9827884819061514,0.05332512532951015,0.0384864883206098,0.978249699902626,0.037649395649942456,0.0384864883206098,0.978249699902626,0.037649395649942456,0.0384864883206098,0.978249699902626,0.037649395649942456,0.02893860622337768,0.9658995111275008,0.027951785603871755,0.02893860622337768,0.9658995111275008,0.027951785603871755,0.02893860622337768,0.9658995111275008,0.027951785603871755,0.06671738804826131,0.9391547332319207,0.06265795077439539,0.06671738804826131,0.9391547332319207,0.06265795077439539,0.06671738804826131,0.9391547332319207,0.06265795077439539
1611.1422845691382,0.054006625570939965,0.9827657702481384,0.05307586297772762,0.054006625570939965,0.9827657702481384,0.05307586297772762,0.054006625570939965,0.9827657702481384,0.05307586297772762,0.054006625570939965,0.9827657702481384,0.05307586297772762,0.054006625570939965,0.9827657702481384,0.05307586297772762,0.054006625570939965,0.9827657702481384,0.05307586297772762,0.03643398791394809,0.9782066415500003,0.03563996895557646,0.03643398791394809,0.9782066415500003,0.03563996895557646,0.03643398791394809,0.9782066415500003,0.03563996895557646,0.030451708596249315,0.965822896529188,0.029410957400692286,0.030451708596249315,0.965822896529188,0.029410957400692286,0.030451708596249315,0.965822896529188,0.029410957400692286,0.06689874516979949,0.9390703469625377,0.062822627837962,0.06689874516979949,0.9390703469625377,0.062822627837962,0.06689874516979949,0.9390703469625377,0.062822627837962
1615.110220440882,0.053790078247250205,0.982743186885408,0.052861832919518126,0.053790078247250205,0.982743186885408,0.052861832919518126,0.053790078247250205,0.982743186885408,0.052861832919518126,0.053790078247250205,0.982743186885408,0.052861832919518126,0.053790078247250205,0.982743186885408,0.052861832919518126,0.053790078247250205,0.982743186885408,0.052861832919518126,0.03437086634275161,0.9781641137949967,0.03362034801652391,0.03437086634275161,0.9781641137949967,0.03362034801652391,0.03437086634275161,0.9781641137949967,0.03362034801652391,0.0318903468327725,0.9657461749453525,0.03079798047143068,0.0318903468327725,0.9657461749453525,0.03079798047143068,0.0318903468327725,0.9657461749453525,0.03079798047143068,0.06700297265664594,0.9389864196148437,0.06291488139841525,0.06700297265664594,0.9389864196148437,0.06291488139841525,0.06700297265664594,0.9389864196148437,0.06291488139841525
1619.0781563126252,0.05360978174206435,0.9827207836566232,0.05268344672522201,0.05360978174206435,0.9827207836566232,0.05268344672522201,0.05360978174206435,0.9827207836566232,0.05268344672522201,0.05360978174206435,0.9827207836566232,0.05268344672522201,0.05360978174206435,0.9827207836566232,0.05268344672522201,0.05360978174206435,0.9827207836566232,0.05268344672522201,0.03230526098660697,0.9781220927323432,0.03159848948248453,0.03230526098660697,0.9781220927323432,0.03159848948248453,0.03230526098660697,0.9781220927323432,0.03159848948248453,0.033258715578064625,0.9656691353345692,0.032116915114608034,0.033258715578064625,0.9656691353345692,0.032116915114608034,0.033258715578064625,0.9656691353345692,0.032116915114608034,0.06700784290888655,0.9389008896785607,0.06291372332259482,0.06700784290888655,0.9389008896785607,0.06291372332259482,0.06700784290888655,0.9389008896785607,0.06291372332259482
1623.0460921843687,0.05346598789291411,0.9826986049126966,0.05254095171264582,0.05346598789291411,0.9826986049126966,0.05254095171264582,0.05346598789291411,0.9826986049126966,0.05254095171264582,0.05346598789291411,0.9826986049126966,0.05254095171264582,0.05346598789291411,0.9826986049126966,0.05254095171264582,0.05346598789291411,0.9826986049126966,0.05254095171264582,0.030244581709052063,0.9780805483583671,0.029581637062859083,0.030244581709052063,0.9780805483583671,0.029581637062859083,0.030244581709052063,0.9780805483583671,0.029581637062859083,0.034561518359785874,0.9655915398781626,0.033372309733553034,0.034561518359785874,0.9655915398781626,0.033372309733553034,0.034561518359785874,0.9655915398781626,0.033372309733553034,0.06687785325708262,0.938811026004249,0.06278566603324334,0.06687785325708262,0.938811026004249,0.06278566603324334,0.06687785325708262,0.938811026004249,0.06278566603324334
1627.0140280561125,0.053358762529356514,0.982676687131365,0.05243441199177727,0.053358762529356514,0.982676687131365,0.05243441199177727,0.053358762529356514,0.982676687131365,0.05243441199177727,0.053358762529356514,0.982676687131365,0.05243441199177727,0.053358762529356514,0.982676687131365,0.05243441199177727,0.053358762529356514,0.982676687131365,0.05243441199177727,0.02819552466559283,0.978039446248979,0.02757633533063584,0.02819552466559283,0.978039446248979,0.02757633533063584,0.02819552466559283,0.978039446248979,0.02757633533063584,0.03580376627298934,0.9655131212530381,0.03456900612684819,0.03580376627298934,0.9655131212530381,0.03456900612684819,0.03580376627298934,0.9655131212530381,0.03456900612684819,0.06656073801971028,0.9387132090637517,0.062481443984133904,0.06656073801971028,0.9387132090637517,0.062481443984133904,0.06656073801971028,0.9387132090637517,0.062481443984133904
1630.9819639278558,0.05328797240715768,0.9826550588269278,0.052363695660523235,0.05328797240715768,0.9826550588269278,0.052363695660523235,0.05328797240715768,0.9826550588269278,0.052363695660523235,0.05328797240715768,0.9826550588269278,0.052363695660523235,0.05328797240715768,0.9826550588269278,0.052363695660523235,0.05328797240715768,0.9826550588269278,0.052363695660523235,0.02616409576408598,0.9779987488597092,0.025588452922321706,0.02616409576408598,0.9779987488597092,0.025588452922321706,0.02616409576408598,0.9779987488597092,0.025588452922321706,0.036990627255167996,0.9654335803537704,0.035711993710488596,0.036990627255167996,0.9654335803537704,0.035711993710488596,0.036990627255167996,0.9654335803537704,0.035711993710488596,0.06600160688152515,0.9386036208496049,0.06194934720089171,0.06600160688152515,0.9386036208496049,0.06194934720089171,0.06600160688152515,0.9386036208496049,0.06194934720089171
1634.9498997995993,0.05325327856710613,0.9826337407185385,0.052328468323921865,0.05325327856710613,0.9826337407185385,0.052328468323921865,0.05325327856710613,0.9826337407185385,0.052328468323921865,0.05325327856710613,0.9826337407185385,0.052328468323921865,0.05325327856710613,0.9826337407185385,0.052328468323921865,0.05325327856710613,0.9826337407185385,0.052328468323921865,0.02415563913071422,0.9779584164860178,0.023623210593480964,0.02415563913071422,0.9779584164860178,0.023623210593480964,0.02415563913071422,0.9779584164860178,0.023623210593480964,0.038127318086288144,0.9653525856894222,0.03680630510000133,0.038127318086288144,0.9653525856894222,0.03680630510000133,0.038127318086288144,0.9653525856894222,0.03680630510000133,0.06521165135894776,0.9384818504044011,0.06119995123527197,0.06521165135894776,0.9384818504044011,0.06119995123527197,0.06521165135894776,0.9384818504044011,0.06119995123527197
1638.9178356713428,0.05325413583431176,0.982612746108499,0.0523281926537881,0.05325413583431176,0.982612746108499,0.0523281926537881,0.05325413583431176,0.982612746108499,0.0523281926537881,0.05325413583431176,0.982612746108499,0.0523281926537881,0.05325413583431176,0.982612746108499,0.0523281926537881,0.05325413583431176,0.982612746108499,0.0523281926537881,0.022174867743478807,0.9779184079332476,0.02168521135983312,0.022174867743478807,0.9779184079332476,0.02168521135983312,0.022174867743478807,0.9779184079332476,0.02168521135983312,0.0392190248418691,0.9652697766587157,0.03785693934988361,0.0392190248418691,0.9652697766587157,0.03785693934988361,0.0392190248418691,0.9652697766587157,0.03785693934988361,0.06435817927280854,0.9383558301982636,0.060390872741584944,0.06435817927280854,0.9383558301982636,0.060390872741584944,0.06435817927280854,0.9383558301982636,0.060390872741584944
1642.885771543086,0.0532897978082605,0.9825920814166533,0.05236213334669129,0.0532897978082605,0.9825920814166533,0.05236213334669129,0.0532897978082605,0.9825920814166533,0.05236213334669129,0.0532897978082605,0.9825920814166533,0.05236213334669129,0.0532897978082605,0.9825920814166533,0.05236213334669129,0.0532897978082605,0.9825920814166533,0.05236213334669129,0.020225894745626943,0.9778786809478784,0.019778471274844302,0.020225894745626943,0.9778786809478784,0.019778471274844302,0.020225894745626943,0.9778786809478784,0.019778471274844302,0.04027082893141587,0.9651847743063909,0.0388687909332999,0.04027082893141587,0.9651847743063909,0.0388687909332999,0.04027082893141587,0.9651847743063909,0.0388687909332999,0.06366376681692205,0.9382367359547177,0.05973168477689122,0.06366376681692205,0.9382367359547177,0.05973168477689122,0.06366376681692205,0.9382367359547177,0.05973168477689122
1646.8537074148296,0.053359326449114085,0.982571746817382,0.05242936659810496,0.053359326449114085,0.982571746817382,0.05242936659810496,0.053359326449114085,0.982571746817382,0.05242936659810496,0.053359326449114085,0.982571746817382,0.05242936659810496,0.053359326449114085,0.982571746817382,0.05242936659810496,0.053359326449114085,0.982571746817382,0.05242936659810496,0.018312264857701162,0.9778391924586154,0.017906450280542784,0.018312264857701162,0.9778391924586154,0.017906450280542784,0.018312264857701162,0.9778391924586154,0.017906450280542784,0.0412876041439921,0.9650972048112311,0.039846551352719375,0.0412876041439921,0.9650972048112311,0.039846551352719375,0.0412876041439921,0.9650972048112311,0.039846551352719375,0.06321490621743518,0.9381286592453716,0.059303715214084375,0.06321490621743518,0.9381286592453716,0.059303715214084375,0.06321490621743518,0.9381286592453716,0.059303715214084375
1650.8216432865734,0.05346160523972647,0.9825517369304685,0.05252879308738428,0.05346160523972647,0.9825517369304685,0.05252879308738428,0.05346160523972647,0.9825517369304685,0.05252879308738428,0.05346160523972647,0.9825517369304685,0.05252879308738428,0.05346160523972647,0.9825517369304685,0.05252879308738428,0.05346160523972647,0.9825517369304685,0.05252879308738428,0.01643698583768094,0.9777998986699068,0.016072083086523116,0.01643698583768094,0.9777998986699068,0.016072083086523116,0.01643698583768094,0.9777998986699068,0.016072083086523116,0.04227383711187273,0.9650067420326578,0.04079453782454756,0.04227383711187273,0.9650067420326578,0.04079453782454756,0.04227383711187273,0.9650067420326578,0.04079453782454756,0.06298531882907185,0.9380295561020405,0.059082090662179766,0.06298531882907185,0.9380295561020405,0.059082090662179766,0.06298531882907185,0.9380295561020405,0.059082090662179766
1654.7895791583167,0.05359535488046189,0.9825320415246396,0.05265915344693777,0.05359535488046189,0.9825320415246396,0.05265915344693777,0.05359535488046189,0.9825320415246396,0.05265915344693777,0.05359535488046189,0.9825320415246396,0.05265915344693777,0.05359535488046189,0.9825320415246396,0.05265915344693777,0.05359535488046189,0.9825320415246396,0.05265915344693777,0.01460256018342554,0.9777607550434884,0.014277810270514136,0.01460256018342554,0.9777607550434884,0.014277810270514136,0.01460256018342554,0.9777607550434884,0.014277810270514136,0.043233317962763536,0.9649131738921936,0.04171639805334055,0.043233317962763536,0.9649131738921936,0.04171639805334055,0.043233317962763536,0.9649131738921936,0.04171639805334055,0.06292664892892035,0.9379360030616662,0.05902116958245623,0.06292664892892035,0.9379360030616662,0.05902116958245623,0.06292664892892035,0.9379360030616662,0.05902116958245623
1658.7575150300602,0.05375915053110449,0.9825126462014027,0.05281904524585502,0.05375915053110449,0.9825126462014027,0.05281904524585502,0.05375915053110449,0.9825126462014027,0.05281904524585502,0.05375915053110449,0.9825126462014027,0.05281904524585502,0.05375915053110449,0.9825126462014027,0.05281904524585502,0.05375915053110449,0.9825126462014027,0.05281904524585502,0.01281101731950464,0.9777217161966467,0.012525609839851043,0.01281101731950464,0.9777217161966467,0.012525609839851043,0.01281101731950464,0.9777217161966467,0.012525609839851043,0.04416866946724336,0.9648164897590673,0.042614660632714234,0.04416866946724336,0.9648164897590673,0.042614660632714234,0.04416866946724336,0.9648164897590673,0.042614660632714234,0.06300345400973116,0.9378450545787701,0.05908747776440735,0.06300345400973116,0.9378450545787701,0.05908747776440735,0.06300345400973116,0.9378450545787701,0.05908747776440735
1662.725450901804,0.05395143972464892,0.9824935330357091,0.05300694062743342,0.05395143972464892,0.9824935330357091,0.05300694062743342,0.05395143972464892,0.9824935330357091,0.05300694062743342,0.05395143972464892,0.9824935330357091,0.05300694062743342,0.05395143972464892,0.9824935330357091,0.05300694062743342,0.05395143972464892,0.9824935330357091,0.05300694062743342,0.011063946439119234,0.9776827357397035,0.010817029422675643,0.011063946439119234,0.9776827357397035,0.010817029422675643,0.011063946439119234,0.9776827357397035,0.010817029422675643,0.045080757866794996,0.9647169696719047,0.04349017211976735,0.045080757866794996,0.9647169696719047,0.04349017211976735,0.045080757866794996,0.9647169696719047,0.04349017211976735,0.06319668581699447,0.9377543831041889,0.059262969122544897,0.06319668581699447,0.9377543831041889,0.059262969122544897,0.06319668581699447,0.9377543831041889,0.059262969122544897
1666.693386773547,0.054170560217126684,0.9824746811581319,0.053221203877478925,0.054170560217126684,0.9824746811581319,0.053221203877478925,0.054170560217126684,0.9824746811581319,0.053221203877478925,0.054170560217126684,0.9824746811581319,0.053221203877478925,0.054170560217126684,0.9824746811581319,0.053221203877478925,0.054170560217126684,0.9824746811581319,0.053221203877478925,0.009362530042528211,0.9776437660700771,0.00915321913072152,0.009362530042528211,0.9776437660700771,0.00915321913072152,0.009362530042528211,0.9776437660700771,0.00915321913072152,0.045968158972175224,0.9646152355141544,0.04434158649309689,0.045968158972175224,0.9646152355141544,0.04434158649309689,0.045968158972175224,0.9646152355141544,0.04434158649309689,0.06350029715683392,0.9376620196656714,0.059541816881447183,0.06350029715683392,0.9376620196656714,0.059541816881447183,0.06350029715683392,0.9376620196656714,0.059541816881447183
1670.6613226452907,0.054414757185947134,0.9824560672701718,0.05346010834636694,0.054414757185947134,0.9824560672701718,0.05346010834636694,0.054414757185947134,0.9824560672701718,0.05346010834636694,0.054414757185947134,0.9824560672701718,0.05346010834636694,0.054414757185947134,0.9824560672701718,0.05346010834636694,0.054414757185947134,0.9824560672701718,0.05346010834636694,0.0077075780706262025,0.9776047581363103,0.007534964995551258,0.0077075780706262025,0.9776047581363103,0.007534964995551258,0.0077075780706262025,0.9776047581363103,0.007534964995551258,0.046826965757951054,0.9645122168985891,0.04516518055383569,0.046826965757951054,0.9645122168985891,0.04516518055383569,0.046826965757951054,0.9645122168985891,0.04516518055383569,0.06391735576527587,0.9375660970338021,0.059926745777570685,0.06391735576527587,0.9375660970338021,0.059926745777570685,0.06391735576527587,0.9375660970338021,0.059926745777570685
1674.6292585170343,0.054682199331999116,0.9824376660898012,0.053721852288386496,0.054682199331999116,0.9824376660898012,0.053721852288386496,0.054682199331999116,0.9824376660898012,0.053721852288386496,0.054682199331999116,0.9824376660898012,0.053721852288386496,0.054682199331999116,0.9824376660898012,0.053721852288386496,0.054682199331999116,0.9824376660898012,0.053721852288386496,0.006099562405177548,0.9775656611826755,0.0059627227555423806,0.006099562405177548,0.9775656611826755,0.0059627227555423806,0.006099562405177548,0.9775656611826755,0.0059627227555423806,0.04765117384251961,0.9644090127113325,0.04595522152000041,0.04765117384251961,0.9644090127113325,0.04595522152000041,0.04765117384251961,0.9644090127113325,0.04595522152000041,0.06445470437147367,0.9374647233608966,0.06042401160291194,0.06445470437147367,0.9374647233608966,0.06042401160291194,0.06445470437147367,0.9374647233608966,0.06042401160291194
1678.5971943887776,0.05497099356866805,0.9824194507284241,0.0540045733077266,0.05497099356866805,0.9824194507284241,0.0540045733077266,0.05497099356866805,0.9824194507284241,0.0540045733077266,0.05497099356866805,0.9824194507284241,0.0540045733077266,0.05497099356866805,0.9824194507284241,0.0540045733077266,0.05497099356866805,0.9824194507284241,0.0540045733077266,0.004538651412350816,0.9775264224833862,0.004436651678014461,0.004538651412350816,0.9775264224833862,0.004436651678014461,0.004538651412350816,0.9775264224833862,0.004436651678014461,0.04843360485928495,0.9643066884388778,0.046704849111014204,0.04843360485928495,0.9643066884388778,0.046704849111014204,0.04843360485928495,0.9643066884388778,0.046704849111014204,0.06511190925042659,0.9373561856057976,0.06103305089249072,0.06511190925042659,0.9373561856057976,0.06103305089249072,0.06511190925042659,0.9373561856057976,0.06103305089249072
1682.5651302605213,0.05527919808909359,0.9824013930032302,0.05430636120682704,0.05527919808909359,0.9824013930032302,0.05430636120682704,0.05527919808909359,0.9824013930032302,0.05430636120682704,0.05527919808909359,0.9824013930032302,0.05430636120682704,0.05527919808909359,0.9824013930032302,0.05430636120682704,0.05527919808909359,0.9824013930032302,0.05430636120682704,0.0030247441508705463,0.97748698707506,0.002956648046707361,0.0030247441508705463,0.97748698707506,0.002956648046707361,0.0030247441508705463,0.97748698707506,0.002956648046707361,0.0491670077796246,0.9642060929319062,0.04740712847234447,0.0491670077796246,0.9642060929319062,0.04740712847234447,0.0491670077796246,0.9642060929319062,0.04740712847234447,0.06586041603192654,0.9372398310304373,0.06172700519335713,0.06586041603192654,0.9372398310304373,0.06172700519335713,0.06586041603192654,0.9372398310304373,0.06172700519335713
1686.5330661322648,0.05560483368983853,0.9823834636906569,0.05462526911816651,0.05560483368983853,0.9823834636906569,0.05462526911816651,0.05560483368983853,0.9823834636906569,0.05462526911816651,0.05560483368983853,0.9823834636906569,0.05462526911816651,0.05560483368983853,0.9823834636906569,0.05462526911816651,0.05560483368983853,0.9823834636906569,0.05462526911816651,0.001557503851449915,0.9774472974969202,0.001522377930440764,0.001557503851449915,0.9774472974969202,0.001522377930440764,0.001557503851449915,0.9774472974969202,0.001522377930440764,0.04984490440765287,0.9641077632960026,0.04805585930016527,0.04984490440765287,0.9641077632960026,0.04805585930016527,0.04984490440765287,0.9641077632960026,0.04805585930016527,0.06662316404489509,0.9371175399950008,0.06243373559643547,0.06662316404489509,0.9371175399950008,0.06243373559643547,0.06662316404489509,0.9371175399950008,0.06243373559643547
1690.5010020040081,0.05594589329535555,0.982365632727572,0.054959322865601186,0.05594589329535555,0.982365632727572,0.054959322865601186,0.05594589329535555,0.982365632727572,0.054959322865601186,0.05594589329535555,0.982365632727572,0.054959322865601186,0.05594589329535555,0.982365632727572,0.054959322865601186,0.05594589329535555,0.982365632727572,0.054959322865601186,0.000136390297879071,0.9774072935504292,0.00013330887191651965,0.000136390297879071,0.9774072935504292,0.00013330887191651965,0.000136390297879071,0.9774072935504292,0.00013330887191651965,0.05046196368104964,0.9640119293351592,0.0486459349662094,0.05046196368104964,0.9640119293351592,0.0486459349662094,0.05046196368104964,0.9640119293351592,0.0486459349662094,0.0672912818600143,0.9369940308599107,0.06305152943174519,0.0672912818600143,0.9369940308599107,0.06305152943174519,0.0672912818600143,0.9369940308599107,0.06305152943174519
1694.4689378757516,0.05630034967523758,0.98234786936708,0.05530652854809121,0.05630034967523758,0.98234786936708,0.05530652854809121,0.05630034967523758,0.98234786936708,0.05530652854809121,0.05630034967523758,0.98234786936708,0.05530652854809121,0.05630034967523758,0.98234786936708,0.05530652854809121,0.05630034967523758,0.98234786936708,0.05530652854809121,0.001239309201001406,0.9773669120937925,0.0012112598069121691,0.001239309201001406,0.9773669120937925,0.0012112598069121691,0.001239309201001406,0.9773669120937925,0.0012112598069121691,0.05101396721338465,0.9639185821888792,0.0491733109481557,0.05101396721338465,0.9639185821888792,0.0491733109481557,0.05101396721338465,0.9639185821888792,0.0491733109481557,0.06778491217631027,0.9368743249910447,0.06350594383975794,0.06778491217631027,0.9368743249910447,0.06350594383975794,0.06778491217631027,0.9368743249910447,0.06350594383975794
1698.436873747495,0.056666161377947596,0.9823301422957336,0.055664878369752264,0.056666161377947596,0.9823301422957336,0.055664878369752264,0.056666161377947596,0.9823301422957336,0.055664878369752264,0.056666161377947596,0.9823301422957336,0.055664878369752264,0.056666161377947596,0.9823301422957336,0.055664878369752264,0.056666161377947596,0.9823301422957336,0.055664878369752264,0.002570450467640913,0.9773260868923291,0.0025121682970900513,0.002570450467640913,0.9773260868923291,0.0025121682970900513,0.002570450467640913,0.9773260868923291,0.0025121682970900513,0.051497560880188184,0.9638275622665662,0.04963476856582586,0.051497560880188184,0.9638275622665662,0.04963476856582586,0.051497560880188184,0.9638275622665662,0.04963476856582586,0.06808755623031212,0.9367610179955812,0.06378176848713857,0.06808755623031212,0.9367610179955812,0.06378176848713857,0.06808755623031212,0.9367610179955812,0.06378176848713857
1702.4048096192384,0.0570412769234004,0.9823124197185422,0.05603235475846089,0.0570412769234004,0.9823124197185422,0.05603235475846089,0.0570412769234004,0.9823124197185422,0.05603235475846089,0.0570412769234004,0.9823124197185422,0.05603235475846089,0.0570412769234004,0.9823124197185422,0.05603235475846089,0.0570412769234004,0.9823124197185422,0.05603235475846089,0.0038580048356354527,0.9772847485534216,0.003770369285711878,0.0038580048356354527,0.9772847485534216,0.003770369285711878,0.0038580048356354527,0.9772847485534216,0.003770369285711878,0.051909967535773885,0.9637386369418838,0.05002764135662416,0.051909967535773885,0.9637386369418838,0.05002764135662416,0.051909967535773885,0.9637386369418838,0.05002764135662416,0.06822424520764489,0.9366542184705113,0.06390252707570715,0.06822424520764489,0.9366542184705113,0.06390252707570715,0.06822424520764489,0.9366542184705113,0.06390252707570715
1706.3727454909822,0.057423637305232825,0.9822946694176496,0.05640693282350269,0.057423637305232825,0.9822946694176496,0.05640693282350269,0.057423637305232825,0.9822946694176496,0.05640693282350269,0.057423637305232825,0.9822946694176496,0.05640693282350269,0.057423637305232825,0.9822946694176496,0.05640693282350269,0.057423637305232825,0.9822946694176496,0.05640693282350269,0.005103033189419293,0.97724282458497,0.004986902567978958,0.005103033189419293,0.97724282458497,0.004986902567978958,0.005103033189419293,0.97724282458497,0.004986902567978958,0.05224875846102417,0.9636515571011314,0.050349597447566855,0.05224875846102417,0.9636515571011314,0.050349597447566855,0.05224875846102417,0.9636515571011314,0.050349597447566855,0.06822997927295486,0.9365528170324494,0.0639009792941515,0.06822997927295486,0.9365528170324494,0.0639009792941515,0.06822997927295486,0.9365528170324494,0.0639009792941515
1710.3406813627255,0.05781117685433108,0.9822768587899966,0.056786581203425286,0.05781117685433108,0.9822768587899966,0.056786581203425286,0.05781117685433108,0.9822768587899966,0.056786581203425286,0.05781117685433108,0.9822768587899966,0.056786581203425286,0.05781117685433108,0.9822768587899966,0.056786581203425286,0.05781117685433108,0.9822768587899966,0.056786581203425286,0.006306661401391735,0.9772002396292656,0.006162871032700644,0.006306661401391735,0.9772002396292656,0.006162871032700644,0.006306661401391735,0.9772002396292656,0.006162871032700644,0.05251171578309111,0.9635660930838165,0.050598508818240885,0.05251171578309111,0.9635660930838165,0.050598508818240885,0.05251171578309111,0.9635660930838165,0.050598508818240885,0.06813505612026773,0.9364553709346541,0.06380543925275879,0.06813505612026773,0.9364553709346541,0.06380543925275879,0.06813505612026773,0.9364553709346541,0.06380543925275879
1714.308617234469,0.05820182251046799,0.9822589548687448,0.057169261350588474,0.05820182251046799,0.9822589548687448,0.057169261350588474,0.05820182251046799,0.9822589548687448,0.057169261350588474,0.05820182251046799,0.9822589548687448,0.057169261350588474,0.05820182251046799,0.9822589548687448,0.057169261350588474,0.05820182251046799,0.9822589548687448,0.057169261350588474,0.007470056659377276,0.9771569159399243,0.007299417527173592,0.007470056659377276,0.9771569159399243,0.007299417527173592,0.007470056659377276,0.9771569159399243,0.007299417527173592,0.05269678300435708,0.9634820546859955,0.050772404764380004,0.05269678300435708,0.9634820546859955,0.050772404764380004,0.05269678300435708,0.9634820546859955,0.050772404764380004,0.06796255444894538,0.9363603909978737,0.06363744405702877,0.06796255444894538,0.9363603909978737,0.06363744405702877,0.06796255444894538,0.9363603909978737,0.06363744405702877
1718.2765531062125,0.05859349154063404,0.9822409243327844,0.05755292529075757,0.05859349154063404,0.9822409243327844,0.05755292529075757,0.05859349154063404,0.9822409243327844,0.05755292529075757,0.05859349154063404,0.9822409243327844,0.05755292529075757,0.05859349154063404,0.9822409243327844,0.05755292529075757,0.05859349154063404,0.9822409243327844,0.05755292529075757,0.008594403882470352,0.9771127741873779,0.008397701820087377,0.008594403882470352,0.9771127741873779,0.008397701820087377,0.008594403882470352,0.9771127741873779,0.008397701820087377,0.052802087412271534,0.9633992999566796,0.0508694940492338,0.052802087412271534,0.9633992999566796,0.0508694940492338,0.052802087412271534,0.9633992999566796,0.0508694940492338,0.06772992257804154,0.9362662958224199,0.06341324372848224,0.06772992257804154,0.9362662958224199,0.06341324372848224,0.06772992257804154,0.9362662958224199,0.06341324372848224
1722.2444889779558,0.058984087732566005,0.9822227335082898,0.05793551188617377,0.058984087732566005,0.9822227335082898,0.05793551188617377,0.058984087732566005,0.9822227335082898,0.05793551188617377,0.058984087732566005,0.9822227335082898,0.05793551188617377,0.058984087732566005,0.9822227335082898,0.05793551188617377,0.058984087732566005,0.9822227335082898,0.05793551188617377,0.009680881081780618,0.9770677346966299,0.009458876548442848,0.009680881081780618,0.9770677346966299,0.009458876548442848,0.009680881081780618,0.9770677346966299,0.009458876548442848,0.052826014153914566,0.9633177362081914,0.05088823636765086,0.052826014153914566,0.9633177362081914,0.05088823636765086,0.052826014153914566,0.9633177362081914,0.05088823636765086,0.06745109807397776,0.9361711940809522,0.06314577502598717,0.06745109807397776,0.9361711940809522,0.06314577502598717,0.06745109807397776,0.9361711940809522,0.06314577502598717
1726.2124248496993,0.05937149608173118,0.9822043483660693,0.05831494162047541,0.05937149608173118,0.9822043483660693,0.05831494162047541,0.05937149608173118,0.9822043483660693,0.05831494162047541,0.05937149608173118,0.9822043483660693,0.05831494162047541,0.05937149608173118,0.9822043483660693,0.05831494162047541,0.05937149608173118,0.9822043483660693,0.05831494162047541,0.010730632154714478,0.9770217192359713,0.010484060676287934,0.010730632154714478,0.9770217192359713,0.010484060676287934,0.010730632154714478,0.9770217192359713,0.010484060676287934,0.052767309549770096,0.9632373154001801,0.05082744159161083,0.052767309549770096,0.9632373154001801,0.05082744159161083,0.052767309549770096,0.9632373154001801,0.05082744159161083,0.06713827582015566,0.9360725416841578,0.06284629649126515,0.06713827582015566,0.9360725416841578,0.06284629649126515,0.06713827582015566,0.9360725416841578,0.06284629649126515
1730.180360721443,0.05975357598118255,0.9821857345183795,0.05868910991517758,0.05975357598118255,0.9821857345183795,0.05868910991517758,0.05975357598118255,0.9821857345183795,0.05868910991517758,0.05975357598118255,0.9821857345183795,0.05868910991517758,0.05975357598118255,0.9821857345183795,0.05868910991517758,0.05975357598118255,0.9821857345183795,0.05868910991517758,0.011744735257727805,0.9769746534808006,0.011474308658642364,0.011744735257727805,0.9769746534808006,0.011474308658642364,0.011744735257727805,0.9769746534808006,0.011474308658642364,0.05262518864312876,0.9631580253456478,0.05068637277695811,0.05262518864312876,0.9631580253456478,0.05068637277695811,0.05262518864312876,0.9631580253456478,0.05068637277695811,0.06680335991309866,0.9359668160104344,0.06252572807666204,0.06680335991309866,0.9359668160104344,0.06252572807666204,0.06680335991309866,0.9359668160104344,0.06252572807666204
1734.1482965931864,0.060128152918058037,0.9821668572189559,0.05905587898190986,0.060128152918058037,0.9821668572189559,0.05905587898190986,0.060128152918058037,0.9821668572189559,0.05905587898190986,0.060128152918058037,0.9821668572189559,0.05905587898190986,0.060128152918058037,0.9821668572189559,0.05905587898190986,0.060128152918058037,0.9821668572189559,0.05905587898190986,0.012724164680139368,0.9769264702627722,0.01243057328801079,0.012724164680139368,0.9769264702627722,0.01243057328801079,0.012724164680139368,0.9769264702627722,0.01243057328801079,0.052399420527911245,0.9630798780273321,0.05046482753072364,0.052399420527911245,0.9630798780273321,0.05046482753072364,0.052399420527911245,0.9630798780273321,0.05046482753072364,0.06645902079057395,0.9358501363738045,0.06219568367012814,0.06645902079057395,0.9358501363738045,0.06219568367012814,0.06645902079057395,0.9358501363738045,0.06219568367012814
1738.11623246493,0.060493008680103905,0.9821476813702711,0.059413068214275735,0.060493008680103905,0.9821476813702711,0.059413068214275735,0.060493008680103905,0.9821476813702711,0.059413068214275735,0.060493008680103905,0.9821476813702711,0.059413068214275735,0.060493008680103905,0.9821476813702711,0.059413068214275735,0.060493008680103905,0.9821476813702711,0.059413068214275735,0.013669744199637677,0.9768771136677167,0.013353660258318066,0.013669744199637677,0.9768771136677167,0.013353660258318066,0.013669744199637677,0.9768771136677167,0.013353660258318066,0.05209036735115289,0.9630028964592732,0.05016317463678779,0.05209036735115289,0.9630028964592732,0.05016317463678779,0.05209036735115289,0.9630028964592732,0.05016317463678779,0.0661176473724372,0.9357224059805841,0.06186776407711277,0.0661176473724372,0.9357224059805841,0.06186776407711277,0.0661176473724372,0.9357224059805841,0.06186776407711277
1742.0841683366737,0.06084587008292272,0.9821281715424641,0.059758443130451214,0.06084587008292272,0.9821281715424641,0.059758443130451214,0.06084587008292272,0.9821281715424641,0.059758443130451214,0.06084587008292272,0.9821281715424641,0.059758443130451214,0.06084587008292272,0.9821281715424641,0.059758443130451214,0.06084587008292272,0.9821281715424641,0.059758443130451214,0.01458209046214003,0.9768265439504767,0.014244173029705456,0.01458209046214003,0.9768265439504767,0.014244173029705456,0.01458209046214003,0.9768265439504767,0.014244173029705456,0.05169896051646658,0.9629271016622836,0.049782330209074,0.05169896051646658,0.9629271016622836,0.049782330209074,0.05169896051646658,0.9629271016622836,0.049782330209074,0.06578624225796303,0.9355927365607835,0.06154913042217829,0.06578624225796303,0.9355927365607835,0.06154913042217829,0.06578624225796303,0.9355927365607835,0.06154913042217829
1746.0521042084167,0.06118439624687666,0.9821082920090082,0.060089702895622404,0.06118439624687666,0.9821082920090082,0.060089702895622404,0.06118439624687666,0.9821082920090082,0.060089702895622404,0.06118439624687666,0.9821082920090082,0.060089702895622404,0.06118439624687666,0.9821082920090082,0.060089702895622404,0.06118439624687666,0.9821082920090082,0.060089702895622404,0.015461546254329144,0.9767747430777441,0.015102447870157007,0.015461546254329144,0.9767747430777441,0.015102447870157007,0.015461546254329144,0.9767747430777441,0.015102447870157007,0.051226609353374954,0.9628525012013011,0.04932366894395904,0.051226609353374954,0.9628525012013011,0.04932366894395904,0.051226609353374954,0.9628525012013011,0.04932366894395904,0.06546602251701746,0.9354718495282391,0.06124162116525167,0.06546602251701746,0.9354718495282391,0.06124162116525167,0.06546602251701746,0.9354718495282391,0.06124162116525167
1750.0200400801602,0.06150616448552875,0.9820880068049959,0.06040446648581316,0.06150616448552875,0.9820880068049959,0.06040446648581316,0.06150616448552875,0.9820880068049959,0.06040446648581316,0.06150616448552875,0.9820880068049959,0.06040446648581316,0.06150616448552875,0.9820880068049959,0.06040446648581316,0.06150616448552875,0.9820880068049959,0.06040446648581316,0.016308105836963308,0.9767217204893522,0.01592848119100125,0.016308105836963308,0.9767217204893522,0.01592848119100125,0.016308105836963308,0.9767217204893522,0.01592848119100125,0.050675049924421275,0.9627790802950121,0.04878887796013814,0.050675049924421275,0.9627790802950121,0.04878887796013814,0.050675049924421275,0.9627790802950121,0.04878887796013814,0.06516002488212401,0.9353618716537773,0.06094820283075021,0.06516002488212401,0.9353618716537773,0.06094820283075021,0.06516002488212401,0.9353618716537773,0.06094820283075021
1753.987975951904,0.061808654920120366,0.9820672798149168,0.06070025760642148,0.061808654920120366,0.9820672798149168,0.06070025760642148,0.061808654920120366,0.9820672798149168,0.06070025760642148,0.061808654920120366,0.9820672798149168,0.06070025760642148,0.061808654920120366,0.9820672798149168,0.06070025760642148,0.061808654920120366,0.9820672798149168,0.06070025760642148,0.01712133778444291,0.9766675184067042,0.016721854485734797,0.01712133778444291,0.9766675184067042,0.016721854485734797,0.01712133778444291,0.9766675184067042,0.016721854485734797,0.050046150895371025,0.9627067958730109,0.04817976957425985,0.050046150895371025,0.9627067958730109,0.04817976957425985,0.050046150895371025,0.9627067958730109,0.04817976957425985,0.06487481795935672,0.9352598701238659,0.06067481381897741,0.06487481795935672,0.9352598701238659,0.06067481381897741,0.06487481795935672,0.9352598701238659,0.06067481381897741
1757.9559118236473,0.06208923401259432,0.9820460748979597,0.06097448855548915,0.06208923401259432,0.9820460748979597,0.06097448855548915,0.06208923401259432,0.9820460748979597,0.06097448855548915,0.06208923401259432,0.9820460748979597,0.06097448855548915,0.06208923401259432,0.9820460748979597,0.06097448855548915,0.06208923401259432,0.9820460748979597,0.06097448855548915,0.017900314619325647,0.9766122157732394,0.01748166592341773,0.017900314619325647,0.9766122157732394,0.01748166592341773,0.017900314619325647,0.9766122157732394,0.01748166592341773,0.049341697324588915,0.9626355733283276,0.04749807309304846,0.049341697324588915,0.9626355733283276,0.04749807309304846,0.049341697324588915,0.9626355733283276,0.04749807309304846,0.06461813927511356,0.9351625215914213,0.060428462065060855,0.06461813927511356,0.9351625215914213,0.060428462065060855,0.06461813927511356,0.9351625215914213,0.060428462065060855
1761.9238476953908,0.06234513731994172,0.982024356060146,0.06122444333009715,0.06234513731994172,0.982024356060146,0.06122444333009715,0.06234513731994172,0.982024356060146,0.06122444333009715,0.06234513731994172,0.982024356060146,0.06122444333009715,0.06234513731994172,0.982024356060146,0.06122444333009715,0.06234513731994172,0.982024356060146,0.06122444333009715,0.01864356195160769,0.9765559297837635,0.018206480976133445,0.01864356195160769,0.9765559297837635,0.018206480976133445,0.01864356195160769,0.9765559297837635,0.018206480976133445,0.04856317215310371,0.962565305263684,0.04674522462812511,0.04856317215310371,0.962565305263684,0.04674522462812511,0.04856317215310371,0.962565305263684,0.04674522462812511,0.06439748572654573,0.9350672519724089,0.06021598001225354,0.06439748572654573,0.9350672519724089,0.06021598001225354,0.06439748572654573,0.9350672519724089,0.06021598001225354
1765.8917835671346,0.06257345192258341,0.982002087683911,0.061447260421565744,0.06257345192258341,0.982002087683911,0.061447260421565744,0.06257345192258341,0.982002087683911,0.061447260421565744,0.06257345192258341,0.982002087683911,0.061447260421565744,0.06257345192258341,0.982002087683911,0.061447260421565744,0.06257345192258341,0.982002087683911,0.061447260421565744,0.019349041333211386,0.9764988140615184,0.01889431591510822,0.019349041333211386,0.9764988140615184,0.01889431591510822,0.019349041333211386,0.9764988140615184,0.01889431591510822,0.04771155129624679,0.9624958513244876,0.04592217018289301,0.04771155129624679,0.9624958513244876,0.04592217018289301,0.04771155129624679,0.9624958513244876,0.04592217018289301,0.0642196132866383,0.9349720872749593,0.060043545878598927,0.0642196132866383,0.9349720872749593,0.060043545878598927,0.0642196132866383,0.9349720872749593,0.060043545878598927
1769.8597194388778,0.06277109917655335,0.9819792348269534,0.06163991593863866,0.06277109917655335,0.9819792348269534,0.06163991593863866,0.06277109917655335,0.9819792348269534,0.06163991593863866,0.06277109917655335,0.9819792348269534,0.06163991593863866,0.06277109917655335,0.9819792348269534,0.06163991593863866,0.06277109917655335,0.9819792348269534,0.06163991593863866,0.020014179075167372,0.976441052953382,0.019542666090153975,0.020014179075167372,0.976441052953382,0.019542666090153975,0.020014179075167372,0.976441052953382,0.019542666090153975,0.046787124396311774,0.9624270382185155,0.04502919355950359,0.046787124396311774,0.9624270382185155,0.04502919355950359,0.046787124396311774,0.9624270382185155,0.04502919355950359,0.0640902831084663,0.9348753301661736,0.05991642458147098,0.0640902831084663,0.9348753301661736,0.05991642458147098,0.0640902831084663,0.9348753301661736,0.05991642458147098
1773.8276553106211,0.06293481868974608,0.9819557636030662,0.06179920794371014,0.06293481868974608,0.9819557636030662,0.06179920794371014,0.06293481868974608,0.9819557636030662,0.06179920794371014,0.06293481868974608,0.9819557636030662,0.06179920794371014,0.06293481868974608,0.9819557636030662,0.06179920794371014,0.06293481868974608,0.9819557636030662,0.06179920794371014,0.02063594710237849,0.9763828521121176,0.0201485848878551,0.02063594710237849,0.9763828521121176,0.0201485848878551,0.02063594710237849,0.9763828521121176,0.0201485848878551,0.04578935207108452,0.96235865916284,0.04406577946306411,0.04578935207108452,0.96235865916284,0.04406577946306411,0.04578935207108452,0.96235865916284,0.04406577946306411,0.06401398231176865,0.9347752747143578,0.05983868790104358,0.06401398231176865,0.9347752747143578,0.05983868790104358,0.06401398231176865,0.9347752747143578,0.05983868790104358
1777.795591182365,0.06306115472944102,0.9819316416579428,0.06192174318832556,0.06306115472944102,0.9819316416579428,0.06192174318832556,0.06306115472944102,0.9819316416579428,0.06192174318832556,0.06306115472944102,0.9819316416579428,0.06192174318832556,0.06306115472944102,0.9819316416579428,0.06192174318832556,0.06306115472944102,0.9819316416579428,0.06192174318832556,0.021210992416750677,0.9763244263568804,0.020708810003744246,0.021210992416750677,0.9763244263568804,0.020708810003744246,0.021210992416750677,0.9763244263568804,0.020708810003744246,0.04471677403070067,0.9622904722017372,0.04303052559734133,0.04471677403070067,0.9622904722017372,0.04303052559734133,0.04471677403070067,0.9622904722017372,0.04303052559734133,0.06399355706442988,0.9346699906225107,0.05981285738131178,0.06399355706442988,0.9346699906225107,0.05981285738131178,0.06399355706442988,0.9346699906225107,0.05981285738131178
1781.7635270541082,0.06314644662869565,0.9819068387521915,0.06200392778761653,0.06314644662869565,0.9819068387521915,0.06200392778761653,0.06314644662869565,0.9819068387521915,0.06200392778761653,0.06314644662869565,0.9819068387521915,0.06200392778761653,0.06314644662869565,0.9819068387521915,0.06200392778761653,0.06314644662869565,0.9819068387521915,0.06200392778761653,0.021735801553627702,0.9762659864801607,0.02121992374568936,0.021735801553627702,0.9762659864801607,0.02121992374568936,0.021735801553627702,0.9762659864801607,0.02121992374568936,0.04356699290863197,0.9622221970769894,0.04192112763658147,0.04356699290863197,0.9622221970769894,0.04192112763658147,0.04356699290863197,0.9622221970769894,0.04192112763658147,0.06402986495569386,0.9345573229881808,0.05983957918428799,0.06402986495569386,0.9345573229881808,0.05983957918428799,0.06402986495569386,0.9345573229881808,0.05983957918428799
1785.7314629258517,0.063186825159452,0.9818813274614815,0.06204196376563926,0.063186825159452,0.9818813274614815,0.06204196376563926,0.063186825159452,0.9818813274614815,0.06204196376563926,0.063186825159452,0.9818813274614815,0.06204196376563926,0.063186825159452,0.9818813274614815,0.06204196376563926,0.063186825159452,0.9818813274614815,0.06204196376563926,0.022206879032615867,0.9762077269424302,0.021678526902915447,0.022206879032615867,0.9762077269424302,0.021678526902915447,0.022206879032615867,0.9762077269424302,0.021678526902915447,0.04233677898722639,0.9621535106381274,0.04073448053167037,0.04233677898722639,0.9621535106381274,0.04073448053167037,0.04233677898722639,0.9621535106381274,0.04073448053167037,0.06412188444600826,0.9344356059931381,0.05991777194972771,0.06412188444600826,0.9344356059931381,0.05991777194972771,0.06412188444600826,0.9344356059931381,0.05991777194972771
1789.6993987975954,0.063178217251329,0.9818550839992175,0.06203185380622444,0.063178217251329,0.9818550839992175,0.06203185380622444,0.063178217251329,0.9818550839992175,0.06203185380622444,0.063178217251329,0.9818550839992175,0.06203185380622444,0.063178217251329,0.9818550839992175,0.06203185380622444,0.063178217251329,0.9818550839992175,0.06203185380622444,0.02262091685404205,0.9761498161532968,0.02208140382829216,0.02262091685404205,0.9761498161532968,0.02208140382829216,0.02262091685404205,0.9761498161532968,0.02208140382829216,0.0410223754072379,0.962084041268065,0.039466972714211124,0.0410223754072379,0.962084041268065,0.039466972714211124,0.0410223754072379,0.962084041268065,0.039466972714211124,0.06426799322192459,0.9343056931854922,0.06004595195685076,0.06426799322192459,0.9343056931854922,0.06004595195685076,0.06426799322192459,0.9343056931854922,0.06004595195685076
1793.6673346693387,0.06311636180654895,0.9818280891597461,0.06196941690723913,0.06311636180654895,0.9818280891597461,0.06196941690723913,0.06311636180654895,0.9818280891597461,0.06196941690723913,0.06311636180654895,0.9818280891597461,0.06196941690723913,0.06311636180654895,0.9818280891597461,0.06196941690723913,0.06311636180654895,0.9818280891597461,0.06196941690723913,0.022974935997183775,0.976092390379035,0.022425660196296448,0.022974935997183775,0.976092390379035,0.022425660196296448,0.022974935997183775,0.976092390379035,0.022425660196296448,0.03962013695751881,0.9620133636889063,0.03811510122431782,0.03962013695751881,0.9620133636889063,0.03811510122431782,0.03962013695751881,0.9620133636889063,0.03811510122431782,0.06446764851285039,0.9341726976147027,0.060223917120125925,0.06446764851285039,0.9341726976147027,0.060223917120125925,0.06446764851285039,0.9341726976147027,0.060223917120125925
1797.6352705410823,0.06299683961637682,0.9818003293691968,0.06185031788457723,0.06299683961637682,0.9818003293691968,0.06185031788457723,0.06299683961637682,0.9818003293691968,0.06185031788457723,0.06299683961637682,0.9818003293691968,0.06185031788457723,0.06299683961637682,0.9818003293691968,0.06185031788457723,0.06299683961637682,0.9818003293691968,0.06185031788457723,0.02326638874189307,0.9760355514941905,0.022708822566971827,0.02326638874189307,0.9760355514941905,0.022708822566971827,0.02326638874189307,0.9760355514941905,0.022708822566971827,0.03812771040737699,0.9619409971587324,0.0366766077686516,0.03812771040737699,0.9619409971587324,0.0366766077686516,0.03812771040737699,0.9619409971587324,0.0366766077686516,0.06472006846571098,0.9340432648324537,0.060451344049892615,0.06472006846571098,0.9340432648324537,0.060451344049892615,0.06472006846571098,0.9340432648324537,0.060451344049892615
1801.6032064128258,0.06281512041759708,0.9817717978163216,0.06167011370243302,0.06281512041759708,0.9817717978163216,0.06167011370243302,0.06281512041759708,0.9817717978163216,0.06167011370243302,0.06281512041759708,0.9817717978163216,0.06167011370243302,0.06281512041759708,0.9817717978163216,0.06167011370243302,0.06281512041759708,0.9817717978163216,0.06167011370243302,0.02349321941279234,0.9759793680823315,0.022928897436716632,0.02349321941279234,0.9759793680823315,0.022928897436716632,0.02349321941279234,0.9759793680823315,0.022928897436716632,0.03654604849301279,0.9618664129302906,0.03515241657075066,0.03654604849301279,0.9618664129302906,0.03515241657075066,0.03654604849301279,0.9618664129302906,0.03515241657075066,0.06502086602164239,0.9339209023906286,0.06072434586915243,0.06502086602164239,0.9339209023906286,0.06072434586915243,0.06502086602164239,0.9339209023906286,0.06072434586915243
1805.571142284569,0.06256662980988992,0.9817424956172827,0.061424319291924,0.06256662980988992,0.9817424956172827,0.061424319291924,0.06256662980988992,0.9817424956172827,0.061424319291924,0.06256662980988992,0.9817424956172827,0.061424319291924,0.06256662980988992,0.9817424956172827,0.061424319291924,0.06256662980988992,0.9817424956172827,0.061424319291924,0.02365388817005955,0.9759238789601422,0.023084394295413938,0.02365388817005955,0.9759238789601422,0.023084394295413938,0.02365388817005955,0.9759238789601422,0.023084394295413938,0.03488258821503449,0.9617890611686425,0.033549691770470375,0.03488258821503449,0.9617890611686425,0.033549691770470375,0.03488258821503449,0.9617890611686425,0.033549691770470375,0.06536172905521535,0.9338056216302417,0.061035150031232804,0.06536172905521535,0.9338056216302417,0.061035150031232804,0.06536172905521535,0.9338056216302417,0.061035150031232804
1809.5390781563128,0.06224683794934988,0.9817124329473275,0.061108494726534304,0.06224683794934988,0.9817124329473275,0.061108494726534304,0.06224683794934988,0.9817124329473275,0.061108494726534304,0.06224683794934988,0.9817124329473275,0.061108494726534304,0.06224683794934988,0.9817124329473275,0.061108494726534304,0.06224683794934988,0.9817124329473275,0.061108494726534304,0.023747366419272633,0.9758690980806031,0.023174321049365183,0.023747366419272633,0.9758690980806031,0.023174321049365183,0.023747366419272633,0.9758690980806031,0.023174321049365183,0.03315576741761324,0.9617084323039876,0.03188618110502846,0.03315576741761324,0.9617084323039876,0.03188618110502846,0.03315576741761324,0.9617084323039876,0.03188618110502846,0.06573241332049884,0.933695984461424,0.061374090366308386,0.06573241332049884,0.933695984461424,0.061374090366308386,0.06573241332049884,0.933695984461424,0.061374090366308386
1813.5070140280563,0.061851370524344515,0.9816816300508855,0.060718354237219815,0.061851370524344515,0.9816816300508855,0.060718354237219815,0.061851370524344515,0.9816816300508855,0.060718354237219815,0.061851370524344515,0.9816816300508855,0.060718354237219815,0.061851370524344515,0.9816816300508855,0.060718354237219815,0.061851370524344515,0.9816816300508855,0.060718354237219815,0.02377311334988358,0.9758150198898995,0.023198161076361478,0.02377311334988358,0.9758150198898995,0.023198161076361478,0.02377311334988358,0.9758150198898995,0.023198161076361478,0.03140041378791835,0.961624168379838,0.03019539679558978,0.03140041378791835,0.961624168379838,0.03019539679558978,0.03140041378791835,0.961624168379838,0.03019539679558978,0.06612234320074906,0.9335903623964119,0.06173118235128724,0.06612234320074906,0.9335903623964119,0.06173118235128724,0.06612234320074906,0.9335903623964119,0.06173118235128724
1817.4749498997996,0.06137614045872594,0.9816501180234397,0.06024989552513153,0.06137614045872594,0.9816501180234397,0.06024989552513153,0.06137614045872594,0.9816501180234397,0.06024989552513153,0.06137614045872594,0.9816501180234397,0.06024989552513153,0.06137614045872594,0.9816501180234397,0.06024989552513153,0.06137614045872594,0.9816501180234397,0.06024989552513153,0.023731041940347187,0.9757616244545554,0.023155840033712356,0.023731041940347187,0.9757616244545554,0.023155840033712356,0.023731041940347187,0.9757616244545554,0.023155840033712356,0.0296721196871976,0.9615362254713464,0.02853081796576201,0.0296721196871976,0.9615362254713464,0.02853081796576201,0.0296721196871976,0.9615362254713464,0.02853081796576201,0.06652121746600431,0.9334872435769247,0.06209670793172155,0.06652121746600431,0.9334872435769247,0.06209670793172155,0.06652121746600431,0.9334872435769247,0.06209670793172155
1821.4428857715432,0.060817496146548876,0.9816179392483093,0.0596995452376173,0.060817496146548876,0.9816179392483093,0.0596995452376173,0.060817496146548876,0.9816179392483093,0.0596995452376173,0.060817496146548876,0.9816179392483093,0.0596995452376173,0.060817496146548876,0.9816179392483093,0.0596995452376173,0.060817496146548876,0.9816179392483093,0.0596995452376173,0.023621480584192327,0.9757088819401348,0.0230476884105729,0.023621480584192327,0.9757088819401348,0.0230476884105729,0.023621480584192327,0.9757088819401348,0.0230476884105729,0.028046838658660873,0.9614450460494403,0.026965494085717426,0.028046838658660873,0.9614450460494403,0.026965494085717426,0.028046838658660873,0.9614450460494403,0.026965494085717426,0.06691869985729093,0.9333851295440225,0.06246091933521506,0.06691869985729093,0.9333851295440225,0.06246091933521506,0.06691869985729093,0.9333851295440225,0.06246091933521506
1825.4108216432865,0.06017237904429474,0.9815851473745085,0.05906431355206884,0.06017237904429474,0.9815851473745085,0.05906431355206884,0.06017237904429474,0.9815851473745085,0.05906431355206884,0.06017237904429474,0.9815851473745085,0.05906431355206884,0.06017237904429474,0.9815851473745085,0.05906431355206884,0.06017237904429474,0.9815851473745085,0.05906431355206884,0.023445134168013818,0.9756567562488654,0.022874403552183804,0.023445134168013818,0.9756567562488654,0.022874403552183804,0.023445134168013818,0.9756567562488654,0.022874403552183804,0.02661157660629775,0.9613516403858283,0.025583082823717476,0.02661157660629775,0.9613516403858283,0.025583082823717476,0.02661157660629775,0.9613516403858283,0.025583082823717476,0.06730298299571486,0.933282268913631,0.06281268067489629,0.06730298299571486,0.933282268913631,0.06281268067489629,0.06730298299571486,0.933282268913631,0.06281268067489629
1829.37875751503,0.05943848056260734,0.9815518067426132,0.05834194798626293,0.05943848056260734,0.9815518067426132,0.05834194798626293,0.05943848056260734,0.9815518067426132,0.05834194798626293,0.05943848056260734,0.9815518067426132,0.05834194798626293,0.05943848056260734,0.9815518067426132,0.05834194798626293,0.05943848056260734,0.9815518067426132,0.05834194798626293,0.02320304648109331,0.97560520778621,0.022637012983460124,0.02320304648109331,0.97560520778621,0.022637012983460124,0.02320304648109331,0.97560520778621,0.022637012983460124,0.02544616647589843,0.9612574629133389,0.024460317427492585,0.02544616647589843,0.9612574629133389,0.024460317427492585,0.02544616647589843,0.9612574629133389,0.024460317427492585,0.06765756183925259,0.9331762728787643,0.06313643138921825,0.06765756183925259,0.9331762728787643,0.06313643138921825,0.06765756183925259,0.9331762728787643,0.06313643138921825
1833.3466933867737,0.058614385993469895,0.9815179912060894,0.05753107439608891,0.058614385993469895,0.9815179912060894,0.05753107439608891,0.058614385993469895,0.9815179912060894,0.05753107439608891,0.058614385993469895,0.9815179912060894,0.05753107439608891,0.058614385993469895,0.9815179912060894,0.05753107439608891,0.058614385993469895,0.9815179912060894,0.05753107439608891,0.02289656445406306,0.975554195426432,0.02233683951401293,0.02289656445406306,0.975554195426432,0.02233683951401293,0.02289656445406306,0.975554195426432,0.02233683951401293,0.02460381023339785,0.9611640768606595,0.023648298550238693,0.02460381023339785,0.9611640768606595,0.023648298550238693,0.02460381023339785,0.9611640768606595,0.023648298550238693,0.06795581547069292,0.9330637624879609,0.06340710886602231,0.06795581547069292,0.9330637624879609,0.06340710886602231,0.06795581547069292,0.9330637624879609,0.06340710886602231
1837.314629258517,0.0576996923068997,0.9814837823537514,0.056631312246023566,0.0576996923068997,0.9814837823537514,0.056631312246023566,0.0576996923068997,0.9814837823537514,0.056631312246023566,0.0576996923068997,0.9814837823537514,0.056631312246023566,0.0576996923068997,0.9814837823537514,0.056631312246023566,0.0576996923068997,0.9814837823537514,0.056631312246023566,0.022527303905703445,0.9755036777973183,0.021975467810871605,0.022527303905703445,0.9755036777973183,0.021975467810871605,0.022527303905703445,0.9755036777973183,0.021975467810871605,0.024101377596012274,0.9610727690965071,0.023163177705240033,0.024101377596012274,0.9610727690965071,0.023163177705240033,0.024101377596012274,0.9610727690965071,0.023163177705240033,0.06815950326700773,0.932941210881351,0.06358880951099359,0.06815950326700773,0.932941210881351,0.06358880951099359,0.06815950326700773,0.932941210881351,0.06358880951099359
1841.2825651302605,0.056695087550840594,0.9814492672078405,0.05564335213105686,0.056695087550840594,0.9814492672078405,0.05564335213105686,0.056695087550840594,0.9814492672078405,0.05564335213105686,0.056695087550840594,0.9814492672078405,0.05564335213105686,0.056695087550840594,0.9814492672078405,0.05564335213105686,0.056695087550840594,0.9814492672078405,0.05564335213105686,0.022097116120380744,0.9754536140200167,0.021554711779045367,0.022097116120380744,0.9754536140200167,0.021554711779045367,0.022097116120380744,0.9754536140200167,0.021554711779045367,0.023923720838677196,0.9609843187446221,0.022990320571992726,0.023923720838677196,0.9609843187446221,0.022990320571992726,0.023923720838677196,0.9609843187446221,0.022990320571992726,0.06824986151263004,0.932809961429944,0.06366415068519544,0.06824986151263004,0.932809961429944,0.06366415068519544,0.06824986151263004,0.932809961429944,0.06366415068519544
1845.2505010020043,0.055602382469067485,0.9814145355402487,0.05456898636581113,0.055602382469067485,0.9814145355402487,0.05456898636581113,0.055602382469067485,0.9814145355402487,0.05456898636581113,0.055602382469067485,0.9814145355402487,0.05456898636581113,0.055602382469067485,0.9814145355402487,0.05456898636581113,0.055602382469067485,0.9814145355402487,0.05456898636581113,0.021608054554190934,0.9754039640350156,0.021076582067242708,0.021608054554190934,0.9754039640350156,0.021076582067242708,0.021608054554190934,0.9754039640350156,0.021076582067242708,0.024036504578624274,0.9608989873148805,0.023096652908189554,0.024036504578624274,0.9608989873148805,0.023096652908189554,0.024036504578624274,0.9608989873148805,0.023096652908189554,0.0682853249970883,0.9326803445632929,0.06368838044690074,0.0682853249970883,0.9326803445632929,0.06368838044690074,0.0682853249970883,0.9326803445632929,0.06368838044690074
1849.2184368737478,0.05442448954748179,0.9813796770032193,0.05341108797317276,0.05442448954748179,0.9813796770032193,0.05341108797317276,0.05442448954748179,0.9813796770032193,0.05341108797317276,0.05442448954748179,0.9813796770032193,0.05341108797317276,0.05442448954748179,0.9813796770032193,0.05341108797317276,0.05442448954748179,0.9813796770032193,0.05341108797317276,0.02106234115450541,0.9753546886295865,0.02054325319856275,0.02106234115450541,0.9753546886295865,0.02054325319856275,0.02106234115450541,0.9753546886295865,0.02054325319856275,0.024399191101148375,0.9608166513515368,0.023443149089491598,0.024399191101148375,0.9608166513515368,0.023443149089491598,0.024399191101148375,0.9608166513515368,0.023443149089491598,0.06834864452629252,0.9325605895567021,0.06373925223484081,0.06834864452629252,0.9325605895567021,0.06373925223484081,0.06834864452629252,0.9325605895567021,0.06373925223484081
1853.1863727454909,0.05316535029286111,0.9813447782986354,0.05217353889631708,0.05316535029286111,0.9813447782986354,0.05217353889631708,0.05316535029286111,0.9813447782986354,0.05217353889631708,0.05316535029286111,0.9813447782986354,0.05217353889631708,0.05316535029286111,0.9813447782986354,0.05217353889631708,0.05316535029286111,0.9813447782986354,0.05217353889631708,0.020462332076435975,0.9753057492620356,0.019957030117456975,0.020462332076435975,0.9753057492620356,0.019957030117456975,0.020462332076435975,0.9753057492620356,0.019957030117456975,0.024973554999926206,0.9607369665990573,0.023993017475823823,0.024973554999926206,0.9607369665990573,0.023993017475823823,0.024973554999926206,0.9607369665990573,0.023993017475823823,0.0684685416296057,0.9324503709882243,0.0638435170435485,0.0684685416296057,0.9324503709882243,0.0638435170435485,0.0684685416296057,0.9324503709882243,0.0638435170435485
1857.1543086172346,0.05182981712903206,0.981309920605224,0.050861113731873735,0.05182981712903206,0.981309920605224,0.050861113731873735,0.05182981712903206,0.981309920605224,0.050861113731873735,0.05182981712903206,0.981309920605224,0.050861113731873735,0.05182981712903206,0.981309920605224,0.050861113731873735,0.05182981712903206,0.981309920605224,0.050861113731873735,0.01981048291619221,0.9752571077576333,0.01932031427212762,0.01981048291619221,0.9752571077576333,0.01932031427212762,0.01981048291619221,0.9752571077576333,0.01932031427212762,0.02572738772584107,0.9606594996538314,0.024715259420106602,0.02572738772584107,0.9606594996538314,0.024715259420106602,0.02572738772584107,0.9606594996538314,0.024715259420106602,0.06864116487774032,0.9323464938165952,0.063997349405248,0.06864116487774032,0.9323464938165952,0.063997349405248,0.06864116487774032,0.9323464938165952,0.063997349405248
1861.122244488978,0.05042350082825019,0.9812751774464767,0.049479329722713766,0.05042350082825019,0.9812751774464767,0.049479329722713766,0.05042350082825019,0.9812751774464767,0.049479329722713766,0.05042350082825019,0.9812751774464767,0.049479329722713766,0.05042350082825019,0.9812751774464767,0.049479329722713766,0.05042350082825019,0.9812751774464767,0.049479329722713766,0.01910931390305302,0.975208725932129,0.018635569664833457,0.01910931390305302,0.975208725932129,0.018635569664833457,0.01910931390305302,0.975208725932129,0.018635569664833457,0.02663492259422197,0.9605838128424142,0.025585075500320305,0.02663492259422197,0.9605838128424142,0.025585075500320305,0.02663492259422197,0.9605838128424142,0.025585075500320305,0.06885840156633863,0.9322461876408474,0.06419298234726174,0.06885840156633863,0.9322461876408474,0.06419298234726174,0.06885840156633863,0.9322461876408474,0.06419298234726174
1865.0901803607214,0.0489525971065875,0.9812406131219473,0.048034276398779586,0.0489525971065875,0.9812406131219473,0.048034276398779586,0.0489525971065875,0.9812406131219473,0.048034276398779586,0.0489525971065875,0.9812406131219473,0.048034276398779586,0.0489525971065875,0.9812406131219473,0.048034276398779586,0.0489525971065875,0.9812406131219473,0.048034276398779586,0.01836137576575066,0.975160565182187,0.017905289569251925,0.01836137576575066,0.975160565182187,0.017905289569251925,0.01836137576575066,0.975160565182187,0.017905289569251925,0.027675551394706947,0.9605095120443018,0.026582630365686966,0.027675551394706947,0.9605095120443018,0.026582630365686966,0.027675551394706947,0.9605095120443018,0.026582630365686966,0.06911603935199102,0.9321474515759103,0.06442633994497876,0.06911603935199102,0.9321474515759103,0.06442633994497876,0.06911603935199102,0.9321474515759103,0.06442633994497876
1869.0581162324652,0.04742370658637711,0.9812062817534811,0.046532438806587154,0.04742370658637711,0.9812062817534811,0.046532438806587154,0.04742370658637711,0.9812062817534811,0.046532438806587154,0.04742370658637711,0.9812062817534811,0.046532438806587154,0.04742370658637711,0.9812062817534811,0.046532438806587154,0.04742370658637711,0.9812062817534811,0.046532438806587154,0.01756921719933493,0.975112586068218,0.0171319648184377,0.01756921719933493,0.975112586068218,0.0171319648184377,0.01756921719933493,0.975112586068218,0.0171319648184377,0.028831871698430905,0.9604362716391853,0.027691175358420323,0.028831871698430905,0.9604362716391853,0.027691175358420323,0.028831871698430905,0.9604362716391853,0.027691175358420323,0.06941474414850775,0.9320487553558274,0.06469792588695986,0.06941474414850775,0.9320487553558274,0.06469792588695986,0.06941474414850775,0.9320487553558274,0.06469792588695986
1873.0260521042085,0.04584366094304092,0.9811722269294519,0.0449805268980822,0.04584366094304092,0.9811722269294519,0.0449805268980822,0.04584366094304092,0.9811722269294519,0.0449805268980822,0.04584366094304092,0.9811722269294519,0.0449805268980822,0.04584366094304092,0.9811722269294519,0.0449805268980822,0.04584366094304092,0.9811722269294519,0.0449805268980822,0.01673535500334685,0.9750647479039107,0.01631805470742085,0.01673535500334685,0.9750647479039107,0.01631805470742085,0.01673535500334685,0.9750647479039107,0.01631805470742085,0.030087649648030425,0.9603638472708048,0.028895090971318576,0.030087649648030425,0.9603638472708048,0.028895090971318576,0.030087649648030425,0.9603638472708048,0.028895090971318576,0.06976000141303297,0.9319487357522317,0.06501274512294998,0.06976000141303297,0.9319487357522317,0.06501274512294998,0.06976000141303297,0.9319487357522317,0.06501274512294998
1876.993987975952,0.04421936526134238,0.9811384818750859,0.043385320901993374,0.04421936526134238,0.9811384818750859,0.043385320901993374,0.04421936526134238,0.9811384818750859,0.043385320901993374,0.04421936526134238,0.9811384818750859,0.043385320901993374,0.04421936526134238,0.9811384818750859,0.043385320901993374,0.04421936526134238,0.9811384818750859,0.043385320901993374,0.01586224805153755,0.975017008358149,0.015465961641045021,0.01586224805153755,0.975017008358149,0.015465961641045021,0.01586224805153755,0.975017008358149,0.015465961641045021,0.031426045635130434,0.9602920821720431,0.030178182797393052,0.031426045635130434,0.9602920821720431,0.030178182797393052,0.031426045635130434,0.9602920821720431,0.030178182797393052,0.0701623055616095,0.9318459369584854,0.06538045936522556,0.0701623055616095,0.9318459369584854,0.06538045936522556,0.0701623055616095,0.9318459369584854,0.06538045936522556
1880.9619238476955,0.04255766315084952,0.981105070041478,0.041753539086415846,0.04255766315084952,0.981105070041478,0.041753539086415846,0.04255766315084952,0.981105070041478,0.041753539086415846,0.04255766315084952,0.981105070041478,0.041753539086415846,0.04255766315084952,0.981105070041478,0.041753539086415846,0.04255766315084952,0.981105070041478,0.041753539086415846,0.014952276306707629,0.9749693230687304,0.014578010709087354,0.014952276306707629,0.9749693230687304,0.014578010709087354,0.014952276306707629,0.9749693230687304,0.014578010709087354,0.03282836544364485,0.9602209086915849,0.03152248289715608,0.03282836544364485,0.9602209086915849,0.03152248289715608,0.03282836544364485,0.9602209086915849,0.03152248289715608,0.07063704290538762,0.9317385674157804,0.06581525716315288,0.07063704290538762,0.9317385674157804,0.06581525716315288,0.07063704290538762,0.9317385674157804,0.06581525716315288
1884.9298597194388,0.040865227699964014,0.9810720059909503,0.04009173091488064,0.040865227699964014,0.9810720059909503,0.04009173091488064,0.040865227699964014,0.9810720059909503,0.04009173091488064,0.040865227699964014,0.9810720059909503,0.04009173091488064,0.040865227699964014,0.9810720059909503,0.04009173091488064,0.040865227699964014,0.9810720059909503,0.04009173091488064,0.014007726136812402,0.9749216452631885,0.013656435411697313,0.014007726136812402,0.9749216452631885,0.013656435411697313,0.014007726136812402,0.9749216452631885,0.013656435411697313,0.03427355862825497,0.9601503440468514,0.03290776910862894,0.03427355862825497,0.9601503440468514,0.03290776910862894,0.03427355862825497,0.9601503440468514,0.03290776910862894,0.07120104915447482,0.9316243587686847,0.0663326317621952,0.07120104915447482,0.9316243587686847,0.0663326317621952,0.07120104915447482,0.9316243587686847,0.0663326317621952
1888.8977955911823,0.03914847839119302,0.9810392964589151,0.03840619569833304,0.03914847839119302,0.9810392964589151,0.03840619569833304,0.03914847839119302,0.9810392964589151,0.03840619569833304,0.03914847839119302,0.9810392964589151,0.03840619569833304,0.03914847839119302,0.9810392964589151,0.03840619569833304,0.03914847839119302,0.9810392964589151,0.03840619569833304,0.013030783248804917,0.9748739253798628,0.012703370816536611,0.013030783248804917,0.9748739253798628,0.012703370816536611,0.013030783248804917,0.9748739253798628,0.012703370816536611,0.035738595325027225,0.9600804785057467,0.03431192770077538,0.035738595325027225,0.9600804785057467,0.03431192770077538,0.035738595325027225,0.9600804785057467,0.03431192770077538,0.07185737666105764,0.9315010413414991,0.06693522118784352,0.07185737666105764,0.9315010413414991,0.06693522118784352,0.07185737666105764,0.9315010413414991,0.06693522118784352
1892.865731462926,0.03741352193199997,0.9810069414872431,0.03670292472077718,0.03741352193199997,0.9810069414872431,0.03670292472077718,0.03741352193199997,0.9810069414872431,0.03670292472077718,0.03741352193199997,0.9810069414872431,0.03670292472077718,0.03741352193199997,0.9810069414872431,0.03670292472077718,0.03741352193199997,0.9810069414872431,0.03670292472077718,0.012023534664022992,0.9748261106820766,0.011720855533180662,0.012023534664022992,0.9748261106820766,0.011720855533180662,0.012023534664022992,0.9748261106820766,0.011720855533180662,0.03719967059489861,0.9600114552694875,0.035712109903354175,0.03719967059489861,0.9600114552694875,0.035712109903354175,0.03719967059489861,0.9600114552694875,0.035712109903354175,0.07255981422833606,0.9313685782539831,0.0675799310162185,0.07255981422833606,0.9313685782539831,0.0675799310162185,0.07255981422833606,0.9313685782539831,0.0675799310162185
1896.8336673346694,0.03566611363480407,0.9809749355456899,0.03498756352406718,0.03566611363480407,0.9809749355456899,0.03498756352406718,0.03566611363480407,0.9809749355456899,0.03498756352406718,0.03566611363480407,0.9809749355456899,0.03498756352406718,0.03566611363480407,0.9809749355456899,0.03498756352406718,0.03566611363480407,0.9809749355456899,0.03498756352406718,0.010987981341123212,0.9747781448598476,0.010710844067454706,0.010987981341123212,0.9747781448598476,0.010710844067454706,0.010987981341123212,0.9747781448598476,0.010710844067454706,0.038633951771617,0.9599434437721992,0.03708640871017508,0.038633951771617,0.9599434437721992,0.03708640871017508,0.038633951771617,0.9599434437721992,0.03708640871017508,0.07319583634121665,0.9312321949141705,0.06816231933460959,0.07319583634121665,0.9312321949141705,0.06816231933460959,0.07319583634121665,0.9312321949141705,0.06816231933460959
1900.801603206413,0.033911635412035436,0.9809432685813831,0.03326539048402222,0.033911635412035436,0.9809432685813831,0.03326539048402222,0.033911635412035436,0.9809432685813831,0.03326539048402222,0.033911635412035436,0.9809432685813831,0.03326539048402222,0.033911635412035436,0.9809432685813831,0.03326539048402222,0.033911635412035436,0.9809432685813831,0.03326539048402222,0.009926063334158115,0.9747299676171403,0.009675231392269622,0.009926063334158115,0.9747299676171403,0.009675231392269622,0.009926063334158115,0.9747299676171403,0.009675231392269622,0.040021408742654696,0.9598766106214025,0.03841561417619316,0.040021408742654696,0.9598766106214025,0.03841561417619316,0.040021408742654696,0.9598766106214025,0.03841561417619316,0.07366591307106776,0.9310996939485977,0.06859030911491519,0.07366591307106776,0.9310996939485977,0.06859030911491519,0.07366591307106776,0.9310996939485977,0.06859030911491519
1904.7695390781564,0.03215508646155,0.9809119269582974,0.03154130782250967,0.03215508646155,0.9809119269582974,0.03154130782250967,0.03215508646155,0.9809119269582974,0.03154130782250967,0.03215508646155,0.9809119269582974,0.03154130782250967,0.03215508646155,0.9809119269582974,0.03154130782250967,0.03215508646155,0.9809119269582974,0.03154130782250967,0.00883969977293137,0.9746815142486462,0.008615891960184162,0.00883969977293137,0.9746815142486462,0.008615891960184162,0.00883969977293137,0.9746815142486462,0.008615891960184162,0.04134625509942419,0.9598110934675408,0.03968459431776621,0.04134625509942419,0.9598110934675408,0.03968459431776621,0.04134625509942419,0.9598110934675408,0.03968459431776621,0.07395838553913307,0.9309749324926285,0.0688534029845582,0.07395838553913307,0.9309749324926285,0.0688534029845582,0.07395838553913307,0.9309749324926285,0.0688534029845582
1908.7374749498997,0.03040108310734761,0.9808808942670659,0.029819841585022513,0.03040108310734761,0.9808808942670659,0.029819841585022513,0.03040108310734761,0.9808808942670659,0.029819841585022513,0.03040108310734761,0.9808808942670659,0.029819841585022513,0.03040108310734761,0.9808808942670659,0.029819841585022513,0.03040108310734761,0.9808808942670659,0.029819841585022513,0.007730846478210241,0.974632715219109,0.007534735894000133,0.007730846478210241,0.974632715219109,0.007534735894000133,0.007730846478210241,0.974632715219109,0.007534735894000133,0.04259769452069807,0.9597469820321809,0.04088300875776874,0.04259769452069807,0.9597469820321809,0.04088300875776874,0.04259769452069807,0.9597469820321809,0.04088300875776874,0.07411084132508083,0.9308575334227754,0.06898663495575144,0.07411084132508083,0.9308575334227754,0.06898663495575144,0.07411084132508083,0.9308575334227754,0.06898663495575144
1912.7054108216432,0.02865386485311477,0.9808501519996023,0.028105147696553687,0.02865386485311477,0.9808501519996023,0.028105147696553687,0.02865386485311477,0.9808501519996023,0.028105147696553687,0.02865386485311477,0.9808501519996023,0.028105147696553687,0.02865386485311477,0.9808501519996023,0.028105147696553687,0.02865386485311477,0.9808501519996023,0.028105147696553687,0.006601574664402013,0.9745834957713005,0.006433785714028164,0.006601574664402013,0.9745834957713005,0.006433785714028164,0.006601574664402013,0.9745834957713005,0.006433785714028164,0.043769919826875774,0.9596843079820623,0.042005305219485624,0.043769919826875774,0.9596843079820623,0.042005305219485624,0.043769919826875774,0.9596843079820623,0.042005305219485624,0.07416032421341963,0.9307457609627237,0.06902440739326156,0.07416032421341963,0.9307457609627237,0.06902440739326156,0.07416032421341963,0.9307457609627237,0.06902440739326156
1916.673346693387,0.026917304363579343,0.9808196800929365,0.026401021854850097,0.026917304363579343,0.9808196800929365,0.026401021854850097,0.026917304363579343,0.9808196800929365,0.026401021854850097,0.026917304363579343,0.9808196800929365,0.026401021854850097,0.026917304363579343,0.9808196800929365,0.026401021854850097,0.026917304363579343,0.9808196800929365,0.026401021854850097,0.005454174890869636,0.9745337756072951,0.005315277649221693,0.005454174890869636,0.9745337756072951,0.005315277649221693,0.005454174890869636,0.9745337756072951,0.005315277649221693,0.044861525224704706,0.9596230426907941,0.04305015333588094,0.044861525224704706,0.9596230426907941,0.04305015333588094,0.044861525224704706,0.9596230426907941,0.04305015333588094,0.07413049141113268,0.9306379342474973,0.06898864739160836,0.07413049141113268,0.9306379342474973,0.06898864739160836,0.07413049141113268,0.9306379342474973,0.06898864739160836
1920.6412825651303,0.025194919716880176,0.9807894573529128,0.02471091163716911,0.025194919716880176,0.9807894573529128,0.02471091163716911,0.025194919716880176,0.9807894573529128,0.02471091163716911,0.025194919716880176,0.9807894573529128,0.02471091163716911,0.025194919716880176,0.9807894573529128,0.02471091163716911,0.025194919716880176,0.9807894573529128,0.02471091163716911,0.004291291092859486,0.9744834687134003,0.00418179222942863,0.004291291092859486,0.9744834687134003,0.00418179222942863,0.004291291092859486,0.9744834687134003,0.00418179222942863,0.045874590344738744,0.9595631002765648,0.044019564135114875,0.045874590344738744,0.9595631002765648,0.044019564135114875,0.045874590344738744,0.9595631002765648,0.044019564135114875,0.0740343542813205,0.9305326263305953,0.06889138212808692,0.0740343542813205,0.9305326263305953,0.06889138212808692,0.0740343542813205,0.9305326263305953,0.06889138212808692
1924.6092184368738,0.023489887815103062,0.9807594617717542,0.023037929730619366,0.023489887815103062,0.9807594617717542,0.023037929730619366,0.023489887815103062,0.9807594617717542,0.023037929730619366,0.023489887815103062,0.9807594617717542,0.023037929730619366,0.023489887815103062,0.9807594617717542,0.023037929730619366,0.023489887815103062,0.9807594617717542,0.023037929730619366,0.003116089943957116,0.9744324834338522,0.003036419262693386,0.003116089943957116,0.9744324834338522,0.003036419262693386,0.003116089943957116,0.9744324834338522,0.003036419262693386,0.046813681561803586,0.9595043429058764,0.04491793076596329,0.046813681561803586,0.9595043429058764,0.04491793076596329,0.046813681561803586,0.9595043429058764,0.04491793076596329,0.07387871661214533,0.930428472665098,0.06873886145989598,0.07387871661214533,0.930428472665098,0.06873886145989598,0.07387871661214533,0.930428472665098,0.06873886145989598
1928.5771543086175,0.02180505827534465,0.9807296707547031,0.02138486762316587,0.02180505827534465,0.9807296707547031,0.02138486762316587,0.02180505827534465,0.9807296707547031,0.02138486762316587,0.02180505827534465,0.9807296707547031,0.02138486762316587,0.02180505827534465,0.9807296707547031,0.02138486762316587,0.02180505827534465,0.9807296707547031,0.02138486762316587,0.0019324706004331571,0.9743807229436521,0.001882962100717413,0.0019324706004331571,0.9743807229436521,0.001882962100717413,0.0019324706004331571,0.9743807229436521,0.001882962100717413,0.047684941802025496,0.9594465858241376,0.04575115460717606,0.047684941802025496,0.9594465858241376,0.04575115460717606,0.047684941802025496,0.9594465858241376,0.04575115460717606,0.07366736263949249,0.9303238597953907,0.06853450515171941,0.07366736263949249,0.9303238597953907,0.06853450515171941,0.07366736263949249,0.9303238597953907,0.06853450515171941
1932.5450901803606,0.020142967446776034,0.9807000612707195,0.019754209409227366,0.020142967446776034,0.9807000612707195,0.019754209409227366,0.020142967446776034,0.9807000612707195,0.019754209409227366,0.020142967446776034,0.9807000612707195,0.019754209409227366,0.020142967446776034,0.9807000612707195,0.019754209409227366,0.020142967446776034,0.9807000612707195,0.019754209409227366,0.0007453184389745584,0.9743280863265958,0.0007261846883500073,0.0007453184389745584,0.9743280863265958,0.0007261846883500073,0.0007453184389745584,0.9743280863265958,0.0007261846883500073,0.04849535585990999,0.9593896003597755,0.04652594007774414,0.04849535585990999,0.9593896003597755,0.04652594007774414,0.04849535585990999,0.9593896003597755,0.04652594007774414,0.07340311277322915,0.9302165223999294,0.06828078829724306,0.07340311277322915,0.9302165223999294,0.06828078829724306,0.07340311277322915,0.9302165223999294,0.06828078829724306
1936.5130260521044,0.018505852419917444,0.9806706099410877,0.018148145580120192,0.018505852419917444,0.9806706099410877,0.018148145580120192,0.018505852419917444,0.9806706099410877,0.018148145580120192,0.018505852419917444,0.9806706099410877,0.018148145580120192,0.018505852419917444,0.9806706099410877,0.018148145580120192,0.018505852419917444,0.9806706099410877,0.018148145580120192,0.000439197211378902,0.9742744705268979,0.0004278986305730698,0.000439197211378902,0.9742744705268979,0.0004278986305730698,0.000439197211378902,0.9742744705268979,0.0004278986305730698,0.049252213537761845,0.9593331138634907,0.047249279377850645,0.049252213537761845,0.9593331138634907,0.047249279377850645,0.049252213537761845,0.9593331138634907,0.047249279377850645,0.07308918514825558,0.9301032805032476,0.06798049087570175,0.07308918514825558,0.9301032805032476,0.06798049087570175,0.07308918514825558,0.9301032805032476,0.06798049087570175
1940.4809619238479,0.016895665029126747,0.9806412930781816,0.016568586801578664,0.016895665029126747,0.9806412930781816,0.016568586801578664,0.016895665029126747,0.9806412930781816,0.016568586801578664,0.016895665029126747,0.9806412930781816,0.016568586801578664,0.016895665029126747,0.9806412930781816,0.016568586801578664,0.016895665029126747,0.9806412930781816,0.016568586801578664,0.0016132884082684065,0.9742197735008236,0.0015716974676947511,0.0016132884082684065,0.9742197735008236,0.0015716974676947511,0.0016132884082684065,0.9742197735008236,0.0015716974676947511,0.04996275513632003,0.9592768060575873,0.04792811216900639,0.04996275513632003,0.9592768060575873,0.04792811216900639,0.04996275513632003,0.9592768060575873,0.04792811216900639,0.07272968208915613,0.9299815541522555,0.06763726278227288,0.07272968208915613,0.9299815541522555,0.06763726278227288,0.07272968208915613,0.9299815541522555,0.06763726278227288
1944.4488977955912,0.015314085917024807,0.9806120866848701,0.015017177746765078,0.015314085917024807,0.9806120866848701,0.015017177746765078,0.015314085917024807,0.9806120866848701,0.015017177746765078,0.015314085917024807,0.9806120866848701,0.015017177746765078,0.015314085917024807,0.9806120866848701,0.015017177746765078,0.015314085917024807,0.9806120866848701,0.015017177746765078,0.0027671960971467316,0.974163898925405,0.002695702539087624,0.0027671960971467316,0.974163898925405,0.002695702539087624,0.0027671960971467316,0.974163898925405,0.002695702539087624,0.05063396815657669,0.959220301662352,0.048569130209513416,0.05063396815657669,0.959220301662352,0.048569130209513416,0.05063396815657669,0.959220301662352,0.048569130209513416,0.07232776553440626,0.929855186970356,0.0672543479441434,0.07232776553440626,0.929855186970356,0.0672543479441434,0.07232776553440626,0.929855186970356,0.0672543479441434
1948.4168336673347,0.013762538748614501,0.9805829664232714,0.013495311071631625,0.013762538748614501,0.9805829664232714,0.013495311071631625,0.013762538748614501,0.9805829664232714,0.013495311071631625,0.013762538748614501,0.9805829664232714,0.013495311071631625,0.013762538748614501,0.9805829664232714,0.013495311071631625,0.013762538748614501,0.9805829664232714,0.013495311071631625,0.0038888571002714954,0.9741067627841932,0.003788162000875791,0.0038888571002714954,0.9741067627841932,0.003788162000875791,0.0038888571002714954,0.9741067627841932,0.003788162000875791,0.051272502061752434,0.9591631596936976,0.04917869508295209,0.051272502061752434,0.9591631596936976,0.04917869508295209,0.051272502061752434,0.9591631596936976,0.04917869508295209,0.07188404424533418,0.9297342203193653,0.06683305582983852,0.07188404424533418,0.9297342203193653,0.06683305582983852,0.07188404424533418,0.9297342203193653,0.06683305582983852
1952.3847695390784,0.012242204649589524,0.9805539075599649,0.012004141606303777,0.012242204649589524,0.9805539075599649,0.012004141606303777,0.012242204649589524,0.9805539075599649,0.012004141606303777,0.012242204649589524,0.9805539075599649,0.012004141606303777,0.012242204649589524,0.9805539075599649,0.012004141606303777,0.012242204649589524,0.9805539075599649,0.012004141606303777,0.004963652276605678,0.9740483019857221,0.004834837071675325,0.004963652276605678,0.9740483019857221,0.004834837071675325,0.004963652276605678,0.9740483019857221,0.004834837071675325,0.05188467174309436,0.9591048609737624,0.04976284087882981,0.05188467174309436,0.9591048609737624,0.04976284087882981,0.05188467174309436,0.9591048609737624,0.04976284087882981,0.07140071721006862,0.9296226853721922,0.06637572647032448,0.07140071721006862,0.9296226853721922,0.06637572647032448,0.07140071721006862,0.9296226853721922,0.06637572647032448
1956.3527054108217,0.010754036911356011,0.9805248848933436,0.01054460080464612,0.010754036911356011,0.9805248848933436,0.01054460080464612,0.010754036911356011,0.9805248848933436,0.01054460080464612,0.010754036911356011,0.9805248848933436,0.01054460080464612,0.010754036911356011,0.9805248848933436,0.01054460080464612,0.010754036911356011,0.9805248848933436,0.01054460080464612,0.005974324753900967,0.973988484809817,0.005818923514813786,0.005974324753900967,0.973988484809817,0.005818923514813786,0.005974324753900967,0.973988484809817,0.005818923514813786,0.05247652324656235,0.9590447980357041,0.05032733663861532,0.05247652324656235,0.9590447980357041,0.05032733663861532,0.05247652324656235,0.9590447980357041,0.05032733663861532,0.07088328398386752,0.9295185515006821,0.06588732745429604,0.07088328398386752,0.9295185515006821,0.06588732745429604,0.07088328398386752,0.9295185515006821,0.06588732745429604
1960.3206412825652,0.009298775965171518,0.9804958726676334,0.009117411454711663,0.009298775965171518,0.9804958726676334,0.009117411454711663,0.009298775965171518,0.9804958726676334,0.009117411454711663,0.009298775965171518,0.9804958726676334,0.009117411454711663,0.009298775965171518,0.9804958726676334,0.009117411454711663,0.009298775965171518,0.9804958726676334,0.009117411454711663,0.006901178517054506,0.9739273223734952,0.0067212463143363835,0.006901178517054506,0.9739273223734952,0.0067212463143363835,0.006901178517054506,0.9739273223734952,0.0067212463143363835,0.053053930265182556,0.9589822771572917,0.05087777885784892,0.053053930265182556,0.9589822771572917,0.05087777885784892,0.053053930265182556,0.9589822771572917,0.05087777885784892,0.07033888183824517,0.929419041386662,0.06537429613031152,0.07033888183824517,0.929419041386662,0.06537429613031152,0.07033888183824517,0.929419041386662,0.06537429613031152
1964.2885771543088,0.007876964587257057,0.9804668444771802,0.007723102612926421,0.007876964587257057,0.9804668444771802,0.007723102612926421,0.007876964587257057,0.9804668444771802,0.007723102612926421,0.007876964587257057,0.9804668444771802,0.007723102612926421,0.007876964587257057,0.9804668444771802,0.007723102612926421,0.007876964587257057,0.9804668444771802,0.007723102612926421,0.007722667867447985,0.9738648794998642,0.007520835012149705,0.007722667867447985,0.9738648794998642,0.007520835012149705,0.007722667867447985,0.9738648794998642,0.007520835012149705,0.05362266753370816,0.9589165523251437,0.05141966347790085,0.05362266753370816,0.9589165523251437,0.05141966347790085,0.05362266753370816,0.9589165523251437,0.05141966347790085,0.06977539471398453,0.9293221019992277,0.06484381648342591,0.06977539471398453,0.9293221019992277,0.06484381648342591,0.06977539471398453,0.9293221019992277,0.06484381648342591
1968.256513026052,0.006488963260957591,0.9804377731639389,0.006362024689715872,0.006488963260957591,0.9804377731639389,0.006362024689715872,0.006488963260957591,0.9804377731639389,0.006362024689715872,0.006488963260957591,0.9804377731639389,0.006362024689715872,0.006488963260957591,0.9804377731639389,0.006362024689715872,0.006488963260957591,0.9804377731639389,0.006362024689715872,0.008416448271904131,0.9738012825603733,0.008195948121783281,0.008416448271904131,0.9738012825603733,0.008195948121783281,0.008416448271904131,0.9738012825603733,0.008195948121783281,0.05418835849442564,0.9588469246079386,0.05195834089193249,0.05418835849442564,0.9588469246079386,0.05195834089193249,0.05418835849442564,0.9588469246079386,0.05195834089193249,0.06920126686309082,0.929226276615474,0.06430363554426366,0.06920126686309082,0.929226276615474,0.06430363554426366,0.06920126686309082,0.929226276615474,0.06430363554426366
1972.2244488977958,0.0051349655941066745,0.980408630710683,0.005034364586864594,0.0051349655941066745,0.980408630710683,0.005034364586864594,0.0051349655941066745,0.980408630710683,0.005034364586864594,0.0051349655941066745,0.980408630710683,0.005034364586864594,0.0051349655941066745,0.980408630710683,0.005034364586864594,0.0051349655941066745,0.980408630710683,0.005034364586864594,0.008960866085516857,0.9737367214394952,0.008725524363369548,0.008960866085516857,0.9737367214394952,0.008725524363369548,0.008960866085516857,0.9737367214394952,0.008725524363369548,0.05475613068439903,0.9587729458959056,0.05249869672214245,0.05475613068439903,0.9587729458959056,0.05249869672214245,0.05475613068439903,0.9587729458959056,0.05249869672214245,0.06862549228030648,0.9291304097340375,0.06376203176060119,0.06862549228030648,0.9291304097340375,0.06376203176060119,0.06862549228030648,0.9291304097340375,0.06376203176060119
1976.1923847695393,0.003815013671214075,0.9803793881322664,0.0037401607687010865,0.003815013671214075,0.9803793881322664,0.0037401607687010865,0.003815013671214075,0.9803793881322664,0.0037401607687010865,0.003815013671214075,0.9803793881322664,0.0037401607687010865,0.003815013671214075,0.9803793881322664,0.0037401607687010865,0.003815013671214075,0.9803793881322664,0.0037401607687010865,0.009336728112561064,0.973671443227542,0.009090905536380495,0.009336728112561064,0.973671443227542,0.009090905536380495,0.009336728112561064,0.973671443227542,0.009090905536380495,0.05532981782080382,0.958694728043578,0.053044404648416234,0.05532981782080382,0.958694728043578,0.053044404648416234,0.05532981782080382,0.958694728043578,0.053044404648416234,0.06805760552036089,0.9290334087561558,0.06322778924836264,0.06805760552036089,0.9290334087561558,0.06322778924836264,0.06805760552036089,0.9290334087561558,0.06322778924836264
1980.1603206412826,0.0025290132113017488,0.9803500153673542,0.002479318140563911,0.0025290132113017488,0.9803500153673542,0.002479318140563911,0.0025290132113017488,0.9803500153673542,0.002479318140563911,0.0025290132113017488,0.9803500153673542,0.002479318140563911,0.0025290132113017488,0.9803500153673542,0.002479318140563911,0.0025290132113017488,0.9803500153673542,0.002479318140563911,0.009529055742961144,0.9736057368579345,0.009277543338186017,0.009529055742961144,0.9736057368579345,0.009277543338186017,0.009529055742961144,0.9736057368579345,0.009277543338186017,0.055910809934381495,0.9586132347722044,0.05359684236993135,0.055910809934381495,0.9586132347722044,0.05359684236993135,0.055910809934381495,0.9586132347722044,0.05359684236993135,0.06750759239467212,0.9289340295975341,0.06271009983161062,0.06750759239467212,0.9289340295975341,0.06271009983161062,0.06750759239467212,0.9289340295975341,0.06271009983161062
1984.1282565130264,0.0012767484028274646,0.9803204811733649,0.0012516226085971453,0.0012767484028274646,0.9803204811733649,0.0012516226085971453,0.0012767484028274646,0.9803204811733649,0.0012516226085971453,0.0012767484028274646,0.9803204811733649,0.0012516226085971453,0.0012767484028274646,0.9803204811733649,0.0012516226085971453,0.0012767484028274646,0.9803204811733649,0.0012516226085971453,0.00952846087901597,0.9735399103758211,0.009276336950176725,0.00952846087901597,0.9735399103758211,0.009276336950176725,0.00952846087901597,0.9735399103758211,0.009276336950176725,0.05649722037603945,0.9585302849627503,0.054154296746648393,0.05649722037603945,0.9585302849627503,0.054154296746648393,0.05649722037603945,0.9585302849627503,0.054154296746648393,0.06698561209211353,0.9288306390364047,0.06221828888576252,0.06698561209211353,0.9288306390364047,0.06221828888576252,0.06698561209211353,0.9288306390364047,0.06221828888576252
1988.0961923847694,5.789629648678642e-05,0.9802907530280026,5.675520408056436e-05,5.789629648678642e-05,0.9802907530280026,5.675520408056436e-05,5.789629648678642e-05,0.9802907530280026,5.675520408056436e-05,5.789629648678642e-05,0.9802907530280026,5.675520408056436e-05,5.789629648678642e-05,0.9802907530280026,5.675520408056436e-05,5.789629648678642e-05,0.9802907530280026,5.675520408056436e-05,0.009331836868039612,0.9734742649064682,0.00908430303534194,0.009331836868039612,0.9734742649064682,0.00908430303534194,0.009331836868039612,0.9734742649064682,0.00908430303534194,0.05708429455844053,0.9584480789047313,0.054712332455169134,0.05708429455844053,0.9584480789047313,0.054712332455169134,0.05708429455844053,0.9584480789047313,0.054712332455169134,0.06650138597580012,0.9287210052738025,0.06176123403554624,0.06650138597580012,0.9287210052738025,0.06176123403554624,0.06650138597580012,0.9287210052738025,0.06176123403554624
1992.064128256513,0.0011279593459091876,0.9802607970417055,0.001105694327451581,0.0011279593459091876,0.9802607970417055,0.001105694327451581,0.0011279593459091876,0.9802607970417055,0.001105694327451581,0.0011279593459091876,0.9802607970417055,0.001105694327451581,0.0011279593459091876,0.9802607970417055,0.001105694327451581,0.0011279593459091876,0.9802607970417055,0.001105694327451581,0.008942233429435073,0.9734090705283791,0.008704451130994195,0.008942233429435073,0.9734090705283791,0.008704451130994195,0.008942233429435073,0.9734090705283791,0.008704451130994195,0.05766611063433577,0.9583684783998188,0.05526538270386398,0.05766611063433577,0.9583684783998188,0.05526538270386398,0.05766611063433577,0.9583684783998188,0.05526538270386398,0.06606334996521826,0.9286026265947394,0.06134660029934916,0.06606334996521826,0.9286026265947394,0.06134660029934916,0.06606334996521826,0.9286026265947394,0.06134660029934916
1996.0320641282567,0.0022813148232996867,0.9802305778866752,0.00223621454758449,0.0022813148232996867,0.9802305778866752,0.00223621454758449,0.0022813148232996867,0.9802305778866752,0.00223621454758449,0.0022813148232996867,0.9802305778866752,0.00223621454758449,0.0022813148232996867,0.9802305778866752,0.00223621454758449,0.0022813148232996867,0.9802305778866752,0.00223621454758449,0.008368007631734243,0.9733445485472736,0.008144954610550507,0.008368007631734243,0.9733445485472736,0.008144954610550507,0.008368007631734243,0.9733445485472736,0.008144954610550507,0.05823739571259813,0.9582925361176725,0.05580846163431413,0.05823739571259813,0.9582925361176725,0.05580846163431413,0.05823739571259813,0.9582925361176725,0.05580846163431413,0.06567904343327721,0.9284750979411608,0.060981356284393815,0.06567904343327721,0.9284750979411608,0.060981356284393815,0.06567904343327721,0.9284750979411608,0.060981356284393815
2000.0,0.0034027339322565786,0.9802000587499369,0.003335360000308302,0.0034027339322565786,0.9802000587499369,0.003335360000308302,0.0034027339322565786,0.9802000587499369,0.003335360000308302,0.0034027339322565786,0.9802000587499369,0.003335360000308302,0.0034027339322565786,0.9802000587499369,0.003335360000308302,0.0034027339322565786,0.9802000587499369,0.003335360000308302,0.007621514786118319,0.9732808625065011,0.007417874484639289,0.007621514786118319,0.9732808625065011,0.007417874484639289,0.007621514786118319,0.9732808625065011,0.007417874484639289,0.05879437517414874,0.9582204855710702,0.05633797472822048,0.05879437517414874,0.9582204855710702,0.05633797472822048,0.05879437517414874,0.9582204855710702,0.05633797472822048,0.06535903954397253,0.9283439120283573,0.06067566645666756,0.06535903954397253,0.9283439120283573,0.06067566645666756,0.06535903954397253,0.9283439120283573,0.06067566645666756
