a_max_f_micron,P_Band4_nterms2,omega_Band4_nterms2,P_times_omega_Band4_nterms2,P_Band5,omega_Band5,P_times_omega_Band5,P_Band5_robust_minus1,omega_Band5_robust_minus1,P_times_omega_Band5_robust_minus1,P_Band6,omega_Band6,P_times_omega_Band6,P_Band7_nterms2,omega_Band7_nterms2,P_times_omega_Band7_nterms2
63.12334301224593,0.9999554503761535,0.32712891933506105,0.32711434586475535,0.9999141283198191,0.405416608314565,0.4053817945092358,0.9999141283198191,0.405416608314565,0.4053817945092358,0.9997454272281097,0.5482376351139703,0.5480980687395447,0.9986634372449587,0.7403158362169203,0.7393263576432655
64.38580987249085,0.9999535378425168,0.33370843490444096,0.333692930090585,0.9999104303239592,0.41255526476731696,0.41251831232590286,0.9999104303239592,0.41255526476731696,0.41251831232590286,0.9997343616720347,0.5554145856823592,0.5552670462804911,0.9986030020219332,0.7455766841108139,0.7445351149906173
65.64827673273577,0.9999515030287692,0.3403475563172829,0.34033105049163576,0.9999064945384027,0.4197243896300018,0.41968514310720584,0.9999064945384027,0.4197243896300018,0.41968514310720584,0.9997225725536771,0.5625613279705614,0.5624052580179425,0.9985383396182319,0.7507589867506674,0.7496616320834776
66.9107435929807,0.9999493408760219,0.34704168638445076,0.34702410555663465,0.999902310969678,0.426918398084076,0.42687669283974056,0.999902310969678,0.426918398084076,0.42687669283974056,0.9997100280110454,0.5696724009737019,0.5695072119345389,0.9984692269039834,0.7558604001663273,0.7547033494014084
68.17321045322561,0.9999470462208573,0.35378619954542617,0.3537674652291517,0.999897869402945,0.43413177285138627,0.4340874347142244,0.999897869402945,0.43413177285138627,0.4340874347142244,0.9996966953288224,0.5767425964123931,0.5765676676888342,0.998395430521402,0.7608788708763343,0.759657987863216
69.43567731347052,0.9999446137942196,0.36057645399211763,0.36055648303043725,0.999893159398647,0.44135907789174134,0.44131192282244674,0.999893159398647,0.44135907789174134,0.44131192282244674,0.9996825409148556,0.5837669644565865,0.5835816423301126,0.9983167062552709,0.7658126239320343,0.7645235363325349
70.69814417371545,0.9999420382202463,0.36740780356010244,0.3673865079499127,0.9998881702889794,0.4485949712725602,0.44854480502655747,0.9998881702889794,0.4485949712725602,0.44854480502655747,0.99966753027533,0.5907408178593503,0.5905444144222852,0.9982327983547532,0.7706601503681011,0.7692982384824445
71.96061103396036,0.9999393140150414,0.37427560933215226,0.374252896048154,0.9998828911741935,0.4558342171700166,0.45578083496008137,0.9998828911741935,0.4558342171700166,0.45578083496008137,0.9996516279885883,0.5976597345752821,0.5974515266514083,0.9981434388028888,0.775420194211706,0.7739805791676762
73.22307789420528,0.9999364355853958,0.3811752509029251,0.3811510217212398,0.9998773109187262,0.4630716969700344,0.46301488312896927,0.9998773109187262,0.4630716969700344,0.46301488312896927,0.9996347976775652,0.6045195589475747,0.6042987870006898,0.9980483465298008,0.7800917391907712,0.7785692704409058
74.4855447544502,0.9999333972274569,0.3881021372580856,0.3880762885797143,0.9998714181471628,0.4703024194462096,0.4702419470897234,0.9998714181471628,0.4703024194462096,0.4702419470897234,0.9996170019807897,0.6113164015542679,0.6110822685833619,0.9979472265652847,0.7846739952695263,0.7830632373371251
75.74801161469512,0.9999301931253435,0.3950517172256051,0.39502413989989793,0.9998652012400336,0.47752153000009795,0.4774571606899967,0.9998652012400336,0.47752153000009795,0.4774571606899967,0.999598202521905,0.6180466378089813,0.6177983082285645,0.9978397691260548,0.7891663851272341,0.7874616035374026
77.01047847494004,0.9999268173497183,0.402019489461661,0.4019900686099573,0.9998586483294407,0.4847243189573059,0.48465580236506056,0.9998586483294407,0.4847243189573059,0.48465580236506056,0.9995783598776607,0.6247069054146572,0.624443503918632,0.997725648632499,0.7935685306836395,0.7917636770106734
78.27294533518496,0.999923263856308,0.4090010119382964,0.40896962677787413,0.9998517472945154,0.49190622892032054,0.4918333024910384,0.9998517472945154,0.49190622892032054,0.4918333024910384,0.9995574335443054,0.6312941007706582,0.6310147111779791,0.9976045226493343,0.7978802397626573,0.7959689357197621
79.53541219542987,0.9999195264843758,0.4159919109047789,0.4159584345732371,0.9998444857567085,0.49906286118603804,0.49898524980282577,0.9998444857567085,0.49906286118603804,0.49898524980282577,0.9995353819023264,0.6378053744340801,0.6375090385143246,0.9974760307440521,0.802101492974161,0.8000770134657443
80.79787905567478,0.9999155989551519,0.42298788929935965,0.4229521886795447,0.9998368510748991,0.5061899812423758,0.5061073968910392,0.9998368510748991,0.5061899812423758,0.5061073968910392,0.9995121621794608,0.644238125735511,0.6439238420123439,0.9973397932564929,0.8062324308826166,0.8040876859331486
82.06034591591971,0.9999114748702139,0.4299847345928314,0.4299466701383955,0.9998288303403352,0.5132835233642182,0.5131956647982124,0.9998288303403352,0.5132835233642182,0.5131956647982124,0.9994877304119012,0.650589996647798,0.650256719178194,0.9971954099722957,0.8102733415207936,0.8080008569874497
83.32281277616464,0.9999071477098177,0.43697832604988557,0.4369377516115518,0.9998204103713875,0.5203395943334361,0.5202461467389374,0.9998204103713875,0.5203395943334361,0.5202461467389374,0.9994620414036179,0.6568588650038496,0.656505502130811,0.9970424586923199,0.8142246482969591,0.8118165452658895
84.58527963640955,0.9999026108311857,0.44396464139870545,0.4439214040512967,0.999811577708114,0.5273544763168717,0.5272551109778078,0.999811577708114,0.5273544763168717,0.5272551109778078,0.9994350486837086,0.6630428371561798,0.6626682502325708,0.9968804936898676,0.8180868983346182,0.8155348710930268
85.84774649665447,0.9998978574667446,0.4509397629035184,0.4508937027737899,0.9998023186066421,0.5343246289288681,0.5342190028917161,0.9998023186066421,0.5343246289288681,0.5342190028917161,0.99940670446168,0.6691402401669834,0.668743242247982,0.9967090440441445,0.8218607512769787,0.8191560437426798
87.1102133568994,0.9998928807223136,0.4578998828388844,0.457850832934182,0.9997926190333432,0.5412466905234246,0.5411344462615439,0.9997926190333432,0.5412466905234246,0.5411344462615439,0.9993769595805648,0.6751496136130832,0.6747289681146362,0.9965276118440395,0.8255469685770522,0.8226803490611762
88.37268021714429,0.9998876735752422,0.46484130836832044,0.4647890944060717,0.999782464658809,0.5481174787525034,0.5479982438297503,0.999782464658809,0.5481174787525034,0.5479982438297503,0.9993457634677689,0.6810697010852671,0.6806241204058214,0.9963356702468178,0.8291464032923694,0.8261081374570411
89.63514707738922,0.9998822288724953,0.47176046583343506,0.47170490607146176,0.9997718408516153,0.5549339904337781,0.554807377167111,0.9997718408516153,0.5549339904337781,0.554807377167111,0.9993130640835294,0.6868994414564139,0.6864275855590739,0.9961326613816842,0.8326599903934896,0.8294398122567144
90.89761393763415,0.9998765393286891,0.4786539044630353,0.47859480953066474,0.9997607326718638,0.561693400772032,0.5615590058927976,0.9997607326718638,0.561693400772032,0.5615590058927976,0.9992788078668743,0.6926379599875044,0.6921384349396572,0.9959179940845603,0.8360887375915654,0.8326758184188842
92.16008079787906,0.9998705975240648,0.4855182995146749,0.4854554722446059,0.9997491248645003,0.5683930619795484,0.5682504662931072,0.9997491248645003,0.5683930619795484,0.5682504662931072,0.9992429396789494,0.6982845593352089,0.6977559158025339,0.9956910414496319,0.8394337166852524,0.8358166315942742
93.42254765812397,0.9998643959024122,0.49235045486383006,0.4922836901247013,0.9997370018523946,0.57503050134151,0.5748792693848406,0.9997370018523946,0.57503050134151,0.5748792693848406,0.9992054027435843,0.703838710519309,0.7032794422109712,0.9954511381819131,0.8426960554231532,0.8388627475123863
94.6850145183689,0.999857926768931,0.4991473050582908,0.4990763895878818,0.9997243477291764,0.5816034187726372,0.5814430984695338,0.9997243477291764,0.5816034187726372,0.5814430984695338,0.9991661385849506,0.7093000439028208,0.7087085859645174,0.9951975777336529,0.8458769298744971,0.8418146716718785
95.94748137861382,0.9998511822880333,0.5059059168574799,0.5058306290964627,0.9997111462518188,0.5881096839111092,0.5879398062245698,0.9997111462518188,0.5881096839111092,0.5879398062245698,0.9991250869621695,0.7146683402324033,0.7140430675838093,0.9949296092058486,0.8489775572977968,0.8446729093068329
97.20994823885873,0.9998441544810797,0.5126234902782184,0.5125436002043653,0.99969738083295,0.5945473327952534,0.5943674113766311,0.99969738083295,0.5945473327952534,0.5943674113766311,0.9990821858007048,0.7199435217814878,0.7192827473945062,0.9946464339944175,0.8519991894947782,0.8474379555971151
98.47241509910366,0.999836835224052,0.5192973591695075,0.5192126281322482,0.999683034532901,0.6009145641676112,0.6007240950020932,0.999683034532901,0.6009145641676112,0.6007240950020932,0.9990373711203809,0.725125643633613,0.724427616747699,0.994347202158734,0.854943106634896,0.850110286087305
99.73488195934856,0.999829216245164,0.5259249913430059,0.5258351718982222,0.999668090051458,0.6072097354498195,0.6070081964977722,0.999668090051458,0.6072097354498195,0.6070081964977722,0.9989905769598438,0.7302148851387217,0.7294777894093977,0.994031008488185,0.857810611534164,0.8526903472751718
100.99734881959348,0.9998212891223882,0.5325039882797219,0.5324088240246446,0.9996525297193212,0.6134313584303379,0.6132182092640469,0.9996525297193212,0.6134313584303379,0.6132182092640469,0.9989417352972849,0.7352115415706832,0.7344334931472103,0.9936968882401975,0.8606030243708318,0.8551785473273984
102.25981567983841,0.9998130452809254,0.5390320844436257,0.5389313098517063,0.9996363354892565,0.6195780947054347,0.6193527761407562,0.9996363354892565,0.6195780947054347,0.6193527761407562,0.9988907759672275,0.7401160160100876,0.7392950615380893,0.993343812520766,0.8633216778195654,0.8575752468771115
103.52228254008334,0.9998044759905877,0.5455071462262886,0.5454004864818954,0.9996194889269207,0.6256487509120545,0.6254106846344742,0.9996194889269207,0.6256487509120545,0.6254106846344742,0.9988376265731709,0.7449288114724013,0.7440629260170664,0.9929706832758559,0.865967912585213,0.8598807498547056
104.78474940032824,0.9997955723631087,0.5519271705497228,0.5518143413825113,0.9996019712013572,0.6316422737892665,0.6313908619738582,0.9996019712013572,0.6316422737892665,0.6313908619738582,0.9987822123958751,0.7496505232979184,0.7487376081832204,0.9925763278592039,0.8685430733169069,0.8620952943004428
106.04721626057317,0.9997863253493718,0.5582902831541672,0.5581709906729652,0.9995837630751422,0.6375577451029668,0.6372923700277259,0.9995837630751422,0.6375577451029668,0.6372923700277259,0.9987244562970523,0.7542818318165527,0.7533197123757313,0.9921594931388833,0.8710485048831681,0.8642190431042661
107.3096831208181,0.999776725736553,0.5645947365974113,0.5644686771234515,0.999564844894167,0.6433943764664105,0.6431144001184269,0.999564844894167,0.6433943764664105,0.6431144001184269,0.9986642786182252,0.758823495297421,0.7578099185297591,0.9917188391016083,0.8734855489887633,0.8662520746151673
108.57214998106299,0.9997667641451804,0.570838907991923,0.5707057678912533,0.9995451965770509,0.6491515040869916,0.6488562677609203,0.9995451965770509,0.6491515040869916,0.6488562677609203,0.9986015970744897,0.7632763431903506,0.7622089753190605,0.9912529319100466,0.8758555411143386,0.8681943730592485
109.83461684130792,0.9997564310260978,0.5770212965055671,0.5768807520204575,0.9995247976041537,0.6548285834675357,0.6545174073558033,0.9995247976041537,0.6548285834675357,0.6545174073558033,0.9985363266429206,0.7676412696638896,0.7665176935896879,0.9907602363643778,0.8781598077602556,0.8700458187022474
111.09708370155285,0.9997457166573425,0.5831405206510825,0.5829922377302522,0.9995036270061944,0.6604251840881928,0.6600973668623824,0.9995036270061944,0.6604251840881928,0.6600973668623824,0.9984683794453166,0.7719192274421194,0.7707369400868137,0.9902391077150127,0.8803996639765849,0.8718061776887703
112.35955056179776,0.9997346111409199,0.5891953153887455,0.5890389495162192,0.999481663352435,0.6659409840928722,0.6655958024757014,0.999481663352435,0.6659409840928722,0.6655958024757014,0.9983976646250029,0.7761112219405234,0.7748676314746759,0.9896877827686524,0.8825764111618483,0.8734750914866841
113.62201742204267,0.9997231043994823,0.5951845290658135,0.595019725088219,0.9994588847384334,0.6713757650020543,0.6710124733293658,0.9994588847384334,0.6713757650020543,0.6710124733293658,0.9983240882173524,0.7802183056993702,0.7789107286478113,0.9891043702248216,0.8846913351138102,0.8750520658611017
114.8844842822876,0.9997111861729028,0.6011071202154068,0.600933512167522,0.9994352687733374,0.676729406471757,0.6763472362439216,0.9994352687733374,0.676729406471757,0.6763472362439216,0.998247553013697,0.784241573111487,0.7828672313301543,0.9884868401745383,0.8867457043164206,0.876536459298084
116.14695114253252,0.9996988460147447,0.6069621542364972,0.6067793651648498,0.9994107925667055,0.6820018811164352,0.6816000405385606,0.9994107925667055,0.6820018811164352,0.6816000405385606,0.998167958418269,0.7881821554399354,0.7867381729571911,0.9878330126869547,0.8887407684478571,0.8779274707935658
117.40941800277744,0.9996860732886139,0.6127487999756183,0.6125564417599362,0.999385432714832,0.6871932494116799,0.6867709229220033,0.999385432714832,0.6871932494116799,0.6867709229220033,0.9980852002977946,0.7920412161199197,0.7905246158351589,0.9871405454035564,0.8906777570955241,0.879224126918092
118.67188486302236,0.9996728571644076,0.6184663262298098,0.6182639994021285,0.9993591652865632,0.6923036546907424,0.6918600024765774,0.9993591652865632,0.6923036546907424,0.6918600024765774,0.9979991708233343,0.7958199463382727,0.7942276465702666,0.9864069200529069,0.8925578786648194,0.8804252680627207
119.93435172326726,0.9996591866144322,0.6241140981891974,0.6239013917504129,0.9993319658085762,0.6973333182471636,0.6968674757477554,0.9993319658085762,0.6973333182471636,0.6968674757477554,0.9979097583039596,0.7995195608830191,0.7978483717600615,0.9856294277919315,0.8943823194694714,0.8815295337659156
121.19681858351218,0.9996450504094122,0.6296915738364528,0.629468065070123,0.9993038092501098,0.702282534554136,0.70179361194977,0.9993038092501098,0.702282534554136,0.70179361194977,0.9978168470118068,0.8031412942548554,0.8013879139383615,0.9848051532724472,0.8961522429922852,0.8825353470154649
122.45928544375711,0.9996304371143604,0.6351983003192423,0.6349635546024229,0.9992746700071163,0.7071516666096642,0.7066387482963545,0.9992746700071163,0.7071516666096642,0.7066387482963545,0.9977203169980349,0.8066863970318213,0.8048474077645914,0.9839309573240533,0.8978687893062035,0.8834408974134416
123.72175230400204,0.9996153350843254,0.6406339103106147,0.6403874809215268,0.9992445218858145,0.7119411414151401,0.7114032854642127,0.9992445218858145,0.7119411414151401,0.7114032854642127,0.9976200438991958,0.8101561324780421,0.808227996447947,0.9830034581367775,0.8995330746467045,0.8842441230861185
124.98421916424694,0.9995997324600042,0.6459981183711523,0.64573954629347,0.9992133380856225,0.7166514455935817,0.7160876831954497,0.9992133380856225,0.7166514455935817,0.7160876831954497,0.9975158987334763,0.813551773387089,0.8115308283964355,0.9820190108190402,0.9011461911277008,0.8849426912145705
126.24668602449185,0.9995836171632079,0.6512907173255867,0.6510195310491304,0.9991810911814462,0.7212831211525315,0.7206924560439456,0.9991810911814462,0.7212831211525315,0.7206924560439456,0.9974077476864942,0.8168745991502218,0.8147570540807305,0.9809736851988403,0.9027092065943075,0.8855339770557391
127.50915288473676,0.9995669768921938,0.6565115746654898,0.6562272899831174,0.999147753105289,0.7258367613954421,0.7252181692694757,0.999147753105289,0.7258367613954421,0.7252181692694757,0.9972954518848878,0.8201258930402245,0.8179078231020479,0.9798632417287022,0.9042231646070886,0.8860150413180877
128.7716197449817,0.9995497991168425,0.6616606289885846,0.6613627487890633,0.9991132951271736,0.7303130069843183,0.7296654348823368,0.9991132951271736,0.7303130069843183,0.7296654348823368,0.9971788671593591,0.8233069397000495,0.8209842814545342,0.97868310534828,0.9056890845536975,0.8863826057510535
130.0340866052266,0.9995320710736795,0.6667378864842035,0.6664259005408437,0.9990776878353259,0.7347125421554015,0.734034907840233,0.9990776878353259,0.7347125421554015,0.734034907840233,0.9970578437942537,0.8264190228274495,0.8239875689708909,0.9774283371528494,0.9071079618851937,0.8866330268035552
131.2965534654715,0.9995137797607412,0.6717434174734236,0.6714168022282592,0.9990409011156132,0.7390360910888059,0.738327282398321,0.9990409011156132,0.7390360910888059,0.738327282398321,0.9969322262640725,0.8294634230454089,0.8269188169412777,0.9760936037119313,0.9084807684757598,0.886762267204489
132.55902032571643,0.9994949119322813,0.6766773530114656,0.6763355713547641,0.9990029041301941,0.7432844144322153,0.7425432886124939,0.9990029041301941,0.7432844144322153,0.7425432886124939,0.99680185295596,0.8324414159488948,0.8297791458951413,0.9746731438804879,0.9098084531060654,0.8867658653179322
133.8214871859614,0.9994754540932955,0.6815398815590462,0.6811823826039186,0.9989636652953513,0.7474583059780322,0.7466836889952693,0.9989636652953513,0.7474583059780322,0.7466836889952693,0.9966665558773726,0.8353542703185313,0.8325696635358263,0.9731607329464866,0.9110919420721438,0.8866389021285654
135.0839540462063,0.9994553924938833,0.6863312457285144,0.6859574645804083,0.9989231522584776,0.7515585894927337,0.7507492753230167,0.9989231522584776,0.7515585894927337,0.7507492753230167,0.9965261603480835,0.8382032464920086,0.8352914628179795,0.9715496439642101,0.9123321399233553,0.8863759657196417
136.3464209064512,0.9994347131234224,0.6910517391097933,0.6906610966306385,0.9988813318741762,0.7555861156966257,0.7547408655926808,0.9988813318741762,0.7555861156966257,0.7547408655926808,0.9963804846756443,0.8409895948842817,0.8379456201579744,0.9698326061338236,0.9135299303348425,0.8859711131178907
137.60888776669614,0.999413401704556,0.6957017031803951,0.695293605747172,0.9988381701794498,0.7595417593916871,0.7586593011256727,0.9988381701794498,0.7595417593916871,0.7586593011256727,0.9962293398133515,0.8437145546478809,0.8405331937677742,0.9680017601062246,0.9146861771218143,0.8854178293987502
138.87135462694104,0.9993914436869918,0.7002815243030613,0.6998553635605638,0.9987936323679265,0.7634264167347696,0.7625054438161509,0.9987936323679265,0.7634264167347696,0.7625054438161509,0.9960725289997246,0.8463793524649331,0.8430552221028953,0.9660486101201139,0.9158017254050228,0.8847089839731245
140.13382148718597,0.9993688242410985,0.7047916308139146,0.7043467834214682,0.9987476827630999,0.7672410026530447,0.7662801735205658,0.9987476827630999,0.7672410026530447,0.7662801735205658,0.9959098473784365,0.848985201462803,0.8455127224153712,0.963963972918386,0.9168774029391162,0.8838367840162823
141.39628834743087,0.9993455282512936,0.7092324902034015,0.7087683175752987,0.9987002847905306,0.7709864483982739,0.7699843855849959,0.9987002847905306,0.7709864483982739,0.7699843855849959,0.9957410815975681,0.8515333002455603,0.847906689402861,0.9617379234463301,0.9179140216174351,0.8827927250526217
142.65875520767582,0.9993215403092238,0.7136046063917232,0.7131204544311343,0.998651400948978,0.7746636992362186,0.7736189885065674,0.998651400948978,0.7746636992362186,0.7736189885065674,0.9955660093870056,0.8540248320338059,0.8502380939453038,0.9593597374091748,0.9189123791696725,0.881567538782257
143.92122206792072,0.9992968447067239,0.7179085170999382,0.7174037159260513,0.9986009927804099,0.7782737122672824,0.7771849017250033,0.9986009927804099,0.7782737122672824,0.7771849017250033,0.9953843991127116,0.8564609639057031,0.8525078819207721,0.9568178308656047,0.9198732610708277,0.8801511383290594
145.18368892816562,0.9992714254285469,0.7221447913174327,0.7216186549855714,0.9985490208388508,0.7818174543743149,0.7806830535401951,0.9985490208388508,0.7818174543743149,0.7806830535401951,0.9951960093065358,0.8588428461323869,0.8547169730924187,0.9540996971632312,0.9207974426824219,0.8785325612119764
146.44615578841055,0.9992452661448606,0.726314026866019,0.7257658530804806,0.9984954446580189,0.7852959002933614,0.7841143791515391,0.9984954446580189,0.7852959002933614,0.7841143791515391,0.9950005881701446,0.8611716116012413,0.8568662600586664,0.9511918416883446,0.9216856916492089,0.8766999104976066
147.70862264865545,0.9992183502035035,0.7304168480605233,0.7298459178798792,0.9984402227177037,0.7887100308030544,0.7874798188146885,0.9984402227177037,0.7887100308030544,0.7874798188146885,0.994797873051563,0.8634483753208544,0.8589566072590136,0.9480797151139282,0.9225387705766994,0.8746402947899108
148.9710895089004,0.9991906606219871,0.734453903465369,0.7338594809999592,0.9983833124088283,0.7920608310282693,0.7907803161112927,0.9983833124088283,0.7920608310282693,0.7907803161112927,0.9945875898927392,0.8656742340017763,0.8609888500280699,0.9447476460962828,0.9233574400165553,0.8723397679611302
150.23355636914533,0.9991621800792433,0.7384258637463282,0.7378071958476796,0.9983246699971516,0.7953492888536355,0.7940168163272749,0.9983246699971516,0.7953492888536355,0.7940168163272749,0.9943694526464302,0.8678502657075055,0.8629637936906311,0.9411787747026187,0.9241424617880668,0.8697832698363543
151.49602322939023,0.9991328909070999,0.7423334196163457,0.7416897355582327,0.9982642505855491,0.7985763934424773,0.7971902649351652,0.9982642505855491,0.7985763934424773,0.7971902649351652,0.9941431626606223,0.869977529570441,0.8648822126908333,0.9373549882615895,0.9248946026642473,0.866954569423553
152.75849008963513,0.9991027750814863,0.7461772798740602,0.7455077910249285,0.998202008074805,0.8017431338567746,0.8003016061760196,0.998202008074805,0.8017431338567746,0.8003016061760196,0.9939084080285765,0.8720570655678165,0.8667448497485805,0.9332568618290777,0.9256146384501908,0.8638362127430814
154.0209569498801,0.9990718142133473,0.7499581695334498,0.7492620690199049,0.9981378951228768,0.8048504977737608,0.8033517817365012,0.9981378951228768,0.8048504977737608,0.8033517817365012,0.9936648629024827,0.8740898943529272,0.8685524150366469,0.9288636060659182,0.9263033584787924,0.860409477867582
155.283423810125,0.9990399895392663,0.7536768280428124,0.7529532904038787,0.998071863102543,0.8078994702948314,0.80634172951672,0.998071863102543,0.8078994702948314,0.80634172951672,0.9934121867685805,0.8760770171372275,0.8703055853719883,0.924153026045646,0.9269615705441342,0.8566543404463861
156.54589067036991,0.9990072819117802,0.7573340075911377,0.756582188422978,0.9980038620573893,0.8108910328424913,0.8092723824845116,0.9980038620573893,0.8108910328424913,0.8092723824845116,0.9931500236814768,0.8780194156191474,0.8720050034149527,0.9191014953595384,0.9275901062851147,0.8525494537673621
157.8083575306148,0.9989736717893833,0.7609304714997771,0.7601495070905591,0.997933840656047,0.8138261621411562,0.8121446676118949,0.997933840656047,0.8138261621411562,0.8121446676118949,0.9928780014552528,0.879918051955721,0.8736512768701956,0.9136839508698227,0.9281898270203529,0.8480721483091334
159.07082439085974,0.9989391392262029,0.7644669926972038,0.7636559996517887,0.9978617461446204,0.816705829277707,0.8149595048895429,0.9978617461446204,0.816705829277707,0.8149595048895429,0.9925957308088029,0.8817738687733765,0.8752449776832151,0.9078739145789296,0.9287616300190779,0.8431984567561277
160.33329125110467,0.9989036638613372,0.76794435227455,0.7671024271286695,0.9977875242972307,0.8195309988377937,0.8177178064151989,0.9977875242972307,0.8195309988377937,0.8177178064151989,0.9923028044627094,0.8835877892144589,0.8767866412265128,0.9016435503200895,0.9293064551704351,0.8379031715752482
161.59575811134957,0.9988672249078494,0.7713633381195399,0.7704895569431199,0.9977111193645806,0.8223026281139967,0.820420475552052,0.9977111193645806,0.8223026281139967,0.820420475552052,0.9919987961847697,0.8853607170162899,0.8782767654694442,0.8949637643013778,0.9298252919842338,0.8321599434568376
162.85822497159447,0.9988298011413962,0.7747247436263632,0.7738181616156395,0.9976324740204779,0.8250216663820606,0.8230684061532325,0.9976324740204779,0.8250216663820606,0.8230684061532325,0.9916832597811536,0.8870935366197747,0.8797158101258904,0.8878043598946942,0.9303191868183097,0.8259414301509819
164.12069183183942,0.9987913708884893,0.7780293664790043,0.7770890175370676,0.9975515293062173,0.8276890542415335,0.8256624818486583,0.9975515293062173,0.8276890542415335,0.8256624818486583,0.9913557280299493,0.8887871133047751,0.8811041957738924,0.8801342583610738,0.9307892501803197,0.8192195063979156
165.38315869208432,0.9987519120143696,0.7812780075055011,0.7803029038108963,0.9974682245729155,0.8303057230172074,0.8282035753907048,0.9974682245729155,0.8303057230172074,0.8282035753907048,0.9910157115537015,0.8904422933496554,0.8824423029414186,0.8719217983063373,0.9312366638940401,0.8119655466312857
166.64562555232928,0.9987114019104866,0.7844714696005975,0.7834606011635924,0.9973824974208174,0.8328725942182507,0.8306925480547539,0.9973824974208174,0.8328725942182507,0.8306925480547539,0.9906626976273207,0.8920599042125991,0.8837304711524228,0.8631351273710769,0.9316626878519483,0.8041507927459712
167.90809241257418,0.9986698174815584,0.7876105567142497,0.7865628909203684,0.9972942836372294,0.8353905790511121,0.8331302490920691,0.9972942836372294,0.8353905790511121,0.8331302490920691,0.9902961489175325,0.8936407547324583,0.8849689979273107,0.8537426997141618,0.9320686659978215,0.7957468192279575
169.1705592728191,0.9986271351322191,0.790696072903451,0.7896105540438696,0.9972035171312368,0.8378605779836521,0.8355175152309088,0.9972035171312368,0.8378605779836521,0.8355175152309088,0.9899155021498297,0.8951856353470758,0.886158137731915,0.8437138919143219,0.9324560310976658,0.7867261070363936
170.43302613306403,0.9985833307532136,0.7937288214448605,0.7926043702332315,0.9971101298659678,0.8402834803571473,0.8378551702231425,0.9971101298659678,0.8402834803571473,0.8378551702231425,0.9895201666986307,0.8966953183271639,0.887298100868977,0.8330197475861417,0.9328263077690159,0.7770627354394581
171.69549299330893,0.998538379707147,0.7967096040057404,0.7955451170810147,0.9970140517881082,0.842660164043315,0.8401440244332574,0.9970140517881082,0.842660164043315,0.8401440244332574,0.9891095230961187,0.898170558023983,0.8883890523060767,0.8216338568312243,0.9331811131548727,0.7667331971234932
172.95795985355383,0.9984922568137533,0.7996392198707473,0.7984335692855316,0.996915210754558,0.8449914951435661,0.8423848744668573,0.996915210754558,0.8449914951435661,0.8423848744668573,0.9886829214549794,0.8996120911291982,0.8894311104338388,0.8095333701614567,0.9335221545600684,0.7557173359013963
174.2204267137988,0.9984449363346898,0.8025184652221542,0.8012704979161467,0.9968135324561053,0.8472783277278175,0.8445785028358674,0.9968135324561053,0.8472783277278175,0.8445785028358674,0.9882396797999707,0.9010206369454239,0.8904243457481114,0.7967001373452245,0.9338512233291543,0.7439993978863431
175.4828935740437,0.9983963919578134,0.8053481324711323,0.8040566697291417,0.996708940337985,0.8495215036103189,0.8467256776577726,0.996708940337985,0.8495215036103189,0.8467256776577726,0.9877790823030004,0.902396897666101,0.8913687794496957,0.7831219495238295,0.9341701842540728,0.7315691758800845
176.74536043428859,0.9983465967809475,0.8081290096377642,0.8067928465318195,0.9966013555172001,0.8517218521600658,0.8488271523863419,0.9966013555172001,0.8517218521600658,0.8488271523863419,0.9873003774160714,0.9037415586634584,0.8922643819550211,0.7687938480368508,0.934480959877347,0.7184232130612757
178.00782729453354,0.9982955232951021,0.810861879777522,0.8094797845925514,0.9964906966964407,0.8538801901434855,0.8508836655713712,0.9964906966964407,0.8538801901434855,0.8508836655713712,0.986802775896171,0.9050552887834338,0.8931110713110032,0.7537194462964839,0.9347855092228102,0.7045660164173932
179.27029415477844,0.9982431433671358,0.8135475204519932,0.8121182340945369,0.9963768800744888,0.8559973215971997,0.8528959406451366,0.9963768800744888,0.8559973215971997,0.8528959406451366,0.9862854487158688,0.9063387406465321,0.8939087115071402,0.7379121930478909,0.9350858007577042,0.6900112139250607
180.53276101502337,0.9981894282218471,0.8161867032417037,0.8147089386311106,0.996259819252921,0.8580740377287733,0.8548646857332918,0.996259819252921,0.8580740377287733,0.8548646857332918,0.985747524853039,0.9075925509537011,0.8946571106776665,0.7213964885132171,0.9353837797747341,0.6747825741417136
181.7952278752683,0.9981343484234565,0.818780193298948,0.8172526347404773,0.9961394251389722,0.8601111168434706,0.8567905934880943,0.9961394251389722,0.8601111168434706,0.8567905934880943,0.9851880889528397,0.9088173407964015,0.8953560191864085,0.7042085520715599,0.935681330872373,0.658914795214024
183.0576947355132,0.9980778738564776,0.8213287489385951,0.8197500514778336,0.9960156058443828,0.8621093242951363,0.8586743409419116,0.9960156058443828,0.8621093242951363,0.8586743409419116,0.9846061788547014,0.9100137159701425,0.8960051275867295,0.6863969346382341,0.9359802367768362,0.642453965405589
184.3201615957581,0.9980199737059472,0.8238331212649157,0.8222019100228996,0.9958882665800538,0.8640694124594283,0.8605165893790655,0.9958882665800538,0.8640694124594283,0.8605165893790655,0.9840007829767654,0.9111822672908367,0.8966040644487276,0.6680225741712016,0.936282135335175,0.625457602197113
185.58262845600305,0.9979606164369859,0.8262940538325285,0.8246089233209262,0.9957573095463268,0.8659921207277128,0.8623179842241452,0.9957573095463268,0.8659921207277128,0.8623179842241452,0.9833708375498691,0.9123235709134208,0.897152394045618,0.6491583114214498,0.9365884770375507,0.6079941942504836
186.84509531624795,0.9978997697736786,0.8287122823396423,0.8269717957553487,0.9956226338187023,0.8678781755200417,0.8640791549450338,0.9956226338187023,0.8678781755200417,0.8640791549450338,0.9827152236928128,0.9134381886522592,0.8976496138909626,0.6298878161876533,0.9369004858040411,0.5901422009882589
188.10756217649285,0.9978374006772393,0.8310885343518278,0.8292912228502843,0.9954841352287852,0.8697282903157001,0.8658007149689345,0.9954841352287852,0.8697282903157001,0.8658007149689345,0.9820327643203516,0.9145266683029338,0.8980951521182113,0.6103039204828307,0.9372191259037562,0.5719885068905541
189.3700290367378,0.9977734753234413,0.8334235290546255,0.8315678910011607,0.9953417062402606,0.8715431656999197,0.8674832616097963,0.9953417062402606,0.8715431656999197,0.8674832616097963,0.9813222208749883,0.9155895439650933,0.8984883646937432,0.5905064097883069,0.9375450776899354,0.5536263778413831
190.6324958969827,0.997707959079286,0.8357179770333582,0.8338024772318213,0.9951952358196602,0.8733234894254168,0.8691273760055762,0.9951952358196602,0.8733234894254168,0.8691273760055762,0.980582289873372,0.916627336366109,0.8988285324544089,0.5705993798814498,0.9378787243068983,0.5351530184935215
191.89496275722763,0.9976408164788777,0.8379725800785855,0.8359956489765118,0.9950446093017176,0.8750699364875022,0.8707336230638855,0.9950446093017176,0.8750699364875022,0.8707336230638855,0.9798115992578019,0.9176405531853569,0.8991148579603585,0.550688315887541,0.9382201506866689,0.5166668747133966
193.15742961747256,0.9975720111984858,0.8401880310156987,0.8381480638852263,0.9948897082490407,0.8767831692115851,0.8723025514145831,0.9948897082490407,0.8767831692115851,0.8723025514145831,0.9790087045431098,0.9186296893790109,0.8993464621537849,0.5308770837024581,0.9385691551018173,0.49826485591353287
194.41989647771743,0.9975015060309058,0.8423650135571696,0.8402603696510211,0.9947304103058774,0.8784638373519583,0.873834693367989,0.9947304103058774,0.8784638373519583,0.873834693367989,0.978172084748963,0.9195952275053054,0.8995223808140616,0.5112650354584598,0.9389252724229442,0.4800396626981606
195.68236333796239,0.9974292628583511,0.8445042021763209,0.8423332038575077,0.9945665890456921,0.8801125782008253,0.8753305648774048,0.9945665890456921,0.8801125782008253,0.8753305648774048,0.9773001381074949,0.9205376380502882,0.8996415607996938,0.4919444178464046,0.939287807210623,0.46207739350845584
196.9448301982073,0.9973552426253129,0.8466062620008249,0.8443671938459419,0.9943981138122814,0.8817300167065945,0.8767906655047089,0.9943981138122814,0.8817300167065945,0.8767906655047089,0.9763911775360883,0.921457379754152,0.8997028560674749,0.4729982370520391,0.9396558740020592,0.444455571838567
198.2072970584522,0.9972794053099031,0.8486718487251506,0.8463629565998741,0.9942248495541557,0.883316765600524,0.8782154783878443,0.9942248495541557,0.883316765600524,0.8782154783878443,0.9754434258651253,0.9223548999383026,0.8997050234593027,0.45449868307690955,0.9400284417319238,0.42724168882199876
199.4697639186971,0.9972017098943619,0.8507016085405271,0.8483210986464977,0.9940466566518575,0.8848734255308626,0.8796054702090303,0.9940466566518575,0.8848734255308626,0.8796054702090303,0.9744550108106569,0.9232306348333842,0.899646718247295,0.43650615804550774,0.9404043791856345,0.41049230256749214
200.73223077894207,0.9971221143345473,0.8526961780813271,0.8502422159734406,0.9938633907379333,0.8864005852036879,0.8809610911626257,0.9938633907379333,0.8864005852036879,0.8809610911626257,0.9734239596821475,0.9240850099085525,0.8995264894280997,0.41906889686351034,0.9407824986835277,0.39425268391180285
201.99469763918697,0.9970405755283922,0.8546561843867854,0.8521268939599002,0.9936749025091977,0.8878988215296908,0.8822827749215469,0.9936749025091977,0.8878988215296908,0.8822827749215469,0.9723481938158844,0.9249184402023485,0.8993427747577587,0.40222312180233705,0.9411615957454823,0.378556955161217
203.25716449943187,0.9969570492832596,0.8565822448770184,0.8539757073210228,0.993481037530968,0.8893686997762136,0.8835709386012406,0.993481037530968,0.8893686997762136,0.8835709386012406,0.9712255227252007,0.9257313306556052,0.8990938955190858,0.38599363989285596,0.9415404831716792,0.3634286382059147
204.51963135967682,0.9968714902821809,0.8584749673423618,0.8557892200645268,0.9932816360329015,0.8908107737238891,0.8848259827201994,0.9932816360329015,0.8908107737238891,0.8848259827201994,0.9700536379594941,0.9265240764468741,0.8987780510143506,0.3703947748554627,0.9419180186824282,0.34888151246218146
205.78209821992172,0.9967838520489254,0.8603349499450933,0.8575679854585895,0.9930765326960469,0.8922255858272761,0.8860482911560505,0.9930765326960469,0.8922255858272761,0.8860482911560505,0.9688301066650827,0.9272970633309416,0.8983933127771342,0.3554315223710802,0.9422931258969621,0.3349206802573612
207.04456508016668,0.9966940869118623,0.8621627812326544,0.8593125460100722,0.9928655564307352,0.8936136673789316,0.8872382310962927,0.9928655564307352,0.8936136673789316,0.8872382310962927,0.9675523648423575,0.9280506679810588,0.8979376184986031,0.3411008256934437,0.9426648089401308,0.32154374468163094
208.30703194041158,0.9966021459665623,0.8639590401615321,0.8610234334521942,0.9926485301448753,0.8949755386763919,0.8883961529827384,0.9926485301448753,0.8949755386763919,0.8883961529827384,0.9662177102954743,0.9287852583356575,0.8974087656652696,0.32739288406341577,0.9430321613226117,0.30874201905996623
209.56949880065648,0.9965079790371113,0.8657242961310029,0.8627011687408314,0.9924252705022398,0.8963117091915841,0.8895223904487828,0.9924252705022398,0.8963117091915841,0.8895223904487828,0.9648232952729989,0.9295011939502098,0.8968044049072283,0.31429242537286217,0.9433943699484693,0.2965017046142076
210.83196566090137,0.9964115346360624,0.8674591090259882,0.8643462620586162,0.9921955876702772,0.8976226777422156,0.8906172602486054,0.9921955876702772,0.8976226777422156,0.8906172602486054,0.9633661188007241,0.9301988263552199,0.8961220330588169,0.3017798939944867,0.9437507151853043,0.2848049907858421
212.09443252114633,0.9963127599230066,0.8691640292683069,0.8659592128261078,0.9919592850569876,0.8989089326647284,0.8916810621774438,0.9919592850569876,0.8989089326647284,0.8916810621774438,0.9618430187111567,0.9308784994212166,0.8953589859366148,0.2898325225220814,0.9441005679174124,0.2736310491140333
213.35689938139123,0.9962116006616797,0.8708395978756521,0.8675405097192769,0.9917161590363545,0.9001709519884319,0.8927140789820663,0.9917161590363545,0.9001709519884319,0.8927140789820663,0.9602506633782539,0.9315405497317731,0.8945124308436785,0.2784252711415625,0.9444433844230761,0.2629569053858499
214.61936624163613,0.9961080011755784,0.8724863465276542,0.8690906306926447,0.9914659986618318,0.9014092036104668,0.893716576260618,0.9914659986618318,0.9014092036104668,0.893716576260618,0.9585855431708143,0.932185306965639,0.8935793588135094,0.2675316300142561,0.9447786998014968,0.252758185560644
215.88183310188109,0.9960019043020111,0.8741047976384337,0.8706100430074041,0.9912085853673355,0.902624145471267,0.8946888023509746,0.9912085853673355,0.902624145471267,0.8946888023509746,0.9568439616437394,0.9328130942891436,0.8925565766127792,0.2571242884674828,0.9451061205450341,0.24300973877140492
217.14429996212598,0.9958932513445382,0.8756954644350733,0.8720992032639105,0.9909436926551761,0.9038162257302292,0.8956309882067776,0.9909436926551761,0.9038162257302292,0.8956309882067776,0.9550220264932591,0.9334242287601037,0.8914406985283816,0.24717568033858853,0.9454253167239963,0.23368614587057934
218.40676682237094,0.9957819820237347,0.8772588510414768,0.8735585574379461,0.9906710857703519,0.9049858829413089,0.896543347260307,0.9906710857703519,0.9049858829413089,0.896543347260307,0.9531156403103072,0.9340190217445292,0.8902281379720437,0.23765841803858437,0.9457360141339513,0.2247621250011911
219.66923368261584,0.995668034426213,0.8787954525671166,0.8749885409201952,0.9903905213605719,0.9061335462282981,0.8974260752713481,0.9903905213605719,0.9061335462282981,0.8974260752713481,0.951120491175793,0.9345977793474866,0.8889150989447868,0.22854562934795353,0.946037986654464,0.21621284704701535
220.93170054286074,0.995551344951844,0.8803057552001896,0.8763895785583976,0.9901017471213787,0.9072596354595535,0.898279350161209,0.9901017471213787,0.9072596354595535,0.898279350161209,0.9490320431526253,0.9351608028595252,0.8874975674140246,0.21981121114079535,0.9463310489850495,0.20801417401754307
222.1941674031057,0.9954318482591099,0.8817902363047452,0.8777620847016697,0.9898045014256937,0.9083645614219679,0.8991033318310397,0.9898045014256937,0.9083645614219679,0.8991033318310397,0.9468455267423198,0.9357083892201189,0.8859713026683311,0.2114300135827274,0.9466150498584202,0.20014283284917994
223.4566342633506,0.9953094772085141,0.8832493645213622,0.8791064632465093,0.9894985129370766,0.9094487259939985,0.8998981619635803,0.9894985129370766,0.9094487259939985,0.8998981619635803,0.94455592938904,0.9362408314995894,0.8843318287290622,0.20337796719872406,0.9468898657811288,0.19257653606363864
224.7191011235955,0.9951841628039779,0.8846835998709872,0.8804231076840178,0.9891835002059858,0.9105125223175804,0.9006639638074849,0.9891835002059858,0.9105125223175804,0.9006639638074849,0.9421579861312122,0.9367584194009918,0.8825744259142958,0.195632163807468,0.9471553953150861,0.18529405944740804
225.9815679838404,0.9950558341321502,0.886093393861565,0.8817124011479075,0.988859171248257,0.9115563349687711,0.9014008419433175,0.988859171248257,0.9115563349687711,0.9014008419433175,0.9396461705207573,0.9372614397834171,0.8806941226692593,0.18817090084201757,0.9474115538877718,0.1782752855631977
227.24403484408535,0.9949244182995463,0.887479189597119,0.8829747164628664,0.9885252231050096,0.9125805401269949,0.9021088820303277,0.9885252231050096,0.9125805401269949,0.9021088820303277,0.9370146859526586,0.9377501772081177,0.8786856877987144,0.18097369713580194,0.9476582691019543,0.17150122058069536
228.50650170433025,0.994789840367445,0.888841421888958,0.8842104161928893,0.9881813413831579,0.913585505742759,0.9027881505330904,0.9881813413831579,0.913585505742759,0.9027881505330904,0.9342574575734202,0.9382249145087684,0.8765436232610014,0.17402128691616006,0.9478954765053708,0.16495399068347139
229.7689685645752,0.9946520232844417,0.8901805173687098,0.8854198526891783,0.9878271997756543,0.9145715917037379,0.9034386944270664,0.9878271997756543,0.9145715917037379,0.9034386944270664,0.9313681249661401,0.938685933387048,0.874262157710786,0.16729559755036336,0.948123115775455,0.1586168232049671
231.03143542482007,0.9945108878165902,0.8914968946029029,0.8866033681372661,0.9874624595605633,0.9155391499991313,0.9040605408821297,0.9874624595605633,0.9155391499991313,0.9040605408821297,0.9283400358427262,0.9391335150345242,0.8718352410082557,0.16077971554459797,0.9483411272724913,0.15247401668211452
232.29390228506497,0.9943663524750215,0.892790964208827,0.8877612946029887,0.9870867690780311,0.916488524882214,0.9046536969230753,0.9870867690780311,0.916488524882214,0.9046536969230753,0.9251662410104462,0.939567940781576,0.8692565399468162,0.15445784440384272,0.9485494489155387,0.14651090318994703
233.55636914530996,0.9942183334409616,0.8940631289714377,0.8888939540769942,0.9866997631841794,0.9174200530310059,0.9052181490661109,0.9866997631841794,0.9174200530310059,0.9052181490661109,0.9218394909206329,0.939989492773738,0.8665194354892866,0.14831525721037989,0.9487480133383595,0.1407138056261157
234.81883600555483,0.9940667444880341,0.8953137839610709,0.8900016585174448,0.9863010626808979,0.9183340637070077,0.905753862930289,0.9863010626808979,0.9183340637070077,0.905753862930289,0.918352234152098,0.940398454675431,0.8636170218443625,0.14233824615682875,0.948936745286951,0.13506999203791395
236.08130286579976,0.9939114969017614,0.8965433166517575,0.8910847098906182,0.9858902737204874,0.9192308789119489,0.9062607828228255,0.9858902737204874,0.9192308789119489,0.9062607828228255,0.9146966182305271,0.9407951124004946,0.8605421077605411,0.1365140707601475,0.9491155592258167,0.1295676286117101
237.34376972604468,0.9937524993961381,0.8977521070399423,0.892143400209092,0.9854669871840658,0.9201108135425135,0.9067388312972204,0.9854669871840658,0.9201108135425135,0.9067388312972204,0.9108644932377299,0.9411797548682701,0.8572872204636977,0.13083090606991904,0.9492843571267331,0.1241957325608911
238.6062365862896,0.9935896580271849,0.8989405277634266,0.8931780115672402,0.9850307780325847,0.9209741755430126,0.907187908683052,0.9850307780325847,0.9209741755430126,0.907187908683052,0.9068474187205325,0.9415526747831823,0.8538446127165419,0.12527779185222485,0.9494430264215611,0.11894412583958675
239.8687034465345,0.9934228761033516,0.9001089442203619,0.8941888161737431,0.9845812046292988,0.9218212660559821,0.9076078925863043,0.9845812046292988,0.9218212660559821,0.9076078925863043,0.9026366744677722,0.9419141694347852,0.8502062735326883,0.11984458346556008,0.9495914381097844,0.11380339036272928
241.13117030677947,0.9932520540926647,0.9012577146881429,0.8951760763808586,0.9841178080324557,0.9226523795706952,0.907998637359042,0.9841178080324557,0.9226523795706952,0.907998637359042,0.8982232757840852,0.9422645415140957,0.8463639431339802,0.11452190493526324,0.9497294450223486,0.10876482521706972
242.39363716702434,0.9930770895264771,0.9023871904420528,0.8961400447101686,0.9836401112569529,0.9234678040695854,0.908359973537221,0.9836401112569529,0.9234678040695854,0.908359973537221,0.8935979939495686,0.9426040999406848,0.8423091327956347,0.10930110456698451,0.9498568802564976,0.10382040619258513
243.65610402726927,0.9928978768997069,0.9034977158735313,0.8970809638745638,0.983147618503661,0.92426782117258,0.9086917072453896,0.983147618503661,0.92426782117258,0.9086917072453896,0.8887513826128225,0.9429331606934398,0.8380331502777734,0.104174213308458,0.9499735558123732,0.09896274784059249
244.91857088751422,0.9927143075674211,0.9045896286079403,0.8979990667962021,0.9826398143550654,0.9250527062793578,0.908993619566999,0.9826398143550654,0.9250527062793578,0.908993619566999,0.8836738109186904,0.943252047636117,0.8335271315914656,0.09913390596409241,0.9500792614819762,0.09418506816618859
246.1810377477591,0.9925262696376308,0.9056632596217171,0.8988945766202,0.982116162935849,0.9258227287095454,0.9092654658790162,0.982116162935849,0.9258227287095454,0.9092654658790162,0.8783555042177609,0.9435610933267969,0.8287820798893204,0.0941734652815275,0.9501737640657335,0.08948115598166265
247.44350460800402,0.9923336478601426,0.9067189333588135,0.8997677067238089,0.9815761070369948,0.9265781518408774,0.909506975149502,0.9815761070369948,0.9265781518408774,0.909506975149502,0.8727865932380263,0.9438606397980971,0.823788912300845,0.08928674885693445,0.9502568070225227,0.08484534087821241
248.70597146824898,0.9921363235113297,0.9077569678463246,0.900618660720845,0.9810190672019442,0.9273192332453476,0.909717849196773,0.9810190672019442,0.9273192332453476,0.909717849196773,0.866957172614875,0.9441510392925434,0.8185385155464592,0.08446815874062738,0.9503281106968718,0.08027246571002387
249.96843832849387,0.991934174274654,0.9087776748092252,0.9014476324611289,0.9804444407733193,0.9280462248233897,0.9098977619087585,0.9804444407733193,0.9280462248233897,0.9098977619087585,0.8608573696673868,0.9444326549348432,0.8130218111551959,0.07971261356104667,0.9503873733134236,0.07575786142223113
251.23090518873877,0.9917270741167822,0.9097813597841338,0.9022548060247065,0.9798516008986861,0.928759372936127,0.9100463584211238,0.9798516008986861,0.928759372936127,0.9100463584211238,0.8544774242695857,0.9447058613200163,0.807229831073108,0.07501552291816038,0.9504342729846593,0.07129732398728582
252.4933720489837,0.9915148931591244,0.9107683222320356,0.9030403557106118,0.9792398954938001,0.9294589185357391,0.9101632542527176,0.9792398954938001,0.9294589185357391,0.9101632542527176,0.8478077805864873,0.944971044993475,0.8011538043744116,0.07037276372181517,0.950468471043713,0.06688709313779413
253.75583890922863,0.9912974975446271,0.911738855649903,0.9038044460199509,0.9786086461617445,0.9301450972939989,0.9102480343968643,0.9786086461617445,0.9301450972939989,0.9102480343968643,0.8408391913174664,0.9452286047963093,0.7947852556670658,0.06578065806208912,0.9504896170890029,0.06252383249329772
255.01830576947353,0.9910747492996238,0.9126932476811531,0.9045472316330583,0.977957147066383,0.9308181397290362,0.910300252367046,0.977957147066383,0.9308181397290362,0.910300252367046,0.8335628349039984,0.9454789520463627,0.7881161156098276,0.061235952093653574,0.950497356208253,0.05820461056991296
256.28077262971846,0.9908465061905681,0.9136317802248957,0.9052688573805069,0.9772846637584899,0.931478271330395,0.9103194291954645,0.9772846637584899,0.931478271330395,0.9103194291954645,0.8259704459056484,0.9457225105233283,0.7811388437199628,0.05673579529296596,0.9504913389294645,0.053926882033239226
257.54323948996336,0.9906126215754483,0.9145547295439251,0.9059694582077328,0.9765904319529478,0.9321257126824501,0.9103050523830033,0.9765904319529478,0.9321257126824501,0.9103050523830033,0.8180544584181654,0.9459597162242881,0.7738465633412615,0.05227771930776002,0.9504712345131048,0.049688468407976236
258.8057063502083,0.9903729442496765,0.9154623663714175,0.9066491591330368,0.975873656255397,0.9327606795862601,0.9102565747991125,0.975873656255397,0.9327606795862601,0.9102565747991125,0.8098081619934328,0.9461910168550712,0.7662332082541023,0.04785961547093591,0.9504367482326753,0.04548753729986257
260.0681732104532,0.990127318286246,0.916354956016298,0.907308075198728,0.9751335088367235,0.9333833831799337,0.9101734135301408,0.9751335088367235,0.9333833831799337,0.9101734135301408,0.801225869017936,0.9464168710228368,0.7582936799385083,0.043479709913375846,0.9503876432587599,0.04132257903414781
261.3306400706981,0.9898755828699308,0.9172327584672504,0.9079463114151639,0.9743691280538105,0.9339940300575984,0.9100549486746866,0.9743691280538105,0.9339940300575984,0.9100549486746866,0.7923030919140335,0.9466377470966563,0.7500240139472156,0.03913653511437678,0.9503237676208817,0.037192379501521475
262.593106930943,0.989617572125311,0.9180960284953416,0.9085639626974502,0.9735796170149966,0.934592822387057,0.9099005220845557,0.9735796170149966,0.934592822387057,0.9099005220845557,0.7830367278518321,0.9468541217059495,0.7414215532136471,0.034828896724600274,0.9502450864161075,0.03309598797784547
263.855573791188,0.9893531149383755,0.9189450157552413,0.9091611137945426,0.9727640420887709,0.9351799580262335,0.909709436050006,0.9727640420887709,0.9351799580262335,0.909709436050006,0.7734252479118613,0.9470664778516754,0.7324851254214454,0.03055583465609183,0.9501517189005808,0.02903267882092759
265.11804065143286,0.9890820347714621,0.9197799648850208,0.9097378392105003,0.971921431354255,0.9357556306385045,0.9094809519279788,0.971921431354255,0.9357556306385045,0.9094809519279788,0.7634688868420578,0.9472753026125118,0.7232152208185478,0.02631657784624742,0.9500439792845949,0.025001906338201714
266.3805075116778,0.9888041494712901,0.9206011156045135,0.9102942031176419,0.9710507729921688,0.936320029807027,0.9092142887121641,0.9710507729921688,0.936320029807027,0.9092142887121641,0.7531698287396188,0.9474810844380473,0.7136141661002324,0.022110492861152093,0.9499224189317669,0.02100325286243916
267.6429743719228,0.9885192710698048,0.9214087028122315,0.9108302592613214,0.9701510136150532,0.9368733411481733,0.9089086215438219,0.9701510136150532,0.9368733411481733,0.9089086215438219,0.7425323832032249,0.947684310033359,0.7036862892533738,0.017937027675479715,0.9497878662906348,0.017036371243489945
268.9054412321676,0.9882272055775772,0.9222029566808279,0.9113460508560739,0.9692210565356829,0.9374157464241921,0.9085630801624414,0.9692210565356829,0.9374157464241921,0.9085630801624414,0.7315631457993097,0.9478854608541669,0.6934380695999027,0.013795653541328974,0.9496414594367703,0.013100924562871695
270.1679080924126,0.9879277527694724,0.922984102751102,0.9118416104728441,0.9682597599727693,0.9379474236552209,0.9081767472954815,0.9682597599727693,0.9379474236552209,0.9081767472954815,0.7202711361326388,0.9480850092487756,0.682878266761939,0.009685809685634924,0.9494846649084077,0.009196527763731685
271.43037495265753,0.9876207059622862,0.9237523620245464,0.9123169599170119,0.9672659351932705,0.9384685472307704,0.9077486569866412,0.9672659351932705,0.9384685472307704,0.9077486569866412,0.7086679064780794,0.9482834143016866,0.6720180219610615,0.005606857307237566,0.9493192760631142,0.005322697719895948
272.6928418129024,0.987305851784064,0.9245079510544354,0.9127721100969391,0.9662383445908654,0.9389792880208603,0.9072777928623855,0.9662383445908654,0.9389792880208603,0.9072777928623855,0.696767613890195,0.9484811174533144,0.6608709250278517,0.0015580504329546583,0.9491473850101693,0.0014788194941528759
273.9553086731473,0.986982969934775,0.9252510820354595,0.9132070608827219,0.9651756997004339,0.9394798134868652,0.9067630863366183,0.9651756997004339,0.9394798134868652,0.9067630863366183,0.6845870490279307,0.9486785379895891,0.6494530407984245,0.002461469008622363,0.9489713246851511,0.0023358635057838095
275.2177755333922,0.9866518329380252,0.9259819628919134,0.9136218009548567,0.9640766591487551,0.9399702877923036,0.9062034147538979,0.9640766591487551,0.9399702877923036,0.9062034147538979,0.6721456156669419,0.9488760685130879,0.6377828892623568,0.006452646541779794,0.9487935818221639,0.00612222962460765
276.4802423936371,0.9863122058834709,0.926700797364441,0.9140163076424932,0.9629398265420044,0.9404508719136827,0.9055975994718384,0.9629398265420044,0.9404508719136827,0.9055975994718384,0.6594652560528447,0.9490740705222562,0.6258813749300752,0.0104164594615226,0.9486166868112158,0.00988122726269291
277.7427092538821,0.9859638461596001,0.9274077850953515,0.9143905467509686,0.9617637482911177,0.9409217237515701,0.9049444038838497,0.9617637482911177,0.9409217237515701,0.9049444038838497,0.6465703188735451,0.9492728702357154,0.6137716624063119,0.014353833830983223,0.9484430914506276,0.013613794532826332
279.005176114127,0.9856065031764972,0.9281031217125163,0.9147444723782642,0.9605469113766141,0.9413829982420595,0.9042425313838668,0.9605469113766141,0.9413829982420595,0.9042425313838668,0.6334873686574962,0.9494727548032394,0.6014789970522882,0.018265543109627837,0.9482750488905372,0.01732075878529455
280.26764297437194,0.985239918078266,0.9287869989118601,0.9150780267200797,0.9592877410550825,0.9418348474688049,0.903490623275308,0.9592877410550825,0.9418348474688049,0.903490623275308,0.6202449377538342,0.9496739690424879,0.5890304718151945,0.02215210114165646,0.9481145104177781,0.02100272852864672
281.53010983461684,0.9848638234446837,0.9294596045384621,0.9153911398631335,0.9579845985102583,0.9422774207758048,0.9026872566271911,0.9579845985102583,0.9422774207758048,0.9026872566271911,0.6068732245944797,0.9498767128303306,0.5764547436825473,0.026013663376589877,0.9479630508625139,0.024659991698582583
282.79257669486174,0.984477942981738,0.930121122666282,0.9156837295663661,0.956635778452394,0.9427108648811217,0.9018309420810814,0.956635778452394,0.9427108648811217,0.9018309420810814,0.593403744516638,0.9500811392594,0.5637817056311614,0.02984994837948214,0.9478218291175439,0.028292432672105027
284.05504355510664,0.9840819912006128,0.9307717336765311,0.9159557010296472,0.9552395066705736,0.9431353239917293,0.900920121613451,0.9552395066705736,0.9431353239917293,0.900920121613451,0.5798689418528126,0.9502873536448854,0.5510421222141691,0.03366018758122052,0.9476915841233859,0.0318994764907372
285.3175104153516,0.9836756730847308,0.9314116143347058,0.9162069466496274,0.9537939375436408,0.9435509399196849,0.8999531662589995,0.9537939375436408,0.9435509399196849,0.8999531662589995,0.5663017740850145,0.9504954134347663,0.5382672388877775,0.03744310613955209,0.947572661353235,0.03548006373398703
286.5799772755965,0.9832586837444124,0.9320409378663054,0.916437345762331,0.9522971515165795,0.9439578521998301,0.8989283738016065,0.9522971515165795,0.9439578521998301,0.8989283738016065,0.5527352804354927,0.9507053290405358,0.5254883766587379,0.04119693312046345,0.9474650614654546,0.03903265477116812
287.84244413584145,0.9828307080587229,0.932659874031255,0.9166467643720977,0.950747152550521,0.9443561982092251,0.8978439664408562,0.950747152550521,0.9443561982092251,0.8978439664408562,0.5392021481885734,0.9509170655673551,0.5127365245030924,0.044919435928749224,0.947368501694913,0.0425552587127998
289.10491099608635,0.9823914203040619,0.9332685891970557,0.9168350548664637,0.9491418655560582,0.9447461132885269,0.8966980884435075,0.9491418655560582,0.9447461132885269,0.8966980884435075,0.5257342902202773,0.9511305453851417,0.5000419421848827,0.048607972342419065,0.9472824813434183,0.04604548065359898
290.36737785633125,0.9819404837690188,0.9338672464106896,0.917002055716554,0.9474791338211659,0.9451277308655235,0.8954888037908302,0.9474791338211659,0.9451277308655235,0.8954888037908302,0.5123624466320975,0.9513456514479647,0.48743378556868583,0.05225955342543499,0.9472063446584906,0.049500580573591385
291.6298447165762,0.98147755035505,0.9344560054692993,0.917147591162573,0.9457567164469599,0.9455011825810382,0.8942140938345602,0.9457567164469599,0.9455011825810382,0.8942140938345602,0.49911582208847166,0.9515622312406612,0.474939765314023,0.05587091150837425,0.9471393367003451,0.05291753806688526
292.8923115768211,0.981002260162478,0.9350350229896723,0.9172714708839432,0.9439722858065605,0.9458665984174145,0.8928718549761627,0.9439722858065605,0.9458665984174145,0.8928718549761627,0.48602176855275137,0.9517801012106233,0.46258584806370384,0.05943856880111656,0.9470806499324613,0.05629311837121679
294.154778437066,0.9805142410613322,0.9356044524765555,0.9173734896536532,0.942123425044695,0.9462241068297942,0.8914598963863432,0.942123425044695,0.9462241068297942,0.8914598963863432,0.47310552076247125,0.9519990515303574,0.45039600703964844,0.06295890361794797,0.9470294609365368,0.05962393655446064
295.41724529731096,0.980013108246527,0.9361644443898276,0.9174534269763579,0.9402076256382043,0.9465738348803948,0.8899759377841456,0.9402076256382043,0.9465738348803948,0.8899759377841456,0.460389989170778,0.9522188510330346,0.43839202651530945,0.06642821240492364,0.9469849577712914,0.06290651791909899
296.67971215755585,0.9794984637768795,0.9367151462105582,0.9175110467097769,0.9382222850405117,0.9469159083759827,0.8884176072977263,0.9382222850405117,0.9469159083759827,0.8884176072977263,0.4478956124054152,0.9524392521683703,0.4265933621289079,0.06984276666283559,0.9469463591254571,0.06613735360262102
297.9421790178008,0.978969896097442,0.9372567025059849,0.9175460966689152,0.93616470443624,0.9472504520087358,0.8867824394318529,0.93616470443624,0.9472504520087358,0.8867824394318529,0.43564026874616546,0.95265999583872,0.4150170566109008,0.07319886445841339,0.946912926676169,0.06931295097368843
299.2046458780457,0.9784269795446354,0.9377892549934368,0.9175583082126423,0.9340320866356223,0.947577589500667,0.8850678731704611,0.9340320866356223,0.947577589500667,0.8850678731704611,0.4236392438528823,0.9528808159936444,0.403677708369465,0.07649287656544351,0.946883972079312,0.07242987879805968
300.46711273829067,0.9778692738336597,0.9383129426032375,0.9175473958121523,0.931821534142168,0.9478974437517701,0.8832712502462138,0.931821534142168,0.9478974437517701,0.8832712502462138,0.41190525010438594,0.9531014438835367,0.39258748861769954,0.07972128744673981,0.9468588598926116,0.07548480734099124
301.7295795985355,0.9772963235276494,0.9388279015406186,0.9175130566008245,0.9295300474311714,0.948210136992023,0.8813898136129126,0.9295300474311714,0.948210136992023,0.8813898136129126,0.4004484915016333,0.9533216118972835,0.3817562014001727,0.08288073134332267,0.9468370075411845,0.0784745436479365
302.99204645878046,0.9767076574880467,0.9393342653466801,0.9174549699050112,0.9271545234811784,0.9485157909373578,0.8794207061608991,0.9271545234811784,0.9485157909373578,0.8794207061608991,0.38927676716841036,0.9535410569335684,0.37119138000544866,0.0859680237311255,0.9468178832278507,0.08139606225438588
304.2545133190254,0.9761027883056662,0.939832164958426,0.9173727967552705,0.9246917546054194,0.9488145269496747,0.8773609697202057,0.9246917546054194,0.9488145269496747,0.8773609697202057,0.37839560602992234,0.9537595232788144,0.3608984128178968,0.08898018837475691,0.9468010024946696,0.08424653155538439
305.51698017927026,0.9754812117119163,0.9403217287679183,0.9172661793775728,0.9221384276354759,0.9491064662009315,0.87520754440119,0.9221384276354759,0.9491064662009315,0.87520754440119,0.36780842521498575,0.9539767649856685,0.3508806916210653,0.09191448017524,0.9467859239712487,0.08702333603905162
306.7794470395152,0.97484240596967,0.9408030826805763,0.9171347406640153,0.9194911235151529,0.9493917298413026,0.8729572683277739,0.9194911235151529,0.9493917298413026,0.8729572683277739,0.3575167050368695,0.9541925477637303,0.3411397756472246,0.09476840398638553,0.9467722447036392,0.08972409456917153
308.0419138997602,0.974185831243268,0.9412763501726669,0.9169780836225888,0.916746317368523,0.9496704391713313,0.8706068778240659,0.916746317368523,0.9496704391713313,0.8706068778240659,0.34752017398257296,0.9544066504083398,0.33167556520003094,0.09753972956725203,0.9467595953442234,0.09234667489507652
309.3043807600051,0.9735109289471447,0.9417416523480154,0.9167957908055355,0.9139003791125642,0.9499427158179474,0.868153008121241,0.9139003791125642,0.9499427158179474,0.868153008121241,0.3378169978949202,0.9546188658037403,0.3224864793796733,0.10022650284587208,0.9467476353946378,0.09488920457320332
310.56684762025,0.9728171210726149,0.9421991079939841,0.9165874237158933,0.9109495746915374,0.9502086819141329,0.8655921946578856,0.9109495746915374,0.9502086819141329,0.8655921946578856,0.3284039683900753,0.9548290015439335,0.3135696332409611,0.10282705368932556,0.9467360486262637,0.09735007850171275
311.82931448049493,0.9721038094923433,0.9426488336367491,0.916352522191798,0.9078900680172947,0.9504684602819377,0.8629208750536617,0.9078900680172947,0.9504684602819377,0.8629208750536617,0.31927668644808166,0.9550368802184412,0.3049210105518574,0.10534000040333041,0.9467245387521159,0.0997279632939907
313.09178134073983,0.9713703752420583,0.9430909435959266,0.916090603768162,0.9047179237070047,0.9507221746184444,0.8601353918430074,0.9047179237070047,0.9507221746184444,0.8601353918430074,0.31042973799217377,0.9552423394114443,0.2965356291425258,0.10776425121664575,0.9467128253863276,0.1020217987449527
314.3542482009847,0.9706161777791219,0.94352555003858,0.9158011630153902,0.9014291107171788,0.9509699496841623,0.8572319960625546,0.9014291107171788,0.9509699496841623,0.8572319960625546,0.3018568590943092,0.9554452314619272,0.28840769660573257,0.1100990030380191,0.9467006402998535,0.10423079667246819
315.6167150612296,0.9698405542175621,0.9439527630326586,0.9154836708547927,0.8980195069804097,0.951211911493205,0.854206851793021,0.8980195069804097,0.951211911493205,0.854206851793021,0.2935510891829802,0.9556454230300139,0.2805307548031904,0.11234373780320508,0.9466877239609977,0.10635443744218731
316.8791819214746,0.9690428185392677,0.9443726905999088,0.9151375738504474,0.8944849051585702,0.9514481875044588,0.8510560417632194,0.8944849051585702,0.9514481875044588,0.8510560417632194,0.28550491126980754,0.9558427945111443,0.27289781223478915,0.11449821675468684,0.9466738223349741,0.10839246450569777
318.1416487817195,0.9682222607810419,0.9447854387683026,0.9147622934772546,0.8908210196334082,0.9516789068127827,0.8477755741305704,0.8908210196334082,0.9516789068127827,0.8477755741305704,0.27771037874799354,0.9560372393354984,0.2655014638330474,0.11656247301603027,0.946658683906448,0.11034487729823608
319.40411564196444,0.9673781461973503,0.9451911116240235,0.9143572253650606,0.8870234948621033,0.9519042003391063,0.8443613905587097,0.8870234948621033,0.9519042003391063,0.8443613905587097,0.2701592287498752,0.9562286631855129,0.25833399815472236,0.11853680283598057,0.9466420568817143,0.11221192285283488
320.66658250220934,0.9665097143985683,0.9455898113630907,0.9139217385187368,0.8830879152313328,0.9521242010180899,0.8408093757183634,0.8830879152313328,0.9521242010180899,0.8408093757183634,0.2628429823890094,0.9564169831596938,0.2513874922611929,0.12042175588486569,0.9466236865220113,0.11399408649318526
321.92904936245424,0.9656161784647025,0.9459816383426047,0.9134551745141642,0.8790098165483253,0.9523390439817969,0.8371153683422469,0.8790098165483253,0.9523390439817969,0.8371153683422469,0.25575303246420905,0.9566021269064334,0.24465389481803249,0.12221812498853481,0.9466033125557676,0.11569208196850188
323.19151622269914,0.9646967240345978,0.9463666911317297,0.9129568466702417,0.8747846993109755,0.9525488667375945,0.8332751739680571,0.8747846993109755,0.9525488667375945,0.8332751739680571,0.24888071938002163,0.9567840317473254,0.2381250981125918,0.12392693568418872,0.9465806666149117,0.11730684139148265
324.45398308294403,0.9637505083707831,0.9467450665624284,0.9124260391970713,0.8704080439009069,0.9527538093382548,0.8292845795052479,0.8704080439009069,0.9527538093382548,0.8292845795052479,0.2422173961522153,0.9569626438056319,0.23179299979754003,0.12554943597956525,0.9465554696384088,0.11883950533647472
325.71644994318893,0.9627766594002086,0.9471168597800156,0.9118620063206192,0.8658753278429395,0.952954014541957,0.8251393697607624,0.8658753278429395,0.952954014541957,0.8251393697607624,0.2357544834295182,0.9571379171521347,0.2256495552290065,0.1270870866934856,0.9465274291847993,0.12029141345057062
326.978916803434,0.9617742747312507,0.9474821642935741,0.911263971384248,0.8611820452712955,0.9531496279596245,0.8208353460558439,0.8611820452712955,0.9531496279596245,0.8208353460558439,0.22948351548480342,0.9573098129776257,0.21968682129020525,0.12854155275316193,0.9464962365947338,0.1216640959269112
328.24138366367885,0.9607424206475527,0.947841072026298,0.9106311259277168,0.8563237287363245,0.9533407981867431,0.8163683470597356,0.8563237287363245,0.9533407981867431,0.8163683470597356,0.22339617811973356,0.9574782987987368,0.21389699258422207,0.12991469582290682,0.9464615639445818,0.12295926618793301
329.50385052392375,0.9596801310794165,0.9481936733658118,0.9099626287443757,0.8512959734751382,0.9535276769165204,0.8117342719561363,0.8512959734751382,0.9535276769165204,0.8117342719561363,0.21748433939477274,0.9576433477016679,0.2082724308506959,0.1312085686404566,0.9464230607337071,0.12417881512718963
330.76631738416864,0.9585864065536425,0.948540057214529,0.9092576049174619,0.8460944642543968,0.9537104190309673,0.8069291060438426,0.8460944642543968,0.9537104190309673,0.8069291060438426,0.2117400740483273,0.9578049376266057,0.202805688416911,0.13242541144056807,0.9463803502519204,0.12532480726137948
332.0287842444136,0.9574602131229726,0.9488803110401033,0.9085151448366499,0.8407150048731002,0.953889182666205,0.8019489488536162,0.8407150048731002,0.953889182666205,0.8019489488536162,0.20615568241021512,0.9579630506941887,0.19748952643963197,0.133567650848998,0.9463330255815615,0.1263994791477539
333.29125110465856,0.9563004812764861,0.9492145209260375,0.907734303196199,0.8351535503867269,0.954064129248052,0.7967900448381317,0.8351535503867269,0.954064129248052,0.7967900448381317,0.20072370455015742,0.958117672574236,0.1923169286340754,0.1346379016293295,0.9462806452031116,0.127405240422595
334.55371796490346,0.9551061048326135,0.9495427716225091,0.9069140979763386,0.8294062420808423,0.9542354234937224,0.7914488166603494,0.8294062420808423,0.9542354234937224,0.7914488166603494,0.19543693033497314,0.9582687918960714,0.1872811111239714,0.1356389716529484,0.9462227281979838,0.12834467780742181
335.81618482514835,0.9538759398166847,0.9498651465974719,0.9060535094097765,0.8234694451816229,0.9544032333752931,0.7859219010670996,0.8234694451816229,0.9544032333752931,0.7859219010670996,0.1902884060012011,0.9584163996991063,0.18237552898415296,0.13657387042604952,0.9461587490828358,0.1292205623997123
337.0786516853933,0.9526088033253294,0.9501817280881025,0.9051514789356009,0.817339789242183,0.9545677300404727,0.780206187288669,0.817339789242183,0.9545677300404727,0.780206187288669,0.1852714377849213,0.9585604889218478,0.17759387998636786,0.13744582142643824,0.9460881323745964,0.13003586049603125
338.3411185456382,0.951303472380327,0.9504925971526517,0.9042069081431128,0.8110142110865249,0.9547290876861678,0.774298857851155,0.8110142110865249,0.9547290876861678,0.774298857851155,0.18037959308875756,0.9587010539271694,0.17293010600114583,0.1382582783447847,0.9460102470861932,0.13079374805866145
339.6035854058831,0.9499586827750124,0.9507978337227635,0.9032186577086116,0.8044900001274354,0.9548874833803873,0.7681974316263743,0.8044900001274354,0.9548874833803873,0.7681974316263743,0.1756066996083935,0.958838090061447,0.16837839245450628,0.13901494504086023,0.9459244015060166,0.1314976286881675
340.86605226612807,0.9485731279167109,0.9510975166563332,0.9021855463285141,0.7977648458004636,0.955043096828187,0.7618998088739358,0.7977648458004636,0.955043096828187,0.7618998088739358,0.17094684278776634,0.9589715932450522,0.16393316618839576,0.13971979854245895,0.9458298388413474,0.13215115453835946
342.12851912637296,0.947145457669224,0.9513917237909623,0.9011063496527029,0.790836886773911,0.9551961100776462,0.7554043179523556,0.790836886773911,0.9551961100776462,0.7554043179523556,0.16639436192369347,0.9591015595916473,0.15958909202827143,0.1403771136297979,0.9457257346348293,0.13275824891345753
343.39098598661786,0.9456742771999045,0.9516805319980794,0.8999797992225044,0.7837047615052092,0.9553467071623104,0.7487097632914254,0.7837047615052092,0.9553467071623104,0.7487097632914254,0.16194384519702956,0.9592279850537386,0.15534106832020123,0.14099148632164585,0.9456111973248628,0.13332312819322353
344.65345284686276,0.9441581458364853,0.9519640172377923,0.8988045814182859,0.776367659618499,0.9554950736771362,0.7418154741277234,0.776367659618499,0.9554950736771362,0.7418154741277234,0.15759012386836263,0.9593508650920185,0.15118422166307205,0.14156785173811556,0.9454852739439222,0.13385031908226477
345.91591970710766,0.9425955759394595,0.9522422546145309,0.8975793364222733,0.7688253734786463,0.9556413962857648,0.7347213534110582,0.7688253734786463,0.9556413962857648,0.7347213534110582,0.15332826584158443,0.9594701943661219,0.14711390102884542,0.1421114891756822,0.9453469637429129,0.134344664805215
347.17838656735256,0.9409850317965339,0.9525153184335484,0.8963026572028782,0.7610783492357055,0.9557858621579322,0.7274279261939846,0.7610783492357055,0.9557858621579322,0.7274279261939846,0.14915356876803307,0.9595859664445615,0.14312567143492838,0.14262800366644665,0.9451952434538315,0.13481131064884103
348.4408534275976,0.9393249285464675,0.9527832822583381,0.8949730885275823,0.7531277365142061,0.9559286583369963,0.7199363867224038,0.7531277365142061,0.9559286583369963,0.7199363867224038,0.14506155283704858,0.9596981735317597,0.13921530730739637,0.14312326888537702,0.9450291088095132,0.13525565524465216
349.7033202878425,0.9376136311404468,0.9530462189690252,0.8935891260122211,0.7449754358274765,0.9560699710389452,0.712248643356301,0.7449754358274765,0.9560699710389452,0.712248643356301,0.14104795337532613,0.9598068062102698,0.13537878565166683,0.14360331157451092,0.9448476374888269,0.13568324967674855
350.9657871480874,0.9358494533500862,0.9533042008217905,0.8921492152154133,0.7366241427128057,0.9562099848858012,0.7043673603699283,0.7366241427128057,0.9562099848858012,0.7043673603699283,0.13710871335707225,0.959911853196482,0.13161227912797246,0.14407411412902973,0.9446500782173862,0.13609962318108856
352.22825400833227,0.9340306568321209,0.9535572995093738,0.8906517507878039,0.7280773875136763,0.9563488820780726,0.696295995615028,0.7280773875136763,0.9563488820780726,0.696295995615028,0.13323997590932096,0.9600133011083097,0.12791214911229887,0.14454131247448643,0.9444359683493097,0.13651001441332175
353.49072086857717,0.9321554502609756,0.953805586222709,0.889095075686863,0.7193395696858206,0.9564868415127578,0.6880388329839369,0.7193395696858206,0.9564868415127578,0.6880388329839369,0.12943807688157202,0.960111134243596,0.12427493880907589,0.14500977527537326,0.9442052766899438,0.13691899498663038
354.75318772882207,0.9302219885415345,0.954049131713727,0.8874774804690675,0.7104159854799096,0.9566240378553603,0.6796010085867862,0.7104159854799096,0.9566240378553603,0.6796010085867862,0.12569953753582436,0.9602053343682203,0.12069736646951688,0.1454830730108389,0.9439585587287499,0.13732999191874098
356.0156545890671,0.9282283721156814,0.9542880063593648,0.8857972026724723,0.7013128478606431,0.9567606405763555,0.670988529563577,0.7013128478606431,0.9567606405763555,0.670988529563577,0.12202105740188354,0.9602958805131724,0.1171763187588901,0.14596288449205314,0.9436970984539698,0.1377447505771225
357.278121449312,0.9261726463775563,0.954522280226806,0.8840524263040002,0.692037297564631,0.9568968129644906,0.6622082844921542,0.692037297564631,0.9568968129644906,0.6622082844921542,0.11839950733321356,0.9603827487801571,0.11370884430688799,0.14644843934091792,0.9434229981260092,0.13816282571388377
358.5405883095569,0.9240528012138961,0.9547520231399681,0.8822412814471221,0.6825974042818048,0.957032711131135,0.653268044430891,0.6825974042818048,0.957032711131135,0.653268044430891,0.11483192279040508,0.9604659121556504,0.11029214746747362,0.14693614005097066,0.9431391720527826,0.1385812294723042
359.8030551698017,0.9218667706873179,0.9549773047472464,0.8803618440070228,0.673002157069754,0.9571684830215159,0.6441764537526644,0.673002157069754,0.9571684830215159,0.6441764537526644,0.11131549737230051,0.9605453403337018,0.10692358230789167,0.1474195166191226,0.9428492111682084,0.13899437495513833
361.06552203004674,0.9196124328820915,0.9551981945905063,0.8784121356119569,0.6632614432783974,0.9573042674500087,0.6349430100854617,0.6632614432783974,0.9573042674500087,0.6349430100854617,0.10784757660878214,0.9606209995482392,0.1036006468407836,0.147889613017033,0.9425571158514929,0.13939440710972803
362.32798889029164,0.9172876099335939,0.9554147621753022,0.876390123691056,0.653386015472733,0.9574401931775942,0.625578032873752,0.653386015472733,0.9574401931775942,0.625578032873752,0.10442565202400068,0.9606928524161263,0.10032097750835105,0.14833578853542317,0.9422669370254216,0.13977190911452386
363.5904557505366,0.9148900682644776,0.95562707704229,0.8742937217506039,0.6433874460905674,0.9575763780500699,0.6160926203102901,0.6433874460905674,0.9575763780500699,0.6160926203102901,0.10104735547427961,0.9607608577928296,0.09708234392316585,0.1487467819461273,0.9419824006110126,0.14011685074077582
364.8529226107815,0.9124175190524229,0.9558352088397731,0.8721207898725403,0.6332780698544361,0.9577129282155363,0.606498594654975,0.6332780698544361,0.9577129282155363,0.606498594654975,0.09771045376086519,0.9608249706432322,0.0938826438663202,0.14911180036090252,0.9417065981015827,0.14041956625466787
366.1153894710264,0.9098676189563357,0.9560392273973093,0.8698691354608447,0.6230709142637902,0.9578499374390197,0.5968084362476442,0.6230709142637902,0.9578499374390197,0.5968084362476442,0.09441284351403857,0.9608851419309363,0.09071989854009023,0.1494214028187351,0.9414418013577619,0.14067155463107373
367.3778563312713,0.907237971129838,0.9562392028002757,0.8675365142633358,0.612779618814581,0.9579874865308076,0.5870352068254868,0.612779618814581,0.9579874865308076,0.5870352068254868,0.09115254634167111,0.9609413185303324,0.08759224806896267,0.1496680399427571,0.9411894168233629,0.14086597523081934
368.6403231915162,0.9045261265529367,0.956435205465267,0.8651206316983601,0.6024183439159786,0.958125642903172,0.5771924630611612,0.6024183439159786,0.958125642903172,0.5771924630611612,0.08792770423201741,0.9609934431668024,0.08449794723967863,0.14984623045966416,0.9409500553121118,0.14099781883933246
369.9027900517611,0.9017295857149128,0.9566273062161709,0.8626191445178808,0.5920016707844907,0.9582644602676659,0.5672941615318564,0.5920016707844907,0.9582644602676659,0.5672941615318564,0.08473657519723304,0.9610414543917003,0.08143536146772053,0.14995244702476657,0.9407236730914178,0.14106381675418464
371.1652569120061,0.8988458006834651,0.9568155763607338,0.8600296628403749,0.5815444938799457,0.958403978482154,0.5573545565989305,0.5815444938799457,0.958403978482154,0.5573545565989305,0.08157752914070045,0.9610852866002135,0.07840296297432736,0.1499848229259692,0.9405097394511398,0.14106218673172863
372.427723772251,0.8958721775973087,0.9570000877673892,0.8573497525889866,0.5710619076918675,0.958544223553316,0.5473880929093765,0.5710619076918675,0.958544223553316,0.5473880929093765,0.07844904392760609,0.9611248701019174,0.07539932715454001,0.1499427853615912,0.9403073975487906,0.1409923102845747
373.6901906324959,0.8928060796213674,0.9571809129420916,0.8545769383722301,0.5605690898763311,0.9586852077966136,0.5374092944124491,0.5605690898763311,0.9586852077966136,0.5374092944124491,0.07534970163422873,0.9611601312557658,0.07242312911283807,0.14982669188428474,0.9401156000453036,0.14085441034359716
374.9526574927408,0.8896448304056509,0.9573581251048457,0.8517087068463725,0.550081182872045,0.9588269301518344,0.5274326519074928,0.550081182872045,0.9588269301518344,0.5274326519074928,0.0722781849469745,0.9611909926834724,0.06947314033854203,0.14963751371219067,0.9399332131743378,0.1406492690749184
376.2151243529857,0.8863857180906588,0.9575317982655808,0.8487425106002766,0.5396131761832049,0.9589693766484492,0.5174725111956978,0.5396131761832049,0.9589693766484492,0.5174725111956978,0.06923327367722287,0.9612173735776932,0.06654822548820581,0.14937658347056315,0.93975909054315,0.14037800223073935
377.4775912132306,0.8830259999037259,0.9577020072989681,0.8456757726049767,0.5291797915017813,0.9591125210113162,0.5075429638955161,0.5291797915017813,0.9591125210113162,0.5075429638955161,0.06621384135245123,0.9612391901241573,0.06364733923663965,0.14904540831417545,0.9395921216323285,0.1400418914174728
378.7400580734756,0.8795629073920077,0.9578688280177259,0.842505891271446,0.5187953727537806,0.9592563253938916,0.4976577428991459,0.5187953727537806,0.9592563253938916,0.4976577428991459,0.06321885183782837,0.9612563560598278,0.06076952315191705,0.14864554088478305,0.939431260956887,0.13964226790901024
380.0025249337205,0.8759936523387841,0.9580323372438994,0.8392302461609451,0.5084737829968371,0.9594007412232065,0.4878301242997334,0.5084737829968371,0.9594007412232065,0.4878301242997334,0.06024735593551678,0.9612687833922852,0.057913902542736186,0.14817849751665157,0.9392755434114418,0.13918043877684388
381.2649917939654,0.8723154334102571,0.9581926128775414,0.8358462043927792,0.49822830987810296,0.9595457101385326,0.4780728374131052,0.49822830987810296,0.9595457101385326,0.4780728374131052,0.05729848790131665,0.9612763833086653,0.055079683218832984,0.147645713114107,0.9391240903059339,0.13865764601585664
382.5274586542103,0.8685254435800683,0.9583497339621595,0.8323511277943251,0.4880715810927283,0.9596911650040043,0.4683979842642268,0.4880715810927283,0.9596911650040043,0.4683979842642268,0.05437146181021261,0.9612790673055087,0.05226614809695826,0.14704852351464676,0.9389761094910227,0.13807505051618219
383.78992551445526,0.8646208783781282,0.9585037807462249,0.8287423808375577,0.4780154909774292,0.9598370309744918,0.4588169696195896,0.4780154909774292,0.9598370309744918,0.4588169696195896,0.05146556769408425,0.9612767485734902,0.04947265357645817,0.1463881679332735,0.9388308919969764,0.13743373427859834
385.0523923747002,0.8605989450090066,0.9586548347399739,0.8250173394050051,0.4680711390453181,0.9599832265937677,0.44934044233614456,0.4680711390453181,0.9599832265937677,0.44934044233614456,0.048580167366806884,0.9612693436728763,0.04669862560020894,0.14566580576113994,0.9386878068372754,0.13673471574110901
386.3148592349451,0.8564568723829489,0.9588029787666629,0.821173400425951,0.4582487809320996,0.9601296649044293,0.43997824847920003,0.4582487809320996,0.9601296649044293,0.43997824847920003,0.04571468984483626,0.961256774536185,0.043943555309169394,0.1448825433635597,0.938546295054248,0.1359789742919054
387.57732609519,0.8521919220993576,0.958948297007367,0.8172079924206137,0.4485577918943114,0.9602762545500745,0.4307393963495211,0.4485577918943114,0.9602762545500745,0.4307393963495211,0.042868626266175144,0.9612389708332539,0.041206994193133596,0.1440394675466561,0.9384058636757399,0.13516748094651354
388.83979295543486,0.8478014004182644,0.959090875038346,0.8131185869858883,0.43900664269028034,0.9604229008517927,0.4216320332658055,0.43900664269028034,0.9604229008517927,0.4216320332658055,0.040041524208631545,0.9612158727299834,0.03848854863763853,0.14313768307036567,0.9382660799700527,0.13430123279042777
390.1022598156798,0.8432826712497336,0.9592307998599343,0.808902711250904,0.42960288739473057,0.9605695068430147,0.4126634336830915,0.42960288739473057,0.9605695068430147,0.4126634336830915,0.03723298131126796,0.9611874340644082,0.03578787376914572,0.14217835203871507,0.938126566196323,0.13338128918553174
391.3647266759247,0.8386331701840686,0.9593681599158488,0.8045579613238847,0.4203531624566843,0.9607159742490545,0.40383999799824455,0.4203531624566843,0.9607159742490545,0.40383999799824455,0.034442638113026044,0.9611536259513707,0.033104666509665856,0.14116273326314324,0.937986994921422,0.13240880796839
392.6271935361697,0.8338504195771614,0.9595030451017537,0.8000820167436613,0.4112631961130416,0.960862204400151,0.39516726120582873,0.4112631961130416,0.960862204400151,0.39516726120582873,0.031670170042244525,0.961114440808766,0.03043865777047038,0.14009221983527387,0.9378470848920116,0.13138507998856244
393.8896603964146,0.8289320446949827,0.9596355467618728,0.7954726559393069,0.40233782711971844,0.9610080990693618,0.38664991042401814,0.40233782711971844,0.9610080990693618,0.38664991042401814,0.02891527852294198,0.9610698967729269,0.02778960374520428,0.13896837321996794,0.937706597397247,0.13031156039792685
395.1521272566595,0.8238757909091168,0.9597657576723996,0.790727772689836,0.3935810316587527,0.9611535612291834,0.3782918102110661,0.3935810316587527,0.9611535612291834,0.3782918102110661,0.026177681211123772,0.9610200424373935,0.025157276308426724,0.13779295223871588,0.9375653330242611,0.12918989515408777
396.4145941169044,0.818679541921196,0.9598937720104346,0.7858453935625115,0.3849959572213797,0.961298495723166,0.37009603453641265,0.3849959572213797,0.961298495723166,0.37009603453641265,0.02345710143935999,0.9609649618076989,0.022541452588793892,0.13656793540082746,0.9374231286888941,0.12802194128202646
397.6770609771493,0.8133413389779909,0.9600196853071667,0.7808236962929604,0.3765849622497226,0.9614428098510116,0.3620649042530104,0.3765849622497226,0.9614428098510116,0.3620649042530104,0.02075325703179127,0.9609047793154736,0.01994190386821069,0.13529553518975954,0.9372798548144625,0.12680977957970282
398.9395278373942,0.8078594010208225,0.9601435943840324,0.775661029053064,0.36834966033945454,0.9615864138675909,0.3542000289351613,0.36834966033945454,0.9615864138675909,0.3542000289351613,0.018065848754003997,0.9608396646800466,0.01735838405895764,0.1339782031478605,0.937135412529646,0.12555571867695098
400.2019946976391,0.8022321456927698,0.9602655972706087,0.7703559305333495,0.36029096785454984,0.9617292213980411,0.34650235199150287,0.36029096785454984,0.9617292213980411,0.34650235199150287,0.015394548779382003,0.9607698373484997,0.014790618126820391,0.13261862493544246,0.9369897307616037,0.12426228967223435
401.46446155788414,0.7964582111049732,0.9603857931030694,0.7649071507455015,0.35240915387949445,0.9618711497724851,0.33897219803241796,0.35240915387949445,0.9618711497724851,0.33897219803241796,0.01273898967834315,0.9606955701915958,0.012238290952700726,0.13121970496554364,0.9368427631115155,0.12293223097459775
402.72692841812903,0.7905364782393223,0.9605042820021084,0.7593136724277356,0.34470389152573,0.9620121202850391,0.33160932155717165,0.34470389152573,0.9620121202850391,0.33160932155717165,0.010098754557319074,0.9606171920911301,0.009701037246469353,0.12978454071513618,0.9366944844160852,0.12156846345034289
403.98939527837393,0.7844660938391489,0.9606211649293653,0.753574732911352,0.3371743097128375,0.9621520583825939,0.32441295612393684,0.3371743097128375,0.9621520583825939,0.32441295612393684,0.007473369073798578,0.9605350890337737,0.007178433228683368,0.12831638735449727,0.9365448869191255,0.12017405648478835
405.25186213861883,0.778246493612485,0.9607365435215391,0.7476898462810164,0.3298190446553439,0.9622908937894304,0.31738186327016693,0.3298190446553439,0.9622908937894304,0.31738186327016693,0.004862296111745579,0.9604497033378447,0.004669990858066798,0.1268186138765813,0.9363939760006375,0.11875218607878159
406.51432899886373,0.7718774255445283,0.9608505199015703,0.7416588256347457,0.32263629039847924,0.9624285605740537,0.31051438055716074,0.32263629039847924,0.9624285605740537,0.31051438055716074,0.0022649338961640746,0.9603615306920937,0.0021751553834365384,0.1252946524006937,0.9362417654347926,0.11730608656316416
407.77679585910874,0.7653589730875325,0.9609631964665107,0.7354818052225214,0.31562384785689945,0.9625649971647573,0.30380846821750623,0.31562384785689945,0.9625649971647573,0.30380846821750623,0.000319381763225075,0.960271114785616,0.0003066930818143384,0.1237479427252009,0.936088272170432,0.11583899789027889
409.03926271935364,0.7586915779681372,0.9610746756519689,0.729159262215608,0.3087791719161913,0.962700146320379,0.29726175398440285,0.3087791719161913,0.962700146320379,0.29726175398440285,0.0028913705937850596,0.9601790394554965,0.0027762334394504074,0.12218187447769077,0.935933510645457,0.1143541107171477
410.30172957959854,0.7518760623249054,0.961185059673341,0.7226920378327208,0.302099416255706,0.9628339550625217,0.2908715757755605,0.302099416255706,0.9628339550625217,0.2908715757755605,0.005451796122109859,0.9600859184657347,0.005234192687183775,0.12059972933892762,0.9357774866571268,0.11285451161231144
411.5641964398434,0.7449136498633234,0.9612944502443895,0.7160813575249052,0.2955814756412773,0.9629663745752111,0.28463502198987184,0.2955814756412773,0.9629663745752111,0.28463502198987184,0.008001449210603574,0.9599923832403754,0.007681330297064145,0.11900462580016512,0.9356201908115216,0.11134313069860421
412.8266633000884,0.7378059856928407,0.9614029482741299,0.7093288498993976,0.28922202551678006,0.9630973600775888,0.2785489692515039,0.28922202551678006,0.9630973600775888,0.2785489692515039,0.010541127406703975,0.959899069080596,0.010118418384755103,0.11739946877430012,0.9354615915656327,0.10982269390856658
414.08913016033335,0.7305551544914923,0.9615106535434073,0.7024365640446196,0.28301755879381224,0.9632268706747945,0.2726101175029834,0.28301755879381224,0.9632268706747945,0.2726101175029834,0.013071611042034463,0.9598066005704169,0.012546218558233823,0.11578690616279651,0.9353016278539187,0.1082956818182325
415.35159702057825,0.7231636966296232,0.9616176643630053,0.6954069849050952,0.2769644197990873,0.9633548691917334,0.2668150224063141,0.2769644197990873,0.9633548691917334,0.2668150224063141,0.015593637357386444,0.9597155769902335,0.01496545667382059,0.11416929424248844,0.9351402012579609,0.10676429679539999
416.61406388082315,0.7156346218761078,0.9617240772155967,0.6882430463473322,0.2710588353896984,0.9634813219939349,0.261160125059403,0.2710588353896984,0.9634813219939349,0.261160125059403,0.018107874154081497,0.9596265585902249,0.01737679695786611,0.11254867355334063,0.934977167634399,0.105230440019911
417.876530741068,0.7079714203094272,0.9618299863843319,0.6809481415567125,0.2652969432878803,0.9636061987992335,0.25564177907469016,0.2652969432878803,0.9636061987992335,0.25564177907469016,0.02061489454576945,0.9595400545180237,0.019780817036330927,0.11092675692528842,0.9348123280652679,0.10369569988605895
419.13899760131295,0.7001780700631133,0.9619354835713416,0.6735261304122095,0.25967481771996526,0.963729472483528,0.2502562750985184,0.25967481771996526,0.963729472483528,0.2502562750985184,0.02311515429338588,0.9594565130529527,0.022177985337013005,0.10930493147564711,0.9346454189404513,0.10216135347131351
420.40146446155785,0.6922590415511862,0.9620406575098912,0.6659813435010703,0.25418849246975156,0.963851118883432,0.24499986287426287,0.25418849246975156,0.963851118883432,0.24499986287426287,0.025608972963725014,0.9593763145930225,0.02456864210245086,0.1076842769486834,0.9344761009311187,0.1006283832545924
421.66393132180275,0.684219297845095,0.9621455935743649,0.6583185824602041,0.24883398147538652,0.9639711165982066,0.2398687709704058,0.24883398147538652,0.9639711165982066,0.2398687709704058,0.028096519797075677,0.9592997676008481,0.026952984911727325,0.10606560378717013,0.9343039465770246,0.09909751221442806
422.92639818204776,0.6760642909098384,0.9622503733926381,0.6505431163654212,0.2436072971119364,0.9640894467929834,0.2348592243073807,0.2436072971119364,0.9640894467929834,0.2348592243073807,0.030577804755400364,0.9592271074741919,0.02933105920843328,0.10444951598377442,0.934128426208726,0.09756926198418638
424.18886504229266,0.6677999534534345,0.9623550744657293,0.6426606739338905,0.23850446631002176,0.9642060930049247,0.22996745962501075,0.23850446631002176,0.9642060930049247,0.22996745962501075,0.03305267480728602,0.9591584980961586,0.0317027539262172,0.10283650625749884,0.9339488919915311,0.0960440410754712
425.45133190253756,0.6594326862006982,0.9624597697998633,0.6346774313592294,0.23352154466495062,0.9643210409536613,0.2251897390364121,0.23352154466495062,0.9643210409536613,0.2251897390364121,0.035520815139798705,0.9590940356607407,0.034067801942388676,0.10122709467009884,0.9337645600691619,0.09452227352170424
426.71379876278246,0.6509693404686844,0.9625645275562347,0.6265999956618329,0.22865462869149658,0.9644342783570563,0.22052236181508417,0.22865462869149658,0.9644342783570563,0.22052236181508417,0.037981754705615156,0.9590337542720275,0.03642578480916535,0.09962202666657587,0.9335744912001979,0.0930045828575811
427.97626562302736,0.6424171959961353,0.9626694107238047,0.6184353835084386,0.22389986637746734,0.9645457947530997,0.21596167456016704,0.22389986637746734,0.9645457947530997,0.21596167456016704,0.040434875333091105,0.9589776327796904,0.0387761410286696,0.09802255279063081,0.9333775710823644,0.09149205223501182
429.23873248327226,0.6337839340614644,0.9627744768203879,0.6101909955331936,0.21925346618508734,0.9646555813285237,0.21150407988106923,0.21925346618508734,0.9646555813285237,0.21150407988106923,0.04287942354651054,0.958925602330648,0.04111817705192859,0.09643081965589932,0.9331724930060198,0.08998658838090946
430.50119934351727,0.6250776060112686,0.9628797776270901,0.6018745862758041,0.21471170464353603,0.964763630754538,0.20714604373739381,0.21471170464353603,0.964763630754538,0.20714604373739381,0.04531452424979913,0.9588775541734158,0.043451080181179325,0.09485040872007341,0.9329577479451315,0.08849142371115495
431.76366620376217,0.6163065974117976,0.9629853589608268,0.5934942299385257,0.21027093266906008,0.9648699370299294,0.20288410156362052,0.21027093266906008,0.9648699370299294,0.20288410156362052,0.04773919549802456,0.958833347332308,0.045773932618322334,0.09328706220517306,0.9327316311567833,0.08701179369645538
433.026133064007,0.6074795881267491,0.9630912604891865,0.5850582822504427,0.20592758074144932,0.9649744953316359,0.19871486330084476,0.20592758074144932,0.9649744953316359,0.19871486330084476,0.05015236369337534,0.9587928158593318,0.04808572600757267,0.09174962575054099,0.9324922802264526,0.08555581772604562
434.28859992425197,0.5986055087132908,0.9631975155913262,0.5765753388119236,0.20167816305747396,0.9650773018727936,0.19463501745016829,0.20167816305747396,0.9650773018727936,0.19463501745016829,0.05255287867415269,0.9587557754610451,0.050385375945947476,0.0902511991709297,0.9322377670780767,0.08413557639122628
435.551066784497,0.5896934936115023,0.963304151267885,0.5680541903716222,0.19751928077349712,0.9651783537681632,0.19064133425443555,0.19751928077349712,0.9651783537681632,0.19064133425443555,0.05493952829907693,0.9587220293781354,0.052671736063968536,0.08881039487165467,0.9319662737514786,0.08276829277893342
436.8135336447419,0.5807528316775502,0.9634111881021036,0.5595037755601296,0.19344762444101257,0.9652776489067733,0.18673066810702107,0.19344762444101257,0.9652776489067733,0.18673066810702107,0.05731105225255887,0.9586913734626513,0.05494361139859544,0.08745242979673777,0.9316763827430699,0.0814773634551169
438.0760005049868,0.5717929146751265,0.9635186402734683,0.5509331316657812,0.18945997573055265,0.965375185831554,0.18289995927852398,0.18945997573055265,0.965375185831554,0.18289995927852398,0.05966615490221946,0.9586636004500868,0.0571997708835743,0.08620951800329378,0.9313674952886359,0.0802927428527683
439.3384673652317,0.5628231843906265,0.9636265156242694,0.5423513440868951,0.18555320853129756,0.9654709636256946,0.17914623504455132,0.18555320853129756,0.9654709636256946,0.17914623504455132,0.062003517124719416,0.9586385034613223,0.05943895886577949,0.08511977321279371,0.931040338970117,0.07924994250509894
440.6009342254765,0.5538530790730948,0.9637348157785081,0.5337674951288685,0.18172428950595684,0.9655649818054216,0.17546661029042238,0.18172428950595684,0.9655649818054216,0.17546661029042238,0.06432180707983179,0.9586158787944036,0.06165990561947704,0.08422382530675027,0.9306974340180039,0.0783868980961731
441.8634010857215,0.5448919799188088,0.9638435363116392,0.5251906128327953,0.17797027817310815,0.9656572402188721,0.17185828766162858,0.17797027817310815,0.9656572402188721,0.17185828766162858,0.06661968995756129,0.9585955280805278,0.0638613368754295,0.08355897071534417,0.9303432916374378,0.07773852786114957
443.1258679459664,0.5359491583215534,0.9639526669687131,0.5166296205236984,0.1742883265822131,0.9657477389507239,0.16831855732227766,0.1742883265822131,0.9657477389507239,0.16831855732227766,0.06889583675191752,0.9585772598848347,0.06604198241112598,0.08315202881914645,0.9299841123280443,0.07733006570964987
444.3883348062114,0.5270337245930765,0.9640621919276195,0.5080932877509787,0.17067567864003405,0.9658364782322274,0.1648447963775859,0.17067567864003405,0.9658364782322274,0.1648447963775859,0.07114893213100192,0.9585608908328564,0.06820058376529964,0.08301347336383158,0.9296269283309054,0.07717156025329819
445.6508016664563,0.5181545788244493,0.9641720901033658,0.49959018326179844,0.1671296691411152,0.9659234583562926,0.16143446801072894,0.1671296691411152,0.9659234583562926,0.16143446801072894,0.07337768147958133,0.9585462463397136,0.07033590114736381,0.08313550032596927,0.9292784373686495,0.07725602783277757
446.9132685267012,0.5093203645092453,0.9642823354886495,0.4911286306009054,0.1636477225494122,0.9660086795972748,0.15808512037905886,0.1636477225494122,0.9660086795972748,0.15808512037905886,0.075580817190118,0.9585331610128939,0.07244671961318147,0.08349488899959547,0.9289439720474587,0.07756207383294587
448.1757353869461,0.5005394254854834,0.9643928975254538,0.48271666686967124,0.16022735157301785,0.9660921421351167,0.15479438530981326,0.16022735157301785,0.9660921421351167,0.15479438530981326,0.07775710427368558,0.9585214787918724,0.07453185457498693,0.08405907995338448,0.9286269567029797,0.07805952760036387
449.438202247191,0.49181976667744254,0.9645037415019857,0.47436200510502696,0.1568661555692259,0.966173845983511,0.15155997683096673,0.1568661555692259,0.966173845983511,0.15155997683096673,0.07990534535518407,0.95851105287981,0.07659015670712231,0.08479275639662014,0.9283289117632657,0.07871556727108206
450.7006691074359,0.4831690190334743,0.9646148289690352,0.46607200065811133,0.15356181881289707,0.9662537909217537,0.14837968956880127,0.15356181881289707,0.9662537909217537,0.14837968956880127,0.08202438510913712,0.9585017455146312,0.07862051630187225,0.08566286502716389,0.9280498242432494,0.07949940683263264
451.9631359676808,0.47459440896474125,0.9647261181697213,0.457853621865608,0.15031210865720254,0.966331976429982,0.14525139704007275,0.15031210865720254,0.966331976429982,0.14525139704007275,0.08411311418412622,0.9584934276193415,0.08062186712208019,0.08664140201889516,0.9277886433973885,0.0803849088411585
453.22560282792574,0.46610273249556294,0.9648375644766398,0.4497134252169257,0.14711487361228986,0.9664084016274973,0.14217304986328433,0.14711487361228986,0.9664084016274973,0.14217304986328433,0.08617047265621,0.9584859783646648,0.08259318979003304,0.08770631697378098,0.9275437321796683,0.08135144458159381
454.4880696881707,0.45770033424160717,0.9649491208305999,0.4416575351303106,0.1439680413642635,0.9664830652138919,0.13914267391057378,0.1439680413642635,0.9664830652138919,0.13914267391057378,0.08819545304490435,0.9584792846710851,0.0845335147457222,0.08884124326004973,0.9273132035535704,0.08238365789515877
455.7505365484156,0.44939309124050564,0.9650607381754434,0.4336916283635067,0.14086961675398985,0.966555965412721,0.1361583684189727,0.14086961675398985,0.966555965412721,0.1361583684189727,0.0901871029196364,0.9584732406721517,0.08644192480221677,0.09003468097496563,0.9270951377105711,0.08347071495721309
457.0130034086605,0.4411864015730688,0.9651723658838388,0.4258209230020562,0.13781767973270062,0.966627099917474,0.13321830407737564,0.13781767973270062,0.966627099917474,0.13321830407737564,0.09214452712011115,0.9584677471564492,0.08831755732160927,0.09127903726960912,0.9268877052092597,0.08460541738853848
458.2754702689054,0.43308517763424836,0.9652839521694393,0.4180501718927909,0.1348103833090581,0.966696465839624,0.1303207211033515,0.1348103833090581,0.966696465839624,0.1303207211033515,0.09406688961068252,0.9584627110018572,0.0901596060317672,0.09256973157762702,0.9266892259808424,0.08578337290492552
459.5379371291504,0.42509384384315047,0.9653954444813494,0.4103836603232436,0.1318459515003071,0.9667640596585529,0.12746392732198156,0.1318459515003071,0.9667640596585529,0.12746392732198156,0.09595341498651547,0.9584580446125711,0.09196732250187419,0.0939044452823346,0.9264981889405133,0.08700229848754654
460.8004039893953,0.4172163385218437,0.9655067898774438,0.40282520769064617,0.12892267729831566,0.9668298771731738,0.12464629625716726,0.12892267729831566,0.9668298771731738,0.12464629625716726,0.0978033896479163,0.9584536653667457,0.0937400172933374,0.09528252719757802,0.9263132495724626,0.08826146739586505
462.06287084964015,0.40945611962428374,0.9656179353737051,0.3953781728577297,0.1260389206596763,0.9668939134550948,0.12186626524429063,0.1260389206596763,0.9668939134550948,0.12186626524429063,0.0996161626585489,0.958449495080468,0.09547706080193996,0.09670453634783273,0.926133216547328,0.08956128330253632
463.32533770988505,0.40181617395957503,0.9657288282673803,0.38804546285686226,0.123193106527606,0.9669561628031945,0.11912233357173907,0.123193106527606,0.9669561628031945,0.11912233357173907,0.10139114630318917,0.9584454594920128,0.09717788380698203,0.09817189418003515,0.925957033928854,0.09090295595012267
464.58780457013006,0.39429902952794793,0.9658394164323554,0.3808295445791173,0.12038372289210142,0.9670166186995071,0.11641306065757835,0.12038372289210142,0.9670166186995071,0.11641306065757835,0.10312781636104308,0.9584414877689088,0.09884197774343695,0.09968661844141272,0.9257837626157204,0.09228825270312872
465.850271430375,0.3869067705727057,0.9659496485857512,0.37373245907015296,0.11760931889366551,0.9670752737663416,0.11373706426656455,0.11760931889366551,0.9670752737663416,0.11373706426656455,0.10482571211134012,0.9584375120391877,0.10046889471372897,0.10125111457205294,0.9256125629031892,0.09371930365584236
467.1127382906199,0.37964105494597716,0.9660594745252719,0.36675583804933054,0.1148685029749214,0.9671321197245965,0.11109301877172685,0.1148685029749214,0.9671321197245965,0.11109301877172685,0.10648443608879726,0.9584334669472596,0.10205824725650985,0.10286800478022953,0.925442679040584,0.09519844193137522
468.3752051508648,0.3725031333901949,0.9661688453373327,0.35990092227214304,0.11215994108353287,0.9671871473532596,0.10847965346389182,0.11215994108353287,0.9671871473532596,0.10847965346389182,0.108103653607503,0.9584292892341236,0.103609707890651,0.10453997886502975,0.925273426116456,0.09672806441058798
469.63767201110966,0.36549387034797925,0.9662777135764422,0.35316858136605,0.10948235492905359,0.9672403464501291,0.1058957509117538,0.10948235492905359,0.9672403464501291,0.1058957509117538,0.1096830920727619,0.9584249173410201,0.10512300845354432,0.10626965402039014,0.9251041793338777,0.09831050107062814
470.9001388713546,0.3586137659312926,0.9663860334166748,0.3465593347869578,0.10683452029561967,0.967291705793824,0.10334014537441485,0.10683452029561967,0.967291705793824,0.10334014537441485,0.1112225401013586,0.9584202910351687,0.10659793925361483,0.10805943336776452,0.9249343656253414,0.09994788345184713
472.1626057315995,0.351862978703447,0.9664937607763984,0.3400733735650803,0.1042152654117543,0.967341213107212,0.10081172126769647,0.1042152654117543,0.967341213107212,0.10081172126769647,0.11272184647151917,0.9584153510558591,0.1080343480576657,0.10991135505393443,0.9247634575282776,0.10164200472129453
473.4250725918444,0.34524134895438835,0.9666008534176618,0.3337105825343766,0.1016234693779946,0.9673888550224243,0.0983094116849846,0.1016234693779946,0.9673888550224243,0.0983094116849846,0.1141809189245659,0.9584100387788698,0.10943213893430019,0.11182692571952162,0.9245909692543521,0.10339416563974693
474.68753945208937,0.3387484221791005,0.9667072710218527,0.3274705627677167,0.09905806065249816,0.9674346170476935,0.09583219697283675,0.09905806065249816,0.9674346170476935,0.09583219697283675,0.11559972284079989,0.9584042958969544,0.1107912709751199,0.11380693433009921,0.9244164549102514,0.1052050027776341
475.9500063123343,0.33238347250006506,0.9668129752433691,0.32135265396951046,0.09651801559432353,0.9674784835363164,0.09337910336113067,0.09651801559432353,0.9674784835363164,0.09337910336113067,0.1169782798125722,0.9583980641139522,0.11211175691574941,0.1158512451139209,0.9242395088442871,0.10707429788308936
477.2124731725792,0.32614552580639117,0.9669179297431372,0.31535595660770266,0.09400235706360625,0.9675204376581156,0.09094920164707478,0.09400235706360625,0.9675204376581156,0.09094920164707478,0.1183166661377776,0.9583912848499281,0.11339366167894464,0.11795857199195917,0.9240597680848099,0.10900077067850514
478.4749400328241,0.3200333824137458,0.9670221002038578,0.30947935359708484,0.09151015307742341,0.9675604613738669,0.08854160593198498,0.09151015307742341,0.9675604613738669,0.08854160593198498,0.11961501125715959,0.9583838989546279,0.11463710086213832,0.12012624164830744,0.9238769167873477,0.11098186175929016
479.737406893069,0.314045639079836,0.9671254543288615,0.30372153137508406,0.08904051551970127,0.967598535413244,0.08615547240930317,0.08904051551970127,0.967598535413244,0.08615547240930317,0.1208734961588747,0.9583758464264348,0.11584223919178396,0.12234995829799897,0.923690692503703,0.11301351770807784
480.9998737533139,0.3081807102394092,0.967227961826431,0.2980810002390857,0.08659259890310951,0.9676346392569559,0.08378999820193264,0.08659259890310951,0.9676346392569559,0.08378999820193264,0.12209235177375202,0.9583670661339199,0.11700928896680121,0.12462358993137515,0.9235008939189827,0.11508999670501768
482.26234061355893,0.3024368483500891,0.9673295943813893,0.29255611384047747,0.08416559918043943,0.9676687511238607,0.08144442024652726,0.08416559918043943,0.9676687511238607,0.08144442024652726,0.12327185738462607,0.9583574955370073,0.11813850851332539,0.12693900249172071,0.9233073894736047,0.11720371901301406
483.52480747380383,0.29681216326562737,0.9674303256156793,0.28714508775476005,0.08175875260250981,0.9677008479639878,0.07911801422192664,0.08175875260250981,0.9677008479639878,0.07911801422192664,0.12441233907306243,0.958347070404696,0.11923020067286508,0.12928597359419594,0.9231101260167285,0.11934519137673365
484.7872743340487,0.2913046405760389,0.9675301310395623,0.2818460170689675,0.07937133461918489,0.9677309054585512,0.07681009351847744,0.07937133461918489,0.9677309054585512,0.07681009351847744,0.12551416822675646,0.9583357245262137,0.12028471134589372,0.13165221899475055,0.9229091363699623,0.12150303573363437
486.04974119429363,0.28591215887461,0.9676289879949609,0.2766568929472934,0.07700265881955107,0.9677588980282125,0.07452000824445115,0.07700265881955107,0.9677588980282125,0.07452000824445115,0.1265777601309021,0.9583233894124108,0.12130242811287723,0.13402356088947906,0.9227045444853811,0.12366414870083552
487.31220805453853,0.2806325059298449,0.9677268755923549,0.2715756181531418,0.07465207590676678,0.9677847988510422,0.07224714426524302,0.07465207590676678,0.9677847988510422,0.07224714426524302,0.12760357266693317,0.9583099939841407,0.12228377895480359,0.13638425568247678,0.9224965668444403,0.12581400763871917
488.57467491478354,0.27546339375608553,0.9678237746425224,0.26660002152085416,0.0723189727024679,0.9678085798918501,0.06999092227041293,0.0723189727024679,0.9678085798918501,0.06999092227041293,0.1285921051422502,0.9582954642443153,0.12322923109544646,0.13871748007759827,0.9222855089392408,0.1279371217121367
489.83714177502844,0.270402472589968,0.9679196675842969,0.2617278713832538,0.07000277117496732,0.9678302119447841,0.06775079686299085,0.07000277117496732,0.9678302119447841,0.06775079686299085,0.12954389727489374,0.9582797229302911,0.12413928998789527,0.1410059505545828,0.9220717561357494,0.1300176044534548
491.09960863527334,0.2654473437911029,0.9680145384093931,0.25695688797194394,0.06770292748472663,0.9678496646913646,0.06552625566471644,0.06770292748472663,0.9678496646913646,0.06552625566471644,0.1304595283576031,0.9582626891432179,0.12501449846831264,0.14323262723858518,0.921855758896204,0.13203982228172303
492.3620754955182,0.26059557169463476,0.9681083725852397,0.25228475481621304,0.06541893103978305,0.9678669067763987,0.06331681843009336,0.06541893103978305,0.9678669067763987,0.06331681843009336,0.13133961662633348,0.9582442779510092,0.1258554361004633,0.14538143500036904,0.9216380131080587,0.1339890568965385
493.62454235576314,0.2558446944507354,0.968201156976644,0.24770912917353796,0.06315030355292177,0.9678819059045243,0.06112203616125117,0.06315030355292177,0.9678819059045243,0.06112203616125117,0.13218481885903885,0.9582243999616761,0.12666271873524534,0.1474379278137023,0.9214190369472316,0.13585211345559703
494.88700921600804,0.2511922338918907,0.9682928797670095,0.24322765153028705,0.06089659809141415,0.967894628960457,0.05894149021464337,0.06089659809141415,0.967894628960457,0.05894149021464337,0.13299583023137868,0.9582029608639351,0.12743699831026428,0.14938982956070876,0.9211993461162764,0.1376178133077469
496.14947607625305,0.24663570447313915,0.9683835303797301,0.23883795421539028,0.05865739810910308,0.967905042156348,0.0567747913895731,0.05865739810910308,0.967905042156348,0.0567747913895731,0.13377338445683093,0.9581798609323,0.12817896291528935,0.15122740410960253,0.9209794293364042,0.13927732833688752
497.41194293649795,0.24217262133347417,0.9684730994002885,0.23453766917272215,0.05643231644949584,0.9679131112100052,0.054621578987419074,0.05643231644949584,0.9679131112100052,0.054621578987419074,0.13451825423946726,0.9581549944943482,0.12888933715020606,0.1529436344286156,0.9207597256392073,0.14082433887475532
498.67440979674285,0.2378005075285431,0.9685615784995104,0.2303244349398304,0.054220994307354345,0.9679188015580779,0.05248151982926178,0.054220994307354345,0.9679188015580779,0.05248151982926178,0.13523125206811154,0.9581282493585841,0.1295688828025891,0.15453421791134556,0.9205406044050787,0.14225502235737617
499.93687665698775,0.23351690048576773,0.9686489603583405,0.22619590288164096,0.052023100135070714,0.9679220786086221,0.05035430721840214,0.052023100135070714,0.9679220786086221,0.05035430721840214,0.13591323138058395,0.9580995062024009,0.13021839987211015,0.1559974069536003,0.9203223483898579,0.14356789991026578
501.19934351723265,0.22931935773319087,0.9687352385944437,0.22214974272798724,0.049838328478900185,0.9679229080377745,0.0482396598330389,0.049838328478900185,0.9679229080377745,0.0482396598330389,0.13656508812582882,0.9580686379211921,0.1308387279683004,0.15733373672232195,0.9201051393199632,0.14476357974662246
502.46181037747755,0.2252054619528836,0.9688204076908704,0.2181836474634035,0.047666398728963846,0.9679212561354884,0.046137320533193735,0.047666398728963846,0.9679212561354884,0.046137320533193735,0.13718776274946848,0.9580355089418532,0.13143074810628125,0.1585456856267279,0.9198890451160865,0.145844439358446
503.7242772377225,0.2211728254087429,0.9689044629269719,0.21429533761669894,0.04550705376587294,0.9679170902054521,0.0440470550648868,0.04550705376587294,0.9679170902054521,0.0440470550648868,0.13778224262399277,0.9579999745069424,0.13199538492129442,0.15963731019302138,0.9196740074560523,0.1468142848047209
504.9867440979674,0.21721909379707013,0.9689874003116966,0.21048256499648557,0.04336005848596187,0.9679103790243381,0.04196865064366482,0.04336005848596187,0.9679103790243381,0.04196865064366482,0.13834956493750117,0.9579618799399165,0.13253360931639818,0.16061388786166134,0.9194598281862504,0.14767801773760883
506.24921095821236,0.21334194956654925,0.9690692165193681,0.20674311591717043,0.04122519818654389,0.9679010933654048,0.03990191439896133,0.04122519818654389,0.9679010933654048,0.03990191439896133,0.13889082004331615,0.9579210599074642,0.1330464415473103,0.16148159157883596,0.9192461529954761,0.1484413318384316
507.51167781845726,0.20953911475223347,0.9691499088279937,0.20307481395802557,0.03910227679245437,0.9678892065911211,0.03784667166055507,0.03910227679245437,0.9678892065911211,0.03784667166055507,0.1394071552552657,0.9578773377024439,0.13353495473258517,0.1622472110752862,0.9190324507490472,0.14911045202171821
508.77414467870216,0.2058083533659642,0.9692294750601355,0.19947552229588433,0.03699111490559578,0.9678746953188591,0.035802764068758416,0.03699111490559578,0.9678746953188591,0.035802764068758416,0.13989977904771542,0.9578305245808251,0.13400027875401477,0.16291792858397353,0.9188179869769488,0.14969192318398086
510.03661153894706,0.20214747338333455,0.9693079135263347,0.1959431456498203,0.03489154766041511,0.9678575401627157,0.03377004749107953,0.03489154766041511,0.9678575401627157,0.03377004749107953,0.14036996558270962,0.9577804191989356,0.13444360447874779,0.16350115176431623,0.9186017903654758,0.15019245073751827
511.29907839919207,0.19855432836495154,0.9693852229710708,0.19247563187392974,0.032803422370456824,0.9678377265531288,0.031748389730184984,0.032803422370456824,0.9678377265531288,0.031748389730184984,0.14081905943521908,0.9577268072139247,0.13486618818776025,0.16400440345674483,0.9183826120804859,0.15061879243930718
512.5615452594369,0.1950268187473573,0.969461402521206,0.18907097323206207,0.03072659595460344,0.9678152456340389,0.029737668011302395,0.03072659595460344,0.9678152456340389,0.029737668011302395,0.14124848031715376,0.957669461131423,0.13526935603096105,0.16443526574261888,0.9181588801093297,0.15097769944472297
513.8240121196818,0.1915628928366131,0.9695364516368602,0.18572720738610196,0.028660932136545112,0.9677900952348664,0.027737766241947036,0.028660932136545112,0.9677900952348664,0.027737766241947036,0.14165972750632497,0.957608140510586,0.13565450824256817,0.16480137314089158,0.9179286559935496,0.15127590295311005
515.0864789799267,0.18816054753520797,0.9696103700646401,0.18244241812717832,0.026606298417755893,0.9677622809114339,0.02574857204337772,0.026606298417755893,0.9677622809114339,0.02574857204337772,0.1420543835623331,0.9575425926685508,0.1360231227362092,0.1651104440568212,0.9176896118324523,0.1515201393159881
516.3489458401716,0.18481782883069334,0.9696831577931428,0.17921473587701928,0.024562562832918793,0.9677318170461374,0.023769973561610425,0.024562562832918793,0.9677318170461374,0.023769973561610425,0.14243411675191073,0.9574725540638704,0.13637675755228348,0.165370326467111,0.9174390648394074,0.1517171976661738
517.6114127004166,0.18153283207227483,0.9697548150106426,0.17604233798460694,0.022529590507646156,0.9676987279931245,0.021801856076455156,0.022529590507646156,0.9676987279931245,0.021801856076455156,0.14280068140739777,0.9573977525807944,0.13671705144644866,0.16558900710273702,0.917174137835419,0.1518739548244759
518.8738795606615,0.17830370205948295,0.969825342064868,0.17292344884127037,0.020507240051459527,0.9676630492490256,0.01984409843987707,0.020507240051459527,0.9676630492490256,0.01984409843987707,0.1431559152029474,0.9573179109809993,0.13704572168665868,0.16577448876260142,0.9168921512992003,0.15199732763206672
520.1363464209064,0.17512863296507686,0.9698947394247638,0.16985633983547832,0.018495359834347688,0.9676248286239788,0.0178965693900495,0.018495359834347688,0.9676248286239788,0.0178965693900495,0.14350173205968536,0.9572327518316792,0.13736455787210491,0.1659343902762242,0.9165913629465374,0.15209402894298701
521.3988132811513,0.1720058681124409,0.9699630076441432,0.166839329166785,0.016493784212548757,0.9675841273814996,0.015959123804517743,0.016493784212548757,0.9675841273814996,0.015959123804517743,0.14384010910088332,0.9571420042504523,0.1376754103164232,0.16607512905974642,0.9162720695292599,0.15217000220091279
522.6612801413962,0.168933699625974,0.9700301473271216,0.16387078153669926,0.014502329787958994,0.9675410213094376,0.014031598974408126,0.014502329787958994,0.9675410213094376,0.014031598974408126,0.14417306580695857,0.957045412815188,0.13798017128205192,0.16620073321580675,0.9159377672221477,0.15222952849236987
523.9237470016411,0.1659104679713148,0.97009615909523,0.16094910773266466,0.012520791805004542,0.9674956016782303,0.012113811000870726,0.012520791805004542,0.9674956016782303,0.012113811000870726,0.14450263332942537,0.9569427489516674,0.13828074716901514,0.16631176496567743,0.9155956135607709,0.15227432248612416
525.186213861886,0.1629345614006834,0.9701610435561063,0.1580727641198435,0.01054894080770873,0.9674479760374277,0.010205551433756439,0.01054894080770873,0.9674479760374277,0.010205551433756439,0.14483081190759844,0.9568338250090681,0.1385790197367163,0.16640520278198076,0.9152553831610485,0.15230325763221378
526.448680722131,0.16000441531720302,0.9702248012736635,0.15524025205404202,0.008586519696578658,0.9673982687976229,0.008306584289466885,0.008586519696578658,0.9673982687976229,0.008306584289466885,0.14515951462280693,0.9567185110336025,0.1388767946922923,0.16647575623604502,0.9149270236584555,0.15231316816433524
527.711147582376,0.15711851157071366,0.9702874327396337,0.15245011722782018,0.0066332413379594545,0.9673466215431662,0.00641664359815555,0.0066332413379594545,0.9673466215431662,0.00641664359815555,0.14549049648115855,0.9565967539265708,0.13917573666104144,0.16651798896267495,0.914618151239997,0.152300375213244
528.9736144426208,0.15427537769636399,0.9703489383463954,0.14970094896065594,0.0046887868856465365,0.967293193022075,0.004535431638017069,0.0046887868856465365,0.967293193022075,0.004535431638017069,0.14582526919846733,0.9564685982086549,0.13947729081365778,0.16652801116977067,0.9143328617435551,0.15226203301331914
530.2360813028657,0.15147358610612968,0.9704093183609865,0.1469913794429435,0.002752804973683089,0.9672381587640128,0.002662618014181648,0.002752804973683089,0.9672381587640128,0.002662618014181648,0.14616500417410327,0.9563342070196879,0.13978259336087043,0.16650407261218947,0.9140720411973502,0.15219671752029584
531.4985481631107,0.1487117532423617,0.9704685729002192,0.1443200829426043,0.0008249119284713085,0.967181710285605,0.0007978397298138768,0.0008249119284713085,0.967181710285605,0.0007978397298138768,0.14651042895087957,0.9561938813222589,0.1400923757127306,0.16644627884536073,0.913834425612085,0.15210433962391917
532.7610150233556,0.14598853870151082,0.9705267019068051,0.14168577498217128,0.0010953068738515266,0.967124053854914,0.0010592976240544412,0.0010953068738515266,0.967124053854914,0.0010592976240544412,0.1468617256852264,0.9560480746727062,0.14040687008447184,0.16635597469450294,0.9136176636440894,0.15198575693362704
534.0234818836005,0.14330264433529186,0.9705837051264155,0.1390872114933605,0.0030082944131145243,0.9670654088034933,0.0029092174664198623,0.0030082944131145243,0.9670654088034933,0.0029092174664198623,0.14721844319558455,0.9558974005632928,0.14072572716563406,0.16623516972494723,0.9134190590319085,0.15184237230817088
535.2859487438456,0.1406528133357652,0.9706395820855924,0.13652318795538998,0.004914518148199972,0.9670060053945103,0.004752368562929681,0.004914518148199972,0.9670060053945103,0.004752368562929681,0.14757943610870528,0.9557426294476516,0.14104795831893568,0.16608613543574782,0.9132359838454757,0.15167583529775808
536.5484156040903,0.13803782931006095,0.9706943320704452,0.13399253852258375,0.006814464867875042,0.9669460822779257,0.006589220106812334,0.006814464867875042,0.9669460822779257,0.006589220106812334,0.14794284444738665,0.9555846733237927,0.14137191468184865,0.165911166977068,0.9130660629611661,0.15148785603304413
537.8108824643354,0.13545651534982403,0.9707479541060595,0.13149413514617772,0.00870863434269029,0.9668858835871653,0.008420255611269634,0.00870863434269029,0.9668858835871653,0.008420255611269634,0.14830612389973874,0.9554245572143901,0.14169531275909036,0.16571246122100816,0.9129072283494446,0.15128010367623537
539.0733493245802,0.13290773309985934,0.9708004469365598,0.12902688669466844,0.010597531917186327,0.9668256557542495,0.010245965745210259,0.010597531917186327,0.9668256557542495,0.010245965745210259,0.14866613087212205,0.9552633788775172,0.14201531050155047,0.16549206561275157,0.9127577097072871,0.1510541587834232
540.3358161848251,0.1303903818298795,0.9708518090057622,0.12658973807649057,0.012481660244758202,0.9667656441399921,0.012066840306460195,0.012481660244758202,0.9667656441399921,0.012066840306460195,0.14901925816614672,0.9551022601866906,0.1423286302858307,0.16525186588498383,0.9126159991621333,0.15081149669803137
541.59828304507,0.1279033975128037,0.9709020384383732,0.12418166936837466,0.014361510422940177,0.9667060895906672,0.013883359581576106,0.014361510422940177,0.9667060895906672,0.013883359581576106,0.14936160860287598,0.9549422952790914,0.14263171734580765,0.16499359309540693,0.9124808090724917,0.1505534873194744
542.8607499053151,0.1254457519125701,0.9709511330216816,0.12180169495226671,0.01623755282874969,0.9666472250408698,0.01569598538336541,0.01623755282874969,0.9666472250408698,0.01569598538336541,0.14968918741840928,0.9547845012832927,0.14292091615678723,0.1647188389304292,0.912351031468057,0.15028140260039782
544.1232167655598,0.12301645168404608,0.9709990901877037,0.11944886266332835,0.018110227978057808,0.9665892722831061,0.017505152082192044,0.018110227978057808,0.9665892722831061,0.017505152082192044,0.14999809159409302,0.9546297769671861,0.14319264472397258,0.1644290733663883,0.9122257023157847,0.14999642693278725
545.3856836258047,0.120614537487237,0.9710459069957518,0.11712225295116716,0.019979937736923265,0.9665324390176201,0.01931125795228863,0.019979937736923265,0.9665324390176201,0.01931125795228863,0.1502846760878723,0.9544788731318395,0.14344354828133588,0.1641256616904789,0.9121039712727197,0.14969966781564867
546.6481504860496,0.11823908311766958,0.9710915801153918,0.1148209780561329,0.02184703719584343,0.9664769162815723,0.02111465713892757,0.02184703719584343,0.9664769162815723,0.02111465713892757,0.1505456824174289,0.954332376471879,0.1436706188690057,0.16380987943909311,0.9119850765127825,0.149392165433811
547.9106173462945,0.1158891946545354,0.9711361058097753,0.11254418120223653,0.023711827481352164,0.9664228763361817,0.022915652517715678,0.023711827481352164,0.9664228763361817,0.022915652517715678,0.1507783224261136,0.9541907065045385,0.14387127400134245,0.1634829245854472,0.911868323843372,0.14907490041874413
549.1730842065396,0.1135640096278925,0.971179479919329,0.1102910358079703,0.02557454972681232,0.9663704710656607,0.024714489666791784,0.02557454972681232,0.9663704710656607,0.024714489666791784,0.15098031732407316,0.9540541235192687,0.14404339431327967,0.16314592664037278,0.9117530692748385,0.14874879935404753
550.4355510667845,0.11126269620599633,0.9712216978457998,0.10806074471608917,0.027435380360495205,0.9663198309148947,0.02651135211103955,0.027435380360495205,0.9663198309148947,0.02651135211103955,0.1511498977043168,0.9539227445659312,0.14418532525896163,0.16279995240915768,0.9116387042849293,0.14841473767193267
551.6980179270294,0.10898445240360242,0.9712627545366574,0.10585253944319213,0.02929442779981339,0.966271064366126,0.028306357930122313,0.02929442779981339,0.966271064366126,0.028306357930122313,0.15128577348390795,0.9537965642813094,0.14429585097359182,0.1624460080733839,0.9115246431461145,0.1480735395396021
552.9604847872743,0.10672850531187969,0.9713026444698692,0.10366567944974522,0.031151730571702483,0.9662242579304149,0.03009955775489145,0.031151730571702483,0.9662242579304149,0.03009955775489145,0.15138708369413625,0.9536754776780262,0.14437414935628873,0.1620850370893347,0.9114103118226111,0.14772597419537
554.2229516475193,0.1044941103504019,0.9713413616390739,0.10149945143102303,0.033007256815743374,0.9661794766090451,0.03189093411453527,0.033007256815743374,0.9661794766090451,0.03189093411453527,0.151453335310939,0.9535593026495995,0.14441973680305495,0.16171791313579506,0.9112951380885963,0.14737274798248398
555.4854185077642,0.10228055054149604,0.9713788995391868,0.0993531686292606,0.03486090507281076,0.9661367647643542,0.033680402043802654,0.03486090507281076,0.9661367647643542,0.033680402043802654,0.15148433860417312,0.9534478006648829,0.14443240947732328,0.16134542701427554,0.9111785426766984,0.1470144910544172
556.7478853680091,0.10008713580710017,0.9714152511524896,0.09722617016718756,0.03671250622039418,0.9660961473292111,0.035467810818322516,0.03671250622039418,0.9660961473292111,0.035467810818322516,0.1514801444317676,0.9533406947852021,0.1444121861387441,0.1609682660151634,0.9110599314533021,0.14665173740193166
558.010352228254,0.09791320228810811,0.9714504089352657,0.09511782040294402,0.03856182638747756,0.9660576312794392,0.037252946657695546,0.03856182638747756,0.9660576312794392,0.037252946657695546,0.1514409869549823,0.9532376846612124,0.1443592557677762,0.1605869838421454,0.9109386888591084,0.14628489650900275
559.2728190884989,0.09575811168606792,0.9714843648050621,0.09302750830627188,0.04040857066674461,0.9660212072933838,0.039035536220488644,0.04040857066674461,0.9660212072933838,0.039035536220488644,0.15136723364062205,0.9531384585338118,0.14427393174474984,0.16020195880202934,0.9108141731812683,0.14591421464828996
560.5352859487439,0.09362125062695481,0.9715171101286736,0.0909546468557314,0.042252387438686534,0.9659868515267034,0.040815250711383234,0.042252387438686534,0.9659868515267034,0.040815250711383234,0.15125934322187892,0.9530427024892472,0.14415661324092807,0.15981333776069817,0.9106857146715917,0.1455397237126539
561.7977528089888,0.09150203004662252,0.9715486357109673,0.08889867245658005,0.04409287312887796,0.9659545274373452,0.042591710426560125,0.04409287312887796,0.9659545274373452,0.042591710426560125,0.1511178314886694,0.9529501073332894,0.14400775373710145,0.15942096360789906,0.9105526181206326,0.14516117579648657
563.0602196692337,0.08939988459741795,0.9715789317846842,0.08685904437883338,0.04592957723394679,0.9659241876045045,0.0443644895767184,0.04592957723394679,0.9659241876045045,0.0443644895767184,0.15094324430016362,0.9528603734862129,0.14382783613907457,0.15902428512315506,0.9104141722338768,0.14477796290548123
564.3226865294787,0.08731427207530577,0.9716079880013807,0.08483524421489298,0.04776200747112157,0.9658957754952295,0.04613312124552792,0.04776200747112157,0.9658957754952295,0.04613312124552792,0.15073613697315597,0.9527732142881475,0.1436173537332923,0.15862225088848403,0.9102696689456037,0.14438902380366683
565.5851533897235,0.08524467286674976,0.9716357934236982,0.082826775356028,0.049589634928438896,0.965869227142409,0.047897102362605484,0.049589634928438896,0.965869227142409,0.047897102362605484,0.1504970591233167,0.9526883580652895,0.14337679614984739,0.1582131941387812,0.9101184363965629,0.1439927448668934
566.8476202499684,0.08319058941445301,0.9716623365191822,0.08083316248685536,0.05141189911582769,0.9658444727075199,0.049655898592418805,0.05141189911582769,0.9658444727075199,0.049655898592418805,0.1502265440605063,0.9526055492567181,0.14310663951769717,0.1577947239635591,0.909959889175697,0.14358686953038993
568.1100871102133,0.08115154570093333,0.9716876051558972,0.07885395109683925,0.05322821283979421,0.9658214379103084,0.05140894906232599,0.05322821283979421,0.9658214379103084,0.05140894906232599,0.14992510191894529,0.9525245488488282,0.14280734006645796,0.15736364998594107,0.9097935977411872,0.14316844127439424
569.3725539704583,0.07912708674877254,0.9717115866001312,0.07688870700769598,0.05503796684524097,0.9658000453152141,0.05315567087319098,0.05503796684524097,0.9658000453152141,0.05315567087319098,0.14959321580737078,0.9524451343150947,0.1424793305222782,0.15691598019208913,0.9096193746714811,0.14273381577829064
570.6350208307032,0.07711677813623559,0.9717342675165123,0.07493701591544828,0.05684053418636648,0.965780215470736,0.05489546335398076,0.05684053418636648,0.965780215470736,0.05489546335398076,0.1492313403738474,0.9523670992156614,0.14212301874390607,0.15644703875212934,0.909437367959366,0.14227878314777345
571.8974876909482,0.07512020552677856,0.9717556339709138,0.07299848294570005,0.05863527430422487,0.9657618679030346,0.05662771203705502,0.05863527430422487,0.9657618679030346,0.05662771203705502,0.14883990228336064,0.9522902525749471,0.14173878813865196,0.15595174226610645,0.9092481419777712,0.14179883189365353
573.159954551193,0.0731369742108178,0.9717756714365673,0.07107273222055638,0.06042153680130933,0.9657449219689633,0.05835179234342532,0.06042153680130933,0.9657449219689633,0.05835179234342532,0.14841930219793464,0.9522144181258896,0.1413269994810569,0.15542503896233373,0.9090527189139388,0.14128955425601436
574.4224214114379,0.07116670865792755,0.9717943648038558,0.06915940643541178,0.06219866491355327,0.9657292975765264,0.06006707297716354,0.06219866491355327,0.9657292975765264,0.06006707297716354,0.14796991792652103,0.9521394334859332,0.14088799382751777,0.15486245634852663,0.9088525538413693,0.140747138946506
575.6848882716829,0.06920905207743498,0.9718116983943225,0.06725816644363321,0.06396599868766756,0.965714915782635,0.061772919035613015,0.06396599868766756,0.965714915782635,0.061772919035613015,0.1474921084751367,0.9520651493114975,0.1404220962776486,0.15426063952814642,0.9086494304710644,0.1401688422513524
576.9473551319277,0.06726366598517267,0.9718276559794878,0.06536869084695755,0.06572287787702875,0.9657016992791189,0.06346869484736067,0.06572287787702875,0.9657016992791189,0.06346869484736067,0.1469862187777243,0.9519914284635355,0.1399296203786595,0.15361773273258086,0.9084452900725714,0.13955330577254016
578.2098219921727,0.06533022977388665,0.9718422208051379,0.06349067558916395,0.06746864457281251,0.9656895727784339,0.06515376655345932,0.06746864457281251,0.9656895727784339,0.06515376655345932,0.14645258492646346,0.951918145206057,0.13941087300383165,0.15293349024622813,0.9082420313954445,0.13890062384962962
579.4722888524177,0.06340844028456116,0.9718553756218207,0.06162383355034597,0.06920264558899807,0.9656784633104956,0.0668275044494045,0.06920264558899807,0.9656784633104956,0.0668275044494045,0.14589153974858415,0.9518451844514205,0.13886615956189283,0.1522090914120492,0.9080413297882208,0.138212145771654
580.7347557126625,0.06149801137562504,0.9718671027223619,0.059767894138815565,0.0709242346206354,0.9656683004417155,0.06848928510623847,0.0709242346206354,0.9656683004417155,0.06848928510623847,0.14530341859679738,0.9517724410601819,0.13829578941226328,0.15144673056972788,0.907844512935979,0.13749008334982105
581.9972225729075,0.059598673486702745,0.9718773839872955,0.05792260287736965,0.07263277419464205,0.9656590164267204,0.07013849328914212,0.07263277419464205,0.9656590164267204,0.07013849328914212,0.14468856523397744,0.9516998191988456,0.1377000813733167,0.15064910631291914,0.9076525063795806,0.13673703892876496
583.2596894331524,0.05771017319326543,0.971886200939189,0.05608772098034536,0.07432763743161112,0.9656505463024756,0.07177452369120761,0.07432763743161112,0.9656505463024756,0.07177452369120761,0.14404733770115621,0.9516272317555892,0.1370793692183138,0.14981892888644516,0.9074658385912913,0.135955559938787
584.5221562933973,0.055832272748165185,0.9718935348069282,0.05426302491751879,0.0760082096359206,0.9656428279336884,0.073396782499007,0.0760082096359206,0.9656428279336884,0.073396782499007,0.14338011406262738,0.9515545998116532,0.13643400705781258,0.14895852022586595,0.9072846827490247,0.13514778376588898
585.7846231536422,0.05396474960571624,0.9718993666011165,0.05244830596058347,0.07767388972996127,0.9656358020174913,0.07500468880520933,0.07767388972996127,0.9656358020174913,0.07500468880520933,0.14268729792422208,0.9514818521643529,0.13576437450926565,0.14806953046513655,0.9071089113827856,0.13431519058919023
587.0470900138872,0.052107395923581566,0.9719036772018312,0.05064336970754064,0.07932409154670624,0.9656294120545224,0.07659767588200504,0.07932409154670624,0.9656294120545224,0.07659767588200504,0.14196932362175946,0.9514089248964227,0.13507088155525046,0.1471527592623912,0.9069381459484686,0.1334584506566344
588.309556874132,0.05026001803736816,0.9719064474600574,0.0488480355799769,0.08095824499323591,0.9656236042926738,0.07817519232757777,0.08095824499323591,0.9656236042926738,0.07817519232757777,0.14122666097724984,0.9513357609855225,0.13435397299223636,0.1462080553694092,0.906771790775566,0.1325773401931323
589.572023734377,0.04842243590245823,0.9719076583142013,0.04706213628782769,0.08257579709624556,0.9656183276489886,0.07973670309635884,0.08257579709624556,0.9656183276489886,0.07973670309635884,0.1404598195216149,0.9512623099471241,0.13361413237288755,0.14523426933536243,0.9066090466262258,0.13167070245958942
590.8344905946219,0.046594482497241255,0.9719072909231447,0.04528551725585963,0.08417621293910932,0.9656135336144356,0.08128169042241452,0.08417621293910932,0.9656135336144356,0.08128169042241452,0.13966935208521716,0.9511885275036073,0.1328518853473206,0.14422924657987837,0.9064489025290727,0.13073644227492576
592.0969574548668,0.04477600318158417,0.9719053268173474,0.04351803600577216,0.08575897649871711,0.9656091761456298,0.08280965464401865,0.08575897649871711,0.9656091761456298,0.08280965464401865,0.13885585766207129,0.9511143752721806,0.13206780231314375,0.14318986920780818,0.9062901063048653,0.12977156178612423
593.3594243151117,0.04296685500409934,0.9719017480695343,0.04175956148753437,0.08732359138912692,0.9656052115469569,0.08432011493633793,0.08732359138912692,0.9656052115469569,0.08432011493633793,0.13801998346076233,0.9510398204641853,0.13126250029099323,0.14211218807695095,0.9061311158053439,0.12877227555170645
594.6218911753566,0.04116690595155343,0.9718965374864884,0.04000997335334669,0.08886958151803737,0.9656015983460182,0.08581260995815865,0.08886958151803737,0.9656015983460182,0.08581260995815865,0.13716242606518458,0.9509648355884218,0.1304366439519873,0.14099174094660238,0.9059700368113388,0.12773429273548811
595.8843580356016,0.039376034133654404,0.9718896788234277,0.038269161167497706,0.09039649166121858,0.9655982971648436,0.08728669841774864,0.09039649166121858,0.9655982971648436,0.08728669841774864,0.13628393164143754,0.950889398151361,0.12959094573622776,0.13982424225299445,0.9058045641374759,0.12665343680982646
597.1468248958464,0.03759412689646372,0.9718811570223453,0.036537023545380035,0.09190388795932292,0.9655952705888919,0.08874195956225361,0.09190388795932292,0.9655952705888919,0.08874195956225361,0.13538529514353365,0.9508134903474506,0.12872616501714298,0.13860696534841457,0.9056319674483435,0.12552689873052905
598.4092917560914,0.035821079857880474,0.9718709584755306,0.03481346721510682,0.09339135834091469,0.9655924830355054,0.09017799359446248,0.09339135834091469,0.9655924830355054,0.09017799359446248,0.1344673584897704,0.9507370987332131,0.1278431062848832,0.13734128610101815,0.9054492132133817,0.12435555944188083
599.6717586163362,0.03405679585904364,0.9718590713152545,0.03309840599554336,0.09485851287511834,0.9655899006231623,0.09159442202034648,0.09485851287511834,0.9655899006231623,0.09159442202034648,0.13353100770324985,0.9506602138794246,0.1269426163427066,0.13603682791958388,0.9052533908705807,0.12314779975748098
600.9342254765813,0.03230118382617431,0.9718454857302776,0.03139175968521136,0.09630498405694844,0.9655874910426041,0.09299088793044684,0.09630498405694844,0.9655874910426041,0.09299088793044684,0.13257716903343286,0.9505828299963828,0.1260255805327094,0.13471689715583252,0.9050426610081664,0.12192453908467815
602.1966923368262,0.03055415753836552,0.9718301943094093,0.029693452857470066,0.09773042702814887,0.9655852234306797,0.09436705621795086,0.09773042702814887,0.9655852234306797,0.09436705621795086,0.13160680409998426,0.9505049445280762,0.12509291803057293,0.13342261424681526,0.9048177698227708,0.12072315226672724
603.459159197071,0.028815634298213398,0.9718131924118019,0.028003413558717775,0.09913451973622808,0.965583068247549,0.09572261373615432,0.09913451973622808,0.965583068247549,0.09572261373615432,0.13062090412456595,0.9504265577119339,0.12414557627233176,0.13220993163487862,0.9045834985789577,0.11959492250516332
604.721626057316,0.027085533503981286,0.9717944785629817,0.026321571908101665,0.10051696303428863,0.965580997157721,0.0970572693979142,0.10051696303428863,0.965580997157721,0.0970572693979142,0.12962048333960957,0.9503476721017516,0.12318452459850184,0.13113477112957272,0.9043485641156178,0.11859154197665926
605.9840929175609,0.025363775124314182,0.9717740548747951,0.024647858599487253,0.1018774807242378,0.965578982915256,0.09837075421967814,0.1018774807242378,0.965578982915256,0.09837075421967814,0.12860657168448655,0.9502682920522932,0.12221074722131786,0.130232267645635,0.9041230379895087,0.11774599346803431
607.2465597778058,0.023650278079374837,0.9717519274864701,0.02298220330922351,0.10321581954598237,0.9655769992533394,0.09966282131268384,0.10321581954598237,0.9655769992533394,0.09966282131268384,0.12758020691786393,0.9501884231649275,0.1212252356383403,0.12950602984945467,0.9039148072159786,0.1170624180046766
608.5090266380508,0.021944958535730082,0.9717281070228664,0.021324533016620288,0.10453174911527104,0.9655750207783347,0.1009332458239735,0.10453174911527104,0.9655750207783347,0.1009332458239735,0.1265424262896455,0.9501080716944285,0.12022898062958942,0.12893459417538292,0.9037277222706425,0.11652176711600845
609.7714934982956,0.020247728126382813,0.9717026090646944,0.019674770248038778,0.10582506181292278,0.9655730228683317,0.1021818248299319,0.10582506181292278,0.9655730228683317,0.1021818248299319,0.12549425792607202,0.9500272439176937,0.11922296398500239,0.1284858944456995,0.9035620668388313,0.11609498034499216
611.0339603585406,0.01855849211201164,0.9716754546240719,0.01803283126007616,0.1070955726282807,0.9655709815761391,0.1034083771851477,0.1070955726282807,0.9655709815761391,0.1034083771851477,0.12443671208697807,0.9499459454655684,0.11820815011409111,0.12812859111375174,0.9034160387978801,0.11575342424073887
612.2964272187855,0.016877147504723133,0.9716466706172512,0.016398624182480483,0.10834311895982757,0.9655688735366059,0.1046127433294832,0.10834311895982757,0.9655688735366059,0.1046127433294832,0.12337077245479641,0.9498641806191681,0.11718547769012903,0.12783712583389897,0.9032870397712942,0.11547361896737304
613.5588940790304,0.015203581181325062,0.971616290324753,0.014772047147050283,0.10956756037600399,0.9655666758781071,0.10579478505633197,0.10956756037600399,0.9655666758781071,0.10579478505633197,0.12229738761088188,0.9497819515720181,0.11615585147722293,0.12759251250423886,0.9031724236549948,0.11523803875868364
614.8213609392753,0.013537668019174914,0.9715843538275362,0.01315298643474176,0.11076877833937604,0.965564366137984,0.10695438524513848,0.11076877833937604,0.965564366137984,0.10695438524513848,0.12121746284671671,0.9496992576589633,0.11512013448082983,0.1273813417927807,0.9030698204770243,0.11503424546492895
616.0838277995203,0.011879269093809736,0.9715509084062851,0.011541314679293556,0.11194667589738372,0.9655619221817019,0.10809144756132982,0.11194667589738372,0.9655619221817019,0.10809144756132982,0.12013185244630253,0.9496160945521036,0.11407914055136739,0.12719440920556604,0.9029772253595061,0.11485365470568365
617.3462946597651,0.010228229983575216,0.97151600888953,0.009936889171647218,0.11310117734299761,0.9655593221254453,0.10920589612689455,0.11310117734299761,0.9655593221254453,0.10920589612689455,0.11904135256273288,0.9495324534229884,0.1130336275576827,0.12702551212657925,0.9028929831622496,0.11469044358167967
618.6087615200101,0.008584379231949942,0.9714797179351987,0.008339550314903507,0.11423222784867451,0.9655565442618613,0.11029767516489972,0.11423222784867451,0.9655565442618613,0.11029767516489972,0.11794669479781687,0.9494483200689469,0.11198429123347202,0.12687053963086553,0.9028157372029776,0.11454071976617945
619.8712283802549,0.006947527022833485,0.9714421062295051,0.006749120284147764,0.11533979307707096,0.9655535669886295,0.1113667486212963,0.11533979307707096,0.9655535669886295,0.1113667486212963,0.11684854058023698,0.9493636739997529,0.11093175978676299,0.126726826761098,0.9027443724275869,0.11440192969418694
621.1336952405,0.005317464127243087,0.9714032525869051,0.005165401948718123,0.11642385877202092,0.9655503687395258,0.11241309976740328,0.11642385877202092,0.9655503687395258,0.11241309976740328,0.11574747642668363,0.9492784874788374,0.10987658935181463,0.126592709775462,0.9026779644010157,0.11427244956812259
622.396162100745,0.0036939611811467443,0.9713632439353443,0.003588178115889938,0.11748443033331357,0.9655469279176323,0.11343673078648402,0.11748443033331357,0.9655469279176323,0.11343673078648402,0.11464401016353114,0.9491927245110122,0.1088192603559903,0.1264672236931633,0.9026157370893062,0.11415130633144276
623.6586289609899,0.0020767683530904858,0.9713221751722926,0.0020172111540528305,0.11852153237885282,0.96554322283033,0.11443766234786687,0.11852153237885282,0.96554322283033,0.11443766234786687,0.1135385681858365,0.9491063397661781,0.10776017487315193,0.12634989757237272,0.9025570291110924,0.11403798818141155
624.9210958212348,0.0004656154563883516,0.9712801488791979,0.0004522430498013338,0.11953520829776981,0.9655392316257035,0.11541593317204708,0.11953520829776981,0.9655392316257035,0.11541593317204708,0.11243149383789407,0.949019277425826,0.10669965504194444,0.12624061625328287,0.9025012670892083,0.11393231612671029
626.1835626814797,0.0011397874463759602,0.9712372748850451,0.001107004053366372,0.1205255197980889,0.9655349322299741,0.11637159959023016,0.1205255197980889,0.9655349322299741,0.11637159959023016,0.11132304701769284,0.9489314699363833,0.10563794264429638,0.1261395274526722,0.9024479445876512,0.11383435728092163
627.4460295417246,0.002739748909110939,0.9711936696736552,0.0026608267970238465,0.1214925464525438,0.9655303022855753,0.11730473510176892,0.1214925464525438,0.9655303022855753,0.11730473510176892,0.11021340513923501,0.9488428366507035,0.10457519996924497,0.12604698025697397,0.9023966052872856,0.11374436709060683
628.7084964019695,0.004334594414434291,0.9711494556341334,0.004209539005972617,0.12243638524613401,0.9655253190894632,0.11821542993293398,0.12243638524613401,0.9655253190894632,0.11821542993293398,0.10910266563516652,0.9487532823364441,0.10351151213301979,0.1259634859516879,0.9023468292937644,0.11366275215529523
629.9709632622145,0.0059246641251285296,0.9711047601593122,0.005753469534257422,0.12335715012901739,0.965519959531261,0.11910379060046056,0.12335715012901739,0.965519959531261,0.11910379060046056,0.10799085025177259,0.9486626955279611,0.10244689109220298,0.12588969544301734,0.9022982216931623,0.11359004832772834
631.2334301224593,0.007510310086596022,0.9710597146029015,0.007292959569269226,0.12425497157832482,0.9655142000308191,0.11996993948329845,0.12425497157832482,0.9655142000308191,0.11996993948329845,0.10687791148429801,0.9485709466970774,0.10138128167766701,0.12582638980782057,0.9022504026477355,0.11352691086781704
632.4958969827043,0.00909189291282214,0.9710144531120479,0.008828359424497294,0.12512999617249368,0.9655080164747658,0.12081401440599941,0.12512999617249368,0.9655080164747658,0.12081401440599941,0.10576374162931464,0.948477886218278,0.10031457009910844,0.12577448212997652,0.9022029984534071,0.11347411490658929
