a_max_f_micron,P_Band4_nterms2,omega_Band4_nterms2,P_times_omega_Band4_nterms2,P_Band5,omega_Band5,P_times_omega_Band5,P_Band6,omega_Band6,P_times_omega_Band6,P_Band7_nterms2,omega_Band7_nterms2,P_times_omega_Band7_nterms2
10.0,0.999999999892921,0.00022322050406555036,0.00022322050404164812,0.9999999997946966,0.0003163268056440996,0.00031632680557915657,0.9999999993994049,0.0005778687065397957,0.0005778687061927305,0.9999999970031006,0.0014630823375927934,0.001463082333208083
10.233520470972584,0.9999999998875321,0.000231265537602196,0.00023126553757618604,0.9999999997843639,0.00032772511757079567,0.00032772511750012634,0.9999999993691743,0.0005986797995634795,0.0005986797991858169,0.9999999968521942,0.001515681192482906,0.001515681187711836
10.472494122981486,0.9999999998816429,0.00023972782332409604,0.00023972782329572255,0.9999999997730717,0.00033971442097707635,0.00033971442089998557,0.9999999993361353,0.0006205690630630442,0.0006205690626510703,0.9999999966872657,0.0015709981342612587,0.0015709981290569592
10.717048298967109,0.9999999998752054,0.00024863155356695315,0.0002486315535359253,0.9999999997607286,0.00035232896434218505,0.0003523289642578828,0.9999999993000219,0.0006435988934673816,0.0006435988930168765,0.9999999965069835,0.0016291897881235801,0.0016291897824327933
10.967313315588179,0.9999999998681682,0.0002580024122453674,0.0002580024122113545,0.9999999997472352,0.00036560510589845767,0.0003656051058060456,0.9999999992605416,0.0006678355219192584,0.0006678355214254219,0.9999999963098883,0.0016904223329321923,0.001690422326694345
11.223422532664177,0.9999999998604736,0.0002678676702889718,0.0002678676702515972,0.9999999997324817,0.0003795814484143789,0.0003795814483128339,0.9999999992173739,0.0006933492582555764,0.0006933492577129432,0.9999999960943788,0.0017548721009374264,0.0017548720940835608
11.485512424239381,0.9999999998520597,0.0002782562873273617,0.0002782562872861964,0.9999999997163478,0.00039429898278121937,0.00039429898266937557,0.9999999991701684,0.0007202147507941601,0.0007202147501965031,0.9999999958587005,0.001822726215427308,0.0018227262078788528
11.753722651306363,0.9999999998428571,0.000289199020040657,0.0002891990199952114,0.9999999996987022,0.00040980124098144807,0.00040980124085797587,0.9999999991185387,0.0007485112629665655,0.0007485112623067818,0.9999999956009282,0.001894183268655387,0.0018941832603227389
12.028196136227775,0.9999999998327912,0.0003007285376153228,0.0003007285375650383,0.9999999996794011,0.0004261344590597107,0.00042613445892309245,0.9999999990620634,0.0007783229678910982,0.0007783229671610806,0.9999999953189512,0.0019694540425397246,0.0019694540333206143
12.309079138896024,0.999999999821779,0.0003128795447767632,0.0003128795447210015,0.9999999996582858,0.00044334775075350577,0.00044334775060200755,0.9999999990002787,0.0008097392620516926,0.000809739261242179,0.9999999950104556,0.002048762274769254,0.0020487622645468636
12.596521334671403,0.9999999998097304,0.00032568891290446825,0.00032568891284249954,0.9999999996351827,0.0004614932924940026,0.0004614932923256419,0.9999999989326779,0.0008428550993213058,0.000842855098421708,0.9999999946729015,0.002132345473103879,0.0021323454617446645
12.890675894140266,0.9999999997965462,0.000339195819762581,0.0003391958196935703,0.999999999609902,0.00048062652051927764,0.00048062652033178623,0.9999999988587033,0.0008777713466535869,0.0008777713456517893,0.9999999943035052,0.002220455780809921,0.0022204557681611064
13.191699564735718,0.999999999782117,0.00035344189841994013,0.00035344189834293115,0.9999999995822346,0.0005008063409036787,0.0005008063406944591,0.999999998777744,0.0009145951628433891,0.0009145951617255197,0.9999999938992136,0.002313360896340284,0.0023133608822269633
13.499752754264305,0.9999999997663248,0.00036847139597067,0.00036847139588456736,0.9999999995519521,0.000522095353354782,0.0005220953531208583,0.9999999986891309,0.0009534404018480377,0.0009534404005982021,0.9999999934566762,0.002411345050532659,0.0024113450347544477
13.814999616383224,0.9999999997490374,0.0003843313427026604,0.0003843313426062076,0.9999999995188035,0.0005445600896819831,0.0005445600894199427,0.9999999985921288,0.000994428042258047,0.0009944280408580204,0.9999999929722195,0.002514710044783302,0.0025147100271104717
14.137608138073608,0.9999999997301121,0.0004010717324102729,0.0004010717323020285,0.9999999994825134,0.0005682712679072245,0.0005682712676131517,0.9999999984859322,0.0010376866445994228,0.0010376866430282948,0.9999999924418134,0.0026237763538358508,0.0026237763340048593
14.467750229156481,0.9999999997093916,0.00041874571458899425,0.00041874571446730323,0.99999999944278,0.0005933040630441964,0.0005933040627135955,0.9999999983696578,0.001083352838262156,0.0010833528364959202,0.999999991861037,0.0027388842970081013,0.0027388842747164237
14.805601813899107,0.9999999996867028,0.0004374097993017029,0.00043740979916466363,0.9999999993992726,0.0006197383956433602,0.0006197383952710664,0.9999999982423362,0.0011315718399537878,0.0011315718379648649,0.999999991225039,0.002860395281866304,0.002860395256766447
15.15134292476053,0.9999999996618568,0.00045712407555438187,0.00045712407539980846,0.9999999993516282,0.0006476592392706561,0.0006476592388507321,0.9999999981029042,0.0011824980056990876,0.0011824980034557755,0.999999990528502,0.0029886931246623717,0.0029886930963549706
15.505157798326247,0.9999999996346458,0.0004779524440793695,0.00047795244390474756,0.9999999992994485,0.0006771569481622507,0.0006771569476878674,0.9999999979501963,0.001236295418527995,0.0012362954159938321,0.9999999897655906,0.003124185451783779,0.0031241854198095858
15.867234973483178,0.9999999996048428,0.0004999628654785147,0.0004999628652809507,0.9999999992422967,0.0007083276063785565,0.0007083276058418544,0.9999999977829337,0.0012931385141283303,0.0012931385112613565,0.9999999889299026,0.003267305187033963,0.0032673051508645763
16.237767391887218,0.9999999995721971,0.0005232276247438035,0.0005232276245199652,0.9999999991796941,0.0007412733998644377,0.0007412733992563667,0.9999999975997134,0.0013532127468711972,0.0013532127436230988,0.9999999880144151,0.0034185121295096754,0.0034185120885368084
16.61695250077689,0.9999999995364357,0.0005478236132388264,0.0005478236129848749,0.9999999991111151,0.0007761030129168206,0.0007761030122269544,0.9999999973989971,0.0014167152987696534,0.0014167152950847728,0.9999999870114236,0.0035782946271604365,0.003578294580683483
17.00499235818793,0.9999999994972578,0.0005738326292951259,0.0005738326290066361,0.9999999990359846,0.0008129320506497807,0.0008129320498661017,0.9999999971790973,0.0014838558340761407,0.0014838558298903278,0.9999999859124743,0.0037471713513132117,0.003747171298524839
17.40209374062485,0.9999999994543342,0.0006013416986525166,0.000601341698324385,0.9999999989536694,0.0008518834891547502,0.0008518834882633985,0.9999999969381625,0.001554857302390436,0.0015548572976297158,0.9999999847082929,0.003925693177657844,0.003925693117627294
17.808468253246822,0.9999999994073034,0.0006304434160525411,0.0006304434156788795,0.9999999988634769,0.000893088155158417,0.0008930881541434017,0.9999999966741627,0.0016299567933114668,0.0016299567878904958,0.9999999833887043,0.004114445179402164,0.004114445111055898
18.224332442626665,0.9999999993557692,0.0006612363093793416,0.0006612363089533529,0.9999999987646463,0.0009366852370922497,0.0009366852359351122,0.9999999963848696,0.0017094064458483267,0.0017094064396685994,0.9999999819425447,0.004314048738508553,0.004314048660607811
18.64990791214297,0.9999999992992971,0.0006938252278301083,0.000693825227343943,0.9999999986563447,0.000982822829611337,0.0009828228282907619,0.9999999960678414,0.0017934744159837472,0.0017934744089315214,0.9999999803575648,0.004525163781116386,0.00452516369223115
19.08542144006686,0.9999999992374102,0.0007283217556966652,0.0007283217551412544,0.9999999985376571,0.0010316585137257607,0.0010316585122171222,0.9999999957203968,0.0018824459059777888,0.0018824458979216673,0.9999999786203232,0.004748491143447521,0.0047484910419263145
19.53110510040632,0.9999999991695855,0.0007648446534364477,0.0007648446528013096,0.99999999840758,0.0010833599748392283,0.0010833599731140643,0.9999999953395966,0.0019766242591991194,0.001976624249987253,0.9999999767160741,0.004984775074650452,0.004984774958585319
19.987196386572506,0.9999999990952497,0.0008035203278218898,0.0008035203270949046,0.9999999982650132,0.001138105661135934,0.0011381056591613357,0.9999999949222154,0.0020763321244769424,0.002076332113933775,0.9999999746286338,0.005234805883195549,0.005234805750381372
20.45393833793389,0.9999999990137736,0.0008444833330684349,0.000844483332235583,0.9999999981087498,0.0011960854849013163,0.0011960854826392195,0.999999994464715,0.0021819126941825294,0.0021819126821050207,0.9999999723402462,0.00549942273355205,0.005499422581439371
20.931579669325735,0.9999999989244674,0.0008878769049620558,0.0008878769040071153,0.9999999979374656,0.0012575015695200622,0.001257501566926422,0.9999999939632156,0.0022937310204727396,0.00229373100662598,0.999999969831426,0.005779516599971868,0.005779516425612094
21.420374903583845,0.9999999988265744,0.0009338535301377891,0.0009338535290419816,0.9999999977497085,0.0013225690450630715,0.0013225690420869056,0.9999999934134584,0.00241217541435365,0.002412175398465756,0.99999996708079,0.0060760333842581685,0.0060760331842399495
21.920584507173256,0.9999999987192637,0.0009825755527866538,0.0009825755515282335,0.9999999975438852,0.00139151689554427,0.001391516892126545,0.9999999928107732,0.002537658932462878,0.0025376589142190728,0.9999999640648726,0.006389977204410759,0.006389976974786114
22.432475028984193,0.9999999986016259,0.001034215821221658,0.0010342158197754374,0.9999999973182488,0.0014645888611112448,0.0014645888571835819,0.9999999921500334,0.002670620956693294,0.0026706209357290085,0.9999999607579215,0.006722413860988466,0.006722413597186974
22.956319242369094,0.9999999984726612,0.0010889583768722315,0.001088958375209023,0.9999999970708825,0.0015420443986264808,0.0015420443941096516,0.999999991425621,0.002811528872094185,0.002811528847987071,0.9999999571316743,0.007074474487926635,0.007074474184655758
23.492396290496597,0.9999999983312752,0.0011469991884438435,0.0011469991865298175,0.9999999967996834,0.0016241597042924252,0.0016241596990946,0.9999999906313681,0.002960879848580806,0.0029608798208414127,0.999999953155113,0.0074473593943635555,0.007447359045492846
24.040991835099717,0.9999999981762654,0.0012085469341377435,0.0012085469319336746,0.9999999965023463,0.001711228802184278,0.0017112287961989921,0.9999999897605095,0.0031192027324281487,0.003119202700489102,0.9999999487941933,0.007842342103756422,0.007842341702182969
24.602398208697768,0.9999999980063139,0.0012738238350059915,0.0012738238324663867,0.9999999961763396,0.001803564702768475,0.0018035646958722562,0.9999999888056221,0.003287060053636936,0.003287060016840344,0.9999999440115486,0.008260773596201894,0.008260773133693973
25.176914570372773,0.9999999978199756,0.0013430665426995326,0.0013430665397716147,0.9999999958188898,0.0019015006357139877,0.0019015006277636039,0.9999999877585636,0.0034650501555597204,0.003465050113142529,0.999999938766163,0.008704086759381169,0.008704086226396538
25.76484706518376,0.9999999976156644,0.0014165270850579558,0.0014165270816804798,0.999999995426951,0.002005391361534498,0.002005391352363745,0.9999999866103982,0.003653809453412456,0.0036538094044894025,0.9999999330130159,0.009173801052933458,0.009173800438408193
26.366508987303583,0.9999999973916406,0.0014944738731924988,0.0014944738692943737,0.9999999949971848,0.0021156145668435712,0.002115614556259543,0.9999999853513235,0.0038540148285334786,0.003854014772077262,0.9999999267026856,0.009671527390283196,0.009671526681386211
26.982220946965374,0.9999999971459961,0.0015771927739276332,0.0015771927694263187,0.9999999945259275,0.002232572348253602,0.002232572336032339,0.9999999839705832,0.004066386165475124,0.004066386100293326,0.9999999197809181,0.01019897324099176,0.01019897242283949
27.612311041307528,0.9999999968766379,0.001664988251682643,0.001664988246482282,0.9999999940091604,0.002356692790208185,0.0023566927760896167,0.9999999824563777,0.004291689039226742,0.00429168896393497,0.9999999121881527,0.010757947955561746,0.010757947010886462
28.257115029208286,0.99999999658127,0.0017581845841067192,0.001758184578095961,0.9999999934424739,0.002488431642296563,0.0024884316259786076,0.9999999807957577,0.004530737560053922,0.004530737473044539,0.9999999038589973,0.01135036831323786,0.01135036722200207
28.916976510202996,0.999999996257374,0.0018571271560222499,0.0018571271490717175,0.9999999928210302,0.0026282741018636385,0.0026282740829953384,0.9999999789745155,0.004784397383608626,0.004784397283014353,0.9999998947216561,0.011978264291725532,0.011978263030673704
29.592247107579563,0.9999999959021875,0.0019621838364734696,0.001962183828432808,0.9999999921395247,0.002776736708042776,0.0027767366862163057,0.9999999769770614,0.005053588894091768,0.0050535887777433015,0.999999884697296,0.012643785055831894,0.012643783597969287
30.283286655749457,0.999999995512679,0.0020737464439391385,0.0020737464346335726,0.9999999913921368,0.002934369353504951,0.0029343693282463013,0.9999999747862882,0.0053392905683500805,0.005339290433726747,0.9999998736993531,0.013349205159799008,0.013349203473785761
30.99046339199429,0.9999999950855248,0.0021922323050285798,0.0021922322942549088,0.99999999057248,0.0031017574206322874,0.003101757391390407,0.9999999723834242,0.005642542528829886,0.0056425423730021825,0.9999998616327683,0.014096930955515648,0.014096929004962337
31.714154152689993,0.9999999946170772,0.002318085912254149,0.0023180858997760715,0.9999999896735484,0.0032795240489942802,0.003279524015128434,0.9999999697478694,0.00596445029330356,0.005964450112866231,0.999999848393147,0.01488950719580363,0.014889504938452302
32.45474457411331,0.9999999941033356,0.002451780686749842,0.0024517806722925144,0.9999999886876556,0.003468332541311755,0.003468332502076783,0.999999966857018,0.006306188729203482,0.006306188520197583,0.9999998338658352,0.015729623818562622,0.015729621205334707
33.21262929793748,0.9999999935399116,0.002593820852088658,0.002593820835332346,0.9999999876063679,0.0036688889153457336,0.003668888869874874,0.99999996368606,0.0066690062202391905,0.006669005978061299,0.9999998179248992,0.01662012289365024,0.016620119867539692
33.98821218152669,0.9999999929219873,0.002744743425631834,0.002744743406204505,0.9999999864204332,0.0038819446093961616,0.0038819445566810355,0.9999999602077707,0.007054229052723689,0.007054228772020189,0.9999998004320095,0.017564005709951477,0.017564002204738152
34.7819065131413,0.9999999922442833,0.0029051203341717647,0.0029051203116404745,0.9999999851196995,0.004108299349325639,0.00410829928819291,0.9999999563922672,0.007463266028666705,0.007463265703210594,0.9999997812352055,0.018564439975087874,0.01856443591384198
35.594135232168604,0.9999999915010045,0.003075560660820051,0.003075560634680875,0.999999983693029,0.004348804185230466,0.004348804114314642,0.9999999522067549,0.0078976133122082,0.00789761293475563,0.9999997601675388,0.019624767094589064,0.01962476238793287
36.425331154496384,0.9999999906857928,0.0032567130305046826,0.0032567130001709826,0.9999999821281993,0.004604364706064663,0.004604364623776375,0.9999999476152371,0.008358859515322715,0.008358859077445841,0.99999973704558,0.020748509491052433,0.020748504035140152
37.275937203149404,0.9999999897916753,0.0034492681416295285,0.0034492681064182793,0.9999999804118027,0.004875944440663539,0.004875944345152577,0.999999942578204,0.008848691027922061,0.00884869051981433,0.9999997116677719,0.021939377916791136,0.021939371590961418
38.14640664431178,0.9999999888109977,0.003653961451752944,0.0036539614108687607,0.9999999785291251,0.005164568453720272,0.005164568342832469,0.9999999370522867,0.009368897596482366,0.009368897006731687,0.999999683812615,0.023201278705686022,0.023201271369734378
39.037203328860905,0.9999999877353671,0.0038715760253928847,0.003871575977909426,0.9999999764640203,0.005471327145314748,0.0054713270165417036,0.99999993098988,0.009921378154100047,0.00992137746942455,0.9999996532366712,0.024538320901345535,0.024538312392355696
39.9488019395417,0.9999999865555709,0.004102945552307003,0.004102945497145243,0.9999999741987721,0.005797380262583295,0.005797380113003766,0.9999999243387222,0.010508146903410792,0.01050814610835097,0.9999996196723603,0.025954823189232864,0.02595481331789622
40.88168824391292,0.9999999852615035,0.0043489575448034945,0.004348957480706399,0.9999999717139392,0.0061439611320258545,0.006143960958237396,0.9999999170414422,0.011131339652049991,0.011131338728610107,0.9999995828255313,0.027455320550078235,0.02745530909641947
41.8363593532002,0.9999999838420772,0.004610556722827466,0.004610556648330447,0.9999999689881873,0.006512381120772718,0.006512380918811974,0.9999999090350535,0.011793220398256215,0.011793219325486552,0.9999995423727851,0.029044570540666063,0.029044557249080137
42.81332398719393,0.9999999822851255,0.004888748595703056,0.004888748509099489,0.9999999659981047,0.006904034334846604,0.006904034100096352,0.9999999002504026,0.012496188161789453,0.012496186915299716,0.9999994979585205,0.030727559095891477,0.030727543669382247
43.81310274533306,0.9999999805772994,0.005184603249511299,0.005184603148812303,0.9999999627179962,0.007320402562054408,0.007320402289135132,0.9999998906115576,0.01324278405249794,0.01324278260389042,0.999999449191674,0.03250950573322181,0.03250948782671538
44.83622838411908,0.9999999787039515,0.00549925934911925,0.005499259232006757,0.9999999591196641,0.007763060466595529,0.00776306014923901,0.999999880035145,0.014035698565585668,0.014035696881795123,0.9999993956421203,0.03439586802614666,0.034395847238732784
45.883246101008446,0.999999976649009,0.005833928363840129,0.0058339282276121205,0.9999999551721594,0.008233681041759427,0.008233680672661286,0.9999998684296089,0.014877779088856798,0.014877777131381584,0.9999993368367028,0.036392345199326964,0.03639232106525933
46.95471382493429,0.999999974394835,0.0061898990255914565,0.0061898988670980705,0.999999950841515,0.008734041326192288,0.008734040896840049,0.9999998556944064,0.01577203760288456,0.015772035326891313,0.999999272254841,0.03850488068214622,0.0385048526604057
48.051202513612424,0.9999999719220763,0.006568542028200178,0.006568541843769156,0.9999999460904485,0.009266028388090885,0.00926602788856345,0.9999998417191142,0.01672165855012441,0.016721655903405484,0.999999201323681,0.04073966344160324,0.040739630903798806
49.17329645779019,0.9999999692094942,0.006971314976175483,0.006971314761525169,0.9999999408780372,0.009831645580322283,0.009831644999056099,0.9999998263824521,0.017730006843406882,0.01773000376516657,0.9999991234127364,0.04310312789904735,0.04310309011539441
50.32159359259994,0.9999999662337822,0.007399767590803689,0.007399767340941525,0.9999999351593615,0.010433019067825818,0.0104330183913422,0.9999998095512032,0.018800635977932807,0.018800632397374305,0.999999037827957,0.04560195221868529,0.04560190834176176
51.49670581618341,0.9999999629693619,0.007855547180798974,0.007855546889903049,0.9999999288851107,0.011072404626692744,0.011072403839279914,0.9999997910790288,0.01993729620381648,0.019937292038497194,0.9999989438051681,0.048243054739315484,0.04824300378525039
52.69925931575657,0.9999999593881618,0.008340404383941718,0.008340404045222564,0.999999922001153,0.01175219471200082,0.011752193795343181,0.9999997708051631,0.021143942708300813,0.021143937862218312,0.9999988405028112,0.05103358830474436,0.051033529131442185
53.92989490128873,0.9999999554593731,0.008856199185127867,0.008856198790667203,0.999999914448062,0.012474925788762099,0.012474924721508022,0.9999997485529748,0.022424743747955347,0.02242473810932024,0.999998726993897,0.053980932233220195,0.05398086351516402
55.18926834697381,0.9999999511491815,0.00940490721500348,0.009404906755566066,0.999999906160592,0.013243285917172946,0.013243284674430835,0.9999997241283836,0.02378408866140935,0.023784082100054366,0.9999986022570977,0.0570926816524985,0.057092601851607944
56.478050740675556,0.9999999464204733,0.009988626331841966,0.009988625796656094,0.9999998970671086,0.01406012257968323,0.01406012113243416,0.9999996973181161,0.025226595682421284,0.02522658804678778,0.9999984651668642,0.06037663391543238,0.06037654124737402
57.79692884153313,0.9999999412325101,0.010609583487493798,0.010609582863995208,0.9999998870889558,0.014928450733172692,0.014928449047585732,0.9999996678877837,0.026757119461293652,0.026757110574927405,0.9999983144824679,0.06384077180192796,0.06384066419718783
59.14660544591749,0.9999999355405748,0.01127014187606642,0.011270141149599552,0.999999876139765,0.015851461064686656,0.015851459101320964,0.9999996355797643,0.02838075818980337,0.02838074784728078,0.9999981488358352,0.06749324320751313,0.06749311826643993
60.527799761933494,0.9999999292955801,0.01197280836141939,0.011972807514888922,0.99999986412469,0.016832528423656613,0.016832526136531595,0.9999996001108679,0.03010286021089174,0.030102848173085096,0.9999979667180348,0.07134233701750406,0.07134219195841685
61.94124779266757,0.9999999224436391,0.01272024117655813,0.012720240190022514,0.9999998509395712,0.017875220397278277,0.01787521773279026,0.9999995611697599,0.03192902997938368,0.03192901596795979,0.9999977664642655,0.07539645486976934,0.07539628646909313
63.38770272838487,0.9999999149255927,0.013515257884501464,0.013515256734698911,0.9999998364700106,0.0189833059886561,0.018983302884316273,0.9999995184141246,0.03386513322394864,0.033865116914978816,0.9999975462371536,0.07966407851941733,0.07966388304266127
64.86793534788511,0.9999999066764915,0.014360843586152477,0.014360842245948168,0.9999998205903583,0.020160764349385192,0.020160760732349684,0.9999994714675271,0.035917301143783394,0.0359172821603234,0.9999973040081683,0.08415373253647425,0.08415350565869872
66.38273442923081,0.9999998976250247,0.015260159356040158,0.01526015779378172,0.9999998031625944,0.02141179350937128,0.021411789294729398,0.9999994199159591,0.03809193345509968,0.038091911358576994,0.9999970375369233,0.08887394209388991,0.08887367880811797
67.932907170067,0.9999998876928924,0.016216550881467843,0.01621654906023392,0.9999997840351004,0.02274081903681772,0.022740814125599022,0.9999993633040172,0.04039570008467508,0.040395674364895114,0.999996744348101,0.09383318563915691,0.0938328801509679
69.51927961775606,0.9999998767941172,0.017233557274535592,0.017233555151259954,0.9999997630413027,0.024152502550376917,0.024152496827231376,0.9999993011306881,0.042835541288162936,0.042835511351717676,0.9999964217057189,0.09903984228954855,0.0990394878958473
71.14269710955735,0.9999998648342824,0.01831492001962538,0.018314917544076072,0.9999997399981827,0.025651749993423966,0.025651743323922352,0.9999992328446883,0.04541866595176361,0.045418631108592775,0.9999960665843888,0.10450213384949432,0.10450172279916962
72.80402472308569,0.9999998517097003,0.01946459201118365,0.019464589124773467,0.9999997147046366,0.027243719567217994,0.02724371179471112,0.9999991578393146,0.048152547816629816,0.04815250726444714,0.9999956756372073,0.11022806141979724,0.11022758475366973
74.50414773728913,0.9999998373064926,0.020686746627933544,0.02068674326233418,0.9999996869396631,0.028933829205354426,0.028933820147320106,0.9999990754467488,0.05104491934670015,0.05104487215295401,0.9999952451598388,0.11622533665290889,0.11622478402001044
76.2439721041914,0.9999998214995794,0.02198578677993114,0.021985782855458953,0.9999996564603711,0.03072776345635549,0.030727752900151038,0.9999989849317593,0.05410376294298526,0.054103708023973796,0.9999947710503058,0.12250130780669725,0.12250066725352125
78.02442493165049,0.999999804151569,0.023366353854078398,0.023366349277814658,0.9999996229997826,0.032631479624524,0.032631467322449086,0.9999988854847289,0.05733729919129592,0.05733723528800037,0.999994248763929,0.12906288086106346,0.12906213858996762
79.84645497739086,0.999999785111529,0.02483333647176153,0.024833331135363824,0.9999995862644078,0.03465121300135535,0.034651198664915214,0.9999987762139356,0.060753971816692745,0.06075389746682868,0.9999936732627778,0.13591643608691578,0.13591557617934047
81.711033154572,0.9999997642136464,0.02639187895914682,0.02639187273630192,0.9999995459315774,0.0367934810009128,0.03679346429415492,0.9999986561369999,0.06436242900738764,0.0643623425131007,0.9999930389589126,0.14306774059439262,0.14306674469397204
83.61915304916317,0.9999997412757354,0.028047389416299685,0.028047382159759486,0.999999501646492,0.03906508599274675,0.03906506652452411,0.9999985241714059,0.06817150076436178,0.06817140015491165,0.999992339650574,0.15052185753515737,0.1505207044851324
85.57183144940008,0.999999716097608,0.029805547255666514,0.02980553879380035,0.9999994530189702,0.04147311660569957,0.04147309392069154,0.9999983791239895,0.07219017193163557,0.07219005492031769,0.9999915684504099,0.15828305278960705,0.1582817182181982
87.57010888760507,0.9999996884592708,0.031672310063590406,0.03167230019637583,0.9999993996198605,0.044024947254302095,0.044024920822598124,0.9999982196792717,0.07642755056707425,0.07642741450152175,0.9999907177044831,0.1663547001317885,0.16635315597830125
89.61505019466047,0.9999996581189418,0.03365391962042949,0.03365390811479184,0.9999993409770767,0.04672823561914988,0.046728204824171435,0.9999980443865061,0.08089283132608678,0.08089267313097427,0.9999897789011014,0.17473918602544042,0.1747373999989386
91.7077450674293,0.9999996248108631,0.035756906895594145,0.03575689347999111,0.9999992765712175,0.049590917791152704,0.04959088191565542,0.9999978516452868,0.08559525355188188,0.08559506966291548,0.9999887425677437,0.1834378153656506,0.18343575032687087
93.84930864942727,0.9999995882428881,0.037988095813508205,0.037988080171639585,0.999999205830731,0.052621200769625245,0.052621158979484696,0.9999976396895477,0.09054405379745599,0.09054384008537941,0.9999875981545486,0.19245071962888236,0.1924483328848005
96.0408821250538,0.9999995480938245,0.04035460556530204,0.040354587328806577,0.9999991281265651,0.05582755198533812,0.05582750331077861,0.9999974065697591,0.09574841254752739,0.09574816423069878,0.9999863339024176,0.20177676902959307,0.20177401152857766
98.28363332770026,0.9999995040105,0.04286385121912236,0.04286382995910223,0.9999990427662513,0.05921868550289629,0.05921862881677197,0.9999971501331043,0.10121739496456571,0.10121710650846252,0.9999849366935303,0.21141349039484755,0.2114103058086499
100.57875736205837,0.9999994556045249,0.04552354235997632,0.04552351757716585,0.9999989489873613,0.06280354454295925,0.06280347853564018,0.9999968680013962,0.10695988555303873,0.10695955055482652,0.9999833918816988,0.22135699255329275,0.22135331623017362
102.92747724096083,0.999999402448721,0.04834167946710459,0.04834165058047219,0.9999988459502632,0.06659127995481849,0.06659120310516939,0.9999965575464416,0.11298451672106585,0.11298412777711422,0.9999816830996068,0.23160190108472137,0.23159765885576833
105.3310445370937,0.9999993440731746,0.05132654771595027,0.05132651404949077,0.9999987327300962,0.07059122426479968,0.07059113480666569,0.9999962158625526,0.11929959131956114,0.11929913987351017,0.9999797920395083,0.24214130428481623,0.24213641110290582
107.79074004992732,0.9999992799608804,0.05448670787043382,0.05448666863787265,0.9999986083078837,0.07481286092706449,0.07481275681059574,0.9999958397358379,0.12591299935602657,0.12591247552468782,0.9999776982034155,0.25296671216086014,0.25296107054870287
110.30787448822151,0.9999992095429254,0.0578309839124838,0.05783093819957344,0.9999984715606743,0.07926578841198285,0.07926566725903467,0.9999954256098701,0.13283212921333667,0.13283152158735587,0.9999753786181655,0.2640680301836215,0.2640615284638201
112.8837891684689,0.9999991321931685,0.061368447039276866,0.061368393783319285,0.9999983212506144,0.08395967878474239,0.08395953783748322,0.9999949695472581,0.1400637738524204,0.14006306926822518,0.9999728075100259,0.2754335493752445,0.2754260596512146
115.51985672964794,0.9999990472223494,0.0651083956457038,0.06510833361187957,0.999998156012808,0.08890423045476346,0.08890406651650119,0.9999944671866091,0.1476140326403245,0.14761321591942803,0.9999699559326289,0.28704995411158096,0.2870413299634208
118.21748186466719,0.99999895387158,0.06906033090121713,0.06906025865524228,0.9999979743418449,0.09410911481629616,0.09410892418340026,0.9999939136942646,0.1554882096195381,0.1554872632707561,0.9999667913410185,0.2989023487610225,0.2988924226148537
120.97810206889015,0.9999988513051332,0.07323392752766432,0.0732338434042277,0.9999977745768192,0.09958391655381615,0.09958369493745982,0.999993303710128,0.16369070921759143,0.16368961309715316,0.9999632771034159,0.31097430397395465,0.3109628840967495
123.80318840613974,0.9999987386024614,0.0776389993893313,0.07763890145568857,0.9999975548846768,0.10533806745390885,0.105337809890186,0.9999926312867905,0.17222493058380253,0.17222366150768154,0.9999593719409391,0.3232479230834233,0.32323479014771295
126.69424629259063,0.9999986147493466,0.0822854595196467,0.08228534553366014,0.9999973132416763,0.11138077364950127,0.11138047439628057,0.9999918898210935,0.18109316192754193,0.18109169322959998,0.9999550292839195,0.33570392868699456,0.33568883184093046
129.65281629896683,0.9999984786280978,0.08718327423241337,0.08718314159422962,0.9999970474127433,0.11772093632358387,0.11772058874224743,0.9999910719769324,0.19029647641446992,0.1902947774431388,0.9999501965315729,0.3483217690629112,0.3483044214306832
132.68047497147245,0.9999983290066708,0.09234241100063163,0.09234225669707885,0.9999967549284596,0.12436706601858728,0.12436666243856079,0.9999901695984038,0.19983463134403595,0.19983266688935702,0.9999448141996371,0.36107974364332246,0.3610598171686747
135.77883567189284,0.9999981645265941,0.09777277983458987,0.09777260037525266,0.999996433059394,0.13132719083454067,0.13132672239825102,0.9999891736116531,0.20970597248154801,0.20970370212325126,0.9999388149380434,0.37395514633792665,0.373932265869129
138.94954943731375,0.9999979836895602,0.1034841679544878,0.1034839592982796,0.9999960787874433,0.13860875895358632,0.13860821543918025,0.9999880739139841,0.21990734553613872,0.21990472290222035,0.9999321223977594,0.38692442508779684,0.38689816158557355
142.19430585991668,0.9999977848425259,0.10948616763286934,0.10948592510376678,0.9999956887738081,0.1462185360992369,0.14621790571805432,0.9999868592483927,0.23043401685934098,0.23043098878316357,0.9999246499225467,0.39996335564793534,0.3999332183781088
145.51483398731938,0.9999975661611369,0.11578809717980905,0.11578781537023825,0.9999952593231752,0.1541624987239165,0.15416176788933153,0.9999855170614307,0.2412796054770375,0.24127611103933336,0.999916299037427,0.41304722725884524,0.41301265480833554
148.91290324394095,0.9999973256312885,0.12239891515999271,0.12239858782016369,0.9999947863436192,0.1624457239149078,0.16244487697872279,0.9999840333419849,0.25243602855356523,0.25243199799382665,0.9999069577011361,0.42615103759271084,0.42611138752051
152.3903243738829,0.9999970610285865,0.12932712806605565,0.12932674797732327,0.9999942653016715,0.1710722772127989,0.17107129616489672,0.999982392438188,0.26389346231431,0.2638888157938605,0.999896498284603,0.43924969415028664,0.4392042310534545
155.94895040582824,0.9999967698954524,0.13658069182662674,0.13658025065671295,0.9999936911719121,0.18004509974287194,0.18004396386928959,0.9999805768492147,0.2756403203174192,0.27563496651391517,0.9998847752315606,0.452318219155087,0.45226610089302394
159.59067764047313,0.9999964495155916,0.14416690769966853,0.14416639583731053,0.9999930583803753,0.1893658962623998,0.18936458175637808,0.999978566988241,0.28766325076353866,0.2876570852737024,0.9998716223505807,0.46533195494276597,0.4652722167201907
163.3174466610168,0.9999960968854815,0.15209231329022374,0.15209171965650758,0.9999923607409259,0.19903502591833744,0.19903350543820963,0.9999763409122084,0.2999471542644924,0.29994005778843685,0.9998568496801855,0.478266766877004,0.4781983028363689
167.13124336724877,0.9999957086825192,0.16036256963391554,0.1603618814672172,0.9999915913836964,0.20905139768223374,0.2090496398492429,0.9999738740133717,0.31247522316012377,0.3124670594366218,0.9998402398600951,0.4910992409350095,0.4910207828515705
171.03410003378406,0.9999952812293955,0.1689823454997975,0.16898154811087288,0.9999907426743317,0.21941237257463064,0.21941034140284207,0.9999711386667763,0.325229003082746,0.325219616540114,0.9998215439321652,0.5038068732883476,0.5037169658947924
175.02809639301012,0.9999948104542101,0.17795520028351627,0.17795427677685585,0.9999898061230982,0.23011367489703943,0.2301113291465641,0.9999681038268792,0.3381884770295428,0.338177690111332,0.9998004764841935,0.5163682494470717,0.5162652218384912
179.1153607433231,0.9999942918457836,0.18728346707822105,0.18728239803530877,0.9999887722821166,0.2411493147536545,0.24114660719718067,0.9999647345654018,0.35133217172657866,0.3513197818448544,0.9997767100386459,0.528763210822692,0.5286451433057818
183.29807108324357,0.9999937204035287,0.19696813771901114,0.19696690083858856,0.9999876306292108,0.2525115241502024,0.25250840074153164,0.9999609915412402,0.3646372855682798,0.36462306162976343,0.9997498685767351,0.5409730068816222,0.540837692533463
187.57845627201604,0.9999930905811636,0.20700875178876038,0.20700732147859147,0.9999863694364182,0.2641907089025934,0.26418710783433796,0.9999568303917232,0.3780798369098943,0.3780635153514375,0.9997195200766071,0.5529804313867943,0.5528253314777611
191.9587972173111,0.9999923962234426,0.21740329173983058,0.21740163865377735,0.9999849756209727,0.2761754184640974,0.27617126909993234,0.9999522010327853,0.39163483099561663,0.3916161112551697,0.9996851679332642,0.5647699415417687,0.5645921338538429
196.44142809066278,0.9999916304949943,0.2281480864177181,0.2281461769311668,0.9999834345761912,0.28845233558345595,0.28844755724826837,0.9999470468535454,0.40527644334038015,0.40525498267752136,0.999646241118324,0.5763277591394769,0.5761238780759249
201.02873757128856,0.999990785800025,0.2392377253603738,0.23923552097613077,0.9999817299793329,0.30100628743622276,0.30100078804513036,0.9999413037884336,0.4189782169670521,0.4189536245329873,0.9996020829311323,0.5876419530583507,0.587408120294846
205.72317011895564,0.9999898536919429,0.2506649862775306,0.2506624429533607,0.9999798435729985,0.31382027952938013,0.3138139540338242,0.9999348992472178,0.43271327054977055,0.4326851005901189,0.9995519381909136,0.5987025026255097,0.5984342468990788
210.5272272765707,0.9999888247711853,0.2624207780863756,0.26241784547413477,0.9999777549161294,0.3268755532700167,0.326868281895919,0.9999277508800942,0.4464545142427949,0.4464222582970629,0.999494938726803,0.6095013414677282,0.6091935059441912
215.4434690031883,0.9999876885697393,0.2744941017772973,0.27449072236230626,0.9999754411000081,0.34015166762119,0.3401433138704028,0.9999197651512682,0.46017486979512556,0.4601379477340574,0.9994300870373338,0.6200323814833837,0.6196790169919035
220.47451503814747,0.9999864334204247,0.2868720312076673,0.286868139335428,0.9999728764239358,0.3536266047541302,0.35361701313601784,0.9999108356901916,0.47384749146711835,0.4738052411825872,0.9993562380277486,0.6302915164964745,0.6298857587867215
225.6230462970634,0.9999850463087561,0.299539715666749,0.2995352364423256,0.9999700320244007,0.36727689906096356,0.3672658925158143,0.9999008413846463,0.48744598428802505,0.48739764981916334,0.9992720787869747,0.6402766049924152,0.6398105340694374
230.89180630041926,0.9999835127048424,0.31248040572218383,0.3124752537655037,0.9999668754505531,0.3810777883340598,0.381065165304017,0.9998896441742441,0.5009446163105977,0.5008893341538068,0.9991761064530011,0.6499874311047001,0.6494519106545826
236.28360263551764,0.9999818163723977,0.3256755034519559,0.32566958148988195,0.9999633701776042,0.3950033853668221,0.39498891646297035,0.9998770864964266,0.5143185217324574,0.5142553050409986,0.9990666043410944,0.6594256427429674,0.6588101377106601
241.8013084525721,0.9999799391514732,0.3391046376929911,0.3390978349662196,0.9999594750484473,0.40902686770706115,0.40901029191306354,0.9998629883297538,0.5275438920492957,0.5274716123795179,0.9989416166864505,0.6685946654654403,0.6678870360279835
247.44786399573513,0.9999778607109813,0.35274576441013067,0.3527379548697023,0.9999551436321492,0.4231206828187803,0.42310170316178647,0.9998471437710308,0.5405981527689857,0.5405155189739658,0.99879892259458,0.6774995904555657,0.6766858610052883
253.22627816987946,0.9999755582664526,0.366575291722196,0.36656633198659067,0.999950323486144,0.43725676550078224,0.4372350441090122,0.9998293170736838,0.5534601236308466,0.553365657437346,0.9986360101133956,0.6861470348339598,0.6852111372177226
259.13963014396586,0.9999730062577358,0.38056822853345207,0.3805579555727771,0.9999449553067707,0.4514067640881861,0.45138191654133525,0.9998092380647114,0.5661101607213118,0.5660021684514661,0.9984500517551121,0.6945449726087648,0.6934684638474742
265.1910709918538,0.9999701759805012,0.3946983551295518,0.39468658363811226,0.9999389719502951,0.46554227173950097,0.4655138606026015,0.9997865968466828,0.5785302793354896,0.5784068191495899,0.998237883316533,0.7027025349394815,0.7014642910791501
271.38382537142786,0.9999670351644026,0.40893841352904,0.40892493294146853,0.9999322973036076,0.4796350589968362,0.4796025864100578,0.9997610376797369,0.5907042568828279,0.5905631008230139,0.9979959884813915,0.7106297791663159,0.7092056689034003
277.7211932429355,0.9999635474895955,0.4232603148571264,0.4232448859560953,0.9999248449804207,0.49365730380598083,0.4936202029816478,0.999732151926784,0.6026177155542054,0.6024563055602083,0.9977204924376939,0.7183374273372948,0.7166999717393919
284.20655162745123,0.9999596720319464,0.4376353605492103,0.43761771160437096,0.9999165168148482,0.5075818152923919,0.5075394407457261,0.9996994699335984,0.6142581848386363,0.6140735817855589,0.9974071685919906,0.7258365768221272,0.7239546049486608
290.84335640640484,0.9999553626256943,0.45203447381699513,0.4520142961849883,0.9999072011197195,0.5213822478102812,0.5213338641214863,0.9996624517051126,0.6256151442839447,0.625403968958736,0.9970514633755191,0.73313838805389,0.7309767026659002
297.63514416313177,0.9999505671304579,0.466428437536179,0.4664053806400756,0.9998967706717926,0.5350333020959613,0.5349780709676174,0.9996204762311588,0.6366800471235629,0.6364384119125325,0.9966485450496427,0.7402537574324507,0.7377728303125831
304.5855340674284,0.9999452265873668,0.48078813455361247,0.4807618001467294,0.9998850803800509,0.5485109107556201,0.5484478760902181,0.9995728293107278,0.6474463255305188,0.6471697554373752,0.9961933832286338,0.7471929867804149,0.7443487094254894
311.6982298041145,0.9999392742465505,0.49508478637042985,0.4950547219737561,0.9998719645865204,0.561792405780533,0.5617204764575692,0.9995186897272207,0.6579093783039657,0.6575927197616301,0.9956808664015416,0.7539654641629838,0.7507089865946402
318.9770215466322,0.999932634445354,0.5092901862374724,0.5092558776216006,0.9998572339413565,0.5748566662899729,0.5747745962694417,0.9994571136370908,0.6680665417380205,0.667703857522995,0.9951059648596773,0.7605793739203504,0.7568570717373795
326.42578797673224,0.999925221313245,0.5233769228973842,0.5233377854584121,0.9998406717853822,0.5876842452319697,0.5875906105504178,0.9993870170632598,0.6779170442757536,0.6775014926950872,0.9944639458847903,0.7670414558536353,0.7627950728454203
334.04849835132444,0.9999169372755005,0.5373185915112337,0.5372739603650986,0.99982202996374,0.6002574743027072,0.6001506464582402,0.9993071564285447,0.6874619453145724,0.6869856417251411,0.9937506465511988,0.7733568340334511,0.7685238538355302
341.8492146175929,0.9999076713232481,0.5510899887094337,0.5510391073000049,0.9998010239839233,0.6125605468555476,0.6124386619983285,0.9992161071377187,0.6967040582241045,0.6961579168857402,0.9929628067470669,0.7795289340874085,0.7740432383319825
349.8320935775036,0.9998972970122714,0.5646672891807677,0.5646092961630962,0.999777327420279,0.624579579040925,0.6244405022948188,0.9991122403251291,0.7056478572855968,0.7050214115732396,0.9920984607285297,0.7855595036659847,0.7793523743976912
358.00138910285796,0.999885670147069,0.5780282017453822,0.5779621158660866,0.9997505654554246,0.6363026498313941,0.6361439339697212,0.9989936980397239,0.714299367897697,0.7135805670435575,0.9911573794089867,0.7914487439934492,0.7844502630330812
366.36145440207156,0.9998726260999178,0.5911521034220679,0.5910768060731132,0.9997203074372196,0.6477198209275749,0.647538658510896,0.9988583673534086,0.7226660390630114,0.7218410199202342,0.9901415474155209,0.7971955513129424,0.7893364367697661
374.91674433988874,0.9998579767070631,0.6040201505750818,0.6039343656442969,0.9996860583187306,0.6588231377992982,0.6586163057557584,0.9987038541659898,0.7307565969313613,0.7298094298125732,0.9890556485700048,0.8027978564259812,0.7940117545580084
383.6718178112645,0.9998415066756322,0.6166153667887183,0.6165176373693797,0.999647248838866,0.6696066132839831,0.6693704087736442,0.9985274578552189,0.738580878100155,0.7374932866298232,0.9879075208283775,0.8082530396170132,0.7984792565700439
392.6313401706838,0.9998229694253796,0.6289227076481878,0.628811369099861,0.9996032242945748,0.6800661952365368,0.679796361492186,0.9983261483976469,0.7461496415412022,0.7449006977681133,0.9867085271654115,0.8135583884989696,0.8027449992788839
401.8000857182091,0.9998020822790111,0.6409291030847887,0.6408022518573907,0.9995532317533133,0.6901997197005342,0.6898913603818999,0.9980965481756842,0.7534743585235162,0.7520401563812094,0.9854737733439111,0.8187115591995073,0.8068187695246153
411.18294024358306,0.999778520903704,0.6526234783565579,0.6524789358983499,0.9994964055612087,0.7000068509522831,0.6996543313950278,0.9978349213923945,0.7605669808162021,0.7589202935163858,0.984222089150695,0.8237109980737302,0.8107145593805308
420.78490362974037,0.9997519128947805,0.6639967550705171,0.6638320260376765,0.9994317510165128,0.7094890095604275,0.7090858431519494,0.9975371748300734,0.7674396888497116,0.7655496190676119,0.9829756806895356,0.828556282581312,0.8144506758599563
430.61109251711713,0.9997218303806968,0.6750418339007066,0.6748540577707567,0.9993581261139821,0.7186492893200027,0.7181880071079829,0.9971988745854988,0.7741046234124581,0.7719362592783346,0.9817593644619993,0.8332483463518555,0.8180493669534096
440.6667430301786,0.9996877815172336,0.6857535608121472,0.6855394558758388,0.9992742213183694,0.7274923635689255,0.7269643651203982,0.9968152843419807,0.7805736068314404,0.7780877018435277,0.9805993182812035,0.8377895644621954,0.8215358757747352
450.95721356761464,0.999649200728946,0.6961286786626643,0.6958844772296296,0.9991785374110013,0.7360243810029748,0.73541976450939,0.9963814316101834,0.7868578623032804,0.784010563315471,0.9795213385495106,0.842183689722568,0.8249368950616155
461.4879876576939,0.9996054375489227,0.7061657660229608,0.7058871395274519,0.9990693615777231,0.7442528506973435,0.7435602203985954,0.9958922090589475,0.7929677428790477,0.7897103971683023,0.9785486819503036,0.8464356479885814,0.8282784876949775
472.2646768802952,0.99955574390547,0.7158651649339659,0.7155471374715823,0.9989447420821138,0.75218651565563,0.7513927648792572,0.9953425183904023,0.7989124842140953,0.7951915640111902,0.9776996837449364,0.8505512183591764,0.8315836571986371
483.29302385717517,0.9994992597105824,0.7252288991162973,0.7248657477874598,0.9988024621078231,0.7598352138862565,0.7589252824258174,0.9947274639696553,0.8046999971234061,0.8004571873949546,0.9769854583339754,0.8545366402200634,0.834869871108574
494.5789053120643,0.9994349966186744,0.7342605838656597,0.7338457241530015,0.9986400136727657,0.7672097258076732,0.7661663310704536,0.9940426023360215,0.8103367167233502,0.8055092186601065,0.9764080583182837,0.8583982006217497,0.8381469203329911
506.1283352022219,0.9993618198591411,0.7429653285275325,0.7424911828095195,0.9984545729302826,0.7743216067726947,0.7731249492009211,0.9932842515090502,0.815827523997739,0.8103486315345758,0.9759594522280732,0.8621418595186322,0.8414154969586968
517.9474679231209,0.9992784280977551,0.7513496320532911,0.7508074792700394,0.9982429786915362,0.7811830037510555,0.7798104485676552,0.992449860357376,0.8211757526250026,0.814975761021547,0.975621557373987,0.8657729647001206,0.8446667681530255
530.0426015879673,0.9991833313660664,0.7594212717231377,0.7588010761905795,0.9980017166378159,0.7878064557905634,0.7862321952573359,0.9915384329330819,0.8263832887051219,0.8193907910847631,0.975367355668352,0.8692960923064801,0.8478830308458031
542.4201813838027,0.9990748272202751,0.7671891847020242,0.7664794021514386,0.9977269124414103,0.7942046788545908,0.7923993820801127,0.9905509953297575,0.8314507638260117,0.823594381675543,0.975162893581505,0.8727150247568984,0.8510393088139918
555.0868030059805,0.9989509754640425,0.7746633417065267,0.7738507008539698,0.997414337865218,0.800390337047387,0.7983207980598382,0.9894910831172615,0.8363778332894388,0.8275884081568352,0.9749698062822143,0.8760328506151925,0.8541055786611502
568.0492161728425,0.9988095720064786,0.7818546117441714,0.7809238701274873,0.9970594348296007,0.8063758040838457,0.8040046034801039,0.9883652156305912,0.8411635222190115,0.8313767660185809,0.9747479696115711,0.8792521470707808,0.857049245133858
581.3143282224713,0.9986481227415454,0.7887746166916076,0.787708290225256,0.9966573633563363,0.8121729210735448,0.809458122106573,0.9871833095163439,0.8458066138783348,0.834966172299227,0.9744579777334222,0.8823751918710798,0.8598375450728328
594.8892077934335,0.9984638187430879,0.7954355744621167,0.7942136412415468,0.9962030801231934,0.8177927591139004,0.8146876655317122,0.9859589685772571,0.8503060480809586,0.8383668741409055,0.9740633224924626,0.8854041519660679,0.8624397100126894
608.7810885914762,0.9982535145839424,0.8018501297396361,0.8004497101821819,0.9956914549442359,0.8232453975780955,0.8196984076906798,0.9847095717171097,0.8546612941597567,0.8415931569352447,0.9735323399423368,0.8883412112218512,0.8648288980280184
622.9973732441844,0.9980137122169694,0.8080311717895305,0.8064261893446971,0.9951174326381071,0.8285397309920434,0.8244943299434702,0.9834560689561874,0.8588726633243027,0.8446635332068497,0.9728401222580518,0.8911886253443612,0.8669840512349934
637.5456372456507,0.9977405536011431,0.8139916397506083,0.8121524692714741,0.9944762472213432,0.833683318601685,0.8290782580540391,0.9822223927570355,0.8629415296572331,0.8476004940693438,0.971970624585803,0.8939487206838663,0.868891896390777
652.4336329932624,0.9974298261039168,0.8197443171020099,0.8176374316567318,0.9937636938900548,0.8386822906952496,0.8334520112014839,0.9810344065487974,0.8668704372959258,0.8504297250073051,0.970919106425362,0.8966238744093572,0.8705492509411792
667.6692939187564,0.9970769856281747,0.8253016186750859,0.822889250182608,0.9929764615329234,0.8435413240788734,0.8376166791406366,0.9799183538506342,0.870663082895457,0.8531787349494345,0.9696948329355044,0.8992165166667692,0.871965609902029
683.2607387157402,0.9966772033360504,0.8306753755838527,0.8279152102170376,0.9921125242510326,0.8482636955754785,0.8415730362478975,0.9788988465148626,0.8743241762760594,0.8558749276366919,0.9683236305485544,0.9017291760043438,0.8731656694800826
699.2162756659375,0.9962254426737226,0.835876625634329,0.8327215613931769,0.9911715842666478,0.8528514170424152,0.8453220901739862,0.9779965367650061,0.8778591968619186,0.8585432542982661,0.9668494697038139,0.9041645529526755,0.8741910185472803
715.5444070664578,0.9957165739984645,0.8409154189187299,0.8373134199482413,0.9901555504429325,0.8573054485171201,0.8488657482741941,0.9772257361204003,0.8812740773509719,0.86120370896313,0.9653338198994256,0.9065255701099435,0.8750997914307362
732.2538337604534,0.995145534281598,0.8458006500902581,0.8416947398297928,0.9890690262643939,0.8616259783637583,0.8522075674243481,0.9765923381101439,0.8845748568552008,0.8638690276896663,0.9638513021237756,0.9088153333504051,0.8759628424398411
749.3534597735753,0.9945075388719252,0.85053992987068,0.8458683723679898,0.9879197684972535,0.8658127516419017,0.8553535331640376,0.976092425055801,0.887767351143521,0.8665429866630442,0.962480529821674,0.9110369649069798,0.8768553406707997
766.8523970587012,0.9937983508788769,0.855139508270479,0.8498362330905758,0.9867190631823509,0.8698654214144912,0.8583127937128276,0.9757118587115027,0.8908568855278266,0.869219627624296,0.9612903710845939,0.9131933332549363,0.877843958196615
784.7599703514611,0.9930146110746142,0.8596042604579026,0.8535995903766855,0.9854819500139156,0.8737838933818998,0.8610982551407459,0.9754269737223262,0.8938481253784047,0.8718835719052318,0.9603241247300336,0.9152867797997541,0.8789719756881699
803.0857221391514,0.9921542270185584,0.8639377429968003,0.8571594835951483,0.9842272116844665,0.8775686328690956,0.8637269285904992,0.9752062626936396,0.896745021189989,0.8745113607038179,0.9595862929065173,0.9173189830316665,0.8802467223401333
821.8394177456803,0.9912168140953349,0.8681423233077052,0.8605172678903859,0.9829770355468114,0.8812209052450579,0.8662199130996646,0.9750127440338366,0.8995508628198158,0.877073555155954,0.9590370740426065,0.9192910670700087,0.8816342151563267
841.0310505352605,0.9902041730846656,0.8722193790019721,0.8636752689330683,0.9817562576685779,0.884742926346747,0.8686019043689286,0.9748066127175357,0.9022684161239463,0.8795372184838,0.9585973922947668,0.9212039502529263,0.8830637044840933
860.6708472376164,0.9891207785996935,0.8761695567978879,0.8666375142052752,0.9805911230536517,0.8881379080514639,0.8709001486827058,0.97454781895744,0.9049001003626586,0.8818684191827975,0.9581632743156955,0.923058790995444,0.8844410335660818
880.7692733975463,0.9879742401848551,0.8799930738944464,0.8694104885488008,0.9795075495667757,0.8914099950943252,0.873142819954174,0.9741983728079956,0.9074481607643137,0.8840345216242028,0.9576252648709417,0.9248573062572389,0.8856667228724141
901.3370389517434,0.9867756833607837,0.8836900389075661,0.8720038420221311,0.9785289710461789,0.8945641015684909,0.8753568898426648,0.9737243675353268,0.9099147990444705,0.8860062122106109,0.9568881329677883,0.9266017783302726,0.886654245671087
922.3851039358477,0.9855399823096617,0.8872607656785128,0.8744309593108583,0.9776739492414169,0.8976056679789107,0.8775656782744217,0.9730978778332842,0.9123022434471002,0.8877593770409173,0.9558878065691165,0.9282947273138071,0.8873456107416713
943.9246843247669,0.98428576130345,0.890706052147914,0.876709284636,0.9769538587080636,0.9005403706084029,0.8797863899882689,0.9722989652746995,0.9146127635596089,0.8892770436360411,0.954604273696691,0.9299384278256152,0.887723197477114
965.9672580093834,0.9830350724080962,0.8940273984302353,0.8788602883506882,0.9763710215323733,0.9033738223710354,0.8820280217740125,0.9713179833600755,0.9168486557589784,0.8905515873582069,0.9530696062695895,0.9315345598225958,0.8878172761566367
988.5245709128276,0.9818126590439444,0.897227143231065,0.8809089672620939,0.9759176554962412,0.9061113063056543,0.8842900216684506,0.9701582094527678,0.9190122340330377,0.8915872634346798,0.9513692134485291,0.933084207702098,0.8877075887627889
1011.6086432495807,0.9806447375951103,0.9003085054829468,0.8828827981139703,0.9755758778899546,0.9087575779425594,0.8865619718904613,0.9688385442123467,0.9211058521353835,0.8924028528483181,0.949632787220979,0.9345881859693959,0.887515583945916
1035.2317759307377,0.9795572816052358,0.9032755279019886,0.8848101206522063,0.9753187991150475,0.9113167607390468,0.8888243686974222,0.9673956268958678,0.9231319575042397,0.8930338187374235,0.9480107466406605,0.93604744081262,0.8873830332558514
1059.406557118851,0.9785738796486068,0.9061329301992743,0.8867180169824641,0.9751125116904782,0.913792341257281,0.8910503450469099,0.9658842709793677,0.9250931455105614,0.8935329184394788,0.9466350711778123,0.9374632432396945,0.887435583990791
1084.145868935835,0.9777133514063806,0.9088858907711235,0.8886298703118087,0.9749186155121725,0.916187251305973,0.893208006593122,0.9643747818809046,0.9269921620961814,0.8939678641268132,0.9455725192551977,0.9388370857024512,0.8877385482978747
1109.4628943275218,0.9769874217525926,0.9115397853970257,0.8905629047599517,0.9746968799346766,0.918504007636389,0.8952629904506847,0.9629457940606653,0.9288318106943967,0.8944146854979214,0.9447895821231248,0.940170443883466,0.8882632408011727
1135.3711240885177,0.9763988281648502,0.9140999180934778,0.8925260888520573,0.9744077349886592,0.9207448705237157,0.89718092378944,0.9616721839269391,0.9306147608736427,0.8949463294840022,0.9441506853834,0.9414646321897846,0.8888844777462157
1161.8843640511002,0.9759402278945808,0.9165712810626263,0.8945187849218874,0.9740144621087785,0.9229119835149886,0.8989296191970975,0.9606095727934024,0.9323433172611473,0.8956179156910143,0.9434569493274622,0.9427208159940568,0.8894165051252486
1189.01674244199,0.9755941544420278,0.9189583763288616,0.8965304201219745,0.9734851461959126,0.9250074678608479,0.9004810300828284,0.959779347504986,0.9340192554181461,0.8964523915223211,0.9425119216669677,0.9439400572415629,0.889674757289173
1216.782717410923,0.9753340673698533,0.9212651209535269,0.8985412575455832,0.9727945868665391,0.9270334636890455,0.9018131353208417,0.9591594799618463,0.9356438295712037,0.8974316490010261,0.941190015896942,0.9451232952067382,0.8895406092402001
1245.197084735032,0.9751263100207735,0.9234948420782485,0.9005241176789794,0.9719264015908371,0.9289921301645747,0.9029119781770617,0.9586852263870016,0.9372179888133537,0.8984970397795004,0.9394863751933765,0.946271342031781,0.8890090330748097
1274.2749857031336,0.9749326206006826,0.9256503506130311,0.9024467220831032,0.9708754664440991,0.9308856314313239,0.9037740216219963,0.9582601802489987,0.9387427277906991,0.8995597755401521,0.9375325933502954,0.9473850063879666,0.8882043219400965
1304.0319151841318,0.9747127958873542,0.9277340673883608,0.9042742666640562,0.9696506280441105,0.9327161372012859,0.9044087882241036,0.9577743380979263,0.9402194062204561,0.9005180194596226,0.9355649717872011,0.9484652549173402,0.8873508694578819
1334.4837298838384,0.9744271935940004,0.9297481671153561,0.9059718972313822,0.9682772901080999,0.9344858532877034,0.9048414296657729,0.9571242409554379,0.9416498628802805,0.9012759102550807,0.933840213410943,0.9495131851674233,0.8866935954732509
1365.64665679461,0.9740389353051611,0.9316947061249063,0.9075069195833587,0.9667990553908442,0.9361970720324176,0.9051144449006155,0.9562313002610348,0.9430362469749831,0.9017607766381744,0.932519099589784,0.9505297895034264,0.8863871834410021
1397.5373018422913,0.9735158644393384,0.9335757097115661,0.9088507640594241,0.9652771708903594,0.9378522072335657,0.9052873253116953,0.9550564344750003,0.9443806510927836,0.9019368174198532,0.9315721456196747,0.9515158017111255,0.8864056169910581
1430.172658735088,0.97283245334681,0.9353932113894864,0.9099808726799853,0.9637862911092495,0.9394537686679284,0.9054326633730696,0.9536102128217566,0.9456847601783879,0.9018146454160043,0.9307687528350089,0.9524718292408225,0.88653101661296
1463.57011801908,0.9719718934968474,0.9371492544824883,0.9108827353685031,0.9624054183872296,0.9410042492753634,0.905627588228017,0.9519571737640001,0.9469497324643317,0.9014555910133212,0.9297726131165186,0.953398552190325,0.886443863211504
1497.7474763452,0.9709285211189679,0.9388458797542747,0.9115522415884543,0.9612041986851947,0.9425059421215147,0.905940668852945,0.9502114300723915,0.9481763772942987,0.9009680314296751,0.9283082397218068,0.9542967129211117,0.8858815017441036
1532.7229459526134,0.9697105237069878,0.940485125101644,0.9119983232009471,0.9602270107627624,0.9439607556283363,0.9064166146543557,0.9485193473635523,0.9493654873743559,0.9004915324938048,0.9263231849922134,0.9551670252547935,0.8847933610335582
1568.5151643735478,0.9683425471937357,0.9420690517173321,0.9122455451723486,0.9594795191358546,0.9453701232054277,0.9070632712185474,0.9470262584841468,0.9505180815202522,0.9001655823636536,0.9240536576354867,0.9560102059333858,0.8834047275296001
1605.1432043647615,0.9668674035141929,0.9435997887790712,0.9123358777333614,0.9589228767634684,0.9467350800917265,0.9078459265344511,0.9458308428821771,0.9516354085107657,0.9000861205482624,0.9219200416152804,0.9568269481545782,0.8821179398612905
1642.6265840709302,0.9653456423051717,0.9450795659049485,0.9123284405780053,0.958478508157525,0.9480565039815521,0.9086917835852767,0.9449423699943473,0.9527187722472982,0.9002643345854667,0.9202702024392586,0.9576177539504086,0.8812670842873707
1680.9852774253636,0.96385150176065,0.9465106933920473,0.9122957532584389,0.9580423772566035,0.949335421458053,0.9095035639875727,0.9442634425323111,0.9537693677967567,0.9006095466176315,0.919131819128493,0.9583830161301129,0.8808803250375224
1720.2397247935994,0.962464063803457,0.9478954652567455,0.9123153215518758,0.9575044435438932,0.9505732266193809,0.9101780884019134,0.9436130892323982,0.9547882478325062,0.9009506881000198,0.9181688158720677,0.9591233346952884,0.8806371364924418
1760.4108438655528,0.9612537123603316,0.9492359985769292,0.9124566275381397,0.9567684982814482,0.9517716862201594,0.9106251669316636,0.9427845878399519,0.9557763664392093,0.9010912277005567,0.9168784269078868,0.9598394099399084,0.8800560482698975
1801.5200408020237,0.9602662266905497,0.9505340684684145,0.9127657632689811,0.9557692501835536,0.9529327161851932,0.9107837876236992,0.9416160063044111,0.9567345877511092,0.9008766016114966,0.914922999541549,0.9605316628536655,0.8788125101327076
1843.5892216414882,0.9595091103346456,0.9517910238343293,0.9132521585037788,0.9544853720696272,0.9540580516125703,0.9106344543694478,0.9400498038341129,0.9576636645730936,0.9002515400209943,0.9124279932327883,0.9612004149636374,0.8770261657197951
1886.6408039732582,0.9589453789159808,0.9530078501758285,0.913882473996764,0.952947686041586,0.9551490083694747,0.9102070373506064,0.9381640195320606,0.9585642929237841,0.8992905300292848,0.9099755485860909,0.9618461882522017,0.8752565128102376
1930.6977288832497,0.9584978878529853,0.9541853794330307,0.9145846708067593,0.951240636564758,0.9562064829397755,0.9095824635189804,0.9361609206625424,0.9594372482255216,0.8981876576167405,0.9081328959812033,0.9624694130460314,0.8740501353628214
1975.7834731786993,0.9580632777517545,0.9553245626357382,0.9152613817955566,0.9494935409533451,0.9572311762308808,0.9088848190303946,0.9343029692949034,0.9602834398462679,0.8971956692130918,0.9069034558190607,0.9630703891222276,0.8734118640919558
2021.9220618983538,0.957531323642964,0.95642666963109,0.9158084949392895,0.9478573738714386,0.958223870157514,0.9082595611484277,0.9328041983343783,0.9611037716088672,0.8965216331917568,0.9057062375710125,0.9636495913159854,0.872783445687645
2069.13808111479,0.9568048408414135,0.9574933019497535,0.9161342263787533,0.9464657799108024,0.9591855617296334,0.9078363107616186,0.9317186287542983,0.9618989601329723,0.8962191801352785,0.9038761444769505,0.9642073675568218,0.8715240378635299
2117.4566910357116,0.9558169250344339,0.9585262008748532,0.9161755658851403,0.9453880192148031,0.9601173928424171,0.9076834802329737,0.9308898802296147,0.9626695532923807,0.896139345165041,0.9012716221812392,0.9647438853646095,0.8694962865519932
2166.903639411181,0.9545441831263645,0.9595269550393241,0.9159108734857394,0.9445930923078284,0.9610204856661018,0.9077733123265141,0.9300053172201753,0.9634161058886438,0.8959821011719942,0.8985300892256347,0.9652595435552845,0.8673147437966252
2217.505275253932,0.9530151491157557,0.9604967827243274,0.9153679846132284,0.9439468995793611,0.9618958416804979,0.9079785974725859,0.9287420981865687,0.9641392465200278,0.895436706757028,0.8964707918524448,0.9657546748485752,0.8657708580967026
2269.288562880081,0.9513121009237019,0.9614365229894383,0.9146261985898615,0.9432503377076281,0.9627443505896242,0.9081089338197741,0.9269425187790109,0.9648395995028327,0.8943508485808879,0.8951042277317425,0.9662294585953841,0.8648760733476809
2322.281096277725,0.9495628342199661,0.9623468292064307,0.913808782643856,0.942305062616247,0.9635668256393126,0.9079738979689909,0.9247298996288303,0.9655177674673738,0.8928431481999569,0.8935804715490363,0.9666841355562272,0.8638100656893061
2376.511113811073,0.9479181272871599,0.9632284167658162,0.9130616769704284,0.9409825097388151,0.964363994671886,0.9074496520081007,0.9224770028595709,0.9661743569670008,0.8912736250546921,0.8911645805713457,0.9671188966753207,0.8618621059182848
2432.0075132679476,0.946513342329563,0.9640821894360235,0.9125166554034935,0.9392746212058027,0.9651364967438851,0.9065282173910082,0.9205978219493008,0.9668098724604003,0.8900430628261259,0.8881645954159918,0.9675340366542309,0.8593294762162064
2488.7998672586677,0.9454213719062109,0.9649091831158906,0.9122457636663265,0.937310605710208,0.9658849621657943,0.905334218934002,0.9192685270083835,0.9674246671959869,0.8893230488048304,0.8856660025419952,0.967929664548514,0.8572623967424968
2546.91843897454,0.9446157842422876,0.9657104198331863,0.9122253055816741,0.9353263044188785,0.9666101200629449,0.9040958714123627,0.9182856874408164,0.9680191686590522,0.8889181477479654,0.8840362665850197,0.9683058884731834,0.8560175225581235
2606.3941983143472,0.9439662688892754,0.9664868138655242,0.9123309516153224,0.9335806101802466,0.9673127826518407,0.9030644578632577,0.9171756371792317,0.9685939716512459,0.8883707931171941,0.8823148899189517,0.9686629464558206,0.8546657409707348
2667.258838387406,0.9432751612310253,0.9672391768196215,0.9123726904634926,0.9322387239259516,0.9679936882547977,0.902401200707028,0.9154899759461959,0.9691495407309515,0.8872466897320456,0.8795829607050717,0.9690009236409977,0.8523167013420978
2729.5447924020073,0.9423425532518136,0.9679682504646191,0.9121576726095202,0.931275890052331,0.9686533963913473,0.9020835538765654,0.9131451430021361,0.9696861438183871,0.885464192464231,0.876417770716249,0.9693199168101876,0.8495292006016446
2793.285250948253,0.9410356973674374,0.9686747009981308,0.91155747277597,0.9304639750700961,0.9692923757306308,0.9018916369274599,0.9105749890374124,0.9702041641961893,0.8834436461769969,0.874075888264853,0.9696199622864223,0.8475214298148379
2858.5141796844714,0.9393408622191337,0.9693591143544505,0.9105586262776854,0.9294652180159925,0.9699111416382874,0.9014986707189709,0.908434127632254,0.9707040349745841,0.8818206732012452,0.872385712526671,0.9699013009606398,0.8461280375190928
2925.266337436645,0.937381803598596,0.9700220636495128,0.9092810315542125,0.9279990098851276,0.9705102519123036,0.9006325528579835,0.906993384374688,0.9711860237981397,0.880859298582071,0.8698943266904625,0.9701637844007095,0.8439399720107262
2993.5772947204905,0.9353913252266632,0.970664205589797,0.9079508776167265,0.9260063498525246,0.9710902409254858,0.8992357293768178,0.9058633963367997,0.9716504708074515,0.8801825955378885,0.8664983249771675,0.9704075983139794,0.8408565584841792
3063.483452696084,0.9336297276210146,0.9712862726934752,0.9068217382168398,0.9237191325715263,0.9716516359951803,0.8975332063631724,0.9043325284344725,0.9720977576318472,0.8790996230446895,0.8637613622030459,0.9706327577827474,0.838395073061325
3135.0220625651127,0.9322685240506374,0.9718889371966697,0.9060614650214819,0.9215590799788512,0.972194945365625,0.895935079411235,0.9019846635262003,0.9725280526788073,0.8772053883652848,0.8619099260412079,0.9708392434395304,0.8367759805108679
3208.231245421078,0.9312918977216668,0.9724727126623223,0.9056559580578313,0.9198812331287604,0.9727205528893804,0.8947873816815728,0.8991645037432628,0.9729416117370566,0.8748345614887209,0.8592439935146529,0.9710271014328219,0.8343492044460957
3283.150012563047,0.9304788926945631,0.9730380258895699,0.9053913448794306,0.9187217507850238,0.9732287679451882,0.894126437600955,0.8967509202500844,0.9733387819895926,0.8728424484642634,0.8556060035434035,0.9711963903467301,0.8309614622003451
3359.818286283781,0.9294930407746071,0.9735853416050584,0.9049407996220704,0.9177485426066796,0.9737200310585896,0.8936301394109514,0.8951626337145251,0.9737197381044396,0.8716375252613877,0.8529146796501706,0.9713470195780314,0.8284761320325447
3438.2769211433074,0.9280475283974056,0.9741151644300677,0.9040251707237567,0.9164554031892524,0.974194847439142,0.8928061316947311,0.8938109254299974,0.9740846793470471,0.8706475286943665,0.8508924824857323,0.9714791030267685,0.8266242656574596
3518.5677257392626,0.9260717075807764,0.9746279787138331,0.90257539650352,0.9144944681215708,0.9746535360373394,0.8913152670412748,0.8917678027266831,0.974433782596341,0.8689686732085894,0.8475349077705796,0.9715926184339091,0.8234586602549591
3600.7334849856197,0.923786249147984,0.9751242596559802,0.9008063822808028,0.911980163629616,0.9750963453554267,0.8892685245918825,0.8888650027680565,0.9747672616261965,0.86643650470358,0.8439066191804169,0.9716875422194693,0.8200135486541609
3684.8179829116766,0.9216097319523924,0.975604467236668,0.8991265715415422,0.909493517556719,0.9755236574948928,0.887232442714826,0.886022179344505,0.9750853097448567,0.8639472111869497,0.8416667637401668,0.9717640245548148,0.8179014816661709
3770.866025993452,0.9199061283579509,0.9760689546465249,0.8978918130792771,0.907614552539263,0.9759357951027128,0.8857735299791986,0.8840806915320842,0.9753879697235138,0.8623216707852398,0.838799184359571,0.9718220097070016,0.8151635090849121
3858.9234670299033,0.9187276953159446,0.9765180032426464,0.8971541345536446,0.9063613050890951,0.9763329857421367,0.8849104391587759,0.8825381111377067,0.9756754482802812,0.8610707672087147,0.8347772154253045,0.9718616407422126,0.8112879542374518
3949.0372295767024,0.9177548791264227,0.97695200431133,0.8966024686290611,0.9051556369476408,0.9767155708302891,0.884079604631569,0.880216171378425,0.9759478535148293,0.859045083085815,0.832104132535141,0.9718830152793587,0.808707873354668
4041.255332950601,0.9164820936837362,0.9773714139265863,0.8957433997420714,0.9033215444542544,0.9770838143569572,0.8826208602461806,0.8770338972881211,0.9762052898510005,0.8561651299113029,0.8293435322789889,0.9718863216935629,0.8060276350069733
4135.626917817706,0.9145474590998275,0.9777765279931019,0.8942230392435426,0.9006991021861849,0.9774378555386547,0.8803773989264562,0.8742429575570964,0.9764477769425016,0.8536525924142645,0.8251774828920718,0.9718716396833698,0.8019665933281136
4232.202272379275,0.9120429810414169,0.978167569804545,0.8921308663225754,0.8979174087154178,0.9777779817413944,0.877963871664224,0.8724211173732135,0.9766754961325761,0.8520723276470197,0.822332521433052,0.9718393866281566,0.7991751332338827
4331.032859169001,0.9095373861373418,0.978544880231525,0.8900231525838594,0.8958126722245466,0.9781044383737187,0.8761983506542503,0.8703762076064048,0.9768884526163978,0.8502604666427493,0.8193031978645545,0.971789745789973,0.7961904463777074
4432.171342476086,0.9076246299607934,0.9789087564307667,0.8884816978208551,0.8944188925312913,0.9784173678980588,0.8751149786287626,0.8671624894836767,0.9770866590235302,0.8472928996801328,0.8150175819616471,0.9717232092258101,0.7919715003192315
4535.671616408702,0.9063515868366889,0.9792594037148141,0.8875533144816716,0.8928875963513904,0.978716955851006,0.8738842302181546,0.8639654359753222,0.977270252278465,0.844327719575477,0.8123364928464958,0.9716401091178353,0.7892987185497687
4641.588833612777,0.9051564565766625,0.9795971252069123,0.886688662724974,0.8904612540374744,0.9790033470243389,0.8717645480981776,0.8618789864837906,0.977439197622155,0.8424343049961125,0.8086136919098937,0.9715411308042599,0.7856014606219456
4749.979434661413,0.9033536203716986,0.9799221667557887,0.8852162370213211,0.8874240030300833,0.9792767546809956,0.869033697713318,0.8597130221748096,0.9775935034046555,0.8404498652704764,0.8045694300301488,0.9714268754455387,0.7815803674931855
4860.901178130631,0.9007516013024194,0.9802346554644527,0.8829479355617311,0.8848706089445048,0.9795372772623665,0.8667637470149925,0.8562276030005265,0.9777332862024074,0.837162228018915,0.8018590506989679,0.9712982049175262,0.7788442565407792
4974.413171377451,0.8979522404129522,0.9805348447273665,0.8804734606259049,0.8832030734268825,0.979785000336496,0.8653491235947524,0.8529579796659184,0.977858437858219,0.8340721575548175,0.7972494072277627,0.9711558591111737,0.7742534330021519
5090.575902036681,0.8958065106192359,0.9808229613115427,0.8786275945077189,0.8814702886057733,0.9800201001007847,0.8638586004752975,0.8508935125703899,0.9779690657175805,0.8321475335136146,0.7942372586593284,0.9710008693641557,0.7712050686396117
5209.451270253213,0.8943931799081407,0.9810991348278596,0.877488375003815,0.8787219323804616,0.9802426495207439,0.8613607151886117,0.8481490754144628,0.9780651689843198,0.8295450687691412,0.79027642810099,0.9708343605545237,0.7672275107367376
5331.102621667033,0.8928838953670948,0.9813635339897835,0.8762436950000162,0.8755066786044639,0.9804527320430267,0.8583929149596627,0.8442547512952135,0.9781466960755224,0.825804995625475,0.7862461919075567,0.9706574966155695,0.7631757603605137
5455.594781168515,0.8904928975055146,0.9816162900865726,0.8741223343978058,0.8731047688044545,0.9806503827455911,0.8562105257050892,0.8414769096569868,0.978213829185028,0.823144349966345,0.783015979369312,0.970471660543468,0.7598948177306061
5582.994087441921,0.8874542547030395,0.9818575930441367,0.8713536984595046,0.8713854207591271,0.9808357766609033,0.8546859959412664,0.8391637614382886,0.978266412623496,0.8209257225058738,0.778253746546017,0.9702781862058106,0.755122633606546
5713.368428315581,0.8848568817998939,0.98208754086596,0.8690069190651791,0.8688815929855467,0.9810088334458076,0.8523805179372861,0.8352817602024517,0.9783046841545769,0.8171600585949386,0.7753262941710314,0.9700785540425281,0.7521274103605858
5846.78727693759,0.8831600229430074,0.9823062063984125,0.8675335717798806,0.8654386142652745,0.9811696820377968,0.8491421299818908,0.8318780525016669,0.9783286239072821,0.8138501103626256,0.7702823871986874,0.969874324967566,0.7470771103187321
5983.3217287962825,0.8814511599070077,0.9825137508004997,0.8660378852676852,0.862632324701985,0.9813183496004946,0.8465169291885899,0.8295467844320836,0.9783383306282945,0.8115774162593543,0.7673812072260618,0.9696669630933837,0.74410420474583
6123.044539605184,0.8787395042252473,0.9827102420710401,0.8635463109145785,0.8607425113817047,0.9814548341236939,0.8447798987313427,0.8256618247073861,0.9783340082143268,0.8077730423955319,0.7622225007079388,0.9694579551709206,0.738942666921584
6266.030164072656,0.8755078844117281,0.9828957596858352,0.8605329871598039,0.8580618162889179,0.9815791723959356,0.8422556074974293,0.8220256412681003,0.9783157899467921,0.8042006645937199,0.7592854981237065,0.9692487569558224,0.7359365252309849
6412.354795576918,0.873053894130789,0.9830703330915491,0.8582733825100288,0.8543646501410451,0.9816914186210355,0.8387224454166272,0.8195216143161568,0.9782839043017683,0.8017248045128977,0.7540846884300044,0.9690406470356112,0.7307387143958588
6562.096406767556,0.8713284112013485,0.9832341215455226,0.8567198249652138,0.8515967721154424,0.9817915159196455,0.8360904858474971,0.8153416687594063,0.9782386144614632,0.7975987043598989,0.7510049400451534,0.968834718897959,0.7275996599796247
6715.334791115143,0.8688709326806663,0.9833870618509754,0.854436433616557,0.8495450658640119,0.9818795495468369,0.8341509265902939,0.8119119114795762,0.9781802821093049,0.7941962226189968,0.7460868143611172,0.9686318422277366,0.7226834454564323
6872.151605431121,0.8654296203810925,0.983529260948003,0.8511753549359267,0.8461589953004561,0.9819555120529548,0.8308904895084732,0.8089822538287389,0.9781093345773628,0.791273093977323,0.742435761138368,0.9684325661615709,0.7189989693693488
7032.630413380644,0.8625656431631251,0.9836607534899846,0.8484719704884128,0.8424439196655744,0.9820193874527856,0.8272962619533111,0.8044483061626446,0.9780262145895785,0.7867715317092496,0.7383498030984957,0.9682371622530785,0.7148977181022068
7196.856730011514,0.8606597293041897,0.9837815378464567,0.8467011520573908,0.8401410994555586,0.9820712881577682,0.8250784517766041,0.8016045082646268,0.9779314761334575,0.7839142800424609,0.7335374267788833,0.9680457490320175,0.7100977877491828
7364.918067322966,0.8580319936187485,0.9838916439466313,0.844210508760356,0.8372562661312717,0.9821111677427674,0.8222787292301325,0.7976212774045512,0.9778257229319127,0.779934602203981,0.7303297439797395,0.9678580719399004,0.7068555378885917
7536.903980898542,0.8543283297254353,0.9839911295794723,0.8406514981982749,0.8331554361970763,0.9821391317289292,0.8182745567018338,0.7935826997717081,0.9777097963255473,0.7758935797612747,0.7252393333573143,0.9676731913029198,0.7017946601682744
7712.906117627992,0.8514924714048174,0.9840799383883382,0.8379366587981866,0.8303946122762357,0.9821552402230077,0.8155764199000576,0.7905507913608038,0.9775844441224374,0.7728301559230043,0.7214780084281538,0.9674901225591385,0.6980228467978776
7893.018264543568,0.8494494221171881,0.9841581510833912,0.835992572709707,0.8276133114564591,0.982159610958247,0.8128483680039423,0.7856785551195549,0.9774506212005749,0.767961991765579,0.7175941227299003,0.9673079598377795,0.694134506849441
8077.3363987967105,0.8461169079296016,0.9842257627584438,0.832770059089828,0.8233703148821021,0.9821522998129365,0.8086750483591583,0.7828585473143893,0.9773093101323128,0.7650949468070104,0.7126598209138361,0.9671247104925706,0.689230922980981
8265.958738801812,0.8423487156682782,0.9842827532878706,0.8291093130864745,0.8204268820513704,0.9821335725973054,0.8057687847239805,0.7779951043138068,0.9771615533006004,0.7602269045915421,0.7090806080804921,0.966939067744206,0.6856377421328458
8458.9857965743,0.8399975490061783,0.9843292346434274,0.8268341445156063,0.8173737039358171,0.9821035432856905,0.8027456108239149,0.7748368277258518,0.9770085357982488,0.7570221945389944,0.7050307587776177,0.9667492076813433,0.6815879274392381
8656.520431290935,0.8371758867173499,0.9843651488190034,0.8240867663162053,0.8129935443148859,0.9820625247722253,0.7984104927533969,0.7702326978195649,0.9768513817314088,0.7524028751197527,0.7001987641414156,0.9665534353666306,0.6767795209203543
8858.667904100823,0.8330584034426947,0.984390603762159,0.8200548647340945,0.8102247382103883,0.9820107273309439,0.795649384471507,0.7667305877410421,0.9766912550225986,0.748859060005013,0.6965847749462618,0.9663503010102824,0.6731449069484999
9065.535934216357,0.830219637327451,0.9844056446244906,0.8172728972632403,0.8064674811356626,0.9819485925788102,0.791909608061742,0.7622015857648977,0.9765293596629806,0.744312226481104,0.693154225735934,0.9661386548998571,0.6696830912906672
9277.23475631406,0.8274956640079729,0.9844103675312911,0.8145953107366384,0.802296006122876,0.9818765013452359,0.7877555955351854,0.7586252161697192,0.9763667920903552,0.740696468710481,0.6882886707738531,0.9659170577020016,0.6648297677235019
9493.87717927582,0.823249148883174,0.9844048323044267,0.8104104403511029,0.7995386555845548,0.9817950041493695,0.7849830576772193,0.7538598718169239,0.9762045648505994,0.7359214481253689,0.6834311299139947,0.9656859306459996,0.659979826723443
9715.578646301858,0.8202191837431791,0.9843892612758639,0.8074149563692402,0.7948456758671661,0.9817045670818256,0.7803036301240375,0.7505019422323362,0.976043628194107,0.7325226386631736,0.6800546070917692,0.9654445042367616,0.6565549829976389
9942.457296427418,0.8172325114411019,0.9843637552290171,0.8044540638574037,0.7917193207087603,0.9816058601408164,0.7771563247944255,0.7452645540050459,0.975884795283164,0.7272923467170127,0.6775064113198129,0.965193089292914,0.653924506157526
10174.634027476064,0.8128243208788403,0.9843285799864488,0.8000862095491185,0.7877242668847068,0.9814996028807221,0.7731510551268477,0.7421973819681327,0.9757286853963231,0.7241832758123588,0.6744747741834867,0.9649334677795409,0.6508232827826945
10412.232560483044,0.8099879712741782,0.9842839232323016,0.797258138136721,0.7835364281257675,0.9813865465814009,0.768952109319073,0.7367927423871549,0.9755756523846133,0.718797060326597,0.6703272156341514,0.9646671885409778,0.6466426705082986
10655.379505623052,0.8063082289025928,0.9842301696581721,0.7935928849295791,0.7802762271934285,0.981267584960352,0.7656597690600705,0.7334818588892515,0.9754256961275245,0.7154570528039589,0.6653632447189924,0.9643955473525195,0.6416733505790211
10904.20442967753,0.8020447986485952,0.9841676479323082,0.7893465430223296,0.775359942446892,0.9811435773670663,0.7607394276794662,0.7289129928764919,0.9752785828694537,0.7108932307277173,0.6602318726140761,0.9641202526522232,0.6365429198337336
11158.839925077482,0.7993046480989621,0.9840968313818993,0.7865931715030127,0.7723814676328006,0.9810154885126093,0.7577181827878781,0.7242396234655515,0.9751340620874612,0.7062307259546566,0.6554192761012111,0.9638433201699476,0.6317214911807748
11419.421680558647,0.7946343219680192,0.984018120866197,0.7819345722787548,0.7672001288389331,0.9808843316502271,0.752534585618145,0.7208386945921894,0.9749914649028466,0.7028115747990944,0.6510909110828426,0.963566651359399,0.6273694889226348
11686.088553466509,0.7914054415243462,0.9839321118685543,0.7786892274233157,0.7642290977330801,0.9807510567959012,0.7495184952358964,0.7157638046881043,0.9748495446601341,0.6977620190844036,0.6472022892444672,0.9632918119167101,0.6234446658829456
11958.982643749794,0.7875068624770003,0.9838394238437577,0.7747802978523772,0.7589324203527131,0.9806166364988328,0.7442217573761959,0.7117351193728942,0.9747074949711291,0.6937335552869313,0.6437004660797876,0.9630198746074189,0.6198963421288941
12238.249369681924,0.7831829670377812,0.9837407180442886,0.7704489743538033,0.755925530991975,0.9804820231530644,0.7411713939800662,0.7079445669546129,0.9745639572678606,0.6899372586975695,0.6406431860763122,0.9627509879244336,0.6167798603020264
12524.037545350719,0.779998385471516,0.9836367732285308,0.7672350950086657,0.7505584590844743,0.9803480549056917,0.7358085254564775,0.7029666068623676,0.9744174267354073,0.6849829121397489,0.6380698770856318,0.962483696900532,0.614131854178247
12816.499459957584,0.7749963559719613,0.9835283388955568,0.7622308786392127,0.7474306389704248,0.9802154573789317,0.7326430656374221,0.699059294834376,0.9742669137024483,0.6810703416732974,0.6358296052657474,0.9622153625415343,0.6118050141454218
13115.790958968502,0.7720406402268617,0.9834162677503097,0.7592373249634599,0.7423095699317606,0.9800848134716061,0.7275263363847577,0.6954133601623674,0.97411070462116,0.6774095982707322,0.6335778673035187,0.9619459087067033,0.6094676372997384
13422.07152716012,0.7668254744324943,0.9833014432144815,0.7540205957031011,0.7386396347960279,0.9799564870372912,0.7238347017012232,0.690414110334309,0.973948125972999,0.6724275289054156,0.6307800052859662,0.9616752190802679,0.6066054997748341
13735.504373605123,0.7638416901083486,0.9831846965929406,0.7509974603342157,0.7343565558978727,0.9798306459924602,0.7195450585542108,0.6859413101923382,0.9737781346652137,0.6679546495289078,0.6265101059106971,0.9613962188538383,0.602324446896262
14056.256518642153,0.7585239173516265,0.9830668870858273,0.7456797462110109,0.7294786479707809,0.9797073663335357,0.7146756050000022,0.6828309968013846,0.9735999036368737,0.6648041926860985,0.6224935561796211,0.9611123354317782,0.5982862355710284
14384.49888287663,0.7555057890560137,0.9829488505985805,0.7426235469731823,0.7261426239531047,0.9795865124460238,0.7113195205366264,0.6796285900161784,0.9734140031830406,0.6615599864852937,0.6204804754235851,0.9608181960451934,0.5961689310777529
14720.406378260013,0.7500767277933391,0.9828313257216403,0.7371989047700774,0.7208750694861589,0.9794674766620725,0.7060736852982041,0.6749382539488994,0.9732200401416733,0.6568634346012987,0.6192839564237776,0.9605187162575729,0.5948338308230776
15064.158001295911,0.7469868790500603,0.9827149657562332,0.7340751852660355,0.7170692722349973,0.9793495653587514,0.7022614800954607,0.6693237392517398,0.9730183675765364,0.6512642921469511,0.6161320537156074,0.9602077549759338,0.5916147760669749
15415.936928422718,0.7417187552778979,0.9826003049386467,0.7288130751147759,0.7130055990253089,0.9792322192234205,0.6981980550522776,0.6644857057075467,0.972810523202763,0.6464186870301157,0.6137851090577395,0.9598939737622355,0.5891686273695207
15775.930613623614,0.7381796047356131,0.9824876757657743,0.7252523641543904,0.7079372545634477,0.979114131941923,0.6931513704712382,0.6610111120092309,0.9725981307516344,0.6428981719462372,0.6117350601887764,0.9595789536029452,0.5870080889381808
16144.330888316019,0.7337024942338437,0.9823772161626145,0.7207726137770101,0.7042731469655927,0.9789943693776665,0.689479445383205,0.6583975767386011,0.9723825177799758,0.6402142933693158,0.6095122121697281,0.9592612362747183,0.5846814381704717
16521.334063573686,0.7289668266998696,0.9822689806409721,0.7160415017835651,0.7000259446619401,0.978871813863433,0.6852356662026965,0.655998695400811,0.9721650797862537,0.6377390240540077,0.6080525275230244,0.9589424007194647,0.5830873505064674
16907.1410347358,0.7255203437597585,0.9821628910882054,0.712579158370393,0.6950847169016041,0.9787452116913236,0.6803108383872642,0.6534580459085363,0.9719472741209532,0.6351267664732065,0.6045477800775366,0.9586246775162546,0.5795344207199962
17301.957388458944,0.7201785691665533,0.982058458774479,0.7072574556781148,0.6913991867224932,0.9786137224236909,0.6766127317992117,0.6506633447152369,0.9717304006631815,0.6322693526569829,0.6039671458272289,0.9583092554028251,0.5787873058054612
17705.993512268982,0.7164948736675621,0.9819550123960467,0.7035657325539348,0.6877529909039414,0.9784764254855554,0.6729500881566882,0.647622398033902,0.9715153195323362,0.6291750809622041,0.6007541134821179,0.957996532723739,0.5755203577353926
18119.46470667122,0.7122657851218016,0.981852082223233,0.6993396442182067,0.6826460733139955,0.9783324533510205,0.6678548076757218,0.644355853294532,0.9713021104442278,0.6258642001820702,0.6002533984862485,0.9576853093213101,0.5748538616004705
18542.59129987852,0.7072089777968946,0.9817485955031783,0.6943014206793396,0.6777381980048434,0.9781820486168281,0.6629513389502552,0.6408325565985736,0.9710898504017514,0.6223059915198808,0.5985987911608033,0.9573692585530023,0.5730800808643417
18975.598765218503,0.7036014574395658,0.9816435968274293,0.6906858654139968,0.674372000142934,0.9780245547749478,0.659552375192484,0.6369831312957116,0.9708774225694861,0.618432540732621,0.5968028213565008,0.9570409435930936,0.571164735290046
19418.71784128255,0.6991861454579179,0.9815362567713227,0.6862765519991343,0.6717291590395942,0.9778603003709113,0.6568572772263572,0.6334064563587508,0.9706654720208948,0.6148257769425491,0.5953756989324913,0.956712742862548,0.5696035179594103
19872.184654880533,0.694287386428833,0.9814252961053358,0.6813912038081171,0.668449459611465,0.9776904919396381,0.6535366810043184,0.6310964185658058,0.970452515840369,0.6124491071350328,0.5947909969948958,0.9563722365072633,0.5688415960503934
20336.240846866724,0.6906671394116266,0.9813101540963646,0.6777586770053187,0.6639496746186766,0.9775160322348031,0.6490214515368373,0.6296239346901806,0.9702331208350189,0.610881995106878,0.5937710753213348,0.9560334017433139,0.5676649809962411
20811.13370090395,0.6868306030984084,0.9811897876577119,0.6739111736109455,0.6586322589703005,0.977337718198248,0.6437061491137911,0.6281083630223537,0.9700104825063341,0.6092716962815771,0.5910538012442736,0.9556853614722922,0.564861465691706
21297.11627523478,0.6815929663941205,0.9810636516730528,0.6686860845652842,0.6532174777810067,0.9771567097889332,0.6382958413651141,0.6248381214430924,0.9697795006786121,0.605955201418044,0.5901753288784108,0.9553401211835343,0.5638181702102332
21794.44753752984,0.6768664750906704,0.9809317798794881,0.6639598361514466,0.6482026550092993,0.9769743838459858,0.6332773894850423,0.6208816526335503,0.9695437996525902,0.601971956628912,0.5898822744944205,0.9550010995204566,0.5633382207297994
22303.392502884966,0.6736718205345241,0.9807935147207496,0.660732952630382,0.6437103203297444,0.9767920354638526,0.6287711140439797,0.6187128513489281,0.969298082841123,0.5997171806416807,0.5891669496297643,0.9546643304789527,0.5624566715086259
22824.222375040976,0.6709475604594652,0.9806493766072333,0.6579643069007185,0.6396434009748168,0.9766107369262441,0.6246826131960248,0.6172192393836902,0.9690505448779486,0.598116640233918,0.5880945690974616,0.9543273290772059,0.5612347193715909
23357.21469090122,0.6673390805332392,0.9805003249085704,0.6543261852870277,0.6359250646184884,0.9764312632228281,0.6209371141604892,0.6146392226281511,0.9687995013755181,0.5954621724079888,0.5869512188409656,0.9539866464842011,0.5599436249119072
23902.653468423894,0.6624451162376723,0.9803469566280303,0.6494260536367038,0.6326524821504301,0.9762538365933728,0.6176294129296778,0.6125759260935759,0.9685437779886669,0.5933066017635784,0.58567476770043,0.9536368072676548,0.5585210155670635
24460.829357967985,0.6568814879096349,0.9801899639180731,0.6438686419325952,0.6299392696820363,0.976077567369949,0.6148695899420442,0.6092248311915538,0.9682864022638856,0.5899041199642927,0.5841571522881588,0.9532806785433116,0.5568657265091846
25032.039797173256,0.6514554858207328,0.980030449187333,0.638446212394445,0.6276639667047031,0.9759003798171527,0.6125375035046605,0.6083497687991893,0.9680300468273864,0.588900855178109,0.5833290405043796,0.952924088576032,0.5558682942625671
25616.589169457275,0.6466098151128522,0.9798696669544436,0.6335933441841048,0.6254591557276808,0.975721766692195,0.6102741124204215,0.604733195996602,0.967775068043165,0.5852457099035722,0.5824305424702703,0.9525610615367869,0.5548006558069273
26214.788966213535,0.6423376664477118,0.9797087676230872,0.6293038435933774,0.6227801417513978,0.9755425459592415,0.607548525057016,0.6040575665138717,0.9675206851439545,0.584438190619891,0.5814922448418849,0.9522014610960364,0.5536977651544569
26826.957952797246,0.6384264293855235,0.9795486815647466,0.6253697671806784,0.6185676855743966,0.9753576181460755,0.6033247044639739,0.6002681924550779,0.967267148882503,0.5806197030808767,0.5809904619164419,0.9518437539363452,0.5530121422717572
27453.422338387147,0.6347234112757956,0.9793901036510357,0.6216418275591404,0.6139592987102894,0.9751686146720292,0.5987138387883235,0.5995257532967362,0.9670153631084993,0.5797506140171399,0.5807658634660944,0.9514853072470375,0.5525901860386279
28094.515949814064,0.6313303888053332,0.9792334000137267,0.6182198031618344,0.6117084387654028,0.9749730778483988,0.5963992592889436,0.5980153377955278,0.9667591523175721,0.5781368010401111,0.579985787360401,0.9511247218281317,0.5516388206674313
28750.580409448772,0.6284955957298318,0.9790781036940795,0.6153462760472446,0.610451620946772,0.9747730350902734,0.595051779326062,0.5957565148274588,0.966490666925254,0.5757931113406557,0.5792534412339617,0.9507604694152711,0.5507312736980127
29421.96531724374,0.6262306630570993,0.978922389241502,0.6130312168961456,0.6073127368521695,0.9745645675763592,0.5918654747739498,0.59428148572297,0.966223930203313,0.5742089927823121,0.5790024528762553,0.9503921056249733,0.5502793603510887
30109.02843702593,0.624189297912126,0.9787646677481003,0.610934430782882,0.6048356951684031,0.9743550281426159,0.589324700787468,0.5937640545029,0.9659445633831587,0.5735431603794179,0.5782017496661315,0.9500189324941204,0.5493026089840508
30812.135887140023,0.6218451612315351,0.9786063623082628,0.6085416311517877,0.6026863440863878,0.9741436224417278,0.5871030584244754,0.5930035788031378,0.9656697618786756,0.5726456247360285,0.5779663218287743,0.9496437083024464,0.5488620811354024
31531.662335543617,0.6182366850469434,0.9784441223242524,0.6049100506894117,0.5998360797144389,0.9739292047695328,0.5841978761083575,0.5911063559945309,0.9653924326470569,0.5706496029666974,0.5774408013292079,0.9492712856511499,0.5481479718652075
32267.991199458087,0.6131113970869071,0.9782767022566152,0.5997925956581256,0.5984431192142198,0.9737133521725737,0.5827120556946891,0.5886565592919566,0.9651109103155527,0.5681188678014814,0.5771240546571063,0.9488995324138678,0.5476327456089236
33021.51484968176,0.6104631118440031,0.9781052278121447,0.5970971610810895,0.5942374191517773,0.9734979090746855,0.5784888850381926,0.5873094621470722,0.9648308240737685,0.5666542723496815,0.5765576872156573,0.9485250320166783,0.5468793987256932
33792.63481967431,0.6090651089168496,0.9779278202618529,0.5956217143606027,0.5936670711979123,0.9732836314591039,0.5778064429331945,0.5861775612932836,0.9645513549435196,0.5653983609829247,0.5758737721132112,0.9481464130487789,0.5460126513980111
34581.76201952377,0.6067846134760443,0.9777442435569842,0.593280162905152,0.5895969348360416,0.9730709721340784,0.5737196625481799,0.5844872570625337,0.9642705795850343,0.5636038661277563,0.575384848585778,0.9477633777925393,0.5453286876263057
35389.316954909875,0.6041498178718385,0.9775598491591027,0.5905926048282938,0.5890515933922449,0.9728601457252483,0.573064818987269,0.582723720766286,0.9639865951610168,0.5617378555010512,0.5750251066570093,0.9473784658154989,0.5447664033501112
36215.72995118075,0.6019428376628936,0.9773719445327732,0.5883220417441577,0.5872814795311339,0.9726471556064,0.5712176606062755,0.5817659173832949,0.9637024467284756,0.5606492380055175,0.5748340169889645,0.9469958451708109,0.5443654257513968
37061.44138266228,0.5985342879862778,0.9771806173786988,0.5848761050567508,0.5857463339753997,0.9724231189432092,0.5695932769939088,0.5808956840902657,0.9634103640165409,0.5596409224650404,0.5747223012981978,0.946613027348947,0.5440396175168407
37926.901907322455,0.5973206140163947,0.9769885045341286,0.5835753734152849,0.5842516501384023,0.9721990067442975,0.5680088739532715,0.5800221198627128,0.9631152282431691,0.5586281363576634,0.5745641973748893,0.9462306998805616,0.5436702826083546
38812.57270691537,0.5934872110348544,0.9767971769082956,0.5797166322700236,0.5837123808932434,0.9719672862815737,0.5673493388257621,0.5792837690518,0.9628183942325016,0.5577450683234054,0.5742787043417654,0.9458439233891993,0.5431780228334814
39718.92573273303,0.5928634883430784,0.9766065260357594,0.5789943517641758,0.5822941983622919,0.9717352108551687,0.5658357756253232,0.5789952535673127,0.9625255703852762,0.5572977366902453,0.5740105609721742,0.9454535282410073,0.5427003101187419
40646.44395709628,0.5884404741581323,0.9764162026068881,0.5745628132376802,0.5792434396496394,0.9714949599857259,0.5627320822244207,0.5786841223333228,0.9622322913249064,0.5568285489861357,0.5738264514292494,0.9450634622640626,0.5423024129264273
41595.621630718444,0.5877376118284966,0.9762272099348367,0.5737654489690973,0.5787091923448796,0.9712594637440476,0.5620767798206386,0.577680205069383,0.9619366696086319,0.5556917725632738,0.5736669432336725,0.9446751928468582,0.5419289302291372
42566.96454607872,0.5857496298649828,0.9760388985823044,0.5717144235784103,0.5783629403861593,0.9710275499763279,0.5616063490002773,0.5769628131586021,0.9616381769713577,0.5548294678261042,0.5734703878890438,0.944285448063091,0.5415197421787203
43560.99030694608,0.5849848917244462,0.9758430507007269,0.570853441354218,0.5774784063023659,0.9707963136629737,0.5606139080583058,0.5766518577955716,0.9613365386717363,0.5543565009918211,0.5733580524294779,0.9438938327475956,0.5411891296443568
44578.22860419707,0.5835403739306924,0.9756411894299402,0.5693260245021328,0.5762755996092523,0.9705645932918023,0.5593126929587435,0.5758184015728384,0.9610306900631933,0.5533791558146298,0.5732546754085373,0.9434996731468124,0.5408655988778369
45619.22149807459,0.5830170932387356,0.9754390384490788,0.5686976328281692,0.5750941161130445,0.970330441868,0.5580313278036574,0.5755626750102664,0.9607203371861281,0.552954767207613,0.5730611897208058,0.9431055411396828,0.5404571834377909
46684.52370703789,0.5803468583644896,0.9752296854605127,0.5659714841407979,0.5739696132159349,0.9700890818352482,0.5568016550859788,0.5749350957058484,0.9604123731335309,0.5521747796646076,0.5729181000472291,0.9427125715410074,0.5400970953779115
47774.702903357735,0.578611928453738,0.9750168137594207,0.5641563588841575,0.5719295841387755,0.9698400824190454,0.5546802350190404,0.5744170473698685,0.960102712416032,0.5514993652378191,0.5728392065872215,0.9423186903460334,0.5397970909301315
48890.340015614434,0.5782824878962523,0.9748098415475678,0.5637154603958789,0.5710979941961845,0.9695924365623633,0.5537322957085569,0.5736860722296194,0.9597936580482908,0.5506202538366224,0.572758439079363,0.941922188320718,0.5394938823167922
50032.029538259994,0.5777501415055927,0.974603038819964,0.5630770435900149,0.5701741781402414,0.9693382218782735,0.5526916239993676,0.5731339847371411,0.9594819066651159,0.5499116884501676,0.5726666077945562,0.9415250018444165,0.5391799289600053
51200.37984840888,0.5766687041956369,0.9743954305783172,0.5619033503257479,0.5690741225548577,0.9690878140901243,0.5514827974819425,0.5728571947277585,0.9591656368602499,0.5494649360110267,0.5725000110393615,0.9411293206373457,0.5387965464543473
52396.01353002645,0.5754557638776796,0.9741874539556225,0.5606017854760845,0.5683592966070505,0.9688369548032569,0.5506474901588959,0.5725757580010511,0.9588460024322144,0.5490119766489029,0.5722877026442209,0.9407340060170359,0.5383705031027842
53619.56770568817,0.5744127944677366,0.9739787800109984,0.5594658727783944,0.5680916235129074,0.9685835148241,0.5502441814442612,0.5721754541145772,0.9585244315868255,0.5484441519231088,0.5722244419819181,0.9403359469199603,0.5380832125018128
54871.69437608599,0.5735430624022239,0.9737667459876773,0.5584971615592209,0.5670027645515665,0.9683291027164471,0.5490452782359633,0.571852906013418,0.9582045946580955,0.5479520820106412,0.5720506884642306,0.9399375417913404,0.5376919178951127
56153.060767462724,0.5723767757038848,0.9735441875825586,0.5572340830937629,0.5661948209394851,0.9680706853099709,0.5481166083258436,0.5716813382456287,0.957883430223516,0.5476040812734929,0.5720099250946974,0.9395408145660576,0.5374266709633416
57464.34968715974,0.5714018463601068,0.9733216458346655,0.5561577855321859,0.5658142125492372,0.9678103539283252,0.5476008533049539,0.571506175635598,0.9575609285631758,0.5472519842212127,0.5717629335337152,0.9391445232280232,0.5369680276129769
58806.25988746757,0.5706522095448316,0.9730961762855544,0.5552994830969786,0.5650405227687596,0.9675469436257919,0.546703230829633,0.5713039095117999,0.9572343732807549,0.5468717397743729,0.5716484901404715,0.9387461272461607,0.5366328062654827
60179.50643797328,0.5695737721826408,0.9728724718671322,0.5541226436540126,0.5647059949633085,0.96727980991317,0.5462287074649366,0.5709947891008581,0.956905895491518,0.5463882799855471,0.5716265963114917,0.9383481890902672,0.5363847814847215
61584.821106602605,0.5679650473779927,0.9726453116783798,0.5524285405293934,0.5641319429119293,0.967015581148379,0.5455243786193434,0.5708418760339007,0.9565772957120997,0.5460543780557304,0.5716537571331671,0.937951793266315,0.5361836666304806
63022.952749560245,0.5675913290867587,0.9724187690046645,0.5519364615282674,0.5636695882950917,0.9667498880955333,0.5449275114071352,0.5704905117011622,0.9562474174611078,0.5455300785003022,0.5715996372089306,0.9375549207966335,0.5359060525908034
64494.667710376205,0.5668979399654386,0.972190513584736,0.5511327994051285,0.5628198373385039,0.9664816079184222,0.5439550213593021,0.5702769898591932,0.9559170007153661,0.5451374697231872,0.5714078369744943,0.9371576843359191,0.5354992453104134
66000.75022827089,0.5661846933309286,0.971959408630009,0.5503085397052924,0.5620245079491245,0.9662102859742892,0.5430338605500827,0.5700476641161293,0.9555829166000174,0.5447278094771179,0.5712678344927252,0.9367622555760143,0.5351421451774305
67542.00285605587,0.5652033410934303,0.9717241887087111,0.5492217580794665,0.5615408406476782,0.9659347621304232,0.5424118183375329,0.5699444773514648,0.9552466909736954,0.544437576028719,0.5712633201174996,0.9363671109853806,0.5349121846703397
69119.24688779366,0.5647318550304123,0.9714886275197696,0.5486305747601888,0.5610633243802853,0.9656564665174392,0.5417944273135941,0.5697691386558106,0.9549115959877502,0.5440791575383859,0.5711584950203014,0.9359712317313013,0.5345879200979478
70733.3227964444,0.5642519961712086,0.9712495316984825,0.5480294870412202,0.560736418685948,0.9653792807507395,0.541323320561786,0.5694857587547323,0.9545757457640885,0.5436172928653263,0.5709596601544543,0.9355775724472908,0.5341770528126345
72385.09068173247,0.5636213448885934,0.9710121675456477,0.5472831837752661,0.5605879838769663,0.9651024657996045,0.541024845537289,0.5691931873312982,0.9542372249401198,0.5431453275338397,0.5708361296379537,0.935184349076918,0.5338370143250569
74075.43072847163,0.5629305924001496,0.9707732490517671,0.5464779601749292,0.5604189474267286,0.9648246148015222,0.540705995078468,0.5689751891065211,0.9538954129705313,0.5427428229827511,0.5707689281765518,0.934790962797912,0.5335496359052911
75805.24367559262,0.5620911557905525,0.9705338348301873,0.5455284849535371,0.5599619577018924,0.9645414420610539,0.5401065141811141,0.5686914295982627,0.9535538182191572,0.5422778840819344,0.5706101887322327,0.9343999421311345,0.5331781273308339
77575.45129612414,0.5615938875209809,0.970291323431822,0.5449096763539544,0.5596870109596613,0.9642543928422029,0.5396806589345756,0.5686358439703575,0.9532124627666,0.5420307732483486,0.5704698885452536,0.9340095145888266,0.5328243036876944
79386.99688838224,0.5612890789014636,0.9700452089285111,0.5444757818122619,0.5593451091264361,0.9639670515099636,0.5391902556211294,0.5685051189726236,0.9528698250313529,0.5417113732448723,0.5705034024388329,0.9336198203679985,0.5326332841042751
81240.84577862965,0.56094833276731,0.9697960598055853,0.5440054828722496,0.5591768812561818,0.9636818995914406,0.5388686391365747,0.5681722761071023,0.95252440578837,0.5411979596843434,0.5703779921366012,0.933232353668767,0.5322951960825059
83137.98583547334,0.5603962894834266,0.9695453644307428,0.5433296247128448,0.558949153607858,0.9633935952296498,0.5384880346448442,0.5681691801367577,0.9521797166983929,0.540999168979376,0.5703061137369884,0.9328452849788381,0.5320073691941546
85079.42799627445,0.5601464989102197,0.9692970628099998,0.5429483561369808,0.5588136071600767,0.9631042787768883,0.538195776094617,0.5679178858536766,0.9518356020465135,0.5405644627945174,0.5702986744637404,0.9324600909646227,0.531780753867463
87066.20680585118,0.5599564410652491,0.969044893803875,0.5426229299668701,0.5586428743581017,0.962811425412911,0.5378677421574896,0.5676853508351266,0.9514891965456481,0.540146478356849,0.5702841110255387,0.9320764142969267,0.5315483693351944
89099.38096776107,0.5595833827538577,0.968789656758103,0.5421185933056479,0.5583794911277973,0.9625175096856639,0.5374500372598757,0.5675798538759347,0.9511405585555264,0.5398482192404206,0.5702118433027723,0.9316938392059574,0.5312628614474657
91180.03390845681,0.5593926433975099,0.9685316749743932,0.5417894938781437,0.558220762124853,0.9622242453358012,0.5371335515663626,0.567583988794727,0.9507934560790456,0.5396551423212689,0.5702032635251036,0.9313133987381997,0.5310379393251776
93309.27435461665,0.5589042139477088,0.9682713763632959,0.5411709524943941,0.5581429282158357,0.9619280992466964,0.5368933660466442,0.5675579811901682,0.9504458465424521,0.5394331258942145,0.5701717160493878,0.9309340393493754,0.5307922587446217
95488.23692395657,0.5587496729123885,0.9680119223806418,0.5408763450054761,0.5580544536443808,0.9616301158725468,0.5366419689212366,0.5674117124842932,0.9500957463557363,0.5390954544637511,0.5701891498135321,0.9305570847101424,0.530593552983835
97718.082729839,0.5585424258422104,0.9677535017408673,0.5405313884796378,0.5579224702020008,0.9613298798607672,0.5363475412509119,0.5671057189801204,0.9497462225927564,0.5386065144121186,0.5702040577908302,0.9301814892192364,0.5303932596347259
100000.0,0.5583158679824695,0.9674910037607855,0.5401655795299336,0.5577800437822866,0.9610297787102455,0.536043232045082,0.5670947310520773,0.9493968270451544,0.5383979382948674,0.5702123387975004,0.9298083809054281,0.5301882115096013
