a_max_f_micron,P_Band 4,omega_Band 4,P_times_omega_Band 4,P_Band4_nterms2,omega_Band4_nterms2,P_times_omega_Band4_nterms2,P_Band4_nterms2_robust_minus,omega_Band4_nterms2_robust_minus,P_times_omega_Band4_nterms2_robust_minus,P_Band4_nterms2_smooth,omega_Band4_nterms2_smooth,P_times_omega_Band4_nterms2_smooth,P_Band4_nterms2_smooth_B6,omega_Band4_nterms2_smooth_B6,P_times_omega_Band4_nterms2_smooth_B6,P_Band4_nterms2_smooth_B6_B7,omega_Band4_nterms2_smooth_B6_B7,P_times_omega_Band4_nterms2_smooth_B6_B7,P_Band5,omega_Band5,P_times_omega_Band5,P_Band5_robust_minus1,omega_Band5_robust_minus1,P_times_omega_Band5_robust_minus1,P_Band5_robust_minus2,omega_Band5_robust_minus2,P_times_omega_Band5_robust_minus2,P_Band6,omega_Band6,P_times_omega_Band6,P_Band6_smooth,omega_Band6_smooth,P_times_omega_Band6_smooth,P_Band6_smooth_B7,omega_Band6_smooth_B7,P_times_omega_Band6_smooth_B7,P_Band7_nterms2,omega_Band7_nterms2,P_times_omega_Band7_nterms2,P_Band7_nterms2_smooth,omega_Band7_nterms2_smooth,P_times_omega_Band7_nterms2_smooth,P_Band7_nterms2_smooth_B6,omega_Band7_nterms2_smooth_B6,P_times_omega_Band7_nterms2_smooth_B6
10.0,0.9999999541547884,0.0022267229691207984,0.0022267228670362128,0.9999999541547884,0.0022267229691207984,0.0022267228670362128,0.9999999541547884,0.0022267229691207984,0.0022267228670362128,0.9999999541547884,0.0022267229691207984,0.0022267228670362128,0.9999999541547884,0.0022267229691207984,0.0022267228670362128,0.9999999541547884,0.0022267229691207984,0.0022267228670362128,0.9999999120205759,0.0031523152970268577,0.003152315019687973,0.9999999120205759,0.0031523152970268577,0.003152315019687973,0.9999999120205759,0.0031523152970268577,0.003152315019687973,0.9999997425809415,0.0057426606047466106,0.005742659126476324,0.9999997425809415,0.0057426606047466106,0.005742659126476324,0.9999997425809415,0.0057426606047466106,0.005742659126476324,0.9999987151058716,0.014406678974132694,0.01440666046307547,0.9999987151058716,0.014406678974132694,0.01440666046307547,0.9999987151058716,0.014406678974132694,0.01440666046307547
30.01001001001001,0.9999963474637632,0.037485556547152785,0.03748541962979914,0.9999963474637632,0.037485556547152785,0.03748541962979914,0.9999963474637632,0.037485556547152785,0.03748541962979914,0.9999963474637632,0.037485556547152785,0.03748541962979914,0.9999963474637632,0.037485556547152785,0.03748541962979914,0.9999963474637632,0.037485556547152785,0.03748541962979914,0.9999929822738802,0.05224405739345644,0.052243690758970264,0.9999929822738802,0.05224405739345644,0.052243690758970264,0.9999929822738802,0.05224405739345644,0.052243690758970264,0.9999794030129807,0.09123670583596206,0.09123482663471628,0.9999794030129807,0.09123670583596206,0.09123482663471628,0.9999794030129807,0.09123670583596206,0.09123482663471628,0.999896170222146,0.20123584177654072,0.20121494750379282,0.999896170222146,0.20123584177654072,0.20121494750379282,0.999896170222146,0.20123584177654072,0.20121494750379282
50.02002002002002,0.9999747071768004,0.12748070711431292,0.1274774827673265,0.9999747071768004,0.12748070711431292,0.1274774827673265,0.9999747071768004,0.12748070711431292,0.1274774827673265,0.9999747071768004,0.12748070711431292,0.1274774827673265,0.9999747071768004,0.12748070711431292,0.1274774827673265,0.9999747071768004,0.12748070711431292,0.1274774827673265,0.9999512642026621,0.17111480663587256,0.17110646721933484,0.9999512642026621,0.17111480663587256,0.17110646721933484,0.9999512642026621,0.17111480663587256,0.17110646721933484,0.9998558326118956,0.2723535869333247,0.27231432242805564,0.9998558326118956,0.2723535869333247,0.27231432242805564,0.9998558326118956,0.2723535869333247,0.27231432242805564,0.9992527378902069,0.4808663230087482,0.48050698982568824,0.9992527378902069,0.4808663230087482,0.48050698982568824,0.9992527378902069,0.4808663230087482,0.48050698982568824
70.03003003003003,0.9999104823678506,0.2633158086592581,0.2632922372515594,0.9999104823678506,0.2633158086592581,0.2632922372515594,0.9999104823678506,0.2633158086592581,0.2632922372515594,0.9999104823678506,0.2633158086592581,0.2632922372515594,0.9999104823678506,0.2633158086592581,0.2632922372515594,0.9999104823678506,0.2633158086592581,0.2632922372515594,0.9998266812287171,0.3350048842194544,0.3349468215845477,0.9998266812287171,0.3350048842194544,0.3349468215845477,0.9998266812287171,0.3350048842194544,0.3349468215845477,0.9994801129583543,0.4757249870562173,0.4754776638000597,0.9994801129583543,0.4757249870562173,0.4754776638000597,0.9994801129583543,0.4757249870562173,0.4754776638000597,0.9971486663139465,0.6871643808776742,0.6852050459306216,0.9971486663139465,0.6871643808776742,0.6852050459306216,0.9971486663139465,0.6871643808776742,0.6852050459306216
90.04004004004005,0.9997675631662607,0.41338911596288447,0.4132930291056678,0.9997675631662607,0.41338911596288447,0.4132930291056678,0.9997675631662607,0.41338911596288447,0.4132930291056678,0.9997675631662607,0.41338911596288447,0.4132930291056678,0.9997675631662607,0.41338911596288447,0.4132930291056678,0.9997675631662607,0.41338911596288447,0.4132930291056678,0.999546678900253,0.49746576106912516,0.4972402493432308,0.999546678900253,0.49746576106912516,0.4972402493432308,0.999546678900253,0.49746576106912516,0.4972402493432308,0.9986092361436422,0.6385812064796277,0.6376930908183064,0.9986092361436422,0.6385812064796277,0.6376930908183064,0.9986092361436422,0.6385812064796277,0.6376930908183064,0.9915248051120684,0.8049151948469597,0.7980933817023743,0.9915248051120684,0.8049151948469597,0.7980933817023743,0.9915248051120684,0.8049151948469597,0.7980933817023743
110.05005005005005,0.9994956772596792,0.5489458210579948,0.5486689751972312,0.9994956772596792,0.5489458210579948,0.5486689751972312,0.9994956772596792,0.5489458210579948,0.5486689751972312,0.9994956772596792,0.5489458210579948,0.5486689751972312,0.9994956772596792,0.5489458210579948,0.5486689751972312,0.9994956772596792,0.5489458210579948,0.5486689751972312,0.9990059007394526,0.6299324852997307,0.6293062698818994,0.9990059007394526,0.6299324852997307,0.6293062698818994,0.9990059007394526,0.6299324852997307,0.6293062698818994,0.9968410200083299,0.7500129517399575,0.7476436758319175,0.9968410200083299,0.7500129517399575,0.7476436758319175,0.9968410200083299,0.7500129517399575,0.7476436758319175,0.9767492371676655,0.8681110166469125,0.8479267732867183,0.9767492371676655,0.8681110166469125,0.8479267732867183,0.9767492371676655,0.8681110166469125,0.8479267732867183
130.06006006006007,0.9990259833965479,0.6575297233174439,0.6568892784496694,0.9990259833965479,0.6575297233174439,0.6568892784496694,0.9990259833965479,0.6575297233174439,0.6568892784496694,0.9990259833965479,0.6575297233174439,0.6568892784496694,0.9990259833965479,0.6575297233174439,0.6568892784496694,0.9990259833965479,0.6575297233174439,0.6568892784496694,0.9980506599631059,0.727553512751377,0.7261352635599878,0.9980506599631059,0.727553512751377,0.7261352635599878,0.9980506599631059,0.727553512751377,0.7261352635599878,0.9934639599013312,0.8221781278347273,0.8168043386229511,0.9934639599013312,0.8221781278347273,0.8168043386229511,0.9934639599013312,0.8221781278347273,0.8168043386229511,0.9334857303623636,0.9007058782414061,0.8407960845918532,0.9334857303623636,0.9007058782414061,0.8407960845918532,0.9334857303623636,0.9007058782414061,0.8407960845918532
150.0700700700701,0.9982635024085709,0.7392039926640984,0.7379203667112624,0.9982635024085709,0.7392039926640984,0.7379203667112624,0.9982635024085709,0.7392039926640984,0.7379203667112624,0.9982635024085709,0.7392039926640984,0.7379203667112624,0.9982635024085709,0.7392039926640984,0.7379203667112624,0.9982635024085709,0.7392039926640984,0.7379203667112624,0.9964495570943523,0.7964905238648117,0.7936626297349403,0.9964495570943523,0.7964905238648117,0.7936626297349403,0.9964495570943523,0.7964905238648117,0.7936626297349403,0.9870960860096271,0.8684606497647339,0.8572541082361463,0.9870960860096271,0.8684606497647339,0.8572541082361463,0.9870960860096271,0.8684606497647339,0.8572541082361463,0.7847472677338321,0.9148154580175544,0.71789893115995,0.7847472677338321,0.9148154580175544,0.71789893115995,0.7847472677338321,0.9148154580175544,0.71789893115995
170.08008008008008,0.9970741090619336,0.7989977154038362,0.7966599352288004,0.9970741090619336,0.7989977154038362,0.7966599352288004,0.9970741090619336,0.7989977154038362,0.7966599352288004,0.9970741090619336,0.7989977154038362,0.7966599352288004,0.9970741090619336,0.7989977154038362,0.7966599352288004,0.9970741090619336,0.7989977154038362,0.7966599352288004,0.9938370643073021,0.8446240013365894,0.8394186379318429,0.9938370643073021,0.8446240013365894,0.8394186379318429,0.9938370643073021,0.8446240013365894,0.8394186379318429,0.9747645359325142,0.8981732805928814,0.8755074610441039,0.9747645359325142,0.8981732805928814,0.8755074610441039,0.9747645359325142,0.8981732805928814,0.8755074610441039,0.38931431691431667,0.9217518758110106,0.3588512018958536,0.38931431691431667,0.9217518758110106,0.3588512018958536,0.38931431691431667,0.9217518758110106,0.3588512018958536
190.0900900900901,0.995261944050273,0.842472770051061,0.8384810869304377,0.995261944050273,0.842472770051061,0.8384810869304377,0.995261944050273,0.842472770051061,0.8384810869304377,0.995261944050273,0.842472770051061,0.8384810869304377,0.995261944050273,0.842472770051061,0.8384810869304377,0.995261944050273,0.842472770051061,0.8384810869304377,0.9896022289662052,0.8783236719713353,0.8691910635366155,0.9896022289662052,0.8783236719713353,0.8691910635366155,0.9896022289662052,0.8783236719713353,0.8691910635366155,0.9494025711187186,0.9170026807946499,0.8706047028691982,0.9494025711187186,0.9170026807946499,0.8706047028691982,0.9494025711187186,0.9170026807946499,0.8706047028691982,0.17235103424473194,0.9311355176146224,0.160482169482884,0.17235103424473194,0.9311355176146224,0.160482169482884,0.17235103424473194,0.9311355176146224,0.160482169482884
210.1001001001001,0.992529465854959,0.874182415707931,0.8676518061223905,0.992529465854959,0.874182415707931,0.8676518061223905,0.992529465854959,0.874182415707931,0.8676518061223905,0.992529465854959,0.874182415707931,0.8676518061223905,0.992529465854959,0.874182415707931,0.8676518061223905,0.992529465854959,0.874182415707931,0.8676518061223905,0.9826610931180374,0.9020632187260879,0.8864224285749528,0.9826610931180374,0.9020632187260879,0.8864224285749528,0.9826610931180374,0.9020632187260879,0.8864224285749528,0.8928269453514656,0.9282597665988097,0.8287753319050797,0.8928269453514656,0.9282597665988097,0.8287753319050797,0.8928269453514656,0.9282597665988097,0.8287753319050797,0.09876400842527602,0.9366876370362608,0.09251102567610114,0.09876400842527602,0.9366876370362608,0.09251102567610114,0.09876400842527602,0.9366876370362608,0.09251102567610114
230.1101101101101,0.988405059819507,0.8974693247454046,0.8870632216111543,0.988405059819507,0.8974693247454046,0.8870632216111543,0.988405059819507,0.8974693247454046,0.8870632216111543,0.988405059819507,0.8974693247454046,0.8870632216111543,0.988405059819507,0.8974693247454046,0.8870632216111543,0.988405059819507,0.8974693247454046,0.8870632216111543,0.9709723137993516,0.9188192413650559,0.8921480447515932,0.9709723137993516,0.9188192413650559,0.8921480447515932,0.9709723137993516,0.9188192413650559,0.8921480447515932,0.7598497995081127,0.9340972920898217,0.709773640115522,0.7598497995081127,0.9340972920898217,0.709773640115522,0.7598497995081127,0.9340972920898217,0.709773640115522,0.04598583044977726,0.9375134275008726,0.043112333521444675,0.04598583044977726,0.9375134275008726,0.043112333521444675,0.04598583044977726,0.9375134275008726,0.043112333521444675
250.12012012012013,0.9821080939422323,0.9146788543860996,0.898313506250397,0.9821080939422323,0.9146788543860996,0.898313506250397,0.9821080939422323,0.9146788543860996,0.898313506250397,0.9821080939422323,0.9146788543860996,0.898313506250397,0.9821080939422323,0.9146788543860996,0.898313506250397,0.9821080939422323,0.9146788543860996,0.898313506250397,0.9504683585896136,0.9305265245225236,0.8844360183870209,0.9504683585896136,0.9305265245225236,0.8844360183870209,0.9504683585896136,0.9305265245225236,0.8844360183870209,0.49938152422099563,0.9375878033735884,0.4682140263397177,0.49938152422099563,0.9375878033735884,0.4682140263397177,0.49938152422099563,0.9375878033735884,0.4682140263397177,0.01744090790172066,0.9306172937568655,0.016230810512162012,0.01744090790172066,0.9306172937568655,0.016230810512162012,0.01744090790172066,0.9306172937568655,0.016230810512162012
270.1301301301301,0.972289819035918,0.9274259457660617,0.9017268049780993,0.972289819035918,0.9274259457660617,0.9017268049780993,0.972289819035918,0.9274259457660617,0.9017268049780993,0.972289819035918,0.9274259457660617,0.9017268049780993,0.972289819035918,0.9274259457660617,0.9017268049780993,0.972289819035918,0.9274259457660617,0.9017268049780993,0.9126774243822431,0.9384299197265668,0.8564838020992781,0.9126774243822431,0.9384299197265668,0.8564838020992781,0.9126774243822431,0.9384299197265668,0.8564838020992781,0.26219678680420716,0.9424222793803805,0.24710009346623257,0.26219678680420716,0.9424222793803805,0.24710009346623257,0.26219678680420716,0.9424222793803805,0.24710009346623257,0.09325135500960517,0.9286055458956782,0.0865937254242061,0.09325135500960517,0.9286055458956782,0.0865937254242061,0.09325135500960517,0.9286055458956782,0.0865937254242061
290.14014014014015,0.9565228933036334,0.9368131849555439,0.8960832581586686,0.9565228933036334,0.9368131849555439,0.8960832581586686,0.9565228933036334,0.9368131849555439,0.8960832581586686,0.9565228933036334,0.9368131849555439,0.8960832581586686,0.9565228933036334,0.9368131849555439,0.8960832581586686,0.9565228933036334,0.9368131849555439,0.8960832581586686,0.8399960323363476,0.9433729028459116,0.7924294954041884,0.8399960323363476,0.9433729028459116,0.7924294954041884,0.8399960323363476,0.9433729028459116,0.7924294954041884,0.1552420831724541,0.9469474130380418,0.14700608905479193,0.1552420831724541,0.9469474130380418,0.14700608905479193,0.1552420831724541,0.9469474130380418,0.14700608905479193,0.14287170316445735,0.9278013979467291,0.13255656592301365,0.14287170316445735,0.9278013979467291,0.13255656592301365,0.14287170316445735,0.9278013979467291,0.13255656592301365
310.1501501501501,0.9302868291879812,0.943589982105516,0.8778093325064844,0.9302868291879812,0.943589982105516,0.8778093325064844,0.9302868291879812,0.943589982105516,0.8778093325064844,0.9302868291879812,0.943589982105516,0.8778093325064844,0.9302868291879812,0.943589982105516,0.8778093325064844,0.9302868291879812,0.943589982105516,0.8778093325064844,0.7022770707573857,0.9462045600080567,0.664497766739739,0.7022770707573857,0.9462045600080567,0.664497766739739,0.7022770707573857,0.9462045600080567,0.664497766739739,0.10384073931913881,0.9501026740272837,0.09865936410008389,0.10384073931913881,0.9501026740272837,0.09865936410008389,0.10384073931913881,0.9501026740272837,0.09865936410008389,0.1578482717193836,0.9254776043498378,0.14608504036161737,0.1578482717193836,0.9254776043498378,0.14608504036161737,0.1578482717193836,0.9254776043498378,0.14608504036161737
330.16016016016016,0.8850502047131588,0.9482742873881257,0.8392703521770853,0.8850502047131588,0.9482742873881257,0.8392703521770853,0.8850502047131588,0.9482742873881257,0.8392703521770853,0.8850502047131588,0.9482742873881257,0.8392703521770853,0.8850502047131588,0.9482742873881257,0.8392703521770853,0.8850502047131588,0.9482742873881257,0.8392703521770853,0.4903778380372009,0.9484280607283166,0.46508810195376704,0.4903778380372009,0.9484280607283166,0.46508810195376704,0.4903778380372009,0.9484280607283166,0.46508810195376704,0.06866732419637848,0.9517680215664226,0.06535536329664729,0.06866732419637848,0.9517680215664226,0.06535536329664729,0.06866732419637848,0.9517680215664226,0.06535536329664729,0.1626230948358924,0.9162583745658665,0.14900477254120553,0.1626230948358924,0.9162583745658665,0.14900477254120553,0.1626230948358924,0.9162583745658665,0.14900477254120553
350.17017017017025,0.805569652888536,0.9512842741613131,0.766325742534452,0.805569652888536,0.9512842741613131,0.766325742534452,0.805569652888536,0.9512842741613131,0.766325742534452,0.805569652888536,0.9512842741613131,0.766325742534452,0.805569652888536,0.9512842741613131,0.766325742534452,0.805569652888536,0.9512842741613131,0.766325742534452,0.2968057922746403,0.951414978505218,0.2823854764772011,0.2968057922746403,0.951414978505218,0.2823854764772011,0.2968057922746403,0.951414978505218,0.2823854764772011,0.03604653837359405,0.9514337175644482,0.03429589201011812,0.03604653837359405,0.9514337175644482,0.03429589201011812,0.03604653837359405,0.9514337175644482,0.03429589201011812,0.15369850545033228,0.9122069751562322,0.14020484874288128,0.15369850545033228,0.9122069751562322,0.14020484874288128,0.15369850545033228,0.9122069751562322,0.14020484874288128
370.1801801801802,0.671828804255248,0.9531655526771935,0.6403640735124115,0.671828804255248,0.9531655526771935,0.6403640735124115,0.671828804255248,0.9531655526771935,0.6403640735124115,0.671828804255248,0.9531655526771935,0.6403640735124115,0.671828804255248,0.9531655526771935,0.6403640735124115,0.671828804255248,0.9531655526771935,0.6403640735124115,0.18719671848413413,0.9545150237923437,0.17868208019773196,0.18719671848413413,0.9545150237923437,0.17868208019773196,0.18719671848413413,0.9545150237923437,0.17868208019773196,0.00041775220793535705,0.9478843003968181,0.000395980759358032,0.00041775220793535705,0.9478843003968181,0.000395980759358032,0.00041775220793535705,0.9478843003968181,0.000395980759358032,0.13430156727087927,0.9078452529658716,0.12192504031274441,0.13430156727087927,0.9078452529658716,0.12192504031274441,0.13430156727087927,0.9078452529658716,0.12192504031274441
390.19019019019026,0.48738755536744605,0.9548406031937119,0.46537742735616083,0.48738755536744605,0.9548406031937119,0.46537742735616083,0.48738755536744605,0.9548406031937119,0.46537742735616083,0.48738755536744605,0.9548406031937119,0.46537742735616083,0.48738755536744605,0.9548406031937119,0.46537742735616083,0.48738755536744605,0.9548406031937119,0.46537742735616083,0.12990593158544347,0.9570500107545828,0.12432647322093278,0.12990593158544347,0.9570500107545828,0.12432647322093278,0.12990593158544347,0.9570500107545828,0.12432647322093278,0.049813111790264604,0.9453957840361201,0.04709310587623611,0.049813111790264604,0.9453957840361201,0.04709310587623611,0.049813111790264604,0.9453957840361201,0.04709310587623611,0.10385538016476176,0.9033184316002637,0.09381447912368172,0.10385538016476176,0.9033184316002637,0.09381447912368172,0.10385538016476176,0.9033184316002637,0.09381447912368172
410.2002002002002,0.31725757972835933,0.9570305455451747,0.30362519460577353,0.31725757972835933,0.9570305455451747,0.30362519460577353,0.31725757972835933,0.9570305455451747,0.30362519460577353,0.31725757972835933,0.9570305455451747,0.30362519460577353,0.31725757972835933,0.9570305455451747,0.30362519460577353,0.31725757972835933,0.9570305455451747,0.30362519460577353,0.09517295464576042,0.9588958135893192,0.09126094777674582,0.09517295464576042,0.9588958135893192,0.09126094777674582,0.09517295464576042,0.9588958135893192,0.09126094777674582,0.09810028300247334,0.9446278159698577,0.09266825607865134,0.09810028300247334,0.9446278159698577,0.09266825607865134,0.09810028300247334,0.9446278159698577,0.09266825607865134,0.10659038401219627,0.8970152365340222,0.09561319852695249,0.10659038401219627,0.8970152365340222,0.09561319852695249,0.10659038401219627,0.8970152365340222,0.09561319852695249
430.2102102102102,0.2091318170985367,0.9593952704149938,0.20064007621762966,0.2091318170985367,0.9593952704149938,0.20064007621762966,0.2091318170985367,0.9593952704149938,0.20064007621762966,0.2091318170985367,0.9593952704149938,0.20064007621762966,0.2091318170985367,0.9593952704149938,0.20064007621762966,0.2091318170985367,0.9593952704149938,0.20064007621762966,0.06893729327268637,0.9600164881189013,0.06618093818806713,0.06893729327268637,0.9600164881189013,0.06618093818806713,0.06893729327268637,0.9600164881189013,0.06618093818806713,0.13416473031122483,0.9442022098786752,0.12667863484763497,0.13416473031122483,0.9442022098786752,0.12667863484763497,0.13416473031122483,0.9442022098786752,0.12667863484763497,0.11634701240954329,0.8936844328380578,0.10397751379762517,0.11634701240954329,0.8936844328380578,0.10397751379762517,0.11634701240954329,0.8936844328380578,0.10397751379762517
450.22022022022026,0.14782755961606645,0.9614727262583684,0.1421321667601809,0.14782755961606645,0.9614727262583684,0.1421321667601809,0.14782755961606645,0.9614727262583684,0.1421321667601809,0.14782755961606645,0.9614727262583684,0.1421321667601809,0.14782755961606645,0.9614727262583684,0.1421321667601809,0.14782755961606645,0.9614727262583684,0.1421321667601809,0.04508443550325908,0.9602465423446137,0.04329217330556327,0.04508443550325908,0.9602465423446137,0.04329217330556327,0.04508443550325908,0.9602465423446137,0.04329217330556327,0.1539353441198215,0.9435391078913924,0.14524401726377087,0.1539353441198215,0.9435391078913924,0.14524401726377087,0.1539353441198215,0.9435391078913924,0.14524401726377087,0.14475660644225627,0.8884620816321,0.12861075588968568,0.14475660644225627,0.8884620816321,0.12861075588968568,0.14475660644225627,0.8884620816321,0.12861075588968568
470.23023023023023,0.11071727891228803,0.9631267847897647,0.10663477685946358,0.11071727891228803,0.9631267847897647,0.10663477685946358,0.11071727891228803,0.9631267847897647,0.10663477685946358,0.11071727891228803,0.9631267847897647,0.10663477685946358,0.11071727891228803,0.9631267847897647,0.10663477685946358,0.11071727891228803,0.9631267847897647,0.10663477685946358,0.021079110190307088,0.9591003119019109,0.020216981158138275,0.021079110190307088,0.9591003119019109,0.020216981158138275,0.021079110190307088,0.9591003119019109,0.020216981158138275,0.16042313199440777,0.9417508739162821,0.15107862475212058,0.16042313199440777,0.9417508739162821,0.15107862475212058,0.16042313199440777,0.9417508739162821,0.15107862475212058,0.1491281879119413,0.8844408971255129,0.13189506830353942,0.1491281879119413,0.8844408971255129,0.13189506830353942,0.1491281879119413,0.8844408971255129,0.13189506830353942
490.2402402402403,0.08478628836522559,0.9643381116591386,0.08176264921670884,0.08478628836522559,0.9643381116591386,0.08176264921670884,0.08478628836522559,0.9643381116591386,0.08176264921670884,0.08478628836522559,0.9643381116591386,0.08176264921670884,0.08478628836522559,0.9643381116591386,0.08176264921670884,0.08478628836522559,0.9643381116591386,0.08176264921670884,0.0070946023363920255,0.9564497613700371,0.00678563071165746,0.0070946023363920255,0.9564497613700371,0.00678563071165746,0.0070946023363920255,0.9564497613700371,0.00678563071165746,0.16465019954651283,0.9363703285845755,0.15417356145088415,0.16465019954651283,0.9363703285845755,0.15417356145088415,0.16465019954651283,0.9363703285845755,0.15417356145088415,0.14412141808059079,0.8827413223351924,0.12722193117328381,0.14412141808059079,0.8827413223351924,0.12722193117328381,0.14412141808059079,0.8827413223351924,0.12722193117328381
510.25025025025025,0.06351852385588644,0.9650770538147149,0.061300269865498566,0.06351852385588644,0.9650770538147149,0.061300269865498566,0.06351852385588644,0.9650770538147149,0.061300269865498566,0.06351852385588644,0.9650770538147149,0.061300269865498566,0.06351852385588644,0.9650770538147149,0.061300269865498566,0.06351852385588644,0.9650770538147149,0.061300269865498566,0.04413260423748223,0.9548343110307502,0.04213932476108911,0.04413260423748223,0.9548343110307502,0.04213932476108911,0.04413260423748223,0.9548343110307502,0.04213932476108911,0.16190504707778172,0.9336006671558508,0.15115465996771643,0.16190504707778172,0.9336006671558508,0.15115465996771643,0.16190504707778172,0.9336006671558508,0.15115465996771643,0.13568678446590554,0.8814669581506636,0.11960341716440646,0.13568678446590554,0.8814669581506636,0.11960341716440646,0.13568678446590554,0.8814669581506636,0.11960341716440646
530.2602602602602,0.043775117548282796,0.965234377733612,0.04225324834693246,0.043775117548282796,0.965234377733612,0.04225324834693246,0.043775117548282796,0.965234377733612,0.04225324834693246,0.043775117548282796,0.965234377733612,0.04225324834693246,0.043775117548282796,0.965234377733612,0.04225324834693246,0.043775117548282796,0.965234377733612,0.04225324834693246,0.08213679170912419,0.9542126362183215,0.07837596454727858,0.08213679170912419,0.9542126362183215,0.07837596454727858,0.08213679170912419,0.9542126362183215,0.07837596454727858,0.15495357800350873,0.9314457122485931,0.14433084582894612,0.15495357800350873,0.9314457122485931,0.14433084582894612,0.15495357800350873,0.9314457122485931,0.14433084582894612,0.12781512110451637,0.8773061564572328,0.112132992633319,0.12781512110451637,0.8773061564572328,0.112132992633319,0.12781512110451637,0.8773061564572328,0.112132992633319
550.2702702702703,0.024180994499968578,0.9645365399575835,0.02332345276773305,0.024180994499968578,0.9645365399575835,0.02332345276773305,0.024180994499968578,0.9645365399575835,0.02332345276773305,0.024180994499968578,0.9645365399575835,0.02332345276773305,0.024180994499968578,0.9645365399575835,0.02332345276773305,0.024180994499968578,0.9645365399575835,0.02332345276773305,0.11491228411451809,0.9538978114536758,0.1096145763259818,0.11491228411451809,0.9538978114536758,0.1096145763259818,0.11491228411451809,0.9538978114536758,0.1096145763259818,0.14313969342767685,0.9290866220787087,0.13298917425210224,0.14313969342767685,0.9290866220787087,0.13298917425210224,0.14313969342767685,0.9290866220787087,0.13298917425210224,0.11505026866861319,0.8748972730541803,0.10065716632232048,0.11505026866861319,0.8748972730541803,0.10065716632232048,0.11505026866861319,0.8748972730541803,0.10065716632232048
570.2802802802803,0.0029113520149371074,0.9627161642850816,0.0028028056447038955,0.0029113520149371074,0.9627161642850816,0.0028028056447038955,0.0029113520149371074,0.9627161642850816,0.0028028056447038955,0.0029113520149371074,0.9627161642850816,0.0028028056447038955,0.0029113520149371074,0.9627161642850816,0.0028028056447038955,0.0029113520149371074,0.9627161642850816,0.0028028056447038955,0.1390794800461698,0.9536275362303502,0.13263002189662706,0.1390794800461698,0.9536275362303502,0.13263002189662706,0.1390794800461698,0.9536275362303502,0.13263002189662706,0.1242021967851906,0.9267019143251468,0.11509841352422472,0.1242021967851906,0.9267019143251468,0.11509841352422472,0.1242021967851906,0.9267019143251468,0.11509841352422472,0.11259320775551625,0.8746599947555128,0.0984807745049462,0.11259320775551625,0.8746599947555128,0.0984807745049462,0.11259320775551625,0.8746599947555128,0.0984807745049462
590.2902902902903,0.025110662782483785,0.9609669625005776,0.024130517340459744,0.025110662782483785,0.9609669625005776,0.024130517340459744,0.025110662782483785,0.9609669625005776,0.024130517340459744,0.025110662782483785,0.9609669625005776,0.024130517340459744,0.025110662782483785,0.9609669625005776,0.024130517340459744,0.025110662782483785,0.9609669625005776,0.024130517340459744,0.15365492352506874,0.953191413145803,0.14646255369167055,0.15365492352506874,0.953191413145803,0.14646255369167055,0.15365492352506874,0.953191413145803,0.14646255369167055,0.10142896675819175,0.9237497792830898,0.09369498565579149,0.10142896675819175,0.9237497792830898,0.09369498565579149,0.10142896675819175,0.9237497792830898,0.09369498565579149,0.11510092264527787,0.8738996106595532,0.10058665148626368,0.11510092264527787,0.8738996106595532,0.10058665148626368,0.11510092264527787,0.8738996106595532,0.10058665148626368
610.3003003003003,0.057584303011591086,0.9601616109491342,0.05529023714499238,0.057584303011591086,0.9601616109491342,0.05529023714499238,0.057584303011591086,0.9601616109491342,0.05529023714499238,0.057584303011591086,0.9601616109491342,0.05529023714499238,0.057584303011591086,0.9601616109491342,0.05529023714499238,0.057584303011591086,0.9601616109491342,0.05529023714499238,0.1600946898225796,0.9522577974228321,0.15245141670954115,0.1600946898225796,0.9522577974228321,0.15245141670954115,0.1600946898225796,0.9522577974228321,0.15245141670954115,0.10109089057786397,0.9193922567390713,0.09294218202414488,0.10109089057786397,0.9193922567390713,0.09294218202414488,0.10109089057786397,0.9193922567390713,0.09294218202414488,0.12900114401810991,0.8719364870506684,0.11248080434066811,0.12900114401810991,0.8719364870506684,0.11248080434066811,0.12900114401810991,0.8719364870506684,0.11248080434066811
630.3103103103105,0.08905507779112862,0.9597896423062655,0.08547414125870399,0.08905507779112862,0.9597896423062655,0.08547414125870399,0.08905507779112862,0.9597896423062655,0.08547414125870399,0.08905507779112862,0.9597896423062655,0.08547414125870399,0.08905507779112862,0.9597896423062655,0.08547414125870399,0.08905507779112862,0.9597896423062655,0.08547414125870399,0.16280865543402048,0.9498079247848226,0.15463695115479423,0.16280865543402048,0.9498079247848226,0.15463695115479423,0.16280865543402048,0.9498079247848226,0.15463695115479423,0.10593418124719689,0.9175333348916712,0.09719814259875931,0.10593418124719689,0.9175333348916712,0.09719814259875931,0.10593418124719689,0.9175333348916712,0.09719814259875931,0.1375396971765588,0.8710971535293838,0.1198104387077938,0.1375396971765588,0.8710971535293838,0.1198104387077938,0.1375396971765588,0.8710971535293838,0.1198104387077938
650.3203203203203,0.11619629359136346,0.9595688272062194,0.11149834116717419,0.11619629359136346,0.9595688272062194,0.11149834116717419,0.11619629359136346,0.9595688272062194,0.11149834116717419,0.11619629359136346,0.9595688272062194,0.11149834116717419,0.11619629359136346,0.9595688272062194,0.11149834116717419,0.11619629359136346,0.9595688272062194,0.11149834116717419,0.16543947459478614,0.9464886231650044,0.15658658052636085,0.16543947459478614,0.9464886231650044,0.15658658052636085,0.16543947459478614,0.9464886231650044,0.15658658052636085,0.11426234265479503,0.9156074937474108,0.10461945718786475,0.11426234265479503,0.9156074937474108,0.10461945718786475,0.11426234265479503,0.9156074937474108,0.10461945718786475,0.14070073066333932,0.8700599445859445,0.12241806992414692,0.14070073066333932,0.8700599445859445,0.12241806992414692,0.14070073066333932,0.8700599445859445,0.12241806992414692
670.3303303303303,0.13706947908331904,0.9593713681341164,0.13150053367759443,0.13706947908331904,0.9593713681341164,0.13150053367759443,0.13706947908331904,0.9593713681341164,0.13150053367759443,0.13706947908331904,0.9593713681341164,0.13150053367759443,0.13706947908331904,0.9593713681341164,0.13150053367759443,0.13706947908331904,0.9593713681341164,0.13150053367759443,0.16290706326901727,0.9448225324145509,0.15391826406605036,0.16290706326901727,0.9448225324145509,0.15391826406605036,0.16290706326901727,0.9448225324145509,0.15391826406605036,0.13353683226850255,0.9127609078772932,0.12188720025645622,0.13353683226850255,0.9127609078772932,0.12188720025645622,0.13353683226850255,0.9127609078772932,0.12188720025645622,0.139351985890117,0.8681261477561973,0.12097510269296323,0.139351985890117,0.8681261477561973,0.12097510269296323,0.139351985890117,0.8681261477561973,0.12097510269296323
690.3403403403405,0.1509960683261043,0.9590852457236451,0.14481810129384604,0.1509960683261043,0.9590852457236451,0.14481810129384604,0.1509960683261043,0.9590852457236451,0.14481810129384604,0.1509960683261043,0.9590852457236451,0.14481810129384604,0.1509960683261043,0.9590852457236451,0.14481810129384604,0.1509960683261043,0.9590852457236451,0.14481810129384604,0.15796167135049435,0.9434382353498691,0.14902708047182636,0.15796167135049435,0.9434382353498691,0.14902708047182636,0.15796167135049435,0.9434382353498691,0.14902708047182636,0.14541125390430754,0.9102124084976101,0.13235512763889726,0.14541125390430754,0.9102124084976101,0.13235512763889726,0.14541125390430754,0.9102124084976101,0.13235512763889726,0.1342513780758364,0.8661502435729179,0.11628186382038559,0.1342513780758364,0.8661502435729179,0.11628186382038559,0.1342513780758364,0.8661502435729179,0.11628186382038559
710.3503503503504,0.15857314328290428,0.9585567447210567,0.15200135602544643,0.15857314328290428,0.9585567447210567,0.15200135602544643,0.15857314328290428,0.9585567447210567,0.15200135602544643,0.15857314328290428,0.9585567447210567,0.15200135602544643,0.15857314328290428,0.9585567447210567,0.15200135602544643,0.15857314328290428,0.9585567447210567,0.15200135602544643,0.15073100455581842,0.9419649988271728,0.14198333052964007,0.15073100455581842,0.9419649988271728,0.14198333052964007,0.15073100455581842,0.9419649988271728,0.14198333052964007,0.14621924825636398,0.9067150186602657,0.1325791884112591,0.14621924825636398,0.9067150186602657,0.1325791884112591,0.14621924825636398,0.9067150186602657,0.1325791884112591,0.12701127694140926,0.8647276861807488,0.10983016762840712,0.12701127694140926,0.8647276861807488,0.10983016762840712,0.12701127694140926,0.8647276861807488,0.10983016762840712
730.3603603603603,0.1617224784434077,0.9574304620315643,0.15483802725696155,0.1617224784434077,0.9574304620315643,0.15483802725696155,0.1617224784434077,0.9574304620315643,0.15483802725696155,0.1617224784434077,0.9574304620315643,0.15483802725696155,0.1617224784434077,0.9574304620315643,0.15483802725696155,0.1617224784434077,0.9574304620315643,0.15483802725696155,0.13923644025266152,0.9403980975993887,0.13093768353011384,0.13923644025266152,0.9403980975993887,0.13093768353011384,0.13923644025266152,0.9403980975993887,0.13093768353011384,0.14334186926080844,0.9057025157517643,0.1298250916020747,0.14334186926080844,0.9057025157517643,0.1298250916020747,0.14334186926080844,0.9057025157517643,0.1298250916020747,0.11965139020497127,0.8628868931835688,0.10324561635906256,0.11965139020497127,0.8628868931835688,0.10324561635906256,0.11965139020497127,0.8628868931835688,0.10324561635906256
750.3703703703704,0.1646326194945272,0.9548215488266183,0.15719477273314778,0.1646326194945272,0.9548215488266183,0.15719477273314778,0.1646326194945272,0.9548215488266183,0.15719477273314778,0.1646326194945272,0.9548215488266183,0.15719477273314778,0.1646326194945272,0.9548215488266183,0.15719477273314778,0.1646326194945272,0.9548215488266183,0.15719477273314778,0.1239815970350004,0.9388608878837494,0.11640147227352572,0.1239815970350004,0.9388608878837494,0.11640147227352572,0.1239815970350004,0.9388608878837494,0.11640147227352572,0.1383356807400645,0.9051657464839391,0.12521671972244436,0.1383356807400645,0.9051657464839391,0.12521671972244436,0.1383356807400645,0.9051657464839391,0.12521671972244436,0.11709627392631922,0.8605343797666815,0.10076536945617454,0.11709627392631922,0.8605343797666815,0.10076536945617454,0.11709627392631922,0.8605343797666815,0.10076536945617454
770.3803803803805,0.16597657710716895,0.9526580108900911,0.1581189158012614,0.16597657710716895,0.9526580108900911,0.1581189158012614,0.16597657710716895,0.9526580108900911,0.1581189158012614,0.16597657710716895,0.9526580108900911,0.1581189158012614,0.16597657710716895,0.9526580108900911,0.1581189158012614,0.16597657710716895,0.9526580108900911,0.1581189158012614,0.1061252667073913,0.9370178409745609,0.09944126828300924,0.1061252667073913,0.9370178409745609,0.09944126828300924,0.1061252667073913,0.9370178409745609,0.09944126828300924,0.13290453119626203,0.9042848247521637,0.12018355070158028,0.13290453119626203,0.9042848247521637,0.12018355070158028,0.13290453119626203,0.9042848247521637,0.12018355070158028,0.12623813404822642,0.8587419001677483,0.10840597510620488,0.12623813404822642,0.8587419001677483,0.10840597510620488,0.12623813404822642,0.8587419001677483,0.10840597510620488
790.3903903903904,0.16369718639060604,0.9514411501423864,0.1557482392945508,0.16369718639060604,0.9514411501423864,0.1557482392945508,0.16369718639060604,0.9514411501423864,0.1557482392945508,0.16369718639060604,0.9514411501423864,0.1557482392945508,0.16369718639060604,0.9514411501423864,0.1557482392945508,0.16369718639060604,0.9514411501423864,0.1557482392945508,0.09500674381399843,0.932959248035882,0.08863742026704566,0.09500674381399843,0.932959248035882,0.08863742026704566,0.09500674381399843,0.932959248035882,0.08863742026704566,0.12844253320743423,0.9016255183098156,0.11580706557617859,0.12844253320743423,0.9016255183098156,0.11580706557617859,0.12844253320743423,0.9016255183098156,0.11580706557617859,0.13893480372848194,0.8572456988368323,0.11910126291498063,0.13893480372848194,0.8572456988368323,0.11910126291498063,0.13893480372848194,0.8572456988368323,0.11910126291498063
810.4004004004004,0.1596660447020928,0.9504033236689609,0.15174713956194588,0.1596660447020928,0.9504033236689609,0.15174713956194588,0.1596660447020928,0.9504033236689609,0.15174713956194588,0.1596660447020928,0.9504033236689609,0.15174713956194588,0.1596660447020928,0.9504033236689609,0.15174713956194588,0.1596660447020928,0.9504033236689609,0.15174713956194588,0.0983145297953628,0.9313479047432754,0.09156503133073148,0.0983145297953628,0.9313479047432754,0.09156503133073148,0.0983145297953628,0.9313479047432754,0.09156503133073148,0.12007853104821994,0.9004519088439541,0.10812494249354766,0.12007853104821994,0.9004519088439541,0.10812494249354766,0.12007853104821994,0.9004519088439541,0.10812494249354766,0.14771436698753393,0.8555077697142689,0.12637078865626017,0.14771436698753393,0.8555077697142689,0.12637078865626017,0.14771436698753393,0.8555077697142689,0.12637078865626017
830.4104104104106,0.15413076974353673,0.9493201039690248,0.14631943835776012,0.15413076974353673,0.9493201039690248,0.14631943835776012,0.15413076974353673,0.9493201039690248,0.14631943835776012,0.15413076974353673,0.9493201039690248,0.14631943835776012,0.15413076974353673,0.9493201039690248,0.14631943835776012,0.15413076974353673,0.9493201039690248,0.14631943835776012,0.1023619886658504,0.9302089496887604,0.0952180379649135,0.1023619886658504,0.9302089496887604,0.0952180379649135,0.1023619886658504,0.9302089496887604,0.0952180379649135,0.11582225722211154,0.8997264299840753,0.10420834600314768,0.11582225722211154,0.8997264299840753,0.10420834600314768,0.11582225722211154,0.8997264299840753,0.10420834600314768,0.15002917327635865,0.853626022736677,0.12806880647836977,0.15002917327635865,0.853626022736677,0.12806880647836977,0.15002917327635865,0.853626022736677,0.12806880647836977
850.4204204204204,0.14596057091551276,0.9481580309692419,0.13839368751839898,0.14596057091551276,0.9481580309692419,0.13839368751839898,0.14596057091551276,0.9481580309692419,0.13839368751839898,0.14596057091551276,0.9481580309692419,0.13839368751839898,0.14596057091551276,0.9481580309692419,0.13839368751839898,0.14596057091551276,0.9481580309692419,0.13839368751839898,0.10871109996807836,0.9289695393226283,0.10098930045660194,0.10871109996807836,0.9289695393226283,0.10098930045660194,0.10871109996807836,0.9289695393226283,0.10098930045660194,0.11405815722575276,0.8996219460933514,0.10260922137125315,0.11405815722575276,0.8996219460933514,0.10260922137125315,0.11405815722575276,0.8996219460933514,0.10260922137125315,0.1483401955650966,0.8524435203701416,0.1264516385199062,0.1483401955650966,0.8524435203701416,0.1264516385199062,0.1483401955650966,0.8524435203701416,0.1264516385199062
870.4304304304304,0.13435994463907733,0.9469805616983608,0.1272362558440741,0.13435994463907733,0.9469805616983608,0.1272362558440741,0.13435994463907733,0.9469805616983608,0.1272362558440741,0.13435994463907733,0.9469805616983608,0.1272362558440741,0.13435994463907733,0.9469805616983608,0.1272362558440741,0.13435994463907733,0.9469805616983608,0.1272362558440741,0.12114629946325955,0.9272976589551768,0.11233867988336338,0.12114629946325955,0.9272976589551768,0.11233867988336338,0.12114629946325955,0.9272976589551768,0.11233867988336338,0.1142513814258051,0.899453368062179,0.10276378982919708,0.1142513814258051,0.899453368062179,0.10276378982919708,0.1142513814258051,0.899453368062179,0.10276378982919708,0.14407244861803553,0.851243040129473,0.12264066916051386,0.14407244861803553,0.851243040129473,0.12264066916051386,0.14407244861803553,0.851243040129473,0.12264066916051386
890.4404404404405,0.12067807634240739,0.9458192856165866,0.11413965195575965,0.12067807634240739,0.9458192856165866,0.11413965195575965,0.12067807634240739,0.9458192856165866,0.11413965195575965,0.12067807634240739,0.9458192856165866,0.11413965195575965,0.12067807634240739,0.9458192856165866,0.11413965195575965,0.12067807634240739,0.9458192856165866,0.11413965195575965,0.1382502067136982,0.925191759722659,0.1279079520314678,0.1382502067136982,0.925191759722659,0.1279079520314678,0.1382502067136982,0.925191759722659,0.1279079520314678,0.11659228908408625,0.8986266017636113,0.10477293253147302,0.11659228908408625,0.8986266017636113,0.10477293253147302,0.11659228908408625,0.8986266017636113,0.10477293253147302,0.13687933678804737,0.8499597803940785,0.11634193103685585,0.13687933678804737,0.8499597803940785,0.11634193103685585,0.13687933678804737,0.8499597803940785,0.11634193103685585
910.4504504504506,0.10446574204717383,0.9442621898621615,0.09864305035104004,0.10446574204717383,0.9442621898621615,0.09864305035104004,0.10446574204717383,0.9442621898621615,0.09864305035104004,0.10446574204717383,0.9442621898621615,0.09864305035104004,0.10446574204717383,0.9442621898621615,0.09864305035104004,0.10446574204717383,0.9442621898621615,0.09864305035104004,0.1435964596620476,0.9237402263571667,0.1326458261523076,0.1435964596620476,0.9237402263571667,0.1326458261523076,0.1435964596620476,0.9237402263571667,0.1326458261523076,0.12684365223426522,0.8973129287778394,0.11381844908320626,0.12684365223426522,0.8973129287778394,0.11381844908320626,0.12684365223426522,0.8973129287778394,0.11381844908320626,0.12951931699925848,0.8486210092684293,0.10991281351166836,0.12951931699925848,0.8486210092684293,0.10991281351166836,0.12951931699925848,0.8486210092684293,0.10991281351166836
930.4604604604605,0.09452273429791024,0.940993485675852,0.08894527722260295,0.09452273429791024,0.940993485675852,0.08894527722260295,0.09452273429791024,0.940993485675852,0.08894527722260295,0.09452273429791024,0.940993485675852,0.08894527722260295,0.09452273429791024,0.940993485675852,0.08894527722260295,0.09452273429791024,0.940993485675852,0.08894527722260295,0.14417417397024057,0.9209356747873205,0.13277514019218803,0.14417417397024057,0.9209356747873205,0.13277514019218803,0.14417417397024057,0.9209356747873205,0.13277514019218803,0.13394997791866084,0.8964339335002028,0.12007730559789045,0.13394997791866084,0.8964339335002028,0.12007730559789045,0.13394997791866084,0.8964339335002028,0.12007730559789045,0.12823979716821676,0.8477197965490534,0.10871141476493258,0.12823979716821676,0.8477197965490534,0.10871141476493258,0.12823979716821676,0.8477197965490534,0.10871141476493258
950.4704704704704,0.09725375853538691,0.9396283310143316,0.09138238681747642,0.09725375853538691,0.9396283310143316,0.09138238681747642,0.09725375853538691,0.9396283310143316,0.09138238681747642,0.09725375853538691,0.9396283310143316,0.09138238681747642,0.09725375853538691,0.9396283310143316,0.09138238681747642,0.09725375853538691,0.9396283310143316,0.09138238681747642,0.14253037441901178,0.9200832893808761,0.13113981573213224,0.14253037441901178,0.9200832893808761,0.13113981573213224,0.14253037441901178,0.9200832893808761,0.13113981573213224,0.13904531346391097,0.8960218561955615,0.12458763986522721,0.13904531346391097,0.8960218561955615,0.12458763986522721,0.13904531346391097,0.8960218561955615,0.12458763986522721,0.13275977363554595,0.846374179802639,0.11236444452156921,0.13275977363554595,0.846374179802639,0.11236444452156921,0.13275977363554595,0.846374179802639,0.11236444452156921
970.4804804804807,0.10045279225971125,0.9387391945880815,0.09429897330000521,0.10045279225971125,0.9387391945880815,0.09429897330000521,0.10045279225971125,0.9387391945880815,0.09429897330000521,0.10045279225971125,0.9387391945880815,0.09429897330000521,0.10045279225971125,0.9387391945880815,0.09429897330000521,0.10045279225971125,0.9387391945880815,0.09429897330000521,0.13927811818629846,0.919724063709792,0.1280974368441551,0.13927811818629846,0.919724063709792,0.1280974368441551,0.13927811818629846,0.919724063709792,0.1280974368441551,0.1415353126692929,0.8954686374218999,0.12674043358305426,0.1415353126692929,0.8954686374218999,0.12674043358305426,0.1415353126692929,0.8954686374218999,0.12674043358305426,0.13954444680156836,0.8451111767157328,0.1179305716406194,0.13954444680156836,0.8451111767157328,0.1179305716406194,0.13954444680156836,0.8451111767157328,0.1179305716406194
990.4904904904905,0.10476026463316714,0.9378698075352883,0.09825148922885432,0.10476026463316714,0.9378698075352883,0.09825148922885432,0.10476026463316714,0.9378698075352883,0.09825148922885432,0.10476026463316714,0.9378698075352883,0.09825148922885432,0.10476026463316714,0.9378698075352883,0.09825148922885432,0.10476026463316714,0.9378698075352883,0.09825148922885432,0.13526565524596582,0.9193681978828198,0.12435894169892238,0.13526565524596582,0.9193681978828198,0.12435894169892238,0.13526565524596582,0.9193681978828198,0.12435894169892238,0.1416562250543626,0.8947112504595909,0.126741418253774,0.1416562250543626,0.8947112504595909,0.126741418253774,0.1416562250543626,0.8947112504595909,0.126741418253774,0.1428948075931014,0.8439882329062325,0.12060153615197773,0.1428948075931014,0.8439882329062325,0.12060153615197773,0.1428948075931014,0.8439882329062325,0.12060153615197773
1010.5005005005005,0.11173784280468588,0.9368317919194655,0.10467956349992943,0.11173784280468588,0.9368317919194655,0.10467956349992943,0.11173784280468588,0.9368317919194655,0.10467956349992943,0.11173784280468588,0.9368317919194655,0.10467956349992943,0.11173784280468588,0.9368317919194655,0.10467956349992943,0.11173784280468588,0.9368317919194655,0.10467956349992943,0.13129034233960554,0.9187386155113649,0.12062150735110233,0.13129034233960554,0.9187386155113649,0.12062150735110233,0.13129034233960554,0.9187386155113649,0.12062150735110233,0.14061772073069248,0.8930687568692365,0.125581293046745,0.14061772073069248,0.8930687568692365,0.125581293046745,0.14061772073069248,0.8930687568692365,0.125581293046745,0.1430533370769469,0.8428485328598923,0.12057229527601632,0.1430533370769469,0.8428485328598923,0.12057229527601632,0.1430533370769469,0.8428485328598923,0.12057229527601632
1030.5105105105104,0.12476708043816245,0.9354155305742191,0.11670906474626,0.12476708043816245,0.9354155305742191,0.11670906474626,0.12476708043816245,0.9354155305742191,0.11670906474626,0.12476708043816245,0.9354155305742191,0.11670906474626,0.12476708043816245,0.9354155305742191,0.11670906474626,0.12476708043816245,0.9354155305742191,0.11670906474626,0.1283074497327473,0.916998373475576,0.1176577227097285,0.1283074497327473,0.916998373475576,0.1176577227097285,0.1283074497327473,0.916998373475576,0.1176577227097285,0.13742419798460978,0.8918405083705399,0.12256046659300811,0.13742419798460978,0.8918405083705399,0.12256046659300811,0.13742419798460978,0.8918405083705399,0.12256046659300811,0.1409875718564917,0.8411061244437271,0.11858551015894522,0.1409875718564917,0.8411061244437271,0.11858551015894522,0.1409875718564917,0.8411061244437271,0.11858551015894522
1050.5205205205204,0.13896545351610146,0.9338248882955337,0.12976939910661162,0.13896545351610146,0.9338248882955337,0.12976939910661162,0.13896545351610146,0.9338248882955337,0.12976939910661162,0.13896545351610146,0.9338248882955337,0.12976939910661162,0.13896545351610146,0.9338248882955337,0.12976939910661162,0.13896545351610146,0.9338248882955337,0.12976939910661162,0.1229559461768888,0.915955800698493,0.112622212131093,0.1229559461768888,0.915955800698493,0.112622212131093,0.1229559461768888,0.915955800698493,0.112622212131093,0.13314992967390313,0.8910820542116872,0.11864751285196329,0.13314992967390313,0.8910820542116872,0.11864751285196329,0.13314992967390313,0.8910820542116872,0.11864751285196329,0.13635203570885326,0.8396972885307659,0.11449443467037425,0.13635203570885326,0.8396972885307659,0.11449443467037425,0.13635203570885326,0.8396972885307659,0.11449443467037425
1070.5305305305305,0.14389142024377466,0.9327091109655855,0.13420883865114652,0.14389142024377466,0.9327091109655855,0.13420883865114652,0.14389142024377466,0.9327091109655855,0.13420883865114652,0.14389142024377466,0.9327091109655855,0.13420883865114652,0.14389142024377466,0.9327091109655855,0.13420883865114652,0.14389142024377466,0.9327091109655855,0.13420883865114652,0.11400297171171585,0.9146152326765752,0.10426885449793201,0.11400297171171585,0.9146152326765752,0.10426885449793201,0.11400297171171585,0.9146152326765752,0.10426885449793201,0.1281209884839697,0.8902386981099639,0.11405826198853086,0.1281209884839697,0.8902386981099639,0.11405826198853086,0.1281209884839697,0.8902386981099639,0.11405826198853086,0.13110264012348438,0.8385870646973833,0.10994097815523016,0.13110264012348438,0.8385870646973833,0.10994097815523016,0.13110264012348438,0.8385870646973833,0.10994097815523016
1090.5405405405406,0.14456713676240343,0.9309311192292795,0.13458204642999655,0.14456713676240343,0.9309311192292795,0.13458204642999655,0.14456713676240343,0.9309311192292795,0.13458204642999655,0.14456713676240343,0.9309311192292795,0.13458204642999655,0.14456713676240343,0.9309311192292795,0.13458204642999655,0.14456713676240343,0.9309311192292795,0.13458204642999655,0.11161451381968872,0.9143312785262404,0.10205264112284071,0.11161451381968872,0.9143312785262404,0.10205264112284071,0.11161451381968872,0.9143312785262404,0.10205264112284071,0.12309850462019369,0.8892087883331756,0.10946027213894825,0.12309850462019369,0.8892087883331756,0.10946027213894825,0.12309850462019369,0.8892087883331756,0.10946027213894825,0.1273076580579039,0.8373066498282825,0.10659554866594806,0.1273076580579039,0.8373066498282825,0.10659554866594806,0.1273076580579039,0.8373066498282825,0.10659554866594806
1110.5505505505505,0.1439756901399873,0.9297783565302714,0.13386548055866898,0.1439756901399873,0.9297783565302714,0.13386548055866898,0.1439756901399873,0.9297783565302714,0.13386548055866898,0.1439756901399873,0.9297783565302714,0.13386548055866898,0.1439756901399873,0.9297783565302714,0.13386548055866898,0.1439756901399873,0.9297783565302714,0.13386548055866898,0.1102640339392394,0.9142885655219247,0.10081314541896802,0.1102640339392394,0.9142885655219247,0.10081314541896802,0.1102640339392394,0.9142885655219247,0.10081314541896802,0.11892299559393335,0.8878923754620133,0.10559082105495603,0.11892299559393335,0.8878923754620133,0.10559082105495603,0.11892299559393335,0.8878923754620133,0.10559082105495603,0.12828376674675046,0.8356057858953658,0.10719465773003621,0.12828376674675046,0.8356057858953658,0.10719465773003621,0.12828376674675046,0.8356057858953658,0.10719465773003621
1130.5605605605606,0.14178625755408739,0.9294106542674093,0.13177765839947175,0.14178625755408739,0.9294106542674093,0.13177765839947175,0.14178625755408739,0.9294106542674093,0.13177765839947175,0.14178625755408739,0.9294106542674093,0.13177765839947175,0.14178625755408739,0.9294106542674093,0.13177765839947175,0.14178625755408739,0.9294106542674093,0.13177765839947175,0.10994988805750738,0.9142419193075532,0.10052079668534616,0.10994988805750738,0.9142419193075532,0.10052079668534616,0.10994988805750738,0.9142419193075532,0.10052079668534616,0.11938065638155275,0.8864242372561832,0.1058219072761604,0.11938065638155275,0.8864242372561832,0.1058219072761604,0.11938065638155275,0.8864242372561832,0.1058219072761604,0.13365544419251352,0.8343614546578828,0.11151695083941106,0.13365544419251352,0.8343614546578828,0.11151695083941106,0.13365544419251352,0.8343614546578828,0.11151695083941106
1150.5705705705707,0.13874562579013827,0.9291649753175607,0.12891757596271333,0.13874562579013827,0.9291649753175607,0.12891757596271333,0.13874562579013827,0.9291649753175607,0.12891757596271333,0.13874562579013827,0.9291649753175607,0.12891757596271333,0.13874562579013827,0.9291649753175607,0.12891757596271333,0.13874562579013827,0.9291649753175607,0.12891757596271333,0.11072090654922968,0.9140389659593565,0.10120322293234045,0.11072090654922968,0.9140389659593565,0.10120322293234045,0.11072090654922968,0.9140389659593565,0.10120322293234045,0.12574849070772423,0.8853947575898993,0.1113370544474612,0.12574849070772423,0.8853947575898993,0.1113370544474612,0.12574849070772423,0.8853947575898993,0.1113370544474612,0.13897192630854152,0.8333998238834494,0.1158191789102822,0.13897192630854152,0.8333998238834494,0.1158191789102822,0.13897192630854152,0.8333998238834494,0.1158191789102822
1170.5805805805805,0.13530689324704834,0.9288722333911312,0.12568281612360116,0.13530689324704834,0.9288722333911312,0.12568281612360116,0.13530689324704834,0.9288722333911312,0.12568281612360116,0.13530689324704834,0.9288722333911312,0.12568281612360116,0.13530689324704834,0.9288722333911312,0.12568281612360116,0.13530689324704834,0.9288722333911312,0.12568281612360116,0.11306671045036758,0.9131283109137245,0.10324441433411531,0.11306671045036758,0.9131283109137245,0.10324441433411531,0.11306671045036758,0.9131283109137245,0.10324441433411531,0.13412533876254032,0.8846006155259571,0.11864735722697069,0.13412533876254032,0.8846006155259571,0.11864735722697069,0.13412533876254032,0.8846006155259571,0.11864735722697069,0.14200535869051364,0.8323187184685846,0.11819371816096,0.14200535869051364,0.8323187184685846,0.11819371816096,0.14200535869051364,0.8323187184685846,0.11819371816096
1190.5905905905906,0.13200400083309222,0.9283653055026733,0.1225479345609888,0.13200400083309222,0.9283653055026733,0.1225479345609888,0.13200400083309222,0.9283653055026733,0.1225479345609888,0.13200400083309222,0.9283653055026733,0.1225479345609888,0.13200400083309222,0.9283653055026733,0.1225479345609888,0.13200400083309222,0.9283653055026733,0.1225479345609888,0.12129493883619497,0.9122205507471309,0.11064773590799333,0.12129493883619497,0.9122205507471309,0.11064773590799333,0.12129493883619497,0.9122205507471309,0.11064773590799333,0.14315324324988482,0.8837099840861684,0.1265059503142391,0.14315324324988482,0.8837099840861684,0.1265059503142391,0.14315324324988482,0.8837099840861684,0.1265059503142391,0.14257110600441497,0.8310817064312829,0.11848823806594451,0.14257110600441497,0.8310817064312829,0.11848823806594451,0.14257110600441497,0.8310817064312829,0.11848823806594451
1210.6006006006005,0.12957540071039436,0.9270863286385567,0.12012758252646934,0.12957540071039436,0.9270863286385567,0.12012758252646934,0.12957540071039436,0.9270863286385567,0.12012758252646934,0.12957540071039436,0.9270863286385567,0.12012758252646934,0.12957540071039436,0.9270863286385567,0.12012758252646934,0.12957540071039436,0.9270863286385567,0.12012758252646934,0.1271206776687991,0.9114100655851146,0.1158590651713444,0.1271206776687991,0.9114100655851146,0.1158590651713444,0.1271206776687991,0.9114100655851146,0.1158590651713444,0.14948853239725723,0.8827068428808796,0.13195455047927904,0.14948853239725723,0.8827068428808796,0.13195455047927904,0.14948853239725723,0.8827068428808796,0.13195455047927904,0.14053663241838577,0.830168492160616,0.11666908422810204,0.14053663241838577,0.830168492160616,0.11666908422810204,0.14053663241838577,0.830168492160616,0.11666908422810204
1230.6106106106106,0.1254296983461464,0.9259935896305125,0.11614709661782045,0.1254296983461464,0.9259935896305125,0.11614709661782045,0.1254296983461464,0.9259935896305125,0.11614709661782045,0.1254296983461464,0.9259935896305125,0.11614709661782045,0.1254296983461464,0.9259935896305125,0.11614709661782045,0.1254296983461464,0.9259935896305125,0.11614709661782045,0.13188026761251304,0.9111428211427645,0.12016175908552788,0.13188026761251304,0.9111428211427645,0.12016175908552788,0.13188026761251304,0.9111428211427645,0.12016175908552788,0.15235922248399095,0.8816890198432161,0.13433345353598447,0.15235922248399095,0.8816890198432161,0.13433345353598447,0.15235922248399095,0.8816890198432161,0.13433345353598447,0.1366675602802044,0.8293145424257012,0.11334039521821467,0.1366675602802044,0.8293145424257012,0.11334039521821467,0.1366675602802044,0.8293145424257012,0.11334039521821467
1250.6206206206207,0.11952978758464661,0.9253635610085063,0.11060850988591893,0.11952978758464661,0.9253635610085063,0.11060850988591893,0.11952978758464661,0.9253635610085063,0.11060850988591893,0.11952978758464661,0.9253635610085063,0.11060850988591893,0.11952978758464661,0.9253635610085063,0.11060850988591893,0.11952978758464661,0.9253635610085063,0.11060850988591893,0.13538270231141303,0.9108748527675333,0.12331669903517914,0.13538270231141303,0.9108748527675333,0.12331669903517914,0.13538270231141303,0.9108748527675333,0.12331669903517914,0.15318090141442417,0.8805312269059288,0.13488056706099905,0.15318090141442417,0.8805312269059288,0.13488056706099905,0.15318090141442417,0.8805312269059288,0.13488056706099905,0.13172499090803358,0.8283773332442614,0.10911799669002144,0.13172499090803358,0.8283773332442614,0.10911799669002144,0.13172499090803358,0.8283773332442614,0.10911799669002144
1270.6306306306305,0.11538993371433151,0.9245077739766672,0.1066788907575518,0.11538993371433151,0.9245077739766672,0.1066788907575518,0.11538993371433151,0.9245077739766672,0.1066788907575518,0.11538993371433151,0.9245077739766672,0.1066788907575518,0.11538993371433151,0.9245077739766672,0.1066788907575518,0.11538993371433151,0.9245077739766672,0.1066788907575518,0.13727136071646787,0.9105215428932909,0.1249885311546198,0.13727136071646787,0.9105215428932909,0.1249885311546198,0.13727136071646787,0.9105215428932909,0.1249885311546198,0.15215012111162357,0.8798771276331183,0.13387341153272642,0.15215012111162357,0.8798771276331183,0.13387341153272642,0.15215012111162357,0.8798771276331183,0.13387341153272642,0.12930845008493472,0.8274039862931506,0.10699032706166388,0.12930845008493472,0.8274039862931506,0.10699032706166388,0.12930845008493472,0.8274039862931506,0.10699032706166388
1290.6406406406406,0.11374255726469695,0.9243935921510535,0.10514289109036012,0.11374255726469695,0.9243935921510535,0.10514289109036012,0.11374255726469695,0.9243935921510535,0.10514289109036012,0.11374255726469695,0.9243935921510535,0.10514289109036012,0.11374255726469695,0.9243935921510535,0.10514289109036012,0.11374255726469695,0.9243935921510535,0.10514289109036012,0.13772713703890166,0.9100737905298962,0.1253418576638237,0.13772713703890166,0.9100737905298962,0.1253418576638237,0.13772713703890166,0.9100737905298962,0.1253418576638237,0.14992632747961912,0.8792815187455636,0.13182744892622422,0.14992632747961912,0.8792815187455636,0.13182744892622422,0.14992632747961912,0.8792815187455636,0.13182744892622422,0.1311673634281313,0.8265246068356975,0.10841305348711126,0.1311673634281313,0.8265246068356975,0.10841305348711126,0.1311673634281313,0.8265246068356975,0.10841305348711126
1310.6506506506507,0.11271685252143597,0.924369176801835,0.10419198417693361,0.11271685252143597,0.924369176801835,0.10419198417693361,0.11271685252143597,0.924369176801835,0.10419198417693361,0.11271685252143597,0.924369176801835,0.10419198417693361,0.11271685252143597,0.924369176801835,0.10419198417693361,0.11271685252143597,0.924369176801835,0.10419198417693361,0.13726666492784173,0.9092629057983782,0.1248114866215417,0.13726666492784173,0.9092629057983782,0.1248114866215417,0.13726666492784173,0.9092629057983782,0.1248114866215417,0.1465495015314017,0.8785066514192887,0.12874471185751762,0.1465495015314017,0.8785066514192887,0.12874471185751762,0.1465495015314017,0.8785066514192887,0.12874471185751762,0.13584188043212186,0.8254941946111625,0.11213668368178027,0.13584188043212186,0.8254941946111625,0.11213668368178027,0.13584188043212186,0.8254941946111625,0.11213668368178027
1330.6606606606608,0.1124191214432005,0.9243348868514658,0.10391291589914192,0.1124191214432005,0.9243348868514658,0.10391291589914192,0.1124191214432005,0.9243348868514658,0.10391291589914192,0.1124191214432005,0.9243348868514658,0.10391291589914192,0.1124191214432005,0.9243348868514658,0.10391291589914192,0.1124191214432005,0.9243348868514658,0.10391291589914192,0.13625615956118198,0.9082872057107962,0.12375972642871037,0.13625615956118198,0.9082872057107962,0.12375972642871037,0.13625615956118198,0.9082872057107962,0.12375972642871037,0.1417030638009027,0.877758878334959,0.12438112233850748,0.1417030638009027,0.877758878334959,0.12438112233850748,0.1417030638009027,0.877758878334959,0.12438112233850748,0.1397235389887994,0.8244511716475836,0.11519523542606251,0.1397235389887994,0.8244511716475836,0.11519523542606251,0.1397235389887994,0.8244511716475836,0.11519523542606251
1350.670670670671,0.11287014471578545,0.9242084015938649,0.10431553603544429,0.11287014471578545,0.9242084015938649,0.10431553603544429,0.11287014471578545,0.9242084015938649,0.10431553603544429,0.11287014471578545,0.9242084015938649,0.10431553603544429,0.11287014471578545,0.9242084015938649,0.10431553603544429,0.11287014471578545,0.9242084015938649,0.10431553603544429,0.1336469849549234,0.907464768542812,0.12127993026856423,0.1336469849549234,0.907464768542812,0.12127993026856423,0.1336469849549234,0.907464768542812,0.12127993026856423,0.13527250188548892,0.8769926700153786,0.11863299260821526,0.13527250188548892,0.8769926700153786,0.11863299260821526,0.13527250188548892,0.8769926700153786,0.11863299260821526,0.1416661205116018,0.8234693173620865,0.11665770355102381,0.1416661205116018,0.8234693173620865,0.11665770355102381,0.1416661205116018,0.8234693173620865,0.11665770355102381
1370.680680680681,0.11402132491033304,0.9237713000145789,0.10532962754180303,0.11402132491033304,0.9237713000145789,0.10532962754180303,0.11402132491033304,0.9237713000145789,0.10532962754180303,0.11402132491033304,0.9237713000145789,0.10532962754180303,0.11402132491033304,0.9237713000145789,0.10532962754180303,0.11402132491033304,0.9237713000145789,0.10532962754180303,0.13059911263501334,0.9069717842634867,0.11844971020980612,0.13059911263501334,0.9069717842634867,0.11844971020980612,0.13059911263501334,0.9069717842634867,0.11844971020980612,0.13248176429495398,0.8763107876842913,0.11609519922311573,0.13248176429495398,0.8763107876842913,0.11609519922311573,0.13248176429495398,0.8763107876842913,0.11609519922311573,0.14152026613124383,0.8224315002544212,0.11639072479072382,0.14152026613124383,0.8224315002544212,0.11639072479072382,0.14152026613124383,0.8224315002544212,0.11639072479072382
1390.6906906906906,0.12117287640629214,0.9224455425668149,0.11177537972098375,0.12117287640629214,0.9224455425668149,0.11177537972098375,0.12117287640629214,0.9224455425668149,0.11177537972098375,0.12117287640629214,0.9224455425668149,0.11177537972098375,0.12117287640629214,0.9224455425668149,0.11177537972098375,0.12117287640629214,0.9224455425668149,0.11177537972098375,0.1269980916788865,0.9064712402602547,0.11512011767484578,0.1269980916788865,0.9064712402602547,0.11512011767484578,0.1269980916788865,0.9064712402602547,0.11512011767484578,0.13170561433825548,0.8758160286371792,0.11534988809895085,0.13170561433825548,0.8758160286371792,0.11534988809895085,0.13170561433825548,0.8758160286371792,0.11534988809895085,0.13951702034948488,0.8211953511142731,0.11457072851231243,0.13951702034948488,0.8211953511142731,0.11457072851231243,0.13951702034948488,0.8211953511142731,0.11457072851231243
1410.7007007007007,0.12715147614511121,0.921955593166255,0.11722801461133092,0.12715147614511121,0.921955593166255,0.11722801461133092,0.12715147614511121,0.921955593166255,0.11722801461133092,0.12715147614511121,0.921955593166255,0.11722801461133092,0.12715147614511121,0.921955593166255,0.11722801461133092,0.12715147614511121,0.921955593166255,0.11722801461133092,0.12313461259363771,0.9058671901766779,0.11154360552369237,0.12313461259363771,0.9058671901766779,0.11154360552369237,0.12313461259363771,0.9058671901766779,0.11154360552369237,0.1331046487735352,0.8751674376076721,0.11648885440080398,0.1331046487735352,0.8751674376076721,0.11648885440080398,0.1331046487735352,0.8751674376076721,0.11648885440080398,0.1354505470617165,0.8200714477163922,0.11107912622287916,0.1354505470617165,0.8200714477163922,0.11107912622287916,0.1354505470617165,0.8200714477163922,0.11107912622287916
1430.7107107107106,0.1319229966472817,0.9213524467555801,0.12154757574430118,0.1319229966472817,0.9213524467555801,0.12154757574430118,0.1319229966472817,0.9213524467555801,0.12154757574430118,0.1319229966472817,0.9213524467555801,0.12154757574430118,0.1319229966472817,0.9213524467555801,0.12154757574430118,0.1319229966472817,0.9213524467555801,0.12154757574430118,0.11937369223264145,0.9051718403980159,0.1080537046933264,0.11937369223264145,0.9051718403980159,0.1080537046933264,0.11937369223264145,0.9051718403980159,0.1080537046933264,0.1386391947993356,0.8742401592395942,0.12120395173822027,0.1386391947993356,0.8742401592395942,0.12120395173822027,0.1386391947993356,0.8742401592395942,0.12120395173822027,0.13159373034279476,0.8191094326073041,0.10778966579576518,0.13159373034279476,0.8191094326073041,0.10778966579576518,0.13159373034279476,0.8191094326073041,0.10778966579576518
1450.7207207207207,0.13589239060413882,0.9211645885890166,0.1251792580832395,0.13589239060413882,0.9211645885890166,0.1251792580832395,0.13589239060413882,0.9211645885890166,0.1251792580832395,0.13589239060413882,0.9211645885890166,0.1251792580832395,0.13589239060413882,0.9211645885890166,0.1251792580832395,0.13589239060413882,0.9211645885890166,0.1251792580832395,0.11592936823873556,0.9042958873111406,0.10483445091686734,0.11592936823873556,0.9042958873111406,0.10483445091686734,0.11592936823873556,0.9042958873111406,0.10483445091686734,0.14358923828867534,0.873503026024613,0.12542563414972713,0.14358923828867534,0.873503026024613,0.12542563414972713,0.14358923828867534,0.873503026024613,0.12542563414972713,0.12954841276541396,0.8180640818596611,0.10597890334531476,0.12954841276541396,0.8180640818596611,0.10597890334531476,0.12954841276541396,0.8180640818596611,0.10597890334531476
1470.7307307307308,0.13895687556833503,0.9209674035426654,0.12797475289657073,0.13895687556833503,0.9209674035426654,0.12797475289657073,0.13895687556833503,0.9209674035426654,0.12797475289657073,0.13895687556833503,0.9209674035426654,0.12797475289657073,0.13895687556833503,0.9209674035426654,0.12797475289657073,0.13895687556833503,0.9209674035426654,0.12797475289657073,0.11460882495143786,0.9033370508652081,0.10353039793475875,0.11460882495143786,0.9033370508652081,0.10353039793475875,0.11460882495143786,0.9033370508652081,0.10353039793475875,0.1466662194796103,0.8727188978847726,0.12799838142117168,0.1466662194796103,0.8727188978847726,0.12799838142117168,0.1466662194796103,0.8727188978847726,0.12799838142117168,0.1311334834638346,0.8169092846629454,0.1071241601718013,0.1311334834638346,0.8169092846629454,0.1071241601718013,0.1311334834638346,0.8169092846629454,0.1071241601718013
1490.7407407407409,0.14085442396350942,0.9207129430512598,0.12968649122923265,0.14085442396350942,0.9207129430512598,0.12968649122923265,0.14085442396350942,0.9207129430512598,0.12968649122923265,0.14085442396350942,0.9207129430512598,0.12968649122923265,0.14085442396350942,0.9207129430512598,0.12968649122923265,0.14085442396350942,0.9207129430512598,0.12968649122923265,0.1176767441912508,0.9023945673361438,0.10619085465998984,0.1176767441912508,0.9023945673361438,0.10619085465998984,0.1176767441912508,0.9023945673361438,0.10619085465998984,0.1483805094638694,0.8721411146483623,0.12940874291591095,0.1483805094638694,0.8721411146483623,0.12940874291591095,0.1483805094638694,0.8721411146483623,0.12940874291591095,0.13410076328382317,0.8159468149352471,0.10941909068182104,0.13410076328382317,0.8159468149352471,0.10941909068182104,0.13410076328382317,0.8159468149352471,0.10941909068182104
1510.750750750751,0.14162818188712387,0.9204028928307809,0.1303549883152728,0.14162818188712387,0.9204028928307809,0.1303549883152728,0.14162818188712387,0.9204028928307809,0.1303549883152728,0.14162818188712387,0.9204028928307809,0.1303549883152728,0.14162818188712387,0.9204028928307809,0.1303549883152728,0.14162818188712387,0.9204028928307809,0.1303549883152728,0.1231213630215485,0.9017910923803579,0.11102974845456083,0.1231213630215485,0.9017910923803579,0.11102974845456083,0.1231213630215485,0.9017910923803579,0.11102974845456083,0.1485422713115083,0.8714878948581827,0.1294527913227194,0.1485422713115083,0.8714878948581827,0.1294527913227194,0.1485422713115083,0.8714878948581827,0.1294527913227194,0.13664129928591037,0.8151336746971545,0.1113809244023178,0.13664129928591037,0.8151336746971545,0.1113809244023178,0.13664129928591037,0.8151336746971545,0.1113809244023178
1530.760760760761,0.14156956508184956,0.9199848388674343,0.13024185352035814,0.14156956508184956,0.9199848388674343,0.13024185352035814,0.14156956508184956,0.9199848388674343,0.13024185352035814,0.14156956508184956,0.9199848388674343,0.13024185352035814,0.14156956508184956,0.9199848388674343,0.13024185352035814,0.14156956508184956,0.9199848388674343,0.13024185352035814,0.12970709103664968,0.9012803646274561,0.11690245430427826,0.12970709103664968,0.9012803646274561,0.11690245430427826,0.12970709103664968,0.9012803646274561,0.11690245430427826,0.14761939385472198,0.8705734040568146,0.12851351821290893,0.14761939385472198,0.8705734040568146,0.12851351821290893,0.14761939385472198,0.8705734040568146,0.12851351821290893,0.13775331858527518,0.8142328223435378,0.11216327337887712,0.13775331858527518,0.8142328223435378,0.11216327337887712,0.13775331858527518,0.8142328223435378,0.11216327337887712
1550.7707707707707,0.14115377510860982,0.9189722211942032,0.1297163982415062,0.14115377510860982,0.9189722211942032,0.1297163982415062,0.14115377510860982,0.9189722211942032,0.1297163982415062,0.14115377510860982,0.9189722211942032,0.1297163982415062,0.14115377510860982,0.9189722211942032,0.1297163982415062,0.14115377510860982,0.9189722211942032,0.1297163982415062,0.13696237675132675,0.9007215110286156,0.12336495894152556,0.13696237675132675,0.9007215110286156,0.12336495894152556,0.13696237675132675,0.9007215110286156,0.12336495894152556,0.145914146011031,0.869454307025124,0.12686568270518372,0.145914146011031,0.869454307025124,0.12686568270518372,0.145914146011031,0.869454307025124,0.12686568270518372,0.13733670041945226,0.8133163757916774,0.11169818744833625,0.13733670041945226,0.8133163757916774,0.11169818744833625,0.13733670041945226,0.8133163757916774,0.11169818744833625
1570.7807807807808,0.14018207251021841,0.918255541400684,0.12872296488754056,0.14018207251021841,0.918255541400684,0.12872296488754056,0.14018207251021841,0.918255541400684,0.12872296488754056,0.14018207251021841,0.918255541400684,0.12872296488754056,0.14018207251021841,0.918255541400684,0.12872296488754056,0.14018207251021841,0.918255541400684,0.12872296488754056,0.143329759494407,0.9000856523003254,0.12900906006857207,0.143329759494407,0.9000856523003254,0.12900906006857207,0.143329759494407,0.9000856523003254,0.12900906006857207,0.1427388164741773,0.8686222278989888,0.12398610877346478,0.1427388164741773,0.8686222278989888,0.12398610877346478,0.1427388164741773,0.8686222278989888,0.12398610877346478,0.1349938108955071,0.8125584345589913,0.10969035965640576,0.1349938108955071,0.8125584345589913,0.10969035965640576,0.1349938108955071,0.8125584345589913,0.10969035965640576
1590.7907907907909,0.1378977199416951,0.9176154861951418,0.12653708332950006,0.1378977199416951,0.9176154861951418,0.12653708332950006,0.1378977199416951,0.9176154861951418,0.12653708332950006,0.1378977199416951,0.9176154861951418,0.12653708332950006,0.1378977199416951,0.9176154861951418,0.12653708332950006,0.1378977199416951,0.9176154861951418,0.12653708332950006,0.1474458334503802,0.8993785058497534,0.13260961338237454,0.1474458334503802,0.8993785058497534,0.13260961338237454,0.1474458334503802,0.8993785058497534,0.13260961338237454,0.13889291795910083,0.8679393729753558,0.12055063212413951,0.13889291795910083,0.8679393729753558,0.12055063212413951,0.13889291795910083,0.8679393729753558,0.12055063212413951,0.13166988937759924,0.8118159190823854,0.10689171226055173,0.13166988937759924,0.8118159190823854,0.10689171226055173,0.13166988937759924,0.8118159190823854,0.10689171226055173
1610.800800800801,0.1353853506715549,0.9172369946525653,0.12418045216996068,0.1353853506715549,0.9172369946525653,0.12418045216996068,0.1353853506715549,0.9172369946525653,0.12418045216996068,0.1353853506715549,0.9172369946525653,0.12418045216996068,0.1353853506715549,0.9172369946525653,0.12418045216996068,0.1353853506715549,0.9172369946525653,0.12418045216996068,0.14959551423777104,0.8986879927855114,0.13443969242005885,0.14959551423777104,0.8986879927855114,0.13443969242005885,0.14959551423777104,0.8986879927855114,0.13443969242005885,0.13566726752121652,0.8672998202150597,0.1176641967302195,0.13566726752121652,0.8672998202150597,0.1176641967302195,0.13566726752121652,0.8672998202150597,0.1176641967302195,0.12845556597007599,0.810957879518494,0.10417205339144084,0.12845556597007599,0.810957879518494,0.10417205339144084,0.12845556597007599,0.810957879518494,0.10417205339144084
1630.810810810811,0.1324338728878878,0.9168734102362678,0.1214250966655141,0.1324338728878878,0.9168734102362678,0.1214250966655141,0.1324338728878878,0.9168734102362678,0.1214250966655141,0.1324338728878878,0.9168734102362678,0.1214250966655141,0.1324338728878878,0.9168734102362678,0.1214250966655141,0.1324338728878878,0.9168734102362678,0.1214250966655141,0.1505609296297484,0.897827530569184,0.1351777476496777,0.1505609296297484,0.897827530569184,0.1351777476496777,0.1505609296297484,0.897827530569184,0.1351777476496777,0.1330568389785146,0.8665468561774514,0.11529998550974122,0.1330568389785146,0.8665468561774514,0.11529998550974122,0.1330568389785146,0.8665468561774514,0.11529998550974122,0.12788201594508017,0.8101289747372584,0.10360092646492153,0.12788201594508017,0.8101289747372584,0.10360092646492153,0.12788201594508017,0.8101289747372584,0.10360092646492153
1650.8208208208212,0.12919091046960393,0.9164493606600099,0.1183969273029531,0.12919091046960393,0.9164493606600099,0.1183969273029531,0.12919091046960393,0.9164493606600099,0.1183969273029531,0.12919091046960393,0.9164493606600099,0.1183969273029531,0.12919091046960393,0.9164493606600099,0.1183969273029531,0.12919091046960393,0.9164493606600099,0.1183969273029531,0.15039512567922037,0.8972772879327142,0.13494613048775056,0.15039512567922037,0.8972772879327142,0.13494613048775056,0.15039512567922037,0.8972772879327142,0.13494613048775056,0.13201714302632767,0.8655317121030224,0.11426502383052696,0.13201714302632767,0.8655317121030224,0.11426502383052696,0.13201714302632767,0.8655317121030224,0.11426502383052696,0.1297059372856398,0.8093754997532465,0.10498080781152798,0.1297059372856398,0.8093754997532465,0.10498080781152798,0.1297059372856398,0.8093754997532465,0.10498080781152798
1670.8308308308308,0.12589195206303846,0.9159530190146844,0.11531111356179201,0.12589195206303846,0.9159530190146844,0.11531111356179201,0.12589195206303846,0.9159530190146844,0.11531111356179201,0.12589195206303846,0.9159530190146844,0.11531111356179201,0.12589195206303846,0.9159530190146844,0.11531111356179201,0.12589195206303846,0.9159530190146844,0.11531111356179201,0.14929046191451,0.8969022305326376,0.13389894828837182,0.14929046191451,0.8969022305326376,0.13389894828837182,0.14929046191451,0.8969022305326376,0.13389894828837182,0.13487674834455574,0.8645617936574755,0.11660928347145705,0.13487674834455574,0.8645617936574755,0.11660928347145705,0.13487674834455574,0.8645617936574755,0.11660928347145705,0.13254415433723704,0.8085373237442647,0.1071668958257764,0.13254415433723704,0.8085373237442647,0.1071668958257764,0.13254415433723704,0.8085373237442647,0.1071668958257764
1690.8408408408409,0.12270551721801319,0.9154006945358011,0.11232471568474398,0.12270551721801319,0.9154006945358011,0.11232471568474398,0.12270551721801319,0.9154006945358011,0.11232471568474398,0.12270551721801319,0.9154006945358011,0.11232471568474398,0.12270551721801319,0.9154006945358011,0.11232471568474398,0.12270551721801319,0.9154006945358011,0.11232471568474398,0.1475784296671804,0.8965078130077345,0.13230521522803967,0.1475784296671804,0.8965078130077345,0.13230521522803967,0.1475784296671804,0.8965078130077345,0.13230521522803967,0.1388880486584463,0.8638262956908781,0.11997514858836011,0.1388880486584463,0.8638262956908781,0.11997514858836011,0.1388880486584463,0.8638262956908781,0.11997514858836011,0.13478023697375424,0.8076036578368133,0.10884901238411644,0.13478023697375424,0.8076036578368133,0.10884901238411644,0.13478023697375424,0.8076036578368133,0.10884901238411644
1710.8508508508507,0.11979350021456081,0.9146414031556502,0.10956809512517258,0.11979350021456081,0.9146414031556502,0.10956809512517258,0.11979350021456081,0.9146414031556502,0.10956809512517258,0.11979350021456081,0.9146414031556502,0.10956809512517258,0.11979350021456081,0.9146414031556502,0.10956809512517258,0.11979350021456081,0.9146414031556502,0.10956809512517258,0.14520915957034547,0.8960018879309523,0.13010768111989646,0.14520915957034547,0.8960018879309523,0.13010768111989646,0.14520915957034547,0.8960018879309523,0.13010768111989646,0.14294033365954528,0.8632748329017756,0.12339679265486801,0.14294033365954528,0.8632748329017756,0.12339679265486801,0.14294033365954528,0.8632748329017756,0.12339679265486801,0.1358327737931235,0.8067317028378248,0.10958060490331159,0.1358327737931235,0.8067317028378248,0.10958060490331159,0.1358327737931235,0.8067317028378248,0.10958060490331159
1730.8608608608608,0.11847985445350567,0.9138926146152877,0.10827786396575304,0.11847985445350567,0.9138926146152877,0.10827786396575304,0.11847985445350567,0.9138926146152877,0.10827786396575304,0.11847985445350567,0.9138926146152877,0.10827786396575304,0.11847985445350567,0.9138926146152877,0.10827786396575304,0.11847985445350567,0.9138926146152877,0.10827786396575304,0.1419665600178306,0.8954556083542629,0.12712475236672846,0.1419665600178306,0.8954556083542629,0.12712475236672846,0.1419665600178306,0.8954556083542629,0.12712475236672846,0.14638332616346694,0.8627069725040684,0.12628591613956014,0.14638332616346694,0.8627069725040684,0.12628591613956014,0.14638332616346694,0.8627069725040684,0.12628591613956014,0.13530284817809074,0.8058908354573474,0.10903932535800018,0.13530284817809074,0.8058908354573474,0.10903932535800018,0.13530284817809074,0.8058908354573474,0.10903932535800018
1750.870870870871,0.12043841657144802,0.9130970067536757,0.10997195766954147,0.12043841657144802,0.9130970067536757,0.10997195766954147,0.12043841657144802,0.9130970067536757,0.10997195766954147,0.12043841657144802,0.9130970067536757,0.10997195766954147,0.12043841657144802,0.9130970067536757,0.10997195766954147,0.12043841657144802,0.9130970067536757,0.10997195766954147,0.13775960304615356,0.8949892770583769,0.12329336753812596,0.13775960304615356,0.8949892770583769,0.12329336753812596,0.13775960304615356,0.8949892770583769,0.12329336753812596,0.14847199794839855,0.8620602803609915,0.127991812177153,0.14847199794839855,0.8620602803609915,0.127991812177153,0.14847199794839855,0.8620602803609915,0.127991812177153,0.13327058611408,0.8049803466132313,0.10728020260346059,0.13327058611408,0.8049803466132313,0.10728020260346059,0.13327058611408,0.8049803466132313,0.10728020260346059
1770.880880880881,0.12476000254911394,0.9125753096112856,0.11385289795336244,0.12476000254911394,0.9125753096112856,0.11385289795336244,0.12476000254911394,0.9125753096112856,0.11385289795336244,0.12476000254911394,0.9125753096112856,0.11385289795336244,0.12476000254911394,0.9125753096112856,0.11385289795336244,0.12476000254911394,0.9125753096112856,0.11385289795336244,0.13244791054480995,0.894400968969615,0.1184615395292789,0.13244791054480995,0.894400968969615,0.1184615395292789,0.13244791054480995,0.894400968969615,0.1184615395292789,0.14940000305534812,0.8612498664632068,0.12867073268102125,0.14940000305534812,0.8612498664632068,0.12867073268102125,0.14940000305534812,0.8612498664632068,0.12867073268102125,0.1300641014813972,0.8040609003652147,0.10457945854232488,0.1300641014813972,0.8040609003652147,0.10457945854232488,0.1300641014813972,0.8040609003652147,0.10457945854232488
1790.8908908908911,0.1299958007937404,0.9121773223554932,0.11857922148549221,0.1299958007937404,0.9121773223554932,0.11857922148549221,0.1299958007937404,0.9121773223554932,0.11857922148549221,0.1299958007937404,0.9121773223554932,0.11857922148549221,0.1299958007937404,0.9121773223554932,0.11857922148549221,0.1299958007937404,0.9121773223554932,0.11857922148549221,0.13022043281573792,0.8939062925802757,0.11640486431651514,0.13022043281573792,0.8939062925802757,0.11640486431651514,0.13022043281573792,0.8939062925802757,0.11640486431651514,0.14929012867889296,0.86055746436344,0.12847273459039982,0.14929012867889296,0.86055746436344,0.12847273459039982,0.14929012867889296,0.86055746436344,0.12847273459039982,0.12769917980610548,0.8032245937260538,0.10257112181890937,0.12769917980610548,0.8032245937260538,0.10257112181890937,0.12769917980610548,0.8032245937260538,0.10257112181890937
1810.9009009009012,0.1360047722582763,0.9117845438314226,0.12400704923240899,0.1360047722582763,0.9117845438314226,0.12400704923240899,0.1360047722582763,0.9117845438314226,0.12400704923240899,0.1360047722582763,0.9117845438314226,0.12400704923240899,0.1360047722582763,0.9117845438314226,0.12400704923240899,0.1360047722582763,0.9117845438314226,0.12400704923240899,0.1293737955572168,0.8935827349259714,0.11560619006177127,0.1293737955572168,0.8935827349259714,0.11560619006177127,0.1293737955572168,0.8935827349259714,0.11560619006177127,0.14787182118181363,0.8600419871864518,0.12717597493808663,0.14787182118181363,0.8600419871864518,0.12717597493808663,0.14787182118181363,0.8600419871864518,0.12717597493808663,0.12723402182272212,0.802396395466814,0.10209212049129818,0.12723402182272212,0.802396395466814,0.10209212049129818,0.12723402182272212,0.802396395466814,0.10209212049129818
1830.9109109109108,0.14224908180577817,0.9113422394011208,0.1296375967656311,0.14224908180577817,0.9113422394011208,0.1296375967656311,0.14224908180577817,0.9113422394011208,0.1296375967656311,0.14224908180577817,0.9113422394011208,0.1296375967656311,0.14224908180577817,0.9113422394011208,0.1296375967656311,0.14224908180577817,0.9113422394011208,0.1296375967656311,0.1293906598406006,0.8932379025204608,0.1155766416017565,0.1293906598406006,0.8932379025204608,0.1155766416017565,0.1293906598406006,0.8932379025204608,0.1155766416017565,0.14560072224948142,0.8595606895702732,0.12515265721869406,0.14560072224948142,0.8595606895702732,0.12515265721869406,0.14560072224948142,0.8595606895702732,0.12515265721869406,0.12873148458476844,0.8015638684305553,0.10318650677257538,0.12873148458476844,0.8015638684305553,0.10318650677257538,0.12873148458476844,0.8015638684305553,0.10318650677257538
1850.920920920921,0.14759582745252703,0.9108486187031476,0.13443745556148234,0.14759582745252703,0.9108486187031476,0.13443745556148234,0.14759582745252703,0.9108486187031476,0.13443745556148234,0.14759582745252703,0.9108486187031476,0.13443745556148234,0.14759582745252703,0.9108486187031476,0.13443745556148234,0.14759582745252703,0.9108486187031476,0.13443745556148234,0.13117913292928138,0.8927490731364516,0.11711004933745932,0.13117913292928138,0.8927490731364516,0.11711004933745932,0.13117913292928138,0.8927490731364516,0.11711004933745932,0.1426211564459641,0.8590393226997501,0.1225171816359961,0.1426211564459641,0.8590393226997501,0.1225171816359961,0.1426211564459641,0.8590393226997501,0.1225171816359961,0.13070655070570886,0.8007925966544143,0.10466883813936646,0.13070655070570886,0.8007925966544143,0.10466883813936646,0.13070655070570886,0.8007925966544143,0.10466883813936646
1870.930930930931,0.15123324416968018,0.9102921574988885,0.13766643612077437,0.15123324416968018,0.9102921574988885,0.13766643612077437,0.15123324416968018,0.9102921574988885,0.13766643612077437,0.15123324416968018,0.9102921574988885,0.13766643612077437,0.15123324416968018,0.9102921574988885,0.13766643612077437,0.15123324416968018,0.9102921574988885,0.13766643612077437,0.13582562492811692,0.8920942666616409,0.12116926126410756,0.13582562492811692,0.8920942666616409,0.12116926126410756,0.13582562492811692,0.8920942666616409,0.12116926126410756,0.1391081612597236,0.858462811221676,0.11941918317890057,0.1391081612597236,0.858462811221676,0.11941918317890057,0.1391081612597236,0.858462811221676,0.11941918317890057,0.13223864154830756,0.800073319622797,0.10580060892596356,0.13223864154830756,0.800073319622797,0.10580060892596356,0.13223864154830756,0.800073319622797,0.10580060892596356
1890.9409409409411,0.15335010545763542,0.909773250096744,0.1395138238448714,0.15335010545763542,0.909773250096744,0.1395138238448714,0.15335010545763542,0.909773250096744,0.1395138238448714,0.15335010545763542,0.909773250096744,0.1395138238448714,0.15335010545763542,0.909773250096744,0.1395138238448714,0.15335010545763542,0.909773250096744,0.1395138238448714,0.14029414862187867,0.8915529551759114,0.12507966279772445,0.14029414862187867,0.8915529551759114,0.12507966279772445,0.14029414862187867,0.8915529551759114,0.12507966279772445,0.13637867722242472,0.8578411396701441,0.11699123989519154,0.13637867722242472,0.8578411396701441,0.11699123989519154,0.13637867722242472,0.8578411396701441,0.11699123989519154,0.13272548415208388,0.7993111229736709,0.10608895578482633,0.13272548415208388,0.7993111229736709,0.10608895578482633,0.13272548415208388,0.7993111229736709,0.10608895578482633
1910.9509509509512,0.15446246888089332,0.9091214083929718,0.14042513725285333,0.15446246888089332,0.9091214083929718,0.14042513725285333,0.15446246888089332,0.9091214083929718,0.14042513725285333,0.15446246888089332,0.9091214083929718,0.14042513725285333,0.15446246888089332,0.9091214083929718,0.14042513725285333,0.15446246888089332,0.9091214083929718,0.14042513725285333,0.1433076035480474,0.8910624196479724,0.12769601997147545,0.1433076035480474,0.8910624196479724,0.12769601997147545,0.1433076035480474,0.8910624196479724,0.12769601997147545,0.1363161497223124,0.8573028443084225,0.11686422288211121,0.1363161497223124,0.8573028443084225,0.11686422288211121,0.1363161497223124,0.8573028443084225,0.11686422288211121,0.13195063590012376,0.7985802787354476,0.1053731755964404,0.13195063590012376,0.7985802787354476,0.1053731755964404,0.13195063590012376,0.7985802787354476,0.1053731755964404
1930.9609609609613,0.15486788950001823,0.9085257569747628,0.140701466539088,0.15486788950001823,0.9085257569747628,0.140701466539088,0.15486788950001823,0.9085257569747628,0.140701466539088,0.15486788950001823,0.9085257569747628,0.140701466539088,0.15486788950001823,0.9085257569747628,0.140701466539088,0.15486788950001823,0.9085257569747628,0.140701466539088,0.1454930684692626,0.8905423625121205,0.12956774092375484,0.1454930684692626,0.8905423625121205,0.12956774092375484,0.1454930684692626,0.8905423625121205,0.12956774092375484,0.13803161358340382,0.856789184744559,0.11826399367110056,0.13803161358340382,0.856789184744559,0.11826399367110056,0.13803161358340382,0.856789184744559,0.11826399367110056,0.12971153422069892,0.7979190348765868,0.10349930219774144,0.12971153422069892,0.7979190348765868,0.10349930219774144,0.12971153422069892,0.7979190348765868,0.10349930219774144
1950.970970970971,0.15441938425147383,0.9081766007508532,0.14024007147954334,0.15441938425147383,0.9081766007508532,0.14024007147954334,0.15441938425147383,0.9081766007508532,0.14024007147954334,0.15441938425147383,0.9081766007508532,0.14024007147954334,0.15441938425147383,0.9081766007508532,0.14024007147954334,0.15441938425147383,0.9081766007508532,0.14024007147954334,0.14683726143585846,0.8901661568962989,0.13070956070153522,0.14683726143585846,0.8901661568962989,0.13070956070153522,0.14683726143585846,0.8901661568962989,0.13070956070153522,0.14130903652074078,0.8561936179273584,0.12098789522452226,0.14130903652074078,0.8561936179273584,0.12098789522452226,0.14130903652074078,0.8561936179273584,0.12098789522452226,0.12701999429592017,0.7972396647694215,0.10126537767149324,0.12701999429592017,0.7972396647694215,0.10126537767149324,0.12701999429592017,0.7972396647694215,0.10126537767149324
1970.980980980981,0.15337410262723822,0.9079005689993195,0.1392484350450296,0.15337410262723822,0.9079005689993195,0.1392484350450296,0.15337410262723822,0.9079005689993195,0.1392484350450296,0.15337410262723822,0.9079005689993195,0.1392484350450296,0.15337410262723822,0.9079005689993195,0.1392484350450296,0.15337410262723822,0.9079005689993195,0.1392484350450296,0.14722909941401965,0.8897529278107659,0.1309975222625663,0.14722909941401965,0.8897529278107659,0.1309975222625663,0.14722909941401965,0.8897529278107659,0.1309975222625663,0.1449405759732393,0.8555463901720664,0.12400338656336503,0.1449405759732393,0.8555463901720664,0.12400338656336503,0.1449405759732393,0.8555463901720664,0.12400338656336503,0.12496863636987268,0.7964685571146343,0.0995335894940959,0.12496863636987268,0.7964685571146343,0.0995335894940959,0.12496863636987268,0.7964685571146343,0.0995335894940959
1990.990990990991,0.15191520379831144,0.9075983324058678,0.13787798563444503,0.15191520379831144,0.9075983324058678,0.13787798563444503,0.15191520379831144,0.9075983324058678,0.13787798563444503,0.15191520379831144,0.9075983324058678,0.13787798563444503,0.15191520379831144,0.9075983324058678,0.13787798563444503,0.15191520379831144,0.9075983324058678,0.13787798563444503,0.1468491628881274,0.8892310241324565,0.13058283150800346,0.1468491628881274,0.8892310241324565,0.13058283150800346,0.1468491628881274,0.8892310241324565,0.13058283150800346,0.14765938905220877,0.8549110985522653,0.12623565050618013,0.14765938905220877,0.8549110985522653,0.12623565050618013,0.14765938905220877,0.8549110985522653,0.12623565050618013,0.12481930766803537,0.7957361178468163,0.09932323131608982,0.12481930766803537,0.7957361178468163,0.09932323131608982,0.12481930766803537,0.7957361178468163,0.09932323131608982
2011.001001001001,0.14999204604569827,0.9072163398215923,0.13607523501593013,0.14999204604569827,0.9072163398215923,0.13607523501593013,0.14999204604569827,0.9072163398215923,0.13607523501593013,0.14999204604569827,0.9072163398215923,0.13607523501593013,0.14999204604569827,0.9072163398215923,0.13607523501593013,0.14999204604569827,0.9072163398215923,0.13607523501593013,0.14606455682687816,0.8884772710377808,0.12977503884488756,0.14606455682687816,0.8884772710377808,0.12977503884488756,0.14606455682687816,0.8884772710377808,0.12977503884488756,0.14946205457649184,0.8542801516600532,0.1276824666510286,0.14946205457649184,0.8542801516600532,0.1276824666510286,0.14946205457649184,0.8542801516600532,0.1276824666510286,0.1260062780554024,0.7950600151820394,0.10018255334376051,0.1260062780554024,0.7950600151820394,0.10018255334376051,0.1260062780554024,0.7950600151820394,0.10018255334376051
2031.011011011011,0.14742907950252523,0.9067748577101479,0.1336849825882404,0.14742907950252523,0.9067748577101479,0.1336849825882404,0.14742907950252523,0.9067748577101479,0.1336849825882404,0.14742907950252523,0.9067748577101479,0.1336849825882404,0.14742907950252523,0.9067748577101479,0.1336849825882404,0.14742907950252523,0.9067748577101479,0.1336849825882404,0.14475892809914132,0.887705356213671,0.12850327583335744,0.14475892809914132,0.887705356213671,0.12850327583335744,0.14475892809914132,0.887705356213671,0.12850327583335744,0.15031312141626987,0.8537216765447124,0.12832557002216682,0.15031312141626987,0.8537216765447124,0.12832557002216682,0.15031312141626987,0.8537216765447124,0.12832557002216682,0.1276543247985905,0.7943300634410789,0.1013996679157925,0.1276543247985905,0.7943300634410789,0.1013996679157925,0.1276543247985905,0.7943300634410789,0.1013996679157925
2051.0210210210207,0.14419545673026377,0.9063939246683329,0.13069788594508655,0.14419545673026377,0.9063939246683329,0.13069788594508655,0.14419545673026377,0.9063939246683329,0.13069788594508655,0.14419545673026377,0.9063939246683329,0.13069788594508655,0.14419545673026377,0.9063939246683329,0.13069788594508655,0.14419545673026377,0.9063939246683329,0.13069788594508655,0.14256912518710121,0.8871264595783587,0.1264768432724169,0.14256912518710121,0.8871264595783587,0.1264768432724169,0.14256912518710121,0.8871264595783587,0.1264768432724169,0.15017149797871734,0.853088805450582,0.12810962382338847,0.15017149797871734,0.853088805450582,0.12810962382338847,0.15017149797871734,0.853088805450582,0.12810962382338847,0.12885716179554246,0.7935216979926051,0.1022509538265067,0.12885716179554246,0.7935216979926051,0.1022509538265067,0.12885716179554246,0.7935216979926051,0.1022509538265067
2071.031031031031,0.14004628566246347,0.9060258625509512,0.12688555676439037,0.14004628566246347,0.9060258625509512,0.12688555676439037,0.14004628566246347,0.9060258625509512,0.12688555676439037,0.14004628566246347,0.9060258625509512,0.12688555676439037,0.14004628566246347,0.9060258625509512,0.12688555676439037,0.14004628566246347,0.9060258625509512,0.12688555676439037,0.1393151432844251,0.8865776207936855,0.123513688273637,0.1393151432844251,0.8865776207936855,0.123513688273637,0.1393151432844251,0.8865776207936855,0.123513688273637,0.1492140851366876,0.8523335826552099,0.12718017576717244,0.1492140851366876,0.8523335826552099,0.12718017576717244,0.1492140851366876,0.8523335826552099,0.12718017576717244,0.12918496453398504,0.7927639191619246,0.1024131787807562,0.12918496453398504,0.7927639191619246,0.1024131787807562,0.12918496453398504,0.7927639191619246,0.1024131787807562
2091.041041041041,0.1355811256458053,0.9054827278958548,0.12276636750095442,0.1355811256458053,0.9054827278958548,0.12276636750095442,0.1355811256458053,0.9054827278958548,0.12276636750095442,0.1355811256458053,0.9054827278958548,0.12276636750095442,0.1355811256458053,0.9054827278958548,0.12276636750095442,0.1355811256458053,0.9054827278958548,0.12276636750095442,0.13666604368740715,0.8861648976165136,0.12110865061190514,0.13666604368740715,0.8861648976165136,0.12110865061190514,0.13666604368740715,0.8861648976165136,0.12110865061190514,0.14732754629299072,0.8515782405811277,0.1254609326613197,0.14732754629299072,0.8515782405811277,0.1254609326613197,0.14732754629299072,0.8515782405811277,0.1254609326613197,0.12824422426807827,0.7920584359658,0.10157691969542136,0.12824422426807827,0.7920584359658,0.10157691969542136,0.12824422426807827,0.7920584359658,0.10157691969542136
2111.051051051051,0.1340625005874901,0.905130045734093,0.12134399728798179,0.1340625005874901,0.905130045734093,0.12134399728798179,0.1340625005874901,0.905130045734093,0.12134399728798179,0.1340625005874901,0.905130045734093,0.12134399728798179,0.1340625005874901,0.905130045734093,0.12134399728798179,0.1340625005874901,0.905130045734093,0.12134399728798179,0.13428770235379,0.8857309393419196,0.11894277274789053,0.13428770235379,0.8857309393419196,0.11894277274789053,0.13428770235379,0.8857309393419196,0.11894277274789053,0.1442795064697117,0.8508912240091052,0.1227661658594426,0.1442795064697117,0.8508912240091052,0.1227661658594426,0.1442795064697117,0.8508912240091052,0.1227661658594426,0.12624234320011346,0.7913208189343173,0.09989819440530093,0.12624234320011346,0.7913208189343173,0.09989819440530093,0.12624234320011346,0.7913208189343173,0.09989819440530093
2131.061061061061,0.13336884615822886,0.904885770639103,0.12068357113513689,0.13336884615822886,0.904885770639103,0.12068357113513689,0.13336884615822886,0.904885770639103,0.12068357113513689,0.13336884615822886,0.904885770639103,0.12068357113513689,0.13336884615822886,0.904885770639103,0.12068357113513689,0.13336884615822886,0.904885770639103,0.12068357113513689,0.13222664714434662,0.8852309377532264,0.11705111884755492,0.13222664714434662,0.8852309377532264,0.11705111884755492,0.13222664714434662,0.8852309377532264,0.11705111884755492,0.14135005512732293,0.8502918809945044,0.1201888042528883,0.14135005512732293,0.8502918809945044,0.1201888042528883,0.14135005512732293,0.8502918809945044,0.1201888042528883,0.12382138416917492,0.7905642962596716,0.09788876543760221,0.12382138416917492,0.7905642962596716,0.09788876543760221,0.12382138416917492,0.7905642962596716,0.09788876543760221
2151.071071071071,0.1332406197943587,0.9046333193889461,0.12053390416201122,0.1332406197943587,0.9046333193889461,0.12053390416201122,0.1332406197943587,0.9046333193889461,0.12053390416201122,0.1332406197943587,0.9046333193889461,0.12053390416201122,0.1332406197943587,0.9046333193889461,0.12053390416201122,0.1332406197943587,0.9046333193889461,0.12053390416201122,0.1307458389571526,0.8846029601370674,0.11565815616710151,0.1307458389571526,0.8846029601370674,0.11565815616710151,0.1307458389571526,0.8846029601370674,0.11565815616710151,0.13919167648520755,0.8497290184782688,0.11827520664012013,0.13919167648520755,0.8497290184782688,0.11827520664012013,0.13919167648520755,0.8497290184782688,0.11827520664012013,0.12241568760499102,0.7898640581113399,0.09669175178816826,0.12241568760499102,0.7898640581113399,0.09669175178816826,0.12241568760499102,0.7898640581113399,0.09669175178816826
2171.0810810810813,0.1341577039631017,0.9043026035451229,0.12131916097946872,0.1341577039631017,0.9043026035451229,0.12131916097946872,0.1341577039631017,0.9043026035451229,0.12131916097946872,0.1341577039631017,0.9043026035451229,0.12131916097946872,0.1341577039631017,0.9043026035451229,0.12131916097946872,0.1341577039631017,0.9043026035451229,0.12131916097946872,0.13155046502381218,0.8837968488321076,0.1162638864504436,0.13155046502381218,0.8837968488321076,0.1162638864504436,0.13155046502381218,0.8837968488321076,0.1162638864504436,0.1380076185439293,0.8490743049974409,0.1171787227995387,0.1380076185439293,0.8490743049974409,0.1171787227995387,0.1380076185439293,0.8490743049974409,0.1171787227995387,0.12245485458254768,0.7891972303243797,0.09664103207632131,0.12245485458254768,0.7891972303243797,0.09664103207632131,0.12245485458254768,0.7891972303243797,0.09664103207632131
2191.091091091091,0.13719974957450679,0.9038227778523286,0.12400425878107456,0.13719974957450679,0.9038227778523286,0.12400425878107456,0.13719974957450679,0.9038227778523286,0.12400425878107456,0.13719974957450679,0.9038227778523286,0.12400425878107456,0.13719974957450679,0.9038227778523286,0.12400425878107456,0.13719974957450679,0.9038227778523286,0.12400425878107456,0.13432675432091945,0.8831680017629724,0.11863309119691215,0.13432675432091945,0.8831680017629724,0.11863309119691215,0.13432675432091945,0.8831680017629724,0.11863309119691215,0.13883384784112196,0.8483265355078891,0.11777643715028842,0.13883384784112196,0.8483265355078891,0.11777643715028842,0.13883384784112196,0.8483265355078891,0.11777643715028842,0.12362917579104507,0.7885271094884778,0.09748495663495567,0.12362917579104507,0.7885271094884778,0.09748495663495567,0.12362917579104507,0.7885271094884778,0.09748495663495567
2211.101101101101,0.14168816020438932,0.9033160903384977,0.12798919492308367,0.14168816020438932,0.9033160903384977,0.12798919492308367,0.14168816020438932,0.9033160903384977,0.12798919492308367,0.14168816020438932,0.9033160903384977,0.12798919492308367,0.14168816020438932,0.9033160903384977,0.12798919492308367,0.14168816020438932,0.9033160903384977,0.12798919492308367,0.13756466038494883,0.8826523844003884,0.12142177549800473,0.13756466038494883,0.8826523844003884,0.12142177549800473,0.13756466038494883,0.8826523844003884,0.12142177549800473,0.14099633061280106,0.8476597884814,0.1195169197839005,0.14099633061280106,0.8476597884814,0.1195169197839005,0.14099633061280106,0.8476597884814,0.1195169197839005,0.1250266219834994,0.7878795963048686,0.09850592445572091,0.1250266219834994,0.7878795963048686,0.09850592445572091,0.1250266219834994,0.7878795963048686,0.09850592445572091
2231.1111111111113,0.14525720460953492,0.9029237860327934,0.1311561851345814,0.14525720460953492,0.9029237860327934,0.1311561851345814,0.14525720460953492,0.9029237860327934,0.1311561851345814,0.14525720460953492,0.9029237860327934,0.1311561851345814,0.14525720460953492,0.9029237860327934,0.1311561851345814,0.14525720460953492,0.9029237860327934,0.1311561851345814,0.14084895530891264,0.8822763668723592,0.12426770456771474,0.14084895530891264,0.8822763668723592,0.12426770456771474,0.14084895530891264,0.8822763668723592,0.12426770456771474,0.14328174965751353,0.8470767540943083,0.12137063942083982,0.14328174965751353,0.8470767540943083,0.12137063942083982,0.14328174965751353,0.8470767540943083,0.12137063942083982,0.12604968553688303,0.7872605013700108,0.09923393863329874,0.12604968553688303,0.7872605013700108,0.09923393863329874,0.12604968553688303,0.7872605013700108,0.09923393863329874
2251.121121121121,0.1477547585006436,0.9025248538239845,0.1333523418175915,0.1477547585006436,0.9025248538239845,0.1333523418175915,0.1477547585006436,0.9025248538239845,0.1333523418175915,0.1477547585006436,0.9025248538239845,0.1333523418175915,0.1477547585006436,0.9025248538239845,0.1333523418175915,0.1477547585006436,0.9025248538239845,0.1333523418175915,0.14393831249719624,0.8819165376434704,0.12694157819177118,0.14393831249719624,0.8819165376434704,0.12694157819177118,0.14393831249719624,0.8819165376434704,0.12694157819177118,0.14535922824161182,0.8465893714844184,0.12305957767652627,0.14535922824161182,0.8465893714844184,0.12305957767652627,0.14535922824161182,0.8465893714844184,0.12305957767652627,0.1262071906279563,0.7866300175932329,0.09927836458406177,0.1262071906279563,0.7866300175932329,0.09927836458406177,0.1262071906279563,0.7866300175932329,0.09927836458406177
2271.131131131131,0.1496918018699114,0.90208670711112,0.1350349846303586,0.1496918018699114,0.90208670711112,0.1350349846303586,0.1496918018699114,0.90208670711112,0.1350349846303586,0.1496918018699114,0.90208670711112,0.1350349846303586,0.1496918018699114,0.90208670711112,0.1350349846303586,0.1496918018699114,0.90208670711112,0.1350349846303586,0.14643149127274815,0.8815230733511057,0.12908273822213856,0.14643149127274815,0.8815230733511057,0.12908273822213856,0.14643149127274815,0.8815230733511057,0.12908273822213856,0.14689395685795983,0.8460957162691888,0.12428634764335084,0.14689395685795983,0.8460957162691888,0.12428634764335084,0.14689395685795983,0.8460957162691888,0.12428634764335084,0.12528189743160617,0.7860003937850727,0.09847162071538354,0.12528189743160617,0.7860003937850727,0.09847162071538354,0.12528189743160617,0.7860003937850727,0.09847162071538354
2291.1411411411414,0.15103138924751008,0.9017943406391115,0.13619925208226735,0.15103138924751008,0.9017943406391115,0.13619925208226735,0.15103138924751008,0.9017943406391115,0.13619925208226735,0.15103138924751008,0.9017943406391115,0.13619925208226735,0.15103138924751008,0.9017943406391115,0.13619925208226735,0.15103138924751008,0.9017943406391115,0.13619925208226735,0.14803902351417764,0.8810785255613455,0.13043400456341298,0.14803902351417764,0.8810785255613455,0.13043400456341298,0.14803902351417764,0.8810785255613455,0.13043400456341298,0.14763365614176638,0.8455164285896616,0.12482668168062047,0.14763365614176638,0.8455164285896616,0.12482668168062047,0.14763365614176638,0.8455164285896616,0.12482668168062047,0.12333728195475109,0.7853992475134223,0.0968690084376123,0.12333728195475109,0.7853992475134223,0.0968690084376123,0.12333728195475109,0.7853992475134223,0.0968690084376123
2311.151151151151,0.15167718469039973,0.9014969777720363,0.13673652359536634,0.15167718469039973,0.9014969777720363,0.13673652359536634,0.15167718469039973,0.9014969777720363,0.13673652359536634,0.15167718469039973,0.9014969777720363,0.13673652359536634,0.15167718469039973,0.9014969777720363,0.13673652359536634,0.15167718469039973,0.9014969777720363,0.13673652359536634,0.14894283508572626,0.880495710744339,0.13114352743908342,0.14894283508572626,0.880495710744339,0.13114352743908342,0.14894283508572626,0.880495710744339,0.13114352743908342,0.14771586760017988,0.8449074104386921,0.12480623117477269,0.14771586760017988,0.8449074104386921,0.12480623117477269,0.14771586760017988,0.8449074104386921,0.12480623117477269,0.12129066175574447,0.7847859680567176,0.09518720940222182,0.12129066175574447,0.7847859680567176,0.09518720940222182,0.12129066175574447,0.7847859680567176,0.09518720940222182
2331.161161161161,0.15165795271581214,0.9011460917227087,0.13666597136852146,0.15165795271581214,0.9011460917227087,0.13666597136852146,0.15165795271581214,0.9011460917227087,0.13666597136852146,0.15165795271581214,0.9011460917227087,0.13666597136852146,0.15165795271581214,0.9011460917227087,0.13666597136852146,0.15165795271581214,0.9011460917227087,0.13666597136852146,0.1493341705068071,0.8799564084037561,0.1314075603311241,0.1493341705068071,0.8799564084037561,0.1314075603311241,0.1493341705068071,0.8799564084037561,0.1314075603311241,0.1469603280554772,0.8443904062056151,0.12409189110287486,0.1469603280554772,0.8443904062056151,0.12409189110287486,0.1469603280554772,0.8443904062056151,0.12409189110287486,0.12001899784818829,0.7841302227192548,0.09411052351324165,0.12001899784818829,0.7841302227192548,0.09411052351324165,0.12001899784818829,0.7841302227192548,0.09411052351324165
2351.171171171171,0.15120161659110107,0.9006925140325807,0.13618616417322918,0.15120161659110107,0.9006925140325807,0.13618616417322918,0.15120161659110107,0.9006925140325807,0.13618616417322918,0.15120161659110107,0.9006925140325807,0.13618616417322918,0.15120161659110107,0.9006925140325807,0.13618616417322918,0.15120161659110107,0.9006925140325807,0.13618616417322918,0.1489107671940371,0.8795186610047092,0.13096979857168348,0.1489107671940371,0.8795186610047092,0.13096979857168348,0.1489107671940371,0.8795186610047092,0.13096979857168348,0.14519955302205895,0.8439451607790964,0.12254046012025448,0.14519955302205895,0.8439451607790964,0.12254046012025448,0.14519955302205895,0.8439451607790964,0.12254046012025448,0.12003998141116919,0.7834800283560068,0.09404892803987737,0.12003998141116919,0.7834800283560068,0.09404892803987737,0.12003998141116919,0.7834800283560068,0.09404892803987737
2371.1811811811813,0.15052600731926505,0.9000419288131499,0.13547971796417363,0.15052600731926505,0.9000419288131499,0.13547971796417363,0.15052600731926505,0.9000419288131499,0.13547971796417363,0.15052600731926505,0.9000419288131499,0.13547971796417363,0.15052600731926505,0.9000419288131499,0.13547971796417363,0.15052600731926505,0.9000419288131499,0.13547971796417363,0.14777672928638677,0.8791857768523561,0.12992319853835227,0.14777672928638677,0.8791857768523561,0.12992319853835227,0.14777672928638677,0.8791857768523561,0.12992319853835227,0.1430233409244348,0.8435121806549843,0.12064193018773127,0.1430233409244348,0.8435121806549843,0.12064193018773127,0.1430233409244348,0.8435121806549843,0.12064193018773127,0.12086631495548068,0.7828582641169938,0.09462119351626545,0.12086631495548068,0.7828582641169938,0.09462119351626545,0.12086631495548068,0.7828582641169938,0.09462119351626545
2391.191191191191,0.14942612912975117,0.8994314670356689,0.1343985625366334,0.14942612912975117,0.8994314670356689,0.1343985625366334,0.14942612912975117,0.8994314670356689,0.1343985625366334,0.14942612912975117,0.8994314670356689,0.1343985625366334,0.14942612912975117,0.8994314670356689,0.1343985625366334,0.14942612912975117,0.8994314670356689,0.1343985625366334,0.14615416859493502,0.8788691983994066,0.12845039699576227,0.14615416859493502,0.8788691983994066,0.12845039699576227,0.14615416859493502,0.8788691983994066,0.12845039699576227,0.1406108611008304,0.8430275199094082,0.11853882550615932,0.1406108611008304,0.8430275199094082,0.11853882550615932,0.1406108611008304,0.8430275199094082,0.11853882550615932,0.12190239203720783,0.7822117981554736,0.09535348927487783,0.12190239203720783,0.7822117981554736,0.09535348927487783,0.12190239203720783,0.7822117981554736,0.09535348927487783
2411.201201201201,0.14768936790884585,0.8989711415073565,0.1327684796575151,0.14768936790884585,0.8989711415073565,0.1327684796575151,0.14768936790884585,0.8989711415073565,0.1327684796575151,0.14768936790884585,0.8989711415073565,0.1327684796575151,0.14768936790884585,0.8989711415073565,0.1327684796575151,0.14768936790884585,0.8989711415073565,0.1327684796575151,0.14409424754980524,0.8785286543892823,0.12659092540516653,0.14409424754980524,0.8785286543892823,0.12659092540516653,0.14409424754980524,0.8785286543892823,0.12659092540516653,0.13842852829729987,0.8424660618820424,0.1166213370867531,0.13842852829729987,0.8424660618820424,0.1166213370867531,0.13842852829729987,0.8424660618820424,0.1166213370867531,0.12256205950284751,0.7815366450901258,0.09578674079919182,0.12256205950284751,0.7815366450901258,0.09578674079919182,0.12256205950284751,0.7815366450901258,0.09578674079919182
2431.2112112112113,0.14484569610528092,0.8984971802048011,0.13014344951539644,0.14484569610528092,0.8984971802048011,0.13014344951539644,0.14484569610528092,0.8984971802048011,0.13014344951539644,0.14484569610528092,0.8984971802048011,0.13014344951539644,0.14484569610528092,0.8984971802048011,0.13014344951539644,0.14484569610528092,0.8984971802048011,0.13014344951539644,0.14162265925974193,0.8781625795521419,0.12436771977856902,0.14162265925974193,0.8781625795521419,0.12436771977856902,0.14162265925974193,0.8781625795521419,0.12436771977856902,0.13770961427741535,0.8419261080046266,0.11594131958340267,0.13770961427741535,0.8419261080046266,0.11594131958340267,0.13770961427741535,0.8419261080046266,0.11594131958340267,0.12246829254165907,0.780889084606368,0.09563415285616103,0.12246829254165907,0.780889084606368,0.09563415285616103,0.12246829254165907,0.780889084606368,0.09563415285616103
2451.2212212212216,0.1424287653349503,0.8981562119510912,0.12792328034610986,0.1424287653349503,0.8981562119510912,0.12792328034610986,0.1424287653349503,0.8981562119510912,0.12792328034610986,0.1424287653349503,0.8981562119510912,0.12792328034610986,0.1424287653349503,0.8981562119510912,0.12792328034610986,0.1424287653349503,0.8981562119510912,0.12792328034610986,0.13882648101869868,0.8777434083325996,0.12185402861617352,0.13882648101869868,0.8777434083325996,0.12185402861617352,0.13882648101869868,0.8777434083325996,0.12185402861617352,0.13850513009770626,0.8414500422413117,0.11654514757135331,0.13850513009770626,0.8414500422413117,0.11654514757135331,0.13850513009770626,0.8414500422413117,0.11654514757135331,0.1213627269146658,0.78027332955656,0.09469609901376982,0.1213627269146658,0.78027332955656,0.09469609901376982,0.1213627269146658,0.78027332955656,0.09469609901376982
2471.231231231231,0.1402936836843933,0.8978425647573269,0.12596164077844882,0.1402936836843933,0.8978425647573269,0.12596164077844882,0.1402936836843933,0.8978425647573269,0.12596164077844882,0.1402936836843933,0.8978425647573269,0.12596164077844882,0.1402936836843933,0.8978425647573269,0.12596164077844882,0.1402936836843933,0.8978425647573269,0.12596164077844882,0.13647643593760211,0.8773008413940347,0.11973089207851742,0.13647643593760211,0.8773008413940347,0.11973089207851742,0.13647643593760211,0.8773008413940347,0.11973089207851742,0.14017984820306092,0.8409990856188458,0.11789112416096285,0.14017984820306092,0.8409990856188458,0.11789112416096285,0.14017984820306092,0.8409990856188458,0.11789112416096285,0.11955284847549819,0.7796433240057479,0.09320858017979292,0.11955284847549819,0.7796433240057479,0.09320858017979292,0.11955284847549819,0.7796433240057479,0.09320858017979292
2491.2412412412414,0.13832662869104298,0.8974955504782315,0.12414753376286555,0.13832662869104298,0.8974955504782315,0.12414753376286555,0.13832662869104298,0.8974955504782315,0.12414753376286555,0.13832662869104298,0.8974955504782315,0.12414753376286555,0.13832662869104298,0.8974955504782315,0.12414753376286555,0.13832662869104298,0.8974955504782315,0.12414753376286555,0.13596545374721847,0.876895925475508,0.11922755239636451,0.13596545374721847,0.876895925475508,0.11922755239636451,0.13596545374721847,0.876895925475508,0.11922755239636451,0.14234912578236722,0.8405009341682709,0.11964457319811635,0.14234912578236722,0.8405009341682709,0.11964457319811635,0.14234912578236722,0.8405009341682709,0.11964457319811635,0.11770902236914789,0.7790181374738562,0.09169746336988206,0.11770902236914789,0.7790181374738562,0.09169746336988206,0.11770902236914789,0.7790181374738562,0.09169746336988206
2511.2512512512512,0.13658557656799225,0.8970995549465993,0.12253085995127051,0.13658557656799225,0.8970995549465993,0.12253085995127051,0.13658557656799225,0.8970995549465993,0.12253085995127051,0.13658557656799225,0.8970995549465993,0.12253085995127051,0.13658557656799225,0.8970995549465993,0.12253085995127051,0.13658557656799225,0.8970995549465993,0.12253085995127051,0.1367118667858647,0.8765588135167253,0.11983599174347416,0.1367118667858647,0.8765588135167253,0.11983599174347416,0.1367118667858647,0.8765588135167253,0.11983599174347416,0.14442787952560873,0.839937938833664,0.12131045543885653,0.14442787952560873,0.839937938833664,0.12131045543885653,0.14442787952560873,0.839937938833664,0.12131045543885653,0.11676393304567531,0.7784341024720923,0.09089302742152175,0.11676393304567531,0.7784341024720923,0.09089302742152175,0.11676393304567531,0.7784341024720923,0.09089302742152175
2531.261261261261,0.135228891264588,0.8966074398529853,0.12124722999089999,0.135228891264588,0.8966074398529853,0.12124722999089999,0.135228891264588,0.8966074398529853,0.12124722999089999,0.135228891264588,0.8966074398529853,0.12124722999089999,0.135228891264588,0.8966074398529853,0.12124722999089999,0.135228891264588,0.8966074398529853,0.12124722999089999,0.13848100646030168,0.8762045574340197,0.12133768897856625,0.13848100646030168,0.8762045574340197,0.12133768897856625,0.13848100646030168,0.8762045574340197,0.12133768897856625,0.14598844836250105,0.8393357743154329,0.12253332734744841,0.14598844836250105,0.8393357743154329,0.12253332734744841,0.14598844836250105,0.8393357743154329,0.12253332734744841,0.116860345168159,0.7778692268948996,0.09090206635062696,0.116860345168159,0.7778692268948996,0.09090206635062696,0.116860345168159,0.7778692268948996,0.09090206635062696
2551.2712712712714,0.13548366588814362,0.8959388261097138,0.12138507657286406,0.13548366588814362,0.8959388261097138,0.12138507657286406,0.13548366588814362,0.8959388261097138,0.12138507657286406,0.13548366588814362,0.8959388261097138,0.12138507657286406,0.13548366588814362,0.8959388261097138,0.12138507657286406,0.13548366588814362,0.8959388261097138,0.12138507657286406,0.1412058570970288,0.8757968980659457,0.12366765163432103,0.1412058570970288,0.8757968980659457,0.12366765163432103,0.1412058570970288,0.8757968980659457,0.12366765163432103,0.14701559110305318,0.8387766595452602,0.12331324640649081,0.14701559110305318,0.8387766595452602,0.12331324640649081,0.14701559110305318,0.8387766595452602,0.12331324640649081,0.11767145236025864,0.7772910559048097,0.09146496745495795,0.11767145236025864,0.7772910559048097,0.09146496745495795,0.11767145236025864,0.7772910559048097,0.09146496745495795
2571.2812812812813,0.13761453716719688,0.8953927856316691,0.12321906377754928,0.13761453716719688,0.8953927856316691,0.12321906377754928,0.13761453716719688,0.8953927856316691,0.12321906377754928,0.13761453716719688,0.8953927856316691,0.12321906377754928,0.13761453716719688,0.8953927856316691,0.12321906377754928,0.13761453716719688,0.8953927856316691,0.12321906377754928,0.14426033756043144,0.875350470637157,0.1262783543777988,0.14426033756043144,0.875350470637157,0.1262783543777988,0.14426033756043144,0.875350470637157,0.1262783543777988,0.14731883400284793,0.8382681300043547,0.12349268349398929,0.14731883400284793,0.8382681300043547,0.12349268349398929,0.14731883400284793,0.8382681300043547,0.12349268349398929,0.1185971603494919,0.7767306663415454,0.09211805138447596,0.1185971603494919,0.7767306663415454,0.09211805138447596,0.1185971603494919,0.7767306663415454,0.09211805138447596
2591.291291291291,0.14034829227344245,0.8949435768298429,0.1256038026891548,0.14034829227344245,0.8949435768298429,0.1256038026891548,0.14034829227344245,0.8949435768298429,0.1256038026891548,0.14034829227344245,0.8949435768298429,0.1256038026891548,0.14034829227344245,0.8949435768298429,0.1256038026891548,0.14034829227344245,0.8949435768298429,0.1256038026891548,0.14687060592508452,0.8748974511267037,0.128496718769291,0.14687060592508452,0.8748974511267037,0.128496718769291,0.14687060592508452,0.8748974511267037,0.128496718769291,0.14684516075395257,0.8377495515152188,0.12301946756380397,0.14684516075395257,0.8377495515152188,0.12301946756380397,0.14684516075395257,0.8377495515152188,0.12301946756380397,0.1191792358921134,0.776197601011484,0.09250663698984019,0.1191792358921134,0.776197601011484,0.09250663698984019,0.1191792358921134,0.776197601011484,0.09250663698984019
2611.3013013013015,0.14320974254453708,0.89459433398184,0.12811462425134093,0.14320974254453708,0.89459433398184,0.12811462425134093,0.14320974254453708,0.89459433398184,0.12811462425134093,0.14320974254453708,0.89459433398184,0.12811462425134093,0.14320974254453708,0.89459433398184,0.12811462425134093,0.14320974254453708,0.89459433398184,0.12811462425134093,0.14880923511619823,0.8744528205829598,0.13012665537615237,0.14880923511619823,0.8744528205829598,0.13012665537615237,0.14880923511619823,0.8744528205829598,0.13012665537615237,0.14567850122237969,0.8371868048292477,0.1219601189706777,0.14567850122237969,0.8371868048292477,0.1219601189706777,0.14567850122237969,0.8371868048292477,0.1219601189706777,0.11900704885658768,0.7756566905147512,0.09230861366402811,0.11900704885658768,0.7756566905147512,0.09230861366402811,0.11900704885658768,0.7756566905147512,0.09230861366402811
2631.3113113113113,0.14604890684230215,0.8943175545998955,0.13061410121919562,0.14604890684230215,0.8943175545998955,0.13061410121919562,0.14604890684230215,0.8943175545998955,0.13061410121919562,0.14604890684230215,0.8943175545998955,0.13061410121919562,0.14604890684230215,0.8943175545998955,0.13061410121919562,0.14604890684230215,0.8943175545998955,0.13061410121919562,0.1502406852510292,0.8740062054360594,0.13131129121836538,0.1502406852510292,0.8740062054360594,0.13131129121836538,0.1502406852510292,0.8740062054360594,0.13131129121836538,0.14378882189267034,0.8365943331372222,0.12029291356388536,0.14378882189267034,0.8365943331372222,0.12029291356388536,0.14378882189267034,0.8365943331372222,0.12029291356388536,0.1179549111114838,0.7750945068912009,0.09142620366335097,0.1179549111114838,0.7750945068912009,0.09142620366335097,0.1179549111114838,0.7750945068912009,0.09142620366335097
2651.3213213213216,0.14870875256256458,0.8940407288368523,0.13295168152545436,0.14870875256256458,0.8940407288368523,0.13295168152545436,0.14870875256256458,0.8940407288368523,0.13295168152545436,0.14870875256256458,0.8940407288368523,0.13295168152545436,0.14870875256256458,0.8940407288368523,0.13295168152545436,0.14870875256256458,0.8940407288368523,0.13295168152545436,0.15110714634812078,0.8736272543793167,0.13201132138120233,0.15110714634812078,0.8736272543793167,0.13201132138120233,0.15110714634812078,0.8736272543793167,0.13201132138120233,0.1414185715824912,0.8360128411316657,0.1182277418174603,0.1414185715824912,0.8360128411316657,0.1182277418174603,0.1414185715824912,0.8360128411316657,0.1182277418174603,0.11625574616354929,0.7745438847773892,0.09004517726120953,0.11625574616354929,0.7745438847773892,0.09004517726120953,0.11625574616354929,0.7745438847773892,0.09004517726120953
2671.3313313313315,0.15091901396088891,0.8937384637796932,0.13488212769255092,0.15091901396088891,0.8937384637796932,0.13488212769255092,0.15091901396088891,0.8937384637796932,0.13488212769255092,0.15091901396088891,0.8937384637796932,0.13488212769255092,0.15091901396088891,0.8937384637796932,0.13488212769255092,0.15091901396088891,0.8937384637796932,0.13488212769255092,0.15134886275549814,0.8732306712102829,0.13216246901089662,0.15134886275549814,0.8732306712102829,0.13216246901089662,0.15134886275549814,0.8732306712102829,0.13216246901089662,0.13965177601097378,0.8354848935931382,0.11667694922062119,0.13965177601097378,0.8354848935931382,0.11667694922062119,0.13965177601097378,0.8354848935931382,0.11667694922062119,0.11469305579990628,0.7739999983744225,0.08877242500268501,0.11469305579990628,0.7739999983744225,0.08877242500268501,0.11469305579990628,0.7739999983744225,0.08877242500268501
2691.341341341342,0.1524689074883449,0.8934044138235402,0.13621639492094037,0.1524689074883449,0.8934044138235402,0.13621639492094037,0.1524689074883449,0.8934044138235402,0.13621639492094037,0.1524689074883449,0.8934044138235402,0.13621639492094037,0.1524689074883449,0.8934044138235402,0.13621639492094037,0.1524689074883449,0.8934044138235402,0.13621639492094037,0.1510596973901676,0.8727608995068008,0.13183899737346783,0.1510596973901676,0.8727608995068008,0.13183899737346783,0.1510596973901676,0.8727608995068008,0.13183899737346783,0.13875585245780164,0.8349821758678871,0.11585866359961873,0.13875585245780164,0.8349821758678871,0.11585866359961873,0.13875585245780164,0.8349821758678871,0.11585866359961873,0.11388797589643504,0.7734375591044124,0.08808523808868086,0.11388797589643504,0.7734375591044124,0.08808523808868086,0.11388797589643504,0.7734375591044124,0.08808523808868086
2711.3513513513517,0.1534290376627261,0.8929799249514682,0.13700905053743712,0.1534290376627261,0.8929799249514682,0.13700905053743712,0.1534290376627261,0.8929799249514682,0.13700905053743712,0.1534290376627261,0.8929799249514682,0.13700905053743712,0.1534290376627261,0.8929799249514682,0.13700905053743712,0.1534290376627261,0.8929799249514682,0.13700905053743712,0.15031378386980632,0.8722221539009596,0.1311070123279258,0.15031378386980632,0.8722221539009596,0.1311070123279258,0.15031378386980632,0.8722221539009596,0.1311070123279258,0.13891241789724437,0.834461086180747,0.11591700712252838,0.13891241789724437,0.834461086180747,0.11591700712252838,0.13891241789724437,0.834461086180747,0.11591700712252838,0.11400305602286366,0.7728626998634595,0.08810870967051564,0.11400305602286366,0.7728626998634595,0.08810870967051564,0.11400305602286366,0.7728626998634595,0.08810870967051564
2731.361361361362,0.1540255818268523,0.8925077939499474,0.13746903224814105,0.1540255818268523,0.8925077939499474,0.13746903224814105,0.1540255818268523,0.8925077939499474,0.13746903224814105,0.1540255818268523,0.8925077939499474,0.13746903224814105,0.1540255818268523,0.8925077939499474,0.13746903224814105,0.1540255818268523,0.8925077939499474,0.13746903224814105,0.14901181421361145,0.8716813782353147,0.1298908235870655,0.14901181421361145,0.8716813782353147,0.1298908235870655,0.14901181421361145,0.8716813782353147,0.1298908235870655,0.14007620823542313,0.8339292182055102,0.11681364282295867,0.14007620823542313,0.8339292182055102,0.11681364282295867,0.14007620823542313,0.8339292182055102,0.11681364282295867,0.11465324848285535,0.7722985516284089,0.08854653774280126,0.11465324848285535,0.7722985516284089,0.08854653774280126,0.11465324848285535,0.7722985516284089,0.08854653774280126
2751.371371371372,0.15421593122206842,0.8921004759247294,0.13757610563838257,0.15421593122206842,0.8921004759247294,0.13757610563838257,0.15421593122206842,0.8921004759247294,0.13757610563838257,0.15421593122206842,0.8921004759247294,0.13757610563838257,0.15421593122206842,0.8921004759247294,0.13757610563838257,0.15421593122206842,0.8921004759247294,0.13757610563838257,0.14699561840703532,0.871190229920073,0.12806114659726842,0.14699561840703532,0.871190229920073,0.12806114659726842,0.14699561840703532,0.871190229920073,0.12806114659726842,0.14166018294095967,0.8334172610412778,0.11806204166526095,0.14166018294095967,0.8334172610412778,0.11806204166526095,0.14166018294095967,0.8334172610412778,0.11806204166526095,0.11540037150857642,0.771734882128251,0.0890584921037276,0.11540037150857642,0.771734882128251,0.0890584921037276,0.11540037150857642,0.771734882128251,0.0890584921037276
2771.3813813813813,0.15370856363105254,0.8917742092711275,0.13707333279028266,0.15370856363105254,0.8917742092711275,0.13707333279028266,0.15370856363105254,0.8917742092711275,0.13707333279028266,0.15370856363105254,0.8917742092711275,0.13707333279028266,0.15370856363105254,0.8917742092711275,0.13707333279028266,0.15370856363105254,0.8917742092711275,0.13707333279028266,0.14430964400186222,0.8707122231388397,0.12565217094923598,0.14430964400186222,0.8707122231388397,0.12565217094923598,0.14430964400186222,0.8707122231388397,0.12565217094923598,0.14318896383836724,0.832939066929254,0.1192676819340963,0.14318896383836724,0.832939066929254,0.1192676819340963,0.14318896383836724,0.832939066929254,0.1192676819340963,0.11579784373194212,0.7711685845077111,0.08929965923980693,0.11579784373194212,0.7711685845077111,0.08929965923980693,0.11579784373194212,0.7711685845077111,0.08929965923980693
2791.3913913913916,0.15273086712243988,0.89152100160595,0.13616277563314286,0.15273086712243988,0.89152100160595,0.13616277563314286,0.15273086712243988,0.89152100160595,0.13616277563314286,0.15273086712243988,0.89152100160595,0.13616277563314286,0.15273086712243988,0.89152100160595,0.13616277563314286,0.15273086712243988,0.89152100160595,0.13616277563314286,0.14219399954544723,0.8703150821284824,0.1237535823925733,0.14219399954544723,0.8703150821284824,0.1237535823925733,0.14219399954544723,0.8703150821284824,0.1237535823925733,0.14448738483117518,0.8324974133174137,0.12028537412895104,0.14448738483117518,0.8324974133174137,0.12028537412895104,0.14448738483117518,0.8324974133174137,0.12028537412895104,0.11551791161692658,0.7706147546255666,0.08901980711553577,0.11551791161692658,0.7706147546255666,0.08901980711553577,0.11551791161692658,0.7706147546255666,0.08901980711553577
2811.4014014014015,0.15140245709568637,0.8912798117097229,0.13494195345263274,0.15140245709568637,0.8912798117097229,0.13494195345263274,0.15140245709568637,0.8912798117097229,0.13494195345263274,0.15140245709568637,0.8912798117097229,0.13494195345263274,0.15140245709568637,0.8912798117097229,0.13494195345263274,0.15140245709568637,0.8912798117097229,0.13494195345263274,0.14052427916405355,0.8699362234210638,0.12224716071494403,0.14052427916405355,0.8699362234210638,0.12224716071494403,0.14052427916405355,0.8699362234210638,0.12224716071494403,0.14532998546810072,0.8320351375932064,0.12091965445536987,0.14532998546810072,0.8320351375932064,0.12091965445536987,0.14532998546810072,0.8320351375932064,0.12091965445536987,0.11443055716998735,0.7700757563425599,0.08812019786137855,0.11443055716998735,0.7700757563425599,0.08812019786137855,0.11443055716998735,0.7700757563425599,0.08812019786137855
2831.4114114114113,0.14975197956378847,0.8910230562054632,0.13343246650374488,0.14975197956378847,0.8910230562054632,0.13343246650374488,0.14975197956378847,0.8910230562054632,0.13343246650374488,0.14975197956378847,0.8910230562054632,0.13343246650374488,0.14975197956378847,0.8910230562054632,0.13343246650374488,0.14975197956378847,0.8910230562054632,0.13343246650374488,0.1393144794763499,0.8695116572252071,0.12113556392494809,0.1393144794763499,0.8695116572252071,0.12113556392494809,0.1393144794763499,0.8695116572252071,0.12113556392494809,0.1456099955908759,0.831542981077837,0.12108096980836763,0.1456099955908759,0.831542981077837,0.12108096980836763,0.1456099955908759,0.831542981077837,0.12108096980836763,0.1128580910135932,0.7695353446277682,0.08684828996217747,0.1128580910135932,0.7695353446277682,0.08684828996217747,0.1128580910135932,0.7695353446277682,0.08684828996217747
2851.421421421421,0.14778875647881665,0.8907454724085169,0.13164216570639078,0.14778875647881665,0.8907454724085169,0.13164216570639078,0.14778875647881665,0.8907454724085169,0.13164216570639078,0.14778875647881665,0.8907454724085169,0.13164216570639078,0.14778875647881665,0.8907454724085169,0.13164216570639078,0.14778875647881665,0.8907454724085169,0.13164216570639078,0.13910774514245156,0.8690022855371471,0.12088494846470937,0.13910774514245156,0.8690022855371471,0.12088494846470937,0.13910774514245156,0.8690022855371471,0.12088494846470937,0.14531136643540976,0.8310676645061232,0.12076357792966945,0.14531136643540976,0.8310676645061232,0.12076357792966945,0.14531136643540976,0.8310676645061232,0.12076357792966945,0.11143947356891307,0.76900884619028,0.08569794098928205,0.11143947356891307,0.76900884619028,0.08569794098928205,0.11143947356891307,0.76900884619028,0.08569794098928205
2871.4314314314315,0.14550732324946306,0.8904464577782898,0.12956648056828496,0.14550732324946306,0.8904464577782898,0.12956648056828496,0.14550732324946306,0.8904464577782898,0.12956648056828496,0.14550732324946306,0.8904464577782898,0.12956648056828496,0.14550732324946306,0.8904464577782898,0.12956648056828496,0.14550732324946306,0.8904464577782898,0.12956648056828496,0.1402856177105853,0.8684688590232327,0.1218336903504814,0.1402856177105853,0.8684688590232327,0.1218336903504814,0.1402856177105853,0.8684688590232327,0.1218336903504814,0.14423916559188546,0.8306325942069165,0.11980975230182883,0.14423916559188546,0.8306325942069165,0.11980975230182883,0.14423916559188546,0.8306325942069165,0.11980975230182883,0.11075731968926329,0.7685084800549521,0.08511793940935615,0.11075731968926329,0.7685084800549521,0.08511793940935615,0.11075731968926329,0.7685084800549521,0.08511793940935615
2891.4414414414414,0.14305959297907644,0.8900954783049896,0.12733669683882817,0.14305959297907644,0.8900954783049896,0.12733669683882817,0.14305959297907644,0.8900954783049896,0.12733669683882817,0.14305959297907644,0.8900954783049896,0.12733669683882817,0.14305959297907644,0.8900954783049896,0.12733669683882817,0.14305959297907644,0.8900954783049896,0.12733669683882817,0.142138618650195,0.8679986852040716,0.1233761341050922,0.142138618650195,0.8679986852040716,0.1233761341050922,0.142138618650195,0.8679986852040716,0.1233761341050922,0.14250758191007917,0.8302297284318713,0.11831403102868768,0.14250758191007917,0.8302297284318713,0.11831403102868768,0.14250758191007917,0.8302297284318713,0.11831403102868768,0.11082613678526411,0.7680151762704561,0.0851161549785083,0.11082613678526411,0.7680151762704561,0.0851161549785083,0.11082613678526411,0.7680151762704561,0.0851161549785083
2911.4514514514512,0.14110626433576898,0.8897356028983842,0.12554726717152417,0.14110626433576898,0.8897356028983842,0.12554726717152417,0.14110626433576898,0.8897356028983842,0.12554726717152417,0.14110626433576898,0.8897356028983842,0.12554726717152417,0.14110626433576898,0.8897356028983842,0.12554726717152417,0.14110626433576898,0.8897356028983842,0.12554726717152417,0.1440430861859715,0.8675704519818366,0.12496752538722193,0.1440430861859715,0.8675704519818366,0.12496752538722193,0.1440430861859715,0.8675704519818366,0.12496752538722193,0.14064459854408562,0.8298180482600042,0.11670942626216495,0.14064459854408562,0.8298180482600042,0.11670942626216495,0.14064459854408562,0.8298180482600042,0.11670942626216495,0.11135982009454153,0.7675095359292903,0.08546972384193081,0.11135982009454153,0.7675095359292903,0.08546972384193081,0.11135982009454153,0.7675095359292903,0.08546972384193081
2931.4614614614616,0.14068753196323316,0.8894096073886932,0.12512884256790344,0.14068753196323316,0.8894096073886932,0.12512884256790344,0.14068753196323316,0.8894096073886932,0.12512884256790344,0.14068753196323316,0.8894096073886932,0.12512884256790344,0.14068753196323316,0.8894096073886932,0.12512884256790344,0.14068753196323316,0.8894096073886932,0.12512884256790344,0.14585503277388404,0.8672084233002364,0.1264867130022443,0.14585503277388404,0.8672084233002364,0.1264867130022443,0.14585503277388404,0.8672084233002364,0.1264867130022443,0.13887837818262241,0.8293465753255933,0.1151783073325305,0.13887837818262241,0.8293465753255933,0.1151783073325305,0.13887837818262241,0.8293465753255933,0.1151783073325305,0.11193649966420989,0.7670158572399486,0.08585707024638317,0.11193649966420989,0.7670158572399486,0.08585707024638317,0.11193649966420989,0.7670158572399486,0.08585707024638317
2951.471471471472,0.1412430891946558,0.8891462895786247,0.12558576868605095,0.1412430891946558,0.8891462895786247,0.12558576868605095,0.1412430891946558,0.8891462895786247,0.12558576868605095,0.1412430891946558,0.8891462895786247,0.12558576868605095,0.1412430891946558,0.8891462895786247,0.12558576868605095,0.1412430891946558,0.8891462895786247,0.12558576868605095,0.1474711849281036,0.8668847538425226,0.12784052184526423,0.1474711849281036,0.8668847538425226,0.12784052184526423,0.1474711849281036,0.8668847538425226,0.12784052184526423,0.1377440928107455,0.8288379284876749,0.11416752854667234,0.1377440928107455,0.8288379284876749,0.11416752854667234,0.1377440928107455,0.8288379284876749,0.11416752854667234,0.11217350453557655,0.7665414596411135,0.08598564189975992,0.11217350453557655,0.7665414596411135,0.08598564189975992,0.11217350453557655,0.7665414596411135,0.08598564189975992
2971.4814814814818,0.1425312446589349,0.888883192192454,0.12669362773959772,0.1425312446589349,0.888883192192454,0.12669362773959772,0.1425312446589349,0.888883192192454,0.12669362773959772,0.1425312446589349,0.888883192192454,0.12669362773959772,0.1425312446589349,0.888883192192454,0.12669362773959772,0.1425312446589349,0.888883192192454,0.12669362773959772,0.1487061503868914,0.8665454702411417,0.12886064101475875,0.1487061503868914,0.8665454702411417,0.12886064101475875,0.1487061503868914,0.8665454702411417,0.12886064101475875,0.13767907196317405,0.8283608999301276,0.11404795995295966,0.13767907196317405,0.8283608999301276,0.11404795995295966,0.13767907196317405,0.8283608999301276,0.11404795995295966,0.11176128594108865,0.7660596599274867,0.08561581270108898,0.11176128594108865,0.7660596599274867,0.08561581270108898,0.11176128594108865,0.7660596599274867,0.08561581270108898
2991.491491491492,0.14459821179295868,0.8885871173473237,0.12848810819068293,0.14459821179295868,0.8885871173473237,0.12848810819068293,0.14459821179295868,0.8885871173473237,0.12848810819068293,0.14459821179295868,0.8885871173473237,0.12848810819068293,0.14459821179295868,0.8885871173473237,0.12848810819068293,0.14459821179295868,0.8885871173473237,0.12848810819068293,0.1494383156888122,0.8661526381345236,0.12943639137224444,0.1494383156888122,0.8661526381345236,0.12943639137224444,0.1494383156888122,0.8661526381345236,0.12943639137224444,0.13839222448185315,0.8279246566257998,0.11457833493381887,0.13839222448185315,0.8279246566257998,0.11457833493381887,0.13839222448185315,0.8279246566257998,0.11457833493381887,0.11065019059898162,0.7655574929277281,0.08470908250693164,0.11065019059898162,0.7655574929277281,0.08470908250693164,0.11065019059898162,0.7655574929277281,0.08470908250693164
3011.501501501502,0.147222010811699,0.8882523324191549,0.13077029448692967,0.147222010811699,0.8882523324191549,0.13077029448692967,0.147222010811699,0.8882523324191549,0.13077029448692967,0.147222010811699,0.8882523324191549,0.13077029448692967,0.147222010811699,0.8882523324191549,0.13077029448692967,0.147222010811699,0.8882523324191549,0.13077029448692967,0.14977086698897576,0.8656960414059808,0.129656046670298,0.14977086698897576,0.8656960414059808,0.129656046670298,0.14977086698897576,0.8656960414059808,0.129656046670298,0.13954235943012888,0.8275086364808591,0.11547250758334791,0.13954235943012888,0.8275086364808591,0.11547250758334791,0.13954235943012888,0.8275086364808591,0.11547250758334791,0.10916611278672964,0.7650603347277378,0.08351866278954136,0.10916611278672964,0.7650603347277378,0.08351866278954136,0.10916611278672964,0.7650603347277378,0.08351866278954136
3031.5115115115113,0.14987796953294968,0.887897085036229,0.13307621225945476,0.14987796953294968,0.887897085036229,0.13307621225945476,0.14987796953294968,0.887897085036229,0.13307621225945476,0.14987796953294968,0.887897085036229,0.13307621225945476,0.14987796953294968,0.887897085036229,0.13307621225945476,0.14987796953294968,0.887897085036229,0.13307621225945476,0.1497269718503501,0.8652827694986293,0.12955616887131424,0.1497269718503501,0.8652827694986293,0.12955616887131424,0.1497269718503501,0.8652827694986293,0.12955616887131424,0.14088419200958782,0.8270576229882372,0.11651934496006809,0.14088419200958782,0.8270576229882372,0.11651934496006809,0.14088419200958782,0.8270576229882372,0.11651934496006809,0.10795189917797977,0.7645729552900926,0.08253710258368611,0.10795189917797977,0.7645729552900926,0.08253710258368611,0.10795189917797977,0.7645729552900926,0.08253710258368611
3051.521521521522,0.15210731596670093,0.8875361292942668,0.1350007384504258,0.15210731596670093,0.8875361292942668,0.1350007384504258,0.15210731596670093,0.8875361292942668,0.1350007384504258,0.15210731596670093,0.8875361292942668,0.1350007384504258,0.15210731596670093,0.8875361292942668,0.1350007384504258,0.15210731596670093,0.8875361292942668,0.1350007384504258,0.1491045793881186,0.8649246141865204,0.1289642208007119,0.1491045793881186,0.8649246141865204,0.1289642208007119,0.1491045793881186,0.8649246141865204,0.1289642208007119,0.1420730800548596,0.8265441042193973,0.11742966668763465,0.1420730800548596,0.8265441042193973,0.11742966668763465,0.1420730800548596,0.8265441042193973,0.11742966668763465,0.10740475244438141,0.7640769322866873,0.08206549376071402,0.10740475244438141,0.7640769322866873,0.08206549376071402,0.10740475244438141,0.7640769322866873,0.08206549376071402
3071.5315315315315,0.15382047333464002,0.8871847900846532,0.1364671843461146,0.15382047333464002,0.8871847900846532,0.1364671843461146,0.15382047333464002,0.8871847900846532,0.1364671843461146,0.15382047333464002,0.8871847900846532,0.1364671843461146,0.15382047333464002,0.8871847900846532,0.1364671843461146,0.15382047333464002,0.8871847900846532,0.1364671843461146,0.14779644865253844,0.8646110422632003,0.1277864415122708,0.14779644865253844,0.8646110422632003,0.1277864415122708,0.14779644865253844,0.8646110422632003,0.1277864415122708,0.14292428116753048,0.826013319979555,0.11805735999288323,0.14292428116753048,0.826013319979555,0.11805735999288323,0.14292428116753048,0.826013319979555,0.11805735999288323,0.10753178018150099,0.7635708470380118,0.082108132476694,0.10753178018150099,0.7635708470380118,0.082108132476694,0.10753178018150099,0.7635708470380118,0.082108132476694
3091.5415415415414,0.1551652889980834,0.8868111415187072,0.13760230706047044,0.1551652889980834,0.8868111415187072,0.13760230706047044,0.1551652889980834,0.8868111415187072,0.13760230706047044,0.1551652889980834,0.8868111415187072,0.13760230706047044,0.1551652889980834,0.8868111415187072,0.13760230706047044,0.1551652889980834,0.8868111415187072,0.13760230706047044,0.14623048675059425,0.8643229184269511,0.12639036107126722,0.14623048675059425,0.8643229184269511,0.12639036107126722,0.14623048675059425,0.8643229184269511,0.12639036107126722,0.1433667032356837,0.8255203333941847,0.11835212865274676,0.1433667032356837,0.8255203333941847,0.11835212865274676,0.1433667032356837,0.8255203333941847,0.11835212865274676,0.10803771196008653,0.7630728106995746,0.08244064052693427,0.10803771196008653,0.7630728106995746,0.08244064052693427,0.10803771196008653,0.7630728106995746,0.08244064052693427
3111.5515515515517,0.15612283357347728,0.8865015608878063,0.13840313565311482,0.15612283357347728,0.8865015608878063,0.13840313565311482,0.15612283357347728,0.8865015608878063,0.13840313565311482,0.15612283357347728,0.8865015608878063,0.13840313565311482,0.15612283357347728,0.8865015608878063,0.13840313565311482,0.15612283357347728,0.8865015608878063,0.13840313565311482,0.1444831704303488,0.8640140165273483,0.12483548440413107,0.1444831704303488,0.8640140165273483,0.12483548440413107,0.1444831704303488,0.8640140165273483,0.12483548440413107,0.14317964258562288,0.8250681545510975,0.1181329634774056,0.14317964258562288,0.8250681545510975,0.1181329634774056,0.14317964258562288,0.8250681545510975,0.1181329634774056,0.10856796821543804,0.7625829014204464,0.08279207620305154,0.10856796821543804,0.7625829014204464,0.08279207620305154,0.10856796821543804,0.7625829014204464,0.08279207620305154
3131.5615615615616,0.15662626816286498,0.8862100057874291,0.13880376601507602,0.15662626816286498,0.8862100057874291,0.13880376601507602,0.15662626816286498,0.8862100057874291,0.13880376601507602,0.15662626816286498,0.8862100057874291,0.13880376601507602,0.15662626816286498,0.8862100057874291,0.13880376601507602,0.15662626816286498,0.8862100057874291,0.13880376601507602,0.142592911455595,0.86366713748357,0.1231528116623019,0.142592911455595,0.86366713748357,0.1231528116623019,0.142592911455595,0.86366713748357,0.1231528116623019,0.14237938529669078,0.8246272612764095,0.11740992255942881,0.14237938529669078,0.8246272612764095,0.11740992255942881,0.14237938529669078,0.8246272612764095,0.11740992255942881,0.10875394751975535,0.7620954027167366,0.08288088343210279,0.10875394751975535,0.7620954027167366,0.08288088343210279,0.10875394751975535,0.7620954027167366,0.08288088343210279
3151.5715715715714,0.15667956555067436,0.8858861172164929,0.1388002519728539,0.15667956555067436,0.8858861172164929,0.1388002519728539,0.15667956555067436,0.8858861172164929,0.1388002519728539,0.15667956555067436,0.8858861172164929,0.1388002519728539,0.15667956555067436,0.8858861172164929,0.1388002519728539,0.15667956555067436,0.8858861172164929,0.1388002519728539,0.14080765597674325,0.8632622794707709,0.1215539380654195,0.14080765597674325,0.8632622794707709,0.1215539380654195,0.14080765597674325,0.8632622794707709,0.1215539380654195,0.14108004014873762,0.8241591536705406,0.11627240648878949,0.14108004014873762,0.8241591536705406,0.11627240648878949,0.14108004014873762,0.8241591536705406,0.11627240648878949,0.10832230046601517,0.7616161188443173,0.08250001006521446,0.10832230046601517,0.7616161188443173,0.08250001006521446,0.10832230046601517,0.7616161188443173,0.08250001006521446
3171.5815815815818,0.15637931521910411,0.8855039073121048,0.138474494649308,0.15637931521910411,0.8855039073121048,0.138474494649308,0.15637931521910411,0.8855039073121048,0.138474494649308,0.15637931521910411,0.8855039073121048,0.138474494649308,0.15637931521910411,0.8855039073121048,0.138474494649308,0.15637931521910411,0.8855039073121048,0.138474494649308,0.13984910805132944,0.8628571459484453,0.12066980223660587,0.13984910805132944,0.8628571459484453,0.12066980223660587,0.13984910805132944,0.8628571459484453,0.12066980223660587,0.1393892984351726,0.8236592349723922,0.11480928291245272,0.1393892984351726,0.8236592349723922,0.11480928291245272,0.1393892984351726,0.8236592349723922,0.11480928291245272,0.10723845810475893,0.7611488183248446,0.08162442566541561,0.10723845810475893,0.7611488183248446,0.08162442566541561,0.10723845810475893,0.7611488183248446,0.08162442566541561
3191.5915915915916,0.15575402997845014,0.8850737519063894,0.1378538036875671,0.15575402997845014,0.8850737519063894,0.1378538036875671,0.15575402997845014,0.8850737519063894,0.1378538036875671,0.15575402997845014,0.8850737519063894,0.1378538036875671,0.15575402997845014,0.8850737519063894,0.1378538036875671,0.15575402997845014,0.8850737519063894,0.1378538036875671,0.1400397088671602,0.8624984484301855,0.12078403161654055,0.1400397088671602,0.8624984484301855,0.12078403161654055,0.1400397088671602,0.8624984484301855,0.12078403161654055,0.13777088361198972,0.8231719076824854,0.11340912108598324,0.13777088361198972,0.8231719076824854,0.11340912108598324,0.13777088361198972,0.8231719076824854,0.11340912108598324,0.10587187987381826,0.7606860377160657,0.0805352608067661,0.10587187987381826,0.7606860377160657,0.0805352608067661,0.10587187987381826,0.7606860377160657,0.0805352608067661
3211.601601601602,0.15472324997033327,0.8846382419040087,0.13687410383543008,0.15472324997033327,0.8846382419040087,0.13687410383543008,0.15472324997033327,0.8846382419040087,0.13687410383543008,0.15472324997033327,0.8846382419040087,0.13687410383543008,0.15472324997033327,0.8846382419040087,0.13687410383543008,0.15472324997033327,0.8846382419040087,0.13687410383543008,0.14098153326871482,0.8621764601802966,0.12155095930441126,0.14098153326871482,0.8621764601802966,0.12155095930441126,0.14098153326871482,0.8621764601802966,0.12155095930441126,0.13681859073235256,0.8227204787411704,0.11256345646801336,0.13681859073235256,0.8227204787411704,0.11256345646801336,0.13681859073235256,0.8227204787411704,0.11256345646801336,0.10477513602344604,0.7602305135913936,0.0796532554707125,0.10477513602344604,0.7602305135913936,0.0796532554707125,0.10477513602344604,0.7602305135913936,0.0796532554707125
3231.611611611612,0.15319392512394295,0.8842398031116481,0.13546016618949586,0.15319392512394295,0.8842398031116481,0.13546016618949586,0.15319392512394295,0.8842398031116481,0.13546016618949586,0.15319392512394295,0.8842398031116481,0.13546016618949586,0.15319392512394295,0.8842398031116481,0.13546016618949586,0.15319392512394295,0.8842398031116481,0.13546016618949586,0.1424048960363125,0.8618695777265463,0.12273444761300939,0.1424048960363125,0.8618695777265463,0.12273444761300939,0.1424048960363125,0.8618695777265463,0.12273444761300939,0.13657979689616864,0.8222946900249368,0.11230884175240383,0.13657979689616864,0.8222946900249368,0.11230884175240383,0.13657979689616864,0.8222946900249368,0.11230884175240383,0.10428332680526127,0.7597889334319384,0.07923331764810373,0.10428332680526127,0.7597889334319384,0.07923331764810373,0.10428332680526127,0.7597889334319384,0.07923331764810373
3251.621621621622,0.15096803847611265,0.8838503190548589,0.1334331489741984,0.15096803847611265,0.8838503190548589,0.1334331489741984,0.15096803847611265,0.8838503190548589,0.1334331489741984,0.15096803847611265,0.8838503190548589,0.1334331489741984,0.15096803847611265,0.8838503190548589,0.1334331489741984,0.15096803847611265,0.8838503190548589,0.1334331489741984,0.14415620899426218,0.8615366133610259,0.1241958520918809,0.14415620899426218,0.8615366133610259,0.1241958520918809,0.14415620899426218,0.8615366133610259,0.1241958520918809,0.13703461641085152,0.8218712464692051,0.11262481099901592,0.13703461641085152,0.8218712464692051,0.11262481099901592,0.13703461641085152,0.8218712464692051,0.11262481099901592,0.1043530978839071,0.7593524408431385,0.07924077958768781,0.1043530978839071,0.7593524408431385,0.07924077958768781,0.1043530978839071,0.7593524408431385,0.07924077958768781
3271.631631631632,0.14876160019141788,0.8834924456526265,0.13142974997231402,0.14876160019141788,0.8834924456526265,0.13142974997231402,0.14876160019141788,0.8834924456526265,0.13142974997231402,0.14876160019141788,0.8834924456526265,0.13142974997231402,0.14876160019141788,0.8834924456526265,0.13142974997231402,0.14876160019141788,0.8834924456526265,0.13142974997231402,0.1459832225590346,0.8611620753650089,0.12571521490741022,0.1459832225590346,0.8611620753650089,0.12571521490741022,0.1459832225590346,0.8611620753650089,0.12571521490741022,0.13802545166652364,0.8214373694834228,0.11337926393871049,0.13802545166652364,0.8214373694834228,0.11337926393871049,0.13802545166652364,0.8214373694834228,0.11337926393871049,0.10474520441130307,0.7589103350446708,0.07949221817410454,0.10474520441130307,0.7589103350446708,0.07949221817410454,0.10474520441130307,0.7589103350446708,0.07949221817410454
3291.6416416416423,0.1471000028451779,0.8831949234257717,0.1299179757487777,0.1471000028451779,0.8831949234257717,0.1299179757487777,0.1471000028451779,0.8831949234257717,0.1299179757487777,0.1471000028451779,0.8831949234257717,0.1299179757487777,0.1471000028451779,0.8831949234257717,0.1299179757487777,0.1471000028451779,0.8831949234257717,0.1299179757487777,0.1475764869430987,0.8607464498779095,0.12702593722172587,0.1475764869430987,0.8607464498779095,0.12702593722172587,0.1475764869430987,0.8607464498779095,0.12702593722172587,0.13918253050526985,0.8210045985200668,0.11426949757848602,0.13918253050526985,0.8210045985200668,0.11426949757848602,0.13918253050526985,0.8210045985200668,0.11426949757848602,0.1051321021184218,0.758470636570882,0.07973961241779436,0.1051321021184218,0.758470636570882,0.07973961241779436,0.1051321021184218,0.758470636570882,0.07973961241779436
3311.651651651652,0.1457204682774209,0.8828986958234286,0.12865641139691422,0.1457204682774209,0.8828986958234286,0.12865641139691422,0.1457204682774209,0.8828986958234286,0.12865641139691422,0.1457204682774209,0.8828986958234286,0.12865641139691422,0.1457204682774209,0.8828986958234286,0.12865641139691422,0.1457204682774209,0.8828986958234286,0.12865641139691422,0.1488243356605618,0.8603095157582243,0.12803499214517736,0.1488243356605618,0.8603095157582243,0.12803499214517736,0.1488243356605618,0.8603095157582243,0.12803499214517736,0.14027291828779564,0.8205947516471259,0.11510722054519125,0.14027291828779564,0.8205947516471259,0.11510722054519125,0.14027291828779564,0.8205947516471259,0.11510722054519125,0.10518358303010852,0.7580385972779352,0.07973321573681069,0.10518358303010852,0.7580385972779352,0.07973321573681069,0.10518358303010852,0.7580385972779352,0.07973321573681069
3331.6616616616616,0.144666852332304,0.8825672104564655,0.12767822030843895,0.144666852332304,0.8825672104564655,0.12767822030843895,0.144666852332304,0.8825672104564655,0.12767822030843895,0.144666852332304,0.8825672104564655,0.12767822030843895,0.144666852332304,0.8825672104564655,0.12767822030843895,0.144666852332304,0.8825672104564655,0.12767822030843895,0.14976999296455326,0.8599010017479607,0.12878736698200438,0.14976999296455326,0.8599010017479607,0.12878736698200438,0.14976999296455326,0.8599010017479607,0.12878736698200438,0.14115611468884912,0.8202020865225776,0.11577653979321431,0.14115611468884912,0.8202020865225776,0.11577653979321431,0.14115611468884912,0.8202020865225776,0.11577653979321431,0.10465957345286542,0.7576022685017129,0.07929033026831249,0.10465957345286542,0.7576022685017129,0.07929033026831249,0.10465957345286542,0.7576022685017129,0.07929033026831249
3351.6716716716714,0.14430727266438031,0.8821717233263706,0.12730379541486483,0.14430727266438031,0.8821717233263706,0.12730379541486483,0.14430727266438031,0.8821717233263706,0.12730379541486483,0.14430727266438031,0.8821717233263706,0.12730379541486483,0.14430727266438031,0.8821717233263706,0.12730379541486483,0.14430727266438031,0.8821717233263706,0.12730379541486483,0.15032239669553824,0.8595344113403997,0.12920727275497748,0.15032239669553824,0.8595344113403997,0.12920727275497748,0.15032239669553824,0.8595344113403997,0.12920727275497748,0.14164300793248016,0.8198030762792282,0.11611937363649036,0.14164300793248016,0.8198030762792282,0.11611937363649036,0.14164300793248016,0.8198030762792282,0.11611937363649036,0.10356896209942887,0.7571562996366442,0.07841789210041142,0.10356896209942887,0.7571562996366442,0.07841789210041142,0.10356896209942887,0.7571562996366442,0.07841789210041142
3371.6816816816818,0.14506124364153428,0.8817350734507604,0.12790558631712687,0.14506124364153428,0.8817350734507604,0.12790558631712687,0.14506124364153428,0.8817350734507604,0.12790558631712687,0.14506124364153428,0.8817350734507604,0.12790558631712687,0.14506124364153428,0.8817350734507604,0.12790558631712687,0.14506124364153428,0.8817350734507604,0.12790558631712687,0.15038043512426824,0.8591865714366393,0.12920485046557,0.15038043512426824,0.8591865714366393,0.12920485046557,0.15038043512426824,0.8591865714366393,0.12920485046557,0.14164879064088767,0.8193920716959326,0.11606589601646039,0.14164879064088767,0.8193920716959326,0.11606589601646039,0.14164879064088767,0.8193920716959326,0.11606589601646039,0.10229713536799018,0.7567121341776982,0.07740948362457674,0.10229713536799018,0.7567121341776982,0.07740948362457674,0.10229713536799018,0.7567121341776982,0.07740948362457674
3391.6916916916916,0.14656623395418242,0.8813307924267918,0.12917333511385015,0.14656623395418242,0.8813307924267918,0.12917333511385015,0.14656623395418242,0.8813307924267918,0.12917333511385015,0.14656623395418242,0.8813307924267918,0.12917333511385015,0.14656623395418242,0.8813307924267918,0.12917333511385015,0.14656623395418242,0.8813307924267918,0.12917333511385015,0.14998711452384467,0.8588235837298109,0.12881247120866185,0.14998711452384467,0.8588235837298109,0.12881247120866185,0.14998711452384467,0.8588235837298109,0.12881247120866185,0.14112526131164443,0.8189791926990574,0.11557865257845408,0.14112526131164443,0.8189791926990574,0.11557865257845408,0.14112526131164443,0.8189791926990574,0.11557865257845408,0.10133472003909991,0.7562724712788689,0.0766366591503224,0.10133472003909991,0.7562724712788689,0.0766366591503224,0.10133472003909991,0.7562724712788689,0.0766366591503224
3411.7017017017015,0.148278235500913,0.8809743557328302,0.1306293229896177,0.148278235500913,0.8809743557328302,0.1306293229896177,0.148278235500913,0.8809743557328302,0.1306293229896177,0.148278235500913,0.8809743557328302,0.1306293229896177,0.148278235500913,0.8809743557328302,0.1306293229896177,0.148278235500913,0.8809743557328302,0.1306293229896177,0.14919255610205479,0.8584307593198883,0.12807147921956194,0.14919255610205479,0.8584307593198883,0.12807147921956194,0.14919255610205479,0.8584307593198883,0.12807147921956194,0.13998259152609474,0.8185819362686587,0.11458722081533537,0.13998259152609474,0.8185819362686587,0.11458722081533537,0.13998259152609474,0.8185819362686587,0.11458722081533537,0.10092095328664476,0.7558288190280802,0.07627896493783276,0.10092095328664476,0.7558288190280802,0.07627896493783276,0.10092095328664476,0.7558288190280802,0.07627896493783276
3431.711711711712,0.14994422438093427,0.8806336750825802,0.13204593337398918,0.14994422438093427,0.8806336750825802,0.13204593337398918,0.14994422438093427,0.8806336750825802,0.13204593337398918,0.14994422438093427,0.8806336750825802,0.13204593337398918,0.14994422438093427,0.8806336750825802,0.13204593337398918,0.14994422438093427,0.8806336750825802,0.13204593337398918,0.1479592599097155,0.8580130810091721,0.12695098045897188,0.1479592599097155,0.8580130810091721,0.12695098045897188,0.1479592599097155,0.8580130810091721,0.12695098045897188,0.1385211311085933,0.8182025073326111,0.1133383367916004,0.1385211311085933,0.8182025073326111,0.1133383367916004,0.1385211311085933,0.8182025073326111,0.1133383367916004,0.10100622690756289,0.7553842967281874,0.07629851767773711,0.10100622690756289,0.7553842967281874,0.07629851767773711,0.10100622690756289,0.7553842967281874,0.07629851767773711
3451.7217217217217,0.15153040736802115,0.8803536260123469,0.13340034357756547,0.15153040736802115,0.8803536260123469,0.13340034357756547,0.15153040736802115,0.8803536260123469,0.13340034357756547,0.15153040736802115,0.8803536260123469,0.13340034357756547,0.15153040736802115,0.8803536260123469,0.13340034357756547,0.15153040736802115,0.8803536260123469,0.13340034357756547,0.14625573632109412,0.8575846790499237,0.12542667869213578,0.14625573632109412,0.8575846790499237,0.12542667869213578,0.14625573632109412,0.8575846790499237,0.12542667869213578,0.13711968871690358,0.8178130764714674,0.11213827447438088,0.13711968871690358,0.8178130764714674,0.11213827447438088,0.13711968871690358,0.8178130764714674,0.11213827447438088,0.10135968824296109,0.7549490790793004,0.07652140329478846,0.10135968824296109,0.7549490790793004,0.07652140329478846,0.10135968824296109,0.7549490790793004,0.07652140329478846
3471.7317317317315,0.1529720832019754,0.8801022933279647,0.13463108124121478,0.1529720832019754,0.8801022933279647,0.13463108124121478,0.1529720832019754,0.8801022933279647,0.13463108124121478,0.1529720832019754,0.8801022933279647,0.13463108124121478,0.1529720832019754,0.8801022933279647,0.13463108124121478,0.1529720832019754,0.8801022933279647,0.13463108124121478,0.14435565791472055,0.8571695063896675,0.12373726803931671,0.14435565791472055,0.8571695063896675,0.12373726803931671,0.14435565791472055,0.8571695063896675,0.12373726803931671,0.13600709838372305,0.8173934061076609,0.11117130540269111,0.13600709838372305,0.8173934061076609,0.11117130540269111,0.13600709838372305,0.8173934061076609,0.11117130540269111,0.10167845332488994,0.7545205973703801,0.07671848734239227,0.10167845332488994,0.7545205973703801,0.07671848734239227,0.10167845332488994,0.7545205973703801,0.07671848734239227
3491.741741741742,0.15415136043010585,0.8798428662705478,0.13562897480032862,0.15415136043010585,0.8798428662705478,0.13562897480032862,0.15415136043010585,0.8798428662705478,0.13562897480032862,0.15415136043010585,0.8798428662705478,0.13562897480032862,0.15415136043010585,0.8798428662705478,0.13562897480032862,0.15415136043010585,0.8798428662705478,0.13562897480032862,0.1429733042515598,0.8567940932600769,0.12249868257661228,0.1429733042515598,0.8567940932600769,0.12249868257661228,0.1429733042515598,0.8567940932600769,0.12249868257661228,0.13549246644639548,0.8169576816309365,0.1106916112665047,0.13549246644639548,0.8169576816309365,0.1106916112665047,0.13549246644639548,0.8169576816309365,0.1106916112665047,0.10165524912372803,0.754093101588199,0.07665752210443312,0.10165524912372803,0.754093101588199,0.07665752210443312,0.10165524912372803,0.754093101588199,0.07665752210443312
3511.751751751752,0.1549576518020976,0.8795531924779769,0.13629349734142568,0.1549576518020976,0.8795531924779769,0.13629349734142568,0.1549576518020976,0.8795531924779769,0.13629349734142568,0.1549576518020976,0.8795531924779769,0.13629349734142568,0.1549576518020976,0.8795531924779769,0.13629349734142568,0.1549576518020976,0.8795531924779769,0.13629349734142568,0.1421404748850708,0.8564444274207749,0.1217354176262615,0.1421404748850708,0.8564444274207749,0.1217354176262615,0.1421404748850708,0.8564444274207749,0.1217354176262615,0.135657544941453,0.8165287465183655,0.11076828512680344,0.135657544941453,0.8165287465183655,0.11076828512680344,0.135657544941453,0.8165287465183655,0.11076828512680344,0.10107075307518452,0.7536737456928181,0.07617437305016823,0.10107075307518452,0.7536737456928181,0.07617437305016823,0.10107075307518452,0.7536737456928181,0.07617437305016823
3531.761761761762,0.15542068379810992,0.8792029425305704,0.1366463225254116,0.15542068379810992,0.8792029425305704,0.1366463225254116,0.15542068379810992,0.8792029425305704,0.1366463225254116,0.15542068379810992,0.8792029425305704,0.1366463225254116,0.15542068379810992,0.8792029425305704,0.1366463225254116,0.15542068379810992,0.8792029425305704,0.1366463225254116,0.14189203372292836,0.8560880097320226,0.12147206874669077,0.14189203372292836,0.8560880097320226,0.12147206874669077,0.14189203372292836,0.8560880097320226,0.12147206874669077,0.1362550368002542,0.8161200014357464,0.11120046082905112,0.1362550368002542,0.8161200014357464,0.11120046082905112,0.1362550368002542,0.8161200014357464,0.11120046082905112,0.09999901106069359,0.7532669783477186,0.07532595289944875,0.09999901106069359,0.7532669783477186,0.07532595289944875,0.09999901106069359,0.7532669783477186,0.07532595289944875
3551.7717717717724,0.1556391196558268,0.8788335080696409,0.13678087352000087,0.1556391196558268,0.8788335080696409,0.13678087352000087,0.1556391196558268,0.8788335080696409,0.13678087352000087,0.1556391196558268,0.8788335080696409,0.13678087352000087,0.1556391196558268,0.8788335080696409,0.13678087352000087,0.1556391196558268,0.8788335080696409,0.13678087352000087,0.14233743413510935,0.8557155764371026,0.12180035949950323,0.14233743413510935,0.8557155764371026,0.12180035949950323,0.14233743413510935,0.8557155764371026,0.12180035949950323,0.13709180252045422,0.8157237031421161,0.11182903282241259,0.13709180252045422,0.8157237031421161,0.11182903282241259,0.13709180252045422,0.8157237031421161,0.11182903282241259,0.09882789929501697,0.752864792840041,0.07440404592955939,0.09882789929501697,0.752864792840041,0.07440404592955939,0.09882789929501697,0.752864792840041,0.07440404592955939
3571.7817817817822,0.15556935328870636,0.8785110357784959,0.13666939369305217,0.15556935328870636,0.8785110357784959,0.13666939369305217,0.15556935328870636,0.8785110357784959,0.13666939369305217,0.15556935328870636,0.8785110357784959,0.13666939369305217,0.15556935328870636,0.8785110357784959,0.13666939369305217,0.15556935328870636,0.8785110357784959,0.13666939369305217,0.14338361888524648,0.8553350906104398,0.12264104065126506,0.14338361888524648,0.8553350906104398,0.12264104065126506,0.14338361888524648,0.8553350906104398,0.12264104065126506,0.13798331071773914,0.815305338626917,0.11249852986958941,0.13798331071773914,0.815305338626917,0.11249852986958941,0.13798331071773914,0.815305338626917,0.11249852986958941,0.09797476828393517,0.7524627042122707,0.07372235908750047,0.09797476828393517,0.7524627042122707,0.07372235908750047,0.09797476828393517,0.7524627042122707,0.07372235908750047
3591.791791791792,0.15504116607645743,0.8782252476143888,0.1361610664679204,0.15504116607645743,0.8782252476143888,0.1361610664679204,0.15504116607645743,0.8782252476143888,0.1361610664679204,0.15504116607645743,0.8782252476143888,0.1361610664679204,0.15504116607645743,0.8782252476143888,0.1361610664679204,0.15504116607645743,0.8782252476143888,0.1361610664679204,0.14471826158033899,0.8549622868997719,0.12372865587688603,0.14471826158033899,0.8549622868997719,0.12372865587688603,0.14471826158033899,0.8549622868997719,0.12372865587688603,0.1387126836027787,0.814859178657489,0.11303130342993639,0.1387126836027787,0.814859178657489,0.11303130342993639,0.1387126836027787,0.814859178657489,0.11303130342993639,0.09762291558561766,0.7520669176078169,0.07341896521236357,0.09762291558561766,0.7520669176078169,0.07341896521236357,0.09762291558561766,0.7520669176078169,0.07341896521236357
3611.8018018018024,0.15394161931434958,0.8779705319632275,0.13515620540070014,0.15394161931434958,0.8779705319632275,0.13515620540070014,0.15394161931434958,0.8779705319632275,0.13515620540070014,0.15394161931434958,0.8779705319632275,0.13515620540070014,0.15394161931434958,0.8779705319632275,0.13515620540070014,0.15394161931434958,0.8779705319632275,0.13515620540070014,0.146043425524331,0.8546059943747424,0.12480958689211452,0.146043425524331,0.8546059943747424,0.12480958689211452,0.146043425524331,0.8546059943747424,0.12480958689211452,0.1391660357984482,0.8144126584641561,0.11333858118253211,0.1391660357984482,0.8144126584641561,0.11333858118253211,0.1391660357984482,0.8144126584641561,0.11333858118253211,0.09770987402611599,0.7516770316404175,0.07344626806991,0.09770987402611599,0.7516770316404175,0.07344626806991,0.09770987402611599,0.7516770316404175,0.07344626806991
3631.811811811812,0.15264691804715022,0.8777464832053617,0.13398529548802318,0.15264691804715022,0.8777464832053617,0.13398529548802318,0.15264691804715022,0.8777464832053617,0.13398529548802318,0.15264691804715022,0.8777464832053617,0.13398529548802318,0.15264691804715022,0.8777464832053617,0.13398529548802318,0.15264691804715022,0.8777464832053617,0.13398529548802318,0.14727800042810094,0.8542765180296696,0.12581613738809025,0.14727800042810094,0.8542765180296696,0.12581613738809025,0.14727800042810094,0.8542765180296696,0.12581613738809025,0.13923081219673067,0.8139855793351992,0.11333187332726613,0.13923081219673067,0.8139855793351992,0.11333187332726613,0.13923081219673067,0.8139855793351992,0.11333187332726613,0.09802788988371772,0.7512853132909953,0.07364691396254405,0.09802788988371772,0.7512853132909953,0.07364691396254405,0.09802788988371772,0.7512853132909953,0.07364691396254405
3651.8218218218217,0.1512229000834277,0.877515672644559,0.13270046488596998,0.1512229000834277,0.877515672644559,0.13270046488596998,0.1512229000834277,0.877515672644559,0.13270046488596998,0.1512229000834277,0.877515672644559,0.13270046488596998,0.1512229000834277,0.877515672644559,0.13270046488596998,0.1512229000834277,0.877515672644559,0.13270046488596998,0.1483504788015574,0.8539699784748396,0.12668685518889813,0.1483504788015574,0.8539699784748396,0.12668685518889813,0.1483504788015574,0.8539699784748396,0.12668685518889813,0.13874631224480288,0.8135819299866043,0.11288149249465075,0.13874631224480288,0.8135819299866043,0.11288149249465075,0.13874631224480288,0.8135819299866043,0.11288149249465075,0.0982972794124054,0.7508904677597096,0.07381049011748797,0.0982972794124054,0.7508904677597096,0.07381049011748797,0.0982972794124054,0.7508904677597096,0.07381049011748797
3671.831831831832,0.14966521948681424,0.8772611320943965,0.131295479882159,0.14966521948681424,0.8772611320943965,0.131295479882159,0.14966521948681424,0.8772611320943965,0.131295479882159,0.14966521948681424,0.8772611320943965,0.131295479882159,0.14966521948681424,0.8772611320943965,0.131295479882159,0.14966521948681424,0.8772611320943965,0.131295479882159,0.14914491749528366,0.8536501959346664,0.12731758804250856,0.14914491749528366,0.8536501959346664,0.12731758804250856,0.14914491749528366,0.8536501959346664,0.12731758804250856,0.13781588550828167,0.813185052798457,0.11206981813351813,0.13781588550828167,0.813185052798457,0.11206981813351813,0.13781588550828167,0.813185052798457,0.11206981813351813,0.09821703595528163,0.7504963646925833,0.07371152843531961,0.09821703595528163,0.7504963646925833,0.07371152843531961,0.09821703595528163,0.7504963646925833,0.07371152843531961
3691.841841841842,0.1480071841017291,0.8769742871363231,0.12979849476866842,0.1480071841017291,0.8769742871363231,0.12979849476866842,0.1480071841017291,0.8769742871363231,0.12979849476866842,0.1480071841017291,0.8769742871363231,0.12979849476866842,0.1480071841017291,0.8769742871363231,0.12979849476866842,0.1480071841017291,0.8769742871363231,0.12979849476866842,0.14959397197755098,0.8533034233673245,0.12764904840355984,0.14959397197755098,0.8533034233673245,0.12764904840355984,0.14959397197755098,0.8533034233673245,0.12764904840355984,0.13657680443316855,0.8127697802298511,0.11100549932364176,0.13657680443316855,0.8127697802298511,0.11100549932364176,0.13657680443316855,0.8127697802298511,0.11100549932364176,0.0976044810425688,0.750101354809069,0.07321325346546695,0.0976044810425688,0.750101354809069,0.07321325346546695,0.0976044810425688,0.750101354809069,0.07321325346546695
3711.8518518518517,0.14648551535383117,0.8766370752633764,0.12841463374823098,0.14648551535383117,0.8766370752633764,0.12841463374823098,0.14648551535383117,0.8766370752633764,0.12841463374823098,0.14648551535383117,0.8766370752633764,0.12841463374823098,0.14648551535383117,0.8766370752633764,0.12841463374823098,0.14648551535383117,0.8766370752633764,0.12841463374823098,0.14971325092108018,0.8529480363741674,0.12769762339232835,0.14971325092108018,0.8529480363741674,0.12769762339232835,0.14971325092108018,0.8529480363741674,0.12769762339232835,0.13520055521298352,0.8123455775206376,0.10982957310560196,0.13520055521298352,0.8123455775206376,0.10982957310560196,0.13520055521298352,0.8123455775206376,0.10982957310560196,0.09656598416129583,0.7497040550152024,0.07239590990225729,0.09656598416129583,0.7497040550152024,0.07239590990225729,0.09656598416129583,0.7497040550152024,0.07239590990225729
3731.861861861862,0.14563270018784077,0.8763063672654782,0.12761886245666926,0.14563270018784077,0.8763063672654782,0.12761886245666926,0.14563270018784077,0.8763063672654782,0.12761886245666926,0.14563270018784077,0.8763063672654782,0.12761886245666926,0.14563270018784077,0.8763063672654782,0.12761886245666926,0.14563270018784077,0.8763063672654782,0.12761886245666926,0.149484657619748,0.8526089341470868,0.12745195460451553,0.149484657619748,0.8526089341470868,0.12745195460451553,0.149484657619748,0.8526089341470868,0.12745195460451553,0.13410104255464406,0.8119395438077506,0.10888193931596145,0.13410104255464406,0.8119395438077506,0.10888193931596145,0.13410104255464406,0.8119395438077506,0.10888193931596145,0.09548434761114623,0.7493075931037,0.07154714668758501,0.09548434761114623,0.7493075931037,0.07154714668758501,0.09548434761114623,0.7493075931037,0.07154714668758501
3751.871871871872,0.14569378825685778,0.8760127260392097,0.12762961261786937,0.14569378825685778,0.8760127260392097,0.12762961261786937,0.14569378825685778,0.8760127260392097,0.12762961261786937,0.14569378825685778,0.8760127260392097,0.12762961261786937,0.14569378825685778,0.8760127260392097,0.12762961261786937,0.14569378825685778,0.8760127260392097,0.12762961261786937,0.14876714423972012,0.8522956635715375,0.1267935919174349,0.14876714423972012,0.8522956635715375,0.1267935919174349,0.14876714423972012,0.8522956635715375,0.1267935919174349,0.13354467515847,0.8115578220220466,0.10837922571424961,0.13354467515847,0.8115578220220466,0.10837922571424961,0.13354467515847,0.8115578220220466,0.10837922571424961,0.09470994524778639,0.7489127353476759,0.07092948416014833,0.09470994524778639,0.7489127353476759,0.07092948416014833,0.09470994524778639,0.7489127353476759,0.07092948416014833
3771.8818818818822,0.1464002067272235,0.8757461945587657,0.1282094239239826,0.1464002067272235,0.8757461945587657,0.1282094239239826,0.1464002067272235,0.8757461945587657,0.1282094239239826,0.1464002067272235,0.8757461945587657,0.1282094239239826,0.1464002067272235,0.8757461945587657,0.1282094239239826,0.1464002067272235,0.8757461945587657,0.1282094239239826,0.1475025133479424,0.8520015869493293,0.12567237545146154,0.1475025133479424,0.8520015869493293,0.12567237545146154,0.1475025133479424,0.8520015869493293,0.12567237545146154,0.1335068218107409,0.8111922432093557,0.10829969826840663,0.1335068218107409,0.8111922432093557,0.10829969826840663,0.1335068218107409,0.8111922432093557,0.10829969826840663,0.09438276029347058,0.7485172813788994,0.07064712714390493,0.09438276029347058,0.7485172813788994,0.07064712714390493,0.09438276029347058,0.7485172813788994,0.07064712714390493
3791.891891891892,0.14750192669490078,0.8755061929583308,0.12913885029467137,0.14750192669490078,0.8755061929583308,0.12913885029467137,0.14750192669490078,0.8755061929583308,0.12913885029467137,0.14750192669490078,0.8755061929583308,0.12913885029467137,0.14750192669490078,0.8755061929583308,0.12913885029467137,0.14750192669490078,0.8755061929583308,0.12913885029467137,0.1460893967702183,0.8517259293633148,0.12442812723424021,0.1460893967702183,0.8517259293633148,0.12442812723424021,0.1460893967702183,0.8517259293633148,0.12442812723424021,0.1339372902399042,0.8108218751368457,0.10859928482306706,0.1339372902399042,0.8108218751368457,0.10859928482306706,0.1339372902399042,0.8108218751368457,0.10859928482306706,0.09443784771490098,0.7481258081803638,0.07065139114452441,0.09443784771490098,0.7481258081803638,0.07065139114452441,0.09443784771490098,0.7481258081803638,0.07065139114452441
3811.9019019019024,0.14890295538416076,0.8752627854885957,0.13032921549702464,0.14890295538416076,0.8752627854885957,0.13032921549702464,0.14890295538416076,0.8752627854885957,0.13032921549702464,0.14890295538416076,0.8752627854885957,0.13032921549702464,0.14890295538416076,0.8752627854885957,0.13032921549702464,0.14890295538416076,0.8752627854885957,0.13032921549702464,0.14465332630155509,0.8514326481304121,0.12316256467380564,0.14465332630155509,0.8514326481304121,0.12316256467380564,0.14465332630155509,0.8514326481304121,0.12316256467380564,0.1346752237758179,0.8104359094757712,0.10914563746460797,0.1346752237758179,0.8104359094757712,0.10914563746460797,0.1346752237758179,0.8104359094757712,0.10914563746460797,0.09468422540716323,0.747743137654552,0.07079947979234309,0.09468422540716323,0.747743137654552,0.07079947979234309,0.09468422540716323,0.747743137654552,0.07079947979234309
3831.9119119119123,0.15049876742855892,0.8749942065879259,0.1316855495986127,0.15049876742855892,0.8749942065879259,0.1316855495986127,0.15049876742855892,0.8749942065879259,0.1316855495986127,0.15049876742855892,0.8749942065879259,0.1316855495986127,0.15049876742855892,0.8749942065879259,0.1316855495986127,0.15049876742855892,0.8749942065879259,0.1316855495986127,0.1432688265076924,0.8510975864470373,0.12193575245379631,0.1432688265076924,0.8510975864470373,0.12193575245379631,0.1432688265076924,0.8510975864470373,0.12193575245379631,0.135483266780579,0.8100542356659584,0.10974879411746906,0.135483266780579,0.8100542356659584,0.10974879411746906,0.135483266780579,0.8100542356659584,0.10974879411746906,0.09485417620821718,0.7473655205325593,0.07089074077654134,0.09485417620821718,0.7473655205325593,0.07089074077654134,0.09485417620821718,0.7473655205325593,0.07089074077654134
3851.9219219219226,0.1521100169799951,0.8746944438160235,0.1330497867011627,0.1521100169799951,0.8746944438160235,0.1330497867011627,0.1521100169799951,0.8746944438160235,0.1330497867011627,0.1521100169799951,0.8746944438160235,0.1330497867011627,0.1521100169799951,0.8746944438160235,0.1330497867011627,0.1521100169799951,0.8746944438160235,0.1330497867011627,0.14220387265041556,0.8507267728228819,0.12097664166280411,0.14220387265041556,0.8507267728228819,0.12097664166280411,0.14220387265041556,0.8507267728228819,0.12097664166280411,0.13622684111622094,0.8096938091019608,0.11030202988532053,0.13622684111622094,0.8096938091019608,0.11030202988532053,0.13622684111622094,0.8096938091019608,0.11030202988532053,0.09467566590604083,0.7469887894814843,0.07072166106850687,0.09467566590604083,0.7469887894814843,0.07072166106850687,0.09467566590604083,0.7469887894814843,0.07072166106850687
3871.9319319319325,0.1535328851141331,0.8743632217697314,0.13424350807599544,0.1535328851141331,0.8743632217697314,0.13424350807599544,0.1535328851141331,0.8743632217697314,0.13424350807599544,0.1535328851141331,0.8743632217697314,0.13424350807599544,0.1535328851141331,0.8743632217697314,0.13424350807599544,0.1535328851141331,0.8743632217697314,0.13424350807599544,0.14177306666221437,0.8503622425592218,0.12055846290137866,0.14177306666221437,0.8503622425592218,0.12055846290137866,0.14177306666221437,0.8503622425592218,0.12055846290137866,0.13676168671417,0.809348447823012,0.11068785886377053,0.13676168671417,0.809348447823012,0.11068785886377053,0.13676168671417,0.809348447823012,0.11068785886377053,0.09400105598207699,0.746618746175395,0.07018295055650144,0.09400105598207699,0.746618746175395,0.07018295055650144,0.09400105598207699,0.746618746175395,0.07018295055650144
3891.941941941942,0.15468836380665726,0.8740051177218633,0.1351984216190399,0.15468836380665726,0.8740051177218633,0.1351984216190399,0.15468836380665726,0.8740051177218633,0.1351984216190399,0.15468836380665726,0.8740051177218633,0.1351984216190399,0.15468836380665726,0.8740051177218633,0.1351984216190399,0.15468836380665726,0.8740051177218633,0.1351984216190399,0.14201821767185088,0.8500274092967546,0.12071937764054598,0.14201821767185088,0.8500274092967546,0.12071937764054598,0.14201821767185088,0.8500274092967546,0.12071937764054598,0.13692723391487582,0.8090017856033995,0.11077437673486891,0.13692723391487582,0.8090017856033995,0.11077437673486891,0.13692723391487582,0.8090017856033995,0.11077437673486891,0.09299339875185252,0.7462585969928466,0.06939712328215379,0.09299339875185252,0.7462585969928466,0.06939712328215379,0.09299339875185252,0.7462585969928466,0.06939712328215379
3911.9519519519517,0.15562160242660483,0.8736627467685378,0.13596079663254892,0.15562160242660483,0.8736627467685378,0.13596079663254892,0.15562160242660483,0.8736627467685378,0.13596079663254892,0.15562160242660483,0.8736627467685378,0.13596079663254892,0.15562160242660483,0.8736627467685378,0.13596079663254892,0.15562160242660483,0.8736627467685378,0.13596079663254892,0.1426881627449072,0.849716358295451,0.12124446601947118,0.1426881627449072,0.849716358295451,0.12124446601947118,0.1426881627449072,0.849716358295451,0.12124446601947118,0.13667611297435564,0.8086383487354903,0.11052154630716828,0.13667611297435564,0.8086383487354903,0.11052154630716828,0.13667611297435564,0.8086383487354903,0.11052154630716828,0.09200169077165615,0.7459015595765321,0.06862420463025617,0.09200169077165615,0.7459015595765321,0.06862420463025617,0.09200169077165615,0.7459015595765321,0.06862420463025617
3931.961961961962,0.15632538752383424,0.8733514539093311,0.13652700447688024,0.15632538752383424,0.8733514539093311,0.13652700447688024,0.15632538752383424,0.8733514539093311,0.13652700447688024,0.15632538752383424,0.8733514539093311,0.13652700447688024,0.15632538752383424,0.8733514539093311,0.13652700447688024,0.15632538752383424,0.8733514539093311,0.13652700447688024,0.14361860062375242,0.8494262198171019,0.12199340502325609,0.14361860062375242,0.8494262198171019,0.12199340502325609,0.14361860062375242,0.8494262198171019,0.12199340502325609,0.1359858112799185,0.8082601179211046,0.109911907860704,0.1359858112799185,0.8082601179211046,0.109911907860704,0.1359858112799185,0.8082601179211046,0.109911907860704,0.09132183773008767,0.7455426990842519,0.06808432938662363,0.09132183773008767,0.7455426990842519,0.06808432938662363,0.09132183773008767,0.7455426990842519,0.06808432938662363
3951.971971971972,0.15668203890404184,0.8730709346470698,0.13679453414836035,0.15668203890404184,0.8730709346470698,0.13679453414836035,0.15668203890404184,0.8730709346470698,0.13679453414836035,0.15668203890404184,0.8730709346470698,0.13679453414836035,0.15668203890404184,0.8730709346470698,0.13679453414836035,0.15668203890404184,0.8730709346470698,0.13679453414836035,0.14471901899690795,0.8491272897801376,0.1228848683804847,0.14471901899690795,0.8491272897801376,0.1228848683804847,0.14471901899690795,0.8491272897801376,0.1228848683804847,0.134883599053497,0.8078885366671831,0.10897091345973274,0.134883599053497,0.8078885366671831,0.10897091345973274,0.134883599053497,0.8078885366671831,0.10897091345973274,0.09105460744015834,0.7451864122226973,0.06785265623467772,0.09105460744015834,0.7451864122226973,0.06785265623467772,0.09105460744015834,0.7451864122226973,0.06785265623467772
3971.981981981982,0.15667135065155435,0.8727980615604544,0.13674245115073486,0.15667135065155435,0.8727980615604544,0.13674245115073486,0.15667135065155435,0.8727980615604544,0.13674245115073486,0.15667135065155435,0.8727980615604544,0.13674245115073486,0.15667135065155435,0.8727980615604544,0.13674245115073486,0.15667135065155435,0.8727980615604544,0.13674245115073486,0.14584980184329796,0.8487934948582548,0.12379636303095681,0.14584980184329796,0.8487934948582548,0.12379636303095681,0.14584980184329796,0.8487934948582548,0.12379636303095681,0.13368573724184607,0.8075309350369991,0.10795536839601853,0.13368573724184607,0.8075309350369991,0.10795536839601853,0.13368573724184607,0.8075309350369991,0.10795536839601853,0.091132443172613,0.7448340774868063,0.06787854923959201,0.091132443172613,0.7448340774868063,0.06787854923959201,0.091132443172613,0.7448340774868063,0.06787854923959201
3991.991991991992,0.15633655883433645,0.8725120516747978,0.13640553170032463,0.15633655883433645,0.8725120516747978,0.13640553170032463,0.15633655883433645,0.8725120516747978,0.13640553170032463,0.15633655883433645,0.8725120516747978,0.13640553170032463,0.15633655883433645,0.8725120516747978,0.13640553170032463,0.15633655883433645,0.8725120516747978,0.13640553170032463,0.14683465401449672,0.8484156928779546,0.12457682472420398,0.14683465401449672,0.8484156928779546,0.12457682472420398,0.14683465401449672,0.8484156928779546,0.12457682472420398,0.1326532176166536,0.8071754148179697,0.10707441595666078,0.1326532176166536,0.8071754148179697,0.10707441595666078,0.1326532176166536,0.8071754148179697,0.10707441595666078,0.09136726395707061,0.7444806086250778,0.06802115627916806,0.09136726395707061,0.7444806086250778,0.06802115627916806,0.09136726395707061,0.7444806086250778,0.06802115627916806
4012.002002002002,0.15571531134050154,0.8722033730706863,0.13581541978993752,0.15571531134050154,0.8722033730706863,0.13581541978993752,0.15571531134050154,0.8722033730706863,0.13581541978993752,0.15571531134050154,0.8722033730706863,0.13581541978993752,0.15571531134050154,0.8722033730706863,0.13581541978993752,0.15571531134050154,0.8722033730706863,0.13581541978993752,0.14760650295164685,0.8480224650753261,0.12517363049420396,0.14760650295164685,0.8480224650753261,0.12517363049420396,0.14760650295164685,0.8480224650753261,0.12517363049420396,0.13196242428064894,0.8068089275346433,0.10646846200874195,0.13196242428064894,0.8068089275346433,0.10646846200874195,0.13196242428064894,0.8068089275346433,0.10646846200874195,0.09150275434983911,0.744123899195585,0.06808938635393805,0.09150275434983911,0.744123899195585,0.06808938635393805,0.09150275434983911,0.744123899195585,0.06808938635393805
4032.012012012012,0.15478178636822967,0.871873675729089,0.134950165016783,0.15478178636822967,0.871873675729089,0.134950165016783,0.15478178636822967,0.871873675729089,0.134950165016783,0.15478178636822967,0.871873675729089,0.134950165016783,0.15478178636822967,0.871873675729089,0.134950165016783,0.15478178636822967,0.871873675729089,0.134950165016783,0.1481659311747849,0.8476508823837191,0.12559298229951182,0.1481659311747849,0.8476508823837191,0.12559298229951182,0.1481659311747849,0.8476508823837191,0.12559298229951182,0.13176728143077243,0.8064270761018487,0.10626070349010723,0.13176728143077243,0.8064270761018487,0.10626070349010723,0.13176728143077243,0.8064270761018487,0.10626070349010723,0.09127056416482099,0.7437670511158079,0.06788403836254503,0.09127056416482099,0.7437670511158079,0.06788403836254503,0.09127056416482099,0.7437670511158079,0.06788403836254503
4052.022022022022,0.15348225994205467,0.871528033618179,0.1337640922025731,0.15348225994205467,0.871528033618179,0.1337640922025731,0.15348225994205467,0.871528033618179,0.1337640922025731,0.15348225994205467,0.871528033618179,0.1337640922025731,0.15348225994205467,0.871528033618179,0.1337640922025731,0.15348225994205467,0.871528033618179,0.1337640922025731,0.14842099122992106,0.8473074983174129,0.1257582187768151,0.14842099122992106,0.8473074983174129,0.1257582187768151,0.14842099122992106,0.8473074983174129,0.1257582187768151,0.13201996607522634,0.8060395443955193,0.10641331330638736,0.13201996607522634,0.8060395443955193,0.10641331330638736,0.13201996607522634,0.8060395443955193,0.10641331330638736,0.09058078059084256,0.7434106307926146,0.06733871523672569,0.09058078059084256,0.7434106307926146,0.06733871523672569,0.09058078059084256,0.7434106307926146,0.06733871523672569
4072.0320320320325,0.15183431454972093,0.8711840712731327,0.13227563630839134,0.15183431454972093,0.8711840712731327,0.13227563630839134,0.15183431454972093,0.8711840712731327,0.13227563630839134,0.15183431454972093,0.8711840712731327,0.13227563630839134,0.15183431454972093,0.8711840712731327,0.13227563630839134,0.15183431454972093,0.8711840712731327,0.13227563630839134,0.14824488617942871,0.846990744052829,0.12556204644714128,0.14824488617942871,0.846990744052829,0.12556204644714128,0.14824488617942871,0.846990744052829,0.12556204644714128,0.13254280926313455,0.8056605125059227,0.10678450763991175,0.13254280926313455,0.8056605125059227,0.10678450763991175,0.13254280926313455,0.8056605125059227,0.10678450763991175,0.08961435932324005,0.7430539552581642,0.06658830414305986,0.08961435932324005,0.7430539552581642,0.06658830414305986,0.08961435932324005,0.7430539552581642,0.06658830414305986
4092.0420420420423,0.15023168462437322,0.8708536970171921,0.13082981796425627,0.15023168462437322,0.8708536970171921,0.13082981796425627,0.15023168462437322,0.8708536970171921,0.13082981796425627,0.15023168462437322,0.8708536970171921,0.13082981796425627,0.15023168462437322,0.8708536970171921,0.13082981796425627,0.15023168462437322,0.8708536970171921,0.13082981796425627,0.14769863111877024,0.8466820617554544,0.12505378151409868,0.14769863111877024,0.8466820617554544,0.12505378151409868,0.14769863111877024,0.8466820617554544,0.12505378151409868,0.1332097066316904,0.8052891286033553,0.10727232857494257,0.1332097066316904,0.8052891286033553,0.10727232857494257,0.1332097066316904,0.8052891286033553,0.10727232857494257,0.0886985648891273,0.7426988027236695,0.06587631794646255,0.0886985648891273,0.7426988027236695,0.06587631794646255,0.0886985648891273,0.7426988027236695,0.06587631794646255
4112.052052052052,0.14912899659192555,0.8705586672546529,0.1298255405220904,0.14912899659192555,0.8705586672546529,0.1298255405220904,0.14912899659192555,0.8705586672546529,0.1298255405220904,0.14912899659192555,0.8705586672546529,0.1298255405220904,0.14912899659192555,0.8705586672546529,0.1298255405220904,0.14912899659192555,0.8705586672546529,0.1298255405220904,0.14684797693752571,0.8463584049767495,0.12428601953490677,0.14684797693752571,0.8463584049767495,0.12428601953490677,0.14684797693752571,0.8463584049767495,0.12428601953490677,0.13386983771842956,0.8049141008115249,0.10775372005291449,0.13386983771842956,0.8049141008115249,0.10775372005291449,0.13386983771842956,0.8049141008115249,0.10775372005291449,0.08807650332775382,0.7423464084769266,0.06538327591656412,0.08807650332775382,0.7423464084769266,0.06538327591656412,0.08807650332775382,0.7423464084769266,0.06538327591656412
4132.062062062062,0.1484368273200982,0.8702829516191914,0.1291820402091233,0.1484368273200982,0.8702829516191914,0.1291820402091233,0.1484368273200982,0.8702829516191914,0.1291820402091233,0.1484368273200982,0.8702829516191914,0.1291820402091233,0.1484368273200982,0.8702829516191914,0.1291820402091233,0.1484368273200982,0.8702829516191914,0.1291820402091233,0.1457072515053981,0.8460083078868189,0.12326954529292099,0.1457072515053981,0.8460083078868189,0.12326954529292099,0.1457072515053981,0.8460083078868189,0.12326954529292099,0.1343651083515288,0.8045340036580073,0.10810129857399742,0.1343651083515288,0.8045340036580073,0.10810129857399742,0.1343651083515288,0.8045340036580073,0.10810129857399742,0.08783027683002824,0.7419959135651663,0.06516970649517825,0.08783027683002824,0.7419959135651663,0.06516970649517825,0.08783027683002824,0.7419959135651663,0.06516970649517825
4152.072072072072,0.1481660954291099,0.8700031779300746,0.12890497388481634,0.1481660954291099,0.8700031779300746,0.12890497388481634,0.1481660954291099,0.8700031779300746,0.12890497388481634,0.1481660954291099,0.8700031779300746,0.12890497388481634,0.1481660954291099,0.8700031779300746,0.12890497388481634,0.1481660954291099,0.8700031779300746,0.12890497388481634,0.14434527406942402,0.8456389051724236,0.12206397953088115,0.14434527406942402,0.8456389051724236,0.12206397953088115,0.14434527406942402,0.8456389051724236,0.12206397953088115,0.1346009475127523,0.8041539958175604,0.10823988978320949,0.1346009475127523,0.8041539958175604,0.10823988978320949,0.1346009475127523,0.8041539958175604,0.10823988978320949,0.08789044045625719,0.7416491703263317,0.065183872243999,0.08789044045625719,0.7416491703263317,0.065183872243999,0.08789044045625719,0.7416491703263317,0.065183872243999
4172.082082082082,0.1484068769238734,0.8697106336045812,0.12907103896073902,0.1484068769238734,0.8697106336045812,0.12907103896073902,0.1484068769238734,0.8697106336045812,0.12907103896073902,0.1484068769238734,0.8697106336045812,0.12907103896073902,0.1484068769238734,0.8697106336045812,0.12907103896073902,0.1484068769238734,0.8697106336045812,0.12907103896073902,0.14304381899811677,0.8452811977894301,0.12091225065910259,0.14304381899811677,0.8452811977894301,0.12091225065910259,0.14304381899811677,0.8452811977894301,0.12091225065910259,0.1344600863573536,0.8037826470056781,0.10807668412892575,0.1344600863573536,0.8037826470056781,0.10807668412892575,0.1344600863573536,0.8037826470056781,0.10807668412892575,0.08808296031293968,0.7413090369028106,0.0652966944771338,0.08808296031293968,0.7413090369028106,0.0652966944771338,0.08808296031293968,0.7413090369028106,0.0652966944771338
4192.092092092092,0.1491482065776488,0.8694074952772087,0.12967056870576135,0.1491482065776488,0.8694074952772087,0.12967056870576135,0.1491482065776488,0.8694074952772087,0.12967056870576135,0.1491482065776488,0.8694074952772087,0.12967056870576135,0.1491482065776488,0.8694074952772087,0.12967056870576135,0.1491482065776488,0.8694074952772087,0.12967056870576135,0.14218670790121613,0.8449477260770358,0.12014033551951227,0.14218670790121613,0.8449477260770358,0.12014033551951227,0.14218670790121613,0.8449477260770358,0.12014033551951227,0.1338770434966269,0.8034228337911119,0.10755987366563594,0.1338770434966269,0.8034228337911119,0.10755987366563594,0.1338770434966269,0.8034228337911119,0.10755987366563594,0.08815124340726758,0.7409738213815295,0.06531776368701642,0.08815124340726758,0.7409738213815295,0.06531776368701642,0.08815124340726758,0.7409738213815295,0.06531776368701642
4212.102102102102,0.1502470478145445,0.8691012248409473,0.130579893284357,0.1502470478145445,0.8691012248409473,0.130579893284357,0.1502470478145445,0.8691012248409473,0.130579893284357,0.1502470478145445,0.8691012248409473,0.130579893284357,0.1502470478145445,0.8691012248409473,0.130579893284357,0.1502470478145445,0.8691012248409473,0.130579893284357,0.1417953301174792,0.8446366069528607,0.1197655265121884,0.1417953301174792,0.8446366069528607,0.1197655265121884,0.1417953301174792,0.8446366069528607,0.1197655265121884,0.13297932911752405,0.803064140792303,0.10679093068090134,0.13297932911752405,0.803064140792303,0.10679093068090134,0.13297932911752405,0.803064140792303,0.10679093068090134,0.08785774699256248,0.7406407226426169,0.06507102522232368,0.08785774699256248,0.7406407226426169,0.06507102522232368,0.08785774699256248,0.7406407226426169,0.06507102522232368
4232.112112112112,0.1514652443877838,0.868803525831281,0.1315935383650032,0.1514652443877838,0.868803525831281,0.1315935383650032,0.1514652443877838,0.868803525831281,0.1315935383650032,0.1514652443877838,0.868803525831281,0.1315935383650032,0.1514652443877838,0.868803525831281,0.1315935383650032,0.1514652443877838,0.868803525831281,0.1315935383650032,0.1418273237762026,0.844336767349567,0.11975002407903929,0.1418273237762026,0.844336767349567,0.11975002407903929,0.1418273237762026,0.844336767349567,0.11975002407903929,0.13188853344475457,0.802699450348433,0.10586685330336543,0.13188853344475457,0.802699450348433,0.10586685330336543,0.13188853344475457,0.802699450348433,0.10586685330336543,0.08714978691507447,0.7403115089448736,0.06451799025532298,0.08714978691507447,0.7403115089448736,0.06451799025532298,0.08714978691507447,0.7403115089448736,0.06451799025532298
4252.122122122122,0.15263958674191658,0.8685154359238365,0.13256983721838994,0.15263958674191658,0.8685154359238365,0.13256983721838994,0.15263958674191658,0.8685154359238365,0.13256983721838994,0.15263958674191658,0.8685154359238365,0.13256983721838994,0.15263958674191658,0.8685154359238365,0.13256983721838994,0.15263958674191658,0.8685154359238365,0.13256983721838994,0.1422760495360234,0.8440351685571292,0.12008598945177999,0.1422760495360234,0.8440351685571292,0.12008598945177999,0.1422760495360234,0.8440351685571292,0.12008598945177999,0.13081514825810872,0.8023388307416068,0.1049580730967009,0.13081514825810872,0.8023388307416068,0.1049580730967009,0.13081514825810872,0.8023388307416068,0.1049580730967009,0.08623132126452161,0.7399875739533215,0.06381010622132281,0.08623132126452161,0.7399875739533215,0.06381010622132281,0.08623132126452161,0.7399875739533215,0.06381010622132281
4272.132132132132,0.1537438828933282,0.8682474983084622,0.13348774170236136,0.1537438828933282,0.8682474983084622,0.13348774170236136,0.1537438828933282,0.8682474983084622,0.13348774170236136,0.1537438828933282,0.8682474983084622,0.13348774170236136,0.1537438828933282,0.8682474983084622,0.13348774170236136,0.1537438828933282,0.8682474983084622,0.13348774170236136,0.14307876037708292,0.8437241312884685,0.12071900280498522,0.14307876037708292,0.8437241312884685,0.12071900280498522,0.14307876037708292,0.8437241312884685,0.12071900280498522,0.13006041869276572,0.8019917330367471,0.10430738058689612,0.13006041869276572,0.8019917330367471,0.10430738058689612,0.13006041869276572,0.8019917330367471,0.10430738058689612,0.08538866975332667,0.7396654938399188,0.06315905258142811,0.08538866975332667,0.7396654938399188,0.06315905258142811,0.08538866975332667,0.7396654938399188,0.06315905258142811
4292.142142142142,0.15474028094293985,0.8680040941423626,0.13431519738721118,0.15474028094293985,0.8680040941423626,0.13431519738721118,0.15474028094293985,0.8680040941423626,0.13431519738721118,0.15474028094293985,0.8680040941423626,0.13431519738721118,0.15474028094293985,0.8680040941423626,0.13431519738721118,0.15474028094293985,0.8680040941423626,0.13431519738721118,0.14405570930014805,0.8434046993054294,0.12149726218552172,0.14405570930014805,0.8434046993054294,0.12149726218552172,0.14405570930014805,0.8434046993054294,0.12149726218552172,0.12972206035618636,0.8016597587419821,0.1039929556086532,0.12972206035618636,0.8016597587419821,0.1039929556086532,0.12972206035618636,0.8016597587419821,0.1039929556086532,0.08482942918917079,0.7393426885943222,0.0627180182486432,0.08482942918917079,0.7393426885943222,0.0627180182486432,0.08482942918917079,0.7393426885943222,0.0627180182486432
4312.152152152152,0.15555578729925984,0.8677579370833017,0.13498476908817458,0.15555578729925984,0.8677579370833017,0.13498476908817458,0.15555578729925984,0.8677579370833017,0.13498476908817458,0.15555578729925984,0.8677579370833017,0.13498476908817458,0.15555578729925984,0.8677579370833017,0.13498476908817458,0.15555578729925984,0.8677579370833017,0.13498476908817458,0.14503150873666135,0.8430926461831697,0.12227499848072931,0.14503150873666135,0.8430926461831697,0.12227499848072931,0.14503150873666135,0.8430926461831697,0.12227499848072931,0.1297613493503721,0.8013350147793875,0.10398231279947369,0.1297613493503721,0.8013350147793875,0.10398231279947369,0.1297613493503721,0.8013350147793875,0.10398231279947369,0.08461111422672488,0.7390208449757142,0.06252937713017089,0.08461111422672488,0.7390208449757142,0.06252937713017089,0.08461111422672488,0.7390208449757142,0.06252937713017089
4332.1621621621625,0.15612228664119113,0.8674921238260072,0.13543485401493954,0.15612228664119113,0.8674921238260072,0.13543485401493954,0.15612228664119113,0.8674921238260072,0.13543485401493954,0.15612228664119113,0.8674921238260072,0.13543485401493954,0.15612228664119113,0.8674921238260072,0.13543485401493954,0.15612228664119113,0.8674921238260072,0.13543485401493954,0.14594594571179093,0.8427979052431648,0.12300293732463004,0.14594594571179093,0.8427979052431648,0.12300293732463004,0.14594594571179093,0.8427979052431648,0.12300293732463004,0.13011749895961827,0.8010009432637637,0.10422423940177603,0.13011749895961827,0.8010009432637637,0.10422423940177603,0.13011749895961827,0.8010009432637637,0.10422423940177603,0.08466502487252957,0.7387000974978121,0.06254206212799228,0.08466502487252957,0.7387000974978121,0.06254206212799228,0.08466502487252957,0.7387000974978121,0.06254206212799228
4352.172172172172,0.15643436872881303,0.8672073564250257,0.13566103535933166,0.15643436872881303,0.8672073564250257,0.13566103535933166,0.15643436872881303,0.8672073564250257,0.13566103535933166,0.15643436872881303,0.8672073564250257,0.13566103535933166,0.15643436872881303,0.8672073564250257,0.13566103535933166,0.15643436872881303,0.8672073564250257,0.13566103535933166,0.1467436943277444,0.8425175671326252,0.12363414033706481,0.1467436943277444,0.8425175671326252,0.12363414033706481,0.1467436943277444,0.8425175671326252,0.12363414033706481,0.13064970278595328,0.800656092043379,0.10460548045923031,0.13064970278595328,0.800656092043379,0.10460548045923031,0.13064970278595328,0.800656092043379,0.10460548045923031,0.0848142278853641,0.7383779300772548,0.06262495402709573,0.0848142278853641,0.7383779300772548,0.06262495402709573,0.0848142278853641,0.7383779300772548,0.06262495402709573
4372.182182182182,0.15651234111331994,0.8669205590997706,0.13568376626397333,0.15651234111331994,0.8669205590997706,0.13568376626397333,0.15651234111331994,0.8669205590997706,0.13568376626397333,0.15651234111331994,0.8669205590997706,0.13568376626397333,0.15651234111331994,0.8669205590997706,0.13568376626397333,0.15651234111331994,0.8669205590997706,0.13568376626397333,0.14732219995482235,0.8422366631491883,0.12408015809774707,0.14732219995482235,0.8422366631491883,0.12408015809774707,0.14732219995482235,0.8422366631491883,0.12408015809774707,0.13120524766725822,0.8003166426701143,0.10500574331376093,0.13120524766725822,0.8003166426701143,0.10500574331376093,0.13120524766725822,0.8003166426701143,0.10500574331376093,0.08481363793911834,0.7380546228017278,0.06259709755759829,0.08481363793911834,0.7380546228017278,0.06259709755759829,0.08481363793911834,0.7380546228017278,0.06259709755759829
4392.192192192192,0.15633775046179674,0.866646509461301,0.13548956573474805,0.15633775046179674,0.866646509461301,0.13548956573474805,0.15633775046179674,0.866646509461301,0.13548956573474805,0.15633775046179674,0.866646509461301,0.13548956573474805,0.15633775046179674,0.866646509461301,0.13548956573474805,0.15633775046179674,0.866646509461301,0.13548956573474805,0.1476175253694744,0.8419467884822236,0.12428610140852213,0.1476175253694744,0.8419467884822236,0.12428610140852213,0.1476175253694744,0.8419467884822236,0.12428610140852213,0.13168070520786912,0.7999916727250657,0.10534346762485948,0.13168070520786912,0.7999916727250657,0.10534346762485948,0.13168070520786912,0.7999916727250657,0.10534346762485948,0.08445347160955397,0.7377325515054133,0.06230407509400623,0.08445347160955397,0.7377325515054133,0.06230407509400623,0.08445347160955397,0.7377325515054133,0.06230407509400623
4412.202202202202,0.15580594747561555,0.8663926292504743,0.13498912448625985,0.15580594747561555,0.8663926292504743,0.13498912448625985,0.15580594747561555,0.8663926292504743,0.13498912448625985,0.15580594747561555,0.8663926292504743,0.13498912448625985,0.15580594747561555,0.8663926292504743,0.13498912448625985,0.15580594747561555,0.8663926292504743,0.13498912448625985,0.14762013769079674,0.8416481836416528,0.12424422075638977,0.14762013769079674,0.8416481836416528,0.12424422075638977,0.14762013769079674,0.8416481836416528,0.12424422075638977,0.13193057186003776,0.7996777811000305,0.10550194696429312,0.13193057186003776,0.7996777811000305,0.10550194696429312,0.13193057186003776,0.7996777811000305,0.10550194696429312,0.08373432975254247,0.7374112877052602,0.06174663992795922,0.08373432975254247,0.7374112877052602,0.06174663992795922,0.08373432975254247,0.7374112877052602,0.06174663992795922
4432.212212212212,0.1547896904125486,0.8661490161413468,0.13407093805965262,0.1547896904125486,0.8661490161413468,0.13407093805965262,0.1547896904125486,0.8661490161413468,0.13407093805965262,0.1547896904125486,0.8661490161413468,0.13407093805965262,0.1547896904125486,0.8661490161413468,0.13407093805965262,0.1547896904125486,0.8661490161413468,0.13407093805965262,0.14730758220548665,0.8413459230696033,0.12393663372582664,0.14730758220548665,0.8413459230696033,0.12393663372582664,0.14730758220548665,0.8413459230696033,0.12393663372582664,0.13184769700257035,0.7993616253058096,0.10539398936880255,0.13184769700257035,0.7993616253058096,0.10539398936880255,0.13184769700257035,0.7993616253058096,0.10539398936880255,0.08285831923930861,0.7370899138088607,0.06107403138644905,0.08285831923930861,0.7370899138088607,0.06107403138644905,0.08285831923930861,0.7370899138088607,0.06107403138644905
4452.222222222223,0.153579254479516,0.8659273781268269,0.13298848116612003,0.153579254479516,0.8659273781268269,0.13298848116612003,0.153579254479516,0.8659273781268269,0.13298848116612003,0.153579254479516,0.8659273781268269,0.13298848116612003,0.153579254479516,0.8659273781268269,0.13298848116612003,0.153579254479516,0.8659273781268269,0.13298848116612003,0.14660231892106218,0.8410511618257183,0.12330005065490382,0.14660231892106218,0.8410511618257183,0.12330005065490382,0.14660231892106218,0.8410511618257183,0.12330005065490382,0.13142156532217467,0.7990286486417159,0.10500959574175621,0.13142156532217467,0.7990286486417159,0.10500959574175621,0.13142156532217467,0.7990286486417159,0.10500959574175621,0.08208514549863709,0.7367709762457757,0.06047795278430739,0.08208514549863709,0.7367709762457757,0.06047795278430739,0.08208514549863709,0.7367709762457757,0.06047795278430739
4472.2322322322325,0.15235646147937257,0.8657084215497057,0.13189627178020616,0.15235646147937257,0.8657084215497057,0.13189627178020616,0.15235646147937257,0.8657084215497057,0.13189627178020616,0.15235646147937257,0.8657084215497057,0.13189627178020616,0.15235646147937257,0.8657084215497057,0.13189627178020616,0.15235646147937257,0.8657084215497057,0.13189627178020616,0.14552527314878155,0.8407698503809246,0.12235326213194424,0.14552527314878155,0.8407698503809246,0.12235326213194424,0.14552527314878155,0.8407698503809246,0.12235326213194424,0.13064101660016803,0.7986835686953468,0.10434083335621025,0.13064101660016803,0.7986835686953468,0.10434083335621025,0.13064101660016803,0.7986835686953468,0.10434083335621025,0.08158521357511546,0.7364565284529115,0.06008396316261888,0.08158521357511546,0.7364565284529115,0.06008396316261888,0.08158521357511546,0.7364565284529115,0.06008396316261888
4492.242242242242,0.15112569736570797,0.865468175497061,0.13079448156982026,0.15112569736570797,0.865468175497061,0.13079448156982026,0.15112569736570797,0.865468175497061,0.13079448156982026,0.15112569736570797,0.865468175497061,0.13079448156982026,0.15112569736570797,0.865468175497061,0.13079448156982026,0.15112569736570797,0.865468175497061,0.13079448156982026,0.1443840787897591,0.840500817698015,0.12135493628536714,0.1443840787897591,0.840500817698015,0.12135493628536714,0.1443840787897591,0.840500817698015,0.12135493628536714,0.1296187988946735,0.7983423280995097,0.1034801736750358,0.1296187988946735,0.7983423280995097,0.1034801736750358,0.1296187988946735,0.7983423280995097,0.1034801736750358,0.08140529813252362,0.7361451468747418,0.059926115150148736,0.08140529813252362,0.7361451468747418,0.059926115150148736,0.08140529813252362,0.7361451468747418,0.059926115150148736
4512.252252252252,0.14994860191895637,0.8651937420177785,0.1297345920045961,0.14994860191895637,0.8651937420177785,0.1297345920045961,0.14994860191895637,0.8651937420177785,0.1297345920045961,0.14994860191895637,0.8651937420177785,0.1297345920045961,0.14994860191895637,0.8651937420177785,0.1297345920045961,0.14994860191895637,0.8651937420177785,0.1297345920045961,0.14331809117314945,0.8402245260000842,0.12041937522319635,0.14331809117314945,0.8402245260000842,0.12041937522319635,0.14331809117314945,0.8402245260000842,0.12041937522319635,0.12863258288897314,0.7980108281459548,0.10265019399778263,0.12863258288897314,0.7980108281459548,0.10265019399778263,0.12863258288897314,0.7980108281459548,0.10265019399778263,0.08147036560375076,0.7358361240857062,0.059948838053709395,0.08147036560375076,0.7358361240857062,0.059948838053709395,0.08147036560375076,0.7358361240857062,0.059948838053709395
4532.262262262262,0.14902570210941413,0.8648909732139299,0.1288909845313004,0.14902570210941413,0.8648909732139299,0.1288909845313004,0.14902570210941413,0.8648909732139299,0.1288909845313004,0.14902570210941413,0.8648909732139299,0.1288909845313004,0.14902570210941413,0.8648909732139299,0.1288909845313004,0.14902570210941413,0.8648909732139299,0.1288909845313004,0.14240112254232684,0.8399270308001306,0.11960655203958213,0.14240112254232684,0.8399270308001306,0.11960655203958213,0.14240112254232684,0.8399270308001306,0.11960655203958213,0.12786226076190865,0.7976847076040438,0.1019937700894551,0.12786226076190865,0.7976847076040438,0.1019937700894551,0.12786226076190865,0.7976847076040438,0.1019937700894551,0.08160398370865934,0.735531473158895,0.06002229835286468,0.08160398370865934,0.735531473158895,0.06002229835286468,0.08160398370865934,0.735531473158895,0.06002229835286468
4552.272272272272,0.1485691074363181,0.8645902586944507,0.1284514030323699,0.1485691074363181,0.8645902586944507,0.1284514030323699,0.1485691074363181,0.8645902586944507,0.1284514030323699,0.1485691074363181,0.8645902586944507,0.1284514030323699,0.1485691074363181,0.8645902586944507,0.1284514030323699,0.1485691074363181,0.8645902586944507,0.1284514030323699,0.141774247023987,0.8396127779001841,0.11903546937851663,0.141774247023987,0.8396127779001841,0.11903546937851663,0.141774247023987,0.8396127779001841,0.11903546937851663,0.12742529089100058,0.7973531970617506,0.10160296307846287,0.12742529089100058,0.7973531970617506,0.10160296307846287,0.12742529089100058,0.7973531970617506,0.10160296307846287,0.08156045909587903,0.7352314979750652,0.059965818516597165,0.08156045909587903,0.7352314979750652,0.059965818516597165,0.08156045909587903,0.7352314979750652,0.059965818516597165
4572.282282282283,0.14865997123484373,0.8643111580438532,0.1284884718927537,0.14865997123484373,0.8643111580438532,0.1284884718927537,0.14865997123484373,0.8643111580438532,0.1284884718927537,0.14865997123484373,0.8643111580438532,0.1284884718927537,0.14865997123484373,0.8643111580438532,0.1284884718927537,0.14865997123484373,0.8643111580438532,0.1284884718927537,0.14158038936023135,0.8392923163142902,0.11882733293082766,0.14158038936023135,0.8392923163142902,0.11882733293082766,0.14158038936023135,0.8392923163142902,0.11882733293082766,0.1273773770842132,0.7970093298349816,0.10152095794602652,0.1273773770842132,0.7970093298349816,0.10152095794602652,0.1273773770842132,0.7970093298349816,0.10152095794602652,0.08116836221664933,0.7349340799707473,0.059653395608425544,0.08116836221664933,0.7349340799707473,0.059653395608425544,0.08116836221664933,0.7349340799707473,0.059653395608425544
4592.292292292293,0.14914863300112113,0.8640518166732328,0.128872147298948,0.14914863300112113,0.8640518166732328,0.128872147298948,0.14914863300112113,0.8640518166732328,0.128872147298948,0.14914863300112113,0.8640518166732328,0.128872147298948,0.14914863300112113,0.8640518166732328,0.128872147298948,0.14914863300112113,0.8640518166732328,0.128872147298948,0.1418121431119271,0.8389778043605255,0.11897724045970523,0.1418121431119271,0.8389778043605255,0.11897724045970523,0.1418121431119271,0.8389778043605255,0.11897724045970523,0.1276345606350785,0.7966614242195995,0.10168153085518447,0.1276345606350785,0.7966614242195995,0.10168153085518447,0.1276345606350785,0.7966614242195995,0.10168153085518447,0.08045652791276449,0.7346383207998833,0.059106448563222246,0.08045652791276449,0.7346383207998833,0.059106448563222246,0.08045652791276449,0.7346383207998833,0.059106448563222246
4612.302302302302,0.14986890520161522,0.8638103301735129,0.12945830848495016,0.14986890520161522,0.8638103301735129,0.12945830848495016,0.14986890520161522,0.8638103301735129,0.12945830848495016,0.14986890520161522,0.8638103301735129,0.12945830848495016,0.14986890520161522,0.8638103301735129,0.12945830848495016,0.14986890520161522,0.8638103301735129,0.12945830848495016,0.14231251867360228,0.8386760535783907,0.1193541015359778,0.14231251867360228,0.8386760535783907,0.1193541015359778,0.14231251867360228,0.8386760535783907,0.1193541015359778,0.12807763313208986,0.7963197569486967,0.10199074968631015,0.12807763313208986,0.7963197569486967,0.10199074968631015,0.12807763313208986,0.7963197569486967,0.10199074968631015,0.07962816511867395,0.734344518400796,0.05847450656521168,0.07962816511867395,0.734344518400796,0.05847450656521168,0.07962816511867395,0.734344518400796,0.05847450656521168
4632.312312312313,0.1507518149224886,0.8635828348125589,0.13018667968390094,0.1507518149224886,0.8635828348125589,0.13018667968390094,0.1507518149224886,0.8635828348125589,0.13018667968390094,0.1507518149224886,0.8635828348125589,0.13018667968390094,0.1507518149224886,0.8635828348125589,0.13018667968390094,0.1507518149224886,0.8635828348125589,0.13018667968390094,0.14297648544053507,0.8383902053873693,0.11987008499405441,0.14297648544053507,0.8383902053873693,0.11987008499405441,0.14297648544053507,0.8383902053873693,0.11987008499405441,0.12860997738603316,0.7959850245197261,0.10237161600310303,0.12860997738603316,0.7959850245197261,0.10237161600310303,0.12860997738603316,0.7959850245197261,0.10237161600310303,0.07890883781720573,0.7340516850659681,0.05792316536631705,0.07890883781720573,0.7340516850659681,0.05792316536631705,0.07890883781720573,0.7340516850659681,0.05792316536631705
4652.322322322322,0.1517473375838535,0.8633456098265816,0.13101039770589215,0.1517473375838535,0.8633456098265816,0.13101039770589215,0.1517473375838535,0.8633456098265816,0.13101039770589215,0.1517473375838535,0.8633456098265816,0.13101039770589215,0.1517473375838535,0.8633456098265816,0.13101039770589215,0.1517473375838535,0.8633456098265816,0.13101039770589215,0.14374237394620087,0.8381054897341639,0.120471272711732,0.14374237394620087,0.8381054897341639,0.120471272711732,0.14374237394620087,0.8381054897341639,0.120471272711732,0.12909412694481423,0.7956530908882052,0.10271414111915578,0.12909412694481423,0.7956530908882052,0.10271414111915578,0.12909412694481423,0.7956530908882052,0.10271414111915578,0.07844723452368825,0.7337589355093065,0.05756135929775041,0.07844723452368825,0.7337589355093065,0.05756135929775041,0.07844723452368825,0.7337589355093065,0.05756135929775041
4672.332332332332,0.15276562110121217,0.8630818947208301,0.1318492417082386,0.15276562110121217,0.8630818947208301,0.1318492417082386,0.15276562110121217,0.8630818947208301,0.1318492417082386,0.15276562110121217,0.8630818947208301,0.1318492417082386,0.15276562110121217,0.8630818947208301,0.1318492417082386,0.15276562110121217,0.8630818947208301,0.1318492417082386,0.14451426529617317,0.8378011171446769,0.12107421290847609,0.14451426529617317,0.8378011171446769,0.12107421290847609,0.14451426529617317,0.8378011171446769,0.12107421290847609,0.12940735527172664,0.7953200776712991,0.10292026784594703,0.12940735527172664,0.7953200776712991,0.10292026784594703,0.12940735527172664,0.7953200776712991,0.10292026784594703,0.07827643335238407,0.7334665221809853,0.05741314333970483,0.07827643335238407,0.7334665221809853,0.05741314333970483,0.07827643335238407,0.7334665221809853,0.05741314333970483
4692.342342342342,0.15368495598167287,0.8627831258791888,0.13259678672247324,0.15368495598167287,0.8627831258791888,0.13259678672247324,0.15368495598167287,0.8627831258791888,0.13259678672247324,0.15368495598167287,0.8627831258791888,0.13259678672247324,0.15368495598167287,0.8627831258791888,0.13259678672247324,0.15368495598167287,0.8627831258791888,0.13259678672247324,0.1451810089041644,0.8374750351904404,0.12158547054099873,0.1451810089041644,0.8374750351904404,0.12158547054099873,0.1451810089041644,0.8374750351904404,0.12158547054099873,0.12947022607382447,0.7949866385763765,0.10292709982215326,0.12947022607382447,0.7949866385763765,0.10292709982215326,0.12947022607382447,0.7949866385763765,0.10292709982215326,0.07832231822207397,0.7331739511505785,0.057423883514150925,0.07832231822207397,0.7331739511505785,0.057423883514150925,0.07832231822207397,0.7331739511505785,0.057423883514150925
4712.352352352353,0.15444244599781204,0.8624595974090784,0.1332003697981463,0.15444244599781204,0.8624595974090784,0.1332003697981463,0.15444244599781204,0.8624595974090784,0.1332003697981463,0.15444244599781204,0.8624595974090784,0.1332003697981463,0.15444244599781204,0.8624595974090784,0.1332003697981463,0.15444244599781204,0.8624595974090784,0.1332003697981463,0.14568698573733235,0.8371428791423958,0.12196082269372756,0.14568698573733235,0.8371428791423958,0.12196082269372756,0.14568698573733235,0.8371428791423958,0.12196082269372756,0.12917949316526733,0.7946596780352264,0.10265373444746508,0.12917949316526733,0.7946596780352264,0.10265373444746508,0.12917949316526733,0.7946596780352264,0.10265373444746508,0.07840421320545155,0.7328802735011019,0.05746090121765003,0.07840421320545155,0.7328802735011019,0.05746090121765003,0.07840421320545155,0.7328802735011019,0.05746090121765003
4732.362362362363,0.15504932348410244,0.8621444110814005,0.13367490768377105,0.15504932348410244,0.8621444110814005,0.13367490768377105,0.15504932348410244,0.8621444110814005,0.13367490768377105,0.15504932348410244,0.8621444110814005,0.13367490768377105,0.15504932348410244,0.8621444110814005,0.13367490768377105,0.15504932348410244,0.8621444110814005,0.13367490768377105,0.1460105103929705,0.8368182483448937,0.12218425954698947,0.1460105103929705,0.8368182483448937,0.12218425954698947,0.1460105103929705,0.8368182483448937,0.12218425954698947,0.12853666804090655,0.7943410009208665,0.10210194554664685,0.12853666804090655,0.7943410009208665,0.10210194554664685,0.12853666804090655,0.7943410009208665,0.10210194554664685,0.07829444992214703,0.7325868801463554,0.057357486801240753,0.07829444992214703,0.7325868801463554,0.057357486801240753,0.07829444992214703,0.7325868801463554,0.057357486801240753
4752.372372372372,0.15549480628944692,0.861850705531779,0.13401330850708715,0.15549480628944692,0.861850705531779,0.13401330850708715,0.15549480628944692,0.861850705531779,0.13401330850708715,0.15549480628944692,0.861850705531779,0.13401330850708715,0.15549480628944692,0.861850705531779,0.13401330850708715,0.15549480628944692,0.861850705531779,0.13401330850708715,0.14606840115014,0.8365075966990553,0.12218732719977714,0.14606840115014,0.8365075966990553,0.12218732719977714,0.14606840115014,0.8365075966990553,0.12218732719977714,0.1276682300168014,0.7940251209201844,0.10137178177675664,0.1276682300168014,0.7940251209201844,0.10137178177675664,0.1276682300168014,0.7940251209201844,0.10137178177675664,0.07785740887487609,0.732295618710979,0.057014639403261055,0.07785740887487609,0.732295618710979,0.057014639403261055,0.07785740887487609,0.732295618710979,0.057014639403261055
4772.382382382382,0.15568090188608905,0.8615772042802281,0.1341311162068411,0.15568090188608905,0.8615772042802281,0.1341311162068411,0.15568090188608905,0.8615772042802281,0.1341311162068411,0.15568090188608905,0.8615772042802281,0.1341311162068411,0.15568090188608905,0.8615772042802281,0.1341311162068411,0.15568090188608905,0.8615772042802281,0.1341311162068411,0.14575681684127287,0.8362134014237759,0.12188380359154308,0.14575681684127287,0.8362134014237759,0.12188380359154308,0.14575681684127287,0.8362134014237759,0.12188380359154308,0.12672121135165548,0.7937088373811115,0.10057974533344859,0.12672121135165548,0.7937088373811115,0.10057974533344859,0.12672121135165548,0.7937088373811115,0.10057974533344859,0.0771526726505025,0.7320057397000252,0.05647619921336499,0.0771526726505025,0.7320057397000252,0.05647619921336499,0.0771526726505025,0.7320057397000252,0.05647619921336499
4792.392392392392,0.15552985667729693,0.8613252586426997,0.1339617940292348,0.15552985667729693,0.8613252586426997,0.1339617940292348,0.15552985667729693,0.8613252586426997,0.1339617940292348,0.15552985667729693,0.8613252586426997,0.1339617940292348,0.15552985667729693,0.8613252586426997,0.1339617940292348,0.15552985667729693,0.8613252586426997,0.1339617940292348,0.14514902830152795,0.8359297830803578,0.12133439574242098,0.14514902830152795,0.8359297830803578,0.12133439574242098,0.14514902830152795,0.8359297830803578,0.12133439574242098,0.12590371649019816,0.7933941817469415,0.09989127612363968,0.12590371649019816,0.7933941817469415,0.09989127612363968,0.12590371649019816,0.7933941817469415,0.09989127612363968,0.07637059457437594,0.7317163715637759,0.05588161435613055,0.07637059457437594,0.7317163715637759,0.05588161435613055,0.07637059457437594,0.7317163715637759,0.05588161435613055
4812.402402402402,0.15510375997575607,0.8610812686402736,0.13355694241080052,0.15510375997575607,0.8610812686402736,0.13355694241080052,0.15510375997575607,0.8610812686402736,0.13355694241080052,0.15510375997575607,0.8610812686402736,0.13355694241080052,0.15510375997575607,0.8610812686402736,0.13355694241080052,0.15510375997575607,0.8610812686402736,0.13355694241080052,0.14433193783876339,0.8356389296419283,0.12060938604872957,0.14433193783876339,0.8356389296419283,0.12060938604872957,0.14433193783876339,0.8356389296419283,0.12060938604872957,0.12539003831802123,0.7930859279845475,0.09944507489946583,0.12539003831802123,0.7930859279845475,0.09944507489946583,0.12539003831802123,0.7930859279845475,0.09944507489946583,0.07571272359199271,0.7314297047150035,0.05537853506005991,0.07571272359199271,0.7314297047150035,0.05537853506005991,0.07571272359199271,0.7314297047150035,0.05537853506005991
4832.412412412413,0.15445365947767303,0.8608284922836557,0.13295811081585843,0.15445365947767303,0.8608284922836557,0.13295811081585843,0.15445365947767303,0.8608284922836557,0.13295811081585843,0.15445365947767303,0.8608284922836557,0.13295811081585843,0.15445365947767303,0.8608284922836557,0.13295811081585843,0.15445365947767303,0.8608284922836557,0.13295811081585843,0.1433498948627356,0.8353306191802594,0.11974455643511403,0.1433498948627356,0.8353306191802594,0.11974455643511403,0.1433498948627356,0.8353306191802594,0.11974455643511403,0.12519850428118104,0.7927869402404474,0.09925573913175807,0.12519850428118104,0.7927869402404474,0.09925573913175807,0.12519850428118104,0.7927869402404474,0.09925573913175807,0.07530205273955555,0.7311475846229879,0.05505691397767889,0.07530205273955555,0.7311475846229879,0.05505691397767889,0.07530205273955555,0.7311475846229879,0.05505691397767889
4852.422422422423,0.15358790307998918,0.8605566707059312,0.13217109453522072,0.15358790307998918,0.8605566707059312,0.13217109453522072,0.15358790307998918,0.8605566707059312,0.13217109453522072,0.15358790307998918,0.8605566707059312,0.13217109453522072,0.15358790307998918,0.8605566707059312,0.13217109453522072,0.15358790307998918,0.8605566707059312,0.13217109453522072,0.14227725137639446,0.8350153589516303,0.11880369012871135,0.14227725137639446,0.8350153589516303,0.11880369012871135,0.14227725137639446,0.8350153589516303,0.11880369012871135,0.125290122275019,0.7924919475065225,0.09929141300506016,0.125290122275019,0.7924919475065225,0.09929141300506016,0.125290122275019,0.7924919475065225,0.09929141300506016,0.07516221106859318,0.7308686299784067,0.054933702229850535,0.07516221106859318,0.7308686299784067,0.054933702229850535,0.07516221106859318,0.7308686299784067,0.054933702229850535
4872.4324324324325,0.15250793466820317,0.8602617379193275,0.1311967409241557,0.15250793466820317,0.8602617379193275,0.1311967409241557,0.15250793466820317,0.8602617379193275,0.1311967409241557,0.15250793466820317,0.8602617379193275,0.1311967409241557,0.15250793466820317,0.8602617379193275,0.1311967409241557,0.15250793466820317,0.8602617379193275,0.1311967409241557,0.14132749290558744,0.8347104032074325,0.11796752858751845,0.14132749290558744,0.8347104032074325,0.11796752858751845,0.14132749290558744,0.8347104032074325,0.11796752858751845,0.12560256100658176,0.792192022969274,0.09950134689392566,0.12560256100658176,0.792192022969274,0.09950134689392566,0.12560256100658176,0.792192022969274,0.09950134689392566,0.0752088237639625,0.7305914748383049,0.05494692547456752,0.0752088237639625,0.7305914748383049,0.05494692547456752,0.0752088237639625,0.7305914748383049,0.05494692547456752
4892.442442442443,0.1512940208129392,0.8599586611279995,0.13010660357496687,0.1512940208129392,0.8599586611279995,0.13010660357496687,0.1512940208129392,0.8599586611279995,0.13010660357496687,0.1512940208129392,0.8599586611279995,0.13010660357496687,0.1512940208129392,0.8599586611279995,0.13010660357496687,0.1512940208129392,0.8599586611279995,0.13010660357496687,0.1407209644646484,0.8344219902891383,0.11742066724399904,0.1407209644646484,0.8344219902891383,0.11742066724399904,0.1407209644646484,0.8344219902891383,0.11742066724399904,0.12602015809849826,0.7918869627653716,0.09979372024383174,0.12602015809849826,0.7918869627653716,0.09979372024383174,0.12602015809849826,0.7918869627653716,0.09979372024383174,0.07525864289947137,0.7303172392349006,0.05496268431090719,0.07525864289947137,0.7303172392349006,0.05496268431090719,0.07525864289947137,0.7303172392349006,0.05496268431090719
4912.452452452452,0.1501859134931528,0.8596685823623366,0.12911011134345118,0.1501859134931528,0.8596685823623366,0.12911011134345118,0.1501859134931528,0.8596685823623366,0.12911011134345118,0.1501859134931528,0.8596685823623366,0.12911011134345118,0.1501859134931528,0.8596685823623366,0.12911011134345118,0.1501859134931528,0.8596685823623366,0.12911011134345118,0.1404608818836147,0.8341486147495643,0.11716525004971937,0.1404608818836147,0.8341486147495643,0.11716525004971937,0.1404608818836147,0.8341486147495643,0.11716525004971937,0.1264334831052977,0.7915823753407941,0.10008251687910172,0.1264334831052977,0.7915823753407941,0.10008251687910172,0.1264334831052977,0.7915823753407941,0.10008251687910172,0.07510007677167542,0.7300464027114762,0.054826540890517333,0.07510007677167542,0.7300464027114762,0.054826540890517333,0.07510007677167542,0.7300464027114762,0.054826540890517333
4932.462462462462,0.14945940840080313,0.8593976376555091,0.12844506250504018,0.14945940840080313,0.8593976376555091,0.12844506250504018,0.14945940840080313,0.8593976376555091,0.12844506250504018,0.14945940840080313,0.8593976376555091,0.12844506250504018,0.14945940840080313,0.8593976376555091,0.12844506250504018,0.14945940840080313,0.8593976376555091,0.12844506250504018,0.14050524528834338,0.8338858397333031,0.11716533445420395,0.14050524528834338,0.8338858397333031,0.11716533445420395,0.14050524528834338,0.8338858397333031,0.11716533445420395,0.12674611894611776,0.7912833124367198,0.10029208883818255,0.12674611894611776,0.7912833124367198,0.10029208883818255,0.12674611894611776,0.7912833124367198,0.10029208883818255,0.0746366380924708,0.7297773797562723,0.05446813018094052,0.0746366380924708,0.7297773797562723,0.05446813018094052,0.0746366380924708,0.7297773797562723,0.05446813018094052
4952.472472472474,0.1490985566281115,0.8591447233119612,0.12809723818047164,0.1490985566281115,0.8591447233119612,0.12809723818047164,0.1490985566281115,0.8591447233119612,0.12809723818047164,0.1490985566281115,0.8591447233119612,0.12809723818047164,0.1490985566281115,0.8591447233119612,0.12809723818047164,0.1490985566281115,0.8591447233119612,0.12809723818047164,0.14083911103997956,0.8336207605082365,0.11740640685445174,0.14083911103997956,0.8336207605082365,0.11740640685445174,0.14083911103997956,0.8336207605082365,0.11740640685445174,0.12682893846189902,0.7909896191924662,0.10032037373656225,0.12682893846189902,0.7909896191924662,0.10032037373656225,0.12682893846189902,0.7909896191924662,0.10032037373656225,0.07394376159384827,0.7295090243460811,0.05394264137680748,0.07394376159384827,0.7295090243460811,0.05394264137680748,0.07394376159384827,0.7295090243460811,0.05394264137680748
4972.482482482483,0.14904991457375655,0.8589037612967133,0.1280195322483533,0.14904991457375655,0.8589037612967133,0.1280195322483533,0.14904991457375655,0.8589037612967133,0.1280195322483533,0.14904991457375655,0.8589037612967133,0.1280195322483533,0.14904991457375655,0.8589037612967133,0.1280195322483533,0.14904991457375655,0.8589037612967133,0.1280195322483533,0.14141300655342937,0.8333428406433837,0.11784551658515627,0.14141300655342937,0.8333428406433837,0.11784551658515627,0.14141300655342937,0.8333428406433837,0.11784551658515627,0.1266177018090903,0.7906935091133891,0.10011579495930231,0.1266177018090903,0.7906935091133891,0.10011579495930231,0.1266177018090903,0.7906935091133891,0.10011579495930231,0.07320341392246521,0.7292414399566198,0.053382962978559004,0.07320341392246521,0.7292414399566198,0.053382962978559004,0.07320341392246521,0.7292414399566198,0.053382962978559004
4992.492492492493,0.149307623174385,0.8586648297042447,0.12820520482657885,0.149307623174385,0.8586648297042447,0.12820520482657885,0.149307623174385,0.8586648297042447,0.12820520482657885,0.149307623174385,0.8586648297042447,0.12820520482657885,0.149307623174385,0.8586648297042447,0.12820520482657885,0.149307623174385,0.8586648297042447,0.12820520482657885,0.14210561238186914,0.8330541641658151,0.1183816721460493,0.14210561238186914,0.8330541641658151,0.1183816721460493,0.14210561238186914,0.8330541641658151,0.1183816721460493,0.12609828670923062,0.7903881666476016,0.09966659364951241,0.12609828670923062,0.7903881666476016,0.09966659364951241,0.12609828670923062,0.7903881666476016,0.09966659364951241,0.07259224867629288,0.7289742266560167,0.05291787834002186,0.07259224867629288,0.7289742266560167,0.05291787834002186,0.07259224867629288,0.7289742266560167,0.05291787834002186
5012.5025025025025,0.14986183488611718,0.8584204439928428,0.1286444628405228,0.14986183488611718,0.8584204439928428,0.1286444628405228,0.14986183488611718,0.8584204439928428,0.1286444628405228,0.14986183488611718,0.8584204439928428,0.1286444628405228,0.14986183488611718,0.8584204439928428,0.1286444628405228,0.14986183488611718,0.8584204439928428,0.1286444628405228,0.1428050479527351,0.8327719737984473,0.11892404165198112,0.1428050479527351,0.8327719737984473,0.11892404165198112,0.1428050479527351,0.8327719737984473,0.11892404165198112,0.12529807731933607,0.7900777414274028,0.09899522193365713,0.12529807731933607,0.7900777414274028,0.09899522193365713,0.12529807731933607,0.7900777414274028,0.09899522193365713,0.07221917869414486,0.728706884321233,0.052626612694448675,0.07221917869414486,0.728706884321233,0.052626612694448675,0.07221917869414486,0.728706884321233,0.052626612694448675
5032.512512512512,0.1506514824444543,0.8581667291698291,0.12928408993394327,0.1506514824444543,0.8581667291698291,0.12928408993394327,0.1506514824444543,0.8581667291698291,0.12928408993394327,0.1506514824444543,0.8581667291698291,0.12928408993394327,0.1506514824444543,0.8581667291698291,0.12928408993394327,0.1506514824444543,0.8581667291698291,0.12928408993394327,0.14346588707206637,0.8325051987911116,0.11943609683667378,0.14346588707206637,0.8325051987911116,0.11943609683667378,0.14346588707206637,0.8325051987911116,0.11943609683667378,0.1243930363230886,0.7897689829073402,0.0982417617776415,0.1243930363230886,0.7897689829073402,0.0982417617776415,0.1243930363230886,0.7897689829073402,0.0982417617776415,0.0720978734491464,0.7284397442427588,0.05251895649574299,0.0720978734491464,0.7284397442427588,0.05251895649574299,0.0720978734491464,0.7284397442427588,0.05251895649574299
5052.522522522522,0.15154252747031294,0.8579050155125638,0.13000909438023195,0.15154252747031294,0.8579050155125638,0.13000909438023195,0.15154252747031294,0.8579050155125638,0.13000909438023195,0.15154252747031294,0.8579050155125638,0.13000909438023195,0.15154252747031294,0.8579050155125638,0.13000909438023195,0.15154252747031294,0.8579050155125638,0.13000909438023195,0.14403594304034575,0.8322514011123374,0.11987411540586458,0.14403594304034575,0.8322514011123374,0.11987411540586458,0.14403594304034575,0.8322514011123374,0.11987411540586458,0.1235944421543991,0.7894647173113811,0.09757345133668054,0.1235944421543991,0.7894647173113811,0.09757345133668054,0.1235944421543991,0.7894647173113811,0.09757345133668054,0.07213796202521384,0.7281728789804244,0.05252890749168049,0.07213796202521384,0.7281728789804244,0.05252890749168049,0.07213796202521384,0.7281728789804244,0.05252890749168049
5072.532532532533,0.15242077041829385,0.8576488485882091,0.13072349825017748,0.15242077041829385,0.8576488485882091,0.13072349825017748,0.15242077041829385,0.8576488485882091,0.13072349825017748,0.15242077041829385,0.8576488485882091,0.13072349825017748,0.15242077041829385,0.8576488485882091,0.13072349825017748,0.15242077041829385,0.8576488485882091,0.13072349825017748,0.14441536043379938,0.8320039408458755,0.1201541489995986,0.14441536043379938,0.8320039408458755,0.1201541489995986,0.14441536043379938,0.8320039408458755,0.1201541489995986,0.12301784853567461,0.7891628008711198,0.09708110990755216,0.12301784853567461,0.7891628008711198,0.09708110990755216,0.12301784853567461,0.7891628008711198,0.09708110990755216,0.0721529326690139,0.7279058797599259,0.052520543931697264,0.0721529326690139,0.7279058797599259,0.052520543931697264,0.0721529326690139,0.7279058797599259,0.052520543931697264
5092.542542542543,0.15325307278667405,0.8574053984672595,0.13140001193899017,0.15325307278667405,0.8574053984672595,0.13140001193899017,0.15325307278667405,0.8574053984672595,0.13140001193899017,0.15325307278667405,0.8574053984672595,0.13140001193899017,0.15325307278667405,0.8574053984672595,0.13140001193899017,0.15325307278667405,0.8574053984672595,0.13140001193899017,0.14454730325947332,0.831752660496234,0.12022760405362289,0.14454730325947332,0.831752660496234,0.12022760405362289,0.14454730325947332,0.831752660496234,0.12022760405362289,0.12273114071528216,0.7888568763446177,0.0968173042948692,0.12273114071528216,0.7888568763446177,0.0968173042948692,0.12273114071528216,0.7888568763446177,0.0968173042948692,0.07195428235688918,0.7276395468903135,0.05235678141098452,0.07195428235688918,0.7276395468903135,0.05235678141098452,0.07195428235688918,0.7276395468903135,0.05235678141098452
5112.552552552553,0.154019980734408,0.8571765744789727,0.13202231948723722,0.154019980734408,0.8571765744789727,0.13202231948723722,0.154019980734408,0.8571765744789727,0.13202231948723722,0.154019980734408,0.8571765744789727,0.13202231948723722,0.154019980734408,0.8571765744789727,0.13202231948723722,0.154019980734408,0.8571765744789727,0.13202231948723722,0.14442649318225634,0.8314887566214312,0.12008900523930793,0.14442649318225634,0.8314887566214312,0.12008900523930793,0.14442649318225634,0.8314887566214312,0.12008900523930793,0.12273672841257749,0.788545624133759,0.09678351011023158,0.12273672841257749,0.788545624133759,0.09678351011023158,0.12273672841257749,0.788545624133759,0.09678351011023158,0.07147507547484928,0.7273753354399415,0.051989206999113635,0.07147507547484928,0.7273753354399415,0.051989206999113635,0.07147507547484928,0.7273753354399415,0.051989206999113635
5132.562562562563,0.15465849337673956,0.8569538343275339,0.13253518891051647,0.15465849337673956,0.8569538343275339,0.13253518891051647,0.15465849337673956,0.8569538343275339,0.13253518891051647,0.15465849337673956,0.8569538343275339,0.13253518891051647,0.15465849337673956,0.8569538343275339,0.13253518891051647,0.15465849337673956,0.8569538343275339,0.13253518891051647,0.14404812155245872,0.8312102527409103,0.11973427552247258,0.14404812155245872,0.8312102527409103,0.11973427552247258,0.14404812155245872,0.8312102527409103,0.11973427552247258,0.1229566019157443,0.788236049861158,0.09691882619841719,0.1229566019157443,0.788236049861158,0.09691882619841719,0.1229566019157443,0.788236049861158,0.09691882619841719,0.07080329689897769,0.7271132262836837,0.0514820136397372,0.07080329689897769,0.7271132262836837,0.0514820136397372,0.07080329689897769,0.7271132262836837,0.0514820136397372
5152.572572572572,0.155105078739047,0.8567268094666056,0.1328826792401704,0.155105078739047,0.8567268094666056,0.1328826792401704,0.155105078739047,0.8567268094666056,0.1328826792401704,0.155105078739047,0.8567268094666056,0.1328826792401704,0.155105078739047,0.8567268094666056,0.1328826792401704,0.155105078739047,0.8567268094666056,0.1328826792401704,0.1433789114893322,0.8309285432703352,0.11913763005951714,0.1433789114893322,0.8309285432703352,0.11913763005951714,0.1433789114893322,0.8309285432703352,0.11913763005951714,0.12330873812201276,0.7879329431058865,0.09715901693915054,0.12330873812201276,0.7879329431058865,0.09715901693915054,0.12330873812201276,0.7879329431058865,0.09715901693915054,0.0701057696504098,0.726852655385729,0.05095656482826061,0.0701057696504098,0.726852655385729,0.05095656482826061,0.0701057696504098,0.726852655385729,0.05095656482826061
5172.582582582582,0.15533528894633608,0.8564922353512001,0.13304346885857196,0.15533528894633608,0.8564922353512001,0.13304346885857196,0.15533528894633608,0.8564922353512001,0.13304346885857196,0.15533528894633608,0.8564922353512001,0.13304346885857196,0.15533528894633608,0.8564922353512001,0.13304346885857196,0.15533528894633608,0.8564922353512001,0.13304346885857196,0.14247310225382165,0.8306562004889028,0.11834616579002642,0.14247310225382165,0.8306562004889028,0.11834616579002642,0.14247310225382165,0.8306562004889028,0.11834616579002642,0.12370356543704362,0.7876354806039461,0.09743331721542754,0.12370356543704362,0.7876354806039461,0.09743331721542754,0.12370356543704362,0.7876354806039461,0.09743331721542754,0.06954033143934266,0.7265945146763712,0.05052762337260317,0.06954033143934266,0.7265945146763712,0.05052762337260317,0.06954033143934266,0.7265945146763712,0.05052762337260317
5192.592592592592,0.15535228428833436,0.8562504531961335,0.13302046382694085,0.15535228428833436,0.8562504531961335,0.13302046382694085,0.15535228428833436,0.8562504531961335,0.13302046382694085,0.15535228428833436,0.8562504531961335,0.13302046382694085,0.15535228428833436,0.8562504531961335,0.13302046382694085,0.15535228428833436,0.8562504531961335,0.13302046382694085,0.14155183205925817,0.8303950388583569,0.1175439390833193,0.14155183205925817,0.8303950388583569,0.1175439390833193,0.14155183205925817,0.8303950388583569,0.1175439390833193,0.12401877612075206,0.7873395228531271,0.09764488401574173,0.12401877612075206,0.7873395228531271,0.09764488401574173,0.12401877612075206,0.7873395228531271,0.09764488401574173,0.06919915971131532,0.726339755406456,0.050262100739049055,0.06919915971131532,0.726339755406456,0.050262100739049055,0.06919915971131532,0.726339755406456,0.050262100739049055
5212.602602602603,0.1551424932891765,0.8560040556133949,0.132802603453509,0.1551424932891765,0.8560040556133949,0.132802603453509,0.1551424932891765,0.8560040556133949,0.132802603453509,0.1551424932891765,0.8560040556133949,0.132802603453509,0.1551424932891765,0.8560040556133949,0.132802603453509,0.1551424932891765,0.8560040556133949,0.132802603453509,0.1407358393681138,0.8301381003961408,0.11683018235070239,0.1407358393681138,0.8301381003961408,0.11683018235070239,0.1407358393681138,0.8301381003961408,0.11683018235070239,0.12416295329614277,0.7870411766458819,0.09772135685802388,0.12416295329614277,0.7870411766458819,0.09772135685802388,0.12416295329614277,0.7870411766458819,0.09772135685802388,0.06908752910557243,0.7260876298578106,0.050163600260997594,0.06908752910557243,0.7260876298578106,0.050163600260997594,0.06908752910557243,0.7260876298578106,0.050163600260997594
5232.612612612613,0.1546550413185339,0.8557605649508055,0.13234768553123874,0.1546550413185339,0.8557605649508055,0.13234768553123874,0.1546550413185339,0.8557605649508055,0.13234768553123874,0.1546550413185339,0.8557605649508055,0.13234768553123874,0.1546550413185339,0.8557605649508055,0.13234768553123874,0.1546550413185339,0.8557605649508055,0.13234768553123874,0.14008189051743575,0.8298767351087897,0.1162507019504765,0.14008189051743575,0.8298767351087897,0.1162507019504765,0.14008189051743575,0.8298767351087897,0.1162507019504765,0.1240541025062597,0.7867434873657031,0.09759875722779716,0.1240541025062597,0.7867434873657031,0.09759875722779716,0.1240541025062597,0.7867434873657031,0.09759875722779716,0.06910584250590951,0.7258372672427265,0.050159595874995605,0.06910584250590951,0.7258372672427265,0.050159595874995605,0.06910584250590951,0.7258372672427265,0.050159595874995605
5252.622622622623,0.15382128739492648,0.8555261685119118,0.1315981366405511,0.15382128739492648,0.8555261685119118,0.1315981366405511,0.15382128739492648,0.8555261685119118,0.1315981366405511,0.15382128739492648,0.8555261685119118,0.1315981366405511,0.15382128739492648,0.8555261685119118,0.1315981366405511,0.15382128739492648,0.8555261685119118,0.1315981366405511,0.13967376058853465,0.8296055911582002,0.1158741327223402,0.13967376058853465,0.8296055911582002,0.1158741327223402,0.13967376058853465,0.8296055911582002,0.1158741327223402,0.12361887700654522,0.7864531084460953,0.09722045008441303,0.12361887700654522,0.7864531084460953,0.09722045008441303,0.12361887700654522,0.7864531084460953,0.09722045008441303,0.0690730097384529,0.72558894341627,0.05011861215470577,0.0690730097384529,0.72558894341627,0.05011861215470577,0.0690730097384529,0.72558894341627,0.05011861215470577
5272.6326326326325,0.15281776977235198,0.8553041312543427,0.13070566981536766,0.15281776977235198,0.8553041312543427,0.13070566981536766,0.15281776977235198,0.8553041312543427,0.13070566981536766,0.15281776977235198,0.8553041312543427,0.13070566981536766,0.15281776977235198,0.8553041312543427,0.13070566981536766,0.15281776977235198,0.8553041312543427,0.13070566981536766,0.13958896323169373,0.8293227345951025,0.11576430070660347,0.13958896323169373,0.8293227345951025,0.11576430070660347,0.13958896323169373,0.8293227345951025,0.11576430070660347,0.12292010681474354,0.7861710402784886,0.09663622824568986,0.12292010681474354,0.7861710402784886,0.09663622824568986,0.12292010681474354,0.7861710402784886,0.09663622824568986,0.06882672135904436,0.7253424765662906,0.04992294452450724,0.06882672135904436,0.7253424765662906,0.04992294452450724,0.06882672135904436,0.7253424765662906,0.04992294452450724
5292.642642642643,0.15185288070798747,0.8550898166256586,0.12984785191867101,0.15185288070798747,0.8550898166256586,0.12984785191867101,0.15185288070798747,0.8550898166256586,0.12984785191867101,0.15185288070798747,0.8550898166256586,0.12984785191867101,0.15185288070798747,0.8550898166256586,0.12984785191867101,0.15185288070798747,0.8550898166256586,0.12984785191867101,0.13980200966026374,0.8290335395769806,0.11590055490862368,0.13980200966026374,0.8290335395769806,0.11590055490862368,0.13980200966026374,0.8290335395769806,0.11590055490862368,0.122098252074426,0.785893000278598,0.09595616165154319,0.122098252074426,0.785893000278598,0.09595616165154319,0.122098252074426,0.785893000278598,0.09595616165154319,0.06832948563472883,0.7250967382920072,0.04954548716291244,0.06832948563472883,0.7250967382920072,0.04954548716291244,0.06832948563472883,0.7250967382920072,0.04954548716291244
5312.652652652653,0.1509647111169973,0.854867232059726,0.12905478473128362,0.1509647111169973,0.854867232059726,0.12905478473128362,0.1509647111169973,0.854867232059726,0.12905478473128362,0.1509647111169973,0.854867232059726,0.12905478473128362,0.1509647111169973,0.854867232059726,0.12905478473128362,0.1509647111169973,0.854867232059726,0.12905478473128362,0.14020639799273735,0.8287481711456274,0.11619579591939704,0.14020639799273735,0.8287481711456274,0.11619579591939704,0.14020639799273735,0.8287481711456274,0.11619579591939704,0.12130294670296031,0.7856140358423277,0.09529729751887943,0.12130294670296031,0.7856140358423277,0.09529729751887943,0.12130294670296031,0.7856140358423277,0.09529729751887943,0.06767489948083333,0.7248513620935993,0.049054243068229454,0.06767489948083333,0.7248513620935993,0.049054243068229454,0.06767489948083333,0.7248513620935993,0.049054243068229454
5332.662662662663,0.15019096695041712,0.8546277314496676,0.12835736536906697,0.15019096695041712,0.8546277314496676,0.12835736536906697,0.15019096695041712,0.8546277314496676,0.12835736536906697,0.15019096695041712,0.8546277314496676,0.12835736536906697,0.15019096695041712,0.8546277314496676,0.12835736536906697,0.15019096695041712,0.8546277314496676,0.12835736536906697,0.140728994653302,0.8284717530043728,0.11658999689896411,0.140728994653302,0.8284717530043728,0.11658999689896411,0.140728994653302,0.8284717530043728,0.11658999689896411,0.12068947177034718,0.785332497898801,0.09478136433549358,0.12068947177034718,0.785332497898801,0.09478136433549358,0.12068947177034718,0.785332497898801,0.09478136433549358,0.06701851732746289,0.7246066503743837,0.04856206335371047,0.06701851732746289,0.7246066503743837,0.04856206335371047,0.06701851732746289,0.7246066503743837,0.04856206335371047
5352.672672672674,0.14961688320919994,0.8543743424210252,0.12782882620694352,0.14961688320919994,0.8543743424210252,0.12782882620694352,0.14961688320919994,0.8543743424210252,0.12782882620694352,0.14961688320919994,0.8543743424210252,0.12782882620694352,0.14961688320919994,0.8543743424210252,0.12782882620694352,0.14961688320919994,0.8543743424210252,0.12782882620694352,0.1413251372176982,0.8282004249285826,0.1170455386967879,0.1413251372176982,0.8282004249285826,0.1170455386967879,0.1413251372176982,0.8282004249285826,0.1170455386967879,0.12034211881816188,0.7850526890040654,0.09447490397864473,0.12034211881816188,0.7850526890040654,0.09447490397864473,0.12034211881816188,0.7850526890040654,0.09447490397864473,0.06649988556520428,0.7243620954651606,0.04816999645620476,0.06649988556520428,0.7243620954651606,0.04816999645620476,0.06649988556520428,0.7243620954651606,0.04816999645620476
5372.682682682684,0.14934415719396024,0.8541136761690289,0.1275568871152987,0.14934415719396024,0.8541136761690289,0.1275568871152987,0.14934415719396024,0.8541136761690289,0.1275568871152987,0.14934415719396024,0.8541136761690289,0.1275568871152987,0.14934415719396024,0.8541136761690289,0.1275568871152987,0.14934415719396024,0.8541136761690289,0.1275568871152987,0.14192128345733976,0.8279260667496996,0.11750033000090451,0.14192128345733976,0.8279260667496996,0.11750033000090451,0.14192128345733976,0.8279260667496996,0.11750033000090451,0.12025034625581912,0.7847787629683843,0.09436991798116162,0.12025034625581912,0.7847787629683843,0.09436991798116162,0.12025034625581912,0.7847787629683843,0.09436991798116162,0.066199102833929,0.724117114798343,0.04793590334634348,0.066199102833929,0.724117114798343,0.04793590334634348,0.066199102833929,0.724117114798343,0.04793590334634348
5392.6926926926935,0.149424132135054,0.8538526653001524,0.127586193483678,0.149424132135054,0.8538526653001524,0.127586193483678,0.149424132135054,0.8538526653001524,0.127586193483678,0.149424132135054,0.8538526653001524,0.127586193483678,0.149424132135054,0.8538526653001524,0.127586193483678,0.149424132135054,0.8538526653001524,0.127586193483678,0.14243202609523783,0.8276468076043049,0.11788341169833663,0.14243202609523783,0.8276468076043049,0.11788341169833663,0.14243202609523783,0.8276468076043049,0.11788341169833663,0.12038102747907438,0.7845090019146855,0.09443999971707297,0.12038102747907438,0.7845090019146855,0.09443999971707297,0.12038102747907438,0.7845090019146855,0.09443999971707297,0.06610923348571308,0.7238724337619193,0.0478546517374381,0.06610923348571308,0.7238724337619193,0.0478546517374381,0.06610923348571308,0.7238724337619193,0.0478546517374381
5412.702702702703,0.14977593240371498,0.8535995457950628,0.12784866787084315,0.14977593240371498,0.8535995457950628,0.12784866787084315,0.14977593240371498,0.8535995457950628,0.12784866787084315,0.14977593240371498,0.8535995457950628,0.12784866787084315,0.14977593240371498,0.8535995457950628,0.12784866787084315,0.14977593240371498,0.8535995457950628,0.12784866787084315,0.14280545705779069,0.8273643567908188,0.11815214512483788,0.14280545705779069,0.8273643567908188,0.11815214512483788,0.14280545705779069,0.8273643567908188,0.11815214512483788,0.12067180486967986,0.7842385432885048,0.09463548046699244,0.12067180486967986,0.7842385432885048,0.09463548046699244,0.12067180486967986,0.7842385432885048,0.09463548046699244,0.06612106093830922,0.7236288514933935,0.047847107386313384,0.06612106093830922,0.7236288514933935,0.047847107386313384,0.06612106093830922,0.7236288514933935,0.047847107386313384
5432.712712712713,0.1502863230927743,0.8533563981704438,0.12824779536872946,0.1502863230927743,0.8533563981704438,0.12824779536872946,0.1502863230927743,0.8533563981704438,0.12824779536872946,0.1502863230927743,0.8533563981704438,0.12824779536872946,0.1502863230927743,0.8533563981704438,0.12824779536872946,0.1502863230927743,0.8533563981704438,0.12824779536872946,0.14301313120293013,0.8270818698679459,0.11828356797098932,0.14301313120293013,0.8270818698679459,0.11828356797098932,0.14301313120293013,0.8270818698679459,0.11828356797098932,0.12102461242513576,0.7839644332407282,0.09487899168805035,0.12102461242513576,0.7839644332407282,0.09487899168805035,0.12102461242513576,0.7839644332407282,0.09487899168805035,0.0660586867413665,0.7233861033115506,0.04778593599171551,0.0660586867413665,0.7233861033115506,0.04778593599171551,0.0660586867413665,0.7233861033115506,0.04778593599171551
5452.722722722724,0.15090341771576318,0.8531272698451537,0.12873982076615184,0.15090341771576318,0.8531272698451537,0.12873982076615184,0.15090341771576318,0.8531272698451537,0.12873982076615184,0.15090341771576318,0.8531272698451537,0.12873982076615184,0.15090341771576318,0.8531272698451537,0.12873982076615184,0.15090341771576318,0.8531272698451537,0.12873982076615184,0.14298715383935295,0.8268050033701495,0.1182224942120343,0.14298715383935295,0.8268050033701495,0.1182224942120343,0.14298715383935295,0.8268050033701495,0.1182224942120343,0.1213524940306579,0.7836872887640108,0.0951024070316371,0.1213524940306579,0.7836872887640108,0.0951024070316371,0.1213524940306579,0.7836872887640108,0.0951024070316371,0.06578507475462897,0.7231441752371253,0.047572093626348795,0.06578507475462897,0.7231441752371253,0.047572093626348795,0.06578507475462897,0.7231441752371253,0.047572093626348795
5472.732732732734,0.151595404242048,0.8529005670769046,0.12929580624429535,0.151595404242048,0.8529005670769046,0.12929580624429535,0.151595404242048,0.8529005670769046,0.12929580624429535,0.151595404242048,0.8529005670769046,0.12929580624429535,0.151595404242048,0.8529005670769046,0.12929580624429535,0.151595404242048,0.8529005670769046,0.12929580624429535,0.14265922301150788,0.8265368528906251,0.11791310522375356,0.14265922301150788,0.8265368528906251,0.11791310522375356,0.14265922301150788,0.8265368528906251,0.11791310522375356,0.12155415377136235,0.7834104905803526,0.0952267992381026,0.12155415377136235,0.7834104905803526,0.0952267992381026,0.12155415377136235,0.7834104905803526,0.0952267992381026,0.06528359905397026,0.7229040900939362,0.04719378077216772,0.06528359905397026,0.7229040900939362,0.04719378077216772,0.06528359905397026,0.7229040900939362,0.04719378077216772
5492.742742742744,0.1523058719108852,0.8526602189182233,0.12986515808606627,0.1523058719108852,0.8526602189182233,0.12986515808606627,0.1523058719108852,0.8526602189182233,0.12986515808606627,0.1523058719108852,0.8526602189182233,0.12986515808606627,0.1523058719108852,0.8526602189182233,0.12986515808606627,0.1523058719108852,0.8526602189182233,0.12986515808606627,0.1421006672398559,0.8262751068343878,0.11741424400484972,0.1421006672398559,0.8262751068343878,0.11741424400484972,0.1421006672398559,0.8262751068343878,0.11741424400484972,0.12151642892385309,0.7831353541332485,0.0951638115982894,0.12151642892385309,0.7831353541332485,0.0951638115982894,0.12151642892385309,0.7831353541332485,0.0951638115982894,0.06465083747132863,0.7226664308608407,0.04672098996756936,0.06465083747132863,0.7226664308608407,0.04672098996756936,0.06465083747132863,0.7226664308608407,0.04672098996756936
5512.752752752753,0.1529570661547993,0.8524002678126151,0.1303806441541828,0.1529570661547993,0.8524002678126151,0.1303806441541828,0.1529570661547993,0.8524002678126151,0.1303806441541828,0.1529570661547993,0.8524002678126151,0.1303806441541828,0.1529570661547993,0.8524002678126151,0.1303806441541828,0.1529570661547993,0.8524002678126151,0.1303806441541828,0.14139144091737038,0.8260102536257445,0.11679077997266658,0.14139144091737038,0.8260102536257445,0.11679077997266658,0.14139144091737038,0.8260102536257445,0.11679077997266658,0.12119454906288175,0.78285948531063,0.09487830230182151,0.12119454906288175,0.78285948531063,0.09487830230182151,0.12119454906288175,0.78285948531063,0.09487830230182151,0.06402955858751624,0.7224308760181961,0.04625693010143777,0.06402955858751624,0.7224308760181961,0.04625693010143777,0.06402955858751624,0.7224308760181961,0.04625693010143777
5532.762762762763,0.1534964045930131,0.8521290186411231,0.13079874061078506,0.1534964045930131,0.8521290186411231,0.13079874061078506,0.1534964045930131,0.8521290186411231,0.13079874061078506,0.1534964045930131,0.8521290186411231,0.13079874061078506,0.1534964045930131,0.8521290186411231,0.13079874061078506,0.1534964045930131,0.8521290186411231,0.13079874061078506,0.14057013333444585,0.8257391282774128,0.116074259361425,0.14057013333444585,0.8257391282774128,0.116074259361425,0.14057013333444585,0.8257391282774128,0.116074259361425,0.12060140888717845,0.7825809838285568,0.09438036921803816,0.12060140888717845,0.7825809838285568,0.09438036921803816,0.12060140888717845,0.7825809838285568,0.09438036921803816,0.06354611310940704,0.722197331368277,0.04589283330644045,0.06354611310940704,0.722197331368277,0.04589283330644045,0.06354611310940704,0.722197331368277,0.04589283330644045
5552.772772772772,0.1539105027489833,0.8518574607881875,0.13110981006038225,0.1539105027489833,0.8518574607881875,0.13110981006038225,0.1539105027489833,0.8518574607881875,0.13110981006038225,0.1539105027489833,0.8518574607881875,0.13110981006038225,0.1539105027489833,0.8518574607881875,0.13110981006038225,0.1539105027489833,0.8518574607881875,0.13110981006038225,0.13971327970462316,0.8254682819997378,0.11532888097032411,0.13971327970462316,0.8254682819997378,0.11532888097032411,0.13971327970462316,0.8254682819997378,0.11532888097032411,0.11983081359338701,0.7823008399982151,0.09374374613177619,0.11983081359338701,0.7823008399982151,0.09374374613177619,0.11983081359338701,0.7823008399982151,0.09374374613177619,0.06326953086497317,0.7219660131597462,0.045678450953072186,0.06326953086497317,0.7219660131597462,0.045678450953072186,0.06326953086497317,0.7219660131597462,0.045678450953072186
5572.782782782783,0.1541894200038158,0.8515934698965331,0.1313067032023834,0.1541894200038158,0.8515934698965331,0.1313067032023834,0.1541894200038158,0.8515934698965331,0.1313067032023834,0.1541894200038158,0.8515934698965331,0.1313067032023834,0.1541894200038158,0.8515934698965331,0.1313067032023834,0.1541894200038158,0.8515934698965331,0.1313067032023834,0.13898778547834253,0.8252037523843978,0.11469324211232597,0.13898778547834253,0.8252037523843978,0.11469324211232597,0.13898778547834253,0.8252037523843978,0.11469324211232597,0.11905650834541906,0.7820212192671154,0.09310471581797011,0.11905650834541906,0.7820212192671154,0.09310471581797011,0.11905650834541906,0.7820212192671154,0.09310471581797011,0.06318330885678775,0.7217366018383317,0.04560170662719975,0.06318330885678775,0.7217366018383317,0.04560170662719975,0.06318330885678775,0.7217366018383317,0.04560170662719975
5592.792792792793,0.1542623680524121,0.8513398083825615,0.1313296948583807,0.1542623680524121,0.8513398083825615,0.1313296948583807,0.1542623680524121,0.8513398083825615,0.1313296948583807,0.1542623680524121,0.8513398083825615,0.1313296948583807,0.1542623680524121,0.8513398083825615,0.1313296948583807,0.1542623680524121,0.8513398083825615,0.1313296948583807,0.13852704391602141,0.8249492081858271,0.11427777519084516,0.13852704391602141,0.8249492081858271,0.11427777519084516,0.13852704391602141,0.8249492081858271,0.11427777519084516,0.11841934766900598,0.7817433338811354,0.092573535642798,0.11841934766900598,0.7817433338811354,0.092573535642798,0.11841934766900598,0.7817433338811354,0.092573535642798,0.0631717613551749,0.7215086737119002,0.04557897375141691,0.0631717613551749,0.7215086737119002,0.04557897375141691,0.0631717613551749,0.7215086737119002,0.04557897375141691
5612.802802802803,0.15404026769992935,0.8510987237390989,0.131103475243839,0.15404026769992935,0.8510987237390989,0.131103475243839,0.15404026769992935,0.8510987237390989,0.131103475243839,0.15404026769992935,0.8510987237390989,0.131103475243839,0.15404026769992935,0.8510987237390989,0.131103475243839,0.15404026769992935,0.8510987237390989,0.131103475243839,0.13832780132966363,0.8247046554159687,0.11407958173002883,0.13832780132966363,0.8247046554159687,0.11407958173002883,0.13832780132966363,0.8247046554159687,0.11407958173002883,0.11798906518756533,0.7814657536592462,0.09220441375035067,0.11798906518756533,0.7814657536592462,0.09220441375035067,0.11798906518756533,0.7814657536592462,0.09220441375035067,0.06307072471089172,0.7212821012525955,0.045491784846995974,0.06307072471089172,0.7212821012525955,0.045491784846995974,0.06307072471089172,0.7212821012525955,0.045491784846995974
5632.812812812813,0.15357866280613178,0.8508696538683606,0.130675423663419,0.15357866280613178,0.8508696538683606,0.130675423663419,0.15357866280613178,0.8508696538683606,0.130675423663419,0.15357866280613178,0.8508696538683606,0.130675423663419,0.15357866280613178,0.8508696538683606,0.130675423663419,0.15357866280613178,0.8508696538683606,0.130675423663419,0.13835585093702513,0.8244673273898395,0.11406987865079612,0.13835585093702513,0.8244673273898395,0.11406987865079612,0.13835585093702513,0.8244673273898395,0.11406987865079612,0.11780012053547476,0.7811861984543337,0.09202382833856981,0.11780012053547476,0.7811861984543337,0.09202382833856981,0.11780012053547476,0.7811861984543337,0.09202382833856981,0.06276780868723823,0.7210564051012245,0.04525913048810141,0.06276780868723823,0.7210564051012245,0.04525913048810141,0.06276780868723823,0.7210564051012245,0.04525913048810141
5652.822822822823,0.15295197615139064,0.8506401547210879,0.13010709265831508,0.15295197615139064,0.8506401547210879,0.13010709265831508,0.15295197615139064,0.8506401547210879,0.13010709265831508,0.15295197615139064,0.8506401547210879,0.13010709265831508,0.15295197615139064,0.8506401547210879,0.13010709265831508,0.15295197615139064,0.8506401547210879,0.13010709265831508,0.1385952045449307,0.8242272244623063,0.11423394076585386,0.1385952045449307,0.8242272244623063,0.11423394076585386,0.1385952045449307,0.8242272244623063,0.11423394076585386,0.11783315331142774,0.7809064440624378,0.09201666874509111,0.11783315331142774,0.7809064440624378,0.09201666874509111,0.11783315331142774,0.7809064440624378,0.09201666874509111,0.06226409756353333,0.7208308175300581,0.044881880349493024,0.06226409756353333,0.7208308175300581,0.044881880349493024,0.06226409756353333,0.7208308175300581,0.044881880349493024
5672.8328328328325,0.15219437051886534,0.8503986255822092,0.1294258835105926,0.15219437051886534,0.8503986255822092,0.1294258835105926,0.15219437051886534,0.8503986255822092,0.1294258835105926,0.15219437051886534,0.8503986255822092,0.1294258835105926,0.15219437051886534,0.8503986255822092,0.1294258835105926,0.15219437051886534,0.8503986255822092,0.1294258835105926,0.13900344463585845,0.823975648401866,0.11453545342392435,0.13900344463585845,0.823975648401866,0.11453545342392435,0.13900344463585845,0.823975648401866,0.11453545342392435,0.11802517217001135,0.7806305333754728,0.09213405310280798,0.11802517217001135,0.7806305333754728,0.09213405310280798,0.11802517217001135,0.7806305333754728,0.09213405310280798,0.06165537118809694,0.7206054096773931,0.04442919401381033,0.06165537118809694,0.7206054096773931,0.04442919401381033,0.06165537118809694,0.7206054096773931,0.04442919401381033
5692.842842842842,0.1513263982643775,0.8501422232113367,0.12864896065104203,0.1513263982643775,0.8501422232113367,0.12864896065104203,0.1513263982643775,0.8501422232113367,0.12864896065104203,0.1513263982643775,0.8501422232113367,0.12864896065104203,0.1513263982643775,0.8501422232113367,0.12864896065104203,0.1513263982643775,0.8501422232113367,0.12864896065104203,0.1394962519424944,0.823716429808904,0.11490535462179488,0.1394962519424944,0.823716429808904,0.11490535462179488,0.1394962519424944,0.823716429808904,0.11490535462179488,0.11831236645123921,0.7803604032904039,0.09232628599813109,0.11831236645123921,0.7803604032904039,0.09232628599813109,0.11831236645123921,0.7803604032904039,0.09232628599813109,0.06107300092536634,0.7203806479531785,0.043995807979060476,0.06107300092536634,0.7203806479531785,0.043995807979060476,0.06107300092536634,0.7203806479531785,0.043995807979060476
5712.852852852853,0.15039990371108738,0.849882647007667,0.1278222682756772,0.15039990371108738,0.849882647007667,0.1278222682756772,0.15039990371108738,0.849882647007667,0.1278222682756772,0.15039990371108738,0.849882647007667,0.1278222682756772,0.15039990371108738,0.849882647007667,0.1278222682756772,0.15039990371108738,0.849882647007667,0.1278222682756772,0.13999701578016868,0.823460377663389,0.11528199548608513,0.13999701578016868,0.823460377663389,0.11528199548608513,0.13999701578016868,0.823460377663389,0.11528199548608513,0.11860593923443323,0.7800944428788791,0.09252383408921137,0.11860593923443323,0.7800944428788791,0.09252383408921137,0.11860593923443323,0.7800944428788791,0.09252383408921137,0.06062944751163753,0.720156186326398,0.0436626716990574,0.06062944751163753,0.720156186326398,0.0436626716990574,0.06062944751163753,0.720156186326398,0.0436626716990574
5732.862862862863,0.14956936800551368,0.8496315206088166,0.12707884957502427,0.14956936800551368,0.8496315206088166,0.12707884957502427,0.14956936800551368,0.8496315206088166,0.12707884957502427,0.14956936800551368,0.8496315206088166,0.12707884957502427,0.14956936800551368,0.8496315206088166,0.12707884957502427,0.14956936800551368,0.8496315206088166,0.12707884957502427,0.14046656620512726,0.8232139151489759,0.11563403191325564,0.14046656620512726,0.8232139151489759,0.11563403191325564,0.14046656620512726,0.8232139151489759,0.11563403191325564,0.11880092177734317,0.7798286871225428,0.09264436685857343,0.11880092177734317,0.7798286871225428,0.09264436685857343,0.11880092177734317,0.7798286871225428,0.09264436685857343,0.06038210392751107,0.719931541983582,0.04347098118874595,0.06038210392751107,0.719931541983582,0.04347098118874595,0.06038210392751107,0.719931541983582,0.04347098118874595
5752.872872872873,0.14900935195103315,0.8493932599076024,0.1265675392104073,0.14900935195103315,0.8493932599076024,0.1265675392104073,0.14900935195103315,0.8493932599076024,0.1265675392104073,0.14900935195103315,0.8493932599076024,0.1265675392104073,0.14900935195103315,0.8493932599076024,0.1265675392104073,0.14900935195103315,0.8493932599076024,0.1265675392104073,0.14085399292865713,0.8229775696808712,0.11591967678027287,0.14085399292865713,0.8229775696808712,0.11591967678027287,0.14085399292865713,0.8229775696808712,0.11591967678027287,0.1188110593157845,0.779561002765931,0.09262046853989547,0.1188110593157845,0.779561002765931,0.09262046853989547,0.1188110593157845,0.779561002765931,0.09262046853989547,0.060302034232362946,0.7197074151623093,0.04339982118640302,0.060302034232362946,0.7197074151623093,0.04339982118640302,0.060302034232362946,0.7197074151623093,0.04339982118640302
5772.882882882883,0.14872881814826694,0.8491663732265958,0.12629551110124174,0.14872881814826694,0.8491663732265958,0.12629551110124174,0.14872881814826694,0.8491663732265958,0.12629551110124174,0.14872881814826694,0.8491663732265958,0.12629551110124174,0.14872881814826694,0.8491663732265958,0.12629551110124174,0.14872881814826694,0.8491663732265958,0.12629551110124174,0.14106949701851032,0.8227483472002752,0.11606469551235352,0.14106949701851032,0.8227483472002752,0.11606469551235352,0.14106949701851032,0.8227483472002752,0.11606469551235352,0.11855485424866236,0.7792949147856768,0.09238919503913967,0.11855485424866236,0.7792949147856768,0.09238919503913967,0.11855485424866236,0.7792949147856768,0.09238919503913967,0.060269393095820335,0.7194847453253441,0.043362908942459345,0.060269393095820335,0.7194847453253441,0.043362908942459345,0.060269393095820335,0.7194847453253441,0.043362908942459345
5792.892892892893,0.14867846160445977,0.8489508692778475,0.12622070922199918,0.14867846160445977,0.8489508692778475,0.12622070922199918,0.14867846160445977,0.8489508692778475,0.12622070922199918,0.14867846160445977,0.8489508692778475,0.12622070922199918,0.14867846160445977,0.8489508692778475,0.12622070922199918,0.14867846160445977,0.8489508692778475,0.12622070922199918,0.1410712163487511,0.8225182359446077,0.11603364801373486,0.1410712163487511,0.8225182359446077,0.11603364801373486,0.1410712163487511,0.8225182359446077,0.11603364801373486,0.1180241021166679,0.7790348725573393,0.09194489135115277,0.1180241021166679,0.7790348725573393,0.09194489135115277,0.1180241021166679,0.7790348725573393,0.09194489135115277,0.06013395192402681,0.719263455154813,0.04325215403298894,0.06013395192402681,0.719263455154813,0.04325215403298894,0.06013395192402681,0.719263455154813,0.04325215403298894
5812.9029029029025,0.1488421272868257,0.8487401670427659,0.12632829197642106,0.1488421272868257,0.8487401670427659,0.12632829197642106,0.1488421272868257,0.8487401670427659,0.12632829197642106,0.1488421272868257,0.8487401670427659,0.12632829197642106,0.1488421272868257,0.8487401670427659,0.12632829197642106,0.1488421272868257,0.8487401670427659,0.12632829197642106,0.14086757246173062,0.8222769493572916,0.11583215774719907,0.14086757246173062,0.8222769493572916,0.11583215774719907,0.14086757246173062,0.8222769493572916,0.11583215774719907,0.11732385665239799,0.7787814430672586,0.0913696423899707,0.11732385665239799,0.7787814430672586,0.0913696423899707,0.11732385665239799,0.7787814430672586,0.0913696423899707,0.05980636433717432,0.7190432879721648,0.04300336485466304,0.05980636433717432,0.7190432879721648,0.04300336485466304,0.05980636433717432,0.7190432879721648,0.04300336485466304
5832.912912912913,0.14921427820948283,0.8485244350349617,0.126611961116851,0.14921427820948283,0.8485244350349617,0.126611961116851,0.14921427820948283,0.8485244350349617,0.126611961116851,0.14921427820948283,0.8485244350349617,0.126611961116851,0.14921427820948283,0.8485244350349617,0.126611961116851,0.14921427820948283,0.8485244350349617,0.126611961116851,0.14045891560957638,0.8220214898940461,0.11546024707828606,0.14045891560957638,0.8220214898940461,0.11546024707828606,0.14045891560957638,0.8220214898940461,0.11546024707828606,0.11658671155130199,0.7785310992530142,0.09076638070232923,0.11658671155130199,0.7785310992530142,0.09076638070232923,0.11658671155130199,0.7785310992530142,0.09076638070232923,0.05930123099956941,0.7188248229195651,0.042627196872177704,0.05930123099956941,0.7188248229195651,0.042627196872177704,0.05930123099956941,0.7188248229195651,0.042627196872177704
5852.922922922923,0.14975892506126234,0.8482968121988737,0.12704001872779885,0.14975892506126234,0.8482968121988737,0.12704001872779885,0.14975892506126234,0.8482968121988737,0.12704001872779885,0.14975892506126234,0.8482968121988737,0.12704001872779885,0.14975892506126234,0.8482968121988737,0.12704001872779885,0.14975892506126234,0.8482968121988737,0.12704001872779885,0.13982157387055774,0.8217608702594732,0.11489989822491875,0.13982157387055774,0.8217608702594732,0.11489989822491875,0.13982157387055774,0.8217608702594732,0.11489989822491875,0.11593548296836481,0.7782789953474185,0.09023015120973671,0.11593548296836481,0.7782789953474185,0.09023015120973671,0.11593548296836481,0.7782789953474185,0.09023015120973671,0.05871324192360133,0.718608561731401,0.04219183833330695,0.05871324192360133,0.718608561731401,0.04219183833330695,0.05871324192360133,0.718608561731401,0.04219183833330695
5872.932932932933,0.15039133345859104,0.8480585141857718,0.12754065079930968,0.15039133345859104,0.8480585141857718,0.12754065079930968,0.15039133345859104,0.8480585141857718,0.12754065079930968,0.15039133345859104,0.8480585141857718,0.12754065079930968,0.15039133345859104,0.8480585141857718,0.12754065079930968,0.15039133345859104,0.8480585141857718,0.12754065079930968,0.13902736692200107,0.8215044436038278,0.1142115997089637,0.13902736692200107,0.8215044436038278,0.1142115997089637,0.13902736692200107,0.8215044436038278,0.1142115997089637,0.11547119594740995,0.7780237655543103,0.08983933468406351,0.11547119594740995,0.7780237655543103,0.08983933468406351,0.11547119594740995,0.7780237655543103,0.08983933468406351,0.058163977334599194,0.7183942433589097,0.04178466648803416,0.058163977334599194,0.7183942433589097,0.04178466648803416,0.058163977334599194,0.7183942433589097,0.04178466648803416
5892.942942942944,0.15103014033064543,0.8478229993227426,0.12804682656326252,0.15103014033064543,0.8478229993227426,0.12804682656326252,0.15103014033064543,0.8478229993227426,0.12804682656326252,0.15103014033064543,0.8478229993227426,0.12804682656326252,0.15103014033064543,0.8478229993227426,0.12804682656326252,0.15103014033064543,0.8478229993227426,0.12804682656326252,0.13824579729331649,0.8212556261515929,0.11353513881894882,0.13824579729331649,0.8212556261515929,0.11353513881894882,0.13824579729331649,0.8212556261515929,0.11353513881894882,0.11522964966061013,0.7777688876568462,0.08962203644162081,0.11522964966061013,0.7777688876568462,0.08962203644162081,0.11522964966061013,0.7777688876568462,0.08962203644162081,0.05775572228097384,0.7181815320559121,0.041479093112745564,0.05775572228097384,0.7181815320559121,0.041479093112745564,0.05775572228097384,0.7181815320559121,0.041479093112745564
5912.952952952954,0.15164402045014927,0.847599025888717,0.12853332401539522,0.15164402045014927,0.847599025888717,0.12853332401539522,0.15164402045014927,0.847599025888717,0.12853332401539522,0.15164402045014927,0.847599025888717,0.12853332401539522,0.15164402045014927,0.847599025888717,0.12853332401539522,0.15164402045014927,0.847599025888717,0.12853332401539522,0.13757622672031303,0.8210132644079321,0.11295190700456997,0.13757622672031303,0.8210132644079321,0.11295190700456997,0.13757622672031303,0.8210132644079321,0.11295190700456997,0.1151953203853503,0.7775173863535654,0.08956636442617916,0.1151953203853503,0.7775173863535654,0.08956636442617916,0.1151953203853503,0.7775173863535654,0.08956636442617916,0.05753483652093776,0.7179703827392013,0.04130830859777506,0.05753483652093776,0.7179703827392013,0.04130830859777506,0.05753483652093776,0.7179703827392013,0.04130830859777506
5932.9629629629635,0.1522170232577226,0.847387173810397,0.12898675314419303,0.1522170232577226,0.847387173810397,0.12898675314419303,0.1522170232577226,0.847387173810397,0.12898675314419303,0.1522170232577226,0.847387173810397,0.12898675314419303,0.1522170232577226,0.847387173810397,0.12898675314419303,0.1522170232577226,0.847387173810397,0.12898675314419303,0.1370647419156765,0.820773021344547,0.11249904234194037,0.1370647419156765,0.820773021344547,0.11249904234194037,0.1370647419156765,0.820773021344547,0.11249904234194037,0.11533829329327584,0.7772688006131789,0.08964885689283557,0.11533829329327584,0.7772688006131789,0.08964885689283557,0.11533829329327584,0.7772688006131789,0.08964885689283557,0.057460807438440446,0.71776050755271,0.04124309831140355,0.057460807438440446,0.71776050755271,0.04124309831140355,0.057460807438440446,0.71776050755271,0.04124309831140355
5952.972972972974,0.15269663084125526,0.8471840728030466,0.12936215361939793,0.15269663084125526,0.8471840728030466,0.12936215361939793,0.15269663084125526,0.8471840728030466,0.12936215361939793,0.15269663084125526,0.8471840728030466,0.12936215361939793,0.15269663084125526,0.8471840728030466,0.12936215361939793,0.15269663084125526,0.8471840728030466,0.12936215361939793,0.13676489279809714,0.8205277588492794,0.1122193909768846,0.13676489279809714,0.8205277588492794,0.1122193909768846,0.13676489279809714,0.8205277588492794,0.1122193909768846,0.11559501681562061,0.7770200498347904,0.08981964572672696,0.11559501681562061,0.7770200498347904,0.08981964572672696,0.11559501681562061,0.7770200498347904,0.08981964572672696,0.05741174719586612,0.7175515189233592,0.041195886404437644,0.05741174719586612,0.7175515189233592,0.041195886404437644,0.05741174719586612,0.7175515189233592,0.041195886404437644
5972.982982982984,0.15301353494000178,0.8469849842146384,0.12960016647578343,0.15301353494000178,0.8469849842146384,0.12960016647578343,0.15301353494000178,0.8469849842146384,0.12960016647578343,0.15301353494000178,0.8469849842146384,0.12960016647578343,0.15301353494000178,0.8469849842146384,0.12960016647578343,0.15301353494000178,0.8469849842146384,0.12960016647578343,0.13671648069227327,0.8202722110573492,0.11214472990543038,0.13671648069227327,0.8202722110573492,0.11214472990543038,0.13671648069227327,0.8202722110573492,0.11214472990543038,0.11588225009357801,0.7767681613560427,0.09001364233898969,0.11588225009357801,0.7767681613560427,0.09001364233898969,0.11588225009357801,0.7767681613560427,0.09001364233898969,0.05725179511355938,0.7173432931855179,0.04106919124754323,0.05725179511355938,0.7173432931855179,0.04106919124754323,0.05725179511355938,0.7173432931855179,0.04106919124754323
5992.992992992994,0.15314135276895496,0.8467824809728112,0.12967741463722818,0.15314135276895496,0.8467824809728112,0.12967741463722818,0.15314135276895496,0.8467824809728112,0.12967741463722818,0.15314135276895496,0.8467824809728112,0.12967741463722818,0.15314135276895496,0.8467824809728112,0.12967741463722818,0.15314135276895496,0.8467824809728112,0.12967741463722818,0.13688931758450884,0.8200095525445875,0.11225054806060702,0.13688931758450884,0.8200095525445875,0.11225054806060702,0.13688931758450884,0.8200095525445875,0.11225054806060702,0.11611587069722613,0.7765134209917022,0.09016553198653321,0.11611587069722613,0.7765134209917022,0.09016553198653321,0.11611587069722613,0.7765134209917022,0.09016553198653321,0.056910757897902176,0.7171356035607764,0.0408127307142133,0.056910757897902176,0.7171356035607764,0.0408127307142133,0.056910757897902176,0.7171356035607764,0.0408127307142133
6013.003003003004,0.1530828041863087,0.8465701587760491,0.1295953338458862,0.1530828041863087,0.8465701587760491,0.1295953338458862,0.1530828041863087,0.8465701587760491,0.1295953338458862,0.1530828041863087,0.8465701587760491,0.1295953338458862,0.1530828041863087,0.8465701587760491,0.1295953338458862,0.1530828041863087,0.8465701587760491,0.1295953338458862,0.1372088174550613,0.819748336423172,0.11247669985137719,0.1372088174550613,0.819748336423172,0.11247669985137719,0.1372088174550613,0.819748336423172,0.11247669985137719,0.11618430672050754,0.776258429177617,0.09018904742995164,0.11618430672050754,0.776258429177617,0.09018904742995164,0.11618430672050754,0.776258429177617,0.09018904742995164,0.05641255592707568,0.7169279762490948,0.040443739555837244,0.05641255592707568,0.7169279762490948,0.040443739555837244,0.05641255592707568,0.7169279762490948,0.040443739555837244
6033.013013013014,0.15283948086174043,0.8463448019148598,0.12935490015469972,0.15283948086174043,0.8463448019148598,0.12935490015469972,0.15283948086174043,0.8463448019148598,0.12935490015469972,0.15283948086174043,0.8463448019148598,0.12935490015469972,0.15283948086174043,0.8463448019148598,0.12935490015469972,0.15283948086174043,0.8463448019148598,0.12935490015469972,0.13762424138425797,0.8194929763538594,0.11278209919042756,0.13762424138425797,0.8194929763538594,0.11278209919042756,0.13762424138425797,0.8194929763538594,0.11278209919042756,0.11600310406816161,0.7760043541402133,0.0900189138506737,0.11600310406816161,0.7760043541402133,0.0900189138506737,0.11600310406816161,0.7760043541402133,0.0900189138506737,0.05584853769261243,0.7167204095688098,0.040027786808868294,0.05584853769261243,0.7167204095688098,0.040027786808868294,0.05584853769261243,0.7167204095688098,0.040027786808868294
6053.023023023023,0.15239306354749274,0.8461110984981635,0.1289414624016695,0.15239306354749274,0.8461110984981635,0.1289414624016695,0.15239306354749274,0.8461110984981635,0.1289414624016695,0.15239306354749274,0.8461110984981635,0.1289414624016695,0.15239306354749274,0.8461110984981635,0.1289414624016695,0.15239306354749274,0.8461110984981635,0.1289414624016695,0.1381001046762425,0.8192430286374652,0.11313754801011588,0.1381001046762425,0.8192430286374652,0.11313754801011588,0.1381001046762425,0.8192430286374652,0.11313754801011588,0.11556848462098059,0.7757503704709294,0.0896522947594896,0.11556848462098059,0.7757503704709294,0.0896522947594896,0.11556848462098059,0.7757503704709294,0.0896522947594896,0.055330978166101365,0.7165133525306285,0.0396453846645923,0.055330978166101365,0.7165133525306285,0.0396453846645923,0.055330978166101365,0.7165133525306285,0.0396453846645923
6073.033033033034,0.15171037588192496,0.8458811261819649,0.12832894360449187,0.15171037588192496,0.8458811261819649,0.12832894360449187,0.15171037588192496,0.8458811261819649,0.12832894360449187,0.15171037588192496,0.8458811261819649,0.12832894360449187,0.15171037588192496,0.8458811261819649,0.12832894360449187,0.15171037588192496,0.8458811261819649,0.12832894360449187,0.13857206146895637,0.8189958492148154,0.11348994316021552,0.13857206146895637,0.8189958492148154,0.11348994316021552,0.13857206146895637,0.8189958492148154,0.11348994316021552,0.1149398939093486,0.7754954542387898,0.0891353652373886,0.1149398939093486,0.7754954542387898,0.0891353652373886,0.1149398939093486,0.7754954542387898,0.0891353652373886,0.054952080030895134,0.7163068837491596,0.039362553202464914,0.054952080030895134,0.7163068837491596,0.039362553202464914,0.054952080030895134,0.7163068837491596,0.039362553202464914
6093.043043043044,0.15089579517769322,0.8456606152931191,0.12760663099511252,0.15089579517769322,0.8456606152931191,0.12760663099511252,0.15089579517769322,0.8456606152931191,0.12760663099511252,0.15089579517769322,0.8456606152931191,0.12760663099511252,0.15089579517769322,0.8456606152931191,0.12760663099511252,0.15089579517769322,0.8456606152931191,0.12760663099511252,0.13896662825023298,0.8187486625366274,0.11377874101710295,0.13896662825023298,0.8187486625366274,0.11377874101710295,0.13896662825023298,0.8187486625366274,0.11377874101710295,0.1142337338084115,0.775239798643651,0.08855853679594536,0.1142337338084115,0.775239798643651,0.08855853679594536,0.1142337338084115,0.775239798643651,0.08855853679594536,0.05474725365321471,0.7161008200175052,0.039204553234773405,0.05474725365321471,0.7161008200175052,0.039204553234773405,0.05474725365321471,0.7161008200175052,0.039204553234773405
6113.053053053053,0.15011824917864092,0.845449179737792,0.12691735063175544,0.15011824917864092,0.845449179737792,0.12691735063175544,0.15011824917864092,0.845449179737792,0.12691735063175544,0.15011824917864092,0.845449179737792,0.12691735063175544,0.15011824917864092,0.845449179737792,0.12691735063175544,0.15011824917864092,0.845449179737792,0.12691735063175544,0.13923997216193978,0.8184990882892922,0.11396779026797414,0.13923997216193978,0.8184990882892922,0.11396779026797414,0.13923997216193978,0.8184990882892922,0.11396779026797414,0.11358556531321783,0.774985067357151,0.08802711698506419,0.11358556531321783,0.774985067357151,0.08802711698506419,0.11358556531321783,0.774985067357151,0.08802711698506419,0.05466649774722221,0.7158955388311766,0.039135501860760945,0.05466649774722221,0.7158955388311766,0.039135501860760945,0.05466649774722221,0.7158955388311766,0.039135501860760945
6133.063063063063,0.14943449860675284,0.8452415487094863,0.12630824703299734,0.14943449860675284,0.8452415487094863,0.12630824703299734,0.14943449860675284,0.8452415487094863,0.12630824703299734,0.14943449860675284,0.8452415487094863,0.12630824703299734,0.14943449860675284,0.8452415487094863,0.12630824703299734,0.14943449860675284,0.8452415487094863,0.12630824703299734,0.1393674115479012,0.8182474901894783,0.11403703471327427,0.1393674115479012,0.8182474901894783,0.11403703471327427,0.1393674115479012,0.8182474901894783,0.11403703471327427,0.11308324925443258,0.7747323001360966,0.08760924580175009,0.11308324925443258,0.7747323001360966,0.08760924580175009,0.11308324925443258,0.7747323001360966,0.08760924580175009,0.05459055006588115,0.7156916579640195,0.03907000128581829,0.05459055006588115,0.7156916579640195,0.03907000128581829,0.05459055006588115,0.7156916579640195,0.03907000128581829
6153.073073073073,0.14886454735436144,0.8450313514318061,0.12579520963114013,0.14886454735436144,0.8450313514318061,0.12579520963114013,0.14886454735436144,0.8450313514318061,0.12579520963114013,0.14886454735436144,0.8450313514318061,0.12579520963114013,0.14886454735436144,0.8450313514318061,0.12579520963114013,0.14886454735436144,0.8450313514318061,0.12579520963114013,0.1392903537068448,0.8179989998436347,0.11393937002006517,0.1392903537068448,0.8179989998436347,0.11393937002006517,0.1392903537068448,0.8179989998436347,0.11393937002006517,0.11276947588840192,0.7744806717020585,0.0873377794335386,0.11276947588840192,0.7744806717020585,0.0873377794335386,0.11276947588840192,0.7744806717020585,0.0873377794335386,0.05440011045691125,0.7154892713896919,0.03892269539433419,0.05440011045691125,0.7154892713896919,0.03892269539433419,0.05440011045691125,0.7154892713896919,0.03892269539433419
6173.083083083083,0.1484522124989418,0.8448144380998874,0.1254145724869786,0.1484522124989418,0.8448144380998874,0.1254145724869786,0.1484522124989418,0.8448144380998874,0.1254145724869786,0.1484522124989418,0.8448144380998874,0.1254145724869786,0.1484522124989418,0.8448144380998874,0.1254145724869786,0.1484522124989418,0.8448144380998874,0.1254145724869786,0.13896204002143284,0.81775701999698,0.11363718374062799,0.13896204002143284,0.81775701999698,0.11363718374062799,0.13896204002143284,0.81775701999698,0.11363718374062799,0.11265978032760744,0.774229068198092,0.08722447674644525,0.11265978032760744,0.774229068198092,0.08722447674644525,0.11265978032760744,0.774229068198092,0.08722447674644525,0.05404262020091208,0.715288269333169,0.03865605227374016,0.05404262020091208,0.715288269333169,0.03865605227374016,0.05404262020091208,0.715288269333169,0.03865605227374016
6193.093093093093,0.14826137252362,0.8445881700975489,0.12521980131587523,0.14826137252362,0.8445881700975489,0.12521980131587523,0.14826137252362,0.8445881700975489,0.12521980131587523,0.14826137252362,0.8445881700975489,0.12521980131587523,0.14826137252362,0.8445881700975489,0.12521980131587523,0.14826137252362,0.8445881700975489,0.12521980131587523,0.1384398297201464,0.8175205334610939,0.11317740344507708,0.1384398297201464,0.8175205334610939,0.11317740344507708,0.1384398297201464,0.8175205334610939,0.11317740344507708,0.11272705851044437,0.7739781694106986,0.08724828238896645,0.11272705851044437,0.7739781694106986,0.08724828238896645,0.11272705851044437,0.7739781694106986,0.08724828238896645,0.05354956741808273,0.7150888863682138,0.03829270053049636,0.05354956741808273,0.7150888863682138,0.03829270053049636,0.05354956741808273,0.7150888863682138,0.03829270053049636
6213.103103103103,0.14832478972178803,0.8443524742050875,0.12523840318754106,0.14832478972178803,0.8443524742050875,0.12523840318754106,0.14832478972178803,0.8443524742050875,0.12523840318754106,0.14832478972178803,0.8443524742050875,0.12523840318754106,0.14832478972178803,0.8443524742050875,0.12523840318754106,0.14832478972178803,0.8443524742050875,0.12523840318754106,0.1377940238339744,0.8172852244816151,0.11261701970137479,0.1377940238339744,0.8172852244816151,0.11261701970137479,0.1377940238339744,0.8172852244816151,0.11261701970137479,0.11292060816592904,0.7737300579365334,0.08737006869845286,0.11292060816592904,0.7737300579365334,0.08737006869845286,0.11292060816592904,0.7737300579365334,0.08737006869845286,0.05300908009161033,0.7148912325903248,0.03789572660517056,0.05300908009161033,0.7148912325903248,0.03789572660517056,0.05300908009161033,0.7148912325903248,0.03789572660517056
6233.113113113113,0.1485930994073711,0.844113618633542,0.1254294588447296,0.1485930994073711,0.844113618633542,0.1254294588447296,0.1485930994073711,0.844113618633542,0.1254294588447296,0.1485930994073711,0.844113618633542,0.1254294588447296,0.1485930994073711,0.844113618633542,0.1254294588447296,0.1485930994073711,0.844113618633542,0.1254294588447296,0.1370777532852263,0.8170485797088,0.11199918363136745,0.1370777532852263,0.8170485797088,0.11199918363136745,0.1370777532852263,0.8170485797088,0.11199918363136745,0.11317979608113325,0.7734863114329678,0.08754302299953122,0.11317979608113325,0.7734863114329678,0.08754302299953122,0.11317979608113325,0.7734863114329678,0.08754302299953122,0.05252517303823012,0.7146949941632441,0.03753947823798126,0.05252517303823012,0.7146949941632441,0.03753947823798126,0.05252517303823012,0.7146949941632441,0.03753947823798126
6253.123123123123,0.14898708131064034,0.8438787602683647,0.12572703347242523,0.14898708131064034,0.8438787602683647,0.12572703347242523,0.14898708131064034,0.8438787602683647,0.12572703347242523,0.14898708131064034,0.8438787602683647,0.12572703347242523,0.14898708131064034,0.8438787602683647,0.12572703347242523,0.14898708131064034,0.8438787602683647,0.12572703347242523,0.13637463063682095,0.8168112021791517,0.11139232599719949,0.13637463063682095,0.8168112021791517,0.11139232599719949,0.13637463063682095,0.8168112021791517,0.11139232599719949,0.11340982471919837,0.773246064183128,0.08769370060381856,0.11340982471919837,0.773246064183128,0.08769370060381856,0.11340982471919837,0.773246064183128,0.08769370060381856,0.05218003358493921,0.7144999527275895,0.0372826315297631,0.05218003358493921,0.7144999527275895,0.0372826315297631,0.05218003358493921,0.7144999527275895,0.0372826315297631
6273.133133133133,0.14946232696041767,0.8436517301719566,0.12609415073568303,0.14946232696041767,0.8436517301719566,0.12609415073568303,0.14946232696041767,0.8436517301719566,0.12609415073568303,0.14946232696041767,0.8436517301719566,0.12609415073568303,0.14946232696041767,0.8436517301719566,0.12609415073568303,0.14946232696041767,0.8436517301719566,0.12609415073568303,0.1358057999814879,0.8165746950312743,0.11089557970336172,0.1358057999814879,0.8165746950312743,0.11089557970336172,0.1358057999814879,0.8165746950312743,0.11089557970336172,0.11350841603716855,0.7730067943613029,0.08774277681392077,0.11350841603716855,0.7730067943613029,0.08774277681392077,0.11350841603716855,0.7730067943613029,0.08774277681392077,0.051996745409891,0.7143060876815132,0.037141591785910914,0.051996745409891,0.7143060876815132,0.037141591785910914,0.051996745409891,0.7143060876815132,0.037141591785910914
6293.143143143143,0.14999780126480228,0.8434307527741732,0.126512758435243,0.14999780126480228,0.8434307527741732,0.126512758435243,0.14999780126480228,0.8434307527741732,0.126512758435243,0.14999780126480228,0.8434307527741732,0.126512758435243,0.14999780126480228,0.8434307527741732,0.126512758435243,0.14999780126480228,0.8434307527741732,0.126512758435243,0.13545015383561756,0.8163425449027619,0.11057372328963865,0.13545015383561756,0.8163425449027619,0.11057372328963865,0.13545015383561756,0.8163425449027619,0.11057372328963865,0.11339332666373941,0.7727672743019587,0.08762665196996952,0.11339332666373941,0.7727672743019587,0.08762665196996952,0.11339332666373941,0.7727672743019587,0.08762665196996952,0.05191602993740035,0.714113057247059,0.037073914858726804,0.05191602993740035,0.714113057247059,0.037073914858726804,0.05191602993740035,0.714113057247059,0.037073914858726804
6313.153153153153,0.15055455086751887,0.8432091616175266,0.12694897661470383,0.15055455086751887,0.8432091616175266,0.12694897661470383,0.15055455086751887,0.8432091616175266,0.12694897661470383,0.15055455086751887,0.8432091616175266,0.12694897661470383,0.15055455086751887,0.8432091616175266,0.12694897661470383,0.15055455086751887,0.8432091616175266,0.12694897661470383,0.13529996471877193,0.816117224549541,0.11042063168793496,0.13529996471877193,0.816117224549541,0.11042063168793496,0.13529996471877193,0.816117224549541,0.11042063168793496,0.11302695944557456,0.7725288585901458,0.08731658797040441,0.11302695944557456,0.7725288585901458,0.08731658797040441,0.11302695944557456,0.7725288585901458,0.08731658797040441,0.051822401486953974,0.7139203954843938,0.036997069364517216,0.051822401486953974,0.7139203954843938,0.036997069364517216,0.051822401486953974,0.7139203954843938,0.036997069364517216
6333.1631631631635,0.15107366055547616,0.8429832441061119,0.12735256447404086,0.15107366055547616,0.8429832441061119,0.12735256447404086,0.15107366055547616,0.8429832441061119,0.12735256447404086,0.15107366055547616,0.8429832441061119,0.12735256447404086,0.15107366055547616,0.8429832441061119,0.12735256447404086,0.15107366055547616,0.8429832441061119,0.12735256447404086,0.13532708735196824,0.8158975631869205,0.11041304080365442,0.13532708735196824,0.8158975631869205,0.11041304080365442,0.13532708735196824,0.8158975631869205,0.11041304080365442,0.11245913259608016,0.7722935828563909,0.0868514664375487,0.11245913259608016,0.7722935828563909,0.0868514664375487,0.11245913259608016,0.7722935828563909,0.0868514664375487,0.05161149047851838,0.7137280805559179,0.03683657003386295,0.05161149047851838,0.7137280805559179,0.03683657003386295,0.05161149047851838,0.7137280805559179,0.03683657003386295
6353.173173173173,0.15150631941593481,0.8427536467843965,0.12768250319866067,0.15150631941593481,0.8427536467843965,0.12768250319866067,0.15150631941593481,0.8427536467843965,0.12768250319866067,0.15150631941593481,0.8427536467843965,0.12768250319866067,0.15150631941593481,0.8427536467843965,0.12768250319866067,0.15150631941593481,0.8427536467843965,0.12768250319866067,0.13551663240660472,0.8156778442875083,0.11053791458652203,0.13551663240660472,0.8156778442875083,0.11053791458652203,0.13551663240660472,0.8156778442875083,0.11053791458652203,0.11180115236167336,0.7720618586669017,0.086317405493455,0.11180115236167336,0.7720618586669017,0.086317405493455,0.11180115236167336,0.7720618586669017,0.086317405493455,0.05124502992742574,0.7135362437925954,0.0365651861674545,0.05124502992742574,0.7135362437925954,0.0365651861674545,0.05124502992742574,0.7135362437925954,0.0365651861674545
6373.183183183183,0.1518302231693478,0.8425212517894269,0.12792018968410696,0.1518302231693478,0.8425212517894269,0.12792018968410696,0.1518302231693478,0.8425212517894269,0.12792018968410696,0.1518302231693478,0.8425212517894269,0.12792018968410696,0.1518302231693478,0.8425212517894269,0.12792018968410696,0.1518302231693478,0.8425212517894269,0.12792018968410696,0.1358345467547697,0.8154528685435327,0.11076667079848755,0.1358345467547697,0.8154528685435327,0.11076667079848755,0.1358345467547697,0.8154528685435327,0.11076667079848755,0.11116129224075262,0.771831672579834,0.08579780611631582,0.11116129224075262,0.771831672579834,0.08579780611631582,0.11116129224075262,0.771831672579834,0.08579780611631582,0.050759501464503816,0.7133446747483844,0.03620902006258662,0.050759501464503816,0.7133446747483844,0.03620902006258662,0.050759501464503816,0.7133446747483844,0.03620902006258662
6393.193193193193,0.15203328680829592,0.8422881591327789,0.12805583727266537,0.15203328680829592,0.8422881591327789,0.12805583727266537,0.15203328680829592,0.8422881591327789,0.12805583727266537,0.15203328680829592,0.8422881591327789,0.12805583727266537,0.15203328680829592,0.8422881591327789,0.12805583727266537,0.15203328680829592,0.8422881591327789,0.12805583727266537,0.13621797717161518,0.8152232499379999,0.11104806204982441,0.13621797717161518,0.8152232499379999,0.11104806204982441,0.13621797717161518,0.8152232499379999,0.11104806204982441,0.11063075708385522,0.7716003639366615,0.08536273242849109,0.11063075708385522,0.7716003639366615,0.08536273242849109,0.11063075708385522,0.7716003639366615,0.08536273242849109,0.05023989839681472,0.7131532342468384,0.03582874602992097,0.05023989839681472,0.7131532342468384,0.03582874602992097,0.05023989839681472,0.7131532342468384,0.03582874602992097
6413.203203203204,0.15207029331351885,0.8420589654382994,0.12805215386148042,0.15207029331351885,0.8420589654382994,0.12805215386148042,0.15207029331351885,0.8420589654382994,0.12805215386148042,0.15207029331351885,0.8420589654382994,0.12805215386148042,0.15207029331351885,0.8420589654382994,0.12805215386148042,0.15207029331351885,0.8420589654382994,0.12805215386148042,0.13660864680859308,0.814992234154087,0.11133498626730186,0.13660864680859308,0.814992234154087,0.11133498626730186,0.13660864680859308,0.814992234154087,0.11133498626730186,0.11027208832711227,0.7713675649982235,0.08506031226015362,0.11027208832711227,0.7713675649982235,0.08506031226015362,0.11027208832711227,0.7713675649982235,0.08506031226015362,0.049783519649217206,0.7129622524120052,0.03549377030210322,0.049783519649217206,0.7129622524120052,0.03549377030210322,0.049783519649217206,0.7129622524120052,0.03549377030210322
6433.213213213214,0.15186842312662452,0.8418360775063152,0.12784831762198695,0.15186842312662452,0.8418360775063152,0.12784831762198695,0.15186842312662452,0.8418360775063152,0.12784831762198695,0.15186842312662452,0.8418360775063152,0.12784831762198695,0.15186842312662452,0.8418360775063152,0.12784831762198695,0.15186842312662452,0.8418360775063152,0.12784831762198695,0.13697193981059558,0.8147632653813427,0.11159970494569758,0.13697193981059558,0.8147632653813427,0.11159970494569758,0.13697193981059558,0.8147632653813427,0.11159970494569758,0.11009944378437647,0.7711349166458498,0.08490152540541958,0.11009944378437647,0.7711349166458498,0.08490152540541958,0.11009944378437647,0.7711349166458498,0.08490152540541958,0.049463828394185644,0.7127720862166619,0.035256436156786655,0.049463828394185644,0.7127720862166619,0.035256436156786655,0.049463828394185644,0.7127720862166619,0.035256436156786655
6453.223223223224,0.15146189784303626,0.8416208106117735,0.12747348523945382,0.15146189784303626,0.8416208106117735,0.12747348523945382,0.15146189784303626,0.8416208106117735,0.12747348523945382,0.15146189784303626,0.8416208106117735,0.12747348523945382,0.15146189784303626,0.8416208106117735,0.12747348523945382,0.15146189784303626,0.8416208106117735,0.12747348523945382,0.13725938026294848,0.814538955050775,0.11180311217029902,0.13725938026294848,0.814538955050775,0.11180311217029902,0.13725938026294848,0.814538955050775,0.11180311217029902,0.11009929515701408,0.7709036176199606,0.08487594493394997,0.11009929515701408,0.7709036176199606,0.08487594493394997,0.11009929515701408,0.7709036176199606,0.08487594493394997,0.04929284193556544,0.7125827994735872,0.03512523130045426,0.04929284193556544,0.7125827994735872,0.03512523130045426,0.04929284193556544,0.7125827994735872,0.03512523130045426
6473.233233233234,0.15092933375550566,0.8414076263430158,0.12699309246075283,0.15092933375550566,0.8414076263430158,0.12699309246075283,0.15092933375550566,0.8414076263430158,0.12699309246075283,0.15092933375550566,0.8414076263430158,0.12699309246075283,0.15092933375550566,0.8414076263430158,0.12699309246075283,0.15092933375550566,0.8414076263430158,0.12699309246075283,0.13739555683956325,0.8143193952257587,0.1118838667522995,0.13739555683956325,0.8143193952257587,0.1118838667522995,0.13739555683956325,0.8143193952257587,0.1118838667522995,0.11024081431255223,0.7706730476529133,0.08495962434199353,0.11024081431255223,0.7706730476529133,0.08495962434199353,0.11024081431255223,0.7706730476529133,0.08495962434199353,0.04920516709298509,0.7123945108159303,0.035053490940823225,0.04920516709298509,0.7123945108159303,0.035053490940823225,0.04920516709298509,0.7123945108159303,0.035053490940823225
6493.243243243244,0.15030686379520775,0.8411893589226954,0.12643653439757171,0.15030686379520775,0.8411893589226954,0.12643653439757171,0.15030686379520775,0.8411893589226954,0.12643653439757171,0.15030686379520775,0.8411893589226954,0.12643653439757171,0.15030686379520775,0.8411893589226954,0.12643653439757171,0.15030686379520775,0.8411893589226954,0.12643653439757171,0.13735021694542918,0.8141005740817452,0.11181689046552613,0.13735021694542918,0.8141005740817452,0.11181689046552613,0.13735021694542918,0.8141005740817452,0.11181689046552613,0.11046083996914707,0.7704413451836345,0.08510359813594386,0.11046083996914707,0.7704413451836345,0.08510359813594386,0.11046083996914707,0.7704413451836345,0.08510359813594386,0.049091533094540216,0.712207491401179,0.034963357634300446,0.049091533094540216,0.712207491401179,0.034963357634300446,0.049091533094540216,0.712207491401179,0.034963357634300446
6513.253253253254,0.14960732764061904,0.840965658302326,0.12581462477614497,0.14960732764061904,0.840965658302326,0.12581462477614497,0.14960732764061904,0.840965658302326,0.12581462477614497,0.14960732764061904,0.840965658302326,0.12581462477614497,0.14960732764061904,0.840965658302326,0.12581462477614497,0.14960732764061904,0.840965658302326,0.12581462477614497,0.13712688952438817,0.8138758915142765,0.11160426946224113,0.13712688952438817,0.8138758915142765,0.11160426946224113,0.13712688952438817,0.8138758915142765,0.11160426946224113,0.11067968613092881,0.7702074772228288,0.08524632183471718,0.11067968613092881,0.7702074772228288,0.08524632183471718,0.11067968613092881,0.7702074772228288,0.08524632183471718,0.048862182833908745,0.7120218538879536,0.03479094200641185,0.048862182833908745,0.7120218538879536,0.03479094200641185,0.048862182833908745,0.7120218538879536,0.03479094200641185
6533.263263263264,0.1488728622259137,0.8407419379513775,0.12516365869618312,0.1488728622259137,0.8407419379513775,0.12516365869618312,0.1488728622259137,0.8407419379513775,0.12516365869618312,0.1488728622259137,0.8407419379513775,0.12516365869618312,0.1488728622259137,0.8407419379513775,0.12516365869618312,0.1488728622259137,0.8407419379513775,0.12516365869618312,0.13671345887843045,0.8136436826229801,0.1112360421459715,0.13671345887843045,0.8136436826229801,0.1112360421459715,0.13671345887843045,0.8136436826229801,0.1112360421459715,0.1108005604060514,0.7699727381744642,0.08531341088711251,0.1108005604060514,0.7699727381744642,0.08531341088711251,0.1108005604060514,0.7699727381744642,0.08531341088711251,0.04849059054354243,0.7118375897097362,0.03451742509611697,0.04849059054354243,0.7118375897097362,0.03451742509611697,0.04849059054354243,0.7118375897097362,0.03451742509611697
6553.273273273274,0.14821566099555822,0.8405221679426912,0.12457854870304556,0.14821566099555822,0.8405221679426912,0.12457854870304556,0.14821566099555822,0.8405221679426912,0.12457854870304556,0.14821566099555822,0.8405221679426912,0.12457854870304556,0.14821566099555822,0.8405221679426912,0.12457854870304556,0.14821566099555822,0.8405221679426912,0.12457854870304556,0.13611117014757998,0.8134080168777883,0.11071391698465825,0.13611117014757998,0.8134080168777883,0.11071391698465825,0.13611117014757998,0.8134080168777883,0.11071391698465825,0.11072564659285918,0.769738888761699,0.08522983616580802,0.11072564659285918,0.769738888761699,0.08522983616580802,0.11072564659285918,0.769738888761699,0.08522983616580802,0.04801647019645839,0.7116547399689239,0.03417114861188618,0.04801647019645839,0.7116547399689239,0.03417114861188618,0.04801647019645839,0.7116547399689239,0.03417114861188618
6573.283283283285,0.1477542494139613,0.840309256552254,0.12415926347748214,0.1477542494139613,0.840309256552254,0.12415926347748214,0.1477542494139613,0.840309256552254,0.12415926347748214,0.1477542494139613,0.840309256552254,0.12415926347748214,0.1477542494139613,0.840309256552254,0.12415926347748214,0.1477542494139613,0.840309256552254,0.12415926347748214,0.13540792578701677,0.813173028663107,0.11011007311721766,0.13540792578701677,0.813173028663107,0.11011007311721766,0.13540792578701677,0.813173028663107,0.11011007311721766,0.11041960093722764,0.7695062198834407,0.08496856971824407,0.11041960093722764,0.7695062198834407,0.08496856971824407,0.11041960093722764,0.7695062198834407,0.08496856971824407,0.047520833011607415,0.7114731761585757,0.033809797996469625,0.047520833011607415,0.7114731761585757,0.033809797996469625,0.047520833011607415,0.7114731761585757,0.033809797996469625
6593.2932932932945,0.14750824900266662,0.8401041664701104,0.12392229457585074,0.14750824900266662,0.8401041664701104,0.12392229457585074,0.14750824900266662,0.8401041664701104,0.12392229457585074,0.14750824900266662,0.8401041664701104,0.12392229457585074,0.14750824900266662,0.8401041664701104,0.12392229457585074,0.14750824900266662,0.8401041664701104,0.12392229457585074,0.13473620405577952,0.8129412309656924,0.10953261558075011,0.13473620405577952,0.8129412309656924,0.10953261558075011,0.13473620405577952,0.8129412309656924,0.10953261558075011,0.10991907275696909,0.769273537666241,0.08455783395674654,0.10991907275696909,0.769273537666241,0.08455783395674654,0.10991907275696909,0.769273537666241,0.08455783395674654,0.04709388995109278,0.7112925555626394,0.03349753333469849,0.04709388995109278,0.7112925555626394,0.03349753333469849,0.04709388995109278,0.7112925555626394,0.03349753333469849
6613.303303303304,0.14744058668251173,0.8399066990905566,0.1238363364724835,0.14744058668251173,0.8399066990905566,0.1238363364724835,0.14744058668251173,0.8399066990905566,0.1238363364724835,0.14744058668251173,0.8399066990905566,0.1238363364724835,0.14744058668251173,0.8399066990905566,0.1238363364724835,0.14744058668251173,0.8399066990905566,0.1238363364724835,0.13417311240122967,0.8127129894753032,0.10904423128680925,0.13417311240122967,0.8127129894753032,0.10904423128680925,0.13417311240122967,0.8127129894753032,0.10904423128680925,0.10930391345771603,0.7690397067886654,0.0840590495563756,0.10930391345771603,0.7690397067886654,0.0840590495563756,0.10930391345771603,0.7690397067886654,0.0840590495563756,0.04679914814660289,0.7111127261717136,0.033279469821044676,0.04679914814660289,0.7111127261717136,0.033279469821044676,0.04679914814660289,0.7111127261717136,0.033279469821044676
6633.313313313313,0.14753249438933458,0.8397142585258799,0.12388513913461362,0.14753249438933458,0.8397142585258799,0.12388513913461362,0.14753249438933458,0.8397142585258799,0.12388513913461362,0.14753249438933458,0.8397142585258799,0.12388513913461362,0.14753249438933458,0.8397142585258799,0.12388513913461362,0.14753249438933458,0.8397142585258799,0.12388513913461362,0.13375305494944523,0.812486683514641,0.10867257602582629,0.13375305494944523,0.812486683514641,0.10867257602582629,0.13375305494944523,0.812486683514641,0.10867257602582629,0.10867996150431491,0.7688054455712038,0.0835537462289861,0.10867996150431491,0.7688054455712038,0.0835537462289861,0.10867996150431491,0.7688054455712038,0.0835537462289861,0.046637715952911,0.7109337138658463,0.033156324608623444,0.046637715952911,0.7109337138658463,0.033156324608623444,0.046637715952911,0.7109337138658463,0.033156324608623444
6653.323323323323,0.14777871924155603,0.8395185510517568,0.12406297625395549,0.14777871924155603,0.8395185510517568,0.12406297625395549,0.14777871924155603,0.8395185510517568,0.12406297625395549,0.14777871924155603,0.8395185510517568,0.12406297625395549,0.14777871924155603,0.8395185510517568,0.12406297625395549,0.14777871924155603,0.8395185510517568,0.12406297625395549,0.13350987445532086,0.8122577405769977,0.10844442896979756,0.13350987445532086,0.8122577405769977,0.10844442896979756,0.13350987445532086,0.8122577405769977,0.10844442896979756,0.10814334422056984,0.7685730261562834,0.08311605732626398,0.10814334422056984,0.7685730261562834,0.08311605732626398,0.10814334422056984,0.7685730261562834,0.08311605732626398,0.04654016352495215,0.710755265678148,0.03307866629088181,0.04654016352495215,0.710755265678148,0.03307866629088181,0.04654016352495215,0.710755265678148,0.03307866629088181
6673.333333333333,0.14815448344631668,0.8393128067975887,0.12434795534097494,0.14815448344631668,0.8393128067975887,0.12434795534097494,0.14815448344631668,0.8393128067975887,0.12434795534097494,0.14815448344631668,0.8393128067975887,0.12434795534097494,0.14815448344631668,0.8393128067975887,0.12434795534097494,0.14815448344631668,0.8393128067975887,0.12434795534097494,0.13346253817572432,0.8120229968965976,0.10837465022287823,0.13346253817572432,0.8120229968965976,0.10837465022287823,0.13346253817572432,0.8120229968965976,0.10837465022287823,0.10774982779901342,0.7683436937523784,0.08278890069227668,0.10774982779901342,0.7683436937523784,0.08278890069227668,0.10774982779901342,0.7683436937523784,0.08278890069227668,0.04640518313966953,0.7105769884547685,0.03297445528407837,0.04640518313966953,0.7105769884547685,0.03297445528407837,0.04640518313966953,0.7105769884547685,0.03297445528407837
6693.343343343343,0.14860439627387145,0.8390985977092504,0.1246937405268353,0.14860439627387145,0.8390985977092504,0.1246937405268353,0.14860439627387145,0.8390985977092504,0.1246937405268353,0.14860439627387145,0.8390985977092504,0.1246937405268353,0.14860439627387145,0.8390985977092504,0.1246937405268353,0.14860439627387145,0.8390985977092504,0.1246937405268353,0.13358416259054567,0.8117854121851562,0.10844167448997505,0.13358416259054567,0.8117854121851562,0.10844167448997505,0.13358416259054567,0.8117854121851562,0.10844167448997505,0.10752781806918602,0.7681167477692751,0.08259391791002946,0.10752781806918602,0.7681167477692751,0.08259391791002946,0.10752781806918602,0.7681167477692751,0.08259391791002946,0.046156749241018334,0.7103988952219651,0.0327897036678567,0.046156749241018334,0.7103988952219651,0.0327897036678567,0.046156749241018334,0.7103988952219651,0.0327897036678567
6713.353353353354,0.14907008048682774,0.8388841917964075,0.1250525339902179,0.14907008048682774,0.8388841917964075,0.1250525339902179,0.14907008048682774,0.8388841917964075,0.1250525339902179,0.14907008048682774,0.8388841917964075,0.1250525339902179,0.14907008048682774,0.8388841917964075,0.1250525339902179,0.14907008048682774,0.8388841917964075,0.1250525339902179,0.1338224522773932,0.8115500334050293,0.10860361561606138,0.1338224522773932,0.8115500334050293,0.10860361561606138,0.1338224522773932,0.8115500334050293,0.10860361561606138,0.1074809369261588,0.767890603971556,0.08253360157165679,0.1074809369261588,0.767890603971556,0.08253360157165679,0.1074809369261588,0.767890603971556,0.08253360157165679,0.04577873882956671,0.710221250082432,0.03251303311873204,0.04577873882956671,0.710221250082432,0.03251303311873204,0.04577873882956671,0.710221250082432,0.03251303311873204
6733.3633633633635,0.1495198544085839,0.8386754631671194,0.12539863314879934,0.1495198544085839,0.8386754631671194,0.12539863314879934,0.1495198544085839,0.8386754631671194,0.12539863314879934,0.1495198544085839,0.8386754631671194,0.12539863314879934,0.1495198544085839,0.8386754631671194,0.12539863314879934,0.1495198544085839,0.8386754631671194,0.12539863314879934,0.13414091481352403,0.8113195016180021,0.1088311401530912,0.13414091481352403,0.8113195016180021,0.1088311401530912,0.13414091481352403,0.8113195016180021,0.1088311401530912,0.10757981420070692,0.7676646013768204,0.08258521518457808,0.10757981420070692,0.7676646013768204,0.08258521518457808,0.10757981420070692,0.7676646013768204,0.08258521518457808,0.045313564937833194,0.7100440563556598,0.03217462745639468,0.045313564937833194,0.7100440563556598,0.03217462745639468,0.045313564937833194,0.7100440563556598,0.03217462745639468
6753.373373373373,0.1499393755593586,0.8384751977708651,0.12572044757577322,0.1499393755593586,0.8384751977708651,0.12572044757577322,0.1499393755593586,0.8384751977708651,0.12572044757577322,0.1499393755593586,0.8384751977708651,0.12572044757577322,0.1499393755593586,0.8384751977708651,0.12572044757577322,0.1499393755593586,0.8384751977708651,0.12572044757577322,0.1345084596161555,0.8110936145243762,0.10909895269417366,0.1345084596161555,0.8110936145243762,0.10909895269417366,0.1345084596161555,0.8110936145243762,0.10909895269417366,0.10777756119654763,0.7674399446285972,0.08271280559688376,0.10777756119654763,0.7674399446285972,0.08271280559688376,0.10777756119654763,0.7674399446285972,0.08271280559688376,0.04483950801844612,0.7098672200378922,0.03183009690492112,0.04483950801844612,0.7098672200378922,0.03183009690492112,0.04483950801844612,0.7098672200378922,0.03183009690492112
6773.383383383383,0.1502860815818749,0.8382825199670707,0.12598219518443085,0.1502860815818749,0.8382825199670707,0.12598219518443085,0.1502860815818749,0.8382825199670707,0.12598219518443085,0.1502860815818749,0.8382825199670707,0.12598219518443085,0.1502860815818749,0.8382825199670707,0.12598219518443085,0.1502860815818749,0.8382825199670707,0.12598219518443085,0.13486643254553274,0.8108706208542062,0.10935922789058806,0.13486643254553274,0.8108706208542062,0.10935922789058806,0.13486643254553274,0.8108706208542062,0.10935922789058806,0.10800086687363626,0.7672183089012397,0.08286024244265913,0.10800086687363626,0.7672183089012397,0.08286024244265913,0.10800086687363626,0.7672183089012397,0.08286024244265913,0.04444056319359662,0.7096909658149584,0.031539066214224275,0.04444056319359662,0.7096909658149584,0.031539066214224275,0.04444056319359662,0.7096909658149584,0.031539066214224275
6793.393393393393,0.15049321166454369,0.8380959213498468,0.12612774688689324,0.15049321166454369,0.8380959213498468,0.12612774688689324,0.15049321166454369,0.8380959213498468,0.12612774688689324,0.15049321166454369,0.8380959213498468,0.12612774688689324,0.15049321166454369,0.8380959213498468,0.12612774688689324,0.15049321166454369,0.8380959213498468,0.12612774688689324,0.13515343751369346,0.8106474544583449,0.10956179008177058,0.13515343751369346,0.8106474544583449,0.10956179008177058,0.13515343751369346,0.8106474544583449,0.10956179008177058,0.10814687911250503,0.7669998400329127,0.0829486389793501,0.10814687911250503,0.7669998400329127,0.0829486389793501,0.10814687911250503,0.7669998400329127,0.0829486389793501,0.04417045880079582,0.7095156340227585,0.03133963108112278,0.04417045880079582,0.7095156340227585,0.03133963108112278,0.04417045880079582,0.7095156340227585,0.03133963108112278
6813.403403403403,0.15053629433138213,0.8379099702801236,0.12613586190928833,0.15053629433138213,0.8379099702801236,0.12613586190928833,0.15053629433138213,0.8379099702801236,0.12613586190928833,0.15053629433138213,0.8379099702801236,0.12613586190928833,0.15053629433138213,0.8379099702801236,0.12613586190928833,0.15053629433138213,0.8379099702801236,0.12613586190928833,0.1353364099587324,0.8104212221291164,0.10967949875732302,0.1353364099587324,0.8104212221291164,0.10967949875732302,0.1353364099587324,0.8104212221291164,0.10967949875732302,0.10812608427545177,0.7667832192893916,0.08290926698988697,0.10812608427545177,0.7667832192893916,0.08290926698988697,0.10812608427545177,0.7667832192893916,0.08290926698988697,0.04401992498715555,0.7093413459712367,0.03122515283994179,0.04401992498715555,0.7093413459712367,0.03122515283994179,0.04401992498715555,0.7093413459712367,0.03122515283994179
6833.413413413414,0.15042592789118334,0.8377167219781361,0.12601431521352158,0.15042592789118334,0.8377167219781361,0.12601431521352158,0.15042592789118334,0.8377167219781361,0.12601431521352158,0.15042592789118334,0.8377167219781361,0.12601431521352158,0.15042592789118334,0.8377167219781361,0.12601431521352158,0.15042592789118334,0.8377167219781361,0.12601431521352158,0.1353868327321811,0.8101929364775942,0.10968945557168668,0.1353868327321811,0.8101929364775942,0.10968945557168668,0.1353868327321811,0.8101929364775942,0.10968945557168668,0.10789114981850255,0.766567051574191,0.08270580060731882,0.10789114981850255,0.766567051574191,0.08270580060731882,0.10789114981850255,0.766567051574191,0.08270580060731882,0.04391698738459605,0.7091681404986395,0.03114452827983619,0.04391698738459605,0.7091681404986395,0.03114452827983619,0.04391698738459605,0.7091681404986395,0.03114452827983619
6853.423423423424,0.15017402423137827,0.8375109554032227,0.12577239051076833,0.15017402423137827,0.8375109554032227,0.12577239051076833,0.15017402423137827,0.8375109554032227,0.12577239051076833,0.15017402423137827,0.8375109554032227,0.12577239051076833,0.15017402423137827,0.8375109554032227,0.12577239051076833,0.15017402423137827,0.8375109554032227,0.12577239051076833,0.1352448522229253,0.8099676314103978,0.10954395261545208,0.1352448522229253,0.8099676314103978,0.10954395261545208,0.1352448522229253,0.8099676314103978,0.10954395261545208,0.1074539630380946,0.7663510689931227,0.08234745944179128,0.1074539630380946,0.7663510689931227,0.08234745944179128,0.1074539630380946,0.7663510689931227,0.08234745944179128,0.04376802336626525,0.7089961234749489,0.031031358898843047,0.04376802336626525,0.7089961234749489,0.031031358898843047,0.04376802336626525,0.7089961234749489,0.031031358898843047
6873.4334334334335,0.14976403778060213,0.8372955969583,0.12539676941639466,0.14976403778060213,0.8372955969583,0.12539676941639466,0.14976403778060213,0.8372955969583,0.12539676941639466,0.14976403778060213,0.8372955969583,0.12539676941639466,0.14976403778060213,0.8372955969583,0.12539676941639466,0.14976403778060213,0.8372955969583,0.12539676941639466,0.13488424772556576,0.8097485941506902,0.10922232996885031,0.13488424772556576,0.8097485941506902,0.10922232996885031,0.13488424772556576,0.8097485941506902,0.10922232996885031,0.10688831928450808,0.7661360357059269,0.0818909931999024,0.10688831928450808,0.7661360357059269,0.0818909931999024,0.10688831928450808,0.7661360357059269,0.0818909931999024,0.04350869868518628,0.7088253111006674,0.030840066881112363,0.04350869868518628,0.7088253111006674,0.030840066881112363,0.04350869868518628,0.7088253111006674,0.030840066881112363
6893.443443443443,0.1491737264716517,0.8370792805420315,0.124870235630664,0.1491737264716517,0.8370792805420315,0.124870235630664,0.1491737264716517,0.8370792805420315,0.124870235630664,0.1491737264716517,0.8370792805420315,0.124870235630664,0.1491737264716517,0.8370792805420315,0.124870235630664,0.1491737264716517,0.8370792805420315,0.124870235630664,0.1343623727824249,0.8095356185325778,0.10877112655792515,0.1343623727824249,0.8095356185325778,0.10877112655792515,0.1343623727824249,0.8095356185325778,0.10877112655792515,0.1062906062129845,0.765922276150382,0.08141034304405302,0.1062906062129845,0.765922276150382,0.08141034304405302,0.1062906062129845,0.765922276150382,0.08141034304405302,0.043130494142861735,0.7086556217011176,0.030564667141086094,0.043130494142861735,0.7086556217011176,0.030564667141086094,0.043130494142861735,0.7086556217011176,0.030564667141086094
6913.453453453453,0.1484783600025538,0.836867509362992,0.12425671532963889,0.1484783600025538,0.836867509362992,0.12425671532963889,0.1484783600025538,0.836867509362992,0.12425671532963889,0.1484783600025538,0.836867509362992,0.12425671532963889,0.1484783600025538,0.836867509362992,0.12425671532963889,0.1484783600025538,0.836867509362992,0.12425671532963889,0.1337524687314055,0.8093260590960512,0.10824935841275622,0.1337524687314055,0.8093260590960512,0.10824935841275622,0.1337524687314055,0.8093260590960512,0.10824935841275622,0.1057436183514255,0.765709061760953,0.0809688467950783,0.1057436183514255,0.765709061760953,0.0809688467950783,0.1057436183514255,0.765709061760953,0.0809688467950783,0.04267720401976796,0.7084870070631513,0.030236244545788892,0.04267720401976796,0.7084870070631513,0.030236244545788892,0.04267720401976796,0.7084870070631513,0.030236244545788892
6933.463463463463,0.1478084692062546,0.8366621597429127,0.12366575307439877,0.1478084692062546,0.8366621597429127,0.12366575307439877,0.1478084692062546,0.8366621597429127,0.12366575307439877,0.1478084692062546,0.8366621597429127,0.12366575307439877,0.1478084692062546,0.8366621597429127,0.12366575307439877,0.1478084692062546,0.8366621597429127,0.12366575307439877,0.13311650522570334,0.8091166868071121,0.10770678566756271,0.13311650522570334,0.8091166868071121,0.10770678566756271,0.13311650522570334,0.8091166868071121,0.10770678566756271,0.10531367729357052,0.7654955034244779,0.08061714641732477,0.10531367729357052,0.7654955034244779,0.08061714641732477,0.10531367729357052,0.7654955034244779,0.08061714641732477,0.042224007934885295,0.7083193418174779,0.02990808150933392,0.042224007934885295,0.7083193418174779,0.02990808150933392,0.042224007934885295,0.7083193418174779,0.02990808150933392
6953.473473473474,0.14722759070438737,0.8364624863001667,0.12315035657257518,0.14722759070438737,0.8364624863001667,0.12315035657257518,0.14722759070438737,0.8364624863001667,0.12315035657257518,0.14722759070438737,0.8364624863001667,0.12315035657257518,0.14722759070438737,0.8364624863001667,0.12315035657257518,0.14722759070438737,0.8364624863001667,0.12315035657257518,0.13252775471701497,0.8089048864925644,0.10720234838648142,0.13252775471701497,0.8089048864925644,0.10720234838648142,0.13252775471701497,0.8089048864925644,0.10720234838648142,0.10504000104695045,0.765281471195152,0.08038516653555054,0.10504000104695045,0.765281471195152,0.08038516653555054,0.10504000104695045,0.765281471195152,0.08038516653555054,0.04184881441732393,0.7081523397956256,0.029635335847300853,0.04184881441732393,0.7081523397956256,0.029635335847300853,0.04184881441732393,0.7081523397956256,0.029635335847300853
6973.483483483484,0.1467547659801879,0.836266385766502,0.12272607774026055,0.1467547659801879,0.836266385766502,0.12272607774026055,0.1467547659801879,0.836266385766502,0.12272607774026055,0.1467547659801879,0.836266385766502,0.12272607774026055,0.1467547659801879,0.836266385766502,0.12272607774026055,0.1467547659801879,0.836266385766502,0.12272607774026055,0.13206918391851852,0.8086900663522757,0.10680303710615764,0.13206918391851852,0.8086900663522757,0.10680303710615764,0.13206918391851852,0.8086900663522757,0.10680303710615764,0.10492843757354034,0.7650674672312905,0.08027733397492508,0.10492843757354034,0.7650674672312905,0.08027733397492508,0.10492843757354034,0.7650674672312905,0.08027733397492508,0.041595840571804064,0.7079858128909342,0.029449265000110404,0.041595840571804064,0.7079858128909342,0.029449265000110404,0.041595840571804064,0.7079858128909342,0.029449265000110404
6993.4934934934945,0.1464163280831381,0.8360690890098118,0.122414166036631,0.1464163280831381,0.8360690890098118,0.122414166036631,0.1464163280831381,0.8360690890098118,0.122414166036631,0.1464163280831381,0.8360690890098118,0.122414166036631,0.1464163280831381,0.8360690890098118,0.122414166036631,0.1464163280831381,0.8360690890098118,0.122414166036631,0.131786695803927,0.808475428506151,0.10654630536148964,0.131786695803927,0.808475428506151,0.10654630536148964,0.131786695803927,0.808475428506151,0.10654630536148964,0.10496672330961335,0.7648537820711019,0.08028419531496865,0.10496672330961335,0.7648537820711019,0.08028419531496865,0.10496672330961335,0.7648537820711019,0.08028419531496865,0.04144768676821673,0.7078197671230233,0.02933749199606718,0.04144768676821673,0.7078197671230233,0.02933749199606718,0.04144768676821673,0.7078197671230233,0.02933749199606718
7013.503503503504,0.14625185965090115,0.8358652324746423,0.12224684466694924,0.14625185965090115,0.8358652324746423,0.12224684466694924,0.14625185965090115,0.8358652324746423,0.12224684466694924,0.14625185965090115,0.8358652324746423,0.12224684466694924,0.14625185965090115,0.8358652324746423,0.12224684466694924,0.14625185965090115,0.8358652324746423,0.12224684466694924,0.13167113477675818,0.8082647197791887,0.10642513285334423,0.13167113477675818,0.8082647197791887,0.10642513285334423,0.13167113477675818,0.8082647197791887,0.10642513285334423,0.1051177691770041,0.7646397157741275,0.08037722114631476,0.1051177691770041,0.7646397157741275,0.08037722114631476,0.1051177691770041,0.7646397157741275,0.08037722114631476,0.041332521063760154,0.7076541294407379,0.029249129210966153,0.041332521063760154,0.7076541294407379,0.029249129210966153,0.041332521063760154,0.7076541294407379,0.029249129210966153
7033.513513513514,0.14628166904261775,0.8356519358369683,0.12224055991292623,0.14628166904261775,0.8356519358369683,0.12224055991292623,0.14628166904261775,0.8356519358369683,0.12224055991292623,0.14628166904261775,0.8356519358369683,0.12224055991292623,0.14628166904261775,0.8356519358369683,0.12224055991292623,0.14628166904261775,0.8356519358369683,0.12224055991292623,0.13170139526798386,0.8080588740321083,0.10642248116870467,0.13170139526798386,0.8080588740321083,0.10642248116870467,0.13170139526798386,0.8080588740321083,0.10642248116870467,0.10531137393764868,0.7644243186369135,0.0805025752670043,0.10531137393764868,0.7644243186369135,0.0805025752670043,0.10531137393764868,0.7644243186369135,0.0805025752670043,0.041165741235402675,0.7074887123731569,0.029124297260521608,0.041165741235402675,0.7074887123731569,0.029124297260521608,0.041165741235402675,0.7074887123731569,0.029124297260521608
7053.523523523524,0.14647376927435377,0.8354331154236745,0.12236903739272185,0.14647376927435377,0.8354331154236745,0.12236903739272185,0.14647376927435377,0.8354331154236745,0.12236903739272185,0.14647376927435377,0.8354331154236745,0.12236903739272185,0.14647376927435377,0.8354331154236745,0.12236903739272185,0.14647376927435377,0.8354331154236745,0.12236903739272185,0.13186555907254977,0.8078557061123907,0.10652834433645986,0.13186555907254977,0.8078557061123907,0.10652834433645986,0.13186555907254977,0.8078557061123907,0.10652834433645986,0.10545821489096412,0.7642078153893045,0.0805919920166795,0.10545821489096412,0.7642078153893045,0.0805919920166795,0.10545821489096412,0.7642078153893045,0.0805919920166795,0.040893979276172145,0.7073235243955399,0.028925273548180253,0.040893979276172145,0.7073235243955399,0.028925273548180253,0.040893979276172145,0.7073235243955399,0.028925273548180253
7073.533533533535,0.14677181390782837,0.8352155824474924,0.12258610603990183,0.14677181390782837,0.8352155824474924,0.12258610603990183,0.14677181390782837,0.8352155824474924,0.12258610603990183,0.14677181390782837,0.8352155824474924,0.12258610603990183,0.14677181390782837,0.8352155824474924,0.12258610603990183,0.14677181390782837,0.8352155824474924,0.12258610603990183,0.13213510275997295,0.8076519349266196,0.10671917141581987,0.13213510275997295,0.8076519349266196,0.10671917141581987,0.13213510275997295,0.8076519349266196,0.10671917141581987,0.10546525498279855,0.7639916429232856,0.0805745734256315,0.10546525498279855,0.7639916429232856,0.0805745734256315,0.10546525498279855,0.7639916429232856,0.0805745734256315,0.040515505526150394,0.7071587699391565,0.028650895051335612,0.040515505526150394,0.7071587699391565,0.028650895051335612,0.040515505526150394,0.7071587699391565,0.028650895051335612
7093.543543543545,0.1471404989969941,0.8350028103435098,0.12286273017783646,0.1471404989969941,0.8350028103435098,0.12286273017783646,0.1471404989969941,0.8350028103435098,0.12286273017783646,0.1471404989969941,0.8350028103435098,0.12286273017783646,0.1471404989969941,0.8350028103435098,0.12286273017783646,0.1471404989969941,0.8350028103435098,0.12286273017783646,0.13245843987413486,0.8074454272096674,0.10695296157169686,0.13245843987413486,0.8074454272096674,0.10695296157169686,0.13245843987413486,0.8074454272096674,0.10695296157169686,0.10527423230938178,0.763777022392917,0.08040603968795984,0.10527423230938178,0.763777022392917,0.08040603968795984,0.10527423230938178,0.763777022392917,0.08040603968795984,0.0400750489277826,0.7069945652964319,0.028332841795930902,0.0400750489277826,0.7069945652964319,0.028332841795930902,0.0400750489277826,0.7069945652964319,0.028332841795930902
7113.553553553555,0.14756346662217606,0.8347951346984908,0.12318526399543571,0.14756346662217606,0.8347951346984908,0.12318526399543571,0.14756346662217606,0.8347951346984908,0.12318526399543571,0.14756346662217606,0.8347951346984908,0.12318526399543571,0.14756346662217606,0.8347951346984908,0.12318526399543571,0.14756346662217606,0.8347951346984908,0.12318526399543571,0.1327894606477574,0.8072354690802848,0.10719236255491046,0.1327894606477574,0.8072354690802848,0.10719236255491046,0.1327894606477574,0.8072354690802848,0.10719236255491046,0.10489278348264743,0.7635638478169494,0.08009233736424043,0.10489278348264743,0.7635638478169494,0.08009233736424043,0.10489278348264743,0.7635638478169494,0.08009233736424043,0.03964475642026314,0.7068309539412392,0.028022140999302662,0.03964475642026314,0.7068309539412392,0.028022140999302662,0.03964475642026314,0.7068309539412392,0.028022140999302662
7133.5635635635645,0.14801179038299897,0.8345909521975174,0.12352930107220647,0.14801179038299897,0.8345909521975174,0.12352930107220647,0.14801179038299897,0.8345909521975174,0.12352930107220647,0.14801179038299897,0.8345909521975174,0.12352930107220647,0.14801179038299897,0.8345909521975174,0.12352930107220647,0.14801179038299897,0.8345909521975174,0.12352930107220647,0.13309794968480662,0.8070233776301283,0.10741315691027752,0.13309794968480662,0.8070233776301283,0.10741315691027752,0.13309794968480662,0.8070233776301283,0.10741315691027752,0.10437693002165639,0.7633508034904739,0.07967621339790038,0.10437693002165639,0.7633508034904739,0.07967621339790038,0.10437693002165639,0.7633508034904739,0.07967621339790038,0.039295556889112904,0.706668102543538,0.027768916625221067,0.039295556889112904,0.706668102543538,0.027768916625221067,0.039295556889112904,0.706668102543538,0.027768916625221067
7153.573573573574,0.14843384967196574,0.8343880816751099,0.12385143508344314,0.14843384967196574,0.8343880816751099,0.12385143508344314,0.14843384967196574,0.8343880816751099,0.12385143508344314,0.14843384967196574,0.8343880816751099,0.12385143508344314,0.14843384967196574,0.8343880816751099,0.12385143508344314,0.14843384967196574,0.8343880816751099,0.12385143508344314,0.13333410746520716,0.8068118080428474,0.10757553231778309,0.13333410746520716,0.8068118080428474,0.10757553231778309,0.13333410746520716,0.8068118080428474,0.10757553231778309,0.10380535838015094,0.7631369714405614,0.07921770681353048,0.10380535838015094,0.7631369714405614,0.07921770681353048,0.10380535838015094,0.7631369714405614,0.07921770681353048,0.039061647216354925,0.7065061964272562,0.027597295801010238,0.039061647216354925,0.7065061964272562,0.027597295801010238,0.039061647216354925,0.7065061964272562,0.027597295801010238
7173.583583583583,0.1487844813895981,0.8341845451676798,0.124113714935991,0.1487844813895981,0.8341845451676798,0.124113714935991,0.1487844813895981,0.8341845451676798,0.124113714935991,0.1487844813895981,0.8341845451676798,0.124113714935991,0.1487844813895981,0.8341845451676798,0.124113714935991,0.1487844813895981,0.8341845451676798,0.124113714935991,0.13342937110219866,0.8066021369210562,0.10762441585906606,0.13342937110219866,0.8066021369210562,0.10762441585906606,0.13342937110219866,0.8066021369210562,0.10762441585906606,0.10326359489439453,0.7629232695884809,0.07878219944629183,0.10326359489439453,0.7629232695884809,0.07878219944629183,0.10326359489439453,0.7629232695884809,0.07878219944629183,0.03891809640417609,0.7063452836561456,0.027489613843964977,0.03891809640417609,0.7063452836561456,0.027489613843964977,0.03891809640417609,0.7063452836561456,0.027489613843964977
7193.593593593593,0.1490414788284809,0.8339783682580786,0.12429736931614746,0.1490414788284809,0.8339783682580786,0.12429736931614746,0.1490414788284809,0.8339783682580786,0.12429736931614746,0.1490414788284809,0.8339783682580786,0.12429736931614746,0.1490414788284809,0.8339783682580786,0.12429736931614746,0.1490414788284809,0.8339783682580786,0.12429736931614746,0.1333524534208615,0.8063935129461894,0.1075345533740416,0.1333524534208615,0.8063935129461894,0.1075345533740416,0.1333524534208615,0.8063935129461894,0.1075345533740416,0.10281882457775436,0.7627116346533206,0.07842111376683204,0.10281882457775436,0.7627116346533206,0.07842111376683204,0.10281882457775436,0.7627116346533206,0.07842111376683204,0.038794120778938165,0.7061853907329323,0.027395841340415016,0.038794120778938165,0.7061853907329323,0.027395841340415016,0.038794120778938165,0.7061853907329323,0.027395841340415016
7213.603603603605,0.14919662778630716,0.833769249970043,0.124395560447449,0.14919662778630716,0.833769249970043,0.124395560447449,0.14919662778630716,0.833769249970043,0.124395560447449,0.14919662778630716,0.833769249970043,0.124395560447449,0.14919662778630716,0.833769249970043,0.124395560447449,0.14919662778630716,0.833769249970043,0.124395560447449,0.13309929212844043,0.8061835745764028,0.10730246310169497,0.13309929212844043,0.8061835745764028,0.10730246310169497,0.13309929212844043,0.8061835745764028,0.10730246310169497,0.10250956983155389,0.7625031584074515,0.07816387076354905,0.10250956983155389,0.7625031584074515,0.07816387076354905,0.10250956983155389,0.7625031584074515,0.07816387076354905,0.0386134247999016,0.7060265799609757,0.027262104252054848,0.0386134247999016,0.7060265799609757,0.027262104252054848,0.0386134247999016,0.7060265799609757,0.027262104252054848
7233.613613613614,0.14921770877061155,0.8335611485503815,0.1243820847068873,0.14921770877061155,0.8335611485503815,0.1243820847068873,0.14921770877061155,0.8335611485503815,0.1243820847068873,0.14921770877061155,0.8335611485503815,0.1243820847068873,0.14921770877061155,0.8335611485503815,0.1243820847068873,0.14921770877061155,0.8335611485503815,0.1243820847068873,0.1326719803654486,0.8059712787186564,0.10692980566527709,0.1326719803654486,0.8059712787186564,0.10692980566527709,0.1326719803654486,0.8059712787186564,0.10692980566527709,0.10235577998117641,0.7622972295491846,0.07802552750799667,0.10235577998117641,0.7622972295491846,0.07802552750799667,0.10235577998117641,0.7622972295491846,0.07802552750799667,0.0383320894198385,0.7058687787306254,0.027057425144974525,0.0383320894198385,0.7058687787306254,0.027057425144974525,0.0383320894198385,0.7058687787306254,0.027057425144974525
7253.623623623624,0.14904523650218296,0.8333576910856124,0.12420799415876824,0.14904523650218296,0.8333576910856124,0.12420799415876824,0.14904523650218296,0.8333576910856124,0.12420799415876824,0.14904523650218296,0.8333576910856124,0.12420799415876824,0.14904523650218296,0.8333576910856124,0.12420799415876824,0.14904523650218296,0.8333576910856124,0.12420799415876824,0.13210378382121243,0.8057572293663081,0.10644357884058585,0.13210378382121243,0.8057572293663081,0.10644357884058585,0.13210378382121243,0.8057572293663081,0.10644357884058585,0.10235301489738347,0.762092215161016,0.07800243585155543,0.10235301489738347,0.762092215161016,0.07800243585155543,0.10235301489738347,0.762092215161016,0.07800243585155543,0.037953870121923,0.7057117969621333,0.0267844938854097,0.037953870121923,0.7057117969621333,0.0267844938854097,0.037953870121923,0.7057117969621333,0.0267844938854097
7273.6336336336335,0.14869161358837127,0.8331599254333971,0.1238838936898589,0.14869161358837127,0.8331599254333971,0.1238838936898589,0.14869161358837127,0.8331599254333971,0.1238838936898589,0.14869161358837127,0.8331599254333971,0.1238838936898589,0.14869161358837127,0.8331599254333971,0.1238838936898589,0.14869161358837127,0.8331599254333971,0.1238838936898589,0.13148111558723516,0.8055425936918651,0.10591363887164132,0.13148111558723516,0.8055425936918651,0.10591363887164132,0.13148111558723516,0.8055425936918651,0.10591363887164132,0.10246915082502657,0.7618872455273731,0.07806993907360844,0.10246915082502657,0.7618872455273731,0.07806993907360844,0.10246915082502657,0.7618872455273731,0.07806993907360844,0.03752463026435952,0.705555538382965,0.026475710708791882,0.03752463026435952,0.705555538382965,0.026475710708791882,0.03752463026435952,0.705555538382965,0.026475710708791882
7293.643643643643,0.14822094254012802,0.8329659038655951,0.12346299137474817,0.14822094254012802,0.8329659038655951,0.12346299137474817,0.14822094254012802,0.8329659038655951,0.12346299137474817,0.14822094254012802,0.8329659038655951,0.12346299137474817,0.14822094254012802,0.8329659038655951,0.12346299137474817,0.14822094254012802,0.8329659038655951,0.12346299137474817,0.1309033844201182,0.8053289257800015,0.10542028195602038,0.1309033844201182,0.8053289257800015,0.10542028195602038,0.1309033844201182,0.8053289257800015,0.10542028195602038,0.1026473048762987,0.761683124392773,0.07818471988867672,0.1026473048762987,0.761683124392773,0.07818471988867672,0.1026473048762987,0.761683124392773,0.07818471988867672,0.03711403311290697,0.7053999595830971,0.026180237457810306,0.03711403311290697,0.7053999595830971,0.026180237457810306,0.03711403311290697,0.7053999595830971,0.026180237457810306
7313.653653653653,0.14767280648320577,0.8327721051847746,0.1229777939335631,0.14767280648320577,0.8327721051847746,0.1229777939335631,0.14767280648320577,0.8327721051847746,0.1229777939335631,0.14767280648320577,0.8327721051847746,0.1229777939335631,0.14767280648320577,0.8327721051847746,0.1229777939335631,0.14767280648320577,0.8327721051847746,0.1229777939335631,0.13042693295998567,0.8051168127901713,0.10500891656674101,0.13042693295998567,0.8051168127901713,0.10500891656674101,0.13042693295998567,0.8051168127901713,0.10500891656674101,0.10279986112518277,0.7614810554109802,0.07828014674570638,0.10279986112518277,0.7614810554109802,0.07828014674570638,0.10279986112518277,0.7614810554109802,0.07828014674570638,0.036786544426133716,0.7052448844832125,0.025943522274345238,0.036786544426133716,0.7052448844832125,0.025943522274345238,0.036786544426133716,0.7052448844832125,0.025943522274345238
7333.663663663664,0.14707152813752672,0.8325767757367593,0.12244833869942007,0.14707152813752672,0.8325767757367593,0.12244833869942007,0.14707152813752672,0.8325767757367593,0.12244833869942007,0.14707152813752672,0.8325767757367593,0.12244833869942007,0.14707152813752672,0.8325767757367593,0.12244833869942007,0.14707152813752672,0.8325767757367593,0.12244833869942007,0.13007580209052505,0.8049054859274501,0.1046987266890769,0.13007580209052505,0.8049054859274501,0.1046987266890769,0.13007580209052505,0.8049054859274501,0.1046987266890769,0.10283430116956722,0.761281304486996,0.07828583094037676,0.10283430116956722,0.761281304486996,0.07828583094037676,0.10283430116956722,0.761281304486996,0.07828583094037676,0.036567228408811506,0.7050901152273169,0.025783191292312522,0.036567228408811506,0.7050901152273169,0.025783191292312522,0.036567228408811506,0.7050901152273169,0.025783191292312522
7353.673673673674,0.1464614217604985,0.8323803353216818,0.121911607356694,0.1464614217604985,0.8323803353216818,0.121911607356694,0.1464614217604985,0.8323803353216818,0.121911607356694,0.1464614217604985,0.8323803353216818,0.121911607356694,0.1464614217604985,0.8323803353216818,0.121911607356694,0.1464614217604985,0.8323803353216818,0.121911607356694,0.12987139139296422,0.8046927895224489,0.10450657221916615,0.12987139139296422,0.8046927895224489,0.10450657221916615,0.12987139139296422,0.8046927895224489,0.10450657221916615,0.1026935929873464,0.761082988846771,0.0781583466862234,0.1026935929873464,0.761082988846771,0.0781583466862234,0.1026935929873464,0.761082988846771,0.0781583466862234,0.03642558385082126,0.7049356273925258,0.02567769180501774,0.03642558385082126,0.7049356273925258,0.02567769180501774,0.03642558385082126,0.7049356273925258,0.02567769180501774
7373.683683683684,0.14592304236372708,0.8321834414751709,0.12143473958477355,0.14592304236372708,0.8321834414751709,0.12143473958477355,0.14592304236372708,0.8321834414751709,0.12143473958477355,0.14592304236372708,0.8321834414751709,0.12143473958477355,0.14592304236372708,0.8321834414751709,0.12143473958477355,0.14592304236372708,0.8321834414751709,0.12143473958477355,0.12982330112742219,0.8044778442391666,0.10443996942300077,0.12982330112742219,0.8044778442391666,0.10443996942300077,0.12982330112742219,0.8044778442391666,0.10443996942300077,0.10236908254290418,0.7608848624362147,0.07789108528837915,0.10236908254290418,0.7608848624362147,0.07789108528837915,0.10236908254290418,0.7608848624362147,0.07789108528837915,0.036293098050695985,0.7047814768095022,0.025578703242161584,0.036293098050695985,0.7047814768095022,0.025578703242161584,0.036293098050695985,0.7047814768095022,0.025578703242161584
7393.693693693694,0.1455364564669635,0.8319879194579441,0.12108457362123062,0.1455364564669635,0.8319879194579441,0.12108457362123062,0.1455364564669635,0.8319879194579441,0.12108457362123062,0.1455364564669635,0.8319879194579441,0.12108457362123062,0.1455364564669635,0.8319879194579441,0.12108457362123062,0.1455364564669635,0.8319879194579441,0.12108457362123062,0.12991010943448975,0.8042626960028639,0.10448185485180982,0.12991010943448975,0.8042626960028639,0.10448185485180982,0.12991010943448975,0.8042626960028639,0.10448185485180982,0.10190037786651936,0.7606865163178017,0.07751424345075024,0.10190037786651936,0.7606865163178017,0.07751424345075024,0.10190037786651936,0.7606865163178017,0.07751424345075024,0.03610150273097756,0.7046276604275628,0.02543811740724798,0.03610150273097756,0.7046276604275628,0.02543811740724798,0.03610150273097756,0.7046276604275628,0.02543811740724798
7413.7037037037035,0.14532142168766568,0.8317969106039006,0.12087790960436699,0.14532142168766568,0.8317969106039006,0.12087790960436699,0.14532142168766568,0.8317969106039006,0.12087790960436699,0.14532142168766568,0.8317969106039006,0.12087790960436699,0.14532142168766568,0.8317969106039006,0.12087790960436699,0.14532142168766568,0.8317969106039006,0.12087790960436699,0.1300940996413458,0.8040499207765202,0.10460215051011681,0.1300940996413458,0.8040499207765202,0.10460215051011681,0.1300940996413458,0.8040499207765202,0.10460215051011681,0.10136167541122254,0.7604884369353746,0.07708438209863143,0.10136167541122254,0.7604884369353746,0.07708438209863143,0.10136167541122254,0.7604884369353746,0.07708438209863143,0.03581474901618446,0.7044742044116014,0.025230566819377732,0.03581474901618446,0.7044742044116014,0.025230566819377732,0.03581474901618446,0.7044742044116014,0.025230566819377732
7433.713713713713,0.14525206962896003,0.8316115946737529,0.12079330525380244,0.14525206962896003,0.8316115946737529,0.12079330525380244,0.14525206962896003,0.8316115946737529,0.12079330525380244,0.14525206962896003,0.8316115946737529,0.12079330525380244,0.14525206962896003,0.8316115946737529,0.12079330525380244,0.14525206962896003,0.8316115946737529,0.12079330525380244,0.13034813343153176,0.8038411530638436,0.10477919387732224,0.13034813343153176,0.8038411530638436,0.10477919387732224,0.13034813343153176,0.8038411530638436,0.10477919387732224,0.10082998491416811,0.7602908463288927,0.07666011456572236,0.10082998491416811,0.7602908463288927,0.07666011456572236,0.10082998491416811,0.7602908463288927,0.07666011456572236,0.0354407464788429,0.7043212314578673,0.024961670203764705,0.0354407464788429,0.7043212314578673,0.024961670203764705,0.0354407464788429,0.7043212314578673,0.024961670203764705
7453.723723723724,0.14530806700723908,0.8314310904852923,0.12081364460813872,0.14530806700723908,0.8314310904852923,0.12081364460813872,0.14530806700723908,0.8314310904852923,0.12081364460813872,0.14530806700723908,0.8314310904852923,0.12081364460813872,0.14530806700723908,0.8314310904852923,0.12081364460813872,0.14530806700723908,0.8314310904852923,0.12081364460813872,0.13064377796247342,0.8036363751455572,0.10499009215708317,0.13064377796247342,0.8036363751455572,0.10499009215708317,0.13064377796247342,0.8036363751455572,0.10499009215708317,0.10036875181478408,0.7600933622235215,0.07628962202907741,0.10036875181478408,0.7600933622235215,0.07628962202907741,0.10036875181478408,0.7600933622235215,0.07628962202907741,0.03502555424949264,0.704168870860073,0.024663904987113464,0.03502555424949264,0.704168870860073,0.024663904987113464,0.03502555424949264,0.704168870860073,0.024663904987113464
7473.733733733734,0.14548456958797426,0.8312510398989214,0.12093419975925059,0.14548456958797426,0.8312510398989214,0.12093419975925059,0.14548456958797426,0.8312510398989214,0.12093419975925059,0.14548456958797426,0.8312510398989214,0.12093419975925059,0.14548456958797426,0.8312510398989214,0.12093419975925059,0.14548456958797426,0.8312510398989214,0.12093419975925059,0.1309284195060554,0.8034340862501999,0.10519235509003047,0.1309284195060554,0.8034340862501999,0.10519235509003047,0.1309284195060554,0.8034340862501999,0.10519235509003047,0.10002717008959144,0.7598954535822912,0.07601019178578308,0.10002717008959144,0.7598954535822912,0.07601019178578308,0.10002717008959144,0.7598954535822912,0.07601019178578308,0.034635641843052234,0.7040172316163019,0.024384088685599384,0.034635641843052234,0.7040172316163019,0.024384088685599384,0.034635641843052234,0.7040172316163019,0.024384088685599384
7493.743743743744,0.14576566845592487,0.8310668247844909,0.1211410112462543,0.14576566845592487,0.8310668247844909,0.1211410112462543,0.14576566845592487,0.8310668247844909,0.1211410112462543,0.14576566845592487,0.8310668247844909,0.1211410112462543,0.14576566845592487,0.8310668247844909,0.1211410112462543,0.14576566845592487,0.8310668247844909,0.1211410112462543,0.1311506113567011,0.8032315784110091,0.10534431256961185,0.1311506113567011,0.8032315784110091,0.10534431256961185,0.1311506113567011,0.8032315784110091,0.10534431256961185,0.0998307812639953,0.7596970098814587,0.07584114602038719,0.0998307812639953,0.7596970098814587,0.07584114602038719,0.0998307812639953,0.7596970098814587,0.07584114602038719,0.034328261898510876,0.7038664394315499,0.02416251147437859,0.034328261898510876,0.7038664394315499,0.02416251147437859,0.034328261898510876,0.7038664394315499,0.02416251147437859
7513.753753753754,0.14611253574202393,0.830877808543555,0.12140166349807469,0.14611253574202393,0.830877808543555,0.12140166349807469,0.14611253574202393,0.830877808543555,0.12140166349807469,0.14611253574202393,0.830877808543555,0.12140166349807469,0.14611253574202393,0.830877808543555,0.12140166349807469,0.14611253574202393,0.830877808543555,0.12140166349807469,0.1312758997087095,0.8030265349025089,0.10541803085929427,0.1312758997087095,0.8030265349025089,0.10541803085929427,0.1312758997087095,0.8030265349025089,0.10541803085929427,0.0997815609736719,0.7594985340013296,0.07578394927986809,0.0997815609736719,0.7594985340013296,0.07578394927986809,0.0997815609736719,0.7594985340013296,0.07578394927986809,0.03411999297311496,0.7037165617997176,0.024010804143670985,0.03411999297311496,0.7037165617997176,0.024010804143670985,0.03411999297311496,0.7037165617997176,0.024010804143670985
7533.7637637637645,0.1464798561185001,0.8306861846899741,0.1216787928130132,0.1464798561185001,0.8306861846899741,0.1216787928130132,0.1464798561185001,0.8306861846899741,0.1216787928130132,0.1464798561185001,0.8306861846899741,0.1216787928130132,0.1464798561185001,0.8306861846899741,0.1216787928130132,0.1464798561185001,0.8306861846899741,0.1216787928130132,0.13126158576352792,0.8028199856855063,0.10537942440373234,0.13126158576352792,0.8028199856855063,0.10537942440373234,0.13126158576352792,0.8028199856855063,0.10537942440373234,0.09986093143339293,0.7593004064733697,0.07582444582818455,0.09986093143339293,0.7593004064733697,0.07582444582818455,0.09986093143339293,0.7593004064733697,0.07582444582818455,0.03397635941774114,0.7035675646045809,0.02390466444967005,0.03397635941774114,0.7035675646045809,0.02390466444967005,0.03397635941774114,0.7035675646045809,0.02390466444967005
7553.773773773774,0.1468378747634377,0.830494056640194,0.12194798228071216,0.1468378747634377,0.830494056640194,0.12194798228071216,0.1468378747634377,0.830494056640194,0.12194798228071216,0.1468378747634377,0.830494056640194,0.12194798228071216,0.1468378747634377,0.830494056640194,0.12194798228071216,0.1468378747634377,0.830494056640194,0.12194798228071216,0.1310595224726126,0.8026153492315896,0.10519038439948133,0.1310595224726126,0.8026153492315896,0.10519038439948133,0.1310595224726126,0.8026153492315896,0.10519038439948133,0.10001660861210658,0.7591022325542695,0.07592283088995667,0.10001660861210658,0.7591022325542695,0.07592283088995667,0.10001660861210658,0.7591022325542695,0.07592283088995667,0.033832379074085005,0.7034194317830201,0.023798352864160616,0.033832379074085005,0.7034194317830201,0.023798352864160616,0.033832379074085005,0.7034194317830201,0.023798352864160616
7573.783783783784,0.1471726179046174,0.8303039951364598,0.1221980126208955,0.1471726179046174,0.8303039951364598,0.1221980126208955,0.1471726179046174,0.8303039951364598,0.1221980126208955,0.1471726179046174,0.8303039951364598,0.1221980126208955,0.1471726179046174,0.8303039951364598,0.1221980126208955,0.1471726179046174,0.8303039951364598,0.1221980126208955,0.13067114167880256,0.8024152702954942,0.10485251947001717,0.13067114167880256,0.8024152702954942,0.10485251947001717,0.13067114167880256,0.8024152702954942,0.10485251947001717,0.10016725378591652,0.7589034531981536,0.07601727479550786,0.10016725378591652,0.7589034531981536,0.07601727479550786,0.10016725378591652,0.7589034531981536,0.07601727479550786,0.033627756617458274,0.7032721888258741,0.02364946600166365,0.033627756617458274,0.7032721888258741,0.02364946600166365,0.033627756617458274,0.7032721888258741,0.02364946600166365
7593.793793793795,0.1474508200735892,0.8301178090159484,0.1224015516970927,0.1474508200735892,0.8301178090159484,0.1224015516970927,0.1474508200735892,0.8301178090159484,0.1224015516970927,0.1474508200735892,0.8301178090159484,0.1224015516970927,0.1474508200735892,0.8301178090159484,0.1224015516970927,0.1474508200735892,0.8301178090159484,0.1224015516970927,0.13015841086547084,0.802220371441747,0.10441572871076553,0.13015841086547084,0.802220371441747,0.10441572871076553,0.13015841086547084,0.802220371441747,0.10441572871076553,0.10022650705982096,0.758704169914602,0.07604226884226145,0.10022650705982096,0.758704169914602,0.07604226884226145,0.10022650705982096,0.758704169914602,0.07604226884226145,0.033333871826341455,0.7031257424081052,0.02343790337523296,0.033333871826341455,0.7031257424081052,0.02343790337523296,0.033333871826341455,0.7031257424081052,0.02343790337523296
7613.803803803805,0.1476145651614528,0.8299359571510618,0.12251063542670812,0.1476145651614528,0.8299359571510618,0.12251063542670812,0.1476145651614528,0.8299359571510618,0.12251063542670812,0.1476145651614528,0.8299359571510618,0.12251063542670812,0.1476145651614528,0.8299359571510618,0.12251063542670812,0.1476145651614528,0.8299359571510618,0.12251063542670812,0.12959181520896748,0.8020291324762607,0.10393641112807209,0.12959181520896748,0.8020291324762607,0.10393641112807209,0.12959181520896748,0.8020291324762607,0.10393641112807209,0.10012881269053023,0.7585052725036593,0.07594823235529849,0.10012881269053023,0.7585052725036593,0.07594823235529849,0.10012881269053023,0.7585052725036593,0.07594823235529849,0.03296265358282835,0.7029798839169973,0.023172082389252866,0.03296265358282835,0.7029798839169973,0.023172082389252866,0.03296265358282835,0.7029798839169973,0.023172082389252866
7633.813813813815,0.1476396156520171,0.8297565938756688,0.1225049446045306,0.1476396156520171,0.8297565938756688,0.1225049446045306,0.1476396156520171,0.8297565938756688,0.1225049446045306,0.1476396156520171,0.8297565938756688,0.1225049446045306,0.1476396156520171,0.8297565938756688,0.1225049446045306,0.1476396156520171,0.8297565938756688,0.1225049446045306,0.12902872125113043,0.8018387031833326,0.10346022252141014,0.12902872125113043,0.8018387031833326,0.10346022252141014,0.12902872125113043,0.8018387031833326,0.10346022252141014,0.09985549749289593,0.7583078084505664,0.07572120346557895,0.09985549749289593,0.7583078084505664,0.07572120346557895,0.09985549749289593,0.7583078084505664,0.07572120346557895,0.03256077997172274,0.7028344958105597,0.02288483937462432,0.03256077997172274,0.7028344958105597,0.02288483937462432,0.03256077997172274,0.7028344958105597,0.02288483937462432
7653.823823823825,0.14753520818434634,0.8295745696593069,0.12239145683912536,0.14753520818434634,0.8295745696593069,0.12239145683912536,0.14753520818434634,0.8295745696593069,0.12239145683912536,0.14753520818434634,0.8295745696593069,0.12239145683912536,0.14753520818434634,0.8295745696593069,0.12239145683912536,0.14753520818434634,0.8295745696593069,0.12239145683912536,0.12852706308236198,0.8016459270892708,0.10303319664072126,0.12852706308236198,0.8016459270892708,0.10303319664072126,0.12852706308236198,0.8016459270892708,0.10303319664072126,0.09943817764914825,0.7581119398868181,0.07538526975640582,0.09943817764914825,0.7581119398868181,0.07538526975640582,0.09943817764914825,0.7581119398868181,0.07538526975640582,0.03219142678171839,0.7026895685808158,0.02262057979724661,0.03219142678171839,0.7026895685808158,0.02262057979724661,0.03219142678171839,0.7026895685808158,0.02262057979724661
7673.833833833834,0.14730391643485888,0.8293858710738989,0.12217178704492225,0.14730391643485888,0.8293858710738989,0.12217178704492225,0.14730391643485888,0.8293858710738989,0.12217178704492225,0.14730391643485888,0.8293858710738989,0.12217178704492225,0.14730391643485888,0.8293858710738989,0.12217178704492225,0.14730391643485888,0.8293858710738989,0.12217178704492225,0.12814322814296042,0.8014497142175309,0.10270035357408748,0.12814322814296042,0.8014497142175309,0.10270035357408748,0.12814322814296042,0.8014497142175309,0.10270035357408748,0.09893580679166211,0.75791687303875,0.07498511731510248,0.09893580679166211,0.75791687303875,0.07498511731510248,0.09893580679166211,0.75791687303875,0.07498511731510248,0.031904462191393756,0.7025450275411463,0.02241432126893819,0.031904462191393756,0.7025450275411463,0.02241432126893819,0.031904462191393756,0.7025450275411463,0.02241432126893819
7693.843843843845,0.14692656675365987,0.8291914555563236,0.12183025374636056,0.14692656675365987,0.8291914555563236,0.12183025374636056,0.14692656675365987,0.8291914555563236,0.12183025374636056,0.14692656675365987,0.8291914555563236,0.12183025374636056,0.14692656675365987,0.8291914555563236,0.12183025374636056,0.14692656675365987,0.8291914555563236,0.12183025374636056,0.12790493784480725,0.8012522653140084,0.10248412119299925,0.12790493784480725,0.8012522653140084,0.10248412119299925,0.12790493784480725,0.8012522653140084,0.10248412119299925,0.09841737279286168,0.7577220205431286,0.07457301056915348,0.09841737279286168,0.7577220205431286,0.07457301056915348,0.09841737279286168,0.7577220205431286,0.07457301056915348,0.03170841827377897,0.7024007478992436,0.022272016710204387,0.03170841827377897,0.7024007478992436,0.022272016710204387,0.03170841827377897,0.7024007478992436,0.022272016710204387
7713.853853853855,0.14640126165798356,0.8289948695577537,0.12136589481125065,0.14640126165798356,0.8289948695577537,0.12136589481125065,0.14640126165798356,0.8289948695577537,0.12136589481125065,0.14640126165798356,0.8289948695577537,0.12136589481125065,0.14640126165798356,0.8289948695577537,0.12136589481125065,0.14640126165798356,0.8289948695577537,0.12136589481125065,0.1278047402091249,0.8010563904038531,0.1023788038684238,0.1278047402091249,0.8010563904038531,0.1023788038684238,0.1278047402091249,0.8010563904038531,0.1023788038684238,0.09794974329142624,0.7575277802035366,0.07419965160706037,0.09794974329142624,0.7575277802035366,0.07419965160706037,0.09794974329142624,0.7575277802035366,0.07419965160706037,0.03156569058223713,0.702256718114575,0.022167218273301995,0.03156569058223713,0.702256718114575,0.022167218273301995,0.03156569058223713,0.702256718114575,0.022167218273301995
7733.863863863865,0.145793694619237,0.8287988342237981,0.12083364413760404,0.145793694619237,0.8287988342237981,0.12083364413760404,0.145793694619237,0.8287988342237981,0.12083364413760404,0.145793694619237,0.8287988342237981,0.12083364413760404,0.145793694619237,0.8287988342237981,0.12083364413760404,0.145793694619237,0.8287988342237981,0.12083364413760404,0.1278283364933658,0.8008635212975531,0.10237305168568546,0.1278283364933658,0.8008635212975531,0.10237305168568546,0.1278283364933658,0.8008635212975531,0.10237305168568546,0.09758185662787752,0.7573351387369411,0.07390216892748193,0.09758185662787752,0.7573351387369411,0.07390216892748193,0.09758185662787752,0.7573351387369411,0.07390216892748193,0.031414701415563816,0.7021130281496455,0.022056671139298465,0.031414701415563816,0.7021130281496455,0.022056671139298465,0.031414701415563816,0.7021130281496455,0.022056671139298465
7753.873873873875,0.14520502882332817,0.8286053380710521,0.1203176619977707,0.14520502882332817,0.8286053380710521,0.1203176619977707,0.14520502882332817,0.8286053380710521,0.1203176619977707,0.14520502882332817,0.8286053380710521,0.1203176619977707,0.14520502882332817,0.8286053380710521,0.1203176619977707,0.14520502882332817,0.8286053380710521,0.1203176619977707,0.12796628165112603,0.8006732042350581,0.10245917276365299,0.12796628165112603,0.8006732042350581,0.10245917276365299,0.12796628165112603,0.8006732042350581,0.10245917276365299,0.09734348494595582,0.7571447639588134,0.07370310993233402,0.09734348494595582,0.7571447639588134,0.07370310993233402,0.09734348494595582,0.7571447639588134,0.07370310993233402,0.031201963503319222,0.7019697513144922,0.021902834560948856,0.031201963503319222,0.7019697513144922,0.021902834560948856,0.031201963503319222,0.7019697513144922,0.021902834560948856
7773.883883883884,0.14469555327281552,0.8284148146701589,0.11986793994809557,0.14469555327281552,0.8284148146701589,0.11986793994809557,0.14469555327281552,0.8284148146701589,0.11986793994809557,0.14469555327281552,0.8284148146701589,0.11986793994809557,0.14469555327281552,0.8284148146701589,0.11986793994809557,0.14469555327281552,0.8284148146701589,0.11986793994809557,0.12819298092024592,0.8004836381513933,0.1026163837525106,0.12819298092024592,0.8004836381513933,0.1026163837525106,0.12819298092024592,0.8004836381513933,0.1026163837525106,0.09724801314674912,0.7569562782029535,0.07361249409419511,0.09724801314674912,0.7569562782029535,0.07361249409419511,0.09724801314674912,0.7569562782029535,0.07361249409419511,0.030904750477584016,0.7018269501421806,0.02168978677258789,0.030904750477584016,0.7018269501421806,0.02168978677258789,0.030904750477584016,0.7018269501421806,0.02168978677258789
7793.893893893894,0.14428370975713947,0.8282271710557836,0.11949968876158938,0.14428370975713947,0.8282271710557836,0.11949968876158938,0.14428370975713947,0.8282271710557836,0.11949968876158938,0.14428370975713947,0.8282271710557836,0.11949968876158938,0.14428370975713947,0.8282271710557836,0.11949968876158938,0.14428370975713947,0.8282271710557836,0.11949968876158938,0.12846530383818947,0.8002925050721568,0.1028098198235204,0.12846530383818947,0.8002925050721568,0.1028098198235204,0.12846530383818947,0.8002925050721568,0.1028098198235204,0.0972823081435375,0.7567686798915583,0.07362020391058867,0.0972823081435375,0.7567686798915583,0.07362020391058867,0.0972823081435375,0.7567686798915583,0.07362020391058867,0.030538200841876084,0.701684721884302,0.021428188964578775,0.030538200841876084,0.701684721884302,0.021428188964578775,0.030538200841876084,0.701684721884302,0.021428188964578775
7813.9039039039035,0.1439853448960363,0.8280401700698593,0.11922564947528123,0.1439853448960363,0.8280401700698593,0.11922564947528123,0.1439853448960363,0.8280401700698593,0.11922564947528123,0.1439853448960363,0.8280401700698593,0.11922564947528123,0.1439853448960363,0.8280401700698593,0.11922564947528123,0.1439853448960363,0.8280401700698593,0.11922564947528123,0.12874655749810562,0.8000982062451877,0.10300988971447723,0.12874655749810562,0.8000982062451877,0.10300988971447723,0.12874655749810562,0.8000982062451877,0.10300988971447723,0.09740309931290009,0.7565815168682906,0.0736933846258267,0.09740309931290009,0.7565815168682906,0.0736933846258267,0.09740309931290009,0.7565815168682906,0.0736933846258267,0.03014927195392588,0.7015431594605406,0.021151015501992228,0.03014927195392588,0.7015431594605406,0.021151015501992228,0.03014927195392588,0.7015431594605406,0.021151015501992228
7833.913913913914,0.14382480334319084,0.8278498128051434,0.11906533652439709,0.14382480334319084,0.8278498128051434,0.11906533652439709,0.14382480334319084,0.8278498128051434,0.11906533652439709,0.14382480334319084,0.8278498128051434,0.11906533652439709,0.14382480334319084,0.8278498128051434,0.11906533652439709,0.14382480334319084,0.8278498128051434,0.11906533652439709,0.12900397586078416,0.7999013912127312,0.10319045976301484,0.12900397586078416,0.7999013912127312,0.10319045976301484,0.12900397586078416,0.7999013912127312,0.10319045976301484,0.09753918234679204,0.7563951856261767,0.07377816793702727,0.09753918234679204,0.7563951856261767,0.07377816793702727,0.09753918234679204,0.7563951856261767,0.07377816793702727,0.02979769697601114,0.7014023328984681,0.02090017417397584,0.02979769697601114,0.7014023328984681,0.02090017417397584,0.02979769697601114,0.7014023328984681,0.02090017417397584
7853.923923923924,0.1438148702973419,0.8276539513353499,0.11902894566237589,0.1438148702973419,0.8276539513353499,0.11902894566237589,0.1438148702973419,0.8276539513353499,0.11902894566237589,0.1438148702973419,0.8276539513353499,0.11902894566237589,0.1438148702973419,0.8276539513353499,0.11902894566237589,0.1438148702973419,0.8276539513353499,0.11902894566237589,0.12917974202274873,0.7997041341071051,0.10330557373848148,0.12917974202274873,0.7997041341071051,0.10330557373848148,0.12917974202274873,0.7997041341071051,0.10330557373848148,0.09760523167409801,0.7562101639843057,0.07381006824999581,0.09760523167409801,0.7562101639843057,0.07381006824999581,0.09760523167409801,0.7562101639843057,0.07381006824999581,0.029526332782816255,0.7012623130221316,0.02070570442233892,0.029526332782816255,0.7012623130221316,0.02070570442233892,0.029526332782816255,0.7012623130221316,0.02070570442233892
7873.933933933934,0.14393565773132067,0.8274551504819454,0.11910030132778773,0.14393565773132067,0.8274551504819454,0.11910030132778773,0.14393565773132067,0.8274551504819454,0.11910030132778773,0.14393565773132067,0.8274551504819454,0.11910030132778773,0.14393565773132067,0.8274551504819454,0.11910030132778773,0.14393565773132067,0.8274551504819454,0.11910030132778773,0.12921056459023167,0.7995077630396543,0.1033048494566269,0.12921056459023167,0.7995077630396543,0.1033048494566269,0.12921056459023167,0.7995077630396543,0.1033048494566269,0.09753540787756425,0.7560263459524449,0.0737393380186562,0.09753540787756425,0.7560263459524449,0.0737393380186562,0.09753540787756425,0.7560263459524449,0.0737393380186562,0.029337201663113353,0.7011231247334822,0.020568990500978344,0.029337201663113353,0.7011231247334822,0.020568990500978344,0.029337201663113353,0.7011231247334822,0.020568990500978344
7893.943943943944,0.14414762877596873,0.8272574793564568,0.11924720403641814,0.14414762877596873,0.8272574793564568,0.11924720403641814,0.14414762877596873,0.8272574793564568,0.11924720403641814,0.14414762877596873,0.8272574793564568,0.11924720403641814,0.14414762877596873,0.8272574793564568,0.11924720403641814,0.14414762877596873,0.8272574793564568,0.11924720403641814,0.12907163435754643,0.799312326126564,0.10316854829528778,0.12907163435754643,0.799312326126564,0.10316854829528778,0.12907163435754643,0.799312326126564,0.10316854829528778,0.09730564322876781,0.7558429491827253,0.07354778435015395,0.09730564322876781,0.7558429491827253,0.07354778435015395,0.09730564322876781,0.7558429491827253,0.07354778435015395,0.029191269305833354,0.7009847020699894,0.02046263321739442,0.029191269305833354,0.7009847020699894,0.02046263321739442,0.029191269305833354,0.7009847020699894,0.02046263321739442
7913.953953953954,0.14442225400284273,0.8270633284043424,0.11944635009124846,0.14442225400284273,0.8270633284043424,0.11944635009124846,0.14442225400284273,0.8270633284043424,0.11944635009124846,0.14442225400284273,0.8270633284043424,0.11944635009124846,0.14442225400284273,0.8270633284043424,0.11944635009124846,0.14442225400284273,0.8270633284043424,0.11944635009124846,0.1287701213954846,0.7991169212599379,0.10290238295982812,0.1287701213954846,0.7991169212599379,0.10290238295982812,0.1287701213954846,0.7991169212599379,0.10290238295982812,0.09693222452931054,0.7556592577040357,0.07324773283541973,0.09693222452931054,0.7556592577040357,0.07324773283541973,0.09693222452931054,0.7556592577040357,0.07324773283541973,0.029031224376527123,0.7008469671454418,0.020346445556807854,0.029031224376527123,0.7008469671454418,0.020346445556807854,0.029031224376527123,0.7008469671454418,0.020346445556807854
7933.963963963964,0.1447463985196552,0.8268733503086481,0.11968693948905804,0.1447463985196552,0.8268733503086481,0.11968693948905804,0.1447463985196552,0.8268733503086481,0.11968693948905804,0.1447463985196552,0.8268733503086481,0.11968693948905804,0.1447463985196552,0.8268733503086481,0.11968693948905804,0.1447463985196552,0.8268733503086481,0.11968693948905804,0.12832948602096134,0.7989206624804314,0.10252507798763968,0.12832948602096134,0.7989206624804314,0.10252507798763968,0.12832948602096134,0.7989206624804314,0.10252507798763968,0.09646409233991032,0.7554753940338518,0.07287624817061161,0.09646409233991032,0.7554753940338518,0.07287624817061161,0.09646409233991032,0.7554753940338518,0.07287624817061161,0.028810135945242305,0.7007098868259614,0.020187547097631296,0.028810135945242305,0.7007098868259614,0.020187547097631296,0.028810135945242305,0.7007098868259614,0.020187547097631296
7953.973973973974,0.14509673798256661,0.8266867574477319,0.11994955183905115,0.14509673798256661,0.8266867574477319,0.11994955183905115,0.14509673798256661,0.8266867574477319,0.11994955183905115,0.14509673798256661,0.8266867574477319,0.11994955183905115,0.14509673798256661,0.8266867574477319,0.11994955183905115,0.14509673798256661,0.8266867574477319,0.11994955183905115,0.12779631590731844,0.7987232112191132,0.10207388382346562,0.12779631590731844,0.7987232112191132,0.10207388382346562,0.12779631590731844,0.7987232112191132,0.10207388382346562,0.0959665498714187,0.7552918980904739,0.07248275760557796,0.0959665498714187,0.7552918980904739,0.07248275760557796,0.0959665498714187,0.7552918980904739,0.07248275760557796,0.028510614462760944,0.7005733897538775,0.01997377781814236,0.028510614462760944,0.7005733897538775,0.01997377781814236,0.028510614462760944,0.7005733897538775,0.01997377781814236
7973.983983983984,0.14542791902854502,0.8265022229259176,0.12019649835258281,0.14542791902854502,0.8265022229259176,0.12019649835258281,0.14542791902854502,0.8265022229259176,0.12019649835258281,0.14542791902854502,0.8265022229259176,0.12019649835258281,0.14542791902854502,0.8265022229259176,0.12019649835258281,0.14542791902854502,0.8265022229259176,0.12019649835258281,0.127244045716805,0.7985251221923099,0.10160756715425558,0.127244045716805,0.7985251221923099,0.10160756715425558,0.127244045716805,0.7985251221923099,0.10160756715425558,0.09550045173900984,0.7551088627236752,0.07211323750224094,0.09550045173900984,0.7551088627236752,0.07211323750224094,0.09550045173900984,0.7551088627236752,0.07211323750224094,0.028150531940292055,0.7004373325846235,0.01971768350309641,0.028150531940292055,0.7004373325846235,0.01971768350309641,0.028150531940292055,0.7004373325846235,0.01971768350309641
7993.993993993994,0.14570027912914593,0.8263173040661015,0.12039466185167434,0.14570027912914593,0.8263173040661015,0.12039466185167434,0.14570027912914593,0.8263173040661015,0.12039466185167434,0.14570027912914593,0.8263173040661015,0.12039466185167434,0.14570027912914593,0.8263173040661015,0.12039466185167434,0.14570027912914593,0.8263173040661015,0.12039466185167434,0.12674501581690614,0.7983278395444374,0.10118407465013624,0.12674501581690614,0.7983278395444374,0.10118407465013624,0.12674501581690614,0.7983278395444374,0.10118407465013624,0.09511610906649115,0.7549257701620623,0.07180560189183954,0.09511610906649115,0.7549257701620623,0.07180560189183954,0.09511610906649115,0.7549257701620623,0.07180560189183954,0.027776563137322303,0.7003016122459464,0.019451971947718135,0.027776563137322303,0.7003016122459464,0.019451971947718135,0.027776563137322303,0.7003016122459464,0.019451971947718135
8014.004004004004,0.14589642661755733,0.8261294495768955,0.12052933461679856,0.14589642661755733,0.8261294495768955,0.12052933461679856,0.14589642661755733,0.8261294495768955,0.12052933461679856,0.14589642661755733,0.8261294495768955,0.12052933461679856,0.14589642661755733,0.8261294495768955,0.12052933461679856,0.14589642661755733,0.8261294495768955,0.12052933461679856,0.1263393398196581,0.7981321705330833,0.10083549151398051,0.1263393398196581,0.7981321705330833,0.10083549151398051,0.1263393398196581,0.7981321705330833,0.10083549151398051,0.0948509418706031,0.7547419430235476,0.07158798416503255,0.0948509418706031,0.7547419430235476,0.07158798416503255,0.0948509418706031,0.7547419430235476,0.07158798416503255,0.027444122984885827,0.7001662108122699,0.019215447599393434,0.027444122984885827,0.7001662108122699,0.019215447599393434,0.027444122984885827,0.7001662108122699,0.019215447599393434
8034.014014014014,0.1460079472382129,0.825938336218383,0.12059356101659101,0.1460079472382129,0.825938336218383,0.12059356101659101,0.1460079472382129,0.825938336218383,0.12059356101659101,0.1460079472382129,0.825938336218383,0.12059356101659101,0.1460079472382129,0.825938336218383,0.12059356101659101,0.1460079472382129,0.825938336218383,0.12059356101659101,0.1260443257996353,0.797937805575364,0.10057553273378722,0.1260443257996353,0.797937805575364,0.10057553273378722,0.1260443257996353,0.797937805575364,0.10057553273378722,0.09472183172536044,0.7545573401193748,0.071473053397923,0.09472183172536044,0.7545573401193748,0.071473053397923,0.09472183172536044,0.7545573401193748,0.071473053397923,0.0271887986162739,0.7000311138330294,0.019033004979132146,0.0271887986162739,0.7000311138330294,0.019033004979132146,0.0271887986162739,0.7000311138330294,0.019033004979132146
8054.024024024024,0.1459996770957239,0.8257475505064017,0.1205588757365196,0.1459996770957239,0.8257475505064017,0.1205588757365196,0.1459996770957239,0.8257475505064017,0.1205588757365196,0.1459996770957239,0.8257475505064017,0.1205588757365196,0.1459996770957239,0.8257475505064017,0.1205588757365196,0.1459996770957239,0.8257475505064017,0.1205588757365196,0.12587515369602773,0.7977436295149961,0.10041610197522713,0.12587515369602773,0.7977436295149961,0.10041610197522713,0.12587515369602773,0.7977436295149961,0.10041610197522713,0.09472353106835368,0.7543727767489702,0.07145685315550132,0.09472353106835368,0.7543727767489702,0.07145685315550132,0.09472353106835368,0.7543727767489702,0.07145685315550132,0.02700667425318937,0.6998962972883752,0.018901871311880536,0.02700667425318937,0.6998962972883752,0.018901871311880536,0.02700667425318937,0.6998962972883752,0.018901871311880536
8074.034034034034,0.14582153812263124,0.8255607819310369,0.12038454303490595,0.14582153812263124,0.8255607819310369,0.12038454303490595,0.14582153812263124,0.8255607819310369,0.12038454303490595,0.14582153812263124,0.8255607819310369,0.12038454303490595,0.14582153812263124,0.8255607819310369,0.12038454303490595,0.14582153812263124,0.8255607819310369,0.12038454303490595,0.1258376353327359,0.7975488703862385,0.10036166391169893,0.1258376353327359,0.7975488703862385,0.10036166391169893,0.1258376353327359,0.7975488703862385,0.10036166391169893,0.09482204216042958,0.754188984271269,0.07151373966350183,0.09482204216042958,0.754188984271269,0.07151373966350183,0.09482204216042958,0.754188984271269,0.07151373966350183,0.026857954873941714,0.699761794703888,0.018794170704665488,0.026857954873941714,0.699761794703888,0.018794170704665488,0.026857954873941714,0.699761794703888,0.018794170704665488
8094.044044044044,0.1454792375090342,0.825379496328507,0.12007557978146188,0.1454792375090342,0.825379496328507,0.12007557978146188,0.1454792375090342,0.825379496328507,0.12007557978146188,0.1454792375090342,0.825379496328507,0.12007557978146188,0.1454792375090342,0.825379496328507,0.12007557978146188,0.1454792375090342,0.825379496328507,0.12007557978146188,0.1259145610054595,0.7973539406052357,0.10039847139728147,0.1259145610054595,0.7973539406052357,0.10039847139728147,0.1259145610054595,0.7973539406052357,0.10039847139728147,0.09495073909873501,0.7540059154302657,0.07159341895492202,0.09495073909873501,0.7540059154302657,0.07159341895492202,0.09495073909873501,0.7540059154302657,0.07159341895492202,0.02668950271674394,0.6996276837864696,0.01867271496712825,0.02668950271674394,0.6996276837864696,0.01867271496712825,0.02668950271674394,0.6996276837864696,0.01867271496712825
8114.054054054055,0.14502833102572044,0.8252030023489996,0.11967781418808907,0.14502833102572044,0.8252030023489996,0.11967781418808907,0.14502833102572044,0.8252030023489996,0.11967781418808907,0.14502833102572044,0.8252030023489996,0.11967781418808907,0.14502833102572044,0.8252030023489996,0.11967781418808907,0.14502833102572044,0.8252030023489996,0.11967781418808907,0.12607829873355383,0.7971600430954842,0.1005045820518451,0.12607829873355383,0.7971600430954842,0.1005045820518451,0.12607829873355383,0.7971600430954842,0.1005045820518451,0.09503018392764584,0.7538230315719356,0.07163594133917663,0.09503018392764584,0.7538230315719356,0.07163594133917663,0.09503018392764584,0.7538230315719356,0.07163594133917663,0.026460354570654116,0.6994940325858409,0.018508860122278033,0.026460354570654116,0.6994940325858409,0.018508860122278033,0.026460354570654116,0.6994940325858409,0.018508860122278033
8134.064064064065,0.14451676970149774,0.8250293124122352,0.11923057113886402,0.14451676970149774,0.8250293124122352,0.11923057113886402,0.14451676970149774,0.8250293124122352,0.11923057113886402,0.14451676970149774,0.8250293124122352,0.11923057113886402,0.14451676970149774,0.8250293124122352,0.11923057113886402,0.14451676970149774,0.8250293124122352,0.11923057113886402,0.12630809999243556,0.7969687178224083,0.10066360450155591,0.12630809999243556,0.7969687178224083,0.10066360450155591,0.12630809999243556,0.7969687178224083,0.10066360450155591,0.09499436417050508,0.7536399778646957,0.0715915505107303,0.09499436417050508,0.7536399778646957,0.0715915505107303,0.09499436417050508,0.7536399778646957,0.0715915505107303,0.026158049414790135,0.6993609180788396,0.01829391745387928,0.026158049414790135,0.6993609180788396,0.01829391745387928,0.026158049414790135,0.6993609180788396,0.01829391745387928
8154.074074074075,0.1439782255545961,0.8248560649713814,0.11876131257252613,0.1439782255545961,0.8248560649713814,0.11876131257252613,0.1439782255545961,0.8248560649713814,0.11876131257252613,0.1439782255545961,0.8248560649713814,0.11876131257252613,0.1439782255545961,0.8248560649713814,0.11876131257252613,0.1439782255545961,0.8248560649713814,0.11876131257252613,0.1265749887002235,0.7967807051657685,0.10085250875291325,0.1265749887002235,0.7967807051657685,0.10085250875291325,0.1265749887002235,0.7967807051657685,0.10085250875291325,0.09480918269881762,0.753457150548292,0.07143465664206355,0.09480918269881762,0.753457150548292,0.07143465664206355,0.09480918269881762,0.753457150548292,0.07143465664206355,0.0258033176082442,0.6992284366319017,0.018042413431129015,0.0258033176082442,0.6992284366319017,0.018042413431129015,0.0258033176082442,0.6992284366319017,0.018042413431129015
8174.084084084085,0.14345240795453937,0.8246811218957621,0.11830249273059808,0.14345240795453937,0.8246811218957621,0.11830249273059808,0.14345240795453937,0.8246811218957621,0.11830249273059808,0.14345240795453937,0.8246811218957621,0.11830249273059808,0.14345240795453937,0.8246811218957621,0.11830249273059808,0.14345240795453937,0.8246811218957621,0.11830249273059808,0.1268272197896868,0.7965953158751639,0.1010299692099344,0.1268272197896868,0.7965953158751639,0.1010299692099344,0.1268272197896868,0.7965953158751639,0.1010299692099344,0.09448221094350648,0.7532754566134449,0.07117113059031765,0.09448221094350648,0.7532754566134449,0.07117113059031765,0.09448221094350648,0.7532754566134449,0.07117113059031765,0.02544263496761827,0.6990966421426651,0.017786860673123486,0.02544263496761827,0.6990966421426651,0.017786860673123486,0.02544263496761827,0.6990966421426651,0.017786860673123486
8194.094094094095,0.14299575814396648,0.8245030126022537,0.11790043337904361,0.14299575814396648,0.8245030126022537,0.11790043337904361,0.14299575814396648,0.8245030126022537,0.11790043337904361,0.14299575814396648,0.8245030126022537,0.11790043337904361,0.14299575814396648,0.8245030126022537,0.11790043337904361,0.14299575814396648,0.8245030126022537,0.11790043337904361,0.12701236809124947,0.7964108381933583,0.10115402653247535,0.12701236809124947,0.7964108381933583,0.10115402653247535,0.12701236809124947,0.7964108381933583,0.10115402653247535,0.09405385452824279,0.7530953643617002,0.07083152184556935,0.09405385452824279,0.7530953643617002,0.07083152184556935,0.09405385452824279,0.7530953643617002,0.07083152184556935,0.02512715981874925,0.6989655339018683,0.01756301867814964,0.02512715981874925,0.6989655339018683,0.01756301867814964,0.02512715981874925,0.6989655339018683,0.01756301867814964
8214.104104104104,0.142662403457141,0.8243224260874108,0.1175998185292515,0.142662403457141,0.8243224260874108,0.1175998185292515,0.142662403457141,0.8243224260874108,0.1175998185292515,0.142662403457141,0.8243224260874108,0.1175998185292515,0.142662403457141,0.8243224260874108,0.1175998185292515,0.142662403457141,0.8243224260874108,0.1175998185292515,0.12708730759635808,0.7962256677516267,0.1011901763536666,0.12708730759635808,0.7962256677516267,0.1011901763536666,0.12708730759635808,0.7962256677516267,0.1011901763536666,0.09357871004925644,0.7529166285545918,0.07045696687477386,0.09357871004925644,0.7529166285545918,0.07045696687477386,0.09357871004925644,0.7529166285545918,0.07045696687477386,0.02488578742569188,0.698835118801214,0.017391062212095142,0.02488578742569188,0.698835118801214,0.017391062212095142,0.02488578742569188,0.698835118801214,0.017391062212095142
8234.114114114114,0.14246903647565395,0.8241427553524399,0.1174148242734527,0.14246903647565395,0.8241427553524399,0.1174148242734527,0.14246903647565395,0.8241427553524399,0.1174148242734527,0.14246903647565395,0.8241427553524399,0.1174148242734527,0.14246903647565395,0.8241427553524399,0.1174148242734527,0.14246903647565395,0.8241427553524399,0.1174148242734527,0.1270116870486373,0.7960397397121242,0.10110635029859501,0.1270116870486373,0.7960397397121242,0.10110635029859501,0.1270116870486373,0.7960397397121242,0.10110635029859501,0.09311529341134997,0.7527387979214735,0.07009149403056487,0.09311529341134997,0.7527387979214735,0.07009149403056487,0.09311529341134997,0.7527387979214735,0.07009149403056487,0.024709774394102435,0.6987054046868693,0.017264852917752583,0.024709774394102435,0.6987054046868693,0.017264852917752583,0.024709774394102435,0.6987054046868693,0.017264852917752583
8254.124124124124,0.14239848856065856,0.823966658652209,0.11733160681645063,0.14239848856065856,0.823966658652209,0.11733160681645063,0.14239848856065856,0.823966658652209,0.11733160681645063,0.14239848856065856,0.823966658652209,0.11733160681645063,0.14239848856065856,0.823966658652209,0.11733160681645063,0.14239848856065856,0.823966658652209,0.11733160681645063,0.12676356455771753,0.7958542346278251,0.10088531964977719,0.12676356455771753,0.7958542346278251,0.10088531964977719,0.12676356455771753,0.7958542346278251,0.10088531964977719,0.09271655916652621,0.7525617244677921,0.06977493365308104,0.09271655916652621,0.7525617244677921,0.06977493365308104,0.09271655916652621,0.7525617244677921,0.06977493365308104,0.02455927124736367,0.6985763305960253,0.01715652559009578,0.02455927124736367,0.6985763305960253,0.01715652559009578,0.02455927124736367,0.6985763305960253,0.01715652559009578
8274.134134134134,0.14243315428421305,0.8237949072799684,0.11733570712715673,0.14243315428421305,0.8237949072799684,0.11733570712715673,0.14243315428421305,0.8237949072799684,0.11733570712715673,0.14243315428421305,0.8237949072799684,0.11733570712715673,0.14243315428421305,0.8237949072799684,0.11733570712715673,0.14243315428421305,0.8237949072799684,0.11733570712715673,0.12636533879841966,0.7956706320348554,0.1005451889890372,0.12636533879841966,0.7956706320348554,0.1005451889890372,0.12636533879841966,0.7956706320348554,0.1005451889890372,0.09242086334979793,0.7523857115435699,0.06953613703290876,0.09242086334979793,0.7523857115435699,0.06953613703290876,0.09242086334979793,0.7523857115435699,0.06953613703290876,0.02438508713026075,0.6984477882967471,0.017031710173554093,0.02438508713026075,0.6984477882967471,0.017031710173554093,0.02438508713026075,0.6984477882967471,0.017031710173554093
8294.144144144144,0.14256847250782814,0.8236261372670279,0.11742312030768295,0.14256847250782814,0.8236261372670279,0.11742312030768295,0.14256847250782814,0.8236261372670279,0.11742312030768295,0.14256847250782814,0.8236261372670279,0.11742312030768295,0.14256847250782814,0.8236261372670279,0.11742312030768295,0.14256847250782814,0.8236261372670279,0.11742312030768295,0.12587715249157003,0.7954898716237936,0.10013399987588772,0.12587715249157003,0.7954898716237936,0.10013399987588772,0.12587715249157003,0.7954898716237936,0.10013399987588772,0.09225196080930273,0.752211075238453,0.06939294663322124,0.09225196080930273,0.752211075238453,0.06939294663322124,0.09225196080930273,0.752211075238453,0.06939294663322124,0.024151293761003653,0.6983197026978544,0.016865324278952615,0.024151293761003653,0.6983197026978544,0.016865324278952615,0.024151293761003653,0.6983197026978544,0.016865324278952615
8314.154154154154,0.14279478875600676,0.8234578157593256,0.11758548485083564,0.14279478875600676,0.8234578157593256,0.11758548485083564,0.14279478875600676,0.8234578157593256,0.11758548485083564,0.14279478875600676,0.8234578157593256,0.11758548485083564,0.14279478875600676,0.8234578157593256,0.11758548485083564,0.14279478875600676,0.8234578157593256,0.11758548485083564,0.1253602292569841,0.7953115522893298,0.09970043852571828,0.1253602292569841,0.7953115522893298,0.09970043852571828,0.1253602292569841,0.7953115522893298,0.09970043852571828,0.09221318571755725,0.75203762119788,0.06934778483011007,0.09221318571755725,0.75203762119788,0.06934778483011007,0.09221318571755725,0.75203762119788,0.06934778483011007,0.02384944270957906,0.6981920258560967,0.01665149072093992,0.02384944270957906,0.6981920258560967,0.01665149072093992,0.02384944270957906,0.6981920258560967,0.01665149072093992
8334.164164164164,0.14308204919630377,0.8232878480709526,0.1177977123804071,0.14308204919630377,0.8232878480709526,0.1177977123804071,0.14308204919630377,0.8232878480709526,0.1177977123804071,0.14308204919630377,0.8232878480709526,0.1177977123804071,0.14308204919630377,0.8232878480709526,0.1177977123804071,0.14308204919630377,0.8232878480709526,0.1177977123804071,0.12486231448443366,0.7951341203949359,0.09928228659805603,0.12486231448443366,0.7951341203949359,0.09928228659805603,0.12486231448443366,0.7951341203949359,0.09928228659805603,0.09227669399730665,0.7518649061494653,0.06937960787206789,0.09227669399730665,0.7518649061494653,0.06937960787206789,0.09227669399730665,0.7518649061494653,0.06937960787206789,0.023502368476543165,0.6980646910632694,0.016406173589833227,0.023502368476543165,0.6980646910632694,0.016406173589833227,0.023502368476543165,0.6980646910632694,0.016406173589833227
8354.174174174173,0.14339282892952518,0.8231151322165908,0.1180288073432371,0.14339282892952518,0.8231151322165908,0.1180288073432371,0.14339282892952518,0.8231151322165908,0.1180288073432371,0.14339282892952518,0.8231151322165908,0.1180288073432371,0.14339282892952518,0.8231151322165908,0.1180288073432371,0.14339282892952518,0.8231151322165908,0.1180288073432371,0.12442759522644296,0.7949556032225977,0.0989144140207742,0.12442759522644296,0.7949556032225977,0.0989144140207742,0.12442759522644296,0.7949556032225977,0.0989144140207742,0.09238525590211183,0.7516927480718746,0.06944532689038181,0.09238525590211183,0.7516927480718746,0.06944532689038181,0.09238525590211183,0.7516927480718746,0.06944532689038181,0.02315559590264816,0.6979376386557228,0.016161161925960385,0.02315559590264816,0.6979376386557228,0.016161161925960385,0.02315559590264816,0.6979376386557228,0.016161161925960385
8374.184184184183,0.14370163957534537,0.8229392661735316,0.11825772182006805,0.14370163957534537,0.8229392661735316,0.11825772182006805,0.14370163957534537,0.8229392661735316,0.11825772182006805,0.14370163957534537,0.8229392661735316,0.11825772182006805,0.14370163957534537,0.8229392661735316,0.11825772182006805,0.14370163957534537,0.8229392661735316,0.11825772182006805,0.12409570038791323,0.7947752282613457,0.09862818860205531,0.12409570038791323,0.7947752282613457,0.09862818860205531,0.12409570038791323,0.7947752282613457,0.09862818860205531,0.09246514551920257,0.7515212555743314,0.06948952225745438,0.09246514551920257,0.7515212555743314,0.06948952225745438,0.09246514551920257,0.7515212555743314,0.06948952225745438,0.02285560918898052,0.6978108530182776,0.015948892144414882,0.02285560918898052,0.6978108530182776,0.015948892144414882,0.02285560918898052,0.6978108530182776,0.015948892144414882
8394.194194194195,0.14399602207234732,0.8227614586426524,0.11847437715898405,0.14399602207234732,0.8227614586426524,0.11847437715898405,0.14399602207234732,0.8227614586426524,0.11847437715898405,0.14399602207234732,0.8227614586426524,0.11847437715898405,0.14399602207234732,0.8227614586426524,0.11847437715898405,0.14399602207234732,0.8227614586426524,0.11847437715898405,0.12388520099047454,0.7945938820564127,0.0984384227843601,0.12388520099047454,0.7945938820564127,0.0984384227843601,0.12388520099047454,0.7945938820564127,0.0984384227843601,0.09244876998748437,0.7513505202018,0.06946143142211295,0.09244876998748437,0.7513505202018,0.06946143142211295,0.09244876998748437,0.7513505202018,0.06946143142211295,0.02262514761495131,0.6976843479976884,0.01578521136208876,0.02262514761495131,0.6976843479976884,0.01578521136208876,0.02262514761495131,0.6976843479976884,0.01578521136208876
8414.204204204205,0.1442464096701327,0.8225839933289849,0.11865478768982646,0.1442464096701327,0.8225839933289849,0.11865478768982646,0.1442464096701327,0.8225839933289849,0.11865478768982646,0.1442464096701327,0.8225839933289849,0.11865478768982646,0.1442464096701327,0.8225839933289849,0.11865478768982646,0.1442464096701327,0.8225839933289849,0.11865478768982646,0.12379150911618413,0.7944128602858495,0.09834156683608963,0.12379150911618413,0.7944128602858495,0.09834156683608963,0.12379150911618413,0.7944128602858495,0.09834156683608963,0.09229864774923306,0.751180243205415,0.06933292066379983,0.09229864774923306,0.751180243205415,0.06933292066379983,0.09229864774923306,0.751180243205415,0.06933292066379983,0.022451792038061885,0.6975581605610824,0.015661430755370406,0.022451792038061885,0.6975581605610824,0.015661430755370406,0.022451792038061885,0.6975581605610824,0.015661430755370406
8434.214214214215,0.14439974817532267,0.8224082094789087,0.11875553834607243,0.14439974817532267,0.8224082094789087,0.11875553834607243,0.14439974817532267,0.8224082094789087,0.11875553834607243,0.14439974817532267,0.8224082094789087,0.11875553834607243,0.14439974817532267,0.8224082094789087,0.11875553834607243,0.14439974817532267,0.8224082094789087,0.11875553834607243,0.1238060398184923,0.7942330468552977,0.09833084822412945,0.1238060398184923,0.7942330468552977,0.09833084822412945,0.1238060398184923,0.7942330468552977,0.09833084822412945,0.09201378467643861,0.7510097816642064,0.06910325233994946,0.09201378467643861,0.7510097816642064,0.06910325233994946,0.09201378467643861,0.7510097816642064,0.06910325233994946,0.02229658674408105,0.6974323585163898,0.01555036107978972,0.02229658674408105,0.6974323585163898,0.01555036107978972,0.02229658674408105,0.6974323585163898,0.01555036107978972
8454.224224224225,0.14442567996163996,0.8222342554907447,0.1187517414370036,0.14442567996163996,0.8222342554907447,0.1187517414370036,0.14442567996163996,0.8222342554907447,0.1187517414370036,0.14442567996163996,0.8222342554907447,0.1187517414370036,0.14442567996163996,0.8222342554907447,0.1187517414370036,0.14442567996163996,0.8222342554907447,0.1187517414370036,0.12392129897791068,0.7940543060409486,0.09840024106359778,0.12392129897791068,0.7940543060409486,0.09840024106359778,0.12392129897791068,0.7940543060409486,0.09840024106359778,0.09162245960211013,0.7508388151712887,0.06879369901072763,0.09162245960211013,0.7508388151712887,0.06879369901072763,0.09162245960211013,0.7508388151712887,0.06879369901072763,0.022114579570911116,0.6973070087916033,0.015420651331275929,0.022114579570911116,0.6973070087916033,0.015420651331275929,0.022114579570911116,0.6973070087916033,0.015420651331275929
8474.234234234234,0.1443230018390804,0.822060551682223,0.11864224651226891,0.1443230018390804,0.822060551682223,0.11864224651226891,0.1443230018390804,0.822060551682223,0.11864224651226891,0.1443230018390804,0.822060551682223,0.11864224651226891,0.1443230018390804,0.822060551682223,0.11864224651226891,0.1443230018390804,0.822060551682223,0.11864224651226891,0.12411432542711742,0.7938756149910269,0.09853133642764929,0.12411432542711742,0.7938756149910269,0.09853133642764929,0.12411432542711742,0.7938756149910269,0.09853133642764929,0.09117332215813104,0.7506677002531377,0.06844086806888267,0.09117332215813104,0.7506677002531377,0.06844086806888267,0.09117332215813104,0.7506677002531377,0.06844086806888267,0.021874836481053785,0.6971821548882107,0.015250745635688321,0.021874836481053785,0.6971821548882107,0.015250745635688321,0.021874836481053785,0.6971821548882107,0.015250745635688321
8494.244244244244,0.1440912055722366,0.8218852075990795,0.1184264304049393,0.1440912055722366,0.8218852075990795,0.1184264304049393,0.1440912055722366,0.8218852075990795,0.1184264304049393,0.1440912055722366,0.8218852075990795,0.1184264304049393,0.1440912055722366,0.8218852075990795,0.1184264304049393,0.1440912055722366,0.8218852075990795,0.1184264304049393,0.12434866068414559,0.7936955724544444,0.0986949814256464,0.12434866068414559,0.7936955724544444,0.0986949814256464,0.12434866068414559,0.7936955724544444,0.0986949814256464,0.09072146980280961,0.7504969774223501,0.06808618887432162,0.09072146980280961,0.7504969774223501,0.06808618887432162,0.09072146980280961,0.7504969774223501,0.06808618887432162,0.021572933322281346,0.6970578521679571,0.015037582566591988,0.021572933322281346,0.6970578521679571,0.015037582566591988,0.021572933322281346,0.6970578521679571,0.015037582566591988
8514.254254254254,0.14372735913109572,0.821707768209228,0.11810188750221887,0.14372735913109572,0.821707768209228,0.11810188750221887,0.14372735913109572,0.821707768209228,0.11810188750221887,0.14372735913109572,0.821707768209228,0.11810188750221887,0.14372735913109572,0.821707768209228,0.11810188750221887,0.14372735913109572,0.821707768209228,0.11810188750221887,0.12458879549530733,0.7935134433333432,0.09886288411423504,0.12458879549530733,0.7935134433333432,0.09886288411423504,0.12458879549530733,0.7935134433333432,0.09886288411423504,0.0903164599336861,0.7503267638184137,0.06776685710157812,0.0903164599336861,0.7503267638184137,0.06776685710157812,0.0903164599336861,0.7503267638184137,0.06776685710157812,0.021233729375895752,0.6969341738746111,0.014798511640866967,0.021233729375895752,0.6969341738746111,0.014798511640866967,0.021233729375895752,0.6969341738746111,0.014798511640866967
8534.264264264264,0.14324870986678762,0.8215287313414738,0.11768293088316488,0.14324870986678762,0.8215287313414738,0.11768293088316488,0.14324870986678762,0.8215287313414738,0.11768293088316488,0.14324870986678762,0.8215287313414738,0.11768293088316488,0.14324870986678762,0.8215287313414738,0.11768293088316488,0.14324870986678762,0.8215287313414738,0.11768293088316488,0.12479072869024248,0.7933300644349753,0.0990002368327176,0.12479072869024248,0.7933300644349753,0.0990002368327176,0.12479072869024248,0.7933300644349753,0.0990002368327176,0.09000001073170705,0.7501565689643976,0.06751409925725632,0.09000001073170705,0.7501565689643976,0.06751409925725632,0.09000001073170705,0.7501565689643976,0.06751409925725632,0.020901373909872487,0.6968111458807151,0.014564310304619531,0.020901373909872487,0.6968111458807151,0.014564310304619531,0.020901373909872487,0.6968111458807151,0.014564310304619531
8554.274274274274,0.1427117036157098,0.8213487669440608,0.11721608179324952,0.1427117036157098,0.8213487669440608,0.11721608179324952,0.1427117036157098,0.8213487669440608,0.11721608179324952,0.1427117036157098,0.8213487669440608,0.11721608179324952,0.1427117036157098,0.8213487669440608,0.11721608179324952,0.1427117036157098,0.8213487669440608,0.11721608179324952,0.12489390943151069,0.7931468840181969,0.0990592150984536,0.12489390943151069,0.7931468840181969,0.0990592150984536,0.12489390943151069,0.7931468840181969,0.0990592150984536,0.08980094792198497,0.749985764304489,0.06734943256253752,0.08980094792198497,0.749985764304489,0.06734943256253752,0.08980094792198497,0.749985764304489,0.06734943256253752,0.02061738775123888,0.6966887275270045,0.014363901637341464,0.02061738775123888,0.6966887275270045,0.014363901637341464,0.02061738775123888,0.6966887275270045,0.014363901637341464
8574.284284284284,0.14219287990911736,0.8211691693955216,0.11676440908892706,0.14219287990911736,0.8211691693955216,0.11676440908892706,0.14219287990911736,0.8211691693955216,0.11676440908892706,0.14219287990911736,0.8211691693955216,0.11676440908892706,0.14219287990911736,0.8211691693955216,0.11676440908892706,0.14219287990911736,0.8211691693955216,0.11676440908892706,0.1248499923847472,0.7929647939760748,0.09900164848928557,0.1248499923847472,0.7929647939760748,0.09900164848928557,0.1248499923847472,0.7929647939760748,0.09900164848928557,0.0897269509071203,0.7498143775915282,0.06727855784760801,0.0897269509071203,0.7498143775915282,0.06727855784760801,0.0897269509071203,0.7498143775915282,0.06727855784760801,0.020398613927307387,0.6965668780133266,0.01420899881914367,0.020398613927307387,0.6965668780133266,0.01420899881914367,0.020398613927307387,0.6965668780133266,0.01420899881914367
8594.294294294295,0.14174333765362182,0.8209908378216814,0.11636998153588846,0.14174333765362182,0.8209908378216814,0.11636998153588846,0.14174333765362182,0.8209908378216814,0.11636998153588846,0.14174333765362182,0.8209908378216814,0.11636998153588846,0.14174333765362182,0.8209908378216814,0.11636998153588846,0.14174333765362182,0.8209908378216814,0.11636998153588846,0.12464989565082708,0.7927837723646424,0.09882041449892172,0.12464989565082708,0.7927837723646424,0.09882041449892172,0.12464989565082708,0.7927837723646424,0.09882041449892172,0.08975898227712623,0.7496431807326763,0.06728720897355282,0.08975898227712623,0.7496431807326763,0.06728720897355282,0.08975898227712623,0.7496431807326763,0.06728720897355282,0.020229425259771915,0.6964455793550492,0.01408869379506152,0.020229425259771915,0.6964455793550492,0.01408869379506152,0.020229425259771915,0.6964455793550492,0.01408869379506152
8614.304304304304,0.14138025180457833,0.8208138959553085,0.11604687529485848,0.14138025180457833,0.8208138959553085,0.11604687529485848,0.14138025180457833,0.8208138959553085,0.11604687529485848,0.14138025180457833,0.8208138959553085,0.11604687529485848,0.14138025180457833,0.8208138959553085,0.11604687529485848,0.14138025180457833,0.8208138959553085,0.11604687529485848,0.12431393249483873,0.7926029525138336,0.09853158993401458,0.12431393249483873,0.7926029525138336,0.09853158993401458,0.12431393249483873,0.7926029525138336,0.09853158993401458,0.08984775993499731,0.7494729259109753,0.06733846352502933,0.08984775993499731,0.7494729259109753,0.06733846352502933,0.08984775993499731,0.7494729259109753,0.06733846352502933,0.020071762414575322,0.6963247805053695,0.013976465557685086,0.020071762414575322,0.6963247805053695,0.013976465557685086,0.020071762414575322,0.6963247805053695,0.013976465557685086
8634.314314314315,0.14111252459364187,0.8206374990066511,0.1158022292610408,0.14111252459364187,0.8206374990066511,0.1158022292610408,0.14111252459364187,0.8206374990066511,0.1158022292610408,0.14111252459364187,0.8206374990066511,0.1158022292610408,0.14111252459364187,0.8206374990066511,0.1158022292610408,0.14111252459364187,0.8206374990066511,0.1158022292610408,0.12387563065388855,0.7924212380668583,0.09816168060906723,0.12387563065388855,0.7924212380668583,0.09816168060906723,0.12387563065388855,0.7924212380668583,0.09816168060906723,0.08992431556484463,0.7493037551598422,0.06738062733291672,0.08992431556484463,0.7493037551598422,0.06738062733291672,0.08992431556484463,0.7493037551598422,0.06738062733291672,0.01988433263264388,0.6962043884863706,0.013843559640969415,0.01988433263264388,0.6962043884863706,0.013843559640969415,0.01988433263264388,0.6962043884863706,0.013843559640969415
8654.324324324325,0.14095550080941072,0.8204596961132641,0.11564830735958206,0.14095550080941072,0.8204596961132641,0.11564830735958206,0.14095550080941072,0.8204596961132641,0.11564830735958206,0.14095550080941072,0.8204596961132641,0.11564830735958206,0.14095550080941072,0.8204596961132641,0.11564830735958206,0.14095550080941072,0.8204596961132641,0.11564830735958206,0.12338146365952378,0.7922380871610039,0.09774749476074603,0.12338146365952378,0.7922380871610039,0.09774749476074603,0.12338146365952378,0.7922380871610039,0.09774749476074603,0.08992408629210015,0.7491352208011699,0.0673653002397759,0.08992408629210015,0.7491352208011699,0.0673653002397759,0.08992408629210015,0.7491352208011699,0.0673653002397759,0.019640503101806237,0.6960843301942033,0.013671446446297968,0.019640503101806237,0.6960843301942033,0.013671446446297968,0.019640503101806237,0.6960843301942033,0.013671446446297968
8674.334334334335,0.14091883727397567,0.8202795484000832,0.11559284020016157,0.14091883727397567,0.8202795484000832,0.11559284020016157,0.14091883727397567,0.8202795484000832,0.11559284020016157,0.14091883727397567,0.8202795484000832,0.11559284020016157,0.14091883727397567,0.8202795484000832,0.11559284020016157,0.14091883727397567,0.8202795484000832,0.11559284020016157,0.12289015144165821,0.7920542958963519,0.09733567237271865,0.12289015144165821,0.7920542958963519,0.09733567237271865,0.12289015144165821,0.7920542958963519,0.09733567237271865,0.089805352569615,0.7489668749995538,0.0672612342722977,0.089805352569615,0.7489668749995538,0.0672612342722977,0.089805352569615,0.7489668749995538,0.0672612342722977,0.019339466265666374,0.6959645726717837,0.013459583375284875,0.019339466265666374,0.6959645726717837,0.013459583375284875,0.019339466265666374,0.6959645726717837,0.013459583375284875
8694.344344344345,0.14099082443520594,0.8200984317507286,0.1156263540105547,0.14099082443520594,0.8200984317507286,0.1156263540105547,0.14099082443520594,0.8200984317507286,0.1156263540105547,0.14099082443520594,0.8200984317507286,0.1156263540105547,0.14099082443520594,0.8200984317507286,0.1156263540105547,0.14099082443520594,0.8200984317507286,0.1156263540105547,0.1224543979161621,0.7918716059328174,0.09696816073140753,0.1224543979161621,0.7918716059328174,0.09696816073140753,0.1224543979161621,0.7918716059328174,0.09696816073140753,0.0895578287109028,0.7487989036538769,0.06706080395234572,0.0895578287109028,0.7487989036538769,0.06706080395234572,0.0895578287109028,0.7487989036538769,0.06706080395234572,0.019007811819793816,0.6958450934749946,0.013226492592499535,0.019007811819793816,0.6958450934749946,0.013226492592499535,0.019007811819793816,0.6958450934749946,0.013226492592499535
8714.354354354356,0.1411434673137196,0.8199183743274063,0.11572612226679839,0.1411434673137196,0.8199183743274063,0.11572612226679839,0.1411434673137196,0.8199183743274063,0.11572612226679839,0.1411434673137196,0.8199183743274063,0.11572612226679839,0.1411434673137196,0.8199183743274063,0.11572612226679839,0.1411434673137196,0.8199183743274063,0.11572612226679839,0.12210361077946096,0.7916911734854126,0.09666835090479753,0.12210361077946096,0.7916911734854126,0.09666835090479753,0.12210361077946096,0.7916911734854126,0.09666835090479753,0.08920271208004038,0.7486319445038341,0.06677999979949628,0.08920271208004038,0.7486319445038341,0.06677999979949628,0.08920271208004038,0.7486319445038341,0.06677999979949628,0.018688087053163133,0.6957258798811391,0.013001785808357244,0.018688087053163133,0.6957258798811391,0.013001785808357244,0.018688087053163133,0.6957258798811391,0.013001785808357244
8734.364364364365,0.14135382782576733,0.8197408540092026,0.1158735075393643,0.14135382782576733,0.8197408540092026,0.1158735075393643,0.14135382782576733,0.8197408540092026,0.1158735075393643,0.14135382782576733,0.8197408540092026,0.1158735075393643,0.14135382782576733,0.8197408540092026,0.1158735075393643,0.14135382782576733,0.8197408540092026,0.1158735075393643,0.12185189114266455,0.79151308329466,0.09644736606361569,0.12185189114266455,0.79151308329466,0.09644736606361569,0.12185189114266455,0.79151308329466,0.09644736606361569,0.08878115210097044,0.748466401502998,0.06644970943430369,0.08878115210097044,0.748466401502998,0.06644970943430369,0.08878115210097044,0.748466401502998,0.06644970943430369,0.01841713371621945,0.6956069445254366,0.012811086111255811,0.01841713371621945,0.6956069445254366,0.012811086111255811,0.01841713371621945,0.6956069445254366,0.012811086111255811
8754.374374374374,0.14161132659560505,0.8195667642523481,0.11605993671944251,0.14161132659560505,0.8195667642523481,0.11605993671944251,0.14161132659560505,0.8195667642523481,0.11605993671944251,0.14161132659560505,0.8195667642523481,0.11605993671944251,0.14161132659560505,0.8195667642523481,0.11605993671944251,0.14161132659560505,0.8195667642523481,0.11605993671944251,0.1217116940528526,0.7913364786777533,0.09631490338568842,0.1217116940528526,0.7913364786777533,0.09631490338568842,0.1217116940528526,0.7913364786777533,0.09631490338568842,0.08834175941132798,0.7483021795520729,0.06610633111296157,0.08834175941132798,0.7483021795520729,0.06610633111296157,0.08834175941132798,0.7483021795520729,0.06610633111296157,0.018206859064162955,0.6954883180025812,0.012662657786644743,0.018206859064162955,0.6954883180025812,0.012662657786644743,0.018206859064162955,0.6954883180025812,0.012662657786644743
8774.384384384384,0.14189701321004425,0.8193957635920681,0.11626981149067799,0.14189701321004425,0.8193957635920681,0.11626981149067799,0.14189701321004425,0.8193957635920681,0.11626981149067799,0.14189701321004425,0.8193957635920681,0.11626981149067799,0.14189701321004425,0.8193957635920681,0.11626981149067799,0.14189701321004425,0.8193957635920681,0.11626981149067799,0.12168690759748975,0.7911601445129104,0.09627383140015916,0.12168690759748975,0.7911601445129104,0.09627383140015916,0.12168690759748975,0.7911601445129104,0.09627383140015916,0.08793429388063266,0.7481388850419897,0.06578706458081117,0.08793429388063266,0.7481388850419897,0.06578706458081117,0.08793429388063266,0.7481388850419897,0.06578706458081117,0.018039510898089667,0.6953700472828469,0.012544135546164044,0.018039510898089667,0.6953700472828469,0.012544135546164044,0.018039510898089667,0.6953700472828469,0.012544135546164044
8794.394394394394,0.14217229444294313,0.8192268339450236,0.11647135865119197,0.14217229444294313,0.8192268339450236,0.11647135865119197,0.14217229444294313,0.8192268339450236,0.11647135865119197,0.14217229444294313,0.8192268339450236,0.11647135865119197,0.14217229444294313,0.8192268339450236,0.11647135865119197,0.14217229444294313,0.8192268339450236,0.11647135865119197,0.12176380477014294,0.7909832908443186,0.0963131350028128,0.12176380477014294,0.7909832908443186,0.0963131350028128,0.12176380477014294,0.7909832908443186,0.0963131350028128,0.08760210914315801,0.7479762556670242,0.06552429758543331,0.08760210914315801,0.7479762556670242,0.06552429758543331,0.08760210914315801,0.7479762556670242,0.06552429758543331,0.0178784908034515,0.6952522006238694,0.012430060074933266,0.0178784908034515,0.6952522006238694,0.012430060074933266,0.0178784908034515,0.6952522006238694,0.012430060074933266
8814.404404404404,0.14240236724184097,0.8190580015014689,0.1166357983221805,0.14240236724184097,0.8190580015014689,0.1166357983221805,0.14240236724184097,0.8190580015014689,0.1166357983221805,0.14240236724184097,0.8190580015014689,0.1166357983221805,0.14240236724184097,0.8190580015014689,0.1166357983221805,0.14240236724184097,0.8190580015014689,0.1166357983221805,0.12192200208695267,0.7908061518902207,0.0964166693011345,0.12192200208695267,0.7908061518902207,0.0964166693011345,0.12192200208695267,0.7908061518902207,0.0964166693011345,0.08737634223786525,0.7478144065920915,0.06534128752079671,0.08737634223786525,0.7478144065920915,0.06534128752079671,0.08737634223786525,0.7478144065920915,0.06534128752079671,0.01768609407963126,0.695134840547773,0.012294220187957387,0.01768609407963126,0.695134840547773,0.012294220187957387,0.01768609407963126,0.695134840547773,0.012294220187957387
8834.414414414414,0.14256871208661923,0.8188869680810814,0.11674766038383624,0.14256871208661923,0.8188869680810814,0.11674766038383624,0.14256871208661923,0.8188869680810814,0.11674766038383624,0.14256871208661923,0.8188869680810814,0.11674766038383624,0.14256871208661923,0.8188869680810814,0.11674766038383624,0.14256871208661923,0.8188869680810814,0.11674766038383624,0.1221416088443097,0.7906300477445097,0.09656882603216782,0.1221416088443097,0.7906300477445097,0.09656882603216782,0.1221416088443097,0.7906300477445097,0.09656882603216782,0.087271522045874,0.7476534856385803,0.0652488576545819,0.087271522045874,0.7476534856385803,0.0652488576545819,0.087271522045874,0.7476534856385803,0.0652488576545819,0.017439633898116935,0.6950179966961734,0.012120859414983908,0.017439633898116935,0.6950179966961734,0.012120859414983908,0.017439633898116935,0.6950179966961734,0.012120859414983908
8854.424424424424,0.14265155442616562,0.8187133106638919,0.11679072639559641,0.14265155442616562,0.8187133106638919,0.11679072639559641,0.14265155442616562,0.8187133106638919,0.11679072639559641,0.14265155442616562,0.8187133106638919,0.11679072639559641,0.14265155442616562,0.8187133106638919,0.11679072639559641,0.14265155442616562,0.8187133106638919,0.11679072639559641,0.12238672888505683,0.7904562145417854,0.0967413504246338,0.12238672888505683,0.7904562145417854,0.0967413504246338,0.12238672888505683,0.7904562145417854,0.0967413504246338,0.0872754523820112,0.7474933177889036,0.06523781746255702,0.0872754523820112,0.7474933177889036,0.06523781746255702,0.0872754523820112,0.7474933177889036,0.06523781746255702,0.01714145947164079,0.6949016873599058,0.011911629110654624,0.01714145947164079,0.6949016873599058,0.011911629110654624,0.01714145947164079,0.6949016873599058,0.011911629110654624
8874.434434434434,0.14261257092328097,0.8185392507471714,0.11673398695067025,0.14261257092328097,0.8185392507471714,0.11673398695067025,0.14261257092328097,0.8185392507471714,0.11673398695067025,0.14261257092328097,0.8185392507471714,0.11673398695067025,0.14261257092328097,0.8185392507471714,0.11673398695067025,0.14261257092328097,0.8185392507471714,0.11673398695067025,0.12260146522132992,0.7902849136080795,0.09689008835066268,0.12260146522132992,0.7902849136080795,0.09689008835066268,0.12260146522132992,0.7902849136080795,0.09689008835066268,0.08734549888297347,0.7473335691936596,0.06527622343321336,0.08734549888297347,0.7473335691936596,0.06527622343321336,0.08734549888297347,0.7473335691936596,0.06527622343321336,0.016819193581159745,0.6947859390056514,0.011685739205603899,0.016819193581159745,0.6947859390056514,0.011685739205603899,0.016819193581159745,0.6947859390056514,0.011685739205603899
8894.444444444445,0.14241814298230066,0.8183673922056636,0.11655036427519871,0.14241814298230066,0.8183673922056636,0.11655036427519871,0.14241814298230066,0.8183673922056636,0.11655036427519871,0.14241814298230066,0.8183673922056636,0.11655036427519871,0.14241814298230066,0.8183673922056636,0.11655036427519871,0.14241814298230066,0.8183673922056636,0.11655036427519871,0.12273235605549877,0.7901154883712604,0.09697273544374584,0.12273235605549877,0.7901154883712604,0.09697273544374584,0.12273235605549877,0.7901154883712604,0.09697273544374584,0.08741977710410692,0.7471740444651765,0.0653177884251198,0.08741977710410692,0.7471740444651765,0.0653177884251198,0.08741977710410692,0.7471740444651765,0.0653177884251198,0.01651306770127262,0.6946707539994388,0.01147114519088683,0.01651306770127262,0.6946707539994388,0.01147114519088683,0.01651306770127262,0.6946707539994388,0.01147114519088683
8914.454454454455,0.14207930946963074,0.8181994527761622,0.11624921325886688,0.14207930946963074,0.8181994527761622,0.11624921325886688,0.14207930946963074,0.8181994527761622,0.11624921325886688,0.14207930946963074,0.8181994527761622,0.11624921325886688,0.14207930946963074,0.8181994527761622,0.11624921325886688,0.14207930946963074,0.8181994527761622,0.11624921325886688,0.12274076267840363,0.789946798184749,0.09695867248455908,0.12274076267840363,0.789946798184749,0.09695867248455908,0.12274076267840363,0.789946798184749,0.09695867248455908,0.08743509770517258,0.7470148075846875,0.06531531268837784,0.08743509770517258,0.7470148075846875,0.06531531268837784,0.08743509770517258,0.7470148075846875,0.06531531268837784,0.016255055422071674,0.6945560871852476,0.011290047690933445,0.016255055422071674,0.6945560871852476,0.011290047690933445,0.016255055422071674,0.6945560871852476,0.011290047690933445
8934.464464464465,0.14164656223200256,0.8180358541213851,0.11587196651881415,0.14164656223200256,0.8180358541213851,0.11587196651881415,0.14164656223200256,0.8180358541213851,0.11587196651881415,0.14164656223200256,0.8180358541213851,0.11587196651881415,0.14164656223200256,0.8180358541213851,0.11587196651881415,0.14164656223200256,0.8180358541213851,0.11587196651881415,0.12260358873282694,0.7897779322723976,0.09682960879858747,0.12260358873282694,0.7897779322723976,0.09682960879858747,0.12260358873282694,0.7897779322723976,0.09682960879858747,0.08734600036994494,0.7468559974639009,0.06523488423077749,0.08734600036994494,0.7468559974639009,0.06523488423077749,0.08734600036994494,0.7468559974639009,0.06523488423077749,0.016052540126341677,0.6944418803451815,0.011147556149653192,0.016052540126341677,0.6944418803451815,0.011147556149653192,0.016052540126341677,0.6944418803451815,0.011147556149653192
8954.474474474475,0.14116949324875333,0.8178756172635291,0.11545908642960373,0.14116949324875333,0.8178756172635291,0.11545908642960373,0.14116949324875333,0.8178756172635291,0.11545908642960373,0.14116949324875333,0.8178756172635291,0.11545908642960373,0.14116949324875333,0.8178756172635291,0.11545908642960373,0.14116949324875333,0.8178756172635291,0.11545908642960373,0.12232081063259959,0.7896086651116234,0.09658557199897863,0.12232081063259959,0.7896086651116234,0.09658557199897863,0.12232081063259959,0.7896086651116234,0.09658557199897863,0.08713690709557101,0.746697446508733,0.06506490602493158,0.08713690709557101,0.746697446508733,0.06506490602493158,0.08713690709557101,0.746697446508733,0.06506490602493158,0.015886162706915348,0.6943280905140655,0.011030209017888292,0.015886162706915348,0.6943280905140655,0.011030209017888292,0.015886162706915348,0.6943280905140655,0.011030209017888292
8974.484484484485,0.14068288287307407,0.8177169550346391,0.11503877860846491,0.14068288287307407,0.8177169550346391,0.11503877860846491,0.14068288287307407,0.8177169550346391,0.11503877860846491,0.14068288287307407,0.8177169550346391,0.11503877860846491,0.14068288287307407,0.8177169550346391,0.11503877860846491,0.14068288287307407,0.8177169550346391,0.11503877860846491,0.12192391192026245,0.789439557326489,0.09625155905384582,0.12192391192026245,0.789439557326489,0.09625155905384582,0.12192391192026245,0.789439557326489,0.09625155905384582,0.08682009959259822,0.7465387121225655,0.06481456533621115,0.08682009959259822,0.7465387121225655,0.06481456533621115,0.08682009959259822,0.7465387121225655,0.06481456533621115,0.01572097825437081,0.6942146709681282,0.010913733746155129,0.01572097825437081,0.6942146709681282,0.010913733746155129,0.01572097825437081,0.6942146709681282,0.010913733746155129
8994.494494494495,0.14021941299185653,0.8175573855675801,0.11463741669144299,0.14021941299185653,0.8175573855675801,0.11463741669144299,0.14021941299185653,0.8175573855675801,0.11463741669144299,0.14021941299185653,0.8175573855675801,0.11463741669144299,0.14021941299185653,0.8175573855675801,0.11463741669144299,0.14021941299185653,0.8175573855675801,0.11463741669144299,0.12146590288813366,0.7892713801442309,0.09586956081298238,0.12146590288813366,0.7892713801442309,0.09586956081298238,0.12146590288813366,0.7892713801442309,0.09586956081298238,0.08642809835363745,0.7463795426731098,0.06450816452329447,0.08642809835363745,0.7463795426731098,0.06450816452329447,0.08642809835363745,0.7463795426731098,0.06450816452329447,0.015522811005349187,0.6941015643210817,0.010774407401473373,0.015522811005349187,0.6941015643210817,0.010774407401473373,0.015522811005349187,0.6941015643210817,0.010774407401473373
9014.504504504504,0.13981900545260492,0.8173947662679567,0.11428732328175016,0.13981900545260492,0.8173947662679567,0.11428732328175016,0.13981900545260492,0.8173947662679567,0.11428732328175016,0.13981900545260492,0.8173947662679567,0.11428732328175016,0.13981900545260492,0.8173947662679567,0.11428732328175016,0.13981900545260492,0.8173947662679567,0.11428732328175016,0.1209968251686851,0.7891042427962652,0.09547910810548733,0.1209968251686851,0.7891042427962652,0.09547910810548733,0.1209968251686851,0.7891042427962652,0.09547910810548733,0.08600581051162132,0.7462201287347463,0.06417926699191825,0.08600581051162132,0.7462201287347463,0.06417926699191825,0.08600581051162132,0.7462201287347463,0.06417926699191825,0.015272932324379372,0.6939887301678722,0.010599242909735889,0.015272932324379372,0.6939887301678722,0.010599242909735889,0.015272932324379372,0.6939887301678722,0.010599242909735889
9034.514514514514,0.13951911843600048,0.8172290280754566,0.1140190735573972,0.13951911843600048,0.8172290280754566,0.1140190735573972,0.13951911843600048,0.8172290280754566,0.1140190735573972,0.13951911843600048,0.8172290280754566,0.1140190735573972,0.13951911843600048,0.8172290280754566,0.1140190735573972,0.13951911843600048,0.8172290280754566,0.1140190735573972,0.12055492284370202,0.7889376271934241,0.09511031477479659,0.12055492284370202,0.7889376271934241,0.09511031477479659,0.12055492284370202,0.7889376271934241,0.09511031477479659,0.08560013899548186,0.7460609138993194,0.06386291792887797,0.08560013899548186,0.7460609138993194,0.06386291792887797,0.08560013899548186,0.7460609138993194,0.06386291792887797,0.014976894114840062,0.6938761521708516,0.010392109659875495,0.014976894114840062,0.6938761521708516,0.010392109659875495,0.014976894114840062,0.6938761521708516,0.010392109659875495
9054.524524524524,0.13933400088470946,0.8170623726629713,0.11384456935548526,0.13933400088470946,0.8170623726629713,0.11384456935548526,0.13933400088470946,0.8170623726629713,0.11384456935548526,0.13933400088470946,0.8170623726629713,0.11384456935548526,0.13933400088470946,0.8170623726629713,0.11384456935548526,0.13933400088470946,0.8170623726629713,0.11384456935548526,0.12017445170665154,0.78877078633559,0.09479009677010392,0.12017445170665154,0.78877078633559,0.09479009677010392,0.12017445170665154,0.78877078633559,0.09479009677010392,0.08525367415515082,0.7459021681327812,0.06359090039361265,0.08525367415515082,0.7459021681327812,0.06359090039361265,0.08525367415515082,0.7459021681327812,0.06359090039361265,0.01466321722032633,0.6937638259508137,0.01017280967952145,0.01466321722032633,0.6937638259508137,0.01017280967952145,0.01466321722032633,0.6937638259508137,0.01017280967952145
9074.534534534534,0.13925347503136817,0.8168969730286101,0.11375574223683979,0.13925347503136817,0.8168969730286101,0.11375574223683979,0.13925347503136817,0.8168969730286101,0.11375574223683979,0.13925347503136817,0.8168969730286101,0.11375574223683979,0.13925347503136817,0.8168969730286101,0.11375574223683979,0.13925347503136817,0.8168969730286101,0.11375574223683979,0.11988518841938912,0.7886033026379392,0.09454185552490188,0.11988518841938912,0.7886033026379392,0.09454185552490188,0.11988518841938912,0.7886033026379392,0.09454185552490188,0.08500165121234125,0.7457436959116863,0.06338944553368744,0.08500165121234125,0.7457436959116863,0.06338944553368744,0.08500165121234125,0.7457436959116863,0.06338944553368744,0.014369705404968016,0.6936517682704689,0.009967571563681778,0.014369705404968016,0.6936517682704689,0.009967571563681778,0.014369705404968016,0.6936517682704689,0.009967571563681778
9094.544544544544,0.13926422802117705,0.816734119698005,0.11374184667829829,0.13926422802117705,0.816734119698005,0.11374184667829829,0.13926422802117705,0.816734119698005,0.11374184667829829,0.13926422802117705,0.816734119698005,0.11374184667829829,0.13926422802117705,0.816734119698005,0.11374184667829829,0.13926422802117705,0.816734119698005,0.11374184667829829,0.11970120946754746,0.7884352789339517,0.09437665647527717,0.11970120946754746,0.7884352789339517,0.09437665647527717,0.11970120946754746,0.7884352789339517,0.09437665647527717,0.08486321723816621,0.745585131494351,0.06327275298355184,0.08486321723816621,0.745585131494351,0.06327275298355184,0.08486321723816621,0.745585131494351,0.06327275298355184,0.014123761269745445,0.6935400214282806,0.009795393693667177,0.014123761269745445,0.6935400214282806,0.009795393693667177,0.014123761269745445,0.6935400214282806,0.009795393693667177
9114.554554554554,0.13936250205357442,0.8165738845301147,0.11379977965972335,0.13936250205357442,0.8165738845301147,0.11379977965972335,0.13936250205357442,0.8165738845301147,0.11379977965972335,0.13936250205357442,0.8165738845301147,0.11379977965972335,0.13936250205357442,0.8165738845301147,0.11379977965972335,0.13936250205357442,0.8165738845301147,0.11379977965972335,0.1196210786915387,0.7882671478721548,0.0942933665255698,0.1196210786915387,0.7882671478721548,0.0942933665255698,0.1196210786915387,0.7882671478721548,0.0942933665255698,0.08483243104421218,0.7454264716724631,0.0632363397566846,0.08483243104421218,0.7454264716724631,0.0632363397566846,0.08483243104421218,0.7454264716724631,0.0632363397566846,0.013928841083462307,0.6934286281885683,0.009658657164761839,0.013928841083462307,0.6934286281885683,0.009658657164761839,0.013928841083462307,0.6934286281885683,0.009658657164761839
9134.564564564565,0.13954193988567107,0.816415305005254,0.11392417541278498,0.13954193988567107,0.816415305005254,0.11392417541278498,0.13954193988567107,0.816415305005254,0.11392417541278498,0.13954193988567107,0.816415305005254,0.11392417541278498,0.13954193988567107,0.816415305005254,0.11392417541278498,0.13954193988567107,0.816415305005254,0.11392417541278498,0.1196409411989582,0.7880993893418491,0.09428895269918303,0.1196409411989582,0.7880993893418491,0.09428895269918303,0.1196409411989582,0.7880993893418491,0.09428895269918303,0.08487545631145929,0.7452681484046331,0.06325497417023959,0.08487545631145929,0.7452681484046331,0.06325497417023959,0.08487545631145929,0.7452681484046331,0.06325497417023959,0.013764369718429323,0.6933176229123492,0.00954308009406814,0.013764369718429323,0.6933176229123492,0.00954308009406814,0.013764369718429323,0.6933176229123492,0.00954308009406814
9154.574574574575,0.1397786463211885,0.8162567890412863,0.11409526902267093,0.1397786463211885,0.8162567890412863,0.11409526902267093,0.1397786463211885,0.8162567890412863,0.11409526902267093,0.1397786463211885,0.8162567890412863,0.11409526902267093,0.1397786463211885,0.8162567890412863,0.11409526902267093,0.1397786463211885,0.8162567890412863,0.11409526902267093,0.11975409784193755,0.7879318994556442,0.09435807378019492,0.11975409784193755,0.7879318994556442,0.09435807378019492,0.11975409784193755,0.7879318994556442,0.09435807378019492,0.08493657214845513,0.7451106591525553,0.06328714525969396,0.08493657214845513,0.7451106591525553,0.06328714525969396,0.08493657214845513,0.7451106591525553,0.06328714525969396,0.013596913089720494,0.693207050504555,0.00942547601889192,0.013596913089720494,0.693207050504555,0.00942547601889192,0.013596913089720494,0.693207050504555,0.00942547601889192
9174.584584584585,0.1400418636126242,0.8160965391627171,0.11428768023215984,0.1400418636126242,0.8160965391627171,0.11428768023215984,0.1400418636126242,0.8160965391627171,0.11428768023215984,0.1400418636126242,0.8160965391627171,0.11428768023215984,0.1400418636126242,0.8160965391627171,0.11428768023215984,0.1400418636126242,0.8160965391627171,0.11428768023215984,0.11993761506990885,0.7877639671774873,0.09448253146127779,0.11993761506990885,0.7877639671774873,0.09448253146127779,0.11993761506990885,0.7877639671774873,0.09448253146127779,0.08495544565679262,0.7449541756760006,0.06328791398844322,0.08495544565679262,0.7449541756760006,0.06328791398844322,0.08495544565679262,0.7449541756760006,0.06328791398844322,0.013395328734353838,0.6930969602325678,0.009284261627096614,0.013395328734353838,0.6930969602325678,0.009284261627096614,0.013395328734353838,0.6930969602325678,0.009284261627096614
9194.594594594595,0.14031086620377936,0.8159333019132935,0.11448430835596403,0.14031086620377936,0.8159333019132935,0.11448430835596403,0.14031086620377936,0.8159333019132935,0.11448430835596403,0.14031086620377936,0.8159333019132935,0.11448430835596403,0.14031086620377936,0.8159333019132935,0.11448430835596403,0.14031086620377936,0.8159333019132935,0.11448430835596403,0.12015436744832364,0.7875948226108107,0.09463295771637663,0.12015436744832364,0.7875948226108107,0.09463295771637663,0.12015436744832364,0.7875948226108107,0.09463295771637663,0.08488624238542039,0.7447984693546599,0.06322314339792975,0.08488624238542039,0.7447984693546599,0.06322314339792975,0.08488624238542039,0.7447984693546599,0.06322314339792975,0.01314430661726838,0.6929873729106973,0.00910883851143351,0.01314430661726838,0.6929873729106973,0.00910883851143351,0.01314430661726838,0.6929873729106973,0.00910883851143351
9214.604604604605,0.1405712043389837,0.8157675278284569,0.11467342384748158,0.1405712043389837,0.8157675278284569,0.11467342384748158,0.1405712043389837,0.8157675278284569,0.11467342384748158,0.1405712043389837,0.8157675278284569,0.11467342384748158,0.1405712043389837,0.8157675278284569,0.11467342384748158,0.1405712043389837,0.8157675278284569,0.11467342384748158,0.12036129029116477,0.7874243481042689,0.09477541054450908,0.12036129029116477,0.7874243481042689,0.09477541054450908,0.12036129029116477,0.7874243481042689,0.09477541054450908,0.08470723646236322,0.7446432993745576,0.06307667604023498,0.08470723646236322,0.7446432993745576,0.06307667604023498,0.08470723646236322,0.7446432993745576,0.06307667604023498,0.012852033043615305,0.6928782785059704,0.00890489453056202,0.012852033043615305,0.6928782785059704,0.00890489453056202,0.012852033043615305,0.6928782785059704,0.00890489453056202
9234.614614614617,0.14078894367132222,0.8156010142738134,0.11482760525686918,0.14078894367132222,0.8156010142738134,0.11482760525686918,0.14078894367132222,0.8156010142738134,0.11482760525686918,0.14078894367132222,0.8156010142738134,0.11482760525686918,0.14078894367132222,0.8156010142738134,0.11482760525686918,0.14078894367132222,0.8156010142738134,0.11482760525686918,0.12050787942053055,0.787253344697608,0.09487023113622872,0.12050787942053055,0.787253344697608,0.09487023113622872,0.12050787942053055,0.787253344697608,0.09487023113622872,0.08442299866095541,0.7444887833965824,0.06285197556378601,0.08442299866095541,0.7444887833965824,0.06285197556378601,0.08442299866095541,0.7444887833965824,0.06285197556378601,0.012547322565410366,0.6927696613132592,0.008692404404027554,0.012547322565410366,0.6927696613132592,0.008692404404027554,0.012547322565410366,0.6927696613132592,0.008692404404027554
9254.624624624626,0.14091254073504772,0.8154350778988427,0.11490502863120748,0.14091254073504772,0.8154350778988427,0.11490502863120748,0.14091254073504772,0.8154350778988427,0.11490502863120748,0.14091254073504772,0.8154350778988427,0.11490502863120748,0.14091254073504772,0.8154350778988427,0.11490502863120748,0.14091254073504772,0.8154350778988427,0.11490502863120748,0.12054352398247262,0.7870828858027296,0.09487774472095509,0.12054352398247262,0.7870828858027296,0.09487774472095509,0.12054352398247262,0.7870828858027296,0.09487774472095509,0.08406022498736793,0.7443352349730845,0.06256898731786285,0.08406022498736793,0.7443352349730845,0.06256898731786285,0.08406022498736793,0.7443352349730845,0.06256898731786285,0.012265284626179575,0.6926615021650154,0.008495690473651014,0.012265284626179575,0.6926615021650154,0.008495690473651014,0.012265284626179575,0.6926615021650154,0.008495690473651014
9274.634634634634,0.14090957332236564,0.8152702751981301,0.11487938662057613,0.14090957332236564,0.8152702751981301,0.11487938662057613,0.14090957332236564,0.8152702751981301,0.11487938662057613,0.14090957332236564,0.8152702751981301,0.11487938662057613,0.14090957332236564,0.8152702751981301,0.11487938662057613,0.14090957332236564,0.8152702751981301,0.11487938662057613,0.12043928482770191,0.7869137429004922,0.09477532841602537,0.12043928482770191,0.7869137429004922,0.09477532841602537,0.12043928482770191,0.7869137429004922,0.09477532841602537,0.08365764211137859,0.744182793135928,0.06225657777361155,0.08365764211137859,0.744182793135928,0.06225657777361155,0.08365764211137859,0.744182793135928,0.06225657777361155,0.012029117904798058,0.6925537623768431,0.008330810863042543,0.012029117904798058,0.6925537623768431,0.008330810863042543,0.012029117904798058,0.6925537623768431,0.008330810863042543
9294.644644644644,0.14077732061614268,0.8151062659666167,0.11474847614020926,0.14077732061614268,0.8151062659666167,0.11474847614020926,0.14077732061614268,0.8151062659666167,0.11474847614020926,0.14077732061614268,0.8151062659666167,0.11474847614020926,0.14077732061614268,0.8151062659666167,0.11474847614020926,0.14077732061614268,0.8151062659666167,0.11474847614020926,0.12019991336791798,0.7867459639644422,0.09456679671108507,0.12019991336791798,0.7867459639644422,0.09456679671108507,0.12019991336791798,0.7867459639644422,0.09456679671108507,0.08325850793208056,0.7440312733065613,0.06194693367031033,0.08325850793208056,0.7440312733065613,0.06194693367031033,0.08325850793208056,0.7440312733065613,0.06194693367031033,0.011839142613077964,0.6924463897083573,0.008197971559668202,0.011839142613077964,0.6924463897083573,0.008197971559668202,0.011839142613077964,0.6924463897083573,0.008197971559668202
9314.654654654654,0.14052429684744197,0.814942204697797,0.11451918028646205,0.14052429684744197,0.814942204697797,0.11451918028646205,0.14052429684744197,0.814942204697797,0.11451918028646205,0.14052429684744197,0.814942204697797,0.11451918028646205,0.14052429684744197,0.814942204697797,0.11451918028646205,0.14052429684744197,0.814942204697797,0.11451918028646205,0.11985219344194455,0.7865787421716792,0.09427318756408153,0.11985219344194455,0.7865787421716792,0.09427318756408153,0.11985219344194455,0.7865787421716792,0.09427318756408153,0.08290603350000642,0.7438803435756728,0.06167216868448101,0.08290603350000642,0.7438803435756728,0.06167216868448101,0.08290603350000642,0.7438803435756728,0.06167216868448101,0.011674275375007743,0.6923393364940073,0.008082560067181188,0.011674275375007743,0.6923393364940073,0.008082560067181188,0.011674275375007743,0.6923393364940073,0.008082560067181188
9334.664664664664,0.140163294985974,0.8147773432193366,0.11420187710554006,0.140163294985974,0.8147773432193366,0.11420187710554006,0.140163294985974,0.8147773432193366,0.11420187710554006,0.140163294985974,0.8147773432193366,0.11420187710554006,0.140163294985974,0.8147773432193366,0.11420187710554006,0.140163294985974,0.8147773432193366,0.11420187710554006,0.11943090845393182,0.7864109619717041,0.09392177560641106,0.11943090845393182,0.7864109619717041,0.09392177560641106,0.11943090845393182,0.7864109619717041,0.09392177560641106,0.08263657159705527,0.7437298844636149,0.06145928784634715,0.08263657159705527,0.7437298844636149,0.06145928784634715,0.08263657159705527,0.7437298844636149,0.06145928784634715,0.011502958624915514,0.692232563258465,0.007962722533981335,0.011502958624915514,0.692232563258465,0.007962722533981335,0.011502958624915514,0.692232563258465,0.007962722533981335
9354.674674674674,0.13971946455479967,0.8146112897814235,0.11381705322855525,0.13971946455479967,0.8146112897814235,0.11381705322855525,0.13971946455479967,0.8146112897814235,0.11381705322855525,0.13971946455479967,0.8146112897814235,0.11381705322855525,0.13971946455479967,0.8146112897814235,0.11381705322855525,0.13971946455479967,0.8146112897814235,0.11381705322855525,0.1189771945734206,0.7862420351472542,0.09354487159751707,0.1189771945734206,0.7862420351472542,0.09354487159751707,0.1189771945734206,0.7862420351472542,0.09354487159751707,0.08247274677164748,0.7435800621689516,0.061325090171705836,0.08247274677164748,0.7435800621689516,0.061325090171705836,0.08247274677164748,0.7435800621689516,0.061325090171705836,0.01129721621760403,0.6921260423373434,0.00781909755011953,0.01129721621760403,0.6921260423373434,0.00781909755011953,0.01129721621760403,0.6921260423373434,0.00781909755011953
9374.684684684684,0.1392387898064283,0.8144441145772199,0.11340221287870011,0.1392387898064283,0.8144441145772199,0.11340221287870011,0.1392387898064283,0.8144441145772199,0.11340221287870011,0.1392387898064283,0.8144441145772199,0.11340221287870011,0.1392387898064283,0.8144441145772199,0.11340221287870011,0.1392387898064283,0.8144441145772199,0.11340221287870011,0.11853732018162186,0.7860725740453084,0.09317893639560038,0.11853732018162186,0.7860725740453084,0.09317893639560038,0.11853732018162186,0.7860725740453084,0.09317893639560038,0.08241533154059871,0.7434309712170993,0.06127010997040654,0.08241533154059871,0.7434309712170993,0.06127010997040654,0.08241533154059871,0.7434309712170993,0.06127010997040654,0.011045163022305753,0.6920197669372571,0.007643471140480037,0.011045163022305753,0.6920197669372571,0.007643471140480037,0.011045163022305753,0.6920197669372571,0.007643471140480037
9394.694694694695,0.13877819834763025,0.8142768484854125,0.11300387398899184,0.13877819834763025,0.8142768484854125,0.11300387398899184,0.13877819834763025,0.8142768484854125,0.11300387398899184,0.13877819834763025,0.8142768484854125,0.11300387398899184,0.13877819834763025,0.8142768484854125,0.11300387398899184,0.13877819834763025,0.8142768484854125,0.11300387398899184,0.11815086770575607,0.785903966874501,0.09285523561961807,0.11815086770575607,0.785903966874501,0.09285523561961807,0.11815086770575607,0.785903966874501,0.09285523561961807,0.08243704906095568,0.7432823894896615,0.061274006808503596,0.08243704906095568,0.7432823894896615,0.061274006808503596,0.08243704906095568,0.7432823894896615,0.061274006808503596,0.010757353676669502,0.6919137424806857,0.007443160841612759,0.010757353676669502,0.6919137424806857,0.007443160841612759,0.010757353676669502,0.6919137424806857,0.007443160841612759
9414.704704704705,0.1383785422901619,0.8141106755362618,0.11265544854356686,0.1383785422901619,0.8141106755362618,0.11265544854356686,0.1383785422901619,0.8141106755362618,0.11265544854356686,0.1383785422901619,0.8141106755362618,0.11265544854356686,0.1383785422901619,0.8141106755362618,0.11265544854356686,0.1383785422901619,0.8141106755362618,0.11265544854356686,0.11784088465111435,0.7857373915216719,0.09259198932037281,0.11784088465111435,0.7857373915216719,0.09259198932037281,0.11784088465111435,0.7857373915216719,0.09259198932037281,0.08248842914868497,0.7431339113513649,0.0612999489944922,0.08248842914868497,0.7431339113513649,0.0612999489944922,0.08248842914868497,0.7431339113513649,0.0612999489944922,0.010462415591306534,0.6918079772343456,0.007237982567206853,0.010462415591306534,0.6918079772343456,0.007237982567206853,0.010462415591306534,0.6918079772343456,0.007237982567206853
9434.714714714715,0.13805534859087593,0.8139459582707348,0.11236959300320085,0.13805534859087593,0.8139459582707348,0.11236959300320085,0.13805534859087593,0.8139459582707348,0.11236959300320085,0.13805534859087593,0.8139459582707348,0.11236959300320085,0.13805534859087593,0.8139459582707348,0.11236959300320085,0.13805534859087593,0.8139459582707348,0.11236959300320085,0.11762039498641305,0.7855733138476098,0.09239944346554128,0.11762039498641305,0.7855733138476098,0.09239944346554128,0.11762039498641305,0.7855733138476098,0.09239944346554128,0.0825132458320423,0.7429852728270935,0.06130612646636898,0.0825132458320423,0.7429852728270935,0.06130612646636898,0.0825132458320423,0.7429852728270935,0.06130612646636898,0.010192449413601442,0.6917024977489207,0.0070501427175676395,0.010192449413601442,0.6917024977489207,0.0070501427175676395,0.010192449413601442,0.6917024977489207,0.0070501427175676395
9454.724724724725,0.13781450992338098,0.8137823908520834,0.11215102137955715,0.13781450992338098,0.8137823908520834,0.11215102137955715,0.13781450992338098,0.8137823908520834,0.11215102137955715,0.13781450992338098,0.8137823908520834,0.11215102137955715,0.13781450992338098,0.8137823908520834,0.11215102137955715,0.13781450992338098,0.8137823908520834,0.11215102137955715,0.11750081853690313,0.7854112298225143,0.09228646239222117,0.11750081853690313,0.7854112298225143,0.09228646239222117,0.11750081853690313,0.7854112298225143,0.09228646239222117,0.08246417852065237,0.7428365877724749,0.06125740898574162,0.08246417852065237,0.7428365877724749,0.06125740898574162,0.08246417852065237,0.7428365877724749,0.06125740898574162,0.009966535200901063,0.6915973544618942,0.006892829378094519,0.009966535200901063,0.6915973544618942,0.006892829378094519,0.009966535200901063,0.6915973544618942,0.006892829378094519
9474.734734734735,0.13766654695289515,0.8136190308901958,0.1120081225178142,0.13766654695289515,0.8136190308901958,0.1120081225178142,0.13766654695289515,0.8136190308901958,0.1120081225178142,0.13766654695289515,0.8136190308901958,0.1120081225178142,0.13766654695289515,0.8136190308901958,0.1120081225178142,0.13766654695289515,0.8136190308901958,0.1120081225178142,0.11748538446214747,0.7852499512296647,0.0922553924190997,0.11748538446214747,0.7852499512296647,0.0922553924190997,0.11748538446214747,0.7852499512296647,0.0922553924190997,0.08231497614105777,0.7426881558342062,0.061134357827738885,0.08231497614105777,0.7426881558342062,0.061134357827738885,0.08231497614105777,0.7426881558342062,0.061134357827738885,0.009782109574630339,0.6914925926625713,0.006764256311470496,0.009782109574630339,0.6914925926625713,0.006764256311470496,0.009782109574630339,0.6914925926625713,0.006764256311470496
9494.744744744745,0.13762015443198447,0.8134550167618234,0.11194780503023466,0.13762015443198447,0.8134550167618234,0.11194780503023466,0.13762015443198447,0.8134550167618234,0.11194780503023466,0.13762015443198447,0.8134550167618234,0.11194780503023466,0.13762015443198447,0.8134550167618234,0.11194780503023466,0.13762015443198447,0.8134550167618234,0.11194780503023466,0.11756341013766891,0.7850883588007523,0.09229766472000221,0.11756341013766891,0.7850883588007523,0.09229766472000221,0.11756341013766891,0.7850883588007523,0.09229766472000221,0.08206445216227473,0.7425400370862206,0.06093614135203586,0.08206445216227473,0.7425400370862206,0.06093614135203586,0.08206445216227473,0.7425400370862206,0.06093614135203586,0.009617647310949842,0.6913882351220115,0.006649528200343572,0.009617647310949842,0.6913882351220115,0.006649528200343572,0.009617647310949842,0.6913882351220115,0.006649528200343572
9514.754754754755,0.13766855495651506,0.8132903204267011,0.11196450317326505,0.13766855495651506,0.8132903204267011,0.11196450317326505,0.13766855495651506,0.8132903204267011,0.11196450317326505,0.13766855495651506,0.8132903204267011,0.11196450317326505,0.13766855495651506,0.8132903204267011,0.11196450317326505,0.13766855495651506,0.8132903204267011,0.11196450317326505,0.11771689793942568,0.7849262469046067,0.09239908289684602,0.11771689793942568,0.7849262469046067,0.09239908289684602,0.11771689793942568,0.7849262469046067,0.09239908289684602,0.08173163061794984,0.7423919722051431,0.060676906446002044,0.08173163061794984,0.7423919722051431,0.060676906446002044,0.08173163061794984,0.7423919722051431,0.060676906446002044,0.009443281908329633,0.6912843008535605,0.006527992531762727,0.009443281908329633,0.6912843008535605,0.006527992531762727,0.009443281908329633,0.6912843008535605,0.006527992531762727
9534.764764764765,0.13779163396992386,0.8131255726100797,0.11204190127267284,0.13779163396992386,0.8131255726100797,0.11204190127267284,0.13779163396992386,0.8131255726100797,0.11204190127267284,0.13779163396992386,0.8131255726100797,0.11204190127267284,0.13779163396992386,0.8131255726100797,0.11204190127267284,0.13779163396992386,0.8131255726100797,0.11204190127267284,0.11791957593977928,0.7847644586447537,0.09253909217599982,0.11791957593977928,0.7847644586447537,0.09253909217599982,0.11791957593977928,0.7847644586447537,0.09253909217599982,0.08134960749239717,0.7422436716167914,0.060381231349741715,0.08134960749239717,0.7422436716167914,0.060381231349741715,0.08134960749239717,0.7422436716167914,0.060381231349741715,0.009233995806623024,0.6911808137455672,0.006382360735744857,0.009233995806623024,0.6911808137455672,0.006382360735744857,0.009233995806623024,0.6911808137455672,0.006382360735744857
9554.774774774774,0.13797198631322996,0.8129617736138283,0.11216595070222626,0.13797198631322996,0.8129617736138283,0.11216595070222626,0.13797198631322996,0.8129617736138283,0.11216595070222626,0.13797198631322996,0.8129617736138283,0.11216595070222626,0.13797198631322996,0.8129617736138283,0.11216595070222626,0.13797198631322996,0.8129617736138283,0.11216595070222626,0.11812714425911032,0.7846039822781752,0.09268302780084643,0.11812714425911032,0.7846039822781752,0.09268302780084643,0.11812714425911032,0.7846039822781752,0.09268302780084643,0.0809591835847245,0.742095124573033,0.060079415427637166,0.0809591835847245,0.742095124573033,0.060079415427637166,0.0809591835847245,0.742095124573033,0.060079415427637166,0.00898116466632613,0.6910777799482895,0.006206683338954681,0.00898116466632613,0.6910777799482895,0.006206683338954681,0.00898116466632613,0.6910777799482895,0.006206683338954681
9574.784784784784,0.13820117113598057,0.8128002024685398,0.11232993988071432,0.13820117113598057,0.8128002024685398,0.11232993988071432,0.13820117113598057,0.8128002024685398,0.11232993988071432,0.13820117113598057,0.8128002024685398,0.11232993988071432,0.13820117113598057,0.8128002024685398,0.11232993988071432,0.13820117113598057,0.8128002024685398,0.11232993988071432,0.11828425338008279,0.7844453201691547,0.09278752901370846,0.11828425338008279,0.7844453201691547,0.09278752901370846,0.11828425338008279,0.7844453201691547,0.09278752901370846,0.08060177928942598,0.7419466548969572,0.05980222052253245,0.08060177928942598,0.7419466548969572,0.05980222052253245,0.08060177928942598,0.7419466548969572,0.05980222052253245,0.0086974784567971,0.6909751764248264,0.006009741711136503,0.0086974784567971,0.6909751764248264,0.006009741711136503,0.0086974784567971,0.6909751764248264,0.006009741711136503
9594.794794794794,0.13846195397354258,0.8126414014233619,0.11251991632087668,0.13846195397354258,0.8126414014233619,0.11251991632087668,0.13846195397354258,0.8126414014233619,0.11251991632087668,0.13846195397354258,0.8126414014233619,0.11251991632087668,0.13846195397354258,0.8126414014233619,0.11251991632087668,0.13846195397354258,0.8126414014233619,0.11251991632087668,0.11834558574184412,0.7842883341961302,0.09281706230093623,0.11834558574184412,0.7842883341961302,0.09281706230093623,0.11834558574184412,0.7842883341961302,0.09281706230093623,0.08031489309403324,0.7417986212063914,0.05957747695949258,0.08031489309403324,0.7417986212063914,0.05957747695949258,0.08031489309403324,0.7417986212063914,0.05957747695949258,0.008411177261123356,0.6908729686832551,0.0058110550045133835,0.008411177261123356,0.6908729686832551,0.0058110550045133835,0.008411177261123356,0.6908729686832551,0.0058110550045133835
9614.804804804804,0.1387185005329631,0.812484954601673,0.11270669460793668,0.1387185005329631,0.812484954601673,0.11270669460793668,0.1387185005329631,0.812484954601673,0.11270669460793668,0.1387185005329631,0.812484954601673,0.11270669460793668,0.1387185005329631,0.812484954601673,0.11270669460793668,0.1387185005329631,0.812484954601673,0.11270669460793668,0.11828575227299763,0.7841322830966949,0.0927516769876357,0.11828575227299763,0.7841322830966949,0.0927516769876357,0.11828575227299763,0.7841322830966949,0.0927516769876357,0.08012536499161912,0.7416511007388107,0.05942506514313329,0.08012536499161912,0.7416511007388107,0.05942506514313329,0.08012536499161912,0.7416511007388107,0.05942506514313329,0.008151511903750288,0.690771124202406,0.005630829041702882,0.008151511903750288,0.690771124202406,0.005630829041702882,0.008151511903750288,0.690771124202406,0.005630829041702882
9634.814814814816,0.13893423807011,0.8123297241837409,0.11286041129117065,0.13893423807011,0.8123297241837409,0.11286041129117065,0.13893423807011,0.8123297241837409,0.11286041129117065,0.13893423807011,0.8123297241837409,0.11286041129117065,0.13893423807011,0.8123297241837409,0.11286041129117065,0.13893423807011,0.8123297241837409,0.11286041129117065,0.1180976650132825,0.7839762100144687,0.09258575982867154,0.1180976650132825,0.7839762100144687,0.09258575982867154,0.1180976650132825,0.7839762100144687,0.09258575982867154,0.08003897911097457,0.7415039628602561,0.0593492201940769,0.08003897911097457,0.7415039628602561,0.0593492201940769,0.08003897911097457,0.7415039628602561,0.0593492201940769,0.007934014651254751,0.6906696076003371,0.005479782785877445,0.007934014651254751,0.6906696076003371,0.005479782785877445,0.007934014651254751,0.6906696076003371,0.005479782785877445
9654.824824824826,0.13908215055044928,0.8121741832021128,0.11295893202130443,0.13908215055044928,0.8121741832021128,0.11295893202130443,0.13908215055044928,0.8121741832021128,0.11295893202130443,0.13908215055044928,0.8121741832021128,0.11295893202130443,0.13908215055044928,0.8121741832021128,0.11295893202130443,0.13908215055044928,0.8121741832021128,0.11295893202130443,0.11779331177540661,0.7838195640221588,0.09232870228052543,0.11779331177540661,0.7838195640221588,0.09232870228052543,0.11779331177540661,0.7838195640221588,0.09232870228052543,0.08003539066532976,0.7413571427146657,0.0593348085397009,0.08003539066532976,0.7413571427146657,0.0593348085397009,0.08003539066532976,0.7413571427146657,0.0593348085397009,0.007753893580074678,0.6905683809141837,0.005354593735373054,0.007753893580074678,0.6905683809141837,0.005354593735373054,0.007753893580074678,0.6905683809141837,0.005354593735373054
9674.834834834835,0.13913542646535176,0.812017511197184,0.11298040271775375,0.13913542646535176,0.812017511197184,0.11298040271775375,0.13913542646535176,0.812017511197184,0.11298040271775375,0.13913542646535176,0.812017511197184,0.11298040271775375,0.13913542646535176,0.812017511197184,0.11298040271775375,0.13913542646535176,0.812017511197184,0.11298040271775375,0.11740537315643598,0.7836625969161655,0.09200619961968408,0.11740537315643598,0.7836625969161655,0.09200619961968408,0.11740537315643598,0.7836625969161655,0.09200619961968408,0.08007216080786056,0.7412107823876148,0.059350348959861236,0.08007216080786056,0.7412107823876148,0.059350348959861236,0.08007216080786056,0.7412107823876148,0.059350348959861236,0.007589540220828099,0.6904674123829865,0.005240330197451778,0.007589540220828099,0.6904674123829865,0.005240330197451778,0.007589540220828099,0.6904674123829865,0.005240330197451778
9694.844844844845,0.1390652878885572,0.811860120303386,0.11290156135522905,0.1390652878885572,0.811860120303386,0.11290156135522905,0.1390652878885572,0.811860120303386,0.11290156135522905,0.1390652878885572,0.811860120303386,0.11290156135522905,0.1390652878885572,0.811860120303386,0.11290156135522905,0.1390652878885572,0.811860120303386,0.11290156135522905,0.11697826369583084,0.7835058966867571,0.09165315938986186,0.11697826369583084,0.7835058966867571,0.09165315938986186,0.11697826369583084,0.7835058966867571,0.09165315938986186,0.08009653298492647,0.7410651328874642,0.0593567478602997,0.08009653298492647,0.7410651328874642,0.0593567478602997,0.08009653298492647,0.7410651328874642,0.0593567478602997,0.007412786359579491,0.6903666790799439,0.005117540701792,0.007412786359579491,0.6903666790799439,0.005117540701792,0.007412786359579491,0.6903666790799439,0.005117540701792
9714.854854854855,0.13885679023219255,0.8117029874480219,0.11271047145891401,0.13885679023219255,0.8117029874480219,0.11271047145891401,0.13885679023219255,0.8117029874480219,0.11271047145891401,0.13885679023219255,0.8117029874480219,0.11271047145891401,0.13885679023219255,0.8117029874480219,0.11271047145891401,0.13885679023219255,0.8117029874480219,0.11271047145891401,0.11655211959043589,0.7833496675642021,0.09130106413507108,0.11655211959043589,0.7833496675642021,0.09130106413507108,0.11655211959043589,0.7833496675642021,0.09130106413507108,0.08006159751600599,0.7409203141758445,0.059319263984979165,0.08006159751600599,0.7409203141758445,0.059319263984979165,0.08006159751600599,0.7409203141758445,0.059319263984979165,0.007201370153367245,0.6902661712913125,0.00497086220381634,0.007201370153367245,0.6902661712913125,0.00497086220381634,0.007201370153367245,0.6902661712913125,0.00497086220381634
9734.864864864865,0.13852669410242,0.8115472548063665,0.11242095831622022,0.13852669410242,0.8115472548063665,0.11242095831622022,0.13852669410242,0.8115472548063665,0.11242095831622022,0.13852669410242,0.8115472548063665,0.11242095831622022,0.13852669410242,0.8115472548063665,0.11242095831622022,0.13852669410242,0.8115472548063665,0.11242095831622022,0.11615796283557127,0.783193705122333,0.09097418529265332,0.11615796283557127,0.783193705122333,0.09097418529265332,0.11615796283557127,0.783193705122333,0.09097418529265332,0.07993821548991101,0.7407762463154386,0.05921633120777092,0.07993821548991101,0.7407762463154386,0.05921633120777092,0.07993821548991101,0.7407762463154386,0.05921633120777092,0.006949534921605622,0.6901659004780962,0.00479633202707392,0.006949534921605622,0.6901659004780962,0.00479633202707392,0.006949534921605622,0.6901659004780962,0.00479633202707392
9754.874874874875,0.13811918440680304,0.8113938615755072,0.1120690583934955,0.13811918440680304,0.8113938615755072,0.1120690583934955,0.13811918440680304,0.8113938615755072,0.1120690583934955,0.13811918440680304,0.8113938615755072,0.1120690583934955,0.13811918440680304,0.8113938615755072,0.1120690583934955,0.13811918440680304,0.8113938615755072,0.1120690583934955,0.11582372122054539,0.7830375897879847,0.09069432750481132,0.11582372122054539,0.7830375897879847,0.09069432750481132,0.11582372122054539,0.7830375897879847,0.09069432750481132,0.07971868216514703,0.7406328479926602,0.05904227461019453,0.07971868216514703,0.7406328479926602,0.05904227461019453,0.07971868216514703,0.7406328479926602,0.05904227461019453,0.006671499699951592,0.6900658905860265,0.004603774381991504,0.006671499699951592,0.6900658905860265,0.004603774381991504,0.006671499699951592,0.6900658905860265,0.004603774381991504
9774.884884884887,0.13767950982208468,0.811242813777929,0.11169151294763398,0.13767950982208468,0.811242813777929,0.11169151294763398,0.13767950982208468,0.811242813777929,0.11169151294763398,0.13767950982208468,0.811242813777929,0.11169151294763398,0.13767950982208468,0.811242813777929,0.11169151294763398,0.13767950982208468,0.811242813777929,0.11169151294763398,0.11557333674545621,0.7828809270051181,0.09048016100835744,0.11557333674545621,0.7828809270051181,0.09048016100835744,0.11557333674545621,0.7828809270051181,0.09048016100835744,0.0794157903473856,0.7404901824630435,0.05880661308478238,0.0794157903473856,0.7404901824630435,0.05880661308478238,0.0794157903473856,0.7404901824630435,0.05880661308478238,0.0063945625306710396,0.6899661633792947,0.004412031775776091,0.0063945625306710396,0.6899661633792947,0.004412031775776091,0.0063945625306710396,0.6899661633792947,0.004412031775776091
9794.894894894895,0.1372396616645206,0.8110933390723986,0.11131417543264226,0.1372396616645206,0.8110933390723986,0.11131417543264226,0.1372396616645206,0.8110933390723986,0.11131417543264226,0.1372396616645206,0.8110933390723986,0.11131417543264226,0.1372396616645206,0.8110933390723986,0.11131417543264226,0.1372396616645206,0.8110933390723986,0.11131417543264226,0.11541883759811546,0.7827236061365198,0.09034104878088227,0.11541883759811546,0.7827236061365198,0.09034104878088227,0.11541883759811546,0.7827236061365198,0.09034104878088227,0.0790575630682507,0.7403483577007071,0.05853013698139947,0.0790575630682507,0.7403483577007071,0.05853013698139947,0.0790575630682507,0.7403483577007071,0.05853013698139947,0.006144959583241566,0.6898667445079534,0.004239203262823809,0.006144959583241566,0.6898667445079534,0.004239203262823809,0.006144959583241566,0.6898667445079534,0.004239203262823809
9814.904904904904,0.13682553962567331,0.8109439816897477,0.11095784790089187,0.13682553962567331,0.8109439816897477,0.11095784790089187,0.13682553962567331,0.8109439816897477,0.11095784790089187,0.13682553962567331,0.8109439816897477,0.11095784790089187,0.13682553962567331,0.8109439816897477,0.11095784790089187,0.13682553962567331,0.8109439816897477,0.11095784790089187,0.11536178670672606,0.7825659730094812,0.0902782088622613,0.11536178670672606,0.7825659730094812,0.0902782088622613,0.11536178670672606,0.7825659730094812,0.0902782088622613,0.07867997294455607,0.7402073424465803,0.05823949367705869,0.07867997294455607,0.7402073424465803,0.05823949367705869,0.07867997294455607,0.7402073424465803,0.05823949367705869,0.005934937405265184,0.689767672052179,0.004093727957805166,0.005934937405265184,0.689767672052179,0.004093727957805166,0.005934937405265184,0.689767672052179,0.004093727957805166
9834.914914914914,0.13646605785420485,0.8107932221379595,0.11064575476007593,0.13646605785420485,0.8107932221379595,0.11064575476007593,0.13646605785420485,0.8107932221379595,0.11064575476007593,0.13646605785420485,0.8107932221379595,0.11064575476007593,0.13646605785420485,0.8107932221379595,0.11064575476007593,0.13646605785420485,0.8107932221379595,0.11064575476007593,0.11540055986181248,0.7824086041503295,0.09029039095964725,0.11540055986181248,0.7824086041503295,0.09029039095964725,0.11540055986181248,0.7824086041503295,0.09029039095964725,0.07832258317279096,0.7400668922992364,0.057963950725535875,0.07832258317279096,0.7400668922992364,0.057963950725535875,0.07832258317279096,0.7400668922992364,0.057963950725535875,0.005757874264481404,0.689668980991364,0.00397102727666129,0.005757874264481404,0.689668980991364,0.00397102727666129,0.005757874264481404,0.689668980991364,0.00397102727666129
9854.924924924924,0.13618865133009034,0.8106406510762351,0.1104000569834188,0.13618865133009034,0.8106406510762351,0.1104000569834188,0.13618865133009034,0.8106406510762351,0.1104000569834188,0.13618865133009034,0.8106406510762351,0.1104000569834188,0.13618865133009034,0.8106406510762351,0.1104000569834188,0.13618865133009034,0.8106406510762351,0.1104000569834188,0.11552519634620899,0.7822516406829089,0.09036977438203717,0.11552519634620899,0.7822516406829089,0.09036977438203717,0.11552519634620899,0.7822516406829089,0.09036977438203717,0.07802365330096696,0.7399267326793634,0.05773178685869191,0.07802365330096696,0.7399267326793634,0.05773178685869191,0.07802365330096696,0.7399267326793634,0.05773178685869191,0.005592370400940208,0.6895706863418785,0.003856334695654345,0.005592370400940208,0.6895706863418785,0.003856334695654345,0.005592370400940208,0.6895706863418785,0.003856334695654345
9874.934934934934,0.1360061458688354,0.8104870676771428,0.11023122235130214,0.1360061458688354,0.8104870676771428,0.11023122235130214,0.1360061458688354,0.8104870676771428,0.11023122235130214,0.1360061458688354,0.8104870676771428,0.11023122235130214,0.1360061458688354,0.8104870676771428,0.11023122235130214,0.1360061458688354,0.8104870676771428,0.11023122235130214,0.1157074183577919,0.7820946775479267,0.09049415605044031,0.1157074183577919,0.7820946775479267,0.09049415605044031,0.1157074183577919,0.7820946775479267,0.09049415605044031,0.07781195179644948,0.7397868239781997,0.057564256687040134,0.07781195179644948,0.7397868239781997,0.057564256687040134,0.07781195179644948,0.7397868239781997,0.057564256687040134,0.005412146614803141,0.6894727898352769,0.0037315278255058717,0.005412146614803141,0.6894727898352769,0.0037315278255058717,0.005412146614803141,0.6894727898352769,0.0037315278255058717
9894.944944944948,0.1359137033869799,0.8103334854980045,0.11013542499251336,0.1359137033869799,0.8103334854980045,0.11013542499251336,0.1359137033869799,0.8103334854980045,0.11013542499251336,0.1359137033869799,0.8103334854980045,0.11013542499251336,0.1359137033869799,0.8103334854980045,0.11013542499251336,0.1359137033869799,0.8103334854980045,0.11013542499251336,0.11590463883735723,0.7819371838937507,0.09063014689270535,0.11590463883735723,0.7819371838937507,0.09063014689270535,0.11590463883735723,0.7819371838937507,0.09063014689270535,0.07769823887340395,0.7396473392800931,0.05746929564946233,0.07769823887340395,0.7396473392800931,0.05746929564946233,0.07769823887340395,0.7396473392800931,0.05746929564946233,0.00519785327846364,0.689375289430006,0.0035832716082555773,0.00519785327846364,0.689375289430006,0.0035832716082555773,0.00519785327846364,0.689375289430006,0.0035832716082555773
9914.954954954956,0.1359023894363993,0.8101807814680685,0.11010550407695975,0.1359023894363993,0.8101807814680685,0.11010550407695975,0.1359023894363993,0.8101807814680685,0.11010550407695975,0.1359023894363993,0.8101807814680685,0.11010550407695975,0.1359023894363993,0.8101807814680685,0.11010550407695975,0.1359023894363993,0.8101807814680685,0.11010550407695975,0.1160699600827556,0.7817789153757242,0.09074104750120027,0.1160699600827556,0.7817789153757242,0.09074104750120027,0.1160699600827556,0.7817789153757242,0.09074104750120027,0.07766905916394778,0.7395083757653322,0.05743691978955252,0.07766905916394778,0.7395083757653322,0.05743691978955252,0.07766905916394778,0.7395083757653322,0.05743691978955252,0.004946605059502127,0.6892781730015591,0.003409586897973895,0.004946605059502127,0.6892781730015591,0.003409586897973895,0.004946605059502127,0.6892781730015591,0.003409586897973895
9934.964964964965,0.13596994219245875,0.8100293065794222,0.11013963798980149,0.13596994219245875,0.8100293065794222,0.11013963798980149,0.13596994219245875,0.8100293065794222,0.11013963798980149,0.13596994219245875,0.8100293065794222,0.11013963798980149,0.13596994219245875,0.8100293065794222,0.11013963798980149,0.13596994219245875,0.8100293065794222,0.11013963798980149,0.1161582163395605,0.781620115786878,0.09079159850492449,0.1161582163395605,0.781620115786878,0.09079159850492449,0.1161582163395605,0.781620115786878,0.09079159850492449,0.07768806529319398,0.7393697530298776,0.05744020564919784,0.07768806529319398,0.7393697530298776,0.05744020564919784,0.07768806529319398,0.7393697530298776,0.05744020564919784,0.004673955476810441,0.6891814135153039,0.0032212032422158166,0.004673955476810441,0.6891814135153039,0.0032212032422158166,0.004673955476810441,0.6891814135153039,0.0032212032422158166
9954.974974974975,0.1361122158151242,0.8098786550894687,0.11023437828560029,0.1361122158151242,0.8098786550894687,0.11023437828560029,0.1361122158151242,0.8098786550894687,0.11023437828560029,0.1361122158151242,0.8098786550894687,0.11023437828560029,0.1361122158151242,0.8098786550894687,0.11023437828560029,0.1361122158151242,0.8098786550894687,0.11023437828560029,0.11613438796326446,0.7814614470825706,0.09075454687382131,0.11613438796326446,0.7814614470825706,0.09075454687382131,0.11613438796326446,0.7814614470825706,0.09075454687382131,0.07770725691354025,0.7392311014610963,0.057443621119716744,0.07770725691354025,0.7392311014610963,0.057443621119716744,0.07770725691354025,0.7392311014610963,0.057443621119716744,0.00440608872159362,0.6890849774789348,0.003036169547489528,0.00440608872159362,0.6890849774789348,0.003036169547489528,0.00440608872159362,0.6890849774789348,0.003036169547489528
9974.984984984985,0.13631073782488398,0.8097279558098838,0.11037461509388032,0.13631073782488398,0.8097279558098838,0.11037461509388032,0.13631073782488398,0.8097279558098838,0.11037461509388032,0.13631073782488398,0.8097279558098838,0.11037461509388032,0.13631073782488398,0.8097279558098838,0.11037461509388032,0.13631073782488398,0.8097279558098838,0.11037461509388032,0.1159855141886169,0.7813037505890924,0.09061991724957077,0.1159855141886169,0.7813037505890924,0.09061991724957077,0.1159855141886169,0.7813037505890924,0.09061991724957077,0.0776811106800843,0.7390921776068646,0.05741350125146338,0.0776811106800843,0.7390921776068646,0.05741350125146338,0.0776811106800843,0.7390921776068646,0.05741350125146338,0.004166318005233753,0.688988832077777,0.002870546576490617,0.004166318005233753,0.688988832077777,0.002870546576490617,0.004166318005233753,0.688988832077777,0.002870546576490617
9994.994994994995,0.13654024896666497,0.8095760479828045,0.11053971514902083,0.13654024896666497,0.8095760479828045,0.11053971514902083,0.13654024896666497,0.8095760479828045,0.11053971514902083,0.13654024896666497,0.8095760479828045,0.11053971514902083,0.13654024896666497,0.8095760479828045,0.11053971514902083,0.13654024896666497,0.8095760479828045,0.11053971514902083,0.11572434991290846,0.7811474691977914,0.0903977830590281,0.11572434991290846,0.7811474691977914,0.0903977830590281,0.11572434991290846,0.7811474691977914,0.0903977830590281,0.07757758081585317,0.7389530945498245,0.0573261934115638,0.07757758081585317,0.7389530945498245,0.0573261934115638,0.07757758081585317,0.7389530945498245,0.0573261934115638,0.003963885512984557,0.6888929455192966,0.0027306927667411995,0.003963885512984557,0.6888929455192966,0.0027306927667411995,0.003963885512984557,0.6888929455192966,0.0027306927667411995
10015.005005005005,0.1367802535841573,0.8094221572400702,0.11071296792393244,0.1367802535841573,0.8094221572400702,0.11071296792393244,0.1367802535841573,0.8094221572400702,0.11071296792393244,0.1367802535841573,0.8094221572400702,0.11071296792393244,0.1367802535841573,0.8094221572400702,0.11071296792393244,0.1367802535841573,0.8094221572400702,0.11071296792393244,0.11537862596390634,0.7809922646625796,0.09010981438520793,0.11537862596390634,0.7809922646625796,0.09010981438520793,0.11537862596390634,0.7809922646625796,0.09010981438520793,0.07738449023832489,0.7388141642295751,0.057172757479759716,0.07738449023832489,0.7388141642295751,0.057172757479759716,0.07738449023832489,0.7388141642295751,0.057172757479759716,0.003790532008924617,0.6887972933348449,0.002610908188046368,0.003790532008924617,0.6887972933348449,0.002610908188046368,0.003790532008924617,0.6887972933348449,0.002610908188046368
10035.015015015017,0.13700780371514865,0.8092667127638798,0.11087585493555722,0.13700780371514865,0.8092667127638798,0.11087585493555722,0.13700780371514865,0.8092667127638798,0.11087585493555722,0.13700780371514865,0.8092667127638798,0.11087585493555722,0.13700780371514865,0.8092667127638798,0.11087585493555722,0.13700780371514865,0.8092667127638798,0.11087585493555722,0.114980257371524,0.7808373785784312,0.08978088275425414,0.114980257371524,0.7808373785784312,0.08978088275425414,0.114980257371524,0.7808373785784312,0.08978088275425414,0.07710916359462835,0.7386755598997546,0.056958654591663875,0.07710916359462835,0.7386755598997546,0.056958654591663875,0.07710916359462835,0.7386755598997546,0.056958654591663875,0.0036250093127410898,0.6887018652760778,0.0024965506753279413,0.0036250093127410898,0.6887018652760778,0.0024965506753279413,0.0036250093127410898,0.6887018652760778,0.0024965506753279413
10055.025025025026,0.13718367752708022,0.809110941552195,0.11099681448952857,0.13718367752708022,0.809110941552195,0.11099681448952857,0.13718367752708022,0.809110941552195,0.11099681448952857,0.13718367752708022,0.809110941552195,0.11099681448952857,0.13718367752708022,0.809110941552195,0.11099681448952857,0.13718367752708022,0.809110941552195,0.11099681448952857,0.11456413801194967,0.780682271192506,0.08943819146038058,0.11456413801194967,0.780682271192506,0.08943819146038058,0.11456413801194967,0.780682271192506,0.08943819146038058,0.07677359386935151,0.7385371777164168,0.05670015333941726,0.07677359386935151,0.7385371777164168,0.05670015333941726,0.07677359386935151,0.7385371777164168,0.05670015333941726,0.0034427171011663245,0.688606659249194,0.002370677921774212,0.0034427171011663245,0.688606659249194,0.002370677921774212,0.0034427171011663245,0.688606659249194,0.002370677921774212
10075.035035035036,0.13726242742749484,0.8089557899915253,0.1110392354157635,0.13726242742749484,0.8089557899915253,0.1110392354157635,0.13726242742749484,0.8089557899915253,0.1110392354157635,0.13726242742749484,0.8089557899915253,0.1110392354157635,0.13726242742749484,0.8089557899915253,0.1110392354157635,0.13726242742749484,0.8089557899915253,0.1110392354157635,0.11416731853074616,0.780527029847375,0.08911067803844247,0.11416731853074616,0.780527029847375,0.08911067803844247,0.11416731853074616,0.780527029847375,0.08911067803844247,0.07641003816394032,0.7383987943503407,0.05642108005651705,0.07641003816394032,0.7383987943503407,0.05642108005651705,0.07641003816394032,0.7383987943503407,0.05642108005651705,0.0032269383970835613,0.6885116778075153,0.0022217847699574967,0.0032269383970835613,0.6885116778075153,0.0022217847699574967,0.0032269383970835613,0.6885116778075153,0.0022217847699574967
10095.045045045046,0.1372182065685564,0.8088017585021817,0.11098232677116404,0.1372182065685564,0.8088017585021817,0.11098232677116404,0.1372182065685564,0.8088017585021817,0.11098232677116404,0.1372182065685564,0.8088017585021817,0.11098232677116404,0.1372182065685564,0.8088017585021817,0.11098232677116404,0.1372182065685564,0.8088017585021817,0.11098232677116404,0.11382099827982903,0.7803722409294045,0.08882274749245207,0.11382099827982903,0.7803722409294045,0.08882274749245207,0.11382099827982903,0.7803722409294045,0.08882274749245207,0.07605610477741837,0.7382603573422306,0.05614920709103501,0.07605610477741837,0.7382603573422306,0.05614920709103501,0.07605610477741837,0.7382603573422306,0.05614920709103501,0.002977270342655323,0.6884169377568014,0.0020496033321649202,0.002977270342655323,0.6884169377568014,0.0020496033321649202,0.002977270342655323,0.6884169377568014,0.0020496033321649202
10115.055055055056,0.13705312847819007,0.8086486909700829,0.11082783293724298,0.13705312847819007,0.8086486909700829,0.11082783293724298,0.13705312847819007,0.8086486909700829,0.11082783293724298,0.13705312847819007,0.8086486909700829,0.11082783293724298,0.13705312847819007,0.8086486909700829,0.11082783293724298,0.13705312847819007,0.8086486909700829,0.11082783293724298,0.11354482319349593,0.7802186524955657,0.08858978894987664,0.11354482319349593,0.7802186524955657,0.08858978894987664,0.11354482319349593,0.7802186524955657,0.08858978894987664,0.07574920126986488,0.7381220922659978,0.055912158928790846,0.07574920126986488,0.7381220922659978,0.055912158928790846,0.07574920126986488,0.7381220922659978,0.055912158928790846,0.002710174811499558,0.6883224700047685,0.0018654742203960838,0.002710174811499558,0.6883224700047685,0.0018654742203960838,0.002710174811499558,0.6883224700047685,0.0018654742203960838
10135.065065065066,0.13678347557576595,0.8084958738603252,0.11058887561528134,0.13678347557576595,0.8084958738603252,0.11058887561528134,0.13678347557576595,0.8084958738603252,0.11058887561528134,0.13678347557576595,0.8084958738603252,0.11058887561528134,0.13678347557576595,0.8084958738603252,0.11058887561528134,0.13678347557576595,0.8084958738603252,0.11058887561528134,0.11335209305330973,0.7800668083852637,0.08842220545188474,0.11335209305330973,0.7800668083852637,0.08842220545188474,0.11335209305330973,0.7800668083852637,0.08842220545188474,0.07552021599426287,0.7379842976862263,0.0557327335616382,0.07552021599426287,0.7379842976862263,0.0557327335616382,0.07552021599426287,0.7379842976862263,0.0557327335616382,0.002450537868578363,0.6882283037554148,0.0016865295205800962,0.002450537868578363,0.6882283037554148,0.0016865295205800962,0.002450537868578363,0.6882283037554148,0.0016865295205800962
10155.075075075078,0.13642937885342513,0.8083423880160635,0.1102816498979259,0.13642937885342513,0.8083423880160635,0.1102816498979259,0.13642937885342513,0.8083423880160635,0.1102816498979259,0.13642937885342513,0.8083423880160635,0.1102816498979259,0.13642937885342513,0.8083423880160635,0.1102816498979259,0.13642937885342513,0.8083423880160635,0.1102816498979259,0.11325409691885167,0.7799166055285509,0.08832875083115231,0.11325409691885167,0.7799166055285509,0.08832875083115231,0.11325409691885167,0.7799166055285509,0.08832875083115231,0.07538424362457423,0.7378471078084041,0.05562204613271622,0.07538424362457423,0.7378471078084041,0.05562204613271622,0.07538424362457423,0.7378471078084041,0.05562204613271622,0.0022189814196458347,0.6881344602533485,0.0015269575815201953,0.0022189814196458347,0.6881344602533485,0.0015269575815201953,0.0022189814196458347,0.6881344602533485,0.0015269575815201953
10175.085085085087,0.1360167550891749,0.8081875054358454,0.10992704199299859,0.1360167550891749,0.8081875054358454,0.10992704199299859,0.1360167550891749,0.8081875054358454,0.10992704199299859,0.1360167550891749,0.8081875054358454,0.10992704199299859,0.1360167550891749,0.8081875054358454,0.10992704199299859,0.1360167550891749,0.8081875054358454,0.10992704199299859,0.1132534886331578,0.7797673372650287,0.08831137126745266,0.1132534886331578,0.7797673372650287,0.08831137126745266,0.1132534886331578,0.7797673372650287,0.08831137126745266,0.07533322944091493,0.7377104817428762,0.05557411298210398,0.07533322944091493,0.7377104817428762,0.05557411298210398,0.07533322944091493,0.7377104817428762,0.05557411298210398,0.002022259331921737,0.6880409594082284,0.0013913972509076748,0.002022259331921737,0.6880409594082284,0.0013913972509076748,0.002022259331921737,0.6880409594082284,0.0013913972509076748
10195.095095095097,0.13558224427774845,0.8080312465890276,0.10955468985908713,0.13558224427774845,0.8080312465890276,0.10955468985908713,0.13558224427774845,0.8080312465890276,0.10955468985908713,0.13558224427774845,0.8080312465890276,0.10955468985908713,0.13558224427774845,0.8080312465890276,0.10955468985908713,0.13558224427774845,0.8080312465890276,0.10955468985908713,0.11333935230869595,0.7796182310460418,0.08836142535480965,0.11333935230869595,0.7796182310460418,0.08836142535480965,0.11333935230869595,0.7796182310460418,0.08836142535480965,0.07533717172469413,0.7375743538174437,0.05556676575327507,0.07533717172469413,0.7375743538174437,0.05556676575327507,0.07533717172469413,0.7375743538174437,0.05556676575327507,0.0018509768034103951,0.6879478184505807,0.0012733754539088107,0.0018509768034103951,0.6879478184505807,0.0012733754539088107,0.0018509768034103951,0.6879478184505807,0.0012733754539088107
10215.105105105107,0.13516836038643743,0.8078747584191676,0.10919910649310811,0.13516836038643743,0.8078747584191676,0.10919910649310811,0.13516836038643743,0.8078747584191676,0.10919910649310811,0.13516836038643743,0.8078747584191676,0.10919910649310811,0.13516836038643743,0.8078747584191676,0.10919910649310811,0.13516836038643743,0.8078747584191676,0.10919910649310811,0.11348932442857762,0.779469047647954,0.08846141563055308,0.11348932442857762,0.779469047647954,0.08846141563055308,0.11348932442857762,0.779469047647954,0.08846141563055308,0.07535271456503764,0.737438776706482,0.05556801365035406,0.07535271456503764,0.737438776706482,0.05556801365035406,0.07535271456503764,0.737438776706482,0.05556801365035406,0.0016843710385974677,0.6878550427946025,0.0011586031128364503,0.0016843710385974677,0.6878550427946025,0.0011586031128364503,0.0016843710385974677,0.6878550427946025,0.0011586031128364503
10235.115115115117,0.13480746077426137,0.807719479896764,0.1088866121027898,0.13480746077426137,0.807719479896764,0.1088866121027898,0.13480746077426137,0.807719479896764,0.1088866121027898,0.13480746077426137,0.807719479896764,0.1088866121027898,0.13480746077426137,0.807719479896764,0.1088866121027898,0.13480746077426137,0.807719479896764,0.1088866121027898,0.11366868240074574,0.7793201373602503,0.08858429318210784,0.11366868240074574,0.7793201373602503,0.08858429318210784,0.11366868240074574,0.7793201373602503,0.08858429318210784,0.07533550181833061,0.7373038850269934,0.05554515817111329,0.07533550181833061,0.7373038850269934,0.05554515817111329,0.07533550181833061,0.7373038850269934,0.05554515817111329,0.0014996967794346757,0.6877626242864872,0.0010314353926579856,0.0014996967794346757,0.6877626242864872,0.0010314353926579856,0.0014996967794346757,0.6877626242864872,0.0010314353926579856
10255.125125125127,0.13451379313025158,0.807566166736411,0.10862878829137185,0.13451379313025158,0.807566166736411,0.10862878829137185,0.13451379313025158,0.807566166736411,0.10862878829137185,0.13451379313025158,0.807566166736411,0.10862878829137185,0.13451379313025158,0.807566166736411,0.10862878829137185,0.13451379313025158,0.807566166736411,0.10862878829137185,0.11383059965192442,0.7791719806193058,0.08869361378587322,0.11383059965192442,0.7791719806193058,0.08869361378587322,0.11383059965192442,0.7791719806193058,0.08869361378587322,0.07525211616209188,0.7371697262538804,0.05547358187123448,0.07525211616209188,0.7371697262538804,0.05547358187123448,0.07525211616209188,0.7371697262538804,0.05547358187123448,0.0012828553880746805,0.6876705454227149,0.0008821818644157842,0.0012828553880746805,0.6876705454227149,0.0008821818644157842,0.0012828553880746805,0.6876705454227149,0.0008821818644157842
10275.135135135137,0.13429285723096787,0.8074149064242466,0.10843005475458664,0.13429285723096787,0.8074149064242466,0.10843005475458664,0.13429285723096787,0.8074149064242466,0.10843005475458664,0.13429285723096787,0.8074149064242466,0.10843005475458664,0.13429285723096787,0.8074149064242466,0.10843005475458664,0.13429285723096787,0.8074149064242466,0.10843005475458664,0.11392738448684718,0.7790248737281803,0.08875226631404798,0.11392738448684718,0.7790248737281803,0.08875226631404798,0.11392738448684718,0.7790248737281803,0.08875226631404798,0.07508627244782455,0.737036216364105,0.05534130214582895,0.07508627244782455,0.737036216364105,0.05534130214582895,0.07508627244782455,0.737036216364105,0.05534130214582895,0.0010356417015176592,0.6875787819614001,0.000712085259677944,0.0010356417015176592,0.6875787819614001,0.000712085259677944,0.0010356417015176592,0.6875787819614001,0.000712085259677944
10295.145145145147,0.13415301518608333,0.8072651246481519,0.10829705052611897,0.13415301518608333,0.8072651246481519,0.10829705052611897,0.13415301518608333,0.8072651246481519,0.10829705052611897,0.13415301518608333,0.8072651246481519,0.10829705052611897,0.13415301518608333,0.8072651246481519,0.10829705052611897,0.13415301518608333,0.8072651246481519,0.10829705052611897,0.1139261547229653,0.7788787141028853,0.08873465689330957,0.1139261547229653,0.7788787141028853,0.08873465689330957,0.1139261547229653,0.7788787141028853,0.08873465689330957,0.07483939449968607,0.7369032607945989,0.05514939384271204,0.07483939449968607,0.7369032607945989,0.05514939384271204,0.07483939449968607,0.7369032607945989,0.05514939384271204,0.0007749932376749553,0.6874873063746503,0.0005327980134277241,0.0007749932376749553,0.6874873063746503,0.0005327980134277241,0.0007749932376749553,0.6874873063746503,0.0005327980134277241
10315.155155155157,0.13410241776353884,0.8071158529633045,0.10823618729766005,0.13410241776353884,0.8071158529633045,0.10823618729766005,0.13410241776353884,0.8071158529633045,0.10823618729766005,0.13410241776353884,0.8071158529633045,0.10823618729766005,0.13410241776353884,0.8071158529633045,0.10823618729766005,0.13410241776353884,0.8071158529633045,0.10823618729766005,0.11381390146203821,0.7787329428415216,0.08863063442180798,0.11381390146203821,0.7787329428415216,0.08863063442180798,0.11381390146203821,0.7787329428415216,0.08863063442180798,0.07452851217079835,0.7367708610802063,0.05491043608710574,0.07452851217079835,0.7367708610802063,0.05491043608710574,0.07452851217079835,0.7367708610802063,0.05491043608710574,0.0005241936265880183,0.6873960931162937,0.0003603286509530651,0.0005241936265880183,0.6873960931162937,0.0003603286509530651,0.0005241936265880183,0.6873960931162937,0.0003603286509530651
10335.165165165165,0.13413759898813618,0.8069661788145988,0.10824450569082124,0.13413759898813618,0.8069661788145988,0.10824450569082124,0.13413759898813618,0.8069661788145988,0.10824450569082124,0.13413759898813618,0.8069661788145988,0.10824450569082124,0.13413759898813618,0.8069661788145988,0.10824450569082124,0.13413759898813618,0.8069661788145988,0.10824450569082124,0.1135935351213893,0.7785868682681821,0.08844243476567425,0.1135935351213893,0.7785868682681821,0.08844243476567425,0.1135935351213893,0.7785868682681821,0.08844243476567425,0.07418161664564589,0.7366390779163731,0.05464507768419446,0.07418161664564589,0.7366390779163731,0.05464507768419446,0.07418161664564589,0.7366390779163731,0.05464507768419446,0.0003011436385089124,0.6873051191375242,0.00020697756434287555,0.0003011436385089124,0.6873051191375242,0.00020697756434287555,0.0003011436385089124,0.6873051191375242,0.00020697756434287555
10355.175175175174,0.13424454196938548,0.8068156631216752,0.1083105991494953,0.13424454196938548,0.8068156631216752,0.1083105991494953,0.13424454196938548,0.8068156631216752,0.1083105991494953,0.13424454196938548,0.8068156631216752,0.1083105991494953,0.13424454196938548,0.8068156631216752,0.1083105991494953,0.13424454196938548,0.8068156631216752,0.1083105991494953,0.11328196108181492,0.7784401990017565,0.08818323232783724,0.11328196108181492,0.7784401990017565,0.08818323232783724,0.11328196108181492,0.7784401990017565,0.08818323232783724,0.07383306093679859,0.7365078849540151,0.05437863155024244,0.07383306093679859,0.7365078849540151,0.05437863155024244,0.07383306093679859,0.7365078849540151,0.05437863155024244,0.00011023364411371575,0.6872143625859322,7.575414347513166e-05,0.00011023364411371575,0.6872143625859322,7.575414347513166e-05,0.00011023364411371575,0.6872143625859322,7.575414347513166e-05
10375.185185185184,0.13441060354351486,0.806664666829757,0.10842428472581597,0.13441060354351486,0.806664666829757,0.10842428472581597,0.13441060354351486,0.806664666829757,0.10842428472581597,0.13441060354351486,0.806664666829757,0.10842428472581597,0.13441060354351486,0.806664666829757,0.10842428472581597,0.13441060354351486,0.806664666829757,0.10842428472581597,0.11290946505434493,0.7782932766785521,0.08787667752516859,0.11290946505434493,0.7782932766785521,0.08787667752516859,0.11290946505434493,0.7782932766785521,0.08787667752516859,0.07351973665709047,0.7363770843518441,0.054138249321863674,0.07351973665709047,0.7363770843518441,0.054138249321863674,0.07351973665709047,0.7363770843518441,0.054138249321863674,5.896983881751876e-05,0.687123810794757,4.051958037024608e-05,5.896983881751876e-05,0.687123810794757,4.051958037024608e-05,5.896983881751876e-05,0.687123810794757,4.051958037024608e-05
10395.195195195198,0.1346267651554163,0.8065143942111533,0.10857842394392779,0.1346267651554163,0.8065143942111533,0.10857842394392779,0.1346267651554163,0.8065143942111533,0.10857842394392779,0.1346267651554163,0.8065143942111533,0.10857842394392779,0.1346267651554163,0.8065143942111533,0.10857842394392779,0.1346267651554163,0.8065143942111533,0.10857842394392779,0.11251270695232711,0.7781466262826482,0.0875513833288816,0.11251270695232711,0.7781466262826482,0.0875513833288816,0.11251270695232711,0.7781466262826482,0.0875513833288816,0.07327395396510754,0.7362464372715888,0.05394768755161283,0.07327395396510754,0.7362464372715888,0.05394768755161283,0.07327395396510754,0.7362464372715888,0.05394768755161283,0.00022670730981012803,0.6870334682980874,0.0001557555093473813,0.00022670730981012803,0.6870334682980874,0.0001557555093473813,0.00022670730981012803,0.6870334682980874,0.0001557555093473813
10415.205205205208,0.13487247579279044,0.8063659401302268,0.10875657074034471,0.13487247579279044,0.8063659401302268,0.10875657074034471,0.13487247579279044,0.8063659401302268,0.10875657074034471,0.13487247579279044,0.8063659401302268,0.10875657074034471,0.13487247579279044,0.8063659401302268,0.10875657074034471,0.13487247579279044,0.8063659401302268,0.10875657074034471,0.11212426448270199,0.77800046447105,0.087232729846017,0.11212426448270199,0.77800046447105,0.087232729846017,0.11212426448270199,0.77800046447105,0.087232729846017,0.07311409994193405,0.7361158572627708,0.05382044835675268,0.07311409994193405,0.7361158572627708,0.05382044835675268,0.07311409994193405,0.7361158572627708,0.05382044835675268,0.0004138447671301846,0.6869433483929992,0.00028428791004733,0.0004138447671301846,0.6869433483929992,0.00028428791004733,0.0004138447671301846,0.6869433483929992,0.00028428791004733
10435.215215215218,0.13510996305596104,0.8062196753579275,0.10892831055259848,0.13510996305596104,0.8062196753579275,0.10892831055259848,0.13510996305596104,0.8062196753579275,0.10892831055259848,0.13510996305596104,0.8062196753579275,0.10892831055259848,0.13510996305596104,0.8062196753579275,0.10892831055259848,0.13510996305596104,0.8062196753579275,0.10892831055259848,0.11177026493937466,0.7778546294656203,0.0869410180196915,0.11177026493937466,0.7778546294656203,0.0869410180196915,0.11177026493937466,0.7778546294656203,0.0869410180196915,0.0730379358434753,0.7359854359684515,0.05375485705399596,0.0730379358434753,0.7359854359684515,0.05375485705399596,0.0730379358434753,0.7359854359684515,0.05375485705399596,0.0006318771333411892,0.6868534640949953,0.000434006997917811,0.0006318771333411892,0.6868534640949953,0.000434006997917811,0.0006318771333411892,0.6868534640949953,0.000434006997917811
10455.225225225226,0.13529933672611638,0.8060753535332051,0.10906146068431243,0.13529933672611638,0.8060753535332051,0.10906146068431243,0.13529933672611638,0.8060753535332051,0.10906146068431243,0.13529933672611638,0.8060753535332051,0.10906146068431243,0.13529933672611638,0.8060753535332051,0.10906146068431243,0.13529933672611638,0.8060753535332051,0.10906146068431243,0.11147475133825686,0.7777086409479119,0.08669487736328217,0.11147475133825686,0.7777086409479119,0.08669487736328217,0.11147475133825686,0.7777086409479119,0.08669487736328217,0.07302166754686787,0.7358552850376912,0.05373337998662798,0.07302166754686787,0.7358552850376912,0.05373337998662798,0.07302166754686787,0.7358552850376912,0.05373337998662798,0.0008769735628461964,0.6867638325877959,0.0006022737250984282,0.0008769735628461964,0.6867638325877959,0.0006022737250984282,0.0008769735628461964,0.6867638325877959,0.0006022737250984282
10475.235235235235,0.1354105399234524,0.8059322028763527,0.1091317147331843,0.1354105399234524,0.8059322028763527,0.1091317147331843,0.1354105399234524,0.8059322028763527,0.1091317147331843,0.1354105399234524,0.8059322028763527,0.1091317147331843,0.1354105399234524,0.8059322028763527,0.1091317147331843,0.1354105399234524,0.8059322028763527,0.1091317147331843,0.11125825366717831,0.7775619265775108,0.08651018206910058,0.11125825366717831,0.7775619265775108,0.08651018206910058,0.11125825366717831,0.7775619265775108,0.08651018206910058,0.07302665044319807,0.7357253558486586,0.05372755838375751,0.07302665044319807,0.7357253558486586,0.05372755838375751,0.07302665044319807,0.7357253558486586,0.05372755838375751,0.0011318630572665666,0.6866744803878789,0.0007772214767187556,0.0011318630572665666,0.6866744803878789,0.0007772214767187556,0.0011318630572665666,0.6866744803878789,0.0007772214767187556
10495.245245245245,0.13542147196432638,0.8057892844202563,0.10912117098927236,0.13542147196432638,0.8057892844202563,0.10912117098927236,0.13542147196432638,0.8057892844202563,0.10912117098927236,0.13542147196432638,0.8057892844202563,0.10912117098927236,0.13542147196432638,0.8057892844202563,0.10912117098927236,0.13542147196432638,0.8057892844202563,0.10912117098927236,0.11113215085841693,0.7774142344889989,0.08639571598671214,0.11113215085841693,0.7774142344889989,0.08639571598671214,0.11113215085841693,0.7774142344889989,0.08639571598671214,0.07301120686070765,0.7355954451791137,0.053706711213766606,0.07301120686070765,0.7355954451791137,0.053706711213766606,0.07301120686070765,0.7355954451791137,0.053706711213766606,0.001374822423217863,0.6865854333340455,0.0009439330492023991,0.001374822423217863,0.6865854333340455,0.0009439330492023991,0.001374822423217863,0.6865854333340455,0.0009439330492023991
10515.255255255255,0.13531705471859173,0.8056459360642342,0.10901763521421504,0.13531705471859173,0.8056459360642342,0.10901763521421504,0.13531705471859173,0.8056459360642342,0.10901763521421504,0.13531705471859173,0.8056459360642342,0.10901763521421504,0.13531705471859173,0.8056459360642342,0.10901763521421504,0.13531705471859173,0.8056459360642342,0.10901763521421504,0.11109945265221088,0.7772659673692592,0.0863538235399159,0.11109945265221088,0.7772659673692592,0.0863538235399159,0.11109945265221088,0.7772659673692592,0.0863538235399159,0.07294121150938311,0.7354653969084121,0.05364573707372888,0.07294121150938311,0.7354653969084121,0.05364573707372888,0.07294121150938311,0.7354653969084121,0.05364573707372888,0.0015903547019381762,0.6864967059826237,0.0010917732642245354,0.0015903547019381762,0.6864967059826237,0.0010917732642245354,0.0015903547019381762,0.6864967059826237,0.0010917732642245354
10535.265265265265,0.1350954034254969,0.805501974670889,0.10881961422819814,0.1350954034254969,0.805501974670889,0.10881961422819814,0.1350954034254969,0.805501974670889,0.10881961422819814,0.1350954034254969,0.805501974670889,0.10881961422819814,0.1350954034254969,0.805501974670889,0.10881961422819814,0.1350954034254969,0.805501974670889,0.10881961422819814,0.11115627123183296,0.7771179248817673,0.08638153083727693,0.11115627123183296,0.7771179248817673,0.08638153083727693,0.11115627123183296,0.7771179248817673,0.08638153083727693,0.07279687674116288,0.7353352655394613,0.05353011068890644,0.07279687674116288,0.7353352655394613,0.05353011068890644,0.07279687674116288,0.7353352655394613,0.05353011068890644,0.00177607541127974,0.6864083044062884,0.0012191129115542278,0.00177607541127974,0.6864083044062884,0.0012191129115542278,0.00177607541127974,0.6864083044062884,0.0012191129115542278
10555.275275275275,0.13477543023383592,0.8053578124629085,0.10854244566686944,0.13477543023383592,0.8053578124629085,0.10854244566686944,0.13477543023383592,0.8053578124629085,0.10854244566686944,0.13477543023383592,0.8053578124629085,0.10854244566686944,0.13477543023383592,0.8053578124629085,0.10854244566686944,0.13477543023383592,0.8053578124629085,0.10854244566686944,0.11128548785697039,0.7769706145738435,0.08646555389338029,0.11128548785697039,0.7769706145738435,0.08646555389338029,0.11128548785697039,0.7769706145738435,0.08646555389338029,0.07257531072949623,0.7352052511865368,0.053357749554820234,0.07257531072949623,0.7352052511865368,0.053357749554820234,0.07257531072949623,0.7352052511865368,0.053357749554820234,0.0019432287231409668,0.6863202298941647,0.0013336771840030525,0.0019432287231409668,0.6863202298941647,0.0013336771840030525,0.0019432287231409668,0.6863202298941647,0.0013336771840030525
10575.285285285285,0.1343940760941634,0.8052142539999512,0.10821602572417445,0.1343940760941634,0.8052142539999512,0.10821602572417445,0.1343940760941634,0.8052142539999512,0.10821602572417445,0.1343940760941634,0.8052142539999512,0.10821602572417445,0.1343940760941634,0.8052142539999512,0.10821602572417445,0.1343940760941634,0.8052142539999512,0.10821602572417445,0.11145258591070563,0.7768240082360666,0.0865790445154289,0.11145258591070563,0.7768240082360666,0.0865790445154289,0.11145258591070563,0.7768240082360666,0.0865790445154289,0.07228846276776835,0.7350755135963624,0.053137478896108835,0.07228846276776835,0.7350755135963624,0.053137478896108835,0.07228846276776835,0.7350755135963624,0.053137478896108835,0.002111492023512088,0.686232475767604,0.0014489743988582483,0.002111492023512088,0.686232475767604,0.0014489743988582483,0.002111492023512088,0.686232475767604,0.0014489743988582483
10595.295295295295,0.1339897522974047,0.8050716967393906,0.10787135722776227,0.1339897522974047,0.8050716967393906,0.10787135722776227,0.1339897522974047,0.8050716967393906,0.10787135722776227,0.1339897522974047,0.8050716967393906,0.10787135722776227,0.1339897522974047,0.8050716967393906,0.10787135722776227,0.1339897522974047,0.8050716967393906,0.10787135722776227,0.11161337750496557,0.776677717919734,0.08668762332987043,0.11161337750496557,0.776677717919734,0.08668762332987043,0.11161337750496557,0.776677717919734,0.08668762332987043,0.07195957886123769,0.7349460577779247,0.05288640880342632,0.07195957886123769,0.7349460577779247,0.05288640880342632,0.07195957886123769,0.7349460577779247,0.05288640880342632,0.0022999471604753644,0.6861450269708042,0.0015780973064557933,0.0022999471604753644,0.6861450269708042,0.0015780973064557933,0.0022999471604753644,0.6861450269708042,0.0015780973064557933
10615.305305305305,0.13359034981094794,0.8049299923810354,0.10753087925550618,0.13359034981094794,0.8049299923810354,0.10753087925550618,0.13359034981094794,0.8049299923810354,0.10753087925550618,0.13359034981094794,0.8049299923810354,0.10753087925550618,0.13359034981094794,0.8049299923810354,0.10753087925550618,0.13359034981094794,0.8049299923810354,0.10753087925550618,0.11172537199789066,0.7765312503170094,0.08675824280965502,0.11172537199789066,0.7765312503170094,0.08675824280965502,0.11172537199789066,0.7765312503170094,0.08675824280965502,0.071620201986652,0.734816805346521,0.052627728022104185,0.071620201986652,0.734816805346521,0.052627728022104185,0.071620201986652,0.734816805346521,0.052627728022104185,0.0025177960354413617,0.686057862624784,0.0017273537666000554,0.0025177960354413617,0.686057862624784,0.0017273537666000554,0.0025177960354413617,0.686057862624784,0.0017273537666000554
10635.315315315316,0.13321661294735038,0.8047886507710159,0.10721121819418276,0.13321661294735038,0.8047886507710159,0.10721121819418276,0.13321661294735038,0.8047886507710159,0.10721121819418276,0.13321661294735038,0.8047886507710159,0.10721121819418276,0.13321661294735038,0.8047886507710159,0.10721121819418276,0.13321661294735038,0.8047886507710159,0.10721121819418276,0.11175427260035042,0.7763843118351148,0.08676426402745689,0.11175427260035042,0.7763843118351148,0.08676426402745689,0.11175427260035042,0.7763843118351148,0.08676426402745689,0.07130563716093276,0.7346877673816835,0.052387379367494095,0.07130563716093276,0.7346877673816835,0.052387379367494095,0.07130563716093276,0.7346877673816835,0.052387379367494095,0.0027596208081582508,0.6859709572378146,0.001893019727385707,0.0027596208081582508,0.6859709572378146,0.001893019727385707,0.0027596208081582508,0.6859709572378146,0.001893019727385707
10655.325325325326,0.13289043969853342,0.8046470472124697,0.10692989990619169,0.13289043969853342,0.8046470472124697,0.10692989990619169,0.13289043969853342,0.8046470472124697,0.10692989990619169,0.13289043969853342,0.8046470472124697,0.10692989990619169,0.13289043969853342,0.8046470472124697,0.10692989990619169,0.13289043969853342,0.8046470472124697,0.10692989990619169,0.11167884821686254,0.7762371048277736,0.08668926581035775,0.11167884821686254,0.7762371048277736,0.08668926581035775,0.11167884821686254,0.7762371048277736,0.08668926581035775,0.0710484212358853,0.7345590938661577,0.05218926392365298,0.0710484212358853,0.7345590938661577,0.05218926392365298,0.0710484212358853,0.7345590938661577,0.05218926392365298,0.0030082395036602305,0.6858842859237209,0.0020633042038555255,0.0030082395036602305,0.6858842859237209,0.0020633042038555255,0.0030082395036602305,0.6858842859237209,0.0020633042038555255
10675.335335335336,0.13263348173237727,0.8045048073067662,0.10670427366353168,0.13263348173237727,0.8045048073067662,0.10670427366353168,0.13263348173237727,0.8045048073067662,0.10670427366353168,0.13263348173237727,0.8045048073067662,0.10670427366353168,0.13263348173237727,0.8045048073067662,0.10670427366353168,0.13263348173237727,0.8045048073067662,0.10670427366353168,0.11149653100265378,0.7760903313604878,0.08653137969139446,0.11149653100265378,0.7760903313604878,0.08653137969139446,0.11149653100265378,0.7760903313604878,0.08653137969139446,0.07087001455432734,0.7344309507547837,0.05204913216913999,0.07087001455432734,0.7344309507547837,0.05204913216913999,0.07087001455432734,0.7344309507547837,0.05204913216913999,0.0032436122876192226,0.6857978310749518,0.0022244622716973256,0.0032436122876192226,0.6857978310749518,0.0022244622716973256,0.0032436122876192226,0.6857978310749518,0.0022244622716973256
10695.345345345346,0.13245773599230176,0.8043619487096696,0.10654396264443879,0.13245773599230176,0.8043619487096696,0.10654396264443879,0.13245773599230176,0.8043619487096696,0.10654396264443879,0.13245773599230176,0.8043619487096696,0.10654396264443879,0.13245773599230176,0.8043619487096696,0.10654396264443879,0.13245773599230176,0.8043619487096696,0.10654396264443879,0.11122335626249921,0.7759446617682884,0.08630316955583879,0.11122335626249921,0.7759446617682884,0.08630316955583879,0.11122335626249921,0.7759446617682884,0.08630316955583879,0.070772940583371,0.7343033909397068,0.05196881025714371,0.070772940583371,0.7343033909397068,0.05196881025714371,0.070772940583371,0.7343033909397068,0.05196881025714371,0.003452501552140013,0.6857115818064904,0.0023674203005072916,0.003452501552140013,0.6857115818064904,0.0023674203005072916,0.003452501552140013,0.6857115818064904,0.0023674203005072916
10715.355355355356,0.1323623587863605,0.8042187229795484,0.10644828715372764,0.1323623587863605,0.8042187229795484,0.10644828715372764,0.1323623587863605,0.8042187229795484,0.10644828715372764,0.1323623587863605,0.8042187229795484,0.10644828715372764,0.1323623587863605,0.8042187229795484,0.10644828715372764,0.1323623587863605,0.8042187229795484,0.10644828715372764,0.11088518844759826,0.77580026037703,0.08602475806960276,0.11088518844759826,0.77580026037703,0.08602475806960276,0.11088518844759826,0.77580026037703,0.08602475806960276,0.07073885255357891,0.7341763630236904,0.05193479349225566,0.07073885255357891,0.7341763630236904,0.05193479349225566,0.07073885255357891,0.7341763630236904,0.05193479349225566,0.0036342313262859843,0.6856255306313166,0.0024917217815217814,0.0036342313262859843,0.6856255306313166,0.0024917217815217814,0.0036342313262859843,0.6856255306313166,0.0024917217815217814
10735.365365365366,0.13234278614240216,0.8040756004787667,0.10641360523648502,0.13234278614240216,0.8040756004787667,0.10641360523648502,0.13234278614240216,0.8040756004787667,0.10641360523648502,0.13234278614240216,0.8040756004787667,0.10641360523648502,0.13234278614240216,0.8040756004787667,0.10641360523648502,0.13234278614240216,0.8040756004787667,0.10641360523648502,0.11051002262058991,0.775656857105017,0.08571785682449111,0.11051002262058991,0.775656857105017,0.08571785682449111,0.11051002262058991,0.775656857105017,0.08571785682449111,0.07073421319220861,0.7340498307562813,0.05192243722241945,0.07073421319220861,0.7340498307562813,0.05192243722241945,0.07073421319220861,0.7340498307562813,0.05192243722241945,0.003800568668513982,0.685539676431977,0.0026054406152705846,0.003800568668513982,0.685539676431977,0.0026054406152705846,0.003800568668513982,0.685539676431977,0.0026054406152705846
10755.375375375375,0.13239870493446856,0.8039329573359054,0.10643968240541124,0.13239870493446856,0.8039329573359054,0.10643968240541124,0.13239870493446856,0.8039329573359054,0.10643968240541124,0.13239870493446856,0.8039329573359054,0.10643968240541124,0.13239870493446856,0.8039329573359054,0.10643968240541124,0.13239870493446856,0.8039329573359054,0.10643968240541124,0.1101275040892241,0.7755140442299908,0.08540542607718904,0.1101275040892241,0.7755140442299908,0.08540542607718904,0.1101275040892241,0.7755140442299908,0.08540542607718904,0.07071993500058789,0.7339238638980531,0.05190304795025063,0.07071993500058789,0.7339238638980531,0.05190304795025063,0.07071993500058789,0.7339238638980531,0.05190304795025063,0.003970358722698759,0.6854540298882345,0.002721498386575767,0.003970358722698759,0.6854540298882345,0.002721498386575767,0.003970358722698759,0.6854540298882345,0.002721498386575767
10775.385385385385,0.13252714139205368,0.8037905950054244,0.10652406983388683,0.13252714139205368,0.8037905950054244,0.10652406983388683,0.13252714139205368,0.8037905950054244,0.10652406983388683,0.13252714139205368,0.8037905950054244,0.10652406983388683,0.13252714139205368,0.8037905950054244,0.10652406983388683,0.13252714139205368,0.8037905950054244,0.10652406983388683,0.10976831898324457,0.7753715262693373,0.0851112290260578,0.10976831898324457,0.7753715262693373,0.0851112290260578,0.10976831898324457,0.7753715262693373,0.0851112290260578,0.07066163252875428,0.7337985650351625,0.05185140455264185,0.07066163252875428,0.7337985650351625,0.05185140455264185,0.07066163252875428,0.7337985650351625,0.05185140455264185,0.004160715485509664,0.6853686101673431,0.0028516237896055005,0.004160715485509664,0.6853686101673431,0.0028516237896055005,0.004160715485509664,0.6853686101673431,0.0028516237896055005
10795.395395395395,0.1327123006888537,0.8036479246494383,0.1066539650240495,0.1327123006888537,0.8036479246494383,0.1066539650240495,0.1327123006888537,0.8036479246494383,0.1066539650240495,0.1327123006888537,0.8036479246494383,0.1066539650240495,0.1327123006888537,0.8036479246494383,0.1066539650240495,0.1327123006888537,0.8036479246494383,0.1066539650240495,0.10945849208711034,0.775229278554169,0.08485542785231777,0.10945849208711034,0.775229278554169,0.08485542785231777,0.10945849208711034,0.775229278554169,0.08485542785231777,0.07053723927690891,0.7336739259386993,0.05175133326516718,0.07053723927690891,0.7336739259386993,0.05175133326516718,0.07053723927690891,0.7336739259386993,0.05175133326516718,0.004378552496156668,0.6852834358487708,0.003000549498610453,0.004378552496156668,0.6852834358487708,0.003000549498610453,0.004378552496156668,0.6852834358487708,0.003000549498610453
10815.405405405405,0.13292942826325657,0.8035042651063049,0.10680936256766925,0.13292942826325657,0.8035042651063049,0.10680936256766925,0.13292942826325657,0.8035042651063049,0.10680936256766925,0.13292942826325657,0.8035042651063049,0.10680936256766925,0.13292942826325657,0.8035042651063049,0.10680936256766925,0.13292942826325657,0.8035042651063049,0.10680936256766925,0.10921623709055134,0.7750876052659891,0.08465215166267794,0.10921623709055134,0.7750876052659891,0.08465215166267794,0.10921623709055134,0.7750876052659891,0.08465215166267794,0.07033960291014672,0.7335498025548611,0.051597601826525466,0.07033960291014672,0.7335498025548611,0.051597601826525466,0.07033960291014672,0.7335498025548611,0.051597601826525466,0.004617047586797092,0.6851985233500546,0.0031635941887103005,0.004617047586797092,0.6851985233500546,0.0031635941887103005,0.004617047586797092,0.6851985233500546,0.0031635941887103005
10835.415415415415,0.1331521204340941,0.8033592672364442,0.10696898990291262,0.1331521204340941,0.8033592672364442,0.10696898990291262,0.1331521204340941,0.8033592672364442,0.10696898990291262,0.1331521204340941,0.8033592672364442,0.10696898990291262,0.1331521204340941,0.8033592672364442,0.10696898990291262,0.1331521204340941,0.8033592672364442,0.10696898990291262,0.1090555170330148,0.7749469062946784,0.08451223553910144,0.1090555170330148,0.7749469062946784,0.08451223553910144,0.1090555170330148,0.7749469062946784,0.08451223553910144,0.07007583810944625,0.7334260300133019,0.051395443744466,0.07007583810944625,0.7334260300133019,0.051395443744466,0.07007583810944625,0.7334260300133019,0.051395443744466,0.004859294443424545,0.6851138900316288,0.0033291701189436685,0.004859294443424545,0.6851138900316288,0.0033291701189436685,0.004859294443424545,0.6851138900316288,0.0033291701189436685
10855.425425425425,0.13334950306694357,0.8032133017173544,0.10710809464076822,0.13334950306694357,0.8032133017173544,0.10710809464076822,0.13334950306694357,0.8032133017173544,0.10710809464076822,0.13334950306694357,0.8032133017173544,0.10710809464076822,0.13334950306694357,0.8032133017173544,0.10710809464076822,0.13334950306694357,0.8032133017173544,0.10710809464076822,0.10898652578559448,0.7748072476213689,0.0844435500717518,0.10898652578559448,0.7748072476213689,0.0844435500717518,0.10898652578559448,0.7748072476213689,0.0844435500717518,0.0697652535801517,0.7333025598864344,0.05115903904145148,0.0697652535801517,0.7333025598864344,0.05115903904145148,0.0697652535801517,0.7333025598864344,0.05115903904145148,0.005086971353906253,0.6850295503758387,0.003484725699341172,0.005086971353906253,0.6850295503758387,0.003484725699341172,0.005086971353906253,0.6850295503758387,0.003484725699341172
10875.435435435435,0.1334839727381247,0.8030671949355139,0.10719659955565441,0.1334839727381247,0.8030671949355139,0.10719659955565441,0.1334839727381247,0.8030671949355139,0.10719659955565441,0.1334839727381247,0.8030671949355139,0.10719659955565441,0.1334839727381247,0.8030671949355139,0.10719659955565441,0.1334839727381247,0.8030671949355139,0.10719659955565441,0.10900858605071011,0.7746683174571828,0.08444549794429013,0.10900858605071011,0.7746683174571828,0.08444549794429013,0.10900858605071011,0.7746683174571828,0.08444549794429013,0.06943601181909849,0.7331794621350332,0.05090905779832844,0.06943601181909849,0.7331794621350332,0.05090905779832844,0.06943601181909849,0.7331794621350332,0.05090905779832844,0.0052890103543368535,0.684945510111683,0.0036226838951372293,0.0052890103543368535,0.684945510111683,0.0036226838951372293,0.0052890103543368535,0.684945510111683,0.0036226838951372293
10895.445445445446,0.133520884862641,0.8029217125966072,0.1072068175413261,0.133520884862641,0.8029217125966072,0.1072068175413261,0.133520884862641,0.8029217125966072,0.1072068175413261,0.133520884862641,0.8029217125966072,0.1072068175413261,0.133520884862641,0.8029217125966072,0.1072068175413261,0.133520884862641,0.8029217125966072,0.1072068175413261,0.10910580068923184,0.7745297389881138,0.0845056873299199,0.10910580068923184,0.7745297389881138,0.0845056873299199,0.10910580068923184,0.7745297389881138,0.0845056873299199,0.06912148449930103,0.7330567793307816,0.050669972809620156,0.06912148449930103,0.7330567793307816,0.050669972809620156,0.06912148449930103,0.7330567793307816,0.050669972809620156,0.005466365337393272,0.6848617670146345,0.0037437046241147053,0.005466365337393272,0.6848617670146345,0.0037437046241147053,0.005466365337393272,0.6848617670146345,0.0037437046241147053
10915.455455455456,0.13344368416456026,0.8027774256542057,0.10712557724343859,0.13344368416456026,0.8027774256542057,0.10712557724343859,0.13344368416456026,0.8027774256542057,0.10712557724343859,0.13344368416456026,0.8027774256542057,0.10712557724343859,0.13344368416456026,0.8027774256542057,0.10712557724343859,0.13344368416456026,0.8027774256542057,0.10712557724343859,0.109249242043467,0.7743913509742486,0.08460166813895309,0.109249242043467,0.7743913509742486,0.08460166813895309,0.109249242043467,0.7743913509742486,0.08460166813895309,0.06885460481217044,0.7329344058180784,0.050465908865846745,0.06885460481217044,0.7329344058180784,0.050465908865846745,0.06885460481217044,0.7329344058180784,0.050465908865846745,0.0056313229925745905,0.6847783124436088,0.003856207855680121,0.0056313229925745905,0.6847783124436088,0.003856207855680121,0.0056313229925745905,0.6847783124436088,0.003856207855680121
10935.465465465466,0.13325889000222702,0.8026344048716428,0.1069581698707932,0.13325889000222702,0.8026344048716428,0.1069581698707932,0.13325889000222702,0.8026344048716428,0.1069581698707932,0.13325889000222702,0.8026344048716428,0.1069581698707932,0.13325889000222702,0.8026344048716428,0.1069581698707932,0.13325889000222702,0.8026344048716428,0.1069581698707932,0.10940045284879359,0.7742532238839879,0.08470365331254665,0.10940045284879359,0.7742532238839879,0.08470365331254665,0.10940045284879359,0.7742532238839879,0.08470365331254665,0.06865903867508938,0.7328121433842427,0.050314177294193865,0.06865903867508938,0.7328121433842427,0.050314177294193865,0.06865903867508938,0.7328121433842427,0.050314177294193865,0.005801942584186092,0.6846951306676489,0.003972561835805493,0.005801942584186092,0.6846951306676489,0.003972561835805493,0.005801942584186092,0.6846951306676489,0.003972561835805493
10955.475475475476,0.13298586787836547,0.8024920743120663,0.1067201049678999,0.13298586787836547,0.8024920743120663,0.1067201049678999,0.13298586787836547,0.8024920743120663,0.1067201049678999,0.13298586787836547,0.8024920743120663,0.1067201049678999,0.13298586787836547,0.8024920743120663,0.1067201049678999,0.13298586787836547,0.8024920743120663,0.1067201049678999,0.1095167710463922,0.774115533399749,0.08477863363479608,0.1095167710463922,0.774115533399749,0.08477863363479608,0.1095167710463922,0.774115533399749,0.08477863363479608,0.06854147715488909,0.7326898545193536,0.05021964492515729,0.06854147715488909,0.7326898545193536,0.05021964492515729,0.06854147715488909,0.7326898545193536,0.05021964492515729,0.005993487290529521,0.6846122025575163,0.0041032145349698965,0.005993487290529521,0.6846122025575163,0.0041032145349698965,0.005993487290529521,0.6846122025575163,0.0041032145349698965
10975.485485485486,0.13264647359456247,0.8023495276230106,0.10642883542945535,0.13264647359456247,0.8023495276230106,0.10642883542945535,0.13264647359456247,0.8023495276230106,0.10642883542945535,0.13264647359456247,0.8023495276230106,0.10642883542945535,0.13264647359456247,0.8023495276230106,0.10642883542945535,0.13264647359456247,0.8023495276230106,0.10642883542945535,0.10956115731784509,0.7739784316767252,0.0847979727135527,0.10956115731784509,0.7739784316767252,0.0847979727135527,0.10956115731784509,0.7739784316767252,0.0847979727135527,0.068489125033715,0.7325675554486623,0.05017291090076638,0.068489125033715,0.7325675554486623,0.05017291090076638,0.068489125033715,0.7325675554486623,0.05017291090076638,0.006210816006504025,0.6845295097063103,0.004251486835808304,0.006210816006504025,0.6845295097063103,0.004251486835808304,0.006210816006504025,0.6845295097063103,0.004251486835808304
10995.495495495496,0.13226438631056306,0.8022059388638456,0.1061032761985156,0.13226438631056306,0.8022059388638456,0.1061032761985156,0.13226438631056306,0.8022059388638456,0.1061032761985156,0.13226438631056306,0.8022059388638456,0.1061032761985156,0.13226438631056306,0.8022059388638456,0.1061032761985156,0.13226438631056306,0.8022059388638456,0.1061032761985156,0.10951212296665773,0.7738418118134591,0.08474505965205674,0.10951212296665773,0.7738418118134591,0.08474505965205674,0.10951212296665773,0.7738418118134591,0.08474505965205674,0.06847322859311833,0.7324453543469108,0.05015289818016358,0.06847322859311833,0.7324453543469108,0.05015289818016358,0.06847322859311833,0.7324453543469108,0.05015289818016358,0.006445975933667208,0.6844470334781162,0.004411929105669851,0.006445975933667208,0.6844470334781162,0.004411929105669851,0.006445975933667208,0.6844470334781162,0.004411929105669851
11015.505505505505,0.1318686982318996,0.8020611305985559,0.10576675719443718,0.1318686982318996,0.8020611305985559,0.10576675719443718,0.1318686982318996,0.8020611305985559,0.10576675719443718,0.1318686982318996,0.8020611305985559,0.10576675719443718,0.1318686982318996,0.8020611305985559,0.10576675719443718,0.1318686982318996,0.8020611305985559,0.10576675719443718,0.10936523320220398,0.7737052171147817,0.08461645149951996,0.10936523320220398,0.7737052171147817,0.08461645149951996,0.10936523320220398,0.7737052171147817,0.08461645149951996,0.0684576745907972,0.7323233120553515,0.05013315099194009,0.0684576745907972,0.7323233120553515,0.05013315099194009,0.0684576745907972,0.7323233120553515,0.05013315099194009,0.006682461401893917,0.6843647562091894,0.004573241068184448,0.006682461401893917,0.6843647562091894,0.004573241068184448,0.006682461401893917,0.6843647562091894,0.004573241068184448
11035.515515515515,0.13149189985116164,0.8019158614766487,0.1054454401463455,0.13149189985116164,0.8019158614766487,0.1054454401463455,0.13149189985116164,0.8019158614766487,0.1054454401463455,0.13149189985116164,0.8019158614766487,0.1054454401463455,0.13149189985116164,0.8019158614766487,0.1054454401463455,0.13149189985116164,0.8019158614766487,0.1054454401463455,0.1091284858533129,0.773568133297932,0.08441831909117704,0.1091284858533129,0.773568133297932,0.08441831909117704,0.1091284858533129,0.773568133297932,0.08441831909117704,0.06840881607137399,0.7322013857312843,0.05008902992369659,0.06840881607137399,0.7322013857312843,0.05008902992369659,0.06840881607137399,0.7322013857312843,0.05008902992369659,0.006903535252527406,0.6842826671272252,0.004723969515206275,0.006903535252527406,0.6842826671272252,0.004723969515206275,0.006903535252527406,0.6842826671272252,0.004723969515206275
11055.525525525525,0.13116017319708947,0.8017712815138596,0.1051604601478102,0.13116017319708947,0.8017712815138596,0.1051604601478102,0.13116017319708947,0.8017712815138596,0.1051604601478102,0.13116017319708947,0.8017712815138596,0.1051604601478102,0.13116017319708947,0.8017712815138596,0.1051604601478102,0.13116017319708947,0.8017712815138596,0.1051604601478102,0.10881982269445459,0.7734304067352735,0.08416455972743236,0.10881982269445459,0.7734304067352735,0.08416455972743236,0.10881982269445459,0.7734304067352735,0.08416455972743236,0.06830253464269563,0.7320795093718739,0.05000288605008004,0.06830253464269563,0.7320795093718739,0.05000288605008004,0.06830253464269563,0.7320795093718739,0.05000288605008004,0.007099984517566947,0.6842007651173663,0.00485781483924076,0.007099984517566947,0.6842007651173663,0.00485781483924076,0.007099984517566947,0.6842007651173663,0.00485781483924076
11075.535535535535,0.1308869828917963,0.8016283030457703,0.10492270998633142,0.1308869828917963,0.8016283030457703,0.10492270998633142,0.1308869828917963,0.8016283030457703,0.10492270998633142,0.1308869828917963,0.8016283030457703,0.10492270998633142,0.1308869828917963,0.8016283030457703,0.10492270998633142,0.1308869828917963,0.8016283030457703,0.10492270998633142,0.10846608648084148,0.7732923596460046,0.0838759959563375,0.10846608648084148,0.7732923596460046,0.0838759959563375,0.10846608648084148,0.7732923596460046,0.0838759959563375,0.0681280018796644,0.7319576967447644,0.04986681533966214,0.0681280018796644,0.7319576967447644,0.04986681533966214,0.0681280018796644,0.7319576967447644,0.04986681533966214,0.007274057923539696,0.6841190552466447,0.004976321634461347,0.007274057923539696,0.6841190552466447,0.004976321634461347,0.007274057923539696,0.6841190552466447,0.004976321634461347
11095.545545545547,0.13067857370869618,0.801487443368115,0.10473723594477466,0.13067857370869618,0.801487443368115,0.10473723594477466,0.13067857370869618,0.801487443368115,0.10473723594477466,0.13067857370869618,0.801487443368115,0.10473723594477466,0.13067857370869618,0.801487443368115,0.10473723594477466,0.13067857370869618,0.801487443368115,0.10473723594477466,0.10809777340826808,0.7731544761561353,0.08357627737311413,0.10809777340826808,0.7731544761561353,0.08357627737311413,0.10809777340826808,0.7731544761561353,0.08357627737311413,0.06788815927442945,0.7318360481531063,0.04968300219978711,0.06788815927442945,0.7318360481531063,0.04968300219978711,0.06788815927442945,0.7318360481531063,0.04968300219978711,0.007438294998897764,0.6840375455108431,0.005088073053831605,0.007438294998897764,0.6840375455108431,0.005088073053831605,0.007438294998897764,0.6840375455108431,0.005088073053831605
11115.555555555557,0.13054281903567805,0.8013485799142341,0.10461030265224146,0.13054281903567805,0.8013485799142341,0.10461030265224146,0.13054281903567805,0.8013485799142341,0.10461030265224146,0.13054281903567805,0.8013485799142341,0.10461030265224146,0.13054281903567805,0.8013485799142341,0.10461030265224146,0.13054281903567805,0.8013485799142341,0.10461030265224146,0.10774212717341582,0.7730170806286786,0.08328650460831771,0.10774212717341582,0.7730170806286786,0.08328650460831771,0.10774212717341582,0.7730170806286786,0.08328650460831771,0.067597772994693,0.7317146712190477,0.0494622822419516,0.067597772994693,0.7317146712190477,0.0494622822419516,0.067597772994693,0.7317146712190477,0.0494622822419516,0.007609807394407245,0.683956248455529,0.005204775316947924,0.007609807394407245,0.683956248455529,0.005204775316947924,0.007609807394407245,0.683956248455529,0.005204775316947924
11135.565565565566,0.1304877759479704,0.8012109642395805,0.1045482367887517,0.1304877759479704,0.8012109642395805,0.1045482367887517,0.1304877759479704,0.8012109642395805,0.1045482367887517,0.1304877759479704,0.8012109642395805,0.1045482367887517,0.1304877759479704,0.8012109642395805,0.1045482367887517,0.1304877759479704,0.8012109642395805,0.1045482367887517,0.1074222545899225,0.7728801673766521,0.08302453010743663,0.1074222545899225,0.7728801673766521,0.08302453010743663,0.1074222545899225,0.7728801673766521,0.08302453010743663,0.06728133715111687,0.7315936117581354,0.04922259645030241,0.06728133715111687,0.7315936117581354,0.04922259645030241,0.06728133715111687,0.7315936117581354,0.04922259645030241,0.007802025609968483,0.6838751816230142,0.005335611681044604,0.007802025609968483,0.6838751816230142,0.005335611681044604,0.007802025609968483,0.6838751816230142,0.005335611681044604
11155.575575575576,0.1305128302907217,0.8010735467346928,0.10455037585537147,0.1305128302907217,0.8010735467346928,0.10455037585537147,0.1305128302907217,0.8010735467346928,0.10455037585537147,0.1305128302907217,0.8010735467346928,0.10455037585537147,0.1305128302907217,0.8010735467346928,0.10455037585537147,0.1305128302907217,0.8010735467346928,0.10455037585537147,0.10716006466792277,0.7727433326904223,0.08280722550281182,0.10716006466792277,0.7727433326904223,0.08280722550281182,0.10716006466792277,0.7727433326904223,0.08280722550281182,0.06697015005725811,0.7314728841502246,0.048986848814355916,0.06697015005725811,0.7314728841502246,0.048986848814355916,0.06697015005725811,0.7314728841502246,0.048986848814355916,0.008017993202561798,0.6837943624796562,0.005482658550311961,0.008017993202561798,0.6837943624796562,0.005482658550311961,0.008017993202561798,0.6837943624796562,0.005482658550311961
11175.585585585586,0.13060868866405417,0.8009354728080669,0.10460913180798584,0.13060868866405417,0.8009354728080669,0.10460913180798584,0.13060868866405417,0.8009354728080669,0.10460913180798584,0.13060868866405417,0.8009354728080669,0.10460913180798584,0.13060868866405417,0.8009354728080669,0.10460913180798584,0.13060868866405417,0.8009354728080669,0.10460913180798584,0.10697424083821402,0.7726059803795177,0.08264893821816298,0.10697424083821402,0.7726059803795177,0.08264893821816298,0.10697424083821402,0.7726059803795177,0.08264893821816298,0.06669647842472336,0.7313525420475135,0.04877863904153857,0.06669647842472336,0.7313525420475135,0.04877863904153857,0.06669647842472336,0.7313525420475135,0.04877863904153857,0.00824897859857779,0.6837138041655236,0.0056399405381136105,0.00824897859857779,0.6837138041655236,0.0056399405381136105,0.00824897859857779,0.6837138041655236,0.0056399405381136105
11195.595595595596,0.13076443164550478,0.800796629964191,0.10471571618090303,0.13076443164550478,0.800796629964191,0.10471571618090303,0.13076443164550478,0.800796629964191,0.10471571618090303,0.13076443164550478,0.800796629964191,0.10471571618090303,0.13076443164550478,0.800796629964191,0.10471571618090303,0.13076443164550478,0.800796629964191,0.10471571618090303,0.10687537237638922,0.7724677674590487,0.08255778029594386,0.10687537237638922,0.7724677674590487,0.08255778029594386,0.10687537237638922,0.7724677674590487,0.08255778029594386,0.06648558959662587,0.7312326854782001,0.048616436226342215,0.06648558959662587,0.7312326854782001,0.048616436226342215,0.06648558959662587,0.7312326854782001,0.048616436226342215,0.008479147790731783,0.6836335151380717,0.005796629609553183,0.008479147790731783,0.6836335151380717,0.005796629609553183,0.008479147790731783,0.6836335151380717,0.005796629609553183
11215.605605605608,0.13096619572139567,0.8006577506574244,0.10485909967845265,0.13096619572139567,0.8006577506574244,0.10485909967845265,0.13096619572139567,0.8006577506574244,0.10485909967845265,0.13096619572139567,0.8006577506574244,0.10485909967845265,0.13096619572139567,0.8006577506574244,0.10485909967845265,0.13096619572139567,0.8006577506574244,0.10485909967845265,0.10686457114596089,0.7723289409656793,0.08253460105991146,0.10686457114596089,0.7723289409656793,0.08253460105991146,0.10686457114596089,0.7723289409656793,0.08253460105991146,0.06634812282799049,0.7311133860800134,0.048508000740824765,0.06634812282799049,0.7311133860800134,0.048508000740824765,0.06634812282799049,0.7311133860800134,0.048508000740824765,0.008693434858493611,0.683553498265504,0.005942427809466585,0.008693434858493611,0.683553498265504,0.005942427809466585,0.008693434858493611,0.683553498265504,0.005942427809466585
11235.615615615618,0.13118773533698422,0.8005197282936231,0.10501837024741834,0.13118773533698422,0.8005197282936231,0.10501837024741834,0.13118773533698422,0.8005197282936231,0.10501837024741834,0.13118773533698422,0.8005197282936231,0.10501837024741834,0.13118773533698422,0.8005197282936231,0.10501837024741834,0.13118773533698422,0.8005197282936231,0.10501837024741834,0.10693199694277095,0.7721901718448456,0.0825718370949508,0.10693199694277095,0.7721901718448456,0.0825718370949508,0.10693199694277095,0.7721901718448456,0.0825718370949508,0.06627618403483401,0.730994623454828,0.04844753419256637,0.06627618403483401,0.730994623454828,0.04844753419256637,0.06627618403483401,0.730994623454828,0.04844753419256637,0.008884431610312238,0.683473750025433,0.006072275789544602,0.008884431610312238,0.683473750025433,0.006072275789544602,0.008884431610312238,0.683473750025433,0.006072275789544602
11255.625625625627,0.13139042145774468,0.8003831182075395,0.10516267522895249,0.13139042145774468,0.8003831182075395,0.10516267522895249,0.13139042145774468,0.8003831182075395,0.10516267522895249,0.13139042145774468,0.8003831182075395,0.10516267522895249,0.13139042145774468,0.8003831182075395,0.10516267522895249,0.13139042145774468,0.8003831182075395,0.10516267522895249,0.10705357737793145,0.7720520741580994,0.08265093646067656,0.10705357737793145,0.7720520741580994,0.08265093646067656,0.10705357737793145,0.7720520741580994,0.08265093646067656,0.06624589218441301,0.7308763177208368,0.048417553743875345,0.06624589218441301,0.7308763177208368,0.048417553743875345,0.06624589218441301,0.7308763177208368,0.048417553743875345,0.009055577566109314,0.683394262400347,0.006188529751400404,0.009055577566109314,0.683394262400347,0.006188529751400404,0.009055577566109314,0.683394262400347,0.006188529751400404
11275.635635635637,0.13153629765573685,0.8002481139399773,0.10526167411365087,0.13153629765573685,0.8002481139399773,0.10526167411365087,0.13153629765573685,0.8002481139399773,0.10526167411365087,0.13153629765573685,0.8002481139399773,0.10526167411365087,0.13153629765573685,0.8002481139399773,0.10526167411365087,0.13153629765573685,0.8002481139399773,0.10526167411365087,0.10719244333536038,0.7719149236579207,0.0827434467139207,0.10719244333536038,0.7719149236579207,0.0827434467139207,0.10719244333536038,0.7719149236579207,0.0827434467139207,0.06622472607711226,0.73075843188842,0.04839427698035071,0.06622472607711226,0.73075843188842,0.04839427698035071,0.06622472607711226,0.73075843188842,0.04839427698035071,0.009219532611366208,0.6833150228645222,0.006299845137135909,0.009219532611366208,0.6833150228645222,0.006299845137135909,0.009219532611366208,0.6833150228645222,0.006299845137135909
11295.645645645647,0.13159945065329648,0.8001144570668277,0.1052946230097551,0.13159945065329648,0.8001144570668277,0.1052946230097551,0.13159945065329648,0.8001144570668277,0.1052946230097551,0.13159945065329648,0.8001144570668277,0.1052946230097551,0.13159945065329648,0.8001144570668277,0.1052946230097551,0.13159945065329648,0.8001144570668277,0.1052946230097551,0.10730817286514209,0.7717785814087803,0.08281814942742753,0.10730817286514209,0.7717785814087803,0.08281814942742753,0.10730817286514209,0.7717785814087803,0.08281814942742753,0.06618009363173026,0.7306410253610847,0.04835389146957999,0.06618009363173026,0.7306410253610847,0.04835389146957999,0.06618009363173026,0.7306410253610847,0.04835389146957999,0.009392329804447798,0.6832360132791007,0.006417177970993389,0.009392329804447798,0.6832360132791007,0.006417177970993389,0.009392329804447798,0.6832360132791007,0.006417177970993389
11315.655655655657,0.13156604610850914,0.7999814905051343,0.10525040166575236,0.13156604610850914,0.7999814905051343,0.10525040166575236,0.13156604610850914,0.7999814905051343,0.10525040166575236,0.13156604610850914,0.7999814905051343,0.10525040166575236,0.13156604610850914,0.7999814905051343,0.10525040166575236,0.13156604610850914,0.7999814905051343,0.10525040166575236,0.10736649143348864,0.7716425847807359,0.08284855696857592,0.10736649143348864,0.7716425847807359,0.08284855696857592,0.10736649143348864,0.7716425847807359,0.08284855696857592,0.06608678598519122,0.730524176225008,0.04827799489119022,0.06608678598519122,0.730524176225008,0.04827799489119022,0.06608678598519122,0.730524176225008,0.04827799489119022,0.009585524145879107,0.6831572147152826,0.006548419977084859,0.009585524145879107,0.6831572147152826,0.006548419977084859,0.009585524145879107,0.6831572147152826,0.006548419977084859
11335.665665665667,0.13143116225497725,0.7998484067079729,0.10512500572142061,0.13143116225497725,0.7998484067079729,0.10512500572142061,0.13143116225497725,0.7998484067079729,0.10512500572142061,0.13143116225497725,0.7998484067079729,0.10512500572142061,0.13143116225497725,0.7998484067079729,0.10512500572142061,0.13143116225497725,0.7998484067079729,0.10512500572142061,0.10734355355009094,0.7715064669458774,0.08281624574884626,0.10734355355009094,0.7715064669458774,0.08281624574884626,0.10734355355009094,0.7715064669458774,0.08281624574884626,0.06593127216637866,0.7304078622749843,0.04815671956011481,0.06593127216637866,0.7304078622749843,0.04815671956011481,0.06593127216637866,0.7304078622749843,0.04815671956011481,0.009800425289879006,0.6830786131286909,0.0066944609150819,0.009800425289879006,0.6830786131286909,0.0066944609150819,0.009800425289879006,0.6830786131286909,0.0066944609150819
11355.675675675677,0.13119983781839434,0.7997146485763451,0.1049224321942107,0.13119983781839434,0.7997146485763451,0.1049224321942107,0.13119983781839434,0.7997146485763451,0.1049224321942107,0.13119983781839434,0.7997146485763451,0.1049224321942107,0.13119983781839434,0.7997146485763451,0.1049224321942107,0.13119983781839434,0.7997146485763451,0.1049224321942107,0.10722795439042401,0.7713701597871214,0.08271244431178754,0.10722795439042401,0.7713701597871214,0.08271244431178754,0.10722795439042401,0.7713701597871214,0.08271244431178754,0.06571247579597,0.7302919312467779,0.047989290856046085,0.06571247579597,0.7302919312467779,0.047989290856046085,0.06571247579597,0.7302919312467779,0.047989290856046085,0.010027631991308773,0.6830001984778794,0.006848874640327025,0.010027631991308773,0.6830001984778794,0.006848874640327025,0.010027631991308773,0.6830001984778794,0.006848874640327025
11375.685685685687,0.13089050255913823,0.7995802762758243,0.10465746419811724,0.13089050255913823,0.7995802762758243,0.10465746419811724,0.13089050255913823,0.7995802762758243,0.10465746419811724,0.13089050255913823,0.7995802762758243,0.10465746419811724,0.13089050255913823,0.7995802762758243,0.10465746419811724,0.13089050255913823,0.7995802762758243,0.10465746419811724,0.10702301309946227,0.7712340906673698,0.08253979618824579,0.10702301309946227,0.7712340906673698,0.08253979618824579,0.10702301309946227,0.7712340906673698,0.08253979618824579,0.06544116545611109,0.7301762054523021,0.047783581873119464,0.06544116545611109,0.7301762054523021,0.047783581873119464,0.06544116545611109,0.7301762054523021,0.047783581873119464,0.010251982568385927,0.6829219627979038,0.007001304058172012,0.010251982568385927,0.6829219627979038,0.007001304058172012,0.010251982568385927,0.6829219627979038,0.007001304058172012
11395.695695695698,0.1305333150432372,0.7994458763193091,0.10435432043360522,0.1305333150432372,0.7994458763193091,0.10435432043360522,0.1305333150432372,0.7994458763193091,0.10435432043360522,0.1305333150432372,0.7994458763193091,0.10435432043360522,0.1305333150432372,0.7994458763193091,0.10435432043360522,0.1305333150432372,0.7994458763193091,0.10435432043360522,0.10674532759514362,0.7710988045219419,0.0823111944969183,0.10674532759514362,0.7710988045219419,0.0823111944969183,0.10674532759514362,0.7710988045219419,0.0823111944969183,0.06513846320701502,0.7300606127979867,0.0475550263656325,0.06513846320701502,0.7300606127979867,0.0475550263656325,0.06513846320701502,0.7300606127979867,0.0475550263656325,0.010459948997233705,0.682843902895783,0.007142512397361895,0.010459948997233705,0.682843902895783,0.007142512397361895,0.010459948997233705,0.682843902895783,0.007142512397361895
11415.705705705708,0.13015986663073403,0.7993118917032682,0.10403832922045711,0.13015986663073403,0.7993118917032682,0.10403832922045711,0.13015986663073403,0.7993118917032682,0.10403832922045711,0.13015986663073403,0.7993118917032682,0.10403832922045711,0.13015986663073403,0.7993118917032682,0.10403832922045711,0.13015986663073403,0.7993118917032682,0.10403832922045711,0.10641803011693286,0.7709645971000832,0.08204453371328567,0.10641803011693286,0.7709645971000832,0.08204453371328567,0.10641803011693286,0.7709645971000832,0.08204453371328567,0.06483298590711783,0.7299452053308721,0.047324527210184666,0.06483298590711783,0.7299452053308721,0.047324527210184666,0.06483298590711783,0.7299452053308721,0.047324527210184666,0.010645754654888989,0.6827660237259705,0.007268559575280796,0.010645754654888989,0.6827660237259705,0.007268559575280796,0.010645754654888989,0.6827660237259705,0.007268559575280796
11435.715715715718,0.12979408113268417,0.7991783748703642,0.10372862282741074,0.12979408113268417,0.7991783748703642,0.10372862282741074,0.12979408113268417,0.7991783748703642,0.10372862282741074,0.12979408113268417,0.7991783748703642,0.10372862282741074,0.12979408113268417,0.7991783748703642,0.10372862282741074,0.12979408113268417,0.7991783748703642,0.10372862282741074,0.10606554263428632,0.7708314486670335,0.08175865588244192,0.10606554263428632,0.7708314486670335,0.08175865588244192,0.10606554263428632,0.7708314486670335,0.08175865588244192,0.06455602437590789,0.7298300489371996,0.04711492642945991,0.06455602437590789,0.7298300489371996,0.04711492642945991,0.06455602437590789,0.7298300489371996,0.04711492642945991,0.01081390372921314,0.6826883365782457,0.007382525948813805,0.01081390372921314,0.6826883365782457,0.007382525948813805,0.01081390372921314,0.6826883365782457,0.007382525948813805
11455.725725725728,0.1294534269563122,0.799045136697571,0.10343913123827551,0.1294534269563122,0.799045136697571,0.10343913123827551,0.1294534269563122,0.799045136697571,0.10343913123827551,0.1294534269563122,0.799045136697571,0.10343913123827551,0.1294534269563122,0.799045136697571,0.10343913123827551,0.1294534269563122,0.799045136697571,0.10343913123827551,0.10571358312674685,0.7706990981650282,0.08147336317957754,0.10571358312674685,0.7706990981650282,0.08147336317957754,0.10571358312674685,0.7706990981650282,0.08147336317957754,0.06433403578556829,0.7297151099043943,0.046945517993859195,0.06433403578556829,0.7297151099043943,0.046945517993859195,0.06433403578556829,0.7297151099043943,0.046945517993859195,0.010977119737839153,0.6826108541468943,0.007493101080319116,0.010977119737839153,0.6826108541468943,0.007493101080319116,0.010977119737839153,0.6826108541468943,0.007493101080319116
11475.735735735738,0.12915560430925196,0.7989118336963733,0.1031839406708677,0.12915560430925196,0.7989118336963733,0.1031839406708677,0.12915560430925196,0.7989118336963733,0.1031839406708677,0.12915560430925196,0.7989118336963733,0.1031839406708677,0.12915560430925196,0.7989118336963733,0.1031839406708677,0.12915560430925196,0.7989118336963733,0.1031839406708677,0.10538856427348368,0.7705671891987268,0.08120896974590767,0.10538856427348368,0.7705671891987268,0.08120896974590767,0.10538856427348368,0.7705671891987268,0.08120896974590767,0.06418059483841104,0.7296002623714781,0.04682617883326223,0.06418059483841104,0.7296002623714781,0.04682617883326223,0.06418059483841104,0.7296002623714781,0.04682617883326223,0.011150399515139804,0.6825335889348043,0.0076105221991252725,0.011150399515139804,0.6825335889348043,0.0076105221991252725,0.011150399515139804,0.6825335889348043,0.0076105221991252725
11495.745745745748,0.12891879526883782,0.7987780924054451,0.10297750936005039,0.12891879526883782,0.7987780924054451,0.10297750936005039,0.12891879526883782,0.7987780924054451,0.10297750936005039,0.12891879526883782,0.7987780924054451,0.10297750936005039,0.12891879526883782,0.7987780924054451,0.10297750936005039,0.12891879526883782,0.7987780924054451,0.10297750936005039,0.10511347881567987,0.770435509672849,0.08098315662484454,0.10511347881567987,0.770435509672849,0.08098315662484454,0.10511347881567987,0.770435509672849,0.08098315662484454,0.06409223938031161,0.7294853960976448,0.04675435263113169,0.06409223938031161,0.7294853960976448,0.04675435263113169,0.06409223938031161,0.7294853960976448,0.04675435263113169,0.011343616367416999,0.6824565538447044,0.007741525334243789,0.011343616367416999,0.6824565538447044,0.007741525334243789,0.011343616367416999,0.6824565538447044,0.007741525334243789
11515.755755755757,0.12875462929093312,0.7986436737386593,0.10282907014777001,0.12875462929093312,0.7986436737386593,0.10282907014777001,0.12875462929093312,0.7986436737386593,0.10282907014777001,0.12875462929093312,0.7986436737386593,0.10282907014777001,0.12875462929093312,0.7986436737386593,0.10282907014777001,0.12875462929093312,0.7986436737386593,0.10282907014777001,0.10490595570699165,0.7703041727310089,0.08080949542543008,0.10490595570699165,0.7703041727310089,0.08080949542543008,0.10490595570699165,0.7703041727310089,0.08080949542543008,0.06404977025242474,0.7293705112529401,0.04671601367464438,0.06404977025242474,0.7293705112529401,0.04671601367464438,0.06404977025242474,0.7293705112529401,0.04671601367464438,0.011556661231138476,0.6823797601515796,0.007886031719057333,0.011556661231138476,0.6823797601515796,0.007886031719057333,0.011556661231138476,0.6823797601515796,0.007886031719057333
11535.765765765766,0.12866548504528283,0.7985086300499588,0.10274050019822224,0.12866548504528283,0.7985086300499588,0.10274050019822224,0.12866548504528283,0.7985086300499588,0.10274050019822224,0.12866548504528283,0.7985086300499588,0.10274050019822224,0.12866548504528283,0.7985086300499588,0.10274050019822224,0.12866548504528283,0.7985086300499588,0.10274050019822224,0.10477932991208781,0.7701734560989141,0.080698258646121,0.10477932991208781,0.7701734560989141,0.080698258646121,0.10477932991208781,0.7701734560989141,0.080698258646121,0.06402398613739381,0.7292556959309177,0.046689856566896545,0.06402398613739381,0.7292556959309177,0.046689856566896545,0.06402398613739381,0.7292556959309177,0.046689856566896545,0.011779752911797768,0.6823032146265476,0.008037363279226052,0.011779752911797768,0.6823032146265476,0.008037363279226052,0.011779752911797768,0.6823032146265476,0.008037363279226052
11555.775775775775,0.12865062664366064,0.7983734033299401,0.10271123863402881,0.12865062664366064,0.7983734033299401,0.10271123863402881,0.12865062664366064,0.7983734033299401,0.10271123863402881,0.12865062664366064,0.7983734033299401,0.10271123863402881,0.12865062664366064,0.7983734033299401,0.10271123863402881,0.12865062664366064,0.7983734033299401,0.10271123863402881,0.1047400152249187,0.7700434492758513,0.08065436260100158,0.1047400152249187,0.7700434492758513,0.08065436260100158,0.1047400152249187,0.7700434492758513,0.08065436260100158,0.06398380381422675,0.729141033521165,0.046653216841720746,0.06398380381422675,0.729141033521165,0.046653216841720746,0.06398380381422675,0.729141033521165,0.046653216841720746,0.011998517897652806,0.682226918643129,0.008185711893600109,0.011998517897652806,0.682226918643129,0.008185711893600109,0.011998517897652806,0.682226918643129,0.008185711893600109
11575.785785785785,0.12871059703989396,0.7982385378596624,0.10274175878816914,0.12871059703989396,0.7982385378596624,0.10274175878816914,0.12871059703989396,0.7982385378596624,0.10274175878816914,0.12871059703989396,0.7982385378596624,0.10274175878816914,0.12871059703989396,0.7982385378596624,0.10274175878816914,0.12871059703989396,0.7982385378596624,0.10274175878816914,0.10478122672202692,0.7699139761560093,0.08067253089206004,0.10478122672202692,0.7699139761560093,0.08067253089206004,0.10478122672202692,0.7699139761560093,0.08067253089206004,0.06390343296062537,0.7290265470755314,0.04658729907755741,0.06390343296062537,0.7290265470755314,0.04658729907755741,0.06390343296062537,0.7290265470755314,0.04658729907755741,0.01220088274044816,0.682150867579864,0.008322842746636902,0.01220088274044816,0.682150867579864,0.008322842746636902,0.01220088274044816,0.682150867579864,0.008322842746636902
11595.795795795795,0.12884075838177986,0.7981041331881407,0.10282834178759308,0.12884075838177986,0.7981041331881407,0.10282834178759308,0.12884075838177986,0.7981041331881407,0.10282834178759308,0.12884075838177986,0.7981041331881407,0.10282834178759308,0.12884075838177986,0.7981041331881407,0.10282834178759308,0.12884075838177986,0.7981041331881407,0.10282834178759308,0.1048812092201026,0.7697847585480252,0.0807359563157216,0.1048812092201026,0.7697847585480252,0.0807359563157216,0.1048812092201026,0.7697847585480252,0.0807359563157216,0.06376673971676758,0.728912228968497,0.046480356381003035,0.06376673971676758,0.728912228968497,0.046480356381003035,0.06376673971676758,0.728912228968497,0.046480356381003035,0.012382497759097662,0.6820750513750069,0.008445792795187446,0.012382497759097662,0.6820750513750069,0.008445792795187446,0.012382497759097662,0.6820750513750069,0.008445792795187446
11615.805805805805,0.1290234982465283,0.7979698610426716,0.10295686296702158,0.1290234982465283,0.7979698610426716,0.10295686296702158,0.1290234982465283,0.7979698610426716,0.10295686296702158,0.1290234982465283,0.7979698610426716,0.10295686296702158,0.1290234982465283,0.7979698610426716,0.10295686296702158,0.1290234982465283,0.7979698610426716,0.10295686296702158,0.10500781712249233,0.7696555818722784,0.08081985258854964,0.10500781712249233,0.7696555818722784,0.08081985258854964,0.10500781712249233,0.7696555818722784,0.08081985258854964,0.06356919087233119,0.7287981048493865,0.046329105834563886,0.06356919087233119,0.7287981048493865,0.046329105834563886,0.06356919087233119,0.7287981048493865,0.046329105834563886,0.012548678451013375,0.6819994579284534,0.008558191901309586,0.012548678451013375,0.6819994579284534,0.008558191901309586,0.012548678451013375,0.6819994579284534,0.008558191901309586
11635.815815815818,0.12923072539559433,0.7978352552986769,0.10310482878842721,0.12923072539559433,0.7978352552986769,0.10310482878842721,0.12923072539559433,0.7978352552986769,0.10310482878842721,0.12923072539559433,0.7978352552986769,0.10310482878842721,0.12923072539559433,0.7978352552986769,0.10310482878842721,0.12923072539559433,0.7978352552986769,0.10310482878842721,0.10512446788484067,0.7695263826134553,0.08089605149558579,0.10512446788484067,0.7695263826134553,0.08089605149558579,0.10512446788484067,0.7695263826134553,0.08089605149558579,0.06331775792971615,0.7286842471033653,0.046138652765288356,0.06331775792971615,0.7286842471033653,0.046138652765288356,0.06331775792971615,0.7286842471033653,0.046138652765288356,0.012711959066405498,0.681924074399991,0.008668590920169143,0.012711959066405498,0.681924074399991,0.008668590920169143,0.012711959066405498,0.681924074399991,0.008668590920169143
11655.825825825827,0.1294311291560397,0.7976999525436991,0.10324720558545024,0.1294311291560397,0.7976999525436991,0.10324720558545024,0.1294311291560397,0.7976999525436991,0.10324720558545024,0.1294311291560397,0.7976999525436991,0.10324720558545024,0.1294311291560397,0.7976999525436991,0.10324720558545024,0.1294311291560397,0.7976999525436991,0.10324720558545024,0.10519589683366998,0.7693972883446513,0.08093743776880936,0.10519589683366998,0.7693972883446513,0.08093743776880936,0.10519589683366998,0.7693972883446513,0.08093743776880936,0.06302982349864938,0.7285707281728043,0.045921684403014314,0.06302982349864938,0.7285707281728043,0.045921684403014314,0.06302982349864938,0.7285707281728043,0.045921684403014314,0.012886130685696199,0.6818488859340656,0.00878639385204273,0.012886130685696199,0.6818488859340656,0.00878639385204273,0.012886130685696199,0.6818488859340656,0.00878639385204273
11675.835835835836,0.1295929827171396,0.797563882876792,0.10335868248946685,0.1295929827171396,0.797563882876792,0.10335868248946685,0.1295929827171396,0.797563882876792,0.10335868248946685,0.1295929827171396,0.797563882876792,0.10335868248946685,0.1295929827171396,0.797563882876792,0.10335868248946685,0.1295929827171396,0.797563882876792,0.10335868248946685,0.10519513002087649,0.7692685232512769,0.08092330232438573,0.10519513002087649,0.7692685232512769,0.08092330232438573,0.10519513002087649,0.7692685232512769,0.08092330232438573,0.06273134420198409,0.7284575779720902,0.04569712306031085,0.06273134420198409,0.7284575779720902,0.04569712306031085,0.06273134420198409,0.7284575779720902,0.04569712306031085,0.013079383537968028,0.6817738782914802,0.008917182040342203,0.013079383537968028,0.6817738782914802,0.008917182040342203,0.013079383537968028,0.6817738782914802,0.008917182040342203
11695.845845845846,0.1296858165433354,0.7974273088961789,0.1034150116881555,0.1296858165433354,0.7974273088961789,0.1034150116881555,0.1296858165433354,0.7974273088961789,0.1034150116881555,0.1296858165433354,0.7974273088961789,0.1034150116881555,0.1296858165433354,0.7974273088961789,0.1034150116881555,0.1296858165433354,0.7974273088961789,0.1034150116881555,0.10510924747794385,0.769140132299967,0.08084374051113571,0.10510924747794385,0.769140132299967,0.08084374051113571,0.10510924747794385,0.769140132299967,0.08084374051113571,0.06245241502269286,0.7283448055069637,0.04548689207314341,0.06245241502269286,0.7283448055069637,0.04548689207314341,0.06245241502269286,0.7283448055069637,0.04548689207314341,0.013290338705964022,0.6816990424306529,0.009060011169434718,0.013290338705964022,0.6816990424306529,0.009060011169434718,0.013290338705964022,0.6816990424306529,0.009060011169434718
11715.855855855856,0.12968590927152393,0.7972907630905851,0.1033973775651897,0.12968590927152393,0.7972907630905851,0.1033973775651897,0.12968590927152393,0.7972907630905851,0.1033973775651897,0.12968590927152393,0.7972907630905851,0.1033973775651897,0.12968590927152393,0.7972907630905851,0.1033973775651897,0.12968590927152393,0.7972907630905851,0.1033973775651897,0.1049389720660454,0.7690118434432494,0.08069931235754922,0.1049389720660454,0.7690118434432494,0.08069931235754922,0.1049389720660454,0.7690118434432494,0.08069931235754922,0.06221998254194263,0.7282324445940114,0.04531060998911559,0.06221998254194263,0.7282324445940114,0.04531060998911559,0.06221998254194263,0.7282324445940114,0.04531060998911559,0.013509012786176987,0.6816243751099803,0.009208072398730623,0.013509012786176987,0.6816243751099803,0.009208072398730623,0.013509012786176987,0.6816243751099803,0.009208072398730623
11735.865865865866,0.1295843113519333,0.7971549664803692,0.10329877737213211,0.1295843113519333,0.7971549664803692,0.10329877737213211,0.1295843113519333,0.7971549664803692,0.10329877737213211,0.1295843113519333,0.7971549664803692,0.10329877737213211,0.1295843113519333,0.7971549664803692,0.10329877737213211,0.1295843113519333,0.7971549664803692,0.10329877737213211,0.10469440111958137,0.7688832592675283,0.08049777235988569,0.10469440111958137,0.7688832592675283,0.08049777235988569,0.10469440111958137,0.7688832592675283,0.08049777235988569,0.06205030539720768,0.7281205625076592,0.0451801032695869,0.06205030539720768,0.7281205625076592,0.0451801032695869,0.06205030539720768,0.7281205625076592,0.0451801032695869,0.013721920454485297,0.6815498769560202,0.00935217319735475,0.013721920454485297,0.6815498769560202,0.00935217319735475,0.013721920454485297,0.6815498769560202,0.00935217319735475
11755.875875875876,0.12938971319213227,0.797020425534448,0.10312624426817343,0.12938971319213227,0.797020425534448,0.10312624426817343,0.12938971319213227,0.797020425534448,0.10312624426817343,0.12938971319213227,0.797020425534448,0.10312624426817343,0.12938971319213227,0.797020425534448,0.10312624426817343,0.12938971319213227,0.797020425534448,0.10312624426817343,0.1043928489012041,0.768754146874109,0.08025243549680293,0.1043928489012041,0.768754146874109,0.08025243549680293,0.1043928489012041,0.768754146874109,0.08025243549680293,0.06194413234482839,0.7280092050146725,0.04509589854368217,0.06194413234482839,0.7280092050146725,0.04509589854368217,0.06194413234482839,0.7280092050146725,0.04509589854368217,0.013918459541471315,0.6814755519345108,0.009485089898102322,0.013918459541471315,0.6814755519345108,0.009485089898102322,0.013918459541471315,0.6814755519345108,0.009485089898102322
11775.885885885886,0.12912127329627998,0.7968870331799892,0.10289506839749513,0.12912127329627998,0.7968870331799892,0.10289506839749513,0.12912127329627998,0.7968870331799892,0.10289506839749513,0.12912127329627998,0.7968870331799892,0.10289506839749513,0.12912127329627998,0.7968870331799892,0.10289506839749513,0.12912127329627998,0.7968870331799892,0.10289506839749513,0.10405791129782974,0.7686245696987304,0.07998146729504303,0.10405791129782974,0.7686245696987304,0.07998146729504303,0.10405791129782974,0.7686245696987304,0.07998146729504303,0.061886680054276895,0.7278983407394394,0.04504721172538071,0.061886680054276895,0.7278983407394394,0.04504721172538071,0.061886680054276895,0.7278983407394394,0.04504721172538071,0.014095689205403992,0.6814014083288259,0.00960482247592771,0.014095689205403992,0.6814014083288259,0.00960482247592771,0.014095689205403992,0.6814014083288259,0.00960482247592771
11795.895895895896,0.1287997699089323,0.7967542238474211,0.10262176070551778,0.1287997699089323,0.7967542238474211,0.10262176070551778,0.1287997699089323,0.7967542238474211,0.10262176070551778,0.1287997699089323,0.7967542238474211,0.10262176070551778,0.1287997699089323,0.7967542238474211,0.10262176070551778,0.1287997699089323,0.7967542238474211,0.10262176070551778,0.10371554550884282,0.7684948236628755,0.0797048598569171,0.10371554550884282,0.7684948236628755,0.0797048598569171,0.10371554550884282,0.7684948236628755,0.0797048598569171,0.06185251350092029,0.7277878808475752,0.04501550972593081,0.06185251350092029,0.7277878808475752,0.04501550972593081,0.06185251350092029,0.7277878808475752,0.04501550972593081,0.014259703439305351,0.6813274579738063,0.009715527495762257,0.014259703439305351,0.6813274579738063,0.009715527495762257,0.014259703439305351,0.6813274579738063,0.009715527495762257
11815.905905905905,0.12844580176346324,0.7966213451993448,0.10232266738601846,0.12844580176346324,0.7966213451993448,0.10232266738601846,0.12844580176346324,0.7966213451993448,0.10232266738601846,0.12844580176346324,0.7966213451993448,0.10232266738601846,0.12844580176346324,0.7966213451993448,0.10232266738601846,0.12844580176346324,0.7966213451993448,0.10232266738601846,0.10338956022091773,0.7683652959873072,0.07944095004114297,0.10338956022091773,0.7683652959873072,0.07944095004114297,0.10338956022091773,0.7683652959873072,0.07944095004114297,0.06181260480304157,0.7276777553271224,0.04497965751399979,0.06181260480304157,0.7276777553271224,0.04497965751399979,0.06181260480304157,0.7276777553271224,0.04497965751399979,0.014422813266293707,0.6812537131418781,0.009825595091614528,0.014422813266293707,0.6812537131418781,0.009825595091614528,0.014422813266293707,0.6812537131418781,0.009825595091614528
11835.915915915915,0.12808274646321113,0.7964880358885,0.10201637516168777,0.12808274646321113,0.7964880358885,0.10201637516168777,0.12808274646321113,0.7964880358885,0.10201637516168777,0.12808274646321113,0.7964880358885,0.10201637516168777,0.12808274646321113,0.7964880358885,0.10201637516168777,0.12808274646321113,0.7964880358885,0.10201637516168777,0.10310154344676635,0.7682362316769423,0.07920634121762032,0.10310154344676635,0.7682362316769423,0.07920634121762032,0.10310154344676635,0.7682362316769423,0.07920634121762032,0.06174105088251444,0.7275679654322499,0.044920810774240046,0.06174105088251444,0.7275679654322499,0.044920810774240046,0.06174105088251444,0.7275679654322499,0.044920810774240046,0.01459762357472642,0.6811801843365203,0.009943611917507277,0.01459762357472642,0.6811801843365203,0.009943611917507277,0.01459762357472642,0.6811801843365203,0.009943611917507277
11855.925925925925,0.12773637168290447,0.7963544178274417,0.1017234239069291,0.12773637168290447,0.7963544178274417,0.1017234239069291,0.12773637168290447,0.7963544178274417,0.1017234239069291,0.12773637168290447,0.7963544178274417,0.1017234239069291,0.12773637168290447,0.7963544178274417,0.1017234239069291,0.12773637168290447,0.7963544178274417,0.1017234239069291,0.10287225744793346,0.7681075248953624,0.07901695504873069,0.10287225744793346,0.7681075248953624,0.07901695504873069,0.10287225744793346,0.7681075248953624,0.07901695504873069,0.061619996736776525,0.7274585486778387,0.044825993395668604,0.061619996736776525,0.7274585486778387,0.044825993395668604,0.061619996736776525,0.7274585486778387,0.044825993395668604,0.014790757235644271,0.681106879441134,0.010074086505341043,0.014790757235644271,0.681106879441134,0.010074086505341043,0.014790757235644271,0.681106879441134,0.010074086505341043
11875.935935935935,0.1274285962289036,0.796220944761285,0.10146131727898194,0.1274285962289036,0.796220944761285,0.10146131727898194,0.1274285962289036,0.796220944761285,0.10146131727898194,0.1274285962289036,0.796220944761285,0.10146131727898194,0.1274285962289036,0.796220944761285,0.10146131727898194,0.1274285962289036,0.796220944761285,0.10146131727898194,0.1027185048170739,0.7679788020546623,0.07888563427826246,0.1027185048170739,0.7679788020546623,0.07888563427826246,0.1027185048170739,0.7679788020546623,0.07888563427826246,0.06144190298723864,0.7273494965549996,0.04468973720514915,0.06144190298723864,0.7273494965549996,0.04468973720514915,0.06144190298723864,0.7273494965549996,0.04468973720514915,0.014999722952969655,0.6810338023850724,0.01021531835738357,0.014999722952969655,0.6810338023850724,0.01021531835738357,0.014999722952969655,0.6810338023850724,0.01021531835738357
11895.945945945947,0.12717253607717408,0.796088196834385,0.10124055493253328,0.12717253607717408,0.796088196834385,0.10124055493253328,0.12717253607717408,0.796088196834385,0.10124055493253328,0.12717253607717408,0.796088196834385,0.10124055493253328,0.12717253607717408,0.796088196834385,0.10124055493253328,0.12717253607717408,0.796088196834385,0.10124055493253328,0.10264795608376096,0.7678497505710158,0.07881820747554043,0.10264795608376096,0.7678497505710158,0.07881820747554043,0.10264795608376096,0.7678497505710158,0.07881820747554043,0.06120998302155035,0.7272407130722803,0.044514391699734444,0.06120998302155035,0.7272407130722803,0.044514391699734444,0.06120998302155035,0.7272407130722803,0.044514391699734444,0.015214415438677055,0.6809609525782827,0.01036042283004326,0.015214415438677055,0.6809609525782827,0.01036042283004326,0.015214415438677055,0.6809609525782827,0.01036042283004326
11915.955955955957,0.1269758065563488,0.7959567630433614,0.1010672519714114,0.1269758065563488,0.7959567630433614,0.1010672519714114,0.1269758065563488,0.7959567630433614,0.1010672519714114,0.1269758065563488,0.7959567630433614,0.1010672519714114,0.1269758065563488,0.7959567630433614,0.1010672519714114,0.1269758065563488,0.7959567630433614,0.1010672519714114,0.10265669821264309,0.7677203816243449,0.07881163952810555,0.10265669821264309,0.7677203816243449,0.07881163952810555,0.10265669821264309,0.7677203816243449,0.07881163952810555,0.06093810186218302,0.7271320718453015,0.04431004826136917,0.06093810186218302,0.7271320718453015,0.04431004826136917,0.06093810186218302,0.7271320718453015,0.04431004826136917,0.01542217215125445,0.6808883259060191,0.010500776977902072,0.01542217215125445,0.6808883259060191,0.010500776977902072,0.01542217215125445,0.6808883259060191,0.010500776977902072
11935.965965965966,0.12684691002203693,0.7958268998335631,0.10094818315630458,0.12684691002203693,0.7958268998335631,0.10094818315630458,0.12684691002203693,0.7958268998335631,0.10094818315630458,0.12684691002203693,0.7958268998335631,0.10094818315630458,0.12684691002203693,0.7958268998335631,0.10094818315630458,0.12684691002203693,0.7958268998335631,0.10094818315630458,0.1027285841141659,0.7675910085291859,0.07885353748496791,0.1027285841141659,0.7675910085291859,0.07885353748496791,0.1027285841141659,0.7675910085291859,0.07885353748496791,0.06064927583648365,0.7270235031381443,0.04409344898143195,0.06064927583648365,0.7270235031381443,0.04409344898143195,0.06064927583648365,0.7270235031381443,0.04409344898143195,0.015613687562899454,0.6808159143699599,0.010630046974822263,0.015613687562899454,0.6808159143699599,0.010630046974822263,0.015613687562899454,0.6808159143699599,0.010630046974822263
11955.975975975976,0.12679422145572647,0.7956983178691474,0.1008899487278497,0.12679422145572647,0.7956983178691474,0.1008899487278497,0.12679422145572647,0.7956983178691474,0.1008899487278497,0.12679422145572647,0.7956983178691474,0.1008899487278497,0.12679422145572647,0.7956983178691474,0.1008899487278497,0.12679422145572647,0.7956983178691474,0.1008899487278497,0.1028358244885763,0.7674620476116297,0.07892259242983295,0.1028358244885763,0.7674620476116297,0.07892259242983295,0.1028358244885763,0.7674620476116297,0.07892259242983295,0.06037173684173983,0.7269150193472115,0.04388512225433807,0.06037173684173983,0.7269150193472115,0.04388512225433807,0.06037173684173983,0.7269150193472115,0.04388512225433807,0.015787220577025602,0.6807437056870181,0.010747051038102752,0.015787220577025602,0.6807437056870181,0.010747051038102752,0.015787220577025602,0.6807437056870181,0.010747051038102752
11975.985985985986,0.12681894063411114,0.7955703560919697,0.10089338975948617,0.12681894063411114,0.7955703560919697,0.10089338975948617,0.12681894063411114,0.7955703560919697,0.10089338975948617,0.12681894063411114,0.7955703560919697,0.10089338975948617,0.12681894063411114,0.7955703560919697,0.10089338975948617,0.12681894063411114,0.7955703560919697,0.10089338975948617,0.10294330050717608,0.7673338271662483,0.07899187675929661,0.10294330050717608,0.7673338271662483,0.07899187675929661,0.10294330050717608,0.7673338271662483,0.07899187675929661,0.06013249589819913,0.726806661829983,0.04370469861127525,0.06013249589819913,0.726806661829983,0.04370469861127525,0.06013249589819913,0.726806661829983,0.04370469861127525,0.015949448975294073,0.6806716866129733,0.010856338334560975,0.015949448975294073,0.6806716866129733,0.010856338334560975,0.015949448975294073,0.6806716866129733,0.010856338334560975
11995.995995995996,0.12691336816014373,0.7954423506308802,0.10095226789578704,0.12691336816014373,0.7954423506308802,0.10095226789578704,0.12691336816014373,0.7954423506308802,0.10095226789578704,0.12691336816014373,0.7954423506308802,0.10095226789578704,0.12691336816014373,0.7954423506308802,0.10095226789578704,0.12691336816014373,0.7954423506308802,0.10095226789578704,0.10301693342003057,0.7672064138502863,0.07903525205503537,0.10301693342003057,0.7672064138502863,0.07903525205503537,0.10301693342003057,0.7672064138502863,0.07903525205503537,0.059949856150297715,0.7266984304439337,0.043565466369760955,0.059949856150297715,0.7266984304439337,0.043565466369760955,0.059949856150297715,0.7266984304439337,0.043565466369760955,0.016112332190213415,0.6805998459982341,0.010966050807331639,0.016112332190213415,0.6805998459982341,0.010966050807331639,0.016112332190213415,0.6805998459982341,0.010966050807331639
12016.006006006006,0.12706392058369276,0.795314048423617,0.10105572108799364,0.12706392058369276,0.795314048423617,0.10105572108799364,0.12706392058369276,0.795314048423617,0.10105572108799364,0.12706392058369276,0.795314048423617,0.10105572108799364,0.12706392058369276,0.795314048423617,0.10105572108799364,0.12706392058369276,0.795314048423617,0.10105572108799364,0.10303071208159807,0.7670795790807678,0.07903275525594403,0.10303071208159807,0.7670795790807678,0.07903275525594403,0.10303071208159807,0.7670795790807678,0.07903275525594403,0.059828036255328995,0.7265902796210266,0.043470469591936414,0.059828036255328995,0.7265902796210266,0.043470469591936414,0.059828036255328995,0.7265902796210266,0.043470469591936414,0.016287300807154605,0.6805281744640261,0.011083967085239382,0.016287300807154605,0.6805281744640261,0.011083967085239382,0.016287300807154605,0.6805281744640261,0.011083967085239382
12036.016016016016,0.12725032506968115,0.7951857044777032,0.10118763938555114,0.12725032506968115,0.7951857044777032,0.10118763938555114,0.12725032506968115,0.7951857044777032,0.10118763938555114,0.12725032506968115,0.7951857044777032,0.10118763938555114,0.12725032506968115,0.7951857044777032,0.10118763938555114,0.12725032506968115,0.7951857044777032,0.10118763938555114,0.10296886421537461,0.766953002252415,0.07897227954850282,0.10296886421537461,0.766953002252415,0.07897227954850282,0.10296886421537461,0.766953002252415,0.07897227954850282,0.05975648742677818,0.7264821753176617,0.04341202297514831,0.05975648742677818,0.7264821753176617,0.04341202297514831,0.05975648742677818,0.7264821753176617,0.04341202297514831,0.016479589271091763,0.6804566646393522,0.011213646350033553,0.016479589271091763,0.6804566646393522,0.011213646350033553,0.016479589271091763,0.6804566646393522,0.011213646350033553
12056.026026026026,0.12744303540146804,0.7950577483611976,0.10132457277060757,0.12744303540146804,0.7950577483611976,0.10132457277060757,0.12744303540146804,0.7950577483611976,0.10132457277060757,0.12744303540146804,0.7950577483611976,0.10132457277060757,0.12744303540146804,0.7950577483611976,0.10132457277060757,0.12744303540146804,0.7950577483611976,0.10132457277060757,0.10282628916154689,0.7668265740479732,0.07884993103981523,0.10282628916154689,0.7668265740479732,0.07884993103981523,0.10282628916154689,0.7668265740479732,0.07884993103981523,0.05971345573679699,0.7263741432971456,0.04337431025412793,0.05971345573679699,0.7263741432971456,0.04337431025412793,0.05971345573679699,0.7263741432971456,0.04337431025412793,0.016685860428844297,0.6803853130256263,0.01135281437098114,0.016685860428844297,0.6803853130256263,0.01135281437098114,0.016685860428844297,0.6803853130256263,0.01135281437098114
12076.036036036036,0.1276063877580856,0.7949305308710645,0.10143821356307389,0.1276063877580856,0.7949305308710645,0.10143821356307389,0.1276063877580856,0.7949305308710645,0.10143821356307389,0.1276063877580856,0.7949305308710645,0.10143821356307389,0.1276063877580856,0.7949305308710645,0.10143821356307389,0.1276063877580856,0.7949305308710645,0.10143821356307389,0.1026092614171499,0.7667004849833097,0.07867057049230804,0.1026092614171499,0.7667004849833097,0.07867057049230804,0.1026092614171499,0.7667004849833097,0.07867057049230804,0.05967208251741317,0.7262662488330495,0.04333781952997785,0.05967208251741317,0.7262662488330495,0.04333781952997785,0.05967208251741317,0.7262662488330495,0.04333781952997785,0.016896110587417336,0.680314121091846,0.011494662624149459,0.016896110587417336,0.680314121091846,0.011494662624149459,0.016896110587417336,0.680314121091846,0.011494662624149459
12096.046046046045,0.12770838054454395,0.7948042617263217,0.1015031651149704,0.12770838054454395,0.7948042617263217,0.1015031651149704,0.12770838054454395,0.7948042617263217,0.1015031651149704,0.12770838054454395,0.7948042617263217,0.1015031651149704,0.12770838054454395,0.7948042617263217,0.1015031651149704,0.12770838054454395,0.7948042617263217,0.1015031651149704,0.10233365851909249,0.766575028580039,0.07844642720397327,0.10233365851909249,0.766575028580039,0.07844642720397327,0.10233365851909249,0.766575028580039,0.07844642720397327,0.059606976954956294,0.7261585455663202,0.04328411569121623,0.059606976954956294,0.7261585455663202,0.04328411569121623,0.059606976954956294,0.7261585455663202,0.04328411569121623,0.017098603869121036,0.6802430946077482,0.011631207209402911,0.017098603869121036,0.6802430946077482,0.011631207209402911,0.017098603869121036,0.6802430946077482,0.011631207209402911
12116.056056056055,0.12772933763237454,0.7946788341996417,0.10150380112278783,0.12772933763237454,0.7946788341996417,0.10150380112278783,0.12772933763237454,0.7946788341996417,0.10150380112278783,0.12772933763237454,0.7946788341996417,0.10150380112278783,0.12772933763237454,0.7946788341996417,0.10150380112278783,0.12772933763237454,0.7946788341996417,0.10150380112278783,0.10201991206244841,0.766450391653154,0.07819320155668391,0.10201991206244841,0.766450391653154,0.07819320155668391,0.10201991206244841,0.766450391653154,0.07819320155668391,0.059499022668131556,0.7260510510387991,0.043199327943978245,0.059499022668131556,0.7260510510387991,0.043199327943978245,0.059499022668131556,0.7260510510387991,0.043199327943978245,0.01728532180813067,0.680172241868007,0.011756996085646189,0.01728532180813067,0.680172241868007,0.011756996085646189,0.01728532180813067,0.680172241868007,0.011756996085646189
12136.066066066067,0.12766201194934665,0.794553791618464,0.10143433563999503,0.12766201194934665,0.794553791618464,0.10143433563999503,0.12766201194934665,0.794553791618464,0.10143433563999503,0.12766201194934665,0.794553791618464,0.10143433563999503,0.12766201194934665,0.794553791618464,0.10143433563999503,0.12766201194934665,0.794553791618464,0.10143433563999503,0.10168957449421635,0.766326562794071,0.07792742209414444,0.10168957449421635,0.766326562794071,0.07792742209414444,0.10168957449421635,0.766326562794071,0.07792742209414444,0.05933805907487931,0.725943777844294,0.043076094774765775,0.05933805907487931,0.725943777844294,0.043076094774765775,0.05933805907487931,0.725943777844294,0.043076094774765775,0.01745562906144719,0.6801015722987275,0.011871600770153595,0.01745562906144719,0.6801015722987275,0.011871600770153595,0.01745562906144719,0.6801015722987275,0.011871600770153595
12156.076076076077,0.12750740935440363,0.7944285197953367,0.10129552247635694,0.12750740935440363,0.7944285197953367,0.10129552247635694,0.12750740935440363,0.7944285197953367,0.10129552247635694,0.12750740935440363,0.7944285197953367,0.10129552247635694,0.12750740935440363,0.7944285197953367,0.10129552247635694,0.12750740935440363,0.7944285197953367,0.10129552247635694,0.10136561301043688,0.7662033248622662,0.07766666971529852,0.10136561301043688,0.7662033248622662,0.07766666971529852,0.10136561301043688,0.7662033248622662,0.07766666971529852,0.0591241703156747,0.7258367776467421,0.04291449726296649,0.0591241703156747,0.7258367776467421,0.04291449726296649,0.0591241703156747,0.7258367776467421,0.04291449726296649,0.017616632754510125,0.6800310954702637,0.01197985807054685,0.017616632754510125,0.6800310954702637,0.01197985807054685,0.017616632754510125,0.6800310954702637,0.01197985807054685
12176.086086086087,0.12727353769919736,0.794302594212176,0.10109370116903364,0.12727353769919736,0.794302594212176,0.10109370116903364,0.12727353769919736,0.794302594212176,0.10109370116903364,0.12727353769919736,0.794302594212176,0.10109370116903364,0.12727353769919736,0.794302594212176,0.10109370116903364,0.12727353769919736,0.794302594212176,0.10109370116903364,0.10107176254056074,0.7660803757944146,0.07742909382927661,0.10107176254056074,0.7660803757944146,0.07742909382927661,0.10107176254056074,0.7660803757944146,0.07742909382927661,0.05886785640267622,0.7257301309437222,0.04272217713549045,0.05886785640267622,0.7257301309437222,0.04272217713549045,0.05886785640267622,0.7257301309437222,0.04272217713549045,0.017779783098689723,0.6799608198696114,0.012089555892888924,0.017779783098689723,0.6799608198696114,0.012089555892888924,0.017779783098689723,0.6799608198696114,0.012089555892888924
12196.096096096097,0.1269770818081562,0.7941760983682095,0.10084216341258244,0.1269770818081562,0.7941760983682095,0.10084216341258244,0.1269770818081562,0.7941760983682095,0.10084216341258244,0.1269770818081562,0.7941760983682095,0.10084216341258244,0.1269770818081562,0.7941760983682095,0.10084216341258244,0.1269770818081562,0.7941760983682095,0.10084216341258244,0.10082927802950044,0.765957552163116,0.07723094698585041,0.10082927802950044,0.765957552163116,0.07723094698585041,0.10082927802950044,0.765957552163116,0.07723094698585041,0.058589112874550514,0.7256238945298551,0.04251366026108062,0.058589112874550514,0.7256238945298551,0.04251366026108062,0.058589112874550514,0.7256238945298551,0.04251366026108062,0.01795525733666934,0.6798907518166614,0.012207613409689743,0.01795525733666934,0.6798907518166614,0.012207613409689743,0.01795525733666934,0.6798907518166614,0.012207613409689743
12216.106106106106,0.12664256512939567,0.7940495242497198,0.10056046859076079,0.12664256512939567,0.7940495242497198,0.10056046859076079,0.12664256512939567,0.7940495242497198,0.10056046859076079,0.12664256512939567,0.7940495242497198,0.10056046859076079,0.12664256512939567,0.7940495242497198,0.10056046859076079,0.12664256512939567,0.7940495242497198,0.10056046859076079,0.10065472349660878,0.7658349685359757,0.07708490700202272,0.10065472349660878,0.7658349685359757,0.07708490700202272,0.10065472349660878,0.7658349685359757,0.07708490700202272,0.05831432502678556,0.7255180657546231,0.04230809629921987,0.05831432502678556,0.7255180657546231,0.04230809629921987,0.05831432502678556,0.7255180657546231,0.04230809629921987,0.018146930373112182,0.679820894338307,0.01233666243574411,0.018146930373112182,0.679820894338307,0.01233666243574411,0.018146930373112182,0.679820894338307,0.01233666243574411
12236.116116116116,0.1262959064515798,0.7939232961121404,0.10026926233550876,0.1262959064515798,0.7939232961121404,0.10026926233550876,0.1262959064515798,0.7939232961121404,0.10026926233550876,0.1262959064515798,0.7939232961121404,0.10026926233550876,0.1262959064515798,0.7939232961121404,0.10026926233550876,0.1262959064515798,0.7939232961121404,0.10026926233550876,0.10055853028944789,0.7657128704043485,0.07699896087157578,0.10055853028944789,0.7657128704043485,0.07699896087157578,0.10055853028944789,0.7657128704043485,0.07699896087157578,0.058070172609277236,0.7254126083036408,0.04212483537713844,0.058070172609277236,0.7254126083036408,0.04212483537713844,0.058070172609277236,0.7254126083036408,0.04212483537713844,0.018350694566993297,0.6797512457466076,0.012473907492229198,0.018350694566993297,0.6797512457466076,0.012473907492229198,0.018350694566993297,0.6797512457466076,0.012473907492229198
12256.126126126126,0.12595774656289924,0.7937975557466769,0.0999849513489888,0.12595774656289924,0.7937975557466769,0.0999849513489888,0.12595774656289924,0.7937975557466769,0.0999849513489888,0.12595774656289924,0.7937975557466769,0.0999849513489888,0.12595774656289924,0.7937975557466769,0.0999849513489888,0.12595774656289924,0.7937975557466769,0.0999849513489888,0.10054138761235926,0.7655913646486427,0.07697361814581427,0.10054138761235926,0.7655913646486427,0.07697361814581427,0.10054138761235926,0.7655913646486427,0.07697361814581427,0.057876404915668755,0.7253075084783841,0.04197819104906981,0.057876404915668755,0.7253075084783841,0.04197819104906981,0.057876404915668755,0.7253075084783841,0.04197819104906981,0.01855668510448928,0.6796817999901438,0.012612641133669564,0.01855668510448928,0.6796817999901438,0.012612641133669564,0.01855668510448928,0.6796817999901438,0.012612641133669564
12276.136136136138,0.12564359253556107,0.7936722053435976,0.09971982717499113,0.12564359253556107,0.7936722053435976,0.09971982717499113,0.12564359253556107,0.7936722053435976,0.09971982717499113,0.12564359253556107,0.7936722053435976,0.09971982717499113,0.12564359253556107,0.7936722053435976,0.09971982717499113,0.12564359253556107,0.7936722053435976,0.09971982717499113,0.10059050295029161,0.7654703256174878,0.07699904504738658,0.10059050295029161,0.7654703256174878,0.07699904504738658,0.10059050295029161,0.7654703256174878,0.07699904504738658,0.05774041280308482,0.7252028029234893,0.041873509206756435,0.05774041280308482,0.7252028029234893,0.041873509206756435,0.05774041280308482,0.7252028029234893,0.041873509206756435,0.018754066240239776,0.6796125492317663,0.012745498765990761,0.018754066240239776,0.6796125492317663,0.012745498765990761,0.018754066240239776,0.6796125492317663,0.012745498765990761
12296.146146146148,0.12536879715293192,0.793546906588536,0.09948602116343479,0.12536879715293192,0.793546906588536,0.09948602116343479,0.12536879715293192,0.793546906588536,0.09948602116343479,0.12536879715293192,0.793546906588536,0.09948602116343479,0.12536879715293192,0.793546906588536,0.09948602116343479,0.12536879715293192,0.793546906588536,0.09948602116343479,0.10068084727162663,0.765349460077473,0.07705603209948196,0.10068084727162663,0.765349460077473,0.07705603209948196,0.10068084727162663,0.765349460077473,0.07705603209948196,0.05765553435866333,0.7250985351089795,0.041805943504392214,0.05765553435866333,0.7250985351089795,0.041805943504392214,0.05765553435866333,0.7250985351089795,0.041805943504392214,0.01893604729604531,0.6795434845254008,0.012867867562692424,0.01893604729604531,0.6795434845254008,0.012867867562692424,0.01893604729604531,0.6795434845254008,0.012867867562692424
12316.156156156158,0.1251494863439203,0.7934211605339411,0.09929625069521987,0.1251494863439203,0.7934211605339411,0.09929625069521987,0.1251494863439203,0.7934211605339411,0.09929625069521987,0.1251494863439203,0.7934211605339411,0.09929625069521987,0.1251494863439203,0.7934211605339411,0.09929625069521987,0.1251494863439203,0.7934211605339411,0.09929625069521987,0.10078106862182758,0.7652284420119464,0.07712054012578018,0.10078106862182758,0.7652284420119464,0.07712054012578018,0.10078106862182758,0.7652284420119464,0.07712054012578018,0.05760355382650858,0.724994692470954,0.04176227079168363,0.05760355382650858,0.724994692470954,0.04176227079168363,0.05760355382650858,0.724994692470954,0.04176227079168363,0.019103034189612067,0.679474594904196,0.012980026417427666,0.019103034189612067,0.679474594904196,0.012980026417427666,0.019103034189612067,0.679474594904196,0.012980026417427666
12336.166166166167,0.1249974271264114,0.7932945189758197,0.09915977382546161,0.1249974271264114,0.7932945189758197,0.09915977382546161,0.1249974271264114,0.7932945189758197,0.09915977382546161,0.1249974271264114,0.7932945189758197,0.09915977382546161,0.1249974271264114,0.7932945189758197,0.09915977382546161,0.1249974271264114,0.7932945189758197,0.09915977382546161,0.10085941160357474,0.7651070852234941,0.07716825042936773,0.10085941160357474,0.7651070852234941,0.07716825042936773,0.10085941160357474,0.7651070852234941,0.07716825042936773,0.05756012723697619,0.7248911977457102,0.04172482957520715,0.05756012723697619,0.7248911977457102,0.04172482957520715,0.05756012723697619,0.7248911977457102,0.04172482957520715,0.019262511935758484,0.6794058694169164,0.013087063668867721,0.019262511935758484,0.6794058694169164,0.013087063668867721,0.019262511935758484,0.6794058694169164,0.013087063668867721
12356.176176176177,0.12491760186005846,0.7931668913655021,0.09908050594417603,0.12491760186005846,0.7931668913655021,0.09908050594417603,0.12491760186005846,0.7931668913655021,0.09908050594417603,0.12491760186005846,0.7931668913655021,0.09908050594417603,0.12491760186005846,0.7931668913655021,0.09908050594417603,0.12491760186005846,0.7931668913655021,0.09908050594417603,0.10088827989901367,0.7649854874887055,0.07717806998044394,0.10088827989901367,0.7649854874887055,0.07717806998044394,0.10088827989901367,0.7649854874887055,0.07717806998044394,0.05750063632189229,0.7247879576374276,0.04167576876259681,0.05750063632189229,0.7247879576374276,0.04167576876259681,0.05750063632189229,0.7247879576374276,0.04167576876259681,0.019425428060947065,0.6793373001453826,0.013196417853092134,0.019425428060947065,0.6793373001453826,0.013196417853092134,0.019425428060947065,0.6793373001453826,0.013196417853092134
12376.186186186187,0.12491139824251495,0.7930387359872798,0.09905957737264778,0.12491139824251495,0.7930387359872798,0.09905957737264778,0.12491139824251495,0.7930387359872798,0.09905957737264778,0.12491139824251495,0.7930387359872798,0.09905957737264778,0.12491139824251495,0.7930387359872798,0.09905957737264778,0.12491139824251495,0.7930387359872798,0.09905957737264778,0.10084878097935968,0.7648639633921666,0.07713559832314158,0.10084878097935968,0.7648639633921666,0.07713559832314158,0.10084878097935968,0.7648639633921666,0.07713559832314158,0.05740504598819178,0.724684923291576,0.041600571348502154,0.05740504598819178,0.724684923291576,0.041600571348502154,0.05740504598819178,0.724684923291576,0.041600571348502154,0.01960081838400305,0.6792688827738138,0.013314226005154183,0.01960081838400305,0.6792688827738138,0.013314226005154183,0.01960081838400305,0.6792688827738138,0.013314226005154183
12396.196196196199,0.12497766167326882,0.7929107897025245,0.09909613641252651,0.12497766167326882,0.7929107897025245,0.09909613641252651,0.12497766167326882,0.7929107897025245,0.09909613641252651,0.12497766167326882,0.7929107897025245,0.09909613641252651,0.12497766167326882,0.7929107897025245,0.09909613641252651,0.12497766167326882,0.7929107897025245,0.09909613641252651,0.10073387251461768,0.764742760118395,0.07703549970424325,0.10073387251461768,0.764742760118395,0.07703549970424325,0.10073387251461768,0.764742760118395,0.07703549970424325,0.05726106435412902,0.7245820957308398,0.04149034201349329,0.05726106435412902,0.7245820957308398,0.04149034201349329,0.05726106435412902,0.7245820957308398,0.04149034201349329,0.019791396441716493,0.6792006160842184,0.01344232865638085,0.019791396441716493,0.6792006160842184,0.01344232865638085,0.019791396441716493,0.6792006160842184,0.01344232865638085
12416.206206206209,0.12510749371961286,0.7927835212332645,0.0991831594037032,0.12510749371961286,0.7927835212332645,0.0991831594037032,0.12510749371961286,0.7927835212332645,0.0991831594037032,0.12510749371961286,0.7927835212332645,0.0991831594037032,0.12510749371961286,0.7927835212332645,0.0991831594037032,0.12510749371961286,0.7927835212332645,0.0991831594037032,0.10054713597162103,0.7646218562806428,0.07688053775032307,0.10054713597162103,0.7646218562806428,0.07688053775032307,0.10054713597162103,0.7646218562806428,0.07688053775032307,0.0570657110172242,0.7244794790241412,0.04134293658790079,0.0570657110172242,0.7244794790241412,0.04134293658790079,0.0570657110172242,0.7244794790241412,0.04134293658790079,0.01999247337226836,0.679132501753147,0.013577538457541786,0.01999247337226836,0.679132501753147,0.013577538457541786,0.01999247337226836,0.679132501753147,0.013577538457541786
12436.216216216219,0.12527983709430746,0.7926569768824081,0.09930393693549432,0.12527983709430746,0.7926569768824081,0.09930393693549432,0.12527983709430746,0.7926569768824081,0.09930393693549432,0.12527983709430746,0.7926569768824081,0.09930393693549432,0.12527983709430746,0.7926569768824081,0.09930393693549432,0.12527983709430746,0.7926569768824081,0.09930393693549432,0.10029926210857174,0.7645010087052123,0.07667888705439158,0.10029926210857174,0.7645010087052123,0.07667888705439158,0.10029926210857174,0.7645010087052123,0.07667888705439158,0.056826097651601654,0.7243770374257156,0.04116352026533162,0.056826097651601654,0.7243770374257156,0.04116352026533162,0.056826097651601654,0.7243770374257156,0.04116352026533162,0.02019441052773386,0.6790645444910166,0.013713308186280184,0.02019441052773386,0.6790645444910166,0.013713308186280184,0.02019441052773386,0.6790645444910166,0.013713308186280184
12456.226226226228,0.1254646921224126,0.7925309137554967,0.09943464709182771,0.1254646921224126,0.7925309137554967,0.09943464709182771,0.1254646921224126,0.7925309137554967,0.09943464709182771,0.1254646921224126,0.7925309137554967,0.09943464709182771,0.1254646921224126,0.7925309137554967,0.09943464709182771,0.1254646921224126,0.7925309137554967,0.09943464709182771,0.10000644741620522,0.7643799249077154,0.07644292076628634,0.10000644741620522,0.7643799249077154,0.07644292076628634,0.10000644741620522,0.7643799249077154,0.07644292076628634,0.05655920989014552,0.7242747093886778,0.04096440530643838,0.05655920989014552,0.7242747093886778,0.04096440530643838,0.05655920989014552,0.7242747093886778,0.04096440530643838,0.020387233861279767,0.6789967517741613,0.013842865569469153,0.020387233861279767,0.6789967517741613,0.013842865569469153,0.020387233861279767,0.6789967517741613,0.013842865569469153
12476.236236236238,0.1256308699162914,0.7924049296635792,0.09955052063959316,0.1256308699162914,0.7924049296635792,0.09955052063959316,0.1256308699162914,0.7924049296635792,0.09955052063959316,0.1256308699162914,0.7924049296635792,0.09955052063959316,0.1256308699162914,0.7924049296635792,0.09955052063959316,0.1256308699162914,0.7924049296635792,0.09955052063959316,0.09968964011995109,0.7642584308613032,0.07618864793120184,0.09968964011995109,0.7642584308613032,0.07618864793120184,0.09968964011995109,0.7642584308613032,0.07618864793120184,0.05628919407243539,0.7241724488791298,0.04076308351686814,0.05628919407243539,0.7241724488791298,0.04076308351686814,0.05628919407243539,0.7241724488791298,0.04076308351686814,0.020565245740623433,0.6789291324252158,0.013962344448792833,0.020565245740623433,0.6789291324252158,0.013962344448792833,0.020565245740623433,0.6789291324252158,0.013962344448792833
12496.246246246248,0.12575073581091803,0.7922786003064743,0.09962961695578337,0.12575073581091803,0.7922786003064743,0.09962961695578337,0.12575073581091803,0.7922786003064743,0.09962961695578337,0.12575073581091803,0.7922786003064743,0.09962961695578337,0.12575073581091803,0.7922786003064743,0.09962961695578337,0.12575073581091803,0.7922786003064743,0.09962961695578337,0.09937166870058049,0.7641365841328831,0.07593352748044611,0.09937166870058049,0.7641365841328831,0.07593352748044611,0.09937166870058049,0.7641365841328831,0.07593352748044611,0.05604193451924377,0.7240702497330425,0.04057829752287165,0.05604193451924377,0.7240702497330425,0.04057829752287165,0.05604193451924377,0.7240702497330425,0.04057829752287165,0.020729697780881642,0.6788616947967102,0.014072597768152914,0.020729697780881642,0.6788616947967102,0.014072597768152914,0.020729697780881642,0.6788616947967102,0.014072597768152914
12516.256256256258,0.125801735395034,0.7921516689642825,0.09965405465177923,0.125801735395034,0.7921516689642825,0.09965405465177923,0.125801735395034,0.7921516689642825,0.09965405465177923,0.125801735395034,0.7921516689642825,0.09965405465177923,0.125801735395034,0.7921516689642825,0.09965405465177923,0.125801735395034,0.7921516689642825,0.09965405465177923,0.09907439465979123,0.7640146823958407,0.07569429216956057,0.09907439465979123,0.7640146823958407,0.07569429216956057,0.09907439465979123,0.7640146823958407,0.07569429216956057,0.055838279127748816,0.7239681306478867,0.04042513455871122,0.055838279127748816,0.7239681306478867,0.04042513455871122,0.055838279127748816,0.7239681306478867,0.04042513455871122,0.020888244727641683,0.6787944453846713,0.01417882449495882,0.020888244727641683,0.6787944453846713,0.01417882449495882,0.020888244727641683,0.6787944453846713,0.01417882449495882
12536.266266266268,0.12576859460410614,0.7920242574889285,0.09961177775674322,0.12576859460410614,0.7920242574889285,0.09961177775674322,0.12576859460410614,0.7920242574889285,0.09961177775674322,0.12576859460410614,0.7920242574889285,0.09961177775674322,0.12576859460410614,0.7920242574889285,0.09961177775674322,0.12576859460410614,0.7920242574889285,0.09961177775674322,0.09881862039320498,0.7638930742707606,0.07548685972736063,0.09881862039320498,0.7638930742707606,0.07548685972736063,0.09881862039320498,0.7638930742707606,0.07548685972736063,0.055688306740303464,0.7238661018699402,0.040310877519840985,0.055688306740303464,0.7238661018699402,0.040310877519840985,0.055688306740303464,0.7238661018699402,0.040310877519840985,0.02105119032816365,0.678727388050614,0.01428801942679086,0.02105119032816365,0.678727388050614,0.01428801942679086,0.02105119032816365,0.678727388050614,0.01428801942679086
12556.276276276278,0.12564738990448474,0.7918969367864193,0.09949978318057032,0.12564738990448474,0.7918969367864193,0.09949978318057032,0.12564738990448474,0.7918969367864193,0.09949978318057032,0.12564738990448474,0.7918969367864193,0.09949978318057032,0.12564738990448474,0.7918969367864193,0.09949978318057032,0.12564738990448474,0.7918969367864193,0.09949978318057032,0.09862355346406038,0.7637719170163622,0.07532590049221108,0.09862355346406038,0.7637719170163622,0.07532590049221108,0.09862355346406038,0.7637719170163622,0.07532590049221108,0.055588947379523586,0.7237641663765318,0.04023328815988978,0.055588947379523586,0.7237641663765318,0.04023328815988978,0.055588947379523586,0.7237641663765318,0.04023328815988978,0.021226420200283327,0.6786605239641831,0.014405533455008203,0.021226420200283327,0.6786605239641831,0.014405533455008203,0.021226420200283327,0.6786605239641831,0.014405533455008203
12576.286286286288,0.12544724795358933,0.791770394952989,0.09932541705797895,0.12544724795358933,0.791770394952989,0.09932541705797895,0.12544724795358933,0.791770394952989,0.09932541705797895,0.12544724795358933,0.791770394952989,0.09932541705797895,0.12544724795358933,0.791770394952989,0.09932541705797895,0.12544724795358933,0.791770394952989,0.09932541705797895,0.09850253754900407,0.7636511275665845,0.07522157386746678,0.09850253754900407,0.7636511275665845,0.07522157386746678,0.09850253754900407,0.7636511275665845,0.07522157386746678,0.055525652008720686,0.7236623450976133,0.04018182354570481,0.055525652008720686,0.7236623450976133,0.04018182354570481,0.055525652008720686,0.7236623450976133,0.04018182354570481,0.021415599405565314,0.6785938516524588,0.014532494086068673,0.021415599405565314,0.6785938516524588,0.014532494086068673,0.021415599405565314,0.6785938516524588,0.014532494086068673
12596.296296296297,0.12518553738798577,0.7916449716686299,0.09910250119883421,0.12518553738798577,0.7916449716686299,0.09910250119883421,0.12518553738798577,0.7916449716686299,0.09910250119883421,0.12518553738798577,0.7916449716686299,0.09910250119883421,0.12518553738798577,0.7916449716686299,0.09910250119883421,0.12518553738798577,0.7916449716686299,0.09910250119883421,0.09845822194732287,0.7635305246188825,0.0751758578564818,0.09845822194732287,0.7635305246188825,0.0751758578564818,0.09845822194732287,0.7635305246188825,0.0751758578564818,0.05547676559855089,0.7235606887479761,0.040140806725997506,0.05547676559855089,0.7235606887479761,0.040140806725997506,0.05547676559855089,0.7235606887479761,0.040140806725997506,0.021613612731075708,0.6785273661800366,0.014665427720052108,0.021613612731075708,0.6785273661800366,0.014665427720052108,0.021613612731075708,0.6785273661800366,0.014665427720052108
12616.306306306305,0.12488091124593298,0.7915205979078141,0.09884581353665355,0.12488091124593298,0.7915205979078141,0.09884581353665355,0.12488091124593298,0.7915205979078141,0.09884581353665355,0.12488091124593298,0.7915205979078141,0.09884581353665355,0.12488091124593298,0.7915205979078141,0.09884581353665355,0.12488091124593298,0.7915205979078141,0.09884581353665355,0.09848114260121815,0.763409992190817,0.07518148830413868,0.09848114260121815,0.763409992190817,0.07518148830413868,0.09848114260121815,0.763409992190817,0.07518148830413868,0.05541891745487545,0.7234592527918989,0.04009332861244012,0.05541891745487545,0.7234592527918989,0.04009332861244012,0.05541891745487545,0.7234592527918989,0.04009332861244012,0.021811170673975974,0.6784610592340118,0.014798029958599553,0.021811170673975974,0.6784610592340118,0.014798029958599553,0.021811170673975974,0.6784610592340118,0.014798029958599553
12636.316316316319,0.12455115873997699,0.7913969695921421,0.09856940958600764,0.12455115873997699,0.7913969695921421,0.09856940958600764,0.12455115873997699,0.7913969695921421,0.09856940958600764,0.12455115873997699,0.7913969695921421,0.09856940958600764,0.12455115873997699,0.7913969695921421,0.09856940958600764,0.12455115873997699,0.7913969695921421,0.09856940958600764,0.0985511223463091,0.7632895630377755,0.07522304311259663,0.0985511223463091,0.7632895630377755,0.07522304311259663,0.0985511223463091,0.7632895630377755,0.07522304311259663,0.05533184183923755,0.7233580664756688,0.040024734127368386,0.05533184183923755,0.7233580664756688,0.040024734127368386,0.05533184183923755,0.7233580664756688,0.040024734127368386,0.02199922779040517,0.6783949216463476,0.01492416441315207,0.02199922779040517,0.6783949216463476,0.01492416441315207,0.02199922779040517,0.6783949216463476,0.01492416441315207
12656.326326326329,0.12421560616958555,0.7912737310003751,0.09828854614228116,0.12421560616958555,0.7912737310003751,0.09828854614228116,0.12421560616958555,0.7912737310003751,0.09828854614228116,0.12421560616958555,0.7912737310003751,0.09828854614228116,0.12421560616958555,0.7912737310003751,0.09828854614228116,0.12421560616958555,0.7912737310003751,0.09828854614228116,0.09864011113008071,0.7631694153967755,0.07527911594581667,0.09864011113008071,0.7631694153967755,0.07527911594581667,0.09864011113008071,0.7631694153967755,0.07527911594581667,0.055201578506240793,0.7232571286977088,0.03992493517000487,0.055201578506240793,0.7232571286977088,0.03992493517000487,0.055201578506240793,0.7232571286977088,0.03992493517000487,0.022173192106902488,0.6783289449998772,0.015040718009154769,0.022173192106902488,0.6783289449998772,0.015040718009154769,0.022173192106902488,0.6783289449998772,0.015040718009154769
12676.336336336339,0.12389557268700761,0.7911506081049876,0.09802005767284176,0.12389557268700761,0.7911506081049876,0.09802005767284176,0.12389557268700761,0.7911506081049876,0.09802005767284176,0.12389557268700761,0.7911506081049876,0.09802005767284176,0.12389557268700761,0.7911506081049876,0.09802005767284176,0.12389557268700761,0.7911506081049876,0.09802005767284176,0.09871707464713422,0.7630497804364094,0.0753260421348204,0.09871707464713422,0.7630497804364094,0.0753260421348204,0.09871707464713422,0.7630497804364094,0.0753260421348204,0.0550225405976381,0.7231564453129122,0.03978990487067337,0.0550225405976381,0.7231564453129122,0.03978990487067337,0.0550225405976381,0.7231564453129122,0.03978990487067337,0.02233512126495293,0.6782631213483888,0.015149089064861749,0.02233512126495293,0.6782631213483888,0.015149089064861749,0.02233512126495293,0.6782631213483888,0.015149089064861749
12696.346346346349,0.12361014206552133,0.7910275011228544,0.09777902179153036,0.12361014206552133,0.7910275011228544,0.09777902179153036,0.12361014206552133,0.7910275011228544,0.09777902179153036,0.12361014206552133,0.7910275011228544,0.09777902179153036,0.12361014206552133,0.7910275011228544,0.09777902179153036,0.12361014206552133,0.7910275011228544,0.09777902179153036,0.09875459736188695,0.7629307769600383,0.07534292169368016,0.09875459736188695,0.7629307769600383,0.07534292169368016,0.09875459736188695,0.7629307769600383,0.07534292169368016,0.054798851915734026,0.7230560642277468,0.039622642190389766,0.054798851915734026,0.7230560642277468,0.039622642190389766,0.054798851915734026,0.7230560642277468,0.039622642190389766,0.02249277374047998,0.678197444108265,0.015254541661699022,0.02249277374047998,0.678197444108265,0.015254541661699022,0.02249277374047998,0.678197444108265,0.015254541661699022
12716.356356356357,0.12337249203513989,0.7909045666706412,0.09757586735212945,0.12337249203513989,0.7909045666706412,0.09757586735212945,0.12337249203513989,0.7909045666706412,0.09757586735212945,0.12337249203513989,0.7909045666706412,0.09757586735212945,0.12337249203513989,0.7909045666706412,0.09757586735212945,0.12337249203513989,0.7909045666706412,0.09757586735212945,0.09873352965561054,0.7628123384280097,0.07531515463784752,0.09873352965561054,0.7628123384280097,0.07531515463784752,0.09873352965561054,0.7628123384280097,0.07531515463784752,0.05454443771014854,0.7229560571336076,0.039433231625498645,0.05454443771014854,0.7229560571336076,0.039433231625498645,0.05454443771014854,0.7229560571336076,0.039433231625498645,0.02265577508906556,0.6781319095616295,0.015363604023746825,0.02265577508906556,0.6781319095616295,0.015363604023746825,0.02265577508906556,0.6781319095616295,0.015363604023746825
12736.366366366366,0.12319189207666376,0.7907822038189458,0.0974179559090099,0.12319189207666376,0.7907822038189458,0.0974179559090099,0.12319189207666376,0.7907822038189458,0.0974179559090099,0.12319189207666376,0.7907822038189458,0.0974179559090099,0.12319189207666376,0.7907822038189458,0.0974179559090099,0.12319189207666376,0.7907822038189458,0.0974179559090099,0.09864380010563296,0.7626943132722886,0.07523506538013465,0.09864380010563296,0.7626943132722886,0.07523506538013465,0.09864380010563296,0.7626943132722886,0.07523506538013465,0.05428103541949876,0.7228564687076336,0.03923739758113286,0.05428103541949876,0.7228564687076336,0.03923739758113286,0.05428103541949876,0.7228564687076336,0.03923739758113286,0.022830895909220376,0.6780665173145286,0.015480866076335578,0.022830895909220376,0.6780665173145286,0.015480866076335578,0.022830895909220376,0.6780665173145286,0.015480866076335578
12756.376376376376,0.12307766814477637,0.7906607511160432,0.09731268154095998,0.12307766814477637,0.7906607511160432,0.09731268154095998,0.12307766814477637,0.7906607511160432,0.09731268154095998,0.12307766814477637,0.7906607511160432,0.09731268154095998,0.12307766814477637,0.7906607511160432,0.09731268154095998,0.12307766814477637,0.7906607511160432,0.09731268154095998,0.09848413076737453,0.7625766305836477,0.07510169660654381,0.09848413076737453,0.7625766305836477,0.07510169660654381,0.09848413076737453,0.7625766305836477,0.07510169660654381,0.05403345981999911,0.7227572807995728,0.03905307649169553,0.05403345981999911,0.7227572807995728,0.03905307649169553,0.05403345981999911,0.7227572807995728,0.03905307649169553,0.023018829211436533,0.6780012700851699,0.015606795441227578,0.023018829211436533,0.6780012700851699,0.015606795441227578,0.023018829211436533,0.6780012700851699,0.015606795441227578
12776.386386386386,0.12303769410036892,0.7905401971316891,0.09726624294873411,0.12303769410036892,0.7905401971316891,0.09726624294873411,0.12303769410036892,0.7905401971316891,0.09726624294873411,0.12303769410036892,0.7905401971316891,0.09726624294873411,0.12303769410036892,0.7905401971316891,0.09726624294873411,0.12303769410036892,0.7905401971316891,0.09726624294873411,0.09826207662478616,0.762459355199215,0.07492083958387032,0.09826207662478616,0.762459355199215,0.07492083958387032,0.09826207662478616,0.762459355199215,0.07492083958387032,0.05382306801035887,0.7226584337376237,0.03889569402731954,0.05382306801035887,0.7226584337376237,0.03889569402731954,0.05382306801035887,0.7226584337376237,0.03889569402731954,0.02321408170245693,0.6779361729460435,0.015737665707820425,0.02321408170245693,0.6779361729460435,0.015737665707820425,0.02321408170245693,0.6779361729460435,0.015737665707820425
12796.396396396396,0.1230723545486063,0.7904202475646295,0.09727888095067123,0.1230723545486063,0.7904202475646295,0.09727888095067123,0.1230723545486063,0.7904202475646295,0.09727888095067123,0.1230723545486063,0.7904202475646295,0.09727888095067123,0.1230723545486063,0.7904202475646295,0.09727888095067123,0.1230723545486063,0.7904202475646295,0.09727888095067123,0.0979923277232875,0.7623426163954303,0.07470372750324945,0.0979923277232875,0.7623426163954303,0.07470372750324945,0.0979923277232875,0.7623426163954303,0.07470372750324945,0.053662052208564674,0.7225598820033174,0.03877404611187635,0.053662052208564674,0.7225598820033174,0.03877404611187635,0.053662052208564674,0.7225598820033174,0.03877404611187635,0.023407691700028058,0.6778712323463766,0.01586740081908207,0.023407691700028058,0.6778712323463766,0.01586740081908207,0.023407691700028058,0.6778712323463766,0.01586740081908207
12816.406406406406,0.1231718952117548,0.7903005552361173,0.09734281717533468,0.1231718952117548,0.7903005552361173,0.09734281717533468,0.1231718952117548,0.7903005552361173,0.09734281717533468,0.1231718952117548,0.7903005552361173,0.09734281717533468,0.1231718952117548,0.7903005552361173,0.09734281717533468,0.1231718952117548,0.7903005552361173,0.09734281717533468,0.09769302792535522,0.7622265076587476,0.074464215498152,0.09769302792535522,0.7622265076587476,0.074464215498152,0.09769302792535522,0.7622265076587476,0.074464215498152,0.05355056704406189,0.7224616291943843,0.03868822991093606,0.05355056704406189,0.7224616291943843,0.03868822991093606,0.05355056704406189,0.7224616291943843,0.03868822991093606,0.02359145956374499,0.6778064552549572,0.01599044358119265,0.02359145956374499,0.6778064552549572,0.01599044358119265,0.02359145956374499,0.6778064552549572,0.01599044358119265
12836.416416416416,0.12331840409771185,0.7901809251630565,0.0974438506395616,0.12331840409771185,0.7901809251630565,0.0974438506395616,0.12331840409771185,0.7901809251630565,0.0974438506395616,0.12331840409771185,0.7901809251630565,0.0974438506395616,0.12331840409771185,0.7901809251630565,0.0974438506395616,0.12331840409771185,0.7901809251630565,0.0974438506395616,0.09738372656483475,0.7621109955919613,0.07421720880678154,0.09738372656483475,0.7621109955919613,0.07421720880678154,0.09738372656483475,0.7621109955919613,0.07421720880678154,0.05347738876693106,0.7223637004755633,0.03863012444145064,0.05347738876693106,0.7223637004755633,0.03863012444145064,0.05347738876693106,0.7223637004755633,0.03863012444145064,0.023761779750384394,0.677741848319419,0.01610435252738446,0.023761779750384394,0.677741848319419,0.01610435252738446,0.023761779750384394,0.677741848319419,0.01610435252738446
12856.426426426426,0.12348774514049668,0.7900613631281129,0.0975628962553178,0.12348774514049668,0.7900613631281129,0.0975628962553178,0.12348774514049668,0.7900613631281129,0.0975628962553178,0.12348774514049668,0.7900613631281129,0.0975628962553178,0.12348774514049668,0.7900613631281129,0.0975628962553178,0.12348774514049668,0.7900613631281129,0.0975628962553178,0.09708578291198217,0.7619958807472424,0.07397896665805143,0.09708578291198217,0.7619958807472424,0.07397896665805143,0.09708578291198217,0.7619958807472424,0.07397896665805143,0.053423519123637526,0.7222660906432223,0.038585996305833106,0.053423519123637526,0.7222660906432223,0.038585996305833106,0.053423519123637526,0.7222660906432223,0.038585996305833106,0.023921385957308014,0.6776774169764502,0.016210983046045225,0.023921385957308014,0.6776774169764502,0.016210983046045225,0.023921385957308014,0.6776774169764502,0.016210983046045225
12876.436436436436,0.12365100022335915,0.7899419857183336,0.09767711665249844,0.12365100022335915,0.7899419857183336,0.09767711665249844,0.12365100022335915,0.7899419857183336,0.09767711665249844,0.12365100022335915,0.7899419857183336,0.09767711665249844,0.12365100022335915,0.7899419857183336,0.09767711665249844,0.12365100022335915,0.7899419857183336,0.09767711665249844,0.09682138550408899,0.7618808968973341,0.07376636402669785,0.09682138550408899,0.7618808968973341,0.07376636402669785,0.09682138550408899,0.7618808968973341,0.07376636402669785,0.053367092230269635,0.7221687437391957,0.03854004595294761,0.053367092230269635,0.7221687437391957,0.03854004595294761,0.053367092230269635,0.7221687437391957,0.03854004595294761,0.024078047076703222,0.6776131644162894,0.016315601672609256,0.024078047076703222,0.6776131644162894,0.016315601672609256,0.024078047076703222,0.6776131644162894,0.016315601672609256
12896.446446446447,0.1237778627187094,0.7898229640873298,0.09776259842088565,0.1237778627187094,0.7898229640873298,0.09776259842088565,0.1237778627187094,0.7898229640873298,0.09776259842088565,0.1237778627187094,0.7898229640873298,0.09776259842088565,0.1237778627187094,0.7898229640873298,0.09776259842088565,0.1237778627187094,0.7898229640873298,0.09776259842088565,0.09661020652000983,0.7617658972872232,0.07359436065681924,0.09661020652000983,0.7617658972872232,0.07359436065681924,0.09661020652000983,0.7617658972872232,0.07359436065681924,0.053287811181959105,0.7220715793162292,0.03847761397846223,0.053287811181959105,0.7220715793162292,0.03847761397846223,0.053287811181959105,0.7220715793162292,0.03847761397846223,0.02424071505765532,0.6775490906299059,0.01642427444353303,0.02424071505765532,0.6775490906299059,0.01642427444353303,0.02424071505765532,0.6775490906299059,0.01642427444353303
12916.456456456457,0.12384312651031769,0.7897044749920387,0.09779947120220306,0.12384312651031769,0.7897044749920387,0.09779947120220306,0.12384312651031769,0.7897044749920387,0.09779947120220306,0.12384312651031769,0.7897044749920387,0.09779947120220306,0.12384312651031769,0.7897044749920387,0.09779947120220306,0.12384312651031769,0.7897044749920387,0.09779947120220306,0.09646624158450971,0.761650960858528,0.07347360559325271,0.09646624158450971,0.761650960858528,0.07347360559325271,0.09646624158450971,0.761650960858528,0.07347360559325271,0.05317041987676026,0.7219745431323893,0.038387689598681295,0.05317041987676026,0.7219745431323893,0.038387689598681295,0.05317041987676026,0.7219745431323893,0.038387689598681295,0.02441516796952118,0.6774851925492661,0.01654091477295373,0.02441516796952118,0.6774851925492661,0.01654091477295373,0.02441516796952118,0.6774851925492661,0.01654091477295373
12936.466466466467,0.1238326213636396,0.7895864904313823,0.09777656490343441,0.1238326213636396,0.7895864904313823,0.09777656490343441,0.1238326213636396,0.7895864904313823,0.09777656490343441,0.1238326213636396,0.7895864904313823,0.09777656490343441,0.1238326213636396,0.7895864904313823,0.09777656490343441,0.1238326213636396,0.7895864904313823,0.09777656490343441,0.09639526734332513,0.7615362978526299,0.07340849502315033,0.09639526734332513,0.7615362978526299,0.07340849502315033,0.09639526734332513,0.7615362978526299,0.07340849502315033,0.0530071030902688,0.7218776224514981,0.0382646415518447,0.0530071030902688,0.7218776224514981,0.0382646415518447,0.0530071030902688,0.7218776224514981,0.0382646415518447,0.02460131598401149,0.6774214653073127,0.016665459522377277,0.02460131598401149,0.6774214653073127,0.016665459522377277,0.02460131598401149,0.6774214653073127,0.016665459522377277
12956.476476476477,0.12374325073145916,0.7894686730516033,0.0976914199540569,0.12374325073145916,0.7894686730516033,0.0976914199540569,0.12374325073145916,0.7894686730516033,0.0976914199540569,0.12374325073145916,0.7894686730516033,0.0976914199540569,0.12374325073145916,0.7894686730516033,0.0976914199540569,0.12374325073145916,0.7894686730516033,0.0976914199540569,0.0963922534313512,0.761422064728112,0.07339518863149487,0.0963922534313512,0.761422064728112,0.07339518863149487,0.0963922534313512,0.761422064728112,0.07339518863149487,0.05279911126292656,0.7217808211610329,0.03810938588392787,0.05279911126292656,0.7217808211610329,0.03810938588392787,0.05279911126292656,0.7217808211610329,0.03810938588392787,0.02479345912978568,0.6773579025591735,0.01679404547333822,0.02479345912978568,0.6773579025591735,0.01679404547333822,0.02479345912978568,0.6773579025591735,0.01679404547333822
12976.486486486487,0.12357896315505751,0.7893505378446019,0.09754712103272288,0.12357896315505751,0.7893505378446019,0.09754712103272288,0.12357896315505751,0.7893505378446019,0.09754712103272288,0.12357896315505751,0.7893505378446019,0.09754712103272288,0.12357896315505751,0.7893505378446019,0.09754712103272288,0.12357896315505751,0.7893505378446019,0.09754712103272288,0.09644041687852015,0.7613082390392221,0.07342088394599464,0.09644041687852015,0.7613082390392221,0.07342088394599464,0.09644041687852015,0.7613082390392221,0.07342088394599464,0.05255743673687905,0.7216841293574844,0.03792986797271562,0.05255743673687905,0.7216841293574844,0.03792986797271562,0.05255743673687905,0.7216841293574844,0.03792986797271562,0.024983061818912543,0.6772944963261096,0.01692089027132443,0.024983061818912543,0.6772944963261096,0.01692089027132443,0.024983061818912543,0.6772944963261096,0.01692089027132443
12996.496496496497,0.1233485705162196,0.7892317442411177,0.0973506074581645,0.1233485705162196,0.7892317442411177,0.0973506074581645,0.1233485705162196,0.7892317442411177,0.0973506074581645,0.1233485705162196,0.7892317442411177,0.0973506074581645,0.1233485705162196,0.7892317442411177,0.0973506074581645,0.1233485705162196,0.7892317442411177,0.0973506074581645,0.09651432553680368,0.7611946012112547,0.07346618353816049,0.09651432553680368,0.7611946012112547,0.07346618353816049,0.09651432553680368,0.7611946012112547,0.07346618353816049,0.052301413971541554,0.7215875254633989,0.037740047885961504,0.052301413971541554,0.7215875254633989,0.037740047885961504,0.052301413971541554,0.7215875254633989,0.037740047885961504,0.02516278046898563,0.677231238541063,0.01704102098214801,0.02516278046898563,0.677231238541063,0.01704102098214801,0.02516278046898563,0.677231238541063,0.01704102098214801
13016.506506506506,0.12306662915364955,0.7891123300090185,0.0971133944777922,0.12306662915364955,0.7891123300090185,0.0971133944777922,0.12306662915364955,0.7891123300090185,0.0971133944777922,0.12306662915364955,0.7891123300090185,0.0971133944777922,0.12306662915364955,0.7891123300090185,0.0971133944777922,0.12306662915364955,0.7891123300090185,0.0971133944777922,0.09658570860181015,0.7610808253343434,0.07350953081816806,0.09658570860181015,0.7610808253343434,0.07350953081816806,0.09658570860181015,0.7610808253343434,0.07350953081816806,0.052054479123793455,0.721490996483915,0.037556838014476894,0.052054479123793455,0.721490996483915,0.037556838014476894,0.052054479123793455,0.721490996483915,0.037556838014476894,0.025329920597275967,0.6771681226509826,0.01715261477775582,0.025329920597275967,0.6771681226509826,0.01715261477775582,0.025329920597275967,0.6771681226509826,0.01715261477775582
13036.516516516516,0.12275326585720372,0.7889926571814736,0.09685142540637903,0.12275326585720372,0.7889926571814736,0.09685142540637903,0.12275326585720372,0.7889926571814736,0.09685142540637903,0.12275326585720372,0.7889926571814736,0.09685142540637903,0.12275326585720372,0.7889926571814736,0.09685142540637903,0.12275326585720372,0.7889926571814736,0.09685142540637903,0.09662831312476342,0.7609666650760858,0.07353092519047899,0.09662831312476342,0.7609666650760858,0.07353092519047899,0.09662831312476342,0.7609666650760858,0.07353092519047899,0.05183819414909544,0.7213945523129144,0.037395790860896644,0.05183819414909544,0.7213945523129144,0.037395790860896644,0.05183819414909544,0.7213945523129144,0.037395790860896644,0.025487750978130486,0.6771051440571992,0.017257887297741064,0.025487750978130486,0.6771051440571992,0.017257887297741064,0.025487750978130486,0.6771051440571992,0.017257887297741064
13056.526526526526,0.1224300491820024,0.7888731371780566,0.09658177698307,0.1224300491820024,0.7888731371780566,0.09658177698307,0.1224300491820024,0.7888731371780566,0.09658177698307,0.1224300491820024,0.7888731371780566,0.09658177698307,0.1224300491820024,0.7888731371780566,0.09658177698307,0.1224300491820024,0.7888731371780566,0.09658177698307,0.09662112473836817,0.7608521248391014,0.0735143880615313,0.09662112473836817,0.7608521248391014,0.0735143880615313,0.09662112473836817,0.7608521248391014,0.0735143880615313,0.05166655471910834,0.7212982155328311,0.03726699372162222,0.05166655471910834,0.7212982155328311,0.03726699372162222,0.05166655471910834,0.7212982155328311,0.03726699372162222,0.025643900638531388,0.6770423005642554,0.01736200548375247,0.025643900638531388,0.6770423005642554,0.01736200548375247,0.025643900638531388,0.6770423005642554,0.01736200548375247
13076.536536536536,0.12211510410981942,0.7887540567985629,0.09631878376299893,0.12211510410981942,0.7887540567985629,0.09631878376299893,0.12211510410981942,0.7887540567985629,0.09631878376299893,0.12211510410981942,0.7887540567985629,0.09631878376299893,0.12211510410981942,0.7887540567985629,0.09631878376299893,0.12211510410981942,0.7887540567985629,0.09631878376299893,0.09655124392261992,0.7607374513244912,0.07345014722390315,0.09655124392261992,0.7607374513244912,0.07345014722390315,0.09655124392261992,0.7607374513244912,0.07345014722390315,0.0515426066537819,0.7212020004947518,0.037172631029421616,0.0515426066537819,0.7212020004947518,0.037172631029421616,0.0515426066537819,0.7212020004947518,0.037172631029421616,0.02580655749855113,0.6769795924689078,0.01747051277839458,0.02580655749855113,0.6769795924689078,0.01747051277839458,0.02580655749855113,0.6769795924689078,0.01747051277839458
13096.546546546546,0.12182284156407384,0.7886355095925494,0.09607381873689577,0.12182284156407384,0.7886355095925494,0.09607381873689577,0.12182284156407384,0.7886355095925494,0.09607381873689577,0.12182284156407384,0.7886355095925494,0.09607381873689577,0.12182284156407384,0.7886355095925494,0.09607381873689577,0.12182284156407384,0.7886355095925494,0.09607381873689577,0.09641544488212428,0.7606229361888418,0.0733357987801948,0.09641544488212428,0.7606229361888418,0.0733357987801948,0.09641544488212428,0.7606229361888418,0.0733357987801948,0.05145838823176572,0.7211059190095211,0.037106948336616145,0.05145838823176572,0.7211059190095211,0.037106948336616145,0.05145838823176572,0.7211059190095211,0.037106948336616145,0.02598050363264924,0.6769170222404253,0.017586645155319474,0.02598050363264924,0.6769170222404253,0.017586645155319474,0.02598050363264924,0.6769170222404253,0.017586645155319474
13116.556556556556,0.12156755972225014,0.7885172937233424,0.09585812319673949,0.12156755972225014,0.7885172937233424,0.09585812319673949,0.12156755972225014,0.7885172937233424,0.09585812319673949,0.12156755972225014,0.7885172937233424,0.09585812319673949,0.12156755972225014,0.7885172937233424,0.09585812319673949,0.12156755972225014,0.7885172937233424,0.09585812319673949,0.0962187473367378,0.7605087317249559,0.07317519750522644,0.0962187473367378,0.7605087317249559,0.07317519750522644,0.0962187473367378,0.7605087317249559,0.07317519750522644,0.051397742682775756,0.7210099991644893,0.03705828640876478,0.051397742682775756,0.7210099991644893,0.03705828640876478,0.051397742682775756,0.7210099991644893,0.03705828640876478,0.026164917470414096,0.676854594389723,0.01770984460167771,0.026164917470414096,0.676854594389723,0.01770984460167771,0.026164917470414096,0.676854594389723,0.01770984460167771
13136.566566566567,0.12136441115855955,0.7883989394507147,0.09568357304446883,0.12136441115855955,0.7883989394507147,0.09568357304446883,0.12136441115855955,0.7883989394507147,0.09568357304446883,0.12136441115855955,0.7883989394507147,0.09568357304446883,0.12136441115855955,0.7883989394507147,0.09568357304446883,0.12136441115855955,0.7883989394507147,0.09568357304446883,0.09597169668443543,0.7603947845869222,0.07297637762680272,0.09597169668443543,0.7603947845869222,0.07297637762680272,0.09597169668443543,0.7603947845869222,0.07297637762680272,0.05134052479604461,0.7209142934358056,0.03701211815796396,0.05134052479604461,0.7209142934358056,0.03701211815796396,0.05134052479604461,0.7209142934358056,0.03701211815796396,0.02635394649556824,0.676792314951801,0.017836148456851532,0.02635394649556824,0.676792314951801,0.017836148456851532,0.02635394649556824,0.676792314951801,0.017836148456851532
13156.576576576577,0.12122553327261507,0.7882799227586795,0.09555965400451674,0.12122553327261507,0.7882799227586795,0.09555965400451674,0.12122553327261507,0.7882799227586795,0.09555965400451674,0.12122553327261507,0.7882799227586795,0.09555965400451674,0.12122553327261507,0.7882799227586795,0.09555965400451674,0.12122553327261507,0.7882799227586795,0.09555965400451674,0.09568930566935517,0.7602808882259693,0.07275075030802362,0.09568930566935517,0.7602808882259693,0.07275075030802362,0.09568930566935517,0.7602808882259693,0.07275075030802362,0.051266862480544004,0.7208188569844931,0.03695412121440692,0.051266862480544004,0.7208188569844931,0.03695412121440692,0.051266862480544004,0.7208188569844931,0.03695412121440692,0.02653951280102874,0.6767301902544657,0.01796008954710101,0.02653951280102874,0.6767301902544657,0.01796008954710101,0.02653951280102874,0.6767301902544657,0.01796008954710101
13176.586586586587,0.12115721977712744,0.788159983839358,0.09549127238156231,0.12115721977712744,0.788159983839358,0.09549127238156231,0.12115721977712744,0.788159983839358,0.09549127238156231,0.12115721977712744,0.788159983839358,0.09549127238156231,0.12115721977712744,0.788159983839358,0.09549127238156231,0.12115721977712744,0.788159983839358,0.09549127238156231,0.09539053166966437,0.7601668234003918,0.07251271744180324,0.09539053166966437,0.7601668234003918,0.07251271744180324,0.09539053166966437,0.7601668234003918,0.07251271744180324,0.05116064166693667,0.7207237183601101,0.03687268789588378,0.05116064166693667,0.7207237183601101,0.03687268789588378,0.05116064166693667,0.7207237183601101,0.03687268789588378,0.026715133587849924,0.6766682255916929,0.018077282041335446,0.026715133587849924,0.6766682255916929,0.018077282041335446,0.026715133587849924,0.6766682255916929,0.018077282041335446
13196.596596596597,0.12116037940270787,0.7880393496565773,0.09547914658865407,0.12116037940270787,0.7880393496565773,0.09547914658865407,0.12116037940270787,0.7880393496565773,0.09547914658865407,0.12116037940270787,0.7880393496565773,0.09547914658865407,0.12116037940270787,0.7880393496565773,0.09547914658865407,0.12116037940270787,0.7880393496565773,0.09547914658865407,0.09509626292836723,0.7600525230879802,0.07227815457494347,0.09509626292836723,0.7600525230879802,0.07227815457494347,0.09509626292836723,0.7600525230879802,0.07227815457494347,0.05101207071435114,0.720628872006339,0.03676077097759046,0.05101207071435114,0.720628872006339,0.03676077097759046,0.05101207071435114,0.720628872006339,0.03676077097759046,0.026879002008161415,0.6766064245401096,0.01818650544394852,0.026879002008161415,0.6766064245401096,0.01818650544394852,0.026879002008161415,0.6766064245401096,0.01818650544394852
13216.606606606607,0.12123011548459044,0.7879185960787173,0.09551946239507926,0.12123011548459044,0.7879185960787173,0.09551946239507926,0.12123011548459044,0.7879185960787173,0.09551946239507926,0.12123011548459044,0.7879185960787173,0.09551946239507926,0.12123011548459044,0.7879185960787173,0.09551946239507926,0.12123011548459044,0.7879185960787173,0.09551946239507926,0.09482729490181425,0.7599381483588156,0.07206287890156007,0.09482729490181425,0.7599381483588156,0.07206287890156007,0.09482729490181425,0.7599381483588156,0.07206287890156007,0.05081976224881148,0.7205343070929349,0.03661738217857507,0.05081976224881148,0.7205343070929349,0.03661738217857507,0.05081976224881148,0.7205343070929349,0.03661738217857507,0.02703488320234099,0.676544788901502,0.01829030934910455,0.02703488320234099,0.676544788901502,0.01829030934910455,0.02703488320234099,0.676544788901502,0.01829030934910455
13236.616616616617,0.12135309104698168,0.7877982829255484,0.09560175675451991,0.12135309104698168,0.7877982829255484,0.09560175675451991,0.12135309104698168,0.7877982829255484,0.09560175675451991,0.12135309104698168,0.7877982829255484,0.09560175675451991,0.12135309104698168,0.7877982829255484,0.09560175675451991,0.12135309104698168,0.7877982829255484,0.09560175675451991,0.09460333250252667,0.7598239759001786,0.07188188023547641,0.09460333250252667,0.7598239759001786,0.07188188023547641,0.09460333250252667,0.7598239759001786,0.07188188023547641,0.050591839867682606,0.7204400390101158,0.03644838708786679,0.050591839867682606,0.7204400390101158,0.03644838708786679,0.050591839867682606,0.7204400390101158,0.03644838708786679,0.027190253396914763,0.6764833185666218,0.01839375285061226,0.027190253396914763,0.6764833185666218,0.01839375285061226,0.027190253396914763,0.6764833185666218,0.01839375285061226
13256.626626626627,0.1215063293444748,0.7876787548415063,0.09570795420341789,0.1215063293444748,0.7876787548415063,0.09570795420341789,0.1215063293444748,0.7876787548415063,0.09570795420341789,0.1215063293444748,0.7876787548415063,0.09570795420341789,0.1215063293444748,0.7876787548415063,0.09570795420341789,0.1215063293444748,0.7876787548415063,0.09570795420341789,0.09444070867570992,0.759710214930252,0.0717475710861889,0.09444070867570992,0.759710214930252,0.0717475710861889,0.09444070867570992,0.759710214930252,0.0717475710861889,0.050345006416469364,0.7203461045437385,0.036265829255333226,0.050345006416469364,0.7203461045437385,0.036265829255333226,0.050345006416469364,0.7203461045437385,0.036265829255333226,0.027352588828662795,0.6764220108332356,0.018501893136978784,0.027352588828662795,0.6764220108332356,0.018501893136978784,0.027352588828662795,0.6764220108332356,0.018501893136978784
13276.636636636636,0.12166094996044265,0.7875600895573224,0.09581530864647513,0.12166094996044265,0.7875600895573224,0.09581530864647513,0.12166094996044265,0.7875600895573224,0.09581530864647513,0.12166094996044265,0.7875600895573224,0.09581530864647513,0.12166094996044265,0.7875600895573224,0.09581530864647513,0.12166094996044265,0.7875600895573224,0.09581530864647513,0.09434795961657116,0.759596920283585,0.0716664195597875,0.09434795961657116,0.759596920283585,0.0716664195597875,0.09434795961657116,0.759596920283585,0.0716664195597875,0.050101043715446734,0.7202525302282512,0.03608540350312674,0.050101043715446734,0.7202525302282512,0.03608540350312674,0.050101043715446734,0.7202525302282512,0.03608540350312674,0.027525785625608874,0.6763608603833513,0.0186173640484645,0.027525785625608874,0.6763608603833513,0.0186173640484645,0.027525785625608874,0.6763608603833513,0.0186173640484645
13296.646646646646,0.12178910608200205,0.7874420703150639,0.09590186583503263,0.12178910608200205,0.7874420703150639,0.09590186583503263,0.12178910608200205,0.7874420703150639,0.09590186583503263,0.12178910608200205,0.7874420703150639,0.09590186583503263,0.12178910608200205,0.7874420703150639,0.09590186583503263,0.12178910608200205,0.7874420703150639,0.09590186583503263,0.09432247566488823,0.7594840219088076,0.07163641317436495,0.09432247566488823,0.7594840219088076,0.07163641317436495,0.09432247566488823,0.7594840219088076,0.07163641317436495,0.04988130332708498,0.7201593005966723,0.035922484516883985,0.04988130332708498,0.7201593005966723,0.035922484516883985,0.04988130332708498,0.7201593005966723,0.035922484516883985,0.02770840362182562,0.6762998608327139,0.01873918951333733,0.02770840362182562,0.6762998608327139,0.01873918951333733,0.02770840362182562,0.6762998608327139,0.01873918951333733
13316.656656656656,0.121868426420841,0.7873242572888514,0.09594996831874968,0.121868426420841,0.7873242572888514,0.09594996831874968,0.121868426420841,0.7873242572888514,0.09594996831874968,0.121868426420841,0.7873242572888514,0.09594996831874968,0.121868426420841,0.7873242572888514,0.09594996831874968,0.121868426420841,0.7873242572888514,0.09594996831874968,0.09435081981081524,0.7593714081560121,0.07164731490041293,0.09435081981081524,0.7593714081560121,0.07164731490041293,0.09435081981081524,0.7593714081560121,0.07164731490041293,0.04970104924667027,0.7200663653133635,0.03578805388331035,0.04970104924667027,0.7200663653133635,0.03578805388331035,0.04970104924667027,0.7200663653133635,0.03578805388331035,0.02789449865334486,0.6762390057969585,0.018863348036542528,0.02789449865334486,0.6762390057969585,0.018863348036542528,0.02789449865334486,0.6762390057969585,0.018863348036542528
13336.666666666668,0.12188278199816002,0.7872061997903091,0.09594688163664225,0.12188278199816002,0.7872061997903091,0.09594688163664225,0.12188278199816002,0.7872061997903091,0.09594688163664225,0.12188278199816002,0.7872061997903091,0.09594688163664225,0.12188278199816002,0.7872061997903091,0.09594688163664225,0.12188278199816002,0.7872061997903091,0.09594688163664225,0.09441149400663361,0.7592590259187685,0.07168277897501228,0.09441149400663361,0.7592590259187685,0.07168277897501228,0.09441149400663361,0.7592590259187685,0.07168277897501228,0.04956582550735138,0.7199736742364735,0.03568608950709169,0.04956582550735138,0.7199736742364735,0.03568608950709169,0.04956582550735138,0.7199736742364735,0.03568608950709169,0.02807643818978472,0.6761782889648996,0.018984677935397397,0.02807643818978472,0.6761782889648996,0.018984677935397397,0.02807643818978472,0.6761782889648996,0.018984677935397397
13356.676676676678,0.12182266451817944,0.7870877303568923,0.09588512452164297,0.12182266451817944,0.7870877303568923,0.09588512452164297,0.12182266451817944,0.7870877303568923,0.09588512452164297,0.12182266451817944,0.7870877303568923,0.09588512452164297,0.12182266451817944,0.7870877303568923,0.09588512452164297,0.12182266451817944,0.7870877303568923,0.09588512452164297,0.09447846002881831,0.7591469437241861,0.0717230341786451,0.09447846002881831,0.7591469437241861,0.0717230341786451,0.09447846002881831,0.7591469437241861,0.0717230341786451,0.0494707085325816,0.7198812054392566,0.03561303329236896,0.0494707085325816,0.7198812054392566,0.03561303329236896,0.0494707085325816,0.7198812054392566,0.03561303329236896,0.028248517227797795,0.6761177048969634,0.019099322634800978,0.028248517227797795,0.6761177048969634,0.019099322634800978,0.028248517227797795,0.6761177048969634,0.019099322634800978
13376.686686686688,0.12168712073235045,0.7869691233944209,0.0957640067311289,0.12168712073235045,0.7869691233944209,0.0957640067311289,0.12168712073235045,0.7869691233944209,0.0957640067311289,0.12168712073235045,0.7869691233944209,0.0957640067311289,0.12168712073235045,0.7869691233944209,0.0957640067311289,0.12168712073235045,0.7869691233944209,0.0957640067311289,0.09452552734626173,0.7590353097465125,0.0717482129282222,0.09452552734626173,0.7590353097465125,0.0717482129282222,0.09452552734626173,0.7590353097465125,0.0717482129282222,0.04940229415347176,0.7197889550775578,0.035559225687161584,0.04940229415347176,0.7197889550775578,0.035559225687161584,0.04940229415347176,0.7197889550775578,0.035559225687161584,0.028409677535645775,0.6760572499113567,0.019206568465617132,0.028409677535645775,0.6760572499113567,0.019206568465617132,0.028409677535645775,0.6760572499113567,0.019206568465617132
13396.696696696697,0.12148480140996841,0.7868508953006701,0.09559042475485775,0.12148480140996841,0.7868508953006701,0.09559042475485775,0.12148480140996841,0.7868508953006701,0.09559042475485775,0.12148480140996841,0.7868508953006701,0.09559042475485775,0.12148480140996841,0.7868508953006701,0.09559042475485775,0.12148480140996841,0.7868508953006701,0.09559042475485775,0.09453121542617776,0.7589242212159628,0.07174202904791037,0.09453121542617776,0.7589242212159628,0.07174202904791037,0.09453121542617776,0.7589242212159628,0.07174202904791037,0.049342370942451544,0.7196969094790979,0.03551155187365362,0.049342370942451544,0.7196969094790979,0.03551155187365362,0.049342370942451544,0.7196969094790979,0.03551155187365362,0.02856402420934677,0.6759969224836547,0.019309192459267027,0.02856402420934677,0.6759969224836547,0.019309192459267027,0.02856402420934677,0.6759969224836547,0.019309192459267027
13416.706706706707,0.12123084622829587,0.786733451092618,0.0953763620320657,0.12123084622829587,0.786733451092618,0.0953763620320657,0.12123084622829587,0.786733451092618,0.0953763620320657,0.12123084622829587,0.786733451092618,0.0953763620320657,0.12123084622829587,0.786733451092618,0.0953763620320657,0.12123084622829587,0.786733451092618,0.0953763620320657,0.09448166506280119,0.758813648675671,0.07169397699925684,0.09448166506280119,0.758813648675671,0.07169397699925684,0.09448166506280119,0.758813648675671,0.07169397699925684,0.04927187153893381,0.7196050322206388,0.03545628670634564,0.04927187153893381,0.7196050322206388,0.03545628670634564,0.04927187153893381,0.7196050322206388,0.03545628670634564,0.028718770998920964,0.6759367235608644,0.01941207197370541,0.028718770998920964,0.6759367235608644,0.01941207197370541,0.028718770998920964,0.6759367235608644,0.01941207197370541
13436.716716716717,0.12094165487671654,0.7866169567991208,0.09513475650937231,0.12094165487671654,0.7866169567991208,0.09513475650937231,0.12094165487671654,0.7866169567991208,0.09513475650937231,0.12094165487671654,0.7866169567991208,0.09513475650937231,0.12094165487671654,0.7866169567991208,0.09513475650937231,0.12094165487671654,0.7866169567991208,0.09513475650937231,0.09437070394912946,0.7587034768414649,0.07159938119818107,0.09437070394912946,0.7587034768414649,0.07159938119818107,0.09437070394912946,0.7587034768414649,0.07159938119818107,0.04917419783921938,0.7195132773925765,0.035381488250447686,0.04917419783921938,0.7195132773925765,0.035381488250447686,0.04917419783921938,0.7195132773925765,0.035381488250447686,0.028880669742299553,0.6758766561517926,0.019519770492849677,0.028880669742299553,0.6758766561517926,0.019519770492849677,0.028880669742299553,0.6758766561517926,0.019519770492849677
13456.726726726729,0.12063279175053002,0.7865013652488637,0.09487785540557372,0.12063279175053002,0.7865013652488637,0.09487785540557372,0.12063279175053002,0.7865013652488637,0.09487785540557372,0.12063279175053002,0.7865013652488637,0.09487785540557372,0.12063279175053002,0.7865013652488637,0.09487785540557372,0.12063279175053002,0.7865013652488637,0.09487785540557372,0.09419933741948601,0.7585936062607274,0.07145901508041898,0.09419933741948601,0.7585936062607274,0.07145901508041898,0.09419933741948601,0.7585936062607274,0.07145901508041898,0.04903807329179974,0.7194216178243087,0.03527905002257359,0.04903807329179974,0.7194216178243087,0.03527905002257359,0.04903807329179974,0.7194216178243087,0.03527905002257359,0.029052811451814934,0.6758167244336122,0.019634375870952906,0.029052811451814934,0.6758167244336122,0.019634375870952906,0.029052811451814934,0.6758167244336122,0.019634375870952906
13476.736736736739,0.12032080697923282,0.7863864610192398,0.09461865358737795,0.12032080697923282,0.7863864610192398,0.09461865358737795,0.12032080697923282,0.7863864610192398,0.09461865358737795,0.12032080697923282,0.7863864610192398,0.09461865358737795,0.12032080697923282,0.7863864610192398,0.09461865358737795,0.12032080697923282,0.7863864610192398,0.09461865358737795,0.09397553572875092,0.7584840190662058,0.07127894203344282,0.09397553572875092,0.7584840190662058,0.07127894203344282,0.09397553572875092,0.7584840190662058,0.07127894203344282,0.04885984962896235,0.7193300486520718,0.0351463580107344,0.04885984962896235,0.7193300486520718,0.0351463580107344,0.04885984962896235,0.7193300486520718,0.0351463580107344,0.02923326331306995,0.6757569332187547,0.019754580364416484,0.02923326331306995,0.6757569332187547,0.019754580364416484,0.02923326331306995,0.6757569332187547,0.019754580364416484
13496.746746746749,0.12002407225060623,0.7862719262809976,0.09437155848857379,0.12002407225060623,0.7862719262809976,0.09437155848857379,0.12002407225060623,0.7862719262809976,0.09437155848857379,0.12002407225060623,0.7862719262809976,0.09437155848857379,0.12002407225060623,0.7862719262809976,0.09437155848857379,0.12002407225060623,0.7862719262809976,0.09437155848857379,0.0937127897826313,0.7583747833486931,0.07106941664840463,0.0937127897826313,0.7583747833486931,0.07106941664840463,0.0937127897826313,0.7583747833486931,0.07106941664840463,0.04864496031282418,0.7192385710164908,0.03498733174254957,0.04864496031282418,0.7192385710164908,0.03498733174254957,0.04864496031282418,0.7192385710164908,0.03498733174254957,0.02941610925376583,0.6756972875767755,0.01987638523383166,0.02941610925376583,0.6756972875767755,0.01987638523383166,0.02941610925376583,0.6756972875767755,0.01987638523383166
13516.756756756758,0.11975989781270195,0.7861574786287095,0.09415013930526567,0.11975989781270195,0.7861574786287095,0.09415013930526567,0.11975989781270195,0.7861574786287095,0.09415013930526567,0.11975989781270195,0.7861574786287095,0.09415013930526567,0.11975989781270195,0.7861574786287095,0.09415013930526567,0.11975989781270195,0.7861574786287095,0.09415013930526567,0.09342762837476284,0.7582659968511863,0.07084299376303173,0.09342762837476284,0.7582659968511863,0.07084299376303173,0.09342762837476284,0.7582659968511863,0.07084299376303173,0.0484075895433623,0.7191471768590397,0.03481218135866017,0.0484075895433623,0.7191471768590397,0.03481218135866017,0.0484075895433623,0.7191471768590397,0.03481218135866017,0.029594245007454625,0.6756377920590977,0.019994990354492616,0.029594245007454625,0.6756377920590977,0.019994990354492616,0.029594245007454625,0.6756377920590977,0.019994990354492616
13536.766766766768,0.11954178760718152,0.7860430610011481,0.09396499264829808,0.11954178760718152,0.7860430610011481,0.09396499264829808,0.11954178760718152,0.7860430610011481,0.09396499264829808,0.11954178760718152,0.7860430610011481,0.09396499264829808,0.11954178760718152,0.7860430610011481,0.09396499264829808,0.11954178760718152,0.7860430610011481,0.09396499264829808,0.09313856150198396,0.7581576826244044,0.07061371595131473,0.09313856150198396,0.7581576826244044,0.07061371595131473,0.09313856150198396,0.7581576826244044,0.07061371595131473,0.04816774402799352,0.719055858700645,0.03463529854372175,0.04816774402799352,0.719055858700645,0.03463529854372175,0.04816774402799352,0.719055858700645,0.03463529854372175,0.02976277022171643,0.6755784496676699,0.020107086164202276,0.02976277022171643,0.6755784496676699,0.020107086164202276,0.02976277022171643,0.6755784496676699,0.020107086164202276
13556.776776776778,0.11938028527908191,0.7859289047562722,0.09382441685888017,0.11938028527908191,0.7859289047562722,0.09382441685888017,0.11938028527908191,0.7859289047562722,0.09382441685888017,0.11938028527908191,0.7859289047562722,0.09382441685888017,0.11938028527908191,0.7859289047562722,0.09382441685888017,0.11938028527908191,0.7859289047562722,0.09382441685888017,0.09286615370471059,0.7580497165598022,0.07039716149385489,0.09286615370471059,0.7580497165598022,0.07039716149385489,0.09286615370471059,0.7580497165598022,0.07039716149385489,0.047946212447171496,0.7189646282106424,0.03447163080618913,0.047946212447171496,0.7189646282106424,0.03447163080618913,0.047946212447171496,0.7189646282106424,0.03447163080618913,0.029921340341743367,0.6755192611967291,0.020212441721670367,0.029921340341743367,0.6755192611967291,0.020212441721670367,0.029921340341743367,0.6755192611967291,0.020212441721670367
13576.786786786788,0.11928456415101005,0.7858153057216661,0.09373563624620165,0.11928456415101005,0.7858153057216661,0.09373563624620165,0.11928456415101005,0.7858153057216661,0.09373563624620165,0.11928456415101005,0.7858153057216661,0.09373563624620165,0.11928456415101005,0.7858153057216661,0.09373563624620165,0.11928456415101005,0.7858153057216661,0.09373563624620165,0.09263119595625728,0.757941879356214,0.07020906275009937,0.09263119595625728,0.757941879356214,0.07020906275009937,0.09263119595625728,0.757941879356214,0.07020906275009937,0.04775918799476301,0.7188735209261061,0.0343328156303671,0.04775918799476301,0.7188735209261061,0.0343328156303671,0.04775918799476301,0.7188735209261061,0.0343328156303671,0.03007432813539419,0.6754602253404935,0.020314012459297304,0.03007432813539419,0.6754602253404935,0.020314012459297304,0.03007432813539419,0.6754602253404935,0.020314012459297304
13596.796796796798,0.11926028601967159,0.785702351420452,0.09370308715673162,0.11926028601967159,0.785702351420452,0.09370308715673162,0.11926028601967159,0.785702351420452,0.09370308715673162,0.11926028601967159,0.785702351420452,0.09370308715673162,0.11926028601967159,0.785702351420452,0.09370308715673162,0.11926028601967159,0.785702351420452,0.09370308715673162,0.0924508208046519,0.7578339879712787,0.07006237422160741,0.0924508208046519,0.7578339879712787,0.07006237422160741,0.0924508208046519,0.7578339879712787,0.07006237422160741,0.04761432924192616,0.7187825763787317,0.034224350245056864,0.04761432924192616,0.7187825763787317,0.034224350245056864,0.04761432924192616,0.7187825763787317,0.034224350245056864,0.03022862479645005,0.6754013392829278,0.020416453672203485,0.03022862479645005,0.6754013392829278,0.020416453672203485,0.03022862479645005,0.6754013392829278,0.020416453672203485
13616.806806806808,0.11930482332368464,0.7855899039644436,0.09372466469734833,0.11930482332368464,0.7855899039644436,0.09372466469734833,0.11930482332368464,0.7855899039644436,0.09372466469734833,0.11930482332368464,0.7855899039644436,0.09372466469734833,0.11930482332368464,0.7855899039644436,0.09372466469734833,0.11930482332368464,0.7855899039644436,0.09372466469734833,0.0923350104022335,0.7577259990861185,0.06996463800765952,0.0923350104022335,0.7577259990861185,0.06996463800765952,0.0923350104022335,0.7577259990861185,0.06996463800765952,0.04750944427166749,0.7186918136453189,0.03414464866888591,0.04750944427166749,0.7186918136453189,0.03414464866888591,0.04750944427166749,0.7186918136453189,0.03414464866888591,0.030390244330721527,0.675342598751675,0.020523826583007835,0.030390244330721527,0.675342598751675,0.020523826583007835,0.030390244330721527,0.675342598751675,0.020523826583007835
13636.81681681682,0.11940530352855232,0.7854777246779063,0.09379020613008206,0.11940530352855232,0.7854777246779063,0.09379020613008206,0.11940530352855232,0.7854777246779063,0.09379020613008206,0.11940530352855232,0.7854777246779063,0.09379020613008206,0.11940530352855232,0.7854777246779063,0.09379020613008206,0.11940530352855232,0.7854777246779063,0.09379020613008206,0.09228451639844233,0.7576180092254445,0.06991641159612078,0.09228451639844233,0.7576180092254445,0.06991641159612078,0.09228451639844233,0.7576180092254445,0.06991641159612078,0.04743381501009428,0.7186012359375841,0.034085998091488476,0.04743381501009428,0.7186012359375841,0.034085998091488476,0.04743381501009428,0.7186012359375841,0.034085998091488476,0.030561496969267115,0.6752839980389698,0.020637689859462554,0.030561496969267115,0.6752839980389698,0.020637689859462554,0.030561496969267115,0.6752839980389698,0.020637689859462554
13656.82682682683,0.119541203677658,0.7853655931507884,0.09388354833226308,0.119541203677658,0.7853655931507884,0.09388354833226308,0.119541203677658,0.7853655931507884,0.09388354833226308,0.119541203677658,0.7853655931507884,0.09388354833226308,0.119541203677658,0.7853655931507884,0.09388354833226308,0.119541203677658,0.7853655931507884,0.09388354833226308,0.09228995724151372,0.7575101731131838,0.06991058148662739,0.09228995724151372,0.7575101731131838,0.06991058148662739,0.09228995724151372,0.7575101731131838,0.06991058148662739,0.047371235158782866,0.7185108531869171,0.034036746590455164,0.047371235158782866,0.7185108531869171,0.034036746590455164,0.047371235158782866,0.7185108531869171,0.034036746590455164,0.030739984304485077,0.6752255311563242,0.020756422229733007,0.030739984304485077,0.6752255311563242,0.020756422229733007,0.030739984304485077,0.6752255311563242,0.020756422229733007
13676.83683683684,0.1196880332295739,0.7852533691726331,0.09398543134316897,0.1196880332295739,0.7852533691726331,0.09398543134316897,0.1196880332295739,0.7852533691726331,0.09398543134316897,0.1196880332295739,0.7852533691726331,0.09398543134316897,0.1196880332295739,0.7852533691726331,0.09398543134316897,0.1196880332295739,0.7852533691726331,0.09398543134316897,0.09233279314103168,0.7574025848803833,0.06993309619424312,0.09233279314103168,0.7574025848803833,0.06993309619424312,0.09233279314103168,0.7574025848803833,0.06993309619424312,0.047303567837615065,0.7184207007375677,0.03398386235328649,0.047303567837615065,0.7184207007375677,0.03398386235328649,0.047303567837615065,0.7184207007375677,0.03398386235328649,0.03091982219338054,0.6751671928435121,0.020876049553525265,0.03091982219338054,0.6751671928435121,0.020876049553525265,0.03091982219338054,0.6751671928435121,0.020876049553525265
13696.846846846849,0.11981996954751534,0.785141031058329,0.09407557443191378,0.11981996954751534,0.785141031058329,0.09407557443191378,0.11981996954751534,0.785141031058329,0.09407557443191378,0.11981996954751534,0.785141031058329,0.09407557443191378,0.11981996954751534,0.785141031058329,0.09407557443191378,0.11981996954751534,0.785141031058329,0.09407557443191378,0.09238906712301143,0.7572951917424574,0.06996579630182771,0.09238906712301143,0.7572951917424574,0.06996579630182771,0.09238906712301143,0.7572951917424574,0.06996579630182771,0.04721403372358744,0.7183308271081672,0.033915295895777464,0.04721403372358744,0.7183308271081672,0.033915295895777464,0.04721403372358744,0.7183308271081672,0.033915295895777464,0.03109440813256347,0.6751089789214754,0.020992114124542546,0.03109440813256347,0.6751089789214754,0.020992114124542546,0.03109440813256347,0.6751089789214754,0.020992114124542546
13716.856856856859,0.11991245151497877,0.785028719402235,0.09413471825318637,0.11991245151497877,0.785028719402235,0.09413471825318637,0.11991245151497877,0.785028719402235,0.09413471825318637,0.11991245151497877,0.785028719402235,0.09413471825318637,0.11991245151497877,0.785028719402235,0.09413471825318637,0.11991245151497877,0.785028719402235,0.09413471825318637,0.09243438197424723,0.7571878064313076,0.06999018692591386,0.09243438197424723,0.7571878064313076,0.06999018692591386,0.09243438197424723,0.7571878064313076,0.06999018692591386,0.047090107354643834,0.7182412647711806,0.03382205826461006,0.047090107354643834,0.7182412647711806,0.03382205826461006,0.047090107354643834,0.7182412647711806,0.03382205826461006,0.03125958872618195,0.6750508868694156,0.021101813092782314,0.03125958872618195,0.6750508868694156,0.021101813092782314,0.03125958872618195,0.6750508868694156,0.021101813092782314
13736.866866866869,0.11994621348308442,0.7849166851642255,0.09414778428514316,0.11994621348308442,0.7849166851642255,0.09414778428514316,0.11994621348308442,0.7849166851642255,0.09414778428514316,0.11994621348308442,0.7849166851642255,0.09414778428514316,0.11994621348308442,0.7849166851642255,0.09414778428514316,0.11994621348308442,0.7849166851642255,0.09414778428514316,0.0924475438272588,0.7570802295486999,0.06999020770195459,0.0924475438272588,0.7570802295486999,0.06999020770195459,0.0924475438272588,0.7570802295486999,0.06999020770195459,0.04692604022111088,0.7181520118959089,0.03370003019509912,0.04692604022111088,0.7181520118959089,0.03370003019509912,0.04692604022111088,0.7181520118959089,0.03370003019509912,0.03141565540266053,0.6749929160099649,0.02120534484860604,0.03141565540266053,0.6749929160099649,0.02120534484860604,0.03141565540266053,0.6749929160099649,0.02120534484860604
13756.876876876879,0.11991121196494255,0.7848050653677046,0.09410692654446741,0.11991121196494255,0.7848050653677046,0.09410692654446741,0.11991121196494255,0.7848050653677046,0.09410692654446741,0.11991121196494255,0.7848050653677046,0.09410692654446741,0.11991121196494255,0.7848050653677046,0.09410692654446741,0.11991121196494255,0.7848050653677046,0.09410692654446741,0.09241272229303228,0.756972388554649,0.0699538791269941,0.09241272229303228,0.756972388554649,0.0699538791269941,0.09241272229303228,0.756972388554649,0.0699538791269941,0.046724721592269175,0.7180630456251118,0.033551295892530225,0.046724721592269175,0.7180630456251118,0.033551295892530225,0.046724721592269175,0.7180630456251118,0.033551295892530225,0.03156718637712217,0.6749350673235558,0.021305801062658187,0.03156718637712217,0.6749350673235558,0.021305801062658187,0.03156718637712217,0.6749350673235558,0.021305801062658187
13776.886886886889,0.119806660292362,0.7846937181053485,0.09401153371859795,0.119806660292362,0.7846937181053485,0.09401153371859795,0.119806660292362,0.7846937181053485,0.09401153371859795,0.119806660292362,0.7846937181053485,0.09401153371859795,0.119806660292362,0.7846937181053485,0.09401153371859795,0.119806660292362,0.7846937181053485,0.09401153371859795,0.0923212282045687,0.7568643793481551,0.06987464908571028,0.0923212282045687,0.7568643793481551,0.06987464908571028,0.0923212282045687,0.7568643793481551,0.06987464908571028,0.04649778591595998,0.7179743496272163,0.033384217602116906,0.04649778591595998,0.7179743496272163,0.033384217602116906,0.04649778591595998,0.7179743496272163,0.033384217602116906,0.0317207491884752,0.6748773434770369,0.021407614945419515,0.0317207491884752,0.6748773434770369,0.021407614945419515,0.0317207491884752,0.6748773434770369,0.021407614945419515
13796.896896896897,0.11963765740828237,0.7845823034291417,0.0938655888262567,0.11963765740828237,0.7845823034291417,0.0938655888262567,0.11963765740828237,0.7845823034291417,0.0938655888262567,0.11963765740828237,0.7845823034291417,0.0938655888262567,0.11963765740828237,0.7845823034291417,0.0938655888262567,0.11963765740828237,0.7845823034291417,0.0938655888262567,0.09217218665479067,0.7567563888629978,0.06975189112648558,0.09217218665479067,0.7567563888629978,0.06975189112648558,0.09217218665479067,0.7567563888629978,0.06975189112648558,0.046263266413113756,0.7178859240890428,0.03321174776035574,0.046263266413113756,0.7178859240890428,0.03321174776035574,0.046263266413113756,0.7178859240890428,0.03321174776035574,0.03188169666621451,0.6748197484995674,0.02151439852603437,0.03188169666621451,0.6748197484995674,0.02151439852603437,0.03188169666621451,0.6748197484995674,0.02151439852603437
13816.906906906906,0.11941282040603464,0.7844704871511721,0.09367583339601741,0.11941282040603464,0.7844704871511721,0.09367583339601741,0.11941282040603464,0.7844704871511721,0.09367583339601741,0.11941282040603464,0.7844704871511721,0.09367583339601741,0.11941282040603464,0.7844704871511721,0.09367583339601741,0.11941282040603464,0.7844704871511721,0.09367583339601741,0.09197115527340961,0.7566485854138592,0.06958984453650377,0.09197115527340961,0.7566485854138592,0.06958984453650377,0.09197115527340961,0.7566485854138592,0.06958984453650377,0.04604114994090233,0.7177977744201667,0.03304823495932488,0.04604114994090233,0.7177977744201667,0.03304823495932488,0.04604114994090233,0.7177977744201667,0.03304823495932488,0.032051683389558216,0.6747622868947529,0.021627267182764868,0.032051683389558216,0.6747622868947529,0.021627267182764868,0.032051683389558216,0.6747622868947529,0.021627267182764868
13836.916916916916,0.11914474425496759,0.7843581130785825,0.09345214678705666,0.11914474425496759,0.7843581130785825,0.09345214678705666,0.11914474425496759,0.7843581130785825,0.09345214678705666,0.11914474425496759,0.7843581130785825,0.09345214678705666,0.11914474425496759,0.7843581130785825,0.09345214678705666,0.11914474425496759,0.7843581130785825,0.09345214678705666,0.0917281936595323,0.7565410301736881,0.06939614212715414,0.0917281936595323,0.7565410301736881,0.06939614212715414,0.0917281936595323,0.7565410301736881,0.06939614212715414,0.045848202883615255,0.717709888609084,0.03290570858452619,0.045848202883615255,0.717709888609084,0.03290570858452619,0.045848202883615255,0.717709888609084,0.03290570858452619,0.032227968403719526,0.6747049627603688,0.021744370221673925,0.032227968403719526,0.6747049627603688,0.021744370221673925,0.032227968403719526,0.6747049627603688,0.021744370221673925
13856.926926926926,0.118850259378403,0.7842452471216628,0.09320775103668938,0.118850259378403,0.7842452471216628,0.09320775103668938,0.118850259378403,0.7842452471216628,0.09320775103668938,0.118850259378403,0.7842452471216628,0.09320775103668938,0.118850259378403,0.7842452471216628,0.09320775103668938,0.118850259378403,0.7842452471216628,0.09320775103668938,0.09145735621642824,0.7564336592499085,0.06918142262811518,0.09145735621642824,0.7564336592499085,0.06918142262811518,0.09145735621642824,0.7564336592499085,0.06918142262811518,0.04569386811278364,0.7176222342567911,0.03279093572693094,0.04569386811278364,0.7176222342567911,0.03279093572693094,0.04569386811278364,0.7176222342567911,0.03279093572693094,0.03240478090419338,0.6746477792940516,0.021861813475524353,0.03240478090419338,0.6746477792940516,0.021861813475524353,0.03240478090419338,0.6746477792940516,0.021861813475524353
13876.936936936936,0.1185477328229124,0.7841321183201789,0.0929570848604849,0.1185477328229124,0.7841321183201789,0.0929570848604849,0.1185477328229124,0.7841321183201789,0.0929570848604849,0.1185477328229124,0.7841321183201789,0.0929570848604849,0.1185477328229124,0.7841321183201789,0.0929570848604849,0.1185477328229124,0.7841321183201789,0.0929570848604849,0.09117641295172547,0.7563263547970843,0.0689591240512522,0.09117641295172547,0.7563263547970843,0.0689591240512522,0.09117641295172547,0.7563263547970843,0.0689591240512522,0.04557852265025782,0.7175347722645583,0.03270417487000776,0.04557852265025782,0.7175347722645583,0.03270417487000776,0.04557852265025782,0.7175347722645583,0.03270417487000776,0.032576037988215144,0.6745907385092867,0.021975493524176635,0.032576037988215144,0.6745907385092867,0.021975493524176635,0.032576037988215144,0.6745907385092867,0.021975493524176635
13896.94694694695,0.11825351588260437,0.7840190572488703,0.0927130100386438,0.11825351588260437,0.7840190572488703,0.0927130100386438,0.11825351588260437,0.7840190572488703,0.0927130100386438,0.11825351588260437,0.7840190572488703,0.0927130100386438,0.11825351588260437,0.7840190572488703,0.0927130100386438,0.11825351588260437,0.7840190572488703,0.0927130100386438,0.09090523372911621,0.7562190643461428,0.0687442707947997,0.09090523372911621,0.7562190643461428,0.0687442707947997,0.09090523372911621,0.7562190643461428,0.0687442707947997,0.04549411216185325,0.7174474738626364,0.03263963584614506,0.04549411216185325,0.7174474738626364,0.03263963584614506,0.04549411216185325,0.7174474738626364,0.03263963584614506,0.03273827777877504,0.6745338409388574,0.022083076255840373,0.03273827777877504,0.6745338409388574,0.022083076255840373,0.03273827777877504,0.6745338409388574,0.022083076255840373
13916.956956956958,0.11798159562053724,0.7839063807026061,0.09248652561241379,0.11798159562053724,0.7839063807026061,0.09248652561241379,0.11798159562053724,0.7839063807026061,0.09248652561241379,0.11798159562053724,0.7839063807026061,0.09248652561241379,0.11798159562053724,0.7839063807026061,0.09248652561241379,0.11798159562053724,0.7839063807026061,0.09248652561241379,0.09066366129855061,0.7561118638972382,0.068551869932195,0.09066366129855061,0.7561118638972382,0.068551869932195,0.09066366129855061,0.7561118638972382,0.068551869932195,0.04542658402952875,0.717360319793417,0.032587228846545274,0.04542658402952875,0.717360319793417,0.032587228846545274,0.04542658402952875,0.717360319793417,0.032587228846545274,0.03289231335802189,0.6744770852503119,0.022185111640858502,0.03289231335802189,0.6744770852503119,0.022185111640858502,0.03289231335802189,0.6744770852503119,0.022185111640858502
13936.966966966967,0.11774606016103384,0.7837941887737571,0.09228867770522352,0.11774606016103384,0.7837941887737571,0.09228867770522352,0.11774606016103384,0.7837941887737571,0.09228867770522352,0.11774606016103384,0.7837941887737571,0.09228867770522352,0.11774606016103384,0.7837941887737571,0.09228867770522352,0.11774606016103384,0.7837941887737571,0.09228867770522352,0.09046932645859787,0.7560049132516834,0.06839525530127051,0.09046932645859787,0.7560049132516834,0.06839525530127051,0.09046932645859787,0.7560049132516834,0.06839525530127051,0.04535907371559172,0.7172732899348441,0.03253485203237958,0.04535907371559172,0.7172732899348441,0.03253485203237958,0.04535907371559172,0.7172732899348441,0.03253485203237958,0.03304280056838838,0.6744204682299634,0.022284741030961792,0.03304280056838838,0.6744204682299634,0.022284741030961792,0.03304280056838838,0.6744204682299634,0.022284741030961792
13956.976976976977,0.11756156494037275,0.7836822785747463,0.09213091508528432,0.11756156494037275,0.7836822785747463,0.09213091508528432,0.11756156494037275,0.7836822785747463,0.09213091508528432,0.11756156494037275,0.7836822785747463,0.09213091508528432,0.11756156494037275,0.7836822785747463,0.09213091508528432,0.11756156494037275,0.7836822785747463,0.09213091508528432,0.09033459317146691,0.7558983514696628,0.0682837700589945,0.09033459317146691,0.7558983514696628,0.0682837700589945,0.09033459317146691,0.7558983514696628,0.0682837700589945,0.04527502715107102,0.7171863608198286,0.032470631958495554,0.04527502715107102,0.7171863608198286,0.032470631958495554,0.04527502715107102,0.7171863608198286,0.032470631958495554,0.033195896625396175,0.6743639855841017,0.022386117153339997,0.033195896625396175,0.6743639855841017,0.022386117153339997,0.033195896625396175,0.6743639855841017,0.022386117153339997
13976.986986986987,0.11743990707254448,0.7835702745780793,0.09202242023125778,0.11743990707254448,0.7835702745780793,0.09202242023125778,0.11743990707254448,0.7835702745780793,0.09202242023125778,0.11743990707254448,0.7835702745780793,0.09202242023125778,0.11743990707254448,0.7835702745780793,0.09202242023125778,0.11743990707254448,0.7835702745780793,0.09202242023125778,0.09026305013069132,0.7557922257706395,0.06822011156312201,0.09026305013069132,0.7557922257706395,0.06822011156312201,0.09026305013069132,0.7557922257706395,0.06822011156312201,0.04516104446196755,0.717099514437739,0.03238496305517807,0.04516104446196755,0.717099514437739,0.03238496305517807,0.04516104446196755,0.717099514437739,0.03238496305517807,0.033356273442751834,0.6743076325644763,0.022492389776355304,0.033356273442751834,0.6743076325644763,0.022492389776355304,0.033356273442751834,0.6743076325644763,0.022492389776355304
13996.996996996997,0.11738661006153024,0.7834578739270833,0.09196746394631405,0.11738661006153024,0.7834578739270833,0.09196746394631405,0.11738661006153024,0.7834578739270833,0.09196746394631405,0.11738661006153024,0.7834578739270833,0.09196746394631405,0.11738661006153024,0.7834578739270833,0.09196746394631405,0.11738661006153024,0.7834578739270833,0.09196746394631405,0.09024797432189825,0.7556864863766757,0.06819917461792774,0.09024797432189825,0.7556864863766757,0.06819917461792774,0.09024797432189825,0.7556864863766757,0.06819917461792774,0.04500965310982565,0.7170127511160953,0.03227249520305721,0.04500965310982565,0.7170127511160953,0.03227249520305721,0.04500965310982565,0.7170127511160953,0.03227249520305721,0.033524963751544165,0.6742514042403308,0.02260425388658484,0.033524963751544165,0.6742514042403308,0.02260425388658484,0.033524963751544165,0.6742514042403308,0.02260425388658484
14017.007007007007,0.11740003823903432,0.7833450332241546,0.09196473685487336,0.11740003823903432,0.7833450332241546,0.09196473685487336,0.11740003823903432,0.7833450332241546,0.09196473685487336,0.11740003823903432,0.7833450332241546,0.09196473685487336,0.11740003823903432,0.7833450332241546,0.09196473685487336,0.11740003823903432,0.7833450332241546,0.09196473685487336,0.09027394946728858,0.7555810440626458,0.06820928499015243,0.09027394946728858,0.7555810440626458,0.06820928499015243,0.09027394946728858,0.7555810440626458,0.06820928499015243,0.04482139938053129,0.7169260825901751,0.032133630274094,0.04482139938053129,0.7169260825901751,0.032133630274094,0.04482139938053129,0.7169260825901751,0.032133630274094,0.03369894182764165,0.6741952962300907,0.022719668068127457,0.03369894182764165,0.6741952962300907,0.022719668068127457,0.03369894182764165,0.6741952962300907,0.022719668068127457
14037.017017017017,0.11747138647529162,0.7832319668521317,0.09200734507788956,0.11747138647529162,0.7832319668521317,0.09200734507788956,0.11747138647529162,0.7832319668521317,0.09200734507788956,0.11747138647529162,0.7832319668521317,0.09200734507788956,0.11747138647529162,0.7832319668521317,0.09200734507788956,0.11747138647529162,0.7832319668521317,0.09200734507788956,0.09032009104330202,0.7554758538015262,0.06823464789637017,0.09032009104330202,0.7554758538015262,0.06823464789637017,0.09032009104330202,0.7554758538015262,0.06823464789637017,0.04460541378393139,0.716839516620869,0.031974923255547225,0.04460541378393139,0.716839516620869,0.031974923255547225,0.04460541378393139,0.716839516620869,0.031974923255547225,0.03387260728096398,0.6741393052188908,0.0228348559383414,0.03387260728096398,0.6741393052188908,0.0228348559383414,0.03387260728096398,0.6741393052188908,0.0228348559383414
14057.027027027027,0.11758450859237313,0.7831190074120177,0.0920826636558891,0.11758450859237313,0.7831190074120177,0.0920826636558891,0.11758450859237313,0.7831190074120177,0.0920826636558891,0.11758450859237313,0.7831190074120177,0.0920826636558891,0.11758450859237313,0.7831190074120177,0.0920826636558891,0.11758450859237313,0.7831190074120177,0.0920826636558891,0.09036341445654335,0.7553709742454805,0.06825790041418729,0.09036341445654335,0.7553709742454805,0.06825790041418729,0.09036341445654335,0.7553709742454805,0.06825790041418729,0.04437767630910868,0.7167530479925505,0.03180783475738044,0.04437767630910868,0.7167530479925505,0.03180783475738044,0.04437767630910868,0.7167530479925505,0.03180783475738044,0.03404043386206328,0.674083429234722,0.022946092390377364,0.03404043386206328,0.674083429234722,0.022946092390377364,0.03404043386206328,0.674083429234722,0.022946092390377364
14077.037037037036,0.11771663345488309,0.7830064946854147,0.09217288852767583,0.11771663345488309,0.7830064946854147,0.09217288852767583,0.11771663345488309,0.7830064946854147,0.09217288852767583,0.11771663345488309,0.7830064946854147,0.09217288852767583,0.11771663345488309,0.7830064946854147,0.09217288852767583,0.11771663345488309,0.7830064946854147,0.09217288852767583,0.09038240677902665,0.7552665297654343,0.06826280671984332,0.09038240677902665,0.7552665297654343,0.06826280671984332,0.09038240677902665,0.7552665297654343,0.06826280671984332,0.04415707075710152,0.7166666734440464,0.03164590100852533,0.04415707075710152,0.7166666734440464,0.03164590100852533,0.04415707075710152,0.7166666734440464,0.03164590100852533,0.034199653990382516,0.6740276681297748,0.023051513029982675,0.034199653990382516,0.6740276681297748,0.023051513029982675,0.034199653990382516,0.6740276681297748,0.023051513029982675
14097.047047047046,0.11784184284405466,0.7828946747054537,0.09225775122008738,0.11784184284405466,0.7828946747054537,0.09225775122008738,0.11784184284405466,0.7828946747054537,0.09225775122008738,0.11784184284405466,0.7828946747054537,0.09225775122008738,0.11784184284405466,0.7828946747054537,0.09225775122008738,0.11784184284405466,0.7828946747054537,0.09225775122008738,0.09036047972581235,0.7551626060421326,0.06823685535296174,0.09036047972581235,0.7551626060421326,0.06823685535296174,0.09036047972581235,0.7551626060421326,0.06823685535296174,0.043960517967252775,0.7165804117352473,0.03150124606506873,0.043960517967252775,0.7165804117352473,0.03150124606506873,0.043960517967252775,0.7165804117352473,0.03150124606506873,0.03435157753254731,0.6739720234524478,0.023152002218394557,0.03435157753254731,0.6739720234524478,0.023152002218394557,0.03435157753254731,0.6739720234524478,0.023152002218394557
14117.057057057056,0.11793655127583684,0.7827835752603213,0.09231879526157176,0.11793655127583684,0.7827835752603213,0.09231879526157176,0.11793655127583684,0.7827835752603213,0.09231879526157176,0.11793655127583684,0.7827835752603213,0.09231879526157176,0.11793655127583684,0.7827835752603213,0.09231879526157176,0.11793655127583684,0.7827835752603213,0.09231879526157176,0.09028769962968254,0.755059177077575,0.06817255618261538,0.09028769962968254,0.755059177077575,0.06817255618261538,0.09028769962968254,0.755059177077575,0.06817255618261538,0.04379886281528619,0.7164943063738094,0.03138163583280011,0.04379886281528619,0.7164943063738094,0.03138163583280011,0.04379886281528619,0.7164943063738094,0.03138163583280011,0.03450091623427327,0.6739164978038332,0.023250736639624854,0.03450091623427327,0.6739164978038332,0.023250736639624854,0.03450091623427327,0.6739164978038332,0.023250736639624854
14137.067067067068,0.11798309171280678,0.7826729833760806,0.09234217837879621,0.11798309171280678,0.7826729833760806,0.09234217837879621,0.11798309171280678,0.7826729833760806,0.09234217837879621,0.11798309171280678,0.7826729833760806,0.09234217837879621,0.11798309171280678,0.7826729833760806,0.09234217837879621,0.11798309171280678,0.7826729833760806,0.09234217837879621,0.09016052650130554,0.7549561149260385,0.06806724080711177,0.09016052650130554,0.7549561149260385,0.06806724080711177,0.09016052650130554,0.7549561149260385,0.06806724080711177,0.04367466857399519,0.7164084041182083,0.03128889961348756,0.04367466857399519,0.7164084041182083,0.03128889961348756,0.04367466857399519,0.7164084041182083,0.03128889961348756,0.03465342969879106,0.673861094461643,0.023351598063676947,0.03465342969879106,0.673861094461643,0.023351598063676947,0.03465342969879106,0.673861094461643,0.023351598063676947
14157.077077077078,0.11796995584550403,0.7825625734536958,0.09231887223667651,0.11796995584550403,0.7825625734536958,0.09231887223667651,0.11796995584550403,0.7825625734536958,0.09231887223667651,0.11796995584550403,0.7825625734536958,0.09231887223667651,0.11796995584550403,0.7825625734536958,0.09231887223667651,0.11796995584550403,0.7825625734536958,0.09231887223667651,0.08998126070612823,0.7548532582729359,0.0679226478275274,0.08998126070612823,0.7548532582729359,0.0679226478275274,0.08998126070612823,0.7548532582729359,0.0679226478275274,0.043582321574466794,0.7163227281525006,0.03121900748944164,0.043582321574466794,0.7163227281525006,0.03121900748944164,0.043582321574466794,0.7163227281525006,0.03121900748944164,0.0348131579748573,0.6738058171315632,0.02345730835617892,0.0348131579748573,0.6738058171315632,0.02345730835617892,0.0348131579748573,0.6738058171315632,0.02345730835617892
14177.087087087088,0.11789130994416626,0.7824521365442889,0.09224430734581786,0.11789130994416626,0.7824521365442889,0.09224430734581786,0.11789130994416626,0.7824521365442889,0.09224430734581786,0.11789130994416626,0.7824521365442889,0.09224430734581786,0.11789130994416626,0.7824521365442889,0.09224430734581786,0.11789130994416626,0.7824521365442889,0.09224430734581786,0.08975784605948202,0.7547505053069109,0.06774477966865397,0.08975784605948202,0.7547505053069109,0.06774477966865397,0.08975784605948202,0.7547505053069109,0.06774477966865397,0.04350990584425681,0.7162372773375264,0.031163416499102627,0.04350990584425681,0.7162372773375264,0.031163416499102627,0.04350990584425681,0.7162372773375264,0.031163416499102627,0.034980570976376475,0.6737506693812431,0.02356818311067173,0.034980570976376475,0.6737506693812431,0.02356818311067173,0.034980570976376475,0.6737506693812431,0.02356818311067173
14197.097097097098,0.11774778950120313,0.7823417309827843,0.09211900945776777,0.11774778950120313,0.7823417309827843,0.09211900945776777,0.11774778950120313,0.7823417309827843,0.09211900945776777,0.11774778950120313,0.7823417309827843,0.09211900945776777,0.11774778950120313,0.7823417309827843,0.09211900945776777,0.11774778950120313,0.7823417309827843,0.09211900945776777,0.08950284824004244,0.7546478706229136,0.06754313383903382,0.08950284824004244,0.7546478706229136,0.06754313383903382,0.08950284824004244,0.7546478706229136,0.06754313383903382,0.04344193861763409,0.7161520466924689,0.031111033253307257,0.04344193861763409,0.7161520466924689,0.031111033253307257,0.04344193861763409,0.7161520466924689,0.031111033253307257,0.03515239730836293,0.6736956538693643,0.023682017289733244,0.03515239730836293,0.6736956538693643,0.023682017289733244,0.03515239730836293,0.6736956538693643,0.023682017289733244
14217.107107107107,0.11754720802392941,0.7822316092190442,0.09194914169176405,0.11754720802392941,0.7822316092190442,0.09194914169176405,0.11754720802392941,0.7822316092190442,0.09194914169176405,0.11754720802392941,0.7822316092190442,0.09194914169176405,0.11754720802392941,0.7822316092190442,0.09194914169176405,0.11754720802392941,0.7822316092190442,0.09194914169176405,0.08923197230195073,0.7545454631922021,0.06732957987212916,0.08923197230195073,0.7545454631922021,0.06732957987212916,0.08923197230195073,0.7545454631922021,0.06732957987212916,0.04336229108236297,0.7160670501800118,0.031050307864394684,0.04336229108236297,0.7160670501800118,0.031050307864394684,0.04336229108236297,0.7160670501800118,0.031050307864394684,0.03532320777841749,0.6736407718157885,0.023795152950862625,0.03532320777841749,0.6736407718157885,0.023795152950862625,0.03532320777841749,0.6736407718157885,0.023795152950862625
14237.117117117117,0.11730257220146487,0.7821220283134926,0.09174492569659962,0.11730257220146487,0.7821220283134926,0.09174492569659962,0.11730257220146487,0.7821220283134926,0.09174492569659962,0.11730257220146487,0.7821220283134926,0.09174492569659962,0.11730257220146487,0.7821220283134926,0.09174492569659962,0.11730257220146487,0.7821220283134926,0.09174492569659962,0.0889633645443608,0.7544433839903575,0.06711782179801534,0.0889633645443608,0.7544433839903575,0.06711782179801534,0.0889633645443608,0.7544433839903575,0.06711782179801534,0.043257025270815916,0.715982316965464,0.030971265178432406,0.043257025270815916,0.715982316965464,0.030971265178432406,0.043257025270815916,0.715982316965464,0.030971265178432406,0.035487986289399184,0.673586022913016,0.023904211545868036,0.035487986289399184,0.673586022913016,0.023904211545868036,0.035487986289399184,0.673586022913016,0.023904211545868036
14257.127127127127,0.11702823308448869,0.782013144702837,0.09151761657341759,0.11702823308448869,0.782013144702837,0.09151761657341759,0.11702823308448869,0.782013144702837,0.09151761657341759,0.11702823308448869,0.782013144702837,0.09151761657341759,0.11702823308448869,0.782013144702837,0.09151761657341759,0.11702823308448869,0.782013144702837,0.09151761657341759,0.08871681043152267,0.7543416240067684,0.06692278285761542,0.08871681043152267,0.7543416240067684,0.06692278285761542,0.08871681043152267,0.7543416240067684,0.06692278285761542,0.04311722178970742,0.7158978699342556,0.030867527236734416,0.04311722178970742,0.7158978699342556,0.030867527236734416,0.04311722178970742,0.7158978699342556,0.030867527236734416,0.03564456831377602,0.6735314055963092,0.024007736198251226,0.03564456831377602,0.6735314055963092,0.024007736198251226,0.03564456831377602,0.6735314055963092,0.024007736198251226
14277.137137137137,0.11673804271925632,0.7819049756358917,0.0912780564481818,0.11673804271925632,0.7819049756358917,0.0912780564481818,0.11673804271925632,0.7819049756358917,0.0912780564481818,0.11673804271925632,0.7819049756358917,0.0912780564481818,0.11673804271925632,0.7819049756358917,0.0912780564481818,0.11673804271925632,0.7819049756358917,0.0912780564481818,0.08851095785099171,0.7542400534526285,0.06675850958067533,0.08851095785099171,0.7542400534526285,0.06675850958067533,0.08851095785099171,0.7542400534526285,0.06675850958067533,0.04294132232166993,0.7158137063313669,0.03073798708584441,0.04294132232166993,0.7158137063313669,0.03073798708584441,0.04294132232166993,0.7158137063313669,0.03073798708584441,0.03579465177658812,0.6734769171131886,0.024106871727636682,0.03579465177658812,0.6734769171131886,0.024106871727636682,0.03579465177658812,0.6734769171131886,0.024106871727636682
14297.147147147147,0.1164466990447981,0.7817973756589047,0.09103772371736545,0.1164466990447981,0.7817973756589047,0.09103772371736545,0.1164466990447981,0.7817973756589047,0.09103772371736545,0.1164466990447981,0.7817973756589047,0.09103772371736545,0.1164466990447981,0.7817973756589047,0.09103772371736545,0.1164466990447981,0.7817973756589047,0.09103772371736545,0.08835933183013496,0.7541384905991794,0.06663517313673001,0.08835933183013496,0.7541384905991794,0.06663517313673001,0.08835933183013496,0.7541384905991794,0.06663517313673001,0.042736121234452834,0.7157298009940182,0.03058751554639116,0.042736121234452834,0.7157298009940182,0.03058751554639116,0.042736121234452834,0.7157298009940182,0.03058751554639116,0.03594292450736954,0.6734225535448253,0.02420477600362168,0.03594292450736954,0.6734225535448253,0.02420477600362168,0.03594292450736954,0.6734225535448253,0.02420477600362168
14317.157157157157,0.11617070323258637,0.7816900799199138,0.09080948629423302,0.11617070323258637,0.7816900799199138,0.09080948629423302,0.11617070323258637,0.7816900799199138,0.09080948629423302,0.11617070323258637,0.7816900799199138,0.09080948629423302,0.11617070323258637,0.7816900799199138,0.09080948629423302,0.11617070323258637,0.7816900799199138,0.09080948629423302,0.08826745263477526,0.754036798948226,0.06655690743604009,0.08826745263477526,0.754036798948226,0.06655690743604009,0.08826745263477526,0.754036798948226,0.06655690743604009,0.042515513943493594,0.7156461263431593,0.030426062863149767,0.042515513943493594,0.7156461263431593,0.030426062863149767,0.042515513943493594,0.7156461263431593,0.030426062863149767,0.03609473488254297,0.6733683104988569,0.02430505064576212,0.03609473488254297,0.6733683104988569,0.02430505064576212,0.03609473488254297,0.6733683104988569,0.02430505064576212
14337.167167167167,0.1159263840986497,0.781582830391969,0.09060607140092918,0.1159263840986497,0.781582830391969,0.09060607140092918,0.1159263840986497,0.781582830391969,0.09060607140092918,0.1159263840986497,0.781582830391969,0.09060607140092918,0.1159263840986497,0.781582830391969,0.09060607140092918,0.1159263840986497,0.781582830391969,0.09060607140092918,0.08823186491680952,0.7539349537427555,0.06652108699469185,0.08823186491680952,0.7539349537427555,0.06652108699469185,0.08823186491680952,0.7539349537427555,0.06652108699469185,0.04229712839079774,0.7155626644045642,0.030266245887981165,0.04229712839079774,0.7155626644045642,0.030266245887981165,0.04229712839079774,0.7155626644045642,0.030266245887981165,0.036253545937972746,0.6733141837881339,0.024410026692651736,0.036253545937972746,0.6733141837881339,0.024410026692651736,0.036253545937972746,0.6733141837881339,0.024410026692651736
14357.177177177176,0.11572752679871753,0.781475550758568,0.09043823274295472,0.11572752679871753,0.781475550758568,0.09043823274295472,0.11572752679871753,0.781475550758568,0.09043823274295472,0.11572752679871753,0.781475550758568,0.09043823274295472,0.11572752679871753,0.781475550758568,0.09043823274295472,0.11572752679871753,0.781475550758568,0.09043823274295472,0.08824058754551121,0.7538330439758926,0.06651867071165396,0.08824058754551121,0.7538330439758926,0.06651867071165396,0.08824058754551121,0.7538330439758926,0.06651867071165396,0.04209781677150881,0.7154794048975336,0.030120120891164535,0.04209781677150881,0.7154794048975336,0.030120120891164535,0.04209781677150881,0.7154794048975336,0.030120120891164535,0.03641936096875694,0.6732601698330177,0.024519705151035274,0.03641936096875694,0.6732601698330177,0.024519705151035274,0.03641936096875694,0.6732601698330177,0.024519705151035274
14377.187187187186,0.1155849328932321,0.7813684109062241,0.09031441533948732,0.1155849328932321,0.7813684109062241,0.09031441533948732,0.1155849328932321,0.7813684109062241,0.09031441533948732,0.1155849328932321,0.7813684109062241,0.09031441533948732,0.1155849328932321,0.7813684109062241,0.09031441533948732,0.1155849328932321,0.7813684109062241,0.09031441533948732,0.08827505042892234,0.7537311968496626,0.06653565941175596,0.08827505042892234,0.7537311968496626,0.06653565941175596,0.08827505042892234,0.7537311968496626,0.06653565941175596,0.04192952062703506,0.7153963319224121,0.029996225255846002,0.04192952062703506,0.7153963319224121,0.029996225255846002,0.04192952062703506,0.7153963319224121,0.029996225255846002,0.03658876612892133,0.6732062662027762,0.024631786630617734,0.03658876612892133,0.6732062662027762,0.024631786630617734,0.03658876612892133,0.6732062662027762,0.024631786630617734
14397.197197197198,0.11550622986396404,0.7812616716067124,0.09024059022450971,0.11550622986396404,0.7812616716067124,0.09024059022450971,0.11550622986396404,0.7812616716067124,0.09024059022450971,0.11550622986396404,0.7812616716067124,0.09024059022450971,0.11550622986396404,0.7812616716067124,0.09024059022450971,0.11550622986396404,0.7812616716067124,0.09024059022450971,0.08831372028838752,0.7536294837272471,0.06655582342697,0.08831372028838752,0.7536294837272471,0.06655582342697,0.08831372028838752,0.7536294837272471,0.06655582342697,0.041796767995512296,0.7153134213907093,0.0298977891179436,0.041796767995512296,0.7153134213907093,0.0298977891179436,0.041796767995512296,0.7153134213907093,0.0298977891179436,0.036756583252711236,0.673152471729273,0.024742784868885367,0.036756583252711236,0.673152471729273,0.024742784868885367,0.036756583252711236,0.673152471729273,0.024742784868885367
14417.207207207208,0.11549378104861464,0.7811554751473031,0.09021859941158916,0.11549378104861464,0.7811554751473031,0.09021859941158916,0.11549378104861464,0.7811554751473031,0.09021859941158916,0.11549378104861464,0.7811554751473031,0.09021859941158916,0.11549378104861464,0.7811554751473031,0.09021859941158916,0.11549378104861464,0.7811554751473031,0.09021859941158916,0.08833606351965556,0.7535278763872757,0.06656368635237755,0.08833606351965556,0.7535278763872757,0.06656368635237755,0.08833606351965556,0.7535278763872757,0.06656368635237755,0.04169629019435523,0.7152306469116918,0.02982246460952632,0.04169629019435523,0.7152306469116918,0.02982246460952632,0.04169629019435523,0.7152306469116918,0.02982246460952632,0.03691833791954409,0.6730987864341489,0.024849688450810946,0.03691833791954409,0.6730987864341489,0.024849688450810946,0.03691833791954409,0.6730987864341489,0.024849688450810946
14437.217217217218,0.11554165607918318,0.7810497757954962,0.09024378457568635,0.11554165607918318,0.7810497757954962,0.09024378457568635,0.11554165607918318,0.7810497757954962,0.09024378457568635,0.11554165607918318,0.7810497757954962,0.09024378457568635,0.11554165607918318,0.7810497757954962,0.09024378457568635,0.11554165607918318,0.7810497757954962,0.09024378457568635,0.08832515132364821,0.7534262840767951,0.06654649055229689,0.08832515132364821,0.7534262840767951,0.06654649055229689,0.08832515132364821,0.7534262840767951,0.06654649055229689,0.04161831559655045,0.715147990037389,0.029763254747614775,0.04161831559655045,0.715147990037389,0.029763254747614775,0.04161831559655045,0.715147990037389,0.029763254747614775,0.03707244202889031,0.6730452117235127,0.02495142959444213,0.03707244202889031,0.6730452117235127,0.02495142959444213,0.03707244202889031,0.6730452117235127,0.02495142959444213
14457.227227227228,0.11563496618100394,0.7809443787242681,0.09030447682302588,0.11563496618100394,0.7809443787242681,0.09030447682302588,0.11563496618100394,0.7809443787242681,0.09030447682302588,0.11563496618100394,0.7809443787242681,0.09030447682302588,0.11563496618100394,0.7809443787242681,0.09030447682302588,0.11563496618100394,0.7809443787242681,0.09030447682302588,0.08826907242645946,0.7533246311915968,0.0664952664312869,0.08826907242645946,0.7533246311915968,0.0664952664312869,0.08826907242645946,0.7533246311915968,0.0664952664312869,0.04154889136936859,0.715065438392068,0.029710176221741963,0.04154889136936859,0.715065438392068,0.029710176221741963,0.04154889136936859,0.715065438392068,0.029710176221741963,0.03722091551962732,0.6729917502028238,0.025049369079705435,0.03722091551962732,0.6729917502028238,0.025049369079705435,0.03722091551962732,0.6729917502028238,0.025049369079705435
14477.237237237237,0.1157529115885692,0.780839005927879,0.09038438841807604,0.1157529115885692,0.780839005927879,0.09038438841807604,0.1157529115885692,0.780839005927879,0.09038438841807604,0.1157529115885692,0.780839005927879,0.09038438841807604,0.1157529115885692,0.780839005927879,0.09038438841807604,0.1157529115885692,0.780839005927879,0.09038438841807604,0.08816201203983427,0.7532229167524692,0.06640564785541028,0.08816201203983427,0.7532229167524692,0.06640564785541028,0.08816201203983427,0.7532229167524692,0.06640564785541028,0.04147254795006098,0.7149829782122666,0.02965216584738563,0.04147254795006098,0.7149829782122666,0.02965216584738563,0.04147254795006098,0.7149829782122666,0.02965216584738563,0.03736835484241606,0.6729384050038391,0.025146601105272948,0.03736835484241606,0.6729384050038391,0.025146601105272948,0.03736835484241606,0.6729384050038391,0.025146601105272948
14497.247247247247,0.11587279802236487,0.7807333810307461,0.09046576136949368,0.11587279802236487,0.7807333810307461,0.09046576136949368,0.11587279802236487,0.7807333810307461,0.09046576136949368,0.11587279802236487,0.7807333810307461,0.09046576136949368,0.11587279802236487,0.7807333810307461,0.09046576136949368,0.11587279802236487,0.7807333810307461,0.09046576136949368,0.0880044327661787,0.7531212167837853,0.06627800548723133,0.0880044327661787,0.7531212167837853,0.06627800548723133,0.0880044327661787,0.7531212167837853,0.06627800548723133,0.04137507378432631,0.7149005948216788,0.029579064859205726,0.04137507378432631,0.7149005948216788,0.029579064859205726,0.04137507378432631,0.7149005948216788,0.029579064859205726,0.03751965867896491,0.6728851791818047,0.025246422253035455,0.03751965867896491,0.6728851791818047,0.025246422253035455,0.03751965867896491,0.6728851791818047,0.025246422253035455
14517.257257257259,0.11597263759476328,0.780627345267979,0.09053141220932548,0.11597263759476328,0.780627345267979,0.09053141220932548,0.11597263759476328,0.780627345267979,0.09053141220932548,0.11597263759476328,0.780627345267979,0.09053141220932548,0.11597263759476328,0.780627345267979,0.09053141220932548,0.11597263759476328,0.780627345267979,0.09053141220932548,0.08780196272282065,0.7530196417666651,0.06611660251594849,0.08780196272282065,0.7530196417666651,0.06611660251594849,0.08780196272282065,0.7530196417666651,0.06611660251594849,0.04124632792052459,0.7148182810947189,0.0294836292256185,0.04124632792052459,0.7148182810947189,0.0294836292256185,0.04124632792052459,0.7148182810947189,0.0294836292256185,0.037677707369703994,0.6728320753834769,0.02535077004524926,0.037677707369703994,0.6728320753834769,0.02535077004524926,0.037677707369703994,0.6728320753834769,0.02535077004524926
14537.267267267269,0.11603290660115978,0.7805209740156103,0.09056611727819956,0.11603290660115978,0.7805209740156103,0.09056611727819956,0.11603290660115978,0.7805209740156103,0.09056611727819956,0.11603290660115978,0.7805209740156103,0.09056611727819956,0.11603290660115978,0.7805209740156103,0.09056611727819956,0.11603290660115978,0.7805209740156103,0.09056611727819956,0.0875642828178623,0.7529182690091325,0.065928748246251,0.0875642828178623,0.7529182690091325,0.065928748246251,0.0875642828178623,0.7529182690091325,0.065928748246251,0.041082834163589814,0.7147360485403417,0.029363382552922337,0.041082834163589814,0.7147360485403417,0.029363382552922337,0.041082834163589814,0.7147360485403417,0.029363382552922337,0.03784205077742586,0.6727790955416874,0.025459340695479178,0.03784205077742586,0.6727790955416874,0.025459340695479178,0.03784205077742586,0.6727790955416874,0.025459340695479178
14557.277277277279,0.1160390145439534,0.7804145628712663,0.09055853681133191,0.1160390145439534,0.7804145628712663,0.09055853681133191,0.1160390145439534,0.7804145628712663,0.09055853681133191,0.1160390145439534,0.7804145628712663,0.09055853681133191,0.1160390145439534,0.7804145628712663,0.09055853681133191,0.1160390145439534,0.7804145628712663,0.09055853681133191,0.08730507656113565,0.7528171090862298,0.0657247553453061,0.08730507656113565,0.7528171090862298,0.0657247553453061,0.08730507656113565,0.7528171090862298,0.0657247553453061,0.04088908739399433,0.7146539212327264,0.02922154664174569,0.04088908739399433,0.7146539212327264,0.02922154664174569,0.04088908739399433,0.7146539212327264,0.02922154664174569,0.03800914880214165,0.6727262405310263,0.025569751779449115,0.03800914880214165,0.6727262405310263,0.025569751779449115,0.03800914880214165,0.6727262405310263,0.025569751779449115
14577.287287287289,0.11598381794169561,0.7803084164855868,0.09050314931603709,0.11598381794169561,0.7803084164855868,0.09050314931603709,0.11598381794169561,0.7803084164855868,0.09050314931603709,0.11598381794169561,0.7803084164855868,0.09050314931603709,0.11598381794169561,0.7803084164855868,0.09050314931603709,0.11598381794169561,0.7803084164855868,0.09050314931603709,0.08704169730713873,0.7527161331269617,0.06551768981783694,0.08704169730713873,0.7527161331269617,0.06551768981783694,0.08704169730713873,0.7527161331269617,0.06551768981783694,0.0406768363611869,0.7145719205573247,0.02906652508080934,0.0406768363611869,0.7145719205573247,0.02906652508080934,0.0406768363611869,0.7145719205573247,0.02906652508080934,0.038174079429278696,0.6726735098757122,0.025678691995967125,0.038174079429278696,0.6726735098757122,0.025678691995967125,0.038174079429278696,0.6726735098757122,0.025678691995967125
14597.297297297298,0.11586771719860953,0.7802026455522166,0.09040029949245122,0.11586771719860953,0.7802026455522166,0.09040029949245122,0.11586771719860953,0.7802026455522166,0.09040029949245122,0.11586771719860953,0.7802026455522166,0.09040029949245122,0.11586771719860953,0.7802026455522166,0.09040029949245122,0.11586771719860953,0.7802026455522166,0.09040029949245122,0.08679330982311807,0.7526153339308687,0.06532197585549135,0.08679330982311807,0.7526153339308687,0.06532197585549135,0.08679330982311807,0.7526153339308687,0.06532197585549135,0.04046225750302192,0.714490053034735,0.028909880509239233,0.04046225750302192,0.714490053034735,0.028909880509239233,0.04046225750302192,0.714490053034735,0.028909880509239233,0.03833289243149786,0.6726209016983518,0.025783504671980012,0.03833289243149786,0.6726209016983518,0.025783504671980012,0.03833289243149786,0.6726209016983518,0.025783504671980012
14617.307307307308,0.11569603724122902,0.7800971352933724,0.0902541472166781,0.11569603724122902,0.7800971352933724,0.0902541472166781,0.11569603724122902,0.7800971352933724,0.0902541472166781,0.11569603724122902,0.7800971352933724,0.0902541472166781,0.11569603724122902,0.7800971352933724,0.0902541472166781,0.11569603724122902,0.7800971352933724,0.0902541472166781,0.08657818633796509,0.7525147602604364,0.06515136313589719,0.08657818633796509,0.7525147602604364,0.06515136313589719,0.08657818633796509,0.7525147602604364,0.06515136313589719,0.04026179866028925,0.7144083199250592,0.02876336393805824,0.04026179866028925,0.7144083199250592,0.02876336393805824,0.04026179866028925,0.7144083199250592,0.02876336393805824,0.038484537228189765,0.6725684131676882,0.025883484135056412,0.038484537228189765,0.6725684131676882,0.025883484135056412,0.038484537228189765,0.6725684131676882,0.025883484135056412
14637.31731731732,0.11547684779382293,0.779991636412835,0.09007097547849982,0.11547684779382293,0.779991636412835,0.09007097547849982,0.11547684779382293,0.779991636412835,0.09007097547849982,0.11547684779382293,0.779991636412835,0.09007097547849982,0.11547684779382293,0.779991636412835,0.09007097547849982,0.11547684779382293,0.779991636412835,0.09007097547849982,0.08641088715358157,0.7524145037070125,0.06501680477254473,0.08641088715358157,0.7524145037070125,0.06501680477254473,0.08641088715358157,0.7524145037070125,0.06501680477254473,0.04008814840458122,0.7143267342376771,0.028636036131479848,0.04008814840458122,0.7143267342376771,0.028636036131479848,0.04008814840458122,0.7143267342376771,0.028636036131479848,0.03863131859598257,0.6725160408903813,0.02598018143654516,0.03863131859598257,0.6725160408903813,0.02598018143654516,0.03863131859598257,0.6725160408903813,0.02598018143654516
14657.32732732733,0.11522115227293458,0.7798858837567949,0.08985935016785383,0.11522115227293458,0.7798858837567949,0.08985935016785383,0.11522115227293458,0.7798858837567949,0.08985935016785383,0.11522115227293458,0.7798858837567949,0.08985935016785383,0.11522115227293458,0.7798858837567949,0.08985935016785383,0.11522115227293458,0.7798858837567949,0.08985935016785383,0.08629946508994304,0.75231464526299,0.06492435146552629,0.08629946508994304,0.75231464526299,0.06492435146552629,0.08629946508994304,0.75231464526299,0.06492435146552629,0.03994751901729471,0.7142453271930742,0.028532328791059214,0.03994751901729471,0.7142453271930742,0.028532328791059214,0.03994751901729471,0.7142453271930742,0.028532328791059214,0.03877773716397348,0.6724637811353951,0.026076623757160137,0.03877773716397348,0.6724637811353951,0.026076623757160137,0.03877773716397348,0.6724637811353951,0.026076623757160137
14677.33733733734,0.1149433487582427,0.7797796938867336,0.08963048930901855,0.1149433487582427,0.7797796938867336,0.08963048930901855,0.1149433487582427,0.7797796938867336,0.08963048930901855,0.1149433487582427,0.7797796938867336,0.08963048930901855,0.1149433487582427,0.7797796938867336,0.08963048930901855,0.1149433487582427,0.7797796938867336,0.08963048930901855,0.08624330542994285,0.7522152031962174,0.0648735255182979,0.08624330542994285,0.7522152031962174,0.0648735255182979,0.08624330542994285,0.7522152031962174,0.0648735255182979,0.039838775773686226,0.714164136078259,0.0284514248828301,0.039838775773686226,0.714164136078259,0.0284514248828301,0.039838775773686226,0.714164136078259,0.0284514248828301,0.03892828441266243,0.6724116303949425,0.026175831190396372,0.03892828441266243,0.6724116303949425,0.026175831190396372,0.03892828441266243,0.6724116303949425,0.026175831190396372
14697.34734734735,0.11465950562622482,0.7796730410845474,0.08939692544084947,0.11465950562622482,0.7796730410845474,0.08939692544084947,0.11465950562622482,0.7796730410845474,0.08939692544084947,0.11465950562622482,0.7796730410845474,0.08939692544084947,0.11465950562622482,0.7796730410845474,0.08939692544084947,0.11465950562622482,0.7796730410845474,0.08939692544084947,0.08623304511634125,0.7521161185406496,0.06485726318284331,0.08623304511634125,0.7521161185406496,0.06485726318284331,0.08623304511634125,0.7521161185406496,0.06485726318284331,0.03975427290875676,0.7140831827979652,0.028387857728503947,0.03975427290875676,0.7140831827979652,0.028387857728503947,0.03975427290875676,0.7140831827979652,0.028387857728503947,0.03908533398497919,0.6723595857831879,0.026279398968338162,0.03908533398497919,0.6723595857831879,0.026279398968338162,0.03908533398497919,0.6723595857831879,0.026279398968338162
14717.35735735736,0.11438483874407028,0.779566111396343,0.08917054394241263,0.11438483874407028,0.779566111396343,0.08917054394241263,0.11438483874407028,0.779566111396343,0.08917054394241263,0.11438483874407028,0.779566111396343,0.08917054394241263,0.11438483874407028,0.779566111396343,0.08917054394241263,0.11438483874407028,0.779566111396343,0.08917054394241263,0.08625283470643628,0.7520172982952562,0.06486362372624152,0.08625283470643628,0.7520172982952562,0.06486362372624152,0.08625283470643628,0.7520172982952562,0.06486362372624152,0.039681732265894096,0.7140024685624622,0.02833285479468309,0.039681732265894096,0.7140024685624622,0.02833285479468309,0.039681732265894096,0.7140024685624622,0.02833285479468309,0.03924806438969962,0.672307645295372,0.026386773752240092,0.03924806438969962,0.672307645295372,0.026386773752240092,0.03924806438969962,0.672307645295372,0.026386773752240092
14737.36736736737,0.1141333251133215,0.7794592403598716,0.08896227489257583,0.1141333251133215,0.7794592403598716,0.08896227489257583,0.1141333251133215,0.7794592403598716,0.08896227489257583,0.1141333251133215,0.7794592403598716,0.08896227489257583,0.1141333251133215,0.7794592403598716,0.08896227489257583,0.1141333251133215,0.7794592403598716,0.08896227489257583,0.08628344316925825,0.7519186861000201,0.06487813322001441,0.08628344316925825,0.7519186861000201,0.06487813322001441,0.08628344316925825,0.7519186861000201,0.06487813322001441,0.039606601408310904,0.7139219848851591,0.028276023491976658,0.039606601408310904,0.7139219848851591,0.028276023491976658,0.039606601408310904,0.7139219848851591,0.028276023491976658,0.0394128705607713,0.6722558082285341,0.02649553115343791,0.0394128705607713,0.6722558082285341,0.02649553115343791,0.0394128705607713,0.6722558082285341,0.02649553115343791
14757.37737737738,0.11391902166588906,0.7793527173872975,0.08878309909741305,0.11391902166588906,0.7793527173872975,0.08878309909741305,0.11391902166588906,0.7793527173872975,0.08878309909741305,0.11391902166588906,0.7793527173872975,0.08878309909741305,0.11391902166588906,0.7793527173872975,0.08878309909741305,0.11391902166588906,0.7793527173872975,0.08878309909741305,0.08630515151291406,0.7518203142044002,0.0648859661278974,0.08630515151291406,0.7518203142044002,0.0648859661278974,0.08630515151291406,0.7518203142044002,0.0648859661278974,0.03951470849434401,0.7138417302732321,0.02820724788284491,0.03951470849434401,0.7138417302732321,0.02820724788284491,0.03951470849434401,0.7138417302732321,0.02820724788284491,0.039575104848337594,0.6722040751408171,0.026602546753177643,0.039575104848337594,0.6722040751408171,0.026602546753177643,0.039575104848337594,0.6722040751408171,0.026602546753177643
14777.387387387389,0.11375567844904365,0.7792466317535935,0.08864372927426212,0.11375567844904365,0.7792466317535935,0.08864372927426212,0.11375567844904365,0.7792466317535935,0.08864372927426212,0.11375567844904365,0.7792466317535935,0.08864372927426212,0.11375567844904365,0.7792466317535935,0.08864372927426212,0.11375567844904365,0.7792466317535935,0.08864372927426212,0.08630051986846983,0.7517222811845472,0.06487402366293848,0.08630051986846983,0.7517222811845472,0.06487402366293848,0.08630051986846983,0.7517222811845472,0.06487402366293848,0.03939506631318371,0.7137617106555396,0.028118689923086426,0.03939506631318371,0.7137617106555396,0.028118689923086426,0.03939506631318371,0.7137617106555396,0.028118689923086426,0.039731303342131895,0.672152447490131,0.026705492783386776,0.039731303342131895,0.672152447490131,0.026705492783386776,0.039731303342131895,0.672152447490131,0.026705492783386776
14797.397397397399,0.11365343336344992,0.7791408778737272,0.08855203584416153,0.11365343336344992,0.7791408778737272,0.08855203584416153,0.11365343336344992,0.7791408778737272,0.08855203584416153,0.11365343336344992,0.7791408778737272,0.08855203584416153,0.11365343336344992,0.7791408778737272,0.08855203584416153,0.11365343336344992,0.7791408778737272,0.08855203584416153,0.0862567735184487,0.7516246760618583,0.06483271945394509,0.0862567735184487,0.7516246760618583,0.06483271945394509,0.0862567735184487,0.7516246760618583,0.06483271945394509,0.039242569422501795,0.7136819294632697,0.02800671266254739,0.039242569422501795,0.7136819294632697,0.02800671266254739,0.039242569422501795,0.7136819294632697,0.02800671266254739,0.03988086707820073,0.6721009274474645,0.026803967750667766,0.03988086707820073,0.6721009274474645,0.026803967750667766,0.03988086707820073,0.6721009274474645,0.026803967750667766
14817.407407407409,0.11361546908234504,0.7790352676120502,0.08851045736143329,0.11361546908234504,0.7790352676120502,0.08851045736143329,0.11361546908234504,0.7790352676120502,0.08851045736143329,0.11361546908234504,0.7790352676120502,0.08851045736143329,0.11361546908234504,0.7790352676120502,0.08851045736143329,0.11361546908234504,0.7790352676120502,0.08851045736143329,0.08616675360874043,0.7515275051090786,0.06475668536292539,0.08616675360874043,0.7515275051090786,0.06475668536292539,0.08616675360874043,0.7515275051090786,0.06475668536292539,0.03905962733271383,0.7136023762936964,0.027873042881770803,0.03905962733271383,0.7136023762936964,0.027873042881770803,0.03905962733271383,0.7136023762936964,0.027873042881770803,0.040026285279694596,0.6720495176720406,0.02689964571642225,0.040026285279694596,0.6720495176720406,0.02689964571642225,0.040026285279694596,0.6720495176720406,0.02689964571642225
14837.417417417419,0.11363717782742519,0.7789296494390017,0.0885153670883538,0.11363717782742519,0.7789296494390017,0.0885153670883538,0.11363717782742519,0.7789296494390017,0.0885153670883538,0.11363717782742519,0.7789296494390017,0.0885153670883538,0.11363717782742519,0.7789296494390017,0.0885153670883538,0.11363717782742519,0.7789296494390017,0.0885153670883538,0.08602853624954532,0.7514306691396963,0.06464448055910445,0.08602853624954532,0.7514306691396963,0.06464448055910445,0.08602853624954532,0.7514306691396963,0.06464448055910445,0.038855922844468385,0.7135230286569959,0.027724595749247637,0.038855922844468385,0.7135230286569959,0.027724595749247637,0.038855922844468385,0.7135230286569959,0.027724595749247637,0.04017188815149118,0.6719982208515397,0.02699543736604912,0.04017188815149118,0.6719982208515397,0.02699543736604912,0.04017188815149118,0.6719982208515397,0.02699543736604912
14857.427427427428,0.11370710319383137,0.7788239767744453,0.08855781829692197,0.11370710319383137,0.7788239767744453,0.08855781829692197,0.11370710319383137,0.7788239767744453,0.08855781829692197,0.11370710319383137,0.7788239767744453,0.08855781829692197,0.11370710319383137,0.7788239767744453,0.08855781829692197,0.11370710319383137,0.7788239767744453,0.08855781829692197,0.0858450638938983,0.75133400235921,0.06449831543818473,0.0858450638938983,0.75133400235921,0.06449831543818473,0.0858450638938983,0.75133400235921,0.06449831543818473,0.0386460565121996,0.7134438640738687,0.02757179188928078,0.0386460565121996,0.7134438640738687,0.02757179188928078,0.0386460565121996,0.7134438640738687,0.02757179188928078,0.04032173448252457,0.6719470391811813,0.027094070100182124,0.04032173448252457,0.6719470391811813,0.027094070100182124,0.04032173448252457,0.6719470391811813,0.027094070100182124
14877.437437437437,0.11380820879809177,0.7787183236437657,0.08862453757214969,0.11380820879809177,0.7787183236437657,0.08862453757214969,0.11380820879809177,0.7787183236437657,0.08862453757214969,0.11380820879809177,0.7787183236437657,0.08862453757214969,0.11380820879809177,0.7787183236437657,0.08862453757214969,0.11380820879809177,0.7787183236437657,0.08862453757214969,0.08562415570334302,0.7512373616490996,0.06432406482401111,0.08562415570334302,0.7512373616490996,0.06432406482401111,0.08562415570334302,0.7512373616490996,0.06432406482401111,0.038445855401069616,0.7133648648959838,0.02742592244399456,0.038445855401069616,0.7133648648959838,0.02742592244399456,0.038445855401069616,0.7133648648959838,0.02742592244399456,0.04047771297919702,0.6718959739920688,0.027196812387128986,0.04047771297919702,0.6718959739920688,0.027196812387128986,0.04047771297919702,0.6718959739920688,0.027196812387128986
14897.44744744745,0.11391935911562479,0.778612875819623,0.088699079812545,0.11391935911562479,0.778612875819623,0.088699079812545,0.11391935911562479,0.778612875819623,0.088699079812545,0.11391935911562479,0.778612875819623,0.088699079812545,0.11391935911562479,0.778612875819623,0.088699079812545,0.11391935911562479,0.778612875819623,0.088699079812545,0.08537797919978739,0.7511407013944736,0.06413087517977108,0.08537797919978739,0.7511407013944736,0.06413087517977108,0.08537797919978739,0.7511407013944736,0.06413087517977108,0.03826846052201321,0.7132860160542676,0.02729635774627682,0.03826846052201321,0.7132860160542676,0.02729635774627682,0.03826846052201321,0.7132860160542676,0.02729635774627682,0.040638683919667636,0.671845025550347,0.027302897636341576,0.040638683919667636,0.671845025550347,0.027302897636341576,0.040638683919667636,0.671845025550347,0.027302897636341576
14917.45745745746,0.11401818663781783,0.7785078560476696,0.08876405402985062,0.11401818663781783,0.7785078560476696,0.08876405402985062,0.11401818663781783,0.7785078560476696,0.08876405402985062,0.11401818663781783,0.7785078560476696,0.08876405402985062,0.11401818663781783,0.7785078560476696,0.08876405402985062,0.11401818663781783,0.7785078560476696,0.08876405402985062,0.08512207766696545,0.7510440834188229,0.06393043280009192,0.08512207766696545,0.7510440834188229,0.06393043280009192,0.08512207766696545,0.7510440834188229,0.06393043280009192,0.038121440970391156,0.713207297362565,0.027188489886059236,0.038121440970391156,0.713207297362565,0.027188489886059236,0.038121440970391156,0.713207297362565,0.027188489886059236,0.0408010405737658,0.6717941931011429,0.02740990212993999,0.0408010405737658,0.6717941931011429,0.02740990212993999,0.0408010405737658,0.6717941931011429,0.02740990212993999
14937.46746746747,0.11408516971405014,0.7784033881872688,0.08880428264733621,0.11408516971405014,0.7784033881872688,0.08880428264733621,0.11408516971405014,0.7784033881872688,0.08880428264733621,0.11408516971405014,0.7784033881872688,0.08880428264733621,0.11408516971405014,0.7784033881872688,0.08880428264733621,0.11408516971405014,0.7784033881872688,0.08880428264733621,0.08487432861622718,0.7509476125331458,0.06373617443970946,0.08487432861622718,0.7509476125331458,0.06373617443970946,0.08487432861622718,0.7509476125331458,0.06373617443970946,0.038005568777894114,0.7131286859868594,0.02710286132276284,0.038005568777894114,0.7131286859868594,0.02710286132276284,0.038005568777894114,0.7131286859868594,0.02710286132276284,0.04096045934920444,0.671743474929796,0.02751492129795524,0.04096045934920444,0.671743474929796,0.02751492129795524,0.04096045934920444,0.671743474929796,0.02751492129795524
14957.47747747748,0.11410636670049687,0.7782994301360088,0.08880892017788716,0.11410636670049687,0.7782994301360088,0.08880892017788716,0.11410636670049687,0.7782994301360088,0.08880892017788716,0.11410636670049687,0.7782994301360088,0.08880892017788716,0.11410636670049687,0.7782994301360088,0.08880892017788716,0.11410636670049687,0.7782994301360088,0.08880892017788716,0.08465310736684323,0.7508513515893686,0.06356190008263417,0.08465310736684323,0.7508513515893686,0.06356190008263417,0.08465310736684323,0.7508513515893686,0.06356190008263417,0.03791519741990545,0.7130501642297192,0.027035437747065807,0.03791519741990545,0.7130501642297192,0.027035437747065807,0.03791519741990545,0.7130501642297192,0.027035437747065807,0.04111398054609393,0.6716928683974078,0.027615967524241055,0.04111398054609393,0.6716928683974078,0.027615967524241055,0.04111398054609393,0.6716928683974078,0.027615967524241055
14977.48748748749,0.11407343045504144,0.778195827974771,0.08877146766288344,0.11407343045504144,0.778195827974771,0.08877146766288344,0.11407343045504144,0.778195827974771,0.08877146766288344,0.11407343045504144,0.778195827974771,0.08877146766288344,0.11407343045504144,0.778195827974771,0.08877146766288344,0.11407343045504144,0.778195827974771,0.08877146766288344,0.0844740920171471,0.7507552677018152,0.06341936956620105,0.0844740920171471,0.7507552677018152,0.06341936956620105,0.0844740920171471,0.7507552677018152,0.06341936956620105,0.03783970137842309,0.7129717284349965,0.026978637295238427,0.03783970137842309,0.7129717284349965,0.026978637295238427,0.03783970137842309,0.7129717284349965,0.026978637295238427,0.04126144334966117,0.671642370355226,0.027712933615644305,0.04126144334966117,0.671642370355226,0.027712933615644305,0.04126144334966117,0.671642370355226,0.027712933615644305
14997.497497497498,0.1139827804948175,0.7780924457446302,0.08868914044798588,0.1139827804948175,0.7780924457446302,0.08868914044798588,0.1139827804948175,0.7780924457446302,0.08868914044798588,0.1139827804948175,0.7780924457446302,0.08868914044798588,0.1139827804948175,0.7780924457446302,0.08868914044798588,0.1139827804948175,0.7780924457446302,0.08868914044798588,0.08434681556001057,0.750659247678827,0.0633157171123823,0.08434681556001057,0.750659247678827,0.0633157171123823,0.08434681556001057,0.750659247678827,0.0633157171123823,0.03776555256568993,0.7128933832245823,0.0269228125379005,0.03776555256568993,0.7128933832245823,0.0269228125379005,0.03776555256568993,0.7128933832245823,0.0269228125379005,0.041405497588099444,0.6715919775761863,0.027807600007717717,0.041405497588099444,0.6715919775761863,0.027807600007717717,0.041405497588099444,0.6715919775761863,0.027807600007717717
15017.507507507507,0.11383582131921426,0.7779892604369884,0.08856304643937266,0.11383582131921426,0.7779892604369884,0.08856304643937266,0.11383582131921426,0.7779892604369884,0.08856304643937266,0.11383582131921426,0.7779892604369884,0.08856304643937266,0.11383582131921426,0.7779892604369884,0.08856304643937266,0.11383582131921426,0.7779892604369884,0.08856304643937266,0.08427283675021902,0.7505631621514677,0.0632520868347188,0.08427283675021902,0.7505631621514677,0.0632520868347188,0.08427283675021902,0.7505631621514677,0.0632520868347188,0.03767878339967682,0.7128151296217818,0.026858006873031675,0.03767878339967682,0.7128151296217818,0.026858006873031675,0.03767878339967682,0.7128151296217818,0.026858006873031675,0.0415502921430423,0.6715416870963559,0.027902753285085086,0.0415502921430423,0.6715416870963559,0.027902753285085086,0.0415502921430423,0.6715416870963559,0.027902753285085086
15037.517517517517,0.11363946669708035,0.7778863563341927,0.08839859068475267,0.11363946669708035,0.7778863563341927,0.08839859068475267,0.11363946669708035,0.7778863563341927,0.08839859068475267,0.11363946669708035,0.7778863563341927,0.08839859068475267,0.11363946669708035,0.7778863563341927,0.08839859068475267,0.11363946669708035,0.7778863563341927,0.08839859068475267,0.08424578754187982,0.7504669425698678,0.0632236786009452,0.08424578754187982,0.7504669425698678,0.0632236786009452,0.08424578754187982,0.7504669425698678,0.0632236786009452,0.0375677827535407,0.712736962058502,0.026775947351032385,0.0375677827535407,0.712736962058502,0.026775947351032385,0.0375677827535407,0.712736962058502,0.026775947351032385,0.04169946344276292,0.6714914966976807,0.028000835118671095,0.04169946344276292,0.6714914966976807,0.028000835118671095,0.04169946344276292,0.6714914966976807,0.028000835118671095
15057.527527527527,0.11340487090308553,0.7777838585857051,0.08820447807341561,0.11340487090308553,0.7777838585857051,0.08820447807341561,0.11340487090308553,0.7777838585857051,0.08820447807341561,0.11340487090308553,0.7777838585857051,0.08820447807341561,0.11340487090308553,0.7777838585857051,0.08820447807341561,0.11340487090308553,0.7777838585857051,0.08820447807341561,0.0842526103405818,0.7503706172602956,0.06322068322705354,0.0842526103405818,0.7503706172602956,0.06322068322705354,0.0842526103405818,0.7503706172602956,0.06322068322705354,0.03742600735286351,0.712658875884727,0.02667197632894524,0.03742600735286351,0.712658875884727,0.02667197632894524,0.03742600735286351,0.712658875884727,0.02667197632894524,0.04185443832160465,0.6714414050349561,0.028102802873607138,0.04185443832160465,0.6714414050349561,0.028102802873607138,0.04185443832160465,0.6714414050349561,0.028102802873607138
15077.537537537537,0.11314464096764679,0.7776818763839436,0.08799053669050717,0.11314464096764679,0.7776818763839436,0.08799053669050717,0.11314464096764679,0.7776818763839436,0.08799053669050717,0.11314464096764679,0.7776818763839436,0.08799053669050717,0.11314464096764679,0.7776818763839436,0.08799053669050717,0.11314464096764679,0.7776818763839436,0.08799053669050717,0.0842758136279537,0.7502742810516125,0.06322997547975265,0.0842758136279537,0.7502742810516125,0.06322997547975265,0.0842758136279537,0.7502742810516125,0.06322997547975265,0.03725392214879264,0.7125808817723276,0.026546432694264304,0.03725392214879264,0.7125808817723276,0.026546432694264304,0.03725392214879264,0.7125808817723276,0.026546432694264304,0.04201378070911778,0.671391411623069,0.028207691537916652,0.04201378070911778,0.671391411623069,0.028207691537916652,0.04201378070911778,0.671391411623069,0.028207691537916652
15097.547547547547,0.11287137760610082,0.7775804432966364,0.08776657583445392,0.11287137760610082,0.7775804432966364,0.08776657583445392,0.11287137760610082,0.7775804432966364,0.08776657583445392,0.11287137760610082,0.7775804432966364,0.08776657583445392,0.11287137760610082,0.7775804432966364,0.08776657583445392,0.11287137760610082,0.7775804432966364,0.08776657583445392,0.0842966218326326,0.7501780238396989,0.06323747318276675,0.0842966218326326,0.7501780238396989,0.06323747318276675,0.0842966218326326,0.7501780238396989,0.06323747318276675,0.03705915899926803,0.7125030061704847,0.026404762193128442,0.03705915899926803,0.7125030061704847,0.026404762193128442,0.03705915899926803,0.7125030061704847,0.026404762193128442,0.04217388850649582,0.6713415170379069,0.02831308228933845,0.04217388850649582,0.6713415170379069,0.02831308228933845,0.04217388850649582,0.6713415170379069,0.02831308228933845
15117.557557557557,0.11259869269158485,0.777479456280978,0.08754317037180231,0.11259869269158485,0.777479456280978,0.08754317037180231,0.11259869269158485,0.777479456280978,0.08754317037180231,0.11259869269158485,0.777479456280978,0.08754317037180231,0.11259869269158485,0.777479456280978,0.08754317037180231,0.11259869269158485,0.777479456280978,0.08754317037180231,0.08429801351220285,0.7500818852575221,0.06323041289869719,0.08429801351220285,0.7500818852575221,0.06323041289869719,0.08429801351220285,0.7500818852575221,0.06323041289869719,0.036854685681329845,0.7124252790650482,0.02625620973137605,0.036854685681329845,0.7124252790650482,0.02625620973137605,0.036854685681329845,0.7124252790650482,0.02625620973137605,0.042330739900593994,0.6712917228292451,0.02841627531650641,0.042330739900593994,0.6712917228292451,0.02841627531650641,0.042330739900593994,0.6712917228292451,0.02841627531650641
15137.567567567568,0.11234205756914653,0.7773786929161124,0.08733232187260978,0.11234205756914653,0.7773786929161124,0.08733232187260978,0.11234205756914653,0.7773786929161124,0.08733232187260978,0.11234205756914653,0.7773786929161124,0.08733232187260978,0.11234205756914653,0.7773786929161124,0.08733232187260978,0.11234205756914653,0.7773786929161124,0.08733232187260978,0.08426651638926137,0.7499858495334222,0.06319869488142224,0.08426651638926137,0.7499858495334222,0.06319869488142224,0.08426651638926137,0.7499858495334222,0.06319869488142224,0.036655520276847035,0.7123477181413144,0.026111476226494665,0.036655520276847035,0.7123477181413144,0.026111476226494665,0.036655520276847035,0.7123477181413144,0.026111476226494665,0.04248182536484141,0.6712420310962005,0.028515586742570237,0.04248182536484141,0.6712420310962005,0.028515586742570237,0.04248182536484141,0.6712420310962005,0.028515586742570237
15157.577577577578,0.11211722533908532,0.7772779148033698,0.08714624312510377,0.11211722533908532,0.7772779148033698,0.08714624312510377,0.11211722533908532,0.7772779148033698,0.08714624312510377,0.11211722533908532,0.7772779148033698,0.08714624312510377,0.11211722533908532,0.7772779148033698,0.08714624312510377,0.11211722533908532,0.7772779148033698,0.08714624312510377,0.08419310752802885,0.749889879860162,0.06313555928924725,0.08419310752802885,0.749889879860162,0.06313555928924725,0.08419310752802885,0.749889879860162,0.06313555928924725,0.03647500129501205,0.7122703294651596,0.025980061189640354,0.03647500129501205,0.7122703294651596,0.025980061189640354,0.03647500129501205,0.7122703294651596,0.025980061189640354,0.04262735258887459,0.671192444080719,0.0286111569688173,0.04262735258887459,0.671192444080719,0.0286111569688173,0.04262735258887459,0.671192444080719,0.0286111569688173
15177.587587587588,0.11193773009133905,0.7771770105326372,0.0869954304381961,0.11193773009133905,0.7771770105326372,0.0869954304381961,0.11193773009133905,0.7771770105326372,0.0869954304381961,0.11193773009133905,0.7771770105326372,0.0869954304381961,0.11193773009133905,0.7771770105326372,0.0869954304381961,0.11193773009133905,0.7771770105326372,0.0869954304381961,0.08407386148125406,0.7497939663324427,0.06303807406491385,0.08407386148125406,0.7497939663324427,0.06303807406491385,0.08407386148125406,0.7497939663324427,0.06303807406491385,0.036321834437051566,0.7121931180923035,0.02586816052255616,0.036321834437051566,0.7121931180923035,0.02586816052255616,0.036321834437051566,0.7121931180923035,0.02586816052255616,0.04277007806986442,0.6711429638778174,0.028704836961094448,0.04277007806986442,0.6711429638778174,0.028704836961094448,0.04277007806986442,0.6711429638778174,0.028704836961094448
15197.597597597598,0.1118133822313735,0.7770760645734743,0.08688750303100537,0.1118133822313735,0.7770760645734743,0.08688750303100537,0.1118133822313735,0.7770760645734743,0.08688750303100537,0.1118133822313735,0.7770760645734743,0.08688750303100537,0.1118133822313735,0.7770760645734743,0.08688750303100537,0.1118133822313735,0.7770760645734743,0.08688750303100537,0.08390997092702106,0.7496981488007529,0.06290714986991268,0.08390997092702106,0.7496981488007529,0.06290714986991268,0.08390997092702106,0.7496981488007529,0.06290714986991268,0.03619855084814869,0.7121160974302072,0.025777570762612563,0.03619855084814869,0.7121160974302072,0.025777570762612563,0.03619855084814869,0.7121160974302072,0.025777570762612563,0.04291395703733314,0.6710935921557801,0.028799281581802717,0.04291395703733314,0.6710935921557801,0.028799281581802717,0.04291395703733314,0.6710935921557801,0.028799281581802717
15217.607607607608,0.11174931828305223,0.776975281968584,0.08682645808277155,0.11174931828305223,0.776975281968584,0.08682645808277155,0.11174931828305223,0.776975281968584,0.08682645808277155,0.11174931828305223,0.776975281968584,0.08682645808277155,0.11174931828305223,0.776975281968584,0.08682645808277155,0.11174931828305223,0.776975281968584,0.08682645808277155,0.08370712710312564,0.7496025021271737,0.06274707192238034,0.08370712710312564,0.7496025021271737,0.06274707192238034,0.08370712710312564,0.7496025021271737,0.06274707192238034,0.036101448765792264,0.712039287364284,0.025705649852012933,0.036101448765792264,0.712039287364284,0.025705649852012933,0.036101448765792264,0.712039287364284,0.025705649852012933,0.043062238639695744,0.671044329887659,0.028896671071437088,0.043062238639695744,0.671044329887659,0.028896671071437088,0.043062238639695744,0.671044329887659,0.028896671071437088
15237.617617617618,0.11174462694723689,0.776874850562492,0.08681159036079607,0.11174462694723689,0.776874850562492,0.08681159036079607,0.11174462694723689,0.776874850562492,0.08681159036079607,0.11174462694723689,0.776874850562492,0.08681159036079607,0.11174462694723689,0.776874850562492,0.08681159036079607,0.11174462694723689,0.776874850562492,0.08681159036079607,0.08347511333521454,0.7495070882959375,0.06256518914105004,0.08347511333521454,0.7495070882959375,0.06256518914105004,0.08347511333521454,0.7495070882959375,0.06256518914105004,0.03602165027768696,0.7119627012854108,0.025646071436460378,0.03602165027768696,0.7119627012854108,0.025646071436460378,0.03602165027768696,0.7119627012854108,0.025646071436460378,0.04321595708510291,0.6709951771240711,0.02899769877890488,0.04321595708510291,0.6709951771240711,0.02899769877890488,0.04321595708510291,0.6709951771240711,0.02899769877890488
15257.627627627628,0.11179093985320966,0.7767748456921731,0.08683639005425994,0.11179093985320966,0.7767748456921731,0.08683639005425994,0.11179093985320966,0.7767748456921731,0.08683639005425994,0.11179093985320966,0.7767748456921731,0.08683639005425994,0.11179093985320966,0.7767748456921731,0.08683639005425994,0.11179093985320966,0.7767748456921731,0.08683639005425994,0.08322782892102827,0.7494119252216993,0.062371927503730024,0.08322782892102827,0.7494119252216993,0.062371927503730024,0.08322782892102827,0.7494119252216993,0.062371927503730024,0.03594684184323738,0.7118863404492018,0.025590065690488502,0.03594684184323738,0.7118863404492018,0.025590065690488502,0.03594684184323738,0.7118863404492018,0.025590065690488502,0.043373461481177364,0.6709461328622818,0.02910125624964709,0.043373461481177364,0.6709461328622818,0.02910125624964709,0.043373461481177364,0.6709461328622818,0.02910125624964709
15277.637637637637,0.1118727805792851,0.7766751918749574,0.08688881332200125,0.1118727805792851,0.7766751918749574,0.08688881332200125,0.1118727805792851,0.7766751918749574,0.08688881332200125,0.1118727805792851,0.7766751918749574,0.08688881332200125,0.1118727805792851,0.7766751918749574,0.08688881332200125,0.1118727805792851,0.7766751918749574,0.08688881332200125,0.08298244271533682,0.7493169957727627,0.06218015467734156,0.08298244271533682,0.7493169957727627,0.06218015467734156,0.08298244271533682,0.7493169957727627,0.06218015467734156,0.03586352192423325,0.711810196822299,0.025528020599629303,0.03586352192423325,0.711810196822299,0.025528020599629303,0.03586352192423325,0.711810196822299,0.025528020599629303,0.04353122232537474,0.6708971952699939,0.029204974964768458,0.04353122232537474,0.6708971952699939,0.029204974964768458,0.04353122232537474,0.6708971952699939,0.029204974964768458
15297.647647647647,0.11197054388812576,0.7765756678040916,0.0869535998943086,0.11197054388812576,0.7765756678040916,0.0869535998943086,0.11197054388812576,0.7765756678040916,0.0869535998943086,0.11197054388812576,0.7765756678040916,0.0869535998943086,0.11197054388812576,0.7765756678040916,0.0869535998943086,0.11197054388812576,0.7765756678040916,0.0869535998943086,0.08275698089025499,0.7492222850367051,0.06200337432533578,0.08275698089025499,0.7492222850367051,0.06200337432533578,0.08275698089025499,0.7492222850367051,0.06200337432533578,0.03575971349530421,0.7117342616017562,0.025451413279670702,0.03575971349530421,0.7117342616017562,0.025451413279670702,0.03575971349530421,0.7117342616017562,0.025451413279670702,0.04368554975977506,0.6708483619712678,0.029306379498159413,0.04368554975977506,0.6708483619712678,0.029306379498159413,0.04368554975977506,0.6708483619712678,0.029306379498159413
15317.657657657657,0.11206412894609331,0.7764759764050725,0.08701510394340176,0.11206412894609331,0.7764759764050725,0.08701510394340176,0.11206412894609331,0.7764759764050725,0.08701510394340176,0.11206412894609331,0.7764759764050725,0.08701510394340176,0.11206412894609331,0.7764759764050725,0.08701510394340176,0.11206412894609331,0.7764759764050725,0.08701510394340176,0.08256729422078855,0.749127811182844,0.06185345639490921,0.08256729422078855,0.749127811182844,0.06185345639490921,0.08256729422078855,0.749127811182844,0.06185345639490921,0.035627702916450045,0.711658525806791,0.025354758535403147,0.035627702916450045,0.711658525806791,0.025354758535403147,0.035627702916450045,0.711658525806791,0.025354758535403147,0.04383436604746158,0.6707996302213995,0.0294040765356267,0.04383436604746158,0.6707996302213995,0.0294040765356267,0.04383436604746158,0.6707996302213995,0.0294040765356267
15337.667667667667,0.11213517246878128,0.7763758730126707,0.08705904242087648,0.11213517246878128,0.7763758730126707,0.08705904242087648,0.11213517246878128,0.7763758730126707,0.08705904242087648,0.11213517246878128,0.7763758730126707,0.08705904242087648,0.11213517246878128,0.7763758730126707,0.08705904242087648,0.11213517246878128,0.7763758730126707,0.08705904242087648,0.08242435501663996,0.749033634518134,0.061738614210926815,0.08242435501663996,0.749033634518134,0.061738614210926815,0.08242435501663996,0.749033634518134,0.061738614210926815,0.03546617983653047,0.7115829779099052,0.025237129863166587,0.03546617983653047,0.7115829779099052,0.025237129863166587,0.03546617983653047,0.7115829779099052,0.025237129863166587,0.043978192298074675,0.6707509972854175,0.029498416342743458,0.043978192298074675,0.6707509972854175,0.029498416342743458,0.043978192298074675,0.6707509972854175,0.029498416342743458
15357.677677677677,0.11216819527009284,0.7762753032328658,0.08707339979637461,0.11216819527009284,0.7762753032328658,0.08707339979637461,0.11216819527009284,0.7762753032328658,0.08707339979637461,0.11216819527009284,0.7762753032328658,0.08707339979637461,0.11216819527009284,0.7762753032328658,0.08707339979637461,0.11216819527009284,0.7762753032328658,0.08707339979637461,0.08233225566835035,0.7489398259987463,0.06166190523433861,0.08233225566835035,0.7489398259987463,0.06166190523433861,0.08233225566835035,0.7489398259987463,0.06166190523433861,0.035280797849689134,0.711507600026835,0.025102555805064236,0.035280797849689134,0.711507600026835,0.025102555805064236,0.035280797849689134,0.711507600026835,0.025102555805064236,0.04411982789125366,0.6707024607316779,0.02959127713372195,0.04411982789125366,0.6707024607316779,0.02959127713372195,0.04411982789125366,0.6707024607316779,0.02959127713372195
15377.687687687689,0.11215206836282729,0.7761744412283567,0.08704956899412193,0.11215206836282729,0.7761744412283567,0.08704956899412193,0.11215206836282729,0.7761744412283567,0.08704956899412193,0.11215206836282729,0.7761744412283567,0.08704956899412193,0.11215206836282729,0.7761744412283567,0.08704956899412193,0.11215206836282729,0.7761744412283567,0.08704956899412193,0.0822872681650468,0.7488464166864471,0.06162052590431206,0.0822872681650468,0.7488464166864471,0.06162052590431206,0.0822872681650468,0.7488464166864471,0.06162052590431206,0.035082823467083614,0.7114323716674715,0.024959056303978523,0.035082823467083614,0.7114323716674715,0.024959056303978523,0.035082823467083614,0.7114323716674715,0.024959056303978523,0.04426298684208746,0.6706540186834467,0.029685150004578477,0.04426298684208746,0.6706540186834467,0.029685150004578477,0.04426298684208746,0.6706540186834467,0.029685150004578477
15397.697697697698,0.11208164391615522,0.7760735711321779,0.08698360165237572,0.11208164391615522,0.7760735711321779,0.08698360165237572,0.11208164391615522,0.7760735711321779,0.08698360165237572,0.11208164391615522,0.7760735711321779,0.08698360165237572,0.11208164391615522,0.7760735711321779,0.08698360165237572,0.11208164391615522,0.7760735711321779,0.08698360165237572,0.08227867587273717,0.7487533683335806,0.06160643570173887,0.08227867587273717,0.7487533683335806,0.06160643570173887,0.08227867587273717,0.7487533683335806,0.06160643570173887,0.03488623011030797,0.711357277845242,0.024816573685551395,0.03488623011030797,0.711357277845242,0.024816573685551395,0.03488623011030797,0.711357277845242,0.024816573685551395,0.044410510505190126,0.6706056701882995,0.02978194016073754,0.044410510505190126,0.6706056701882995,0.02978194016073754,0.044410510505190126,0.6706056701882995,0.02978194016073754
15417.707707707708,0.11195787746816577,0.7759729296730972,0.08687628217895423,0.11195787746816577,0.7759729296730972,0.08687628217895423,0.11195787746816577,0.7759729296730972,0.08687628217895423,0.11195787746816577,0.7759729296730972,0.08687628217895423,0.11195787746816577,0.7759729296730972,0.08687628217895423,0.11195787746816577,0.7759729296730972,0.08687628217895423,0.08229118219197322,0.7486605940491531,0.06160816534484976,0.08229118219197322,0.7486605940491531,0.06160816534484976,0.08229118219197322,0.7486605940491531,0.06160816534484976,0.0347042759534291,0.7112823084216234,0.024684537512256088,0.0347042759534291,0.7112823084216234,0.024684537512256088,0.0347042759534291,0.7112823084216234,0.024684537512256088,0.04456304485733323,0.6705574152176346,0.029882080173760872,0.04456304485733323,0.6705574152176346,0.029882080173760872,0.04456304485733323,0.6705574152176346,0.029882080173760872
15437.717717717718,0.11178586628690403,0.7758726131796773,0.08673159219257422,0.11178586628690403,0.7758726131796773,0.08673159219257422,0.11178586628690403,0.7758726131796773,0.08673159219257422,0.11178586628690403,0.7758726131796773,0.08673159219257422,0.11178586628690403,0.7758726131796773,0.08673159219257422,0.11178586628690403,0.7758726131796773,0.08673159219257422,0.08230762672229666,0.7485680084808757,0.061612856218296916,0.08230762672229666,0.7485680084808757,0.061612856218296916,0.08230762672229666,0.7485680084808757,0.061612856218296916,0.03454648488084319,0.7112074535380444,0.02456971754079504,0.03454648488084319,0.7112074535380444,0.02456971754079504,0.03454648488084319,0.7112074535380444,0.02456971754079504,0.04471874442851955,0.6705092544635517,0.029984331987312752,0.04471874442851955,0.6705092544635517,0.029984331987312752,0.04471874442851955,0.6705092544635517,0.029984331987312752
15457.727727727728,0.11157300298962798,0.7757725576887505,0.08655527389827831,0.11157300298962798,0.7757725576887505,0.08655527389827831,0.11157300298962798,0.7757725576887505,0.08655527389827831,0.11157300298962798,0.7757725576887505,0.08655527389827831,0.11157300298962798,0.7757725576887505,0.08655527389827831,0.11157300298962798,0.7757725576887505,0.08655527389827831,0.08231133168199244,0.7484755794856901,0.06160802167891813,0.08231133168199244,0.7484755794856901,0.06160802167891813,0.08231133168199244,0.7484755794856901,0.06160802167891813,0.03441686527386605,0.7111326969189679,0.024474958221701138,0.03441686527386605,0.7111326969189679,0.024474958221701138,0.03441686527386605,0.7111326969189679,0.024474958221701138,0.04487417347773088,0.6704611892685242,0.03008639171732151,0.04487417347773088,0.6704611892685242,0.03008639171732151,0.04487417347773088,0.6704611892685242,0.03008639171732151
15477.737737737738,0.11132901303868202,0.7756725751558,0.08635486223326812,0.11132901303868202,0.7756725751558,0.08635486223326812,0.11132901303868202,0.7756725751558,0.08635486223326812,0.11132901303868202,0.7756725751558,0.08635486223326812,0.11132901303868202,0.7756725751558,0.08635486223326812,0.11132901303868202,0.7756725751558,0.08635486223326812,0.08228817220975372,0.7483833390921123,0.06158309708612225,0.08228817220975372,0.7483833390921123,0.06158309708612225,0.08228817220975372,0.7483833390921123,0.06158309708612225,0.0343134969291622,0.711058019949377,0.0243988871839891,0.0343134969291622,0.711058019949377,0.0243988871839891,0.0343134969291622,0.711058019949377,0.0243988871839891,0.045025980854509304,0.6704132214657272,0.030186012874325742,0.045025980854509304,0.6704132214657272,0.030186012874325742,0.045025980854509304,0.6704132214657272,0.030186012874325742
15497.747747747748,0.11106650444478622,0.7755724359378561,0.08614011940334557,0.11106650444478622,0.7755724359378561,0.08614011940334557,0.11106650444478622,0.7755724359378561,0.08614011940334557,0.11106650444478622,0.7755724359378561,0.08614011940334557,0.11106650444478622,0.7755724359378561,0.08614011940334557,0.11106650444478622,0.7755724359378561,0.08614011940334557,0.08222816461671718,0.748291351688065,0.06153062444787202,0.08222816461671718,0.748291351688065,0.06153062444787202,0.08222816461671718,0.748291351688065,0.06153062444787202,0.034229201446620935,0.7109834110411473,0.024336394401733127,0.034229201446620935,0.7109834110411473,0.024336394401733127,0.034229201446620935,0.7109834110411473,0.024336394401733127,0.04517250846330546,0.6703653530374927,0.030282084583592887,0.04517250846330546,0.6703653530374927,0.030282084583592887,0.04517250846330546,0.6703653530374927,0.030282084583592887
15517.757757757758,0.11079995743716091,0.7754719866892115,0.08592226311887524,0.11079995743716091,0.7754719866892115,0.08592226311887524,0.11079995743716091,0.7754719866892115,0.08592226311887524,0.11079995743716091,0.7754719866892115,0.08592226311887524,0.11079995743716091,0.7754719866892115,0.08592226311887524,0.11079995743716091,0.7754719866892115,0.08592226311887524,0.08212594584430759,0.7481996562641534,0.06144660445107942,0.08212594584430759,0.7481996562641534,0.06144660445107942,0.08212594584430759,0.7481996562641534,0.06144660445107942,0.03415295340590002,0.7109088752817053,0.02427963769333687,0.03415295340590002,0.7109088752817053,0.02427963769333687,0.03415295340590002,0.7109088752817053,0.02427963769333687,0.04531457195731778,0.6703175857373087,0.030375154473148806,0.04531457195731778,0.6703175857373087,0.030375154473148806,0.04531457195731778,0.6703175857373087,0.030375154473148806
15537.767767767768,0.11054394427612431,0.7753712519582161,0.08571259646977779,0.11054394427612431,0.7753712519582161,0.08571259646977779,0.11054394427612431,0.7753712519582161,0.08571259646977779,0.11054394427612431,0.7753712519582161,0.08571259646977779,0.11054394427612431,0.7753712519582161,0.08571259646977779,0.11054394427612431,0.7753712519582161,0.08571259646977779,0.08198051525658887,0.7481082219947058,0.06133029750681655,0.08198051525658887,0.7481082219947058,0.06133029750681655,0.08198051525658887,0.7481082219947058,0.06133029750681655,0.03407190797169748,0.7108344287599127,0.02421948523982189,0.03407190797169748,0.7108344287599127,0.02421948523982189,0.03407190797169748,0.7108344287599127,0.02421948523982189,0.04545500796395304,0.6702699208039414,0.030467124588141332,0.04545500796395304,0.6702699208039414,0.030467124588141332,0.04545500796395304,0.6702699208039414,0.030467124588141332
15557.777777777777,0.1103124873498737,0.7752704376052594,0.08552201034106122,0.1103124873498737,0.7752704376052594,0.08552201034106122,0.1103124873498737,0.7752704376052594,0.08552201034106122,0.1103124873498737,0.7752704376052594,0.08552201034106122,0.1103124873498737,0.7752704376052594,0.08552201034106122,0.1103124873498737,0.7752704376052594,0.08552201034106122,0.08179523445168295,0.7480169481132362,0.06118422164475451,0.08179523445168295,0.7480169481132362,0.06118422164475451,0.08179523445168295,0.7480169481132362,0.06118422164475451,0.03397395299865995,0.7107600852954995,0.024147329731152835,0.03397395299865995,0.7107600852954995,0.024147329731152835,0.03397395299865995,0.7107600852954995,0.024147329731152835,0.045597308286877615,0.6702223587577639,0.030560335513036052,0.045597308286877615,0.6702223587577639,0.030560335513036052,0.045597308286877615,0.6702223587577639,0.030560335513036052
15577.787787787789,0.11011920622339993,0.775169804231827,0.08536108353035711,0.11011920622339993,0.775169804231827,0.08536108353035711,0.11011920622339993,0.775169804231827,0.08536108353035711,0.11011920622339993,0.775169804231827,0.08536108353035711,0.11011920622339993,0.775169804231827,0.08536108353035711,0.11011920622339993,0.775169804231827,0.08536108353035711,0.08157812863722792,0.7479257181817399,0.06101438044892106,0.08157812863722792,0.7479257181817399,0.06101438044892106,0.08157812863722792,0.7479257181817399,0.06101438044892106,0.03385048978118509,0.7106858496093125,0.024057064089832877,0.03385048978118509,0.7106858496093125,0.024057064089832877,0.03385048978118509,0.7106858496093125,0.024057064089832877,0.04574394729931636,0.6701748993593925,0.030656445277620695,0.04574394729931636,0.6701748993593925,0.030656445277620695,0.04574394729931636,0.6701748993593925,0.030656445277620695
15597.797797797799,0.10997618300574687,0.7750695336098041,0.08523918887045069,0.10997618300574687,0.7750695336098041,0.08523918887045069,0.10997618300574687,0.7750695336098041,0.08523918887045069,0.10997618300574687,0.7750695336098041,0.08523918887045069,0.10997618300574687,0.7750695336098041,0.08523918887045069,0.10997618300574687,0.7750695336098041,0.08523918887045069,0.08134157345187606,0.7478344593365572,0.0608300316039686,0.08134157345187606,0.7478344593365572,0.0608300316039686,0.08134157345187606,0.7478344593365572,0.0608300316039686,0.03369865534210389,0.7106117210661902,0.02394665947026881,0.03369865534210389,0.7106117210661902,0.02394665947026881,0.03369865534210389,0.7106117210661902,0.02394665947026881,0.04589523252003762,0.6701275416209399,0.030755659340774223,0.04589523252003762,0.6701275416209399,0.030755659340774223,0.04589523252003762,0.6701275416209399,0.030755659340774223
15617.807807807809,0.10989102205210481,0.7749696783567619,0.0851622100140155,0.10989102205210481,0.7749696783567619,0.0851622100140155,0.10989102205210481,0.7749696783567619,0.0851622100140155,0.10989102205210481,0.7749696783567619,0.0851622100140155,0.10989102205210481,0.7749696783567619,0.0851622100140155,0.10989102205210481,0.7749696783567619,0.0851622100140155,0.08110119456757613,0.7477431699618073,0.06064286431364868,0.08110119456757613,0.7477431699618073,0.06064286431364868,0.08110119456757613,0.7477431699618073,0.06064286431364868,0.0335222644177286,0.7105377075599779,0.023818832911592296,0.0335222644177286,0.7105377075599779,0.023818832911592296,0.0335222644177286,0.7105377075599779,0.023818832911592296,0.04604916580706769,0.6700802837983169,0.030856638092675668,0.04604916580706769,0.6700802837983169,0.030856638092675668,0.04604916580706769,0.6700802837983169,0.030856638092675668
15637.817817817819,0.10986423318857781,0.7748701815090597,0.08513051831218696,0.10986423318857781,0.7748701815090597,0.08513051831218696,0.10986423318857781,0.7748701815090597,0.08513051831218696,0.10986423318857781,0.7748701815090597,0.08513051831218696,0.10986423318857781,0.7748701815090597,0.08513051831218696,0.10986423318857781,0.7748701815090597,0.08513051831218696,0.0808741549117145,0.7476519012391649,0.06046571568085409,0.0808741549117145,0.7476519012391649,0.06046571568085409,0.0808741549117145,0.7476519012391649,0.06046571568085409,0.033330891179797525,0.7104638300434031,0.023680392606358833,0.033330891179797525,0.7104638300434031,0.023680392606358833,0.033330891179797525,0.7104638300434031,0.023680392606358833,0.04620242044653906,0.6700331236545827,0.030957152092196922,0.04620242044653906,0.6700331236545827,0.030957152092196922,0.04620242044653906,0.6700331236545827,0.030957152092196922
15657.827827827829,0.10988897264755947,0.7747709304646831,0.08513878158595777,0.10988897264755947,0.7747709304646831,0.08513878158595777,0.10988897264755947,0.7747709304646831,0.08513878158595777,0.10988897264755947,0.7747709304646831,0.08513878158595777,0.10988897264755947,0.7747709304646831,0.08513878158595777,0.10988897264755947,0.7747709304646831,0.08513878158595777,0.08067669099281949,0.7475607110096654,0.060310724480499206,0.08067669099281949,0.7475607110096654,0.060310724480499206,0.08067669099281949,0.7475607110096654,0.060310724480499206,0.03313740072388515,0.7103901153406095,0.023540481922328767,0.03313740072388515,0.7103901153406095,0.023540481922328767,0.03313740072388515,0.7103901153406095,0.023540481922328767,0.04635195970136769,0.6699860587668262,0.03105516679643809,0.04635195970136769,0.6699860587668262,0.03105516679643809,0.04635195970136769,0.6699860587668262,0.03105516679643809
15677.837837837838,0.10995262943001528,0.7746718153346901,0.08517720304137241,0.10995262943001528,0.7746718153346901,0.08517720304137241,0.10995262943001528,0.7746718153346901,0.08517720304137241,0.10995262943001528,0.7746718153346901,0.08517720304137241,0.10995262943001528,0.7746718153346901,0.08517720304137241,0.10995262943001528,0.7746718153346901,0.08517720304137241,0.08052109702014675,0.7474696144185424,0.06018707334220713,0.08052109702014675,0.7474696144185424,0.06018707334220713,0.08052109702014675,0.7474696144185424,0.06018707334220713,0.03295477599113732,0.7103165821687528,0.023408323848161532,0.03295477599113732,0.7103165821687528,0.023408323848161532,0.03295477599113732,0.7103165821687528,0.023408323848161532,0.046496484855655565,0.6699390867728489,0.031149812602345485,0.046496484855655565,0.6699390867728489,0.031149812602345485,0.046496484855655565,0.6699390867728489,0.031149812602345485
15697.84784784785,0.11003865275449233,0.7745727977929933,0.08523294712941878,0.11003865275449233,0.7745727977929933,0.08523294712941878,0.11003865275449233,0.7745727977929933,0.08523294712941878,0.11003865275449233,0.7745727977929933,0.08523294712941878,0.11003865275449233,0.7745727977929933,0.08523294712941878,0.11003865275449233,0.7745727977929933,0.08523294712941878,0.08041319151521106,0.7473785740375107,0.0600990964084437,0.08041319151521106,0.7473785740375107,0.0600990964084437,0.08041319151521106,0.7473785740375107,0.0600990964084437,0.03279313546489983,0.7102432377760284,0.02329110270941836,0.03279313546489983,0.7102432377760284,0.02329110270941836,0.03279313546489983,0.7102432377760284,0.02329110270941836,0.046637032085647435,0.6698922057384493,0.031241784292949194,0.046637032085647435,0.6698922057384493,0.031241784292949194,0.046637032085647435,0.6698922057384493,0.031241784292949194
15717.85785785786,0.11012818939976647,0.7744739544890453,0.0852914143451557,0.11012818939976647,0.7744739544890453,0.0852914143451557,0.11012818939976647,0.7744739544890453,0.0852914143451557,0.11012818939976647,0.7744739544890453,0.0852914143451557,0.11012818939976647,0.7744739544890453,0.0852914143451557,0.11012818939976647,0.7744739544890453,0.0852914143451557,0.08035149016781536,0.7472875285215339,0.06004566650052907,0.08035149016781536,0.7472875285215339,0.06004566650052907,0.08035149016781536,0.7472875285215339,0.06004566650052907,0.03265777649542057,0.7101700829019887,0.023192575841147447,0.03265777649542057,0.7101700829019887,0.023192575841147447,0.03265777649542057,0.7101700829019887,0.023192575841147447,0.04677641621219007,0.6698454143024376,0.03133296789723772,0.04677641621219007,0.6698454143024376,0.03133296789723772,0.04677641621219007,0.6698454143024376,0.03133296789723772
15737.86786786787,0.11020232229708761,0.7743754410396089,0.08533797193239634,0.11020232229708761,0.7743754410396089,0.08533797193239634,0.11020232229708761,0.7743754410396089,0.08533797193239634,0.11020232229708761,0.7743754410396089,0.08533797193239634,0.11020232229708761,0.7743754410396089,0.08533797193239634,0.11020232229708761,0.7743754410396089,0.08533797193239634,0.08032793656293197,0.7471964411858689,0.06002074832762701,0.08032793656293197,0.7471964411858689,0.06002074832762701,0.08032793656293197,0.7471964411858689,0.06002074832762701,0.03254842767438584,0.7100971195905714,0.023112544738783426,0.03254842767438584,0.7100971195905714,0.023112544738783426,0.03254842767438584,0.7100971195905714,0.023112544738783426,0.04691788182448994,0.6697987117321563,0.03142553680324492,0.04691788182448994,0.6697987117321563,0.03142553680324492,0.04691788182448994,0.6697987117321563,0.03142553680324492
15757.87787787788,0.110245026576662,0.7742773823995548,0.08536023060034721,0.110245026576662,0.7742773823995548,0.08536023060034721,0.110245026576662,0.7742773823995548,0.08536023060034721,0.110245026576662,0.7742773823995548,0.08536023060034721,0.110245026576662,0.7742773823995548,0.08536023060034721,0.110245026576662,0.7742773823995548,0.08536023060034721,0.0803294796883815,0.7471053284163568,0.06001458230410332,0.0803294796883815,0.7471053284163568,0.06001458230410332,0.0803294796883815,0.7471053284163568,0.06001458230410332,0.032459567237738865,0.7100243531647437,0.023047083231983043,0.032459567237738865,0.7100243531647437,0.023047083231983043,0.032459567237738865,0.7100243531647437,0.023047083231983043,0.047063549902331345,0.6697520981010128,0.03152091129116813,0.047063549902331345,0.6697520981010128,0.03152091129116813,0.047063549902331345,0.6697520981010128,0.03152091129116813
15777.88788788789,0.1102452086525669,0.7741797938865832,0.0853496129116276,0.1102452086525669,0.7741797938865832,0.0853496129116276,0.1102452086525669,0.7741797938865832,0.0853496129116276,0.1102452086525669,0.7741797938865832,0.0853496129116276,0.1102452086525669,0.7741797938865832,0.0853496129116276,0.1102452086525669,0.7741797938865832,0.0853496129116276,0.08034026968460534,0.7470142492197464,0.0600153262405574,0.08034026968460534,0.7470142492197464,0.0600153262405574,0.08034026968460534,0.7470142492197464,0.0600153262405574,0.03238151450504991,0.7099517850731466,0.022989314026232173,0.03238151450504991,0.7099517850731466,0.022989314026232173,0.03238151450504991,0.7099517850731466,0.022989314026232173,0.04721343395694181,0.6697055742337721,0.031619099899681986,0.04721343395694181,0.6697055742337721,0.031619099899681986,0.04721343395694181,0.6697055742337721,0.031619099899681986
15797.8978978979,0.11019668361749102,0.7740825901657501,0.08530133428230313,0.11019668361749102,0.7740825901657501,0.08530133428230313,0.11019668361749102,0.7740825901657501,0.08530133428230313,0.11019668361749102,0.7740825901657501,0.08530133428230313,0.11019668361749102,0.7740825901657501,0.08530133428230313,0.11019668361749102,0.7740825901657501,0.08530133428230313,0.08034424650585043,0.7469232649846249,0.060010986922879345,0.08034424650585043,0.7469232649846249,0.060010986922879345,0.08034424650585043,0.7469232649846249,0.060010986922879345,0.032302203055057106,0.7098794102129548,0.022930668853303044,0.032302203055057106,0.7098794102129548,0.022930668853303044,0.032302203055057106,0.7098794102129548,0.022930668853303044,0.047365442083442684,0.6696591414571627,0.031718701280337186,0.047365442083442684,0.6696591414571627,0.031718701280337186,0.047365442083442684,0.6696591414571627,0.031718701280337186
15817.90790790791,0.11009724797490318,0.7739856484786636,0.08521368986957167,0.11009724797490318,0.7739856484786636,0.08521368986957167,0.11009724797490318,0.7739856484786636,0.08521368986957167,0.11009724797490318,0.7739856484786636,0.08521368986957167,0.11009724797490318,0.7739856484786636,0.08521368986957167,0.11009724797490318,0.7739856484786636,0.08521368986957167,0.08032737790662418,0.7468324092055275,0.059991089167167,0.08032737790662418,0.7468324092055275,0.059991089167167,0.08032737790662418,0.7468324092055275,0.059991089167167,0.032209568886843946,0.7098072180932784,0.022862584487554516,0.032209568886843946,0.7098072180932784,0.022862584487554516,0.032209568886843946,0.7098072180932784,0.022862584487554516,0.04751640755081858,0.6696128013556292,0.0318175947704594,0.04751640755081858,0.6696128013556292,0.0318175947704594,0.04751640755081858,0.6696128013556292,0.0318175947704594
15837.91791791792,0.10994864613058648,0.7738888825511775,0.08508803489201441,0.10994864613058648,0.7738888825511775,0.08508803489201441,0.10994864613058648,0.7738888825511775,0.08508803489201441,0.10994864613058648,0.7738888825511775,0.08508803489201441,0.10994864613058648,0.7738888825511775,0.08508803489201441,0.10994864613058648,0.7738888825511775,0.08508803489201441,0.08027884520379786,0.7467416773951476,0.05994755952682941,0.08027884520379786,0.7467416773951476,0.05994755952682941,0.08027884520379786,0.7467416773951476,0.05994755952682941,0.03209428973400813,0.7097351978529615,0.02277844707431653,0.03209428973400813,0.7097351978529615,0.02277844707431653,0.03209428973400813,0.7097351978529615,0.02277844707431653,0.047663632659975634,0.6695665555342759,0.0319139743443909,0.047663632659975634,0.6695665555342759,0.0319139743443909,0.047663632659975634,0.6695665555342759,0.0319139743443909
15857.927927927929,0.10975695802176882,0.7737922778990045,0.08492908656292991,0.10975695802176882,0.7737922778990045,0.08492908656292991,0.10975695802176882,0.7737922778990045,0.08492908656292991,0.10975695802176882,0.7737922778990045,0.08492908656292991,0.10975695802176882,0.7737922778990045,0.08492908656292991,0.10975695802176882,0.7737922778990045,0.08492908656292991,0.08019162383504165,0.7466510499805185,0.05987516013607662,0.08019162383504165,0.7466510499805185,0.05987516013607662,0.08019162383504165,0.7466510499805185,0.05987516013607662,0.03195211210321869,0.7096633375019742,0.0226752425154074,0.03195211210321869,0.7096633375019742,0.0226752425154074,0.03195211210321869,0.7096633375019742,0.0226752425154074,0.04780617286534486,0.6695204053678417,0.03200720823589081,0.04780617286534486,0.6695204053678417,0.03200720823589081,0.04780617286534486,0.6695204053678417,0.03200720823589081
15877.93793793794,0.10953180085891552,0.773695895011851,0.08474430469779848,0.10953180085891552,0.773695895011851,0.08474430469779848,0.10953180085891552,0.773695895011851,0.08474430469779848,0.10953180085891552,0.773695895011851,0.08474430469779848,0.10953180085891552,0.773695895011851,0.08474430469779848,0.10953180085891552,0.773695895011851,0.08474430469779848,0.08006296322543863,0.7465605308499997,0.059771848327007465,0.08006296322543863,0.7465605308499997,0.059771848327007465,0.08006296322543863,0.7465605308499997,0.059771848327007465,0.03178508754256727,0.7095916225862263,0.02255443184337556,0.03178508754256727,0.7095916225862263,0.02255443184337556,0.03178508754256727,0.7095916225862263,0.02255443184337556,0.04794526228380857,0.6694743517847511,0.032098123388602615,0.04794526228380857,0.6694743517847511,0.032098123388602615,0.04794526228380857,0.6694743517847511,0.032098123388602615
15897.94794794795,0.10928440210050025,0.7735998442646557,0.084542396445503,0.10928440210050025,0.7735998442646557,0.084542396445503,0.10928440210050025,0.7735998442646557,0.084542396445503,0.10928440210050025,0.7735998442646557,0.084542396445503,0.10928440210050025,0.7735998442646557,0.084542396445503,0.10928440210050025,0.7735998442646557,0.084542396445503,0.07989459467791228,0.7464701697795075,0.05963893165368612,0.07989459467791228,0.7464701697795075,0.05963893165368612,0.07989459467791228,0.7464701697795075,0.05963893165368612,0.03160107975059816,0.7095200340238363,0.02242159917983437,0.03160107975059816,0.7095200340238363,0.02242159917983437,0.03160107975059816,0.7095200340238363,0.02242159917983437,0.04808367139496306,0.6694283950967385,0.03218857497228907,0.04808367139496306,0.6694283950967385,0.03218857497228907,0.04808367139496306,0.6694283950967385,0.03218857497228907
15917.95795795796,0.10902659022714842,0.7735042163706978,0.08433252723721961,0.10902659022714842,0.7735042163706978,0.08433252723721961,0.10902659022714842,0.7735042163706978,0.08433252723721961,0.10902659022714842,0.7735042163706978,0.08433252723721961,0.10902659022714842,0.7735042163706978,0.08433252723721961,0.10902659022714842,0.7735042163706978,0.08433252723721961,0.07969259891592452,0.7463800415970179,0.059480965293842204,0.07969259891592452,0.7463800415970179,0.059480965293842204,0.07969259891592452,0.7463800415970179,0.059480965293842204,0.031411718248135524,0.7094485524973914,0.022284998042595643,0.031411718248135524,0.7094485524973914,0.022284998042595643,0.031411718248135524,0.7094485524973914,0.022284998042595643,0.048224385727959666,0.6693825348531822,0.03228056156031926,0.048224385727959666,0.6693825348531822,0.03228056156031926,0.048224385727959666,0.6693825348531822,0.03228056156031926
15937.96796796797,0.10877150135374823,0.7734089993122,0.08412485801568803,0.10877150135374823,0.7734089993122,0.08412485801568803,0.10877150135374823,0.7734089993122,0.08412485801568803,0.10877150135374823,0.7734089993122,0.08412485801568803,0.10877150135374823,0.7734089993122,0.08412485801568803,0.10877150135374823,0.7734089993122,0.08412485801568803,0.07946733693285701,0.7462902075192546,0.059305695370624384,0.07946733693285701,0.7462902075192546,0.059305695370624384,0.07946733693285701,0.7462902075192546,0.059305695370624384,0.031229471404814014,0.7093771662974383,0.022153473930113843,0.031229471404814014,0.7093771662974383,0.022153473930113843,0.031229471404814014,0.7093771662974383,0.022153473930113843,0.048369173830054284,0.6693367699267629,0.032375266575434644,0.048369173830054284,0.6693367699267629,0.032375266575434644,0.048369173830054284,0.6693367699267629,0.032375266575434644
15957.97797797798,0.1085340326414976,0.7733140525469777,0.08393089262126247,0.1085340326414976,0.7733140525469777,0.08393089262126247,0.1085340326414976,0.7733140525469777,0.08393089262126247,0.1085340326414976,0.7733140525469777,0.08393089262126247,0.1085340326414976,0.7733140525469777,0.08393089262126247,0.1085340326414976,0.7733140525469777,0.08393089262126247,0.07923306313958459,0.7462006825115605,0.05912376579223958,0.07923306313958459,0.7462006825115605,0.05912376579223958,0.07923306313958459,0.7462006825115605,0.05912376579223958,0.031064824542819513,0.7093058712049098,0.02203446243617226,0.031064824542819513,0.7093058712049098,0.02203446243617226,0.031064824542819513,0.7093058712049098,0.02203446243617226,0.048517764295834334,0.6692910986944931,0.03247250777175941,0.048517764295834334,0.6692910986944931,0.03247250777175941,0.048517764295834334,0.6692910986944931,0.03247250777175941
15977.98798798799,0.1083292011079805,0.7732191693646346,0.08376221489864714,0.1083292011079805,0.7732191693646346,0.08376221489864714,0.1083292011079805,0.7732191693646346,0.08376221489864714,0.1083292011079805,0.7732191693646346,0.08376221489864714,0.1083292011079805,0.7732191693646346,0.08376221489864714,0.1083292011079805,0.7732191693646346,0.08376221489864714,0.07900637980265557,0.7461114337538879,0.05894756331026356,0.07900637980265557,0.7461114337538879,0.05894756331026356,0.07900637980265557,0.7461114337538879,0.05894756331026356,0.030924143097315452,0.7092346665820595,0.02193247431896042,0.030924143097315452,0.7092346665820595,0.02193247431896042,0.030924143097315452,0.7092346665820595,0.02193247431896042,0.04866797893274952,0.6692455191616831,0.03257082682739781,0.04866797893274952,0.6692455191616831,0.03257082682739781,0.04866797893274952,0.6692455191616831,0.03257082682739781
15997.997997998,0.10816943381868901,0.7731241771359088,0.08362840451233108,0.10816943381868901,0.7731241771359088,0.08362840451233108,0.10816943381868901,0.7731241771359088,0.08362840451233108,0.10816943381868901,0.7731241771359088,0.08362840451233108,0.10816943381868901,0.7731241771359088,0.08362840451233108,0.10816943381868901,0.7731241771359088,0.08362840451233108,0.07880347848532186,0.7460224087525998,0.0587891608377035,0.07880347848532186,0.7460224087525998,0.0587891608377035,0.07880347848532186,0.7460224087525998,0.0587891608377035,0.030808665921716563,0.7091635475927067,0.021848382821643045,0.030808665921716563,0.7091635475927067,0.021848382821643045,0.030808665921716563,0.7091635475927067,0.021848382821643045,0.048816804206809346,0.669200029234783,0.03266820680234549,0.048816804206809346,0.669200029234783,0.03266820680234549,0.048816804206809346,0.669200029234783,0.03266820680234549
16018.00800800801,0.10806262350680097,0.7730290152240835,0.08353554343199325,0.10806262350680097,0.7730290152240835,0.08353554343199325,0.10806262350680097,0.7730290152240835,0.08353554343199325,0.10806262350680097,0.7730290152240835,0.08353554343199325,0.10806262350680097,0.7730290152240835,0.08353554343199325,0.10806262350680097,0.7730290152240835,0.08353554343199325,0.07863723295005323,0.74593357884646,0.05865815260501598,0.07863723295005323,0.74593357884646,0.05865815260501598,0.07863723295005323,0.74593357884646,0.05865815260501598,0.030714497538542742,0.7090925058861016,0.021779420026637773,0.030714497538542742,0.7090925058861016,0.021779420026637773,0.030714497538542742,0.7090925058861016,0.021779420026637773,0.04896185427064709,0.6691546269414389,0.032763051328835946,0.04896185427064709,0.6691546269414389,0.032763051328835946,0.04896185427064709,0.6691546269414389,0.032763051328835946
16038.01801801802,0.10801123032924985,0.7729337449241965,0.08348552475225704,0.10801123032924985,0.7729337449241965,0.08348552475225704,0.10801123032924985,0.7729337449241965,0.08348552475225704,0.10801123032924985,0.7729337449241965,0.08348552475225704,0.10801123032924985,0.7729337449241965,0.08348552475225704,0.10801123032924985,0.7729337449241965,0.08348552475225704,0.07851511767983547,0.7458449639300335,0.05856010511387923,0.07851511767983547,0.7458449639300335,0.05856010511387923,0.07851511767983547,0.7458449639300335,0.05856010511387923,0.030633381525495416,0.7090215360325639,0.021719727223078324,0.030633381525495416,0.7090215360325639,0.021719727223078324,0.030633381525495416,0.7090215360325639,0.021719727223078324,0.049102499016453575,0.669109310625449,0.03285493926688604,0.049102499016453575,0.669109310625449,0.03285493926688604,0.049102499016453575,0.669109310625449,0.03285493926688604
16058.02802802803,0.10801175855960275,0.7728385054389755,0.08347564605503886,0.10801175855960275,0.7728385054389755,0.08347564605503886,0.10801175855960275,0.7728385054389755,0.08347564605503886,0.10801175855960275,0.7728385054389755,0.08347564605503886,0.10801175855960275,0.7728385054389755,0.08347564605503886,0.10801175855960275,0.7728385054389755,0.08347564605503886,0.07843802604398772,0.7457566247170694,0.058495677552033866,0.07843802604398772,0.7457566247170694,0.058495677552033866,0.07843802604398772,0.7457566247170694,0.058495677552033866,0.030554206302044272,0.7089506449451856,0.02166142426362254,0.030554206302044272,0.7089506449451856,0.02166142426362254,0.030554206302044272,0.7089506449451856,0.02166142426362254,0.04924013704217095,0.6690640792504392,0.03294480695228555,0.04924013704217095,0.6690640792504392,0.03294480695228555,0.04924013704217095,0.6690640792504392,0.03294480695228555
16078.038038038037,0.10805448069301062,0.7727434475831089,0.0834983919375195,0.10805448069301062,0.7727434475831089,0.0834983919375195,0.10805448069301062,0.7727434475831089,0.0834983919375195,0.10805448069301062,0.7727434475831089,0.0834983919375195,0.10805448069301062,0.7727434475831089,0.0834983919375195,0.10805448069301062,0.7727434475831089,0.0834983919375195,0.07840021473933319,0.7456686157885629,0.05846057960220467,0.07840021473933319,0.7456686157885629,0.05846057960220467,0.07840021473933319,0.7456686157885629,0.05846057960220467,0.030465204017048973,0.7088798499831734,0.02159616925331245,0.030465204017048973,0.7088798499831734,0.02159616925331245,0.030465204017048973,0.7088798499831734,0.02159616925331245,0.04937748485722321,0.6690189324505202,0.0330344722062712,0.04937748485722321,0.6690189324505202,0.0330344722062712,0.04937748485722321,0.6690189324505202,0.0330344722062712
16098.048048048047,0.10812434118805563,0.7726486486205026,0.08354212610193333,0.10812434118805563,0.7726486486205026,0.08354212610193333,0.10812434118805563,0.7726486486205026,0.08354212610193333,0.10812434118805563,0.7726486486205026,0.08354212610193333,0.10812434118805563,0.7726486486205026,0.08354212610193333,0.10812434118805563,0.7726486486205026,0.08354212610193333,0.0783905916515253,0.7455809421651826,0.058446531180430326,0.0783905916515253,0.7455809421651826,0.058446531180430326,0.0783905916515253,0.7455809421651826,0.058446531180430326,0.030356579712888302,0.7088091696644923,0.02151702206014633,0.030356579712888302,0.7088091696644923,0.02151702206014633,0.030356579712888302,0.7088091696644923,0.02151702206014633,0.04951728978735007,0.6689738704371873,0.03312577300260339,0.04951728978735007,0.6689738704371873,0.03312577300260339,0.04951728978735007,0.6689738704371873,0.03312577300260339
16118.058058058057,0.10820357922644933,0.7725540561719787,0.08359311402371948,0.10820357922644933,0.7725540561719787,0.08359311402371948,0.10820357922644933,0.7725540561719787,0.08359311402371948,0.10820357922644933,0.7725540561719787,0.08359311402371948,0.10820357922644933,0.7725540561719787,0.08359311402371948,0.10820357922644933,0.7725540561719787,0.08359311402371948,0.07839498191828194,0.7454935509483366,0.058442953446790645,0.07839498191828194,0.7454935509483366,0.058442953446790645,0.07839498191828194,0.7454935509483366,0.058442953446790645,0.030222957792208256,0.7087386163926681,0.021420177288943687,0.030222957792208256,0.7087386163926681,0.021420177288943687,0.030222957792208256,0.7087386163926681,0.021420177288943687,0.04966101488895632,0.6689288939721184,0.03321968776320246,0.04966101488895632,0.6689288939721184,0.03321968776320246,0.04966101488895632,0.6689288939721184,0.03321968776320246
16138.06806806807,0.10827476219416607,0.772459499147696,0.0836378685748414,0.10827476219416607,0.772459499147696,0.0836378685748414,0.10827476219416607,0.772459499147696,0.0836378685748414,0.10827476219416607,0.772459499147696,0.0836378685748414,0.10827476219416607,0.772459499147696,0.0836378685748414,0.10827476219416607,0.772459499147696,0.0836378685748414,0.07839836684016116,0.7454063536396451,0.0584386407576278,0.07839836684016116,0.7454063536396451,0.0584386407576278,0.07839836684016116,0.7454063536396451,0.0584386407576278,0.030064790653808432,0.7086681956070854,0.021305960943939186,0.030064790653808432,0.7086681956070854,0.021305960943939186,0.030064790653808432,0.7086681956070854,0.021305960943939186,0.049808163516461765,0.6688840042505212,0.03331588385725567,0.049808163516461765,0.6688840042505212,0.03331588385725567,0.049808163516461765,0.6688840042505212,0.03331588385725567
16158.07807807808,0.1083226106872474,0.7723647713070766,0.08366456843084133,0.1083226106872474,0.7723647713070766,0.08366456843084133,0.1083226106872474,0.7723647713070766,0.08366456843084133,0.1083226106872474,0.7723647713070766,0.08366456843084133,0.1083226106872474,0.7723647713070766,0.08366456843084133,0.1083226106872474,0.7723647713070766,0.08366456843084133,0.07838670581498414,0.7453192719343741,0.05842312250735794,0.07838670581498414,0.7453192719343741,0.05842312250735794,0.07838670581498414,0.7453192719343741,0.05842312250735794,0.029888287443155984,0.7085979145210285,0.021178778150825372,0.029888287443155984,0.7085979145210285,0.021178778150825372,0.029888287443155984,0.7085979145210285,0.021178778150825372,0.049956524140279485,0.668839202680097,0.03341288177465355,0.049956524140279485,0.668839202680097,0.03341288177465355,0.049956524140279485,0.668839202680097,0.03341288177465355
16178.088088088089,0.10833474132920595,0.7722697421300506,0.08366364275003162,0.10833474132920595,0.7722697421300506,0.08366364275003162,0.10833474132920595,0.7722697421300506,0.08366364275003162,0.10833474132920595,0.7722697421300506,0.08366364275003162,0.10833474132920595,0.7722697421300506,0.08366364275003162,0.10833474132920595,0.7722697421300506,0.08366364275003162,0.07834842608077187,0.7452322724072895,0.05838777560770817,0.07834842608077187,0.7452322724072895,0.05838777560770817,0.07834842608077187,0.7452322724072895,0.05838777560770817,0.02970376611749952,0.7085277861106748,0.02104594364638121,0.02970376611749952,0.7085277861106748,0.02104594364638121,0.02970376611749952,0.7085277861106748,0.02104594364638121,0.05010326210387633,0.6687944906206983,0.0335087856571973,0.05010326210387633,0.6687944906206983,0.0335087856571973,0.05010326210387633,0.6687944906206983,0.0335087856571973
16198.098098098098,0.10830251543792702,0.7721744219939889,0.08362843225877635,0.10830251543792702,0.7721744219939889,0.08362843225877635,0.10830251543792702,0.7721744219939889,0.08362843225877635,0.10830251543792702,0.7721744219939889,0.08362843225877635,0.10830251543792702,0.7721744219939889,0.08362843225877635,0.10830251543792702,0.7721744219939889,0.08362843225877635,0.07827546304931146,0.7451453718740783,0.05832659902249486,0.07827546304931146,0.7451453718740783,0.05832659902249486,0.07827546304931146,0.7451453718740783,0.05832659902249486,0.0295230396820547,0.7084578263367508,0.02091582852000211,0.0295230396820547,0.7084578263367508,0.02091582852000211,0.0295230396820547,0.7084578263367508,0.02091582852000211,0.05024629151145003,0.6687498691457252,0.03360220087334017,0.05024629151145003,0.6687498691457252,0.03360220087334017,0.05024629151145003,0.6687498691457252,0.03360220087334017
16218.108108108108,0.10822214297050993,0.7720789425255397,0.08355603770251907,0.10822214297050993,0.7720789425255397,0.08355603770251907,0.10822214297050993,0.7720789425255397,0.08355603770251907,0.10822214297050993,0.7720789425255397,0.08355603770251907,0.10822214297050993,0.7720789425255397,0.08355603770251907,0.10822214297050993,0.7720789425255397,0.08355603770251907,0.07816359551603998,0.7450586065417203,0.0582364595574714,0.07816359551603998,0.7450586065417203,0.0582364595574714,0.07816359551603998,0.7450586065417203,0.0582364595574714,0.02935670735869283,0.7083880456980882,0.0207959405539551,0.02935670735869283,0.7083880456980882,0.0207959405539551,0.02935670735869283,0.7083880456980882,0.0207959405539551,0.050385253735159646,0.6687053388486459,0.033692888171944935,0.050385253735159646,0.6687053388486459,0.033692888171944935,0.050385253735159646,0.6687053388486459,0.033692888171944935
16238.118118118118,0.10809474381005219,0.7719834810134613,0.08344735660574237,0.10809474381005219,0.7719834810134613,0.08344735660574237,0.10809474381005219,0.7719834810134613,0.08344735660574237,0.10809474381005219,0.7719834810134613,0.08344735660574237,0.10809474381005219,0.7719834810134613,0.08344735660574237,0.10809474381005219,0.7719834810134613,0.08344735660574237,0.07801253859400188,0.7449719909386356,0.05811715619455073,0.07801253859400188,0.7449719909386356,0.05811715619455073,0.07801253859400188,0.7449719909386356,0.05811715619455073,0.02921195451523374,0.7083184474694881,0.020691366269779667,0.02921195451523374,0.7083184474694881,0.020691366269779667,0.02921195451523374,0.7083184474694881,0.020691366269779667,0.05052165698944776,0.668660899777483,0.033781856620813504,0.05052165698944776,0.668660899777483,0.033781856620813504,0.05052165698944776,0.668660899777483,0.033781856620813504
16258.128128128128,0.10792493052713191,0.7718881899994919,0.08330597928040877,0.10792493052713191,0.7718881899994919,0.08330597928040877,0.10792493052713191,0.7718881899994919,0.08330597928040877,0.10792493052713191,0.7718881899994919,0.08330597928040877,0.10792493052713191,0.7718881899994919,0.08330597928040877,0.10792493052713191,0.7718881899994919,0.08330597928040877,0.07782632926612758,0.7448854955997773,0.057971703846110896,0.07782632926612758,0.7448854955997773,0.057971703846110896,0.07782632926612758,0.7448854955997773,0.057971703846110896,0.029091326581206667,0.7082490301456384,0.020603903836789655,0.029091326581206667,0.7082490301456384,0.020603903836789655,0.029091326581206667,0.7082490301456384,0.020603903836789655,0.05065811712322758,0.6686165514242134,0.03387085557257632,0.05065811712322758,0.6686165514242134,0.03387085557257632,0.05065811712322758,0.6686165514242134,0.03387085557257632
16278.138138138138,0.10771935220823217,0.7717931366318258,0.0831370567167399,0.10771935220823217,0.7717931366318258,0.0831370567167399,0.10771935220823217,0.7717931366318258,0.0831370567167399,0.10771935220823217,0.7717931366318258,0.0831370567167399,0.10771935220823217,0.7717931366318258,0.0831370567167399,0.10771935220823217,0.7717931366318258,0.0831370567167399,0.07761368972035239,0.7447990636585872,0.05780660343080657,0.07761368972035239,0.7447990636585872,0.05780660343080657,0.07761368972035239,0.7447990636585872,0.05780660343080657,0.02899241557559216,0.7081797915668586,0.020531842819342602,0.02899241557559216,0.7081797915668586,0.020531842819342602,0.02899241557559216,0.7081797915668586,0.020531842819342602,0.050797117443047865,0.6685722926802455,0.0339615452704462,0.050797117443047865,0.6685722926802455,0.0339615452704462,0.050797117443047865,0.6685722926802455,0.0339615452704462
16298.148148148148,0.1074867290821015,0.7716982792100054,0.08294732387056977,0.1074867290821015,0.7716982792100054,0.08294732387056977,0.1074867290821015,0.7716982792100054,0.08294732387056977,0.1074867290821015,0.7716982792100054,0.08294732387056977,0.1074867290821015,0.7716982792100054,0.08294732387056977,0.1074867290821015,0.7716982792100054,0.08294732387056977,0.07738747565679703,0.7447126399191513,0.05763143129305237,0.07738747565679703,0.7447126399191513,0.05763143129305237,0.07738747565679703,0.7447126399191513,0.05763143129305237,0.028908359045621706,0.7081107294477021,0.020470319210931266,0.028908359045621706,0.7081107294477021,0.020470319210931266,0.028908359045621706,0.7081107294477021,0.020470319210931266,0.050939814839240226,0.6685281219859008,0.03405469874878679,0.050939814839240226,0.6685281219859008,0.03405469874878679,0.050939814839240226,0.6685281219859008,0.03405469874878679
16318.158158158158,0.10723845911647346,0.7716034981429536,0.08274557018973104,0.10723845911647346,0.7716034981429536,0.08274557018973104,0.10723845911647346,0.7716034981429536,0.08274557018973104,0.10723845911647346,0.7716034981429536,0.08274557018973104,0.10723845911647346,0.7716034981429536,0.08274557018973104,0.10723845911647346,0.7716034981429536,0.08274557018973104,0.07716310666026989,0.7446261973622572,0.05745767068909503,0.07716310666026989,0.7446261973622572,0.05745767068909503,0.07716310666026989,0.7446261973622572,0.05745767068909503,0.02882905496618961,0.7080418360574945,0.020412177010063322,0.02882905496618961,0.7080418360574945,0.020412177010063322,0.02882905496618961,0.7080418360574945,0.020412177010063322,0.05108550708548795,0.6684840375496772,0.03414984603677963,0.05108550708548795,0.6684840375496772,0.03414984603677963,0.05108550708548795,0.6684840375496772,0.03414984603677963
16338.168168168168,0.10698807620338421,0.7715086753941445,0.08254222895464075,0.10698807620338421,0.7715086753941445,0.08254222895464075,0.10698807620338421,0.7715086753941445,0.08254222895464075,0.10698807620338421,0.7715086753941445,0.08254222895464075,0.10698807620338421,0.7715086753941445,0.08254222895464075,0.10698807620338421,0.7715086753941445,0.08254222895464075,0.07695636102637196,0.7445397451228474,0.057297069424156806,0.07695636102637196,0.7445397451228474,0.057297069424156806,0.07695636102637196,0.7445397451228474,0.057297069424156806,0.02874315866260191,0.7079730985141857,0.02034938309944713,0.02874315866260191,0.7079730985141857,0.02034938309944713,0.02874315866260191,0.7079730985141857,0.02034938309944713,0.05123197669974646,0.6684400375295153,0.034245504427889775,0.05123197669974646,0.6684400375295153,0.034245504427889775,0.05123197669974646,0.6684400375295153,0.034245504427889775
16358.178178178177,0.10674981041226968,0.7714137784495415,0.08234827459890116,0.10674981041226968,0.7714137784495415,0.08234827459890116,0.10674981041226968,0.7714137784495415,0.08234827459890116,0.10674981041226968,0.7714137784495415,0.08234827459890116,0.10674981041226968,0.7714137784495415,0.08234827459890116,0.10674981041226968,0.7714137784495415,0.08234827459890116,0.0767808289097836,0.7444533132280778,0.05715974247428659,0.0767808289097836,0.7444533132280778,0.05715974247428659,0.0767808289097836,0.7444533132280778,0.05715974247428659,0.02864059242519811,0.707904501987222,0.02027480431737887,0.02864059242519811,0.707904501987222,0.02027480431737887,0.02864059242519811,0.707904501987222,0.02027480431737887,0.051376587692184124,0.6683961203075655,0.034339911888097284,0.051376587692184124,0.6683961203075655,0.034339911888097284,0.051376587692184124,0.6683961203075655,0.034339911888097284
16378.188188188189,0.10653746059285722,0.77131889308422,0.08217435617648634,0.10653746059285722,0.77131889308422,0.08217435617648634,0.10653746059285722,0.77131889308422,0.08217435617648634,0.10653746059285722,0.77131889308422,0.08217435617648634,0.10653746059285722,0.77131889308422,0.08217435617648634,0.10653746059285722,0.77131889308422,0.08217435617648634,0.07664547083470587,0.7443669204236477,0.057052353089650516,0.07664547083470587,0.7443669204236477,0.057052353089650516,0.07664547083470587,0.7443669204236477,0.057052353089650516,0.028515018750891075,0.7078360353717623,0.0201839578211822,0.028515018750891075,0.7078360353717623,0.0201839578211822,0.028515018750891075,0.7078360353717623,0.0201839578211822,0.051517558643269706,0.6683522846219327,0.034431878017373706,0.051517558643269706,0.6683522846219327,0.034431878017373706,0.051517558643269706,0.6683522846219327,0.034431878017373706
16398.1981981982,0.10636359658857779,0.7712241708536475,0.08203017658803775,0.10636359658857779,0.7712241708536475,0.08203017658803775,0.10636359658857779,0.7712241708536475,0.08203017658803775,0.10636359658857779,0.7712241708536475,0.08203017658803775,0.10636359658857779,0.7712241708536475,0.08203017658803775,0.10636359658857779,0.7712241708536475,0.08203017658803775,0.07655301153247014,0.7442805632830101,0.05697691854439764,0.07655301153247014,0.7442805632830101,0.05697691854439764,0.07655301153247014,0.7442805632830101,0.05697691854439764,0.028365441454299742,0.7077676901293924,0.020076142977610244,0.028365441454299742,0.7077676901293924,0.020076142977610244,0.028365441454299742,0.7077676901293924,0.020076142977610244,0.05165479606740736,0.6683085296448772,0.034521340808914995,0.05165479606740736,0.6683085296448772,0.034521340808914995,0.05165479606740736,0.6683085296448772,0.034521340808914995
16418.20820820821,0.10623810963842673,0.7711297497714863,0.08192336690167573,0.10623810963842673,0.7711297497714863,0.08192336690167573,0.10623810963842673,0.7711297497714863,0.08192336690167573,0.10623810963842673,0.7711297497714863,0.08192336690167573,0.10623810963842673,0.7711297497714863,0.08192336690167573,0.10623810963842673,0.7711297497714863,0.08192336690167573,0.07649986463205549,0.7441942284245368,0.05693075773443405,0.07649986463205549,0.7441942284245368,0.05693075773443405,0.07649986463205549,0.7441942284245368,0.05693075773443405,0.028196481466733803,0.7076994573567603,0.01995463463337746,0.028196481466733803,0.7076994573567603,0.01995463463337746,0.028196481466733803,0.7076994573567603,0.01995463463337746,0.0517899121326432,0.6682648551459904,0.034609378129344386,0.0517899121326432,0.6682648551459904,0.034609378129344386,0.0517899121326432,0.6682648551459904,0.034609378129344386
16438.21821821822,0.1061659361077689,0.7710356999301965,0.08185772685559811,0.1061659361077689,0.7710356999301965,0.08185772685559811,0.1061659361077689,0.7710356999301965,0.08185772685559811,0.1061659361077689,0.7710356999301965,0.08185772685559811,0.1061659361077689,0.7710356999301965,0.08185772685559811,0.1061659361077689,0.7710356999301965,0.08185772685559811,0.07647722378110665,0.7441079173630127,0.05690730771346434,0.07647722378110665,0.7441079173630127,0.05690730771346434,0.07647722378110665,0.7441079173630127,0.05690730771346434,0.02801711943590293,0.7076313234616569,0.0198257913060113,0.02801711943590293,0.7076313234616569,0.0198257913060113,0.02801711943590293,0.7076313234616569,0.0198257913060113,0.05192542640625686,0.6682212614750619,0.03469767393581945,0.05192542640625686,0.6682212614750619,0.03469767393581945,0.05192542640625686,0.6682212614750619,0.03469767393581945
16458.22822822823,0.10614535511478417,0.7709420057523684,0.08183191297348912,0.10614535511478417,0.7709420057523684,0.08183191297348912,0.10614535511478417,0.7709420057523684,0.08183191297348912,0.10614535511478417,0.7709420057523684,0.08183191297348912,0.10614535511478417,0.7709420057523684,0.08183191297348912,0.10614535511478417,0.7709420057523684,0.08183191297348912,0.07647268986959586,0.7440216595470877,0.056897337626806474,0.07647268986959586,0.7440216595470877,0.056897337626806474,0.07647268986959586,0.7440216595470877,0.056897337626806474,0.027838407388745594,0.7075632727529253,0.019697434640210048,0.027838407388745594,0.7075632727529253,0.019697434640210048,0.027838407388745594,0.7075632727529253,0.019697434640210048,0.0520635751891887,0.6681777494172653,0.03478772249652868,0.0520635751891887,0.6681777494172653,0.03478772249652868,0.0520635751891887,0.6681777494172653,0.03478772249652868
16478.23823823824,0.10616826339887228,0.7708485872365094,0.08183965585037431,0.10616826339887228,0.7708485872365094,0.08183965585037431,0.10616826339887228,0.7708485872365094,0.08183965585037431,0.10616826339887228,0.7708485872365094,0.08183965585037431,0.10616826339887228,0.7708485872365094,0.08183965585037431,0.10616826339887228,0.7708485872365094,0.08183965585037431,0.07647222284230284,0.7439355058834649,0.05689040178622163,0.07647222284230284,0.7439355058834649,0.05689040178622163,0.07647222284230284,0.7439355058834649,0.05689040178622163,0.027670871490940583,0.7074952953770921,0.019577011398824565,0.027670871490940583,0.7074952953770921,0.019577011398824565,0.027670871490940583,0.7074952953770921,0.019577011398824565,0.0522052352557789,0.6681343200405299,0.034880109360175736,0.0522052352557789,0.6681343200405299,0.034880109360175736,0.0522052352557789,0.6681343200405299,0.034880109360175736
16498.24824824825,0.10622198269948434,0.7707553467044175,0.08187116110317169,0.10622198269948434,0.7707553467044175,0.08187116110317169,0.10622198269948434,0.7707553467044175,0.08187116110317169,0.10622198269948434,0.7707553467044175,0.08187116110317169,0.10622198269948434,0.7707553467044175,0.08187116110317169,0.10622198269948434,0.7707553467044175,0.08187116110317169,0.07646215975745728,0.7438495033951025,0.05687633956410158,0.07646215975745728,0.7438495033951025,0.05687633956410158,0.07646215975745728,0.7438495033951025,0.05687633956410158,0.027522363082075067,0.7074273901103192,0.019470073484820966,0.027522363082075067,0.7074273901103192,0.019470073484820966,0.027522363082075067,0.7074273901103192,0.019470073484820966,0.052349524110151105,0.668090974518527,0.034974244578331974,0.052349524110151105,0.668090974518527,0.034974244578331974,0.052349524110151105,0.668090974518527,0.034974244578331974
16518.258258258258,0.10629118268603353,0.7706622365960476,0.08191460057925769,0.10629118268603353,0.7706622365960476,0.08191460057925769,0.10629118268603353,0.7706622365960476,0.08191460057925769,0.10629118268603353,0.7706622365960476,0.08191460057925769,0.10629118268603353,0.7706622365960476,0.08191460057925769,0.10629118268603353,0.7706622365960476,0.08191460057925769,0.07643079348086486,0.743763674228477,0.056846447783525975,0.07643079348086486,0.743763674228477,0.056846447783525975,0.07643079348086486,0.743763674228477,0.056846447783525975,0.02739659960524372,0.707359563378536,0.01937924673482177,0.02739659960524372,0.707359563378536,0.01937924673482177,0.02739659960524372,0.707359563378536,0.01937924673482177,0.05249422937214289,0.6680477139398072,0.03506864992709194,0.05249422937214289,0.6680477139398072,0.03506864992709194,0.05249422937214289,0.6680477139398072,0.03506864992709194
16538.268268268268,0.10635941328429149,0.7705693045590731,0.08195729912778754,0.10635941328429149,0.7705693045590731,0.08195729912778754,0.10635941328429149,0.7705693045590731,0.08195729912778754,0.10635941328429149,0.7705693045590731,0.08195729912778754,0.10635941328429149,0.7705693045590731,0.08195729912778754,0.10635941328429149,0.7705693045590731,0.08195729912778754,0.07636915499841672,0.7436780064304293,0.056794060941999,0.07636915499841672,0.7436780064304293,0.056794060941999,0.07636915499841672,0.7436780064304293,0.056794060941999,0.02729260489274444,0.7072918215453222,0.01930383622930599,0.02729260489274444,0.7072918215453222,0.01930383622930599,0.02729260489274444,0.7072918215453222,0.01930383622930599,0.052636899317229466,0.6680045391302813,0.03516168766965289,0.052636899317229466,0.6680045391302813,0.03516168766965289,0.052636899317229466,0.6680045391302813,0.03516168766965289
16558.278278278278,0.10641081449340584,0.7704766739186889,0.08198705041985795,0.10641081449340584,0.7704766739186889,0.08198705041985795,0.10641081449340584,0.7704766739186889,0.08198705041985795,0.10641081449340584,0.7704766739186889,0.08198705041985795,0.10641081449340584,0.7704766739186889,0.08198705041985795,0.10641081449340584,0.7704766739186889,0.08198705041985795,0.07627151420742846,0.7435924737311886,0.05671492392472523,0.07627151420742846,0.7435924737311886,0.05671492392472523,0.07627151420742846,0.7435924737311886,0.05671492392472523,0.02720492088637234,0.7072241675764006,0.019239977527846515,0.02720492088637234,0.7072241675764006,0.019239977527846515,0.02720492088637234,0.7072241675764006,0.019239977527846515,0.05277601759263486,0.6679614505045727,0.035252345263031226,0.05277601759263486,0.6679614505045727,0.035252345263031226,0.05277601759263486,0.6679614505045727,0.035252345263031226
16578.288288288288,0.10643224444708069,0.7703844643102943,0.08199374762370655,0.10643224444708069,0.7703844643102943,0.08199374762370655,0.10643224444708069,0.7703844643102943,0.08199374762370655,0.10643224444708069,0.7703844643102943,0.08199374762370655,0.10643224444708069,0.7703844643102943,0.08199374762370655,0.10643224444708069,0.7703844643102943,0.08199374762370655,0.07613597650583752,0.7435070709130818,0.05660763688296246,0.07613597650583752,0.7435070709130818,0.05660763688296246,0.07613597650583752,0.7435070709130818,0.05660763688296246,0.02712455464431139,0.7071566025647109,0.019181307908352093,0.02712455464431139,0.7071566025647109,0.019181307908352093,0.02712455464431139,0.7071566025647109,0.019181307908352093,0.05291170478723302,0.6679184479311023,0.035340703738877356,0.05291170478723302,0.6679184479311023,0.035340703738877356,0.05291170478723302,0.6679184479311023,0.035340703738877356
16598.298298298298,0.10641479242661663,0.7702927190533571,0.0819705398057971,0.10641479242661663,0.7702927190533571,0.0819705398057971,0.10641479242661663,0.7702927190533571,0.0819705398057971,0.10641479242661663,0.7702927190533571,0.0819705398057971,0.10641479242661663,0.7702927190533571,0.0819705398057971,0.10641479242661663,0.7702927190533571,0.0819705398057971,0.07596497687005677,0.743421836115182,0.056474022585184934,0.07596497687005677,0.743421836115182,0.056474022585184934,0.07596497687005677,0.743421836115182,0.056474022585184934,0.027040745542118532,0.7070891330601036,0.019120217322675454,0.027040745542118532,0.7070891330601036,0.019120217322675454,0.027040745542118532,0.7070891330601036,0.019120217322675454,0.053045633356235335,0.6678755307572131,0.0354278805321482,0.053045633356235335,0.6678755307572131,0.0354278805321482,0.053045633356235335,0.6678755307572131,0.0354278805321482
16618.308308308307,0.10635374406378849,0.7702013832670763,0.0819138007935625,0.10635374406378849,0.7702013832670763,0.0819138007935625,0.10635374406378849,0.7702013832670763,0.0819138007935625,0.10635374406378849,0.7702013832670763,0.0819138007935625,0.10635374406378849,0.7702013832670763,0.0819138007935625,0.10635374406378849,0.7702013832670763,0.0819138007935625,0.07576540895899751,0.7433368363611972,0.05631921940119352,0.07576540895899751,0.7433368363611972,0.05631921940119352,0.07576540895899751,0.7433368363611972,0.05631921940119352,0.02694332873049564,0.7070217724093126,0.01904952003364178,0.02694332873049564,0.7070217724093126,0.01904952003364178,0.02694332873049564,0.7070217724093126,0.01904952003364178,0.05318020550971046,0.6678326979133391,0.035515480121135756,0.05318020550971046,0.6678326979133391,0.035515480121135756,0.05318020550971046,0.6678326979133391,0.035515480121135756
16638.31831831832,0.10624773260277755,0.7701103254821032,0.08182247593646048,0.10624773260277755,0.7701103254821032,0.08182247593646048,0.10624773260277755,0.7701103254821032,0.08182247593646048,0.10624773260277755,0.7701103254821032,0.08182247593646048,0.10624773260277755,0.7701103254821032,0.08182247593646048,0.10624773260277755,0.7701103254821032,0.08182247593646048,0.07554836884693375,0.7432521362117173,0.05615148653279426,0.07554836884693375,0.7432521362117173,0.05615148653279426,0.07554836884693375,0.7432521362117173,0.05615148653279426,0.026825181502004764,0.7069545366392633,0.018964183759013917,0.026825181502004764,0.7069545366392633,0.018964183759013917,0.026825181502004764,0.7069545366392633,0.018964183759013917,0.05331741867570015,0.6677899479773071,0.0356048362437301,0.05331741867570015,0.6677899479773071,0.0356048362437301,0.05331741867570015,0.6677899479773071,0.0356048362437301
16658.328328328327,0.10609857640708806,0.7700193958442987,0.0816979617049261,0.10609857640708806,0.7700193958442987,0.0816979617049261,0.10609857640708806,0.7700193958442987,0.0816979617049261,0.10609857640708806,0.7700193958442987,0.0816979617049261,0.10609857640708806,0.7700193958442987,0.0816979617049261,0.10609857640708806,0.7700193958442987,0.0816979617049261,0.07532814543817987,0.7431677622028964,0.05598144927618645,0.07532814543817987,0.7431677622028964,0.05598144927618645,0.07532814543817987,0.7431677622028964,0.05598144927618645,0.026684025138564674,0.7068874394552939,0.018862602204560677,0.026684025138564674,0.7068874394552939,0.018862602204560677,0.026684025138564674,0.7068874394552939,0.018862602204560677,0.05345790438620826,0.6677472793674211,0.035696370214574294,0.05345790438620826,0.6677472793674211,0.035696370214574294,0.05345790438620826,0.6677472793674211,0.035696370214574294
16678.338338338337,0.10591158674348052,0.7699284870077914,0.08154434773800241,0.10591158674348052,0.7699284870077914,0.08154434773800241,0.10591158674348052,0.7699284870077914,0.08154434773800241,0.10591158674348052,0.7699284870077914,0.08154434773800241,0.10591158674348052,0.7699284870077914,0.08154434773800241,0.10591158674348052,0.7699284870077914,0.08154434773800241,0.0751201677809045,0.7430836876848298,0.05582057129413765,0.0751201677809045,0.7430836876848298,0.05582057129413765,0.0751201677809045,0.7430836876848298,0.05582057129413765,0.026522942931232127,0.7068204891105632,0.018746959495305048,0.026522942931232127,0.7068204891105632,0.018746959495305048,0.026522942931232127,0.7068204891105632,0.018746959495305048,0.053600649380460816,0.6677046905190157,0.03578940500619886,0.053600649380460816,0.6677046905190157,0.03578940500619886,0.053600649380460816,0.6677046905190157,0.03578940500619886
16698.348348348347,0.10569514845012881,0.7698375838386943,0.08136809770631928,0.10569514845012881,0.7698375838386943,0.08136809770631928,0.10569514845012881,0.7698375838386943,0.08136809770631928,0.10569514845012881,0.7698375838386943,0.08136809770631928,0.10569514845012881,0.7698375838386943,0.08136809770631928,0.10569514845012881,0.7698375838386943,0.08136809770631928,0.07493828101429499,0.7429998484952605,0.05567913144011643,0.07493828101429499,0.7429998484952605,0.05567913144011643,0.07493828101429499,0.7429998484952605,0.05567913144011643,0.02634952856346574,0.706753692196104,0.018622626599856116,0.02634952856346574,0.706753692196104,0.018622626599856116,0.02634952856346574,0.706753692196104,0.018622626599856116,0.053743492294229096,0.6676621800318647,0.03588249722769072,0.053743492294229096,0.6676621800318647,0.03588249722769072,0.053743492294229096,0.6676621800318647,0.03588249722769072
16718.358358358357,0.1054595240683561,0.769746773747026,0.08117712841251395,0.1054595240683561,0.769746773747026,0.08117712841251395,0.1054595240683561,0.769746773747026,0.08117712841251395,0.1054595240683561,0.769746773747026,0.08117712841251395,0.1054595240683561,0.769746773747026,0.08117712841251395,0.1054595240683561,0.769746773747026,0.08117712841251395,0.0747923356254769,0.7429161844624481,0.05556443660991412,0.0747923356254769,0.7429161844624481,0.05556443660991412,0.0747923356254769,0.7429161844624481,0.05556443660991412,0.02617391683949685,0.7066870551884638,0.01849676821405177,0.02617391683949685,0.7066870551884638,0.01849676821405177,0.02617391683949685,0.7066870551884638,0.01849676821405177,0.05388419138565002,0.6676197469025236,0.0359741502149348,0.05388419138565002,0.6676197469025236,0.0359741502149348,0.05388419138565002,0.6676197469025236,0.0359741502149348
16738.368368368367,0.10521619631074589,0.7696561917996859,0.08098029696817684,0.10521619631074589,0.7696561917996859,0.08098029696817684,0.10521619631074589,0.7696561917996859,0.08098029696817684,0.10521619631074589,0.7696561917996859,0.08098029696817684,0.10521619631074589,0.7696561917996859,0.08098029696817684,0.10521619631074589,0.7696561917996859,0.08098029696817684,0.07468678752962822,0.7428326734064267,0.0554797860487715,0.07468678752962822,0.7428326734064267,0.0554797860487715,0.07468678752962822,0.7428326734064267,0.0554797860487715,0.026006376472384664,0.7066205836370772,0.018376640921202007,0.026006376472384664,0.7066205836370772,0.018376640921202007,0.026006376472384664,0.7066205836370772,0.018376640921202007,0.05402149530712052,0.6675773905952145,0.03606352887317914,0.05402149530712052,0.6675773905952145,0.03606352887317914,0.05402149530712052,0.6675773905952145,0.03606352887317914
16758.37837837838,0.10497813877084189,0.7695659300820117,0.08078759900146143,0.10497813877084189,0.7695659300820117,0.08078759900146143,0.10497813877084189,0.7695659300820117,0.08078759900146143,0.10497813877084189,0.7695659300820117,0.08078759900146143,0.10497813877084189,0.7695659300820117,0.08078759900146143,0.10497813877084189,0.7695659300820117,0.08078759900146143,0.07462021107257746,0.7427493406251101,0.05542411257146345,0.07462021107257746,0.7427493406251101,0.05542411257146345,0.07462021107257746,0.7427493406251101,0.05542411257146345,0.02585517456395907,0.7065542780580304,0.01826808419810245,0.02585517456395907,0.7065542780580304,0.01826808419810245,0.02585517456395907,0.7065542780580304,0.01826808419810245,0.05415571921958146,0.6675351110213749,0.03615084404168572,0.05415571921958146,0.6675351110213749,0.03615084404168572,0.05415571921958146,0.6675351110213749,0.03615084404168572
16778.38838838839,0.10475964779933515,0.7694759739354549,0.08061003201952864,0.10475964779933515,0.7694759739354549,0.08061003201952864,0.10475964779933515,0.7694759739354549,0.08061003201952864,0.10475964779933515,0.7694759739354549,0.08061003201952864,0.10475964779933515,0.7694759739354549,0.08061003201952864,0.10475964779933515,0.7694759739354549,0.08061003201952864,0.07458578293381025,0.7426662302881732,0.055392342244544826,0.07458578293381025,0.7426662302881732,0.055392342244544826,0.07458578293381025,0.7426662302881732,0.055392342244544826,0.025724997157213006,0.7064881350438355,0.018174405265607384,0.025724997157213006,0.7064881350438355,0.018174405265607384,0.025724997157213006,0.7064881350438355,0.018174405265607384,0.054288569316792545,0.6674929085458022,0.03623723503405625,0.054288569316792545,0.6674929085458022,0.03623723503405625,0.054288569316792545,0.6674929085458022,0.03623723503405625
16798.3983983984,0.10457451221406476,0.7693862065728881,0.08045818725658944,0.10457451221406476,0.7693862065728881,0.08045818725658944,0.10457451221406476,0.7693862065728881,0.08045818725658944,0.10457451221406476,0.7693862065728881,0.08045818725658944,0.10457451221406476,0.7693862065728881,0.08045818725658944,0.10457451221406476,0.7693862065728881,0.08045818725658944,0.074572715752327,0.7425833678310473,0.055376458411670375,0.074572715752327,0.7425833678310473,0.055376458411670375,0.074572715752327,0.7425833678310473,0.055376458411670375,0.025616164282073667,0.7064221496775019,0.018095825838634522,0.025616164282073667,0.7064221496775019,0.018095825838634522,0.025616164282073667,0.7064221496775019,0.018095825838634522,0.054422308064667205,0.6674507839027327,0.03632421217955814,0.054422308064667205,0.6674507839027327,0.03632421217955814,0.054422308064667205,0.6674507839027327,0.03632421217955814
16818.40840840841,0.10443336865988098,0.7692964590696388,0.08034022071876064,0.10443336865988098,0.7692964590696388,0.08034022071876064,0.10443336865988098,0.7692964590696388,0.08034022071876064,0.10443336865988098,0.7692964590696388,0.08034022071876064,0.10443336865988098,0.7692964590696388,0.08034022071876064,0.10443336865988098,0.7692964590696388,0.08034022071876064,0.07456822384504966,0.742500736003385,0.05536696108741453,0.07456822384504966,0.742500736003385,0.05536696108741453,0.07456822384504966,0.742500736003385,0.05536696108741453,0.02552456749661044,0.7063563176782442,0.01802943950723555,0.02552456749661044,0.7063563176782442,0.01802943950723555,0.02552456749661044,0.7063563176782442,0.01802943950723555,0.05455868258503542,0.6674087380526947,0.036412941493896026,0.05455868258503542,0.6674087380526947,0.036412941493896026,0.05455868258503542,0.6674087380526947,0.036412941493896026
16838.41841841842,0.10434188228749737,0.7692065802372726,0.0802604624498859,0.10434188228749737,0.7692065802372726,0.0802604624498859,0.10434188228749737,0.7692065802372726,0.0802604624498859,0.10434188228749737,0.7692065802372726,0.0802604624498859,0.10434188228749737,0.7692065802372726,0.0802604624498859,0.10434188228749737,0.7692065802372726,0.0802604624498859,0.074559309247985,0.7424182772913103,0.05535419392791908,0.074559309247985,0.7424182772913103,0.05535419392791908,0.074559309247985,0.7424182772913103,0.05535419392791908,0.025442389121501194,0.7062906342857875,0.017969721150370897,0.025442389121501194,0.7062906342857875,0.017969721150370897,0.025442389121501194,0.7062906342857875,0.017969721150370897,0.05469807976213349,0.667366772006813,0.03650368092582622,0.05469807976213349,0.667366772006813,0.03650368092582622,0.05469807976213349,0.667366772006813,0.03650368092582622
16858.428428428433,0.10430021991124232,0.7691164936873066,0.0802190194289497,0.10430021991124232,0.7691164936873066,0.0802190194289497,0.10430021991124232,0.7691164936873066,0.0802190194289497,0.10430021991124232,0.7691164936873066,0.0802190194289497,0.10430021991124232,0.7691164936873066,0.0802190194289497,0.10430021991124232,0.7691164936873066,0.0802190194289497,0.0745340590111773,0.7423359164928018,0.055329309005990875,0.0745340590111773,0.7423359164928018,0.055329309005990875,0.0745340590111773,0.7423359164928018,0.055329309005990875,0.025359583384645886,0.7062250888492927,0.017909574029002586,0.025359583384645886,0.7062250888492927,0.017909574029002586,0.025359583384645886,0.7062250888492927,0.017909574029002586,0.05483936208845575,0.6673248866423279,0.03659567108921631,0.05483936208845575,0.6673248866423279,0.03659567108921631,0.05483936208845575,0.6673248866423279,0.03659567108921631
16878.438438438443,0.1043031788820905,0.7690262247888169,0.0802118798891667,0.1043031788820905,0.7690262247888169,0.0802118798891667,0.1043031788820905,0.7690262247888169,0.0802118798891667,0.1043031788820905,0.7690262247888169,0.0802118798891667,0.1043031788820905,0.7690262247888169,0.0802118798891667,0.1043031788820905,0.7690262247888169,0.0802118798891667,0.07448274352100612,0.7422536002349897,0.05528508453384614,0.07448274352100612,0.7422536002349897,0.05528508453384614,0.07448274352100612,0.7422536002349897,0.05528508453384614,0.025266092912393904,0.7061596658026866,0.017841895727155707,0.025266092912393904,0.7061596658026866,0.017841895727155707,0.025266092912393904,0.7061596658026866,0.017841895727155707,0.05498042163022079,0.6672830825369009,0.03668750522459223,0.05498042163022079,0.6672830825369009,0.03668750522459223,0.05498042163022079,0.6672830825369009,0.03668750522459223
16898.44844844845,0.10434057679019562,0.7689358855947713,0.08023121381763831,0.10434057679019562,0.7689358855947713,0.08023121381763831,0.10434057679019562,0.7689358855947713,0.08023121381763831,0.10434057679019562,0.7689358855947713,0.08023121381763831,0.10434057679019562,0.7689358855947713,0.08023121381763831,0.10434057679019562,0.7689358855947713,0.08023121381763831,0.07439859849853553,0.7421713153111869,0.05521650570496701,0.07439859849853553,0.7421713153111869,0.05521650570496701,0.07439859849853553,0.7421713153111869,0.05521650570496701,0.025154241095268367,0.7060943487603779,0.017761267484725052,0.025154241095268367,0.7060943487603779,0.017761267484725052,0.025154241095268367,0.7060943487603779,0.017761267484725052,0.055119217589388106,0.667241359886533,0.036777821700225026,0.055119217589388106,0.667241359886533,0.036777821700225026,0.055119217589388106,0.667241359886533,0.036777821700225026
16918.45845845846,0.10439835715283446,0.7688456073119813,0.08026621830754414,0.10439835715283446,0.7688456073119813,0.08026621830754414,0.10439835715283446,0.7688456073119813,0.08026621830754414,0.10439835715283446,0.7688456073119813,0.08026621830754414,0.10439835715283446,0.7688456073119813,0.08026621830754414,0.10439835715283446,0.7688456073119813,0.08026621830754414,0.0742783144379108,0.7420890774539854,0.05512112583606628,0.0742783144379108,0.7420890774539854,0.05512112583606628,0.0742783144379108,0.7420890774539854,0.05512112583606628,0.025020644705650883,0.7060291271154018,0.017665303941395292,0.025020644705650883,0.7060291271154018,0.017665303941395292,0.025020644705650883,0.7060291271154018,0.017665303941395292,0.055254745205191136,0.6671997184766207,0.03686595044540093,0.055254745205191136,0.6671997184766207,0.03686595044540093,0.055254745205191136,0.6671997184766207,0.03686595044540093
16938.46846846847,0.1044607883587518,0.7687554682609914,0.08030480226964457,0.1044607883587518,0.7687554682609914,0.08030480226964457,0.1044607883587518,0.7687554682609914,0.08030480226964457,0.1044607883587518,0.7687554682609914,0.08030480226964457,0.1044607883587518,0.7687554682609914,0.08030480226964457,0.1044607883587518,0.7687554682609914,0.08030480226964457,0.07412251343928958,0.74200690386034,0.054999416703433696,0.07412251343928958,0.74200690386034,0.054999416703433696,0.07412251343928958,0.74200690386034,0.054999416703433696,0.024866989041866756,0.705963995867537,0.01755519894919051,0.024866989041866756,0.705963995867537,0.01755519894919051,0.024866989041866756,0.705963995867537,0.01755519894919051,0.0553874961491992,0.6671581576293891,0.036952219886604624,0.0553874961491992,0.6671581576293891,0.036952219886604624,0.0553874961491992,0.6671581576293891,0.036952219886604624
16958.47847847848,0.10451289970394434,0.7686654570968525,0.08033545582344988,0.10451289970394434,0.7686654570968525,0.08033545582344988,0.10451289970394434,0.7686654570968525,0.08033545582344988,0.10451289970394434,0.7686654570968525,0.08033545582344988,0.10451289970394434,0.7686654570968525,0.08033545582344988,0.10451289970394434,0.7686654570968525,0.08033545582344988,0.07393629308492607,0.741924795362652,0.054855169116906834,0.07393629308492607,0.741924795362652,0.054855169116906834,0.07393629308492607,0.741924795362652,0.054855169116906834,0.02469952390294396,0.7058989527495786,0.017435368056501324,0.02469952390294396,0.7058989527495786,0.017435368056501324,0.02469952390294396,0.7058989527495786,0.017435368056501324,0.05551920372221102,0.6671166762860349,0.03703778665720867,0.05551920372221102,0.6671166762860349,0.03703778665720867,0.05551920372221102,0.6671166762860349,0.03703778665720867
16978.48848848849,0.10454193990596942,0.7685754903724827,0.08034837272772108,0.10454193990596942,0.7685754903724827,0.08034837272772108,0.10454193990596942,0.7685754903724827,0.08034837272772108,0.10454193990596942,0.7685754903724827,0.08034837272772108,0.10454193990596942,0.7685754903724827,0.08034837272772108,0.10454193990596942,0.7685754903724827,0.08034837272772108,0.07372926005250842,0.7418427312579855,0.05469551565098313,0.07372926005250842,0.7418427312579855,0.05469551565098313,0.07372926005250842,0.7418427312579855,0.05469551565098313,0.024527412610198092,0.7058339924848194,0.017312281567978625,0.024527412610198092,0.7058339924848194,0.017312281567978625,0.024527412610198092,0.7058339924848194,0.017312281567978625,0.055652002021047094,0.6670752731494783,0.03712407444950531,0.055652002021047094,0.6670752731494783,0.03712407444950531,0.055652002021047094,0.6670752731494783,0.03712407444950531
16998.4984984985,0.1045378691189331,0.7684854661947044,0.08033583308486429,0.1045378691189331,0.7684854661947044,0.08033583308486429,0.1045378691189331,0.7684854661947044,0.08033583308486429,0.1045378691189331,0.7684854661947044,0.08033583308486429,0.1045378691189331,0.7684854661947044,0.08033583308486429,0.1045378691189331,0.7684854661947044,0.08033583308486429,0.07351451616373902,0.7417606855020604,0.05453017790396736,0.07351451616373902,0.7417606855020604,0.05453017790396736,0.07351451616373902,0.7417606855020604,0.05453017790396736,0.024360546022197404,0.7057691067128192,0.017192920805122785,0.024360546022197404,0.7057691067128192,0.017192920805122785,0.024360546022197404,0.7057691067128192,0.017192920805122785,0.05578741734211043,0.6670339468052326,0.0372121011717786,0.05578741734211043,0.6670339468052326,0.0372121011717786,0.05578741734211043,0.6670339468052326,0.0372121011717786
17018.50850850851,0.1044938438594544,0.7683953211104946,0.08029258070645534,0.1044938438594544,0.7683953211104946,0.08029258070645534,0.1044938438594544,0.7683953211104946,0.08029258070645534,0.1044938438594544,0.7683953211104946,0.08029258070645534,0.1044938438594544,0.7683953211104946,0.08029258070645534,0.1044938438594544,0.7683953211104946,0.08029258070645534,0.0733066882128857,0.7416786439597851,0.05437000510691583,0.0733066882128857,0.7416786439597851,0.05437000510691583,0.0733066882128857,0.7416786439597851,0.05437000510691583,0.02420741366833131,0.7057042899901242,0.017083275675306975,0.02420741366833131,0.7057042899901242,0.017083275675306975,0.02420741366833131,0.7057042899901242,0.017083275675306975,0.05592563253731909,0.666992695932509,0.0373019884177973,0.05592563253731909,0.666992695932509,0.0373019884177973,0.05592563253731909,0.666992695932509,0.0373019884177973
17038.51851851852,0.10440694437363231,0.7683050625926541,0.08021638393209132,0.10440694437363231,0.7683050625926541,0.08021638393209132,0.10440694437363231,0.7683050625926541,0.08021638393209132,0.10440694437363231,0.7683050625926541,0.08021638393209132,0.10440694437363231,0.7683050625926541,0.08021638393209132,0.10440694437363231,0.7683050625926541,0.08021638393209132,0.07311960895860756,0.7415966156810941,0.05422525454362838,0.07311960895860756,0.7415966156810941,0.05422525454362838,0.07311960895860756,0.7415966156810941,0.05422525454362838,0.024073513478751054,0.7056395434376768,0.01698722306008665,0.024073513478751054,0.7056395434376768,0.01698722306008665,0.024073513478751054,0.7056395434376768,0.01698722306008665,0.05606542378698315,0.6669515194247101,0.0373929195819187,0.05606542378698315,0.6669515194247101,0.0373929195819187,0.05606542378698315,0.6669515194247101,0.0373929195819187
17058.528528528528,0.10427820833936342,0.7682147629664777,0.08010805910199305,0.10427820833936342,0.7682147629664777,0.08010805910199305,0.10427820833936342,0.7682147629664777,0.08010805910199305,0.10427820833936342,0.7682147629664777,0.08010805910199305,0.10427820833936342,0.7682147629664777,0.08010805910199305,0.10427820833936342,0.7682147629664777,0.08010805910199305,0.07296408159059921,0.7415146254349649,0.05410393363085939,0.07296408159059921,0.7415146254349649,0.05410393363085939,0.07296408159059921,0.7415146254349649,0.05410393363085939,0.023960326227238444,0.7055748761432181,0.016905804210134864,0.023960326227238444,0.7055748761432181,0.016905804210134864,0.023960326227238444,0.7055748761432181,0.016905804210134864,0.056204756474754695,0.6669104164626267,0.03748353754775917,0.056204756474754695,0.6669104164626267,0.03748353754775917,0.056204756474754695,0.6669104164626267,0.03748353754775917
17078.538538538538,0.104111638646173,0.7681245295343383,0.07997070345414066,0.104111638646173,0.7681245295343383,0.07997070345414066,0.104111638646173,0.7681245295343383,0.07997070345414066,0.104111638646173,0.7681245295343383,0.07997070345414066,0.104111638646173,0.7681245295343383,0.07997070345414066,0.104111638646173,0.7681245295343383,0.07997070345414066,0.072846084789074,0.7414326945596538,0.05401046893328415,0.072846084789074,0.7414326945596538,0.05401046893328415,0.072846084789074,0.7414326945596538,0.05401046893328415,0.02386503081183355,0.7055102994940059,0.016837025035490366,0.02386503081183355,0.7055102994940059,0.016837025035490366,0.02386503081183355,0.7055102994940059,0.016837025035490366,0.05634178337873844,0.6668693866511556,0.037572610524611576,0.05634178337873844,0.6668693866511556,0.037572610524611576,0.05634178337873844,0.6668693866511556,0.037572610524611576
17098.548548548548,0.1039132097385708,0.768034450402115,0.07980892493108292,0.1039132097385708,0.768034450402115,0.07980892493108292,0.1039132097385708,0.768034450402115,0.07980892493108292,0.1039132097385708,0.768034450402115,0.07980892493108292,0.1039132097385708,0.768034450402115,0.07980892493108292,0.1039132097385708,0.768034450402115,0.07980892493108292,0.07276598405682333,0.7413508253334258,0.053945122336724875,0.07276598405682333,0.7413508253334258,0.053945122336724875,0.07276598405682333,0.7413508253334258,0.053945122336724875,0.023780965741880013,0.7054458229447665,0.016776182948201847,0.023780965741880013,0.7054458229447665,0.016776182948201847,0.023780965741880013,0.7054458229447665,0.016776182948201847,0.05647571459462626,0.6668284300331835,0.03765961209813678,0.05647571459462626,0.6668284300331835,0.03765961209813678,0.05647571459462626,0.6668284300331835,0.03765961209813678
17118.558558558558,0.10369101349247747,0.7679445552102789,0.07962894923578365,0.10369101349247747,0.7679445552102789,0.07962894923578365,0.10369101349247747,0.7679445552102789,0.07962894923578365,0.10369101349247747,0.7679445552102789,0.07962894923578365,0.10369101349247747,0.7679445552102789,0.07962894923578365,0.10369101349247747,0.7679445552102789,0.07962894923578365,0.0727188971489409,0.7412690120193454,0.053904265044731815,0.0727188971489409,0.7412690120193454,0.053904265044731815,0.0727188971489409,0.7412690120193454,0.053904265044731815,0.023698874122942564,0.705381452514554,0.016716746251800804,0.023698874122942564,0.705381452514554,0.016716746251800804,0.023698874122942564,0.705381452514554,0.016716746251800804,0.056607174403654065,0.6667875470196076,0.037744958964323616,0.056607174403654065,0.6667875470196076,0.037744958964323616,0.056607174403654065,0.6667875470196076,0.037744958964323616
17138.568568568568,0.10345583675683252,0.7678548166774057,0.07943906256712525,0.10345583675683252,0.7678548166774057,0.07943906256712525,0.10345583675683252,0.7678548166774057,0.07943906256712525,0.10345583675683252,0.7678548166774057,0.07943906256712525,0.10345583675683252,0.7678548166774057,0.07943906256712525,0.10345583675683252,0.7678548166774057,0.07943906256712525,0.07269591596544803,0.7411872574258358,0.053881286580489456,0.07269591596544803,0.7411872574258358,0.053881286580489456,0.07269591596544803,0.7411872574258358,0.053881286580489456,0.023608928588699594,0.7053171951998197,0.016651783293854437,0.023608928588699594,0.7053171951998197,0.016651783293854437,0.023608928588699594,0.7053171951998197,0.016651783293854437,0.05673788239056948,0.6667467382939172,0.03782979802161608,0.05673788239056948,0.6667467382939172,0.03782979802161608,0.05673788239056948,0.6667467382939172,0.03782979802161608
17158.578578578577,0.10322074907827095,0.7677651877817907,0.07924929779905579,0.10322074907827095,0.7677651877817907,0.07924929779905579,0.10322074907827095,0.7677651877817907,0.07924929779905579,0.10322074907827095,0.7677651877817907,0.07924929779905579,0.10322074907827095,0.7677651877817907,0.07924929779905579,0.10322074907827095,0.7677651877817907,0.07924929779905579,0.07268560949521091,0.7411055861086064,0.05386771122660957,0.07268560949521091,0.7411055861086064,0.05386771122660957,0.07268560949521091,0.7411055861086064,0.05386771122660957,0.023503043995447042,0.7052530605425025,0.016575593709854113,0.023503043995447042,0.7052530605425025,0.016575593709854113,0.023503043995447042,0.7052530605425025,0.016575593709854113,0.056869818956364435,0.6667060046781713,0.037915449783168666,0.056869818956364435,0.6667060046781713,0.037915449783168666,0.056869818956364435,0.6667060046781713,0.037915449783168666
17178.588588588587,0.1029996196836373,0.7676756510744447,0.07907030010105645,0.1029996196836373,0.7676756510744447,0.07907030010105645,0.1029996196836373,0.7676756510744447,0.07907030010105645,0.1029996196836373,0.7676756510744447,0.07907030010105645,0.1029996196836373,0.7676756510744447,0.07907030010105645,0.1029996196836373,0.7676756510744447,0.07907030010105645,0.07267563964522489,0.7410240456355862,0.053854396509058544,0.07267563964522489,0.7410240456355862,0.053854396509058544,0.07267563964522489,0.7410240456355862,0.053854396509058544,0.023376856421586316,0.7051890591170414,0.016485103385052623,0.023376856421586316,0.7051890591170414,0.016485103385052623,0.023376856421586316,0.7051890591170414,0.016485103385052623,0.057004286269710984,0.6666653469969521,0.03800278228631047,0.057004286269710984,0.6666653469969521,0.03800278228631047,0.057004286269710984,0.6666653469969521,0.03800278228631047
17198.598598598597,0.10280554341940035,0.7675862415560498,0.0789121206844248,0.10280554341940035,0.7675862415560498,0.0789121206844248,0.10280554341940035,0.7675862415560498,0.0789121206844248,0.10280554341940035,0.7675862415560498,0.0789121206844248,0.10280554341940035,0.7675862415560498,0.0789121206844248,0.10280554341940035,0.7675862415560498,0.0789121206844248,0.07265424958762179,0.7409426879047749,0.053832634977156874,0.07265424958762179,0.7409426879047749,0.053832634977156874,0.07265424958762179,0.7409426879047749,0.053832634977156874,0.023230752134630824,0.7051252000579987,0.01638058874642934,0.023230752134630824,0.7051252000579987,0.01638058874642934,0.023230752134630824,0.7051252000579987,0.01638058874642934,0.05714128032592743,0.6666247659413194,0.03809179262285869,0.05714128032592743,0.6666247659413194,0.03809179262285869,0.05714128032592743,0.6666247659413194,0.03809179262285869
17218.608608608607,0.10264952196646222,0.7674970394654953,0.07878320421180808,0.10264952196646222,0.7674970394654953,0.07878320421180808,0.10264952196646222,0.7674970394654953,0.07878320421180808,0.10264952196646222,0.7674970394654953,0.07878320421180808,0.10264952196646222,0.7674970394654953,0.07878320421180808,0.10264952196646222,0.7674970394654953,0.07878320421180808,0.07261137235810033,0.7408615467041362,0.053794973633532174,0.07261137235810033,0.7408615467041362,0.053794973633532174,0.07261137235810033,0.7408615467041362,0.053794973633532174,0.023069635989002853,0.7050614885337345,0.016265511890337765,0.023069635989002853,0.7050614885337345,0.016265511890337765,0.023069635989002853,0.7050614885337345,0.016265511890337765,0.05727951869194243,0.6665842619410153,0.038181625691605034,0.05727951869194243,0.6665842619410153,0.038181625691605034,0.05727951869194243,0.6665842619410153,0.038181625691605034
17238.618618618617,0.1025391134556149,0.7674081339677037,0.07868934971567608,0.1025391134556149,0.7674081339677037,0.07868934971567608,0.1025391134556149,0.7674081339677037,0.07868934971567608,0.1025391134556149,0.7674081339677037,0.07868934971567608,0.1025391134556149,0.7674081339677037,0.07868934971567608,0.1025391134556149,0.7674081339677037,0.07868934971567608,0.07253927539206284,0.7407806208687716,0.053735689462303116,0.07253927539206284,0.7407806208687716,0.053735689462303116,0.07253927539206284,0.7407806208687716,0.053735689462303116,0.022901623718743165,0.704997928039229,0.016145597270447995,0.022901623718743165,0.704997928039229,0.016145597270447995,0.022901623718743165,0.704997928039229,0.016145597270447995,0.057417065229875955,0.6665438350427644,0.03827099085522208,0.057417065229875955,0.6665438350427644,0.03827099085522208,0.057417065229875955,0.6665438350427644,0.03827099085522208
17258.62862862863,0.10247689793252865,0.7673195814838566,0.07863253043335178,0.10247689793252865,0.7673195814838566,0.07863253043335178,0.10247689793252865,0.7673195814838566,0.07863253043335178,0.10247689793252865,0.7673195814838566,0.07863253043335178,0.10247689793252865,0.7673195814838566,0.07863253043335178,0.10247689793252865,0.7673195814838566,0.07863253043335178,0.07243322045909772,0.7406998836740051,0.05365127796818725,0.07243322045909772,0.7406998836740051,0.05365127796818725,0.07243322045909772,0.7406998836740051,0.05365127796818725,0.02273607962648753,0.7049345206421187,0.01602744739277903,0.02273607962648753,0.7049345206421187,0.01602744739277903,0.02273607962648753,0.7049345206421187,0.01602744739277903,0.057552279826494045,0.6665034848997129,0.03835879506828172,0.057552279826494045,0.6665034848997129,0.03835879506828172,0.057552279826494045,0.6665034848997129,0.03835879506828172
17278.63863863864,0.1024595636464776,0.7672313744434954,0.0786101918413678,0.1024595636464776,0.7672313744434954,0.0786101918413678,0.1024595636464776,0.7672313744434954,0.0786101918413678,0.1024595636464776,0.7672313744434954,0.0786101918413678,0.1024595636464776,0.7672313744434954,0.0786101918413678,0.1024595636464776,0.7672313744434954,0.0786101918413678,0.07229228308611928,0.7406193103863778,0.053541060845498464,0.07229228308611928,0.7406193103863778,0.053541060845498464,0.07229228308611928,0.7406193103863778,0.053541060845498464,0.02258157579149514,0.7048712661577936,0.01591710391998936,0.02258157579149514,0.7048712661577936,0.01591710391998936,0.02258157579149514,0.7048712661577936,0.01591710391998936,0.05768458894580746,0.6664632108284215,0.03844465636414051,0.05768458894580746,0.6664632108284215,0.03844465636414051,0.05768458894580746,0.6664632108284215,0.03844465636414051
17298.64864864865,0.1024785107148634,0.7671434420601041,0.07861571744699357,0.1024785107148634,0.7671434420601041,0.07861571744699357,0.1024785107148634,0.7671434420601041,0.07861571744699357,0.1024785107148634,0.7671434420601041,0.07861571744699357,0.1024785107148634,0.7671434420601041,0.07861571744699357,0.1024785107148634,0.7671434420601041,0.07861571744699357,0.07211996209702146,0.7405389029439896,0.05340763761169038,0.07211996209702146,0.7405389029439896,0.05340763761169038,0.07211996209702146,0.7405389029439896,0.05340763761169038,0.022444250999388335,0.7048081590698976,0.0158188912285816,0.022444250999388335,0.7048081590698976,0.0158188912285816,0.022444250999388335,0.7048081590698976,0.0158188912285816,0.0578147445955844,0.6664230118367968,0.038529076221964526,0.0578147445955844,0.6664230118367968,0.038529076221964526,0.0578147445955844,0.6664230118367968,0.038529076221964526
17318.65865865866,0.1025216284779079,0.7670556889474698,0.07863979836413817,0.1025216284779079,0.7670556889474698,0.07863979836413817,0.1025216284779079,0.7670556889474698,0.07863979836413817,0.1025216284779079,0.7670556889474698,0.07863979836413817,0.1025216284779079,0.7670556889474698,0.07863979836413817,0.1025216284779079,0.7670556889474698,0.07863979836413817,0.07192416957353125,0.7404586912380335,0.05325687647079934,0.07192416957353125,0.7404586912380335,0.05325687647079934,0.07192416957353125,0.7404586912380335,0.05325687647079934,0.022326637971135675,0.7047451905349212,0.01573459073097222,0.022326637971135675,0.7047451905349212,0.01573459073097222,0.022326637971135675,0.7047451905349212,0.01573459073097222,0.0579444486527285,0.6663828867534517,0.03861318896454237,0.0579444486527285,0.6663828867534517,0.03861318896454237,0.0579444486527285,0.6663828867534517,0.03861318896454237
17338.66866866867,0.10257508626886254,0.7669680476511398,0.07867181365327675,0.10257508626886254,0.7669680476511398,0.07867181365327675,0.10257508626886254,0.7669680476511398,0.07867181365327675,0.10257508626886254,0.7669680476511398,0.07867181365327675,0.10257508626886254,0.7669680476511398,0.07867181365327675,0.10257508626886254,0.7669680476511398,0.07867181365327675,0.07171651636742263,0.740378720655042,0.05309738263794874,0.07171651636742263,0.740378720655042,0.05309738263794874,0.07171651636742263,0.740378720655042,0.05309738263794874,0.02222716093099678,0.7046823512921692,0.01566308802740425,0.02222716093099678,0.7046823512921692,0.01566308802740425,0.02222716093099678,0.7046823512921692,0.01566308802740425,0.05807553191248462,0.6663428343434327,0.03869821454056748,0.05807553191248462,0.6663428343434327,0.03869821454056748,0.05807553191248462,0.6663428343434327,0.03869821454056748
17358.67867867868,0.10262467595432113,0.7668805261821302,0.0787008654951204,0.10262467595432113,0.7668805261821302,0.0787008654951204,0.10262467595432113,0.7668805261821302,0.0787008654951204,0.10262467595432113,0.7668805261821302,0.0787008654951204,0.10262467595432113,0.7668805261821302,0.0787008654951204,0.10262467595432113,0.7668805261821302,0.0787008654951204,0.07151079175352222,0.7402990238655847,0.0529393693309876,0.07151079175352222,0.7402990238655847,0.0529393693309876,0.07151079175352222,0.7402990238655847,0.0529393693309876,0.02214034095152705,0.7046196342965841,0.015600518944466676,0.02214034095152705,0.7046196342965841,0.015600518944466676,0.02214034095152705,0.7046196342965841,0.015600518944466676,0.0582090780262576,0.6663028534837433,0.0387848747875533,0.0582090780262576,0.6663028534837433,0.0387848747875533,0.0582090780262576,0.6663028534837433,0.0387848747875533
17378.68868868869,0.10265710987028244,0.7667932066281641,0.07871677446061362,0.10265710987028244,0.7667932066281641,0.07871677446061362,0.10265710987028244,0.7667932066281641,0.07871677446061362,0.10265710987028244,0.7667932066281641,0.07871677446061362,0.10265710987028244,0.7667932066281641,0.07871677446061362,0.10265710987028244,0.7667932066281641,0.07871677446061362,0.07132075010736777,0.7402195972210308,0.05279301691797756,0.07132075010736777,0.7402195972210308,0.05279301691797756,0.07132075010736777,0.7402195972210308,0.05279301691797756,0.02205784342440231,0.7045570343221078,0.015541008746638298,0.02205784342440231,0.7045570343221078,0.015541008746638298,0.02205784342440231,0.7045570343221078,0.015541008746638298,0.05834491076974327,0.6662629432481538,0.03887305197300006,0.05834491076974327,0.6662629432481538,0.03887305197300006,0.05834491076974327,0.6662629432481538,0.03887305197300006
17398.6986986987,0.10266155677382678,0.7667061991212993,0.07871125198993621,0.10266155677382678,0.7667061991212993,0.07871125198993621,0.10266155677382678,0.7667061991212993,0.07871125198993621,0.10266155677382678,0.7667061991212993,0.07871125198993621,0.10266155677382678,0.7667061991212993,0.07871125198993621,0.10266155677382678,0.7667061991212993,0.07871125198993621,0.07115772090277275,0.7401403991500521,0.052666703951586236,0.07115772090277275,0.7401403991500521,0.052666703951586236,0.07115772090277275,0.7401403991500521,0.052666703951586236,0.02197023173851063,0.7044945428594667,0.015477908365138593,0.02197023173851063,0.7044945428594667,0.015477908365138593,0.02197023173851063,0.7044945428594667,0.015477908365138593,0.058481691126228544,0.6662231030391731,0.03896185373309445,0.058481691126228544,0.6662231030391731,0.03896185373309445,0.058481691126228544,0.6662231030391731,0.03896185373309445
17418.70870870871,0.10263074434501934,0.7666195816007969,0.07867873828915709,0.10263074434501934,0.7666195816007969,0.07867873828915709,0.10263074434501934,0.7666195816007969,0.07867873828915709,0.10263074434501934,0.7666195816007969,0.07867873828915709,0.10263074434501934,0.7666195816007969,0.07867873828915709,0.10263074434501934,0.7666195816007969,0.07867873828915709,0.07102880628739215,0.7400613749421555,0.05256567604154746,0.07102880628739215,0.7400613749421555,0.05256567604154746,0.07102880628739215,0.7400613749421555,0.05256567604154746,0.021869211145813004,0.7044321479710278,0.015405375381876996,0.021869211145813004,0.7044321479710278,0.015405375381876996,0.021869211145813004,0.7044321479710278,0.015405375381876996,0.058617583209413196,0.6661833326119305,0.039050056932104026,0.058617583209413196,0.6661833326119305,0.039050056932104026,0.058617583209413196,0.6661833326119305,0.039050056932104026
17438.71871871872,0.10256090194004142,0.7665333547365785,0.07861635222890921,0.10256090194004142,0.7665333547365785,0.07861635222890921,0.10256090194004142,0.7665333547365785,0.07861635222890921,0.10256090194004142,0.7665333547365785,0.07861635222890921,0.10256090194004142,0.7665333547365785,0.07861635222890921,0.10256090194004142,0.7665333547365785,0.07861635222890921,0.07093608608334023,0.7399824833435227,0.05249146113862001,0.07093608608334023,0.7399824833435227,0.05249146113862001,0.07093608608334023,0.7399824833435227,0.05249146113862001,0.021749634072768365,0.7043698365997535,0.015319786197940284,0.021749634072768365,0.7043698365997535,0.015319786197940284,0.021749634072768365,0.7043698365997535,0.015319786197940284,0.05875112570193476,0.6661436320560457,0.03913668826246812,0.05875112570193476,0.6661436320560457,0.03913668826246812,0.05875112570193476,0.6661436320560457,0.03913668826246812
17458.72872872873,0.10245107955692354,0.7664474311388341,0.07852336674380436,0.10245107955692354,0.7664474311388341,0.07852336674380436,0.10245107955692354,0.7664474311388341,0.07852336674380436,0.10245107955692354,0.7664474311388341,0.07852336674380436,0.10245107955692354,0.7664474311388341,0.07852336674380436,0.10245107955692354,0.7664474311388341,0.07852336674380436,0.07087661686643788,0.7399037137473307,0.05244187203732408,0.07087661686643788,0.7399037137473307,0.05244187203732408,0.07087661686643788,0.7399037137473307,0.05244187203732408,0.02161071180527374,0.7043076001759244,0.015220588569665868,0.02161071180527374,0.7043076001759244,0.015220588569665868,0.02161071180527374,0.7043076001759244,0.015220588569665868,0.05888193192441513,0.6661040017771094,0.03922149048722025,0.05888193192441513,0.6661040017771094,0.03922149048722025,0.05888193192441513,0.6661040017771094,0.03922149048722025
17478.73873873874,0.10230293427029996,0.7663616610612864,0.07840104663883068,0.10230293427029996,0.7663616610612864,0.07840104663883068,0.10230293427029996,0.7663616610612864,0.07840104663883068,0.10230293427029996,0.7663616610612864,0.07840104663883068,0.10230293427029996,0.7663616610612864,0.07840104663883068,0.10230293427029996,0.7663616610612864,0.07840104663883068,0.07084319326811629,0.7398250773379523,0.05241157093845164,0.07084319326811629,0.7398250773379523,0.05241157093845164,0.07084319326811629,0.7398250773379523,0.05241157093845164,0.02145606447033957,0.7042454356222346,0.015110335469653041,0.02145606447033957,0.7042454356222346,0.015110335469653041,0.02145606447033957,0.7042454356222346,0.015110335469653041,0.05901084554260668,0.666064442402188,0.039305025932017956,0.05901084554260668,0.666064442402188,0.039305025932017956,0.05901084554260668,0.666064442402188,0.039305025932017956
17498.74874874875,0.10212109079263969,0.7662758951834446,0.07825293026423981,0.10212109079263969,0.7662758951834446,0.07825293026423981,0.10212109079263969,0.7662758951834446,0.07825293026423981,0.10212109079263969,0.7662758951834446,0.07825293026423981,0.10212109079263969,0.7662758951834446,0.07825293026423981,0.10212109079263969,0.7662758951834446,0.07825293026423981,0.07082572580822075,0.739746586972017,0.052393088936447195,0.07082572580822075,0.739746586972017,0.052393088936447195,0.07082572580822075,0.739746586972017,0.052393088936447195,0.02129272220949542,0.7041833445632215,0.014993980340338074,0.02129272220949542,0.7041833445632215,0.014993980340338074,0.02129272220949542,0.7041833445632215,0.014993980340338074,0.05913953780358161,0.666024954654182,0.039388407983899726,0.05913953780358161,0.666024954654182,0.039388407983899726,0.05913953780358161,0.666024954654182,0.039388407983899726
17518.75875875876,0.10191306791947286,0.7661900470446301,0.07808477830368349,0.10191306791947286,0.7661900470446301,0.07808477830368349,0.10191306791947286,0.7661900470446301,0.07808477830368349,0.10191306791947286,0.7661900470446301,0.07808477830368349,0.10191306791947286,0.7661900470446301,0.07808477830368349,0.10191306791947286,0.7661900470446301,0.07808477830368349,0.0708128375904118,0.7396682374170728,0.052378006767001335,0.0708128375904118,0.7396682374170728,0.052378006767001335,0.0708128375904118,0.7396682374170728,0.052378006767001335,0.021129398120996342,0.7041213286249832,0.014877659878002169,0.021129398120996342,0.7041213286249832,0.014877659878002169,0.021129398120996342,0.7041213286249832,0.014877659878002169,0.059269692258838415,0.6659855392101337,0.03947275795782119,0.059269692258838415,0.6659855392101337,0.03947275795782119,0.059269692258838415,0.6659855392101337,0.03947275795782119
17538.76876876877,0.10168861810608726,0.7661041282814809,0.07790407013031239,0.10168861810608726,0.7661041282814809,0.07790407013031239,0.10168861810608726,0.7661041282814809,0.07790407013031239,0.10168861810608726,0.7661041282814809,0.07790407013031239,0.10168861810608726,0.7661041282814809,0.07790407013031239,0.10168861810608726,0.7661041282814809,0.07790407013031239,0.07079319455208329,0.7395899994673504,0.05235793872106731,0.07079319455208329,0.7395899994673504,0.05235793872106731,0.07079319455208329,0.7395899994673504,0.05235793872106731,0.02097457972613726,0.7040593877403847,0.014767349760096086,0.02097457972613726,0.7040593877403847,0.014767349760096086,0.02097457972613726,0.7040593877403847,0.014767349760096086,0.05940220478224646,0.6659461965843949,0.039558672343464385,0.05940220478224646,0.6659461965843949,0.039558672343464385,0.05940220478224646,0.6659461965843949,0.039558672343464385
17558.77877877878,0.10145915991721968,0.7660182303384114,0.07771956613141051,0.10145915991721968,0.7660182303384114,0.07771956613141051,0.10145915991721968,0.7660182303384114,0.07771956613141051,0.10145915991721968,0.7660182303384114,0.07771956613141051,0.10145915991721968,0.7660182303384114,0.07771956613141051,0.10145915991721968,0.7660182303384114,0.07771956613141051,0.07075644570717746,0.7395118285613708,0.052325228547418154,0.07075644570717746,0.7395118285613708,0.052325228547418154,0.07075644570717746,0.7395118285613708,0.052325228547418154,0.020834829007013222,0.7039975229511257,0.014667668012047571,0.020834829007013222,0.7039975229511257,0.014667668012047571,0.020834829007013222,0.7039975229511257,0.014667668012047571,0.05953676329206623,0.6659069270309675,0.039645943089189936,0.05953676329206623,0.6659069270309675,0.039645943089189936,0.05953676329206623,0.6659069270309675,0.039645943089189936
17578.78878878879,0.10123749042533954,0.7659324650146885,0.07754108059338123,0.10123749042533954,0.7659324650146885,0.07754108059338123,0.10123749042533954,0.7659324650146885,0.07754108059338123,0.10123749042533954,0.7659324650146885,0.07754108059338123,0.10123749042533954,0.7659324650146885,0.07754108059338123,0.10123749042533954,0.7659324650146885,0.07754108059338123,0.07069412852001437,0.7394336909875368,0.052273620382701516,0.07069412852001437,0.7394336909875368,0.052273620382701516,0.07069412852001437,0.7394336909875368,0.052273620382701516,0.020713569652208372,0.703935738250412,0.01458102194492863,0.020713569652208372,0.703935738250412,0.01458102194492863,0.020713569652208372,0.703935738250412,0.01458102194492863,0.059672014923880225,0.6658677304982981,0.0397336691516247,0.059672014923880225,0.6658677304982981,0.0397336691516247,0.059672014923880225,0.6658677304982981,0.0397336691516247
17598.798798798798,0.10103700156764851,0.7658469041021978,0.07737887485035252,0.10103700156764851,0.7658469041021978,0.07737887485035252,0.10103700156764851,0.7658469041021978,0.07737887485035252,0.10103700156764851,0.7658469041021978,0.07737887485035252,0.10103700156764851,0.7658469041021978,0.07737887485035252,0.10103700156764851,0.7658469041021978,0.07737887485035252,0.07060049082882008,0.7393555767134896,0.052198866612997705,0.07060049082882008,0.7393555767134896,0.052198866612997705,0.07060049082882008,0.7393555767134896,0.052198866612997705,0.02061035097969173,0.703874042449626,0.014507091060381228,0.02061035097969173,0.703874042449626,0.014507091060381228,0.02061035097969173,0.703874042449626,0.014507091060381228,0.05980623759136935,0.6658286066150328,0.03982070384234905,0.05980623759136935,0.6658286066150328,0.03982070384234905,0.05980623759136935,0.6658286066150328,0.03982070384234905
17618.808808808808,0.10086983911043744,0.7657615383228837,0.07724224316759036,0.10086983911043744,0.7657615383228837,0.07724224316759036,0.10086983911043744,0.7657615383228837,0.07724224316759036,0.10086983911043744,0.7657615383228837,0.07724224316759036,0.10086983911043744,0.7657615383228837,0.07724224316759036,0.10086983911043744,0.7657615383228837,0.07724224316759036,0.07047324199917622,0.7392774938682651,0.052099281729922765,0.07047324199917622,0.7392774938682651,0.052099281729922765,0.07047324199917622,0.7392774938682651,0.052099281729922765,0.02052084222127514,0.703812446061927,0.014442824159006527,0.02052084222127514,0.703812446061927,0.014442824159006527,0.02052084222127514,0.703812446061927,0.014442824159006527,0.059938156231786416,0.6657895546673293,0.039906198345141884,0.059938156231786416,0.6657895546673293,0.039906198345141884,0.059938156231786416,0.6657895546673293,0.039906198345141884
17638.818818818818,0.10074458880612251,0.7656762804581846,0.07713774203336114,0.10074458880612251,0.7656762804581846,0.07713774203336114,0.10074458880612251,0.7656762804581846,0.07713774203336114,0.10074458880612251,0.7656762804581846,0.07713774203336114,0.10074458880612251,0.7656762804581846,0.07713774203336114,0.10074458880612251,0.7656762804581846,0.07713774203336114,0.07031420777415837,0.7391994523578131,0.05197622387963135,0.07031420777415837,0.7391994523578131,0.05197622387963135,0.07031420777415837,0.7391994523578131,0.05197622387963135,0.020437636849850494,0.7037509588415424,0.014383006529537525,0.020437636849850494,0.7037509588415424,0.014383006529537525,0.020437636849850494,0.7037509588415424,0.014383006529537525,0.06006755237406934,0.6657505737187651,0.03999000745491864,0.06006755237406934,0.6657505737187651,0.03999000745491864,0.06006755237406934,0.6657505737187651,0.03999000745491864
17658.828828828828,0.10066485652582349,0.7655910010609088,0.07706810827925797,0.10066485652582349,0.7655910010609088,0.07706810827925797,0.10066485652582349,0.7655910010609088,0.07706810827925797,0.10066485652582349,0.7655910010609088,0.07706810827925797,0.10066485652582349,0.7655910010609088,0.07706810827925797,0.10066485652582349,0.7655910010609088,0.07706810827925797,0.07012966782567193,0.7391214523215611,0.05183434193413929,0.07012966782567193,0.7391214523215611,0.05183434193413929,0.07012966782567193,0.7391214523215611,0.05183434193413929,0.020351799895459727,0.703689588086642,0.014321349685257818,0.020351799895459727,0.703689588086642,0.014321349685257818,0.020351799895459727,0.703689588086642,0.014321349685257818,0.060195341207835505,0.6657116627350816,0.040072740684373755,0.060195341207835505,0.6657116627350816,0.040072740684373755,0.060195341207835505,0.6657116627350816,0.040072740684373755
17678.838838838838,0.10062911704716813,0.7655055861108243,0.07703215122500719,0.10062911704716813,0.7655055861108243,0.07703215122500719,0.10062911704716813,0.7655055861108243,0.07703215122500719,0.10062911704716813,0.7655055861108243,0.07703215122500719,0.10062911704716813,0.7655055861108243,0.07703215122500719,0.10062911704716813,0.7655055861108243,0.07703215122500719,0.06992990434448292,0.7390434788626297,0.05168123978327757,0.06992990434448292,0.7390434788626297,0.05168123978327757,0.06992990434448292,0.7390434788626297,0.05168123978327757,0.020254974936446547,0.7036283409939005,0.01425197441140492,0.020254974936446547,0.7036283409939005,0.01425197441140492,0.020254974936446547,0.7036283409939005,0.01425197441140492,0.06032313478488385,0.6656728206460342,0.040155471282464536,0.06032313478488385,0.6656728206460342,0.040155471282464536,0.06032313478488385,0.6656728206460342,0.040155471282464536
17698.84884884885,0.10063124316493953,0.7654199892146786,0.0770251650579677,0.10063124316493953,0.7654199892146786,0.0770251650579677,0.10063124316493953,0.7654199892146786,0.0770251650579677,0.10063124316493953,0.7654199892146786,0.0770251650579677,0.10063124316493953,0.7654199892146786,0.0770251650579677,0.10063124316493953,0.7654199892146786,0.0770251650579677,0.06972775584153262,0.7389655160814699,0.05152640708064088,0.06972775584153262,0.7389655160814699,0.05152640708064088,0.06972775584153262,0.7389655160814699,0.05152640708064088,0.020141389198771474,0.7035672246790294,0.014170821299759826,0.020141389198771474,0.7035672246790294,0.014170821299759826,0.020141389198771474,0.7035672246790294,0.014170821299759826,0.06045245238267635,0.66563404650167,0.04023921050043038,0.06045245238267635,0.66563404650167,0.04023921050043038,0.06045245238267635,0.66563404650167,0.04023921050043038
17718.85885885886,0.10066122388850979,0.7653342492175828,0.07703948221003565,0.10066122388850979,0.7653342492175828,0.07703948221003565,0.10066122388850979,0.7653342492175828,0.07703948221003565,0.10066122388850979,0.7653342492175828,0.07703948221003565,0.10066122388850979,0.7653342492175828,0.07703948221003565,0.10066122388850979,0.7653342492175828,0.07703948221003565,0.06953651497445311,0.7388875632577002,0.05137966610690624,0.06953651497445311,0.7388875632577002,0.05137966610690624,0.06953651497445311,0.7388875632577002,0.05137966610690624,0.02000920895387237,0.7035062446476393,0.014076603449508672,0.02000920895387237,0.7035062446476393,0.014076603449508672,0.02000920895387237,0.7035062446476393,0.014076603449508672,0.060583997494572106,0.6655953395670167,0.04032442638472701,0.060583997494572106,0.6655953395670167,0.04032442638472701,0.060583997494572106,0.6655953395670167,0.04032442638472701
17738.868868868867,0.10070629357244454,0.7652484615086778,0.07706533622055442,0.10070629357244454,0.7652484615086778,0.07706533622055442,0.10070629357244454,0.7652484615086778,0.07706533622055442,0.10070629357244454,0.7652484615086778,0.07706533622055442,0.10070629357244454,0.7652484615086778,0.07706533622055442,0.10070629357244454,0.7652484615086778,0.07706533622055442,0.06936779991424495,0.7388096447019158,0.051249599608396895,0.06936779991424495,0.7388096447019158,0.051249599608396895,0.06936779991424495,0.7388096447019158,0.051249599608396895,0.019860856085419914,0.703445403600936,0.013971027924868318,0.019860856085419914,0.703445403600936,0.013971027924868318,0.019860856085419914,0.703445403600936,0.013971027924868318,0.060717327316945464,0.6655566993691432,0.040410823963582136,0.060717327316945464,0.6655566993691432,0.040410823963582136,0.060717327316945464,0.6655566993691432,0.040410823963582136
17758.87887887888,0.10075270982344395,0.7651627201789473,0.07709221751390652,0.10075270982344395,0.7651627201789473,0.07709221751390652,0.10075270982344395,0.7651627201789473,0.07709221751390652,0.10075270982344395,0.7651627201789473,0.07709221751390652,0.10075270982344395,0.7651627201789473,0.07709221751390652,0.10075270982344395,0.7651627201789473,0.07709221751390652,0.06922978393413678,0.7387318006111293,0.0511422429415843,0.06922978393413678,0.7387318006111293,0.0511422429415843,0.06922978393413678,0.7387318006111293,0.0511422429415843,0.01970227587690545,0.703384700473252,0.013858279416318517,0.01970227587690545,0.703384700473252,0.013858279416318517,0.01970227587690545,0.703384700473252,0.013858279416318517,0.06085108229956189,0.6655181257659809,0.04049749824283588,0.06085108229956189,0.6655181257659809,0.04049749824283588,0.06085108229956189,0.6655181257659809,0.04049749824283588
17778.88888888889,0.10078768688600087,0.7650770804855331,0.0771103492316316,0.10078768688600087,0.7650770804855331,0.0771103492316316,0.10078768688600087,0.7650770804855331,0.0771103492316316,0.10078768688600087,0.7650770804855331,0.0771103492316316,0.10078768688600087,0.7650770804855331,0.0771103492316316,0.10078768688600087,0.7650770804855331,0.0771103492316316,0.06912602685905764,0.7386540663336376,0.05106022082893118,0.06912602685905764,0.7386540663336376,0.05106022082893118,0.06912602685905764,0.7386540663336376,0.05106022082893118,0.019541467155491852,0.7033241336544489,0.013743985457473174,0.019541467155491852,0.7033241336544489,0.013743985457473174,0.019541467155491852,0.7033241336544489,0.013743985457473174,0.06098365639394539,0.66547961891876,0.04058338041731537,0.06098365639394539,0.66547961891876,0.04058338041731537,0.06098365639394539,0.66547961891876,0.04058338041731537
17798.8988988989,0.10080053901037217,0.764991543545081,0.07711155992772076,0.10080053901037217,0.764991543545081,0.07711155992772076,0.10080053901037217,0.764991543545081,0.07711155992772076,0.10080053901037217,0.764991543545081,0.07711155992772076,0.10080053901037217,0.764991543545081,0.07711155992772076,0.10080053901037217,0.764991543545081,0.07711155992772076,0.06905523091676127,0.738576453239876,0.05100256752816217,0.06905523091676127,0.738576453239876,0.05100256752816217,0.06905523091676127,0.738576453239876,0.05100256752816217,0.019386711009681108,0.7032637016657615,0.013633970147792707,0.019386711009681108,0.7032637016657615,0.013633970147792707,0.019386711009681108,0.7032637016657615,0.013633970147792707,0.06111395645683573,0.6654411792253,0.0406677432517604,0.06111395645683573,0.6654411792253,0.0406677432517604,0.06111395645683573,0.6654411792253,0.0406677432517604
17818.90890890891,0.10078300843416259,0.7649060693405333,0.07708953483768911,0.10078300843416259,0.7649060693405333,0.07708953483768911,0.10078300843416259,0.7649060693405333,0.07708953483768911,0.10078300843416259,0.7649060693405333,0.07708953483768911,0.10078300843416259,0.7649060693405333,0.07708953483768911,0.10078300843416259,0.7649060693405333,0.07708953483768911,0.0690118630063351,0.738498953115463,0.05096518858272622,0.0690118630063351,0.738498953115463,0.05096518858272622,0.0690118630063351,0.738498953115463,0.05096518858272622,0.019244889032206745,0.703203402146887,0.013533071441387096,0.019244889032206745,0.703203402146887,0.013533071441387096,0.019244889032206745,0.703203402146887,0.013533071441387096,0.061241925061232966,0.6654028072354219,0.04075054885624575,0.061241925061232966,0.6654028072354219,0.04075054885624575,0.061241925061232966,0.6654028072354219,0.04075054885624575
17838.91891891892,0.10072952431723045,0.7648206089279153,0.07704001612532344,0.10072952431723045,0.7648206089279153,0.07704001612532344,0.10072952431723045,0.7648206089279153,0.07704001612532344,0.10072952431723045,0.7648206089279153,0.07704001612532344,0.10072952431723045,0.7648206089279153,0.07704001612532344,0.10072952431723045,0.7648206089279153,0.07704001612532344,0.06898733160590176,0.7384215520621981,0.050941732477059506,0.06898733160590176,0.7384215520621981,0.050941732477059506,0.06898733160590176,0.7384215520621981,0.050941732477059506,0.019120187343309267,0.7031432281053359,0.013444230250553264,0.019120187343309267,0.7031432281053359,0.013444230250553264,0.019120187343309267,0.7031432281053359,0.013444230250553264,0.06136854527389379,0.6653645035495606,0.040832451659723074,0.06136854527389379,0.6653645035495606,0.040832451659723074,0.06136854527389379,0.6653645035495606,0.040832451659723074
17858.92892892893,0.10063766491291129,0.7647351406041824,0.07696115882725181,0.10063766491291129,0.7647351406041824,0.07696115882725181,0.10063766491291129,0.7647351406041824,0.07696115882725181,0.10063766491291129,0.7647351406041824,0.07696115882725181,0.10063766491291129,0.7647351406041824,0.07696115882725181,0.10063766491291129,0.7647351406041824,0.07696115882725181,0.06897125851830536,0.7383442499944691,0.050924532141872814,0.06897125851830536,0.7383442499944691,0.050924532141872814,0.06897125851830536,0.7383442499944691,0.050924532141872814,0.019013204529558257,0.7030831689542882,0.013367864092617846,0.019013204529558257,0.7030831689542882,0.013367864092617846,0.019013204529558257,0.7030831689542882,0.013367864092617846,0.061495375194745634,0.6653262687160452,0.040914488521613356,0.061495375194745634,0.6653262687160452,0.040914488521613356,0.061495375194745634,0.6653262687160452,0.040914488521613356
17878.93893893894,0.10050823841989003,0.7646496933679212,0.07685359368871883,0.10050823841989003,0.7646496933679212,0.07685359368871883,0.10050823841989003,0.7646496933679212,0.07685359368871883,0.10050823841989003,0.7646496933679212,0.07685359368871883,0.10050823841989003,0.7646496933679212,0.07685359368871883,0.10050823841989003,0.7646496933679212,0.07685359368871883,0.06895271896514235,0.7382670732983588,0.05090552202635989,0.06895271896514235,0.7382670732983588,0.05090552202635989,0.06895271896514235,0.7382670732983588,0.05090552202635989,0.018920735623328164,0.7030232130789948,0.013301716351730365,0.018920735623328164,0.7030232130789948,0.013301716351730365,0.018920735623328164,0.7030232130789948,0.013301716351730365,0.061623786517028246,0.6652881031209925,0.04099757203904671,0.061623786517028246,0.6652881031209925,0.04099757203904671,0.061623786517028246,0.6652881031209925,0.04099757203904671
17898.94894894895,0.10034466683126556,0.7645643348094098,0.07671995344751839,0.10034466683126556,0.7645643348094098,0.07671995344751839,0.10034466683126556,0.7645643348094098,0.07671995344751839,0.10034466683126556,0.7645643348094098,0.07671995344751839,0.10034466683126556,0.7645643348094098,0.07671995344751839,0.10034466683126556,0.7645643348094098,0.07671995344751839,0.0689213695846958,0.7381900706583586,0.050877070683597446,0.0689213695846958,0.7381900706583586,0.050877070683597446,0.0689213695846958,0.7381900706583586,0.050877070683597446,0.018836330401386676,0.7029633514301541,0.013241249947604478,0.018836330401386676,0.7029633514301541,0.013241249947604478,0.018836330401386676,0.7029633514301541,0.013241249947604478,0.06175431544659102,0.665250006908743,0.04108205877748937,0.06175431544659102,0.665250006908743,0.04108205877748937,0.06175431544659102,0.665250006908743,0.04108205877748937
17918.958958958963,0.10015250418897811,0.7644791381147383,0.07656450008242272,0.10015250418897811,0.7644791381147383,0.07656450008242272,0.10015250418897811,0.7644791381147383,0.07656450008242272,0.10015250418897811,0.7644791381147383,0.07656450008242272,0.10015250418897811,0.7644791381147383,0.07656450008242272,0.10015250418897811,0.7644791381147383,0.07656450008242272,0.06886827240691043,0.738113286712591,0.0508325868964827,0.06886827240691043,0.738113286712591,0.0508325868964827,0.06886827240691043,0.738113286712591,0.0508325868964827,0.018751677944462464,0.7029035789693238,0.013180621538842799,0.018751677944462464,0.7029035789693238,0.013180621538842799,0.018751677944462464,0.7029035789693238,0.013180621538842799,0.06188641347710846,0.6652119799205098,0.04116758363928664,0.06188641347710846,0.6652119799205098,0.04116758363928664,0.06188641347710846,0.6652119799205098,0.04116758363928664
17938.968968968973,0.09993965404716393,0.7643941441841402,0.07639328632544092,0.09993965404716393,0.7643941441841402,0.07639328632544092,0.09993965404716393,0.7643941441841402,0.07639328632544092,0.09993965404716393,0.7643941441841402,0.07639328632544092,0.09993965404716393,0.7643941441841402,0.07639328632544092,0.09993965404716393,0.7643941441841402,0.07639328632544092,0.06878669599682888,0.7380367416026345,0.05076710897911057,0.06878669599682888,0.7380367416026345,0.05076710897911057,0.06878669599682888,0.7380367416026345,0.05076710897911057,0.018658481965669774,0.7028438908784759,0.013114000062637217,0.018658481965669774,0.7028438908784759,0.013114000062637217,0.018658481965669774,0.7028438908784759,0.013114000062637217,0.062018728260428,0.6651740217234171,0.041253246899160635,0.062018728260428,0.6651740217234171,0.041253246899160635,0.062018728260428,0.6651740217234171,0.041253246899160635
17958.97897897898,0.09971672906415131,0.7643093506453397,0.07621442843949876,0.09971672906415131,0.7643093506453397,0.07621442843949876,0.09971672906415131,0.7643093506453397,0.07621442843949876,0.09971672906415131,0.7643093506453397,0.07621442843949876,0.09971672906415131,0.7643093506453397,0.07621442843949876,0.09971672906415131,0.7643093506453397,0.07621442843949876,0.06867299693354176,0.7379604240771165,0.050677953939723,0.06867299693354176,0.7379604240771165,0.050677953939723,0.06867299693354176,0.7379604240771165,0.050677953939723,0.018550486918923716,0.7027842814845725,0.013036990620504766,0.018550486918923716,0.7027842814845725,0.013036990620504766,0.018550486918923716,0.7027842814845725,0.013036990620504766,0.062149765336297194,0.6651361316613026,0.04133805449944243,0.062149765336297194,0.6651361316613026,0.04133805449944243,0.062149765336297194,0.6651361316613026,0.04133805449944243
17978.98898898899,0.09949646304977879,0.7642247269251269,0.07603765730423317,0.09949646304977879,0.7642247269251269,0.07603765730423317,0.09949646304977879,0.7642247269251269,0.07603765730423317,0.09949646304977879,0.7642247269251269,0.07603765730423317,0.09949646304977879,0.7642247269251269,0.07603765730423317,0.09949646304977879,0.7642247269251269,0.07603765730423317,0.06852751844272228,0.7378843046008686,0.05056538029213133,0.06852751844272228,0.7378843046008686,0.05056538029213133,0.06852751844272228,0.7378843046008686,0.05056538029213133,0.018424931265193314,0.7027247440410117,0.012947655107306206,0.018424931265193314,0.7027247440410117,0.012947655107306206,0.018424931265193314,0.7027247440410117,0.012947655107306206,0.062278591090194436,0.6650983088694369,0.0414213856128595,0.062278591090194436,0.6650983088694369,0.0414213856128595,0.062278591090194436,0.6650983088694369,0.0414213856128595
17998.998998999,0.0992920793504562,0.7641402435561743,0.07587307369805658,0.0992920793504562,0.7641402435561743,0.07587307369805658,0.0992920793504562,0.7641402435561743,0.07587307369805658,0.0992920793504562,0.7641402435561743,0.07587307369805658,0.0992920793504562,0.7641402435561743,0.07587307369805658,0.0992920793504562,0.7641402435561743,0.07587307369805658,0.06835501720779741,0.7378083559496176,0.050432902866992826,0.06835501720779741,0.7378083559496176,0.050432902866992826,0.06835501720779741,0.7378083559496176,0.050432902866992826,0.018283087557153174,0.7026652740309084,0.012846890728478126,0.018283087557153174,0.7026652740309084,0.012846890728478126,0.018283087557153174,0.7026652740309084,0.012846890728478126,0.06240527610849421,0.6650605524042986,0.041503287401657936,0.06240527610849421,0.6650605524042986,0.041503287401657936,0.06240527610849421,0.6650605524042986,0.041503287401657936
18019.00900900901,0.09911545954402191,0.7640559014817757,0.07572975179268814,0.09911545954402191,0.7640559014817757,0.07572975179268814,0.09911545954402191,0.7640559014817757,0.07572975179268814,0.09911545954402191,0.7640559014817757,0.07572975179268814,0.09911545954402191,0.7640559014817757,0.07572975179268814,0.09911545954402191,0.7640559014817757,0.07572975179268814,0.0681642798326943,0.7377325703873497,0.05028700936957615,0.0681642798326943,0.7377325703873497,0.05028700936957615,0.0681642798326943,0.7377325703873497,0.05028700936957615,0.018129798234108,0.7026058703257075,0.012738102667104926,0.018129798234108,0.7026058703257075,0.012738102667104926,0.018129798234108,0.7026058703257075,0.012738102667104926,0.06253083859642618,0.6650228613579463,0.041584437206507244,0.06253083859642618,0.6650228613579463,0.041584437206507244,0.06253083859642618,0.6650228613579463,0.041584437206507244
18039.01901901902,0.09897577709775864,0.7639717408254368,0.07561469672892507,0.09897577709775864,0.7639717408254368,0.07561469672892507,0.09897577709775864,0.7639717408254368,0.07561469672892507,0.09897577709775864,0.7639717408254368,0.07561469672892507,0.09897577709775864,0.7639717408254368,0.07561469672892507,0.09897577709775864,0.7639717408254368,0.07561469672892507,0.0679669665658684,0.7376569588841896,0.05013630586156187,0.0679669665658684,0.7376569588841896,0.05013630586156187,0.0679669665658684,0.7376569588841896,0.05013630586156187,0.01797225532286063,0.7025465362938375,0.01262634572646422,0.01797225532286063,0.7025465362938375,0.01262634572646422,0.01797225532286063,0.7025465362938375,0.01262634572646422,0.062656760714483,0.6649852349248474,0.04166582074335043,0.062656760714483,0.6649852349248474,0.04166582074335043,0.062656760714483,0.6649852349248474,0.04166582074335043
18059.02902902903,0.0988784172895661,0.7638878338618394,0.07553201999901371,0.0988784172895661,0.7638878338618394,0.07553201999901371,0.0988784172895661,0.7638878338618394,0.07553201999901371,0.0988784172895661,0.7638878338618394,0.07553201999901371,0.0988784172895661,0.7638878338618394,0.07553201999901371,0.0988784172895661,0.7638878338618394,0.07553201999901371,0.06777585231972431,0.737581541029753,0.049990217598587225,0.06777585231972431,0.737581541029753,0.049990217598587225,0.06777585231972431,0.737581541029753,0.049990217598587225,0.017818386825191317,0.7024872771651188,0.012517190044303475,0.017818386825191317,0.7024872771651188,0.012517190044303475,0.017818386825191317,0.7024872771651188,0.012517190044303475,0.06278426246709586,0.6649476725196553,0.04174824919835854,0.06278426246709586,0.6649476725196553,0.04174824919835854,0.06278426246709586,0.6649476725196553,0.04174824919835854
18079.03903903904,0.09882408879717461,0.7638042495909739,0.07548225898523772,0.09882408879717461,0.7638042495909739,0.07548225898523772,0.09882408879717461,0.7638042495909739,0.07548225898523772,0.09882408879717461,0.7638042495909739,0.07548225898523772,0.09882408879717461,0.7638042495909739,0.07548225898523772,0.09882408879717461,0.7638042495909739,0.07548225898523772,0.06760274074159396,0.7375063235442335,0.049857448785846935,0.06760274074159396,0.7375063235442335,0.049857448785846935,0.06760274074159396,0.7375063235442335,0.049857448785846935,0.01767523919549167,0.7024280982966045,0.01241558465502682,0.01767523919549167,0.7024280982966045,0.01241558465502682,0.01767523919549167,0.7024280982966045,0.01241558465502682,0.06291372669779322,0.6649101738123295,0.041831976953811086,0.06291372669779322,0.6649101738123295,0.041831976953811086,0.06291372669779322,0.6649101738123295,0.041831976953811086
18099.04904904905,0.09880847811585655,0.7637210128680009,0.07546211098658766,0.09880847811585655,0.7637210128680009,0.07546211098658766,0.09880847811585655,0.7637210128680009,0.07546211098658766,0.09880847811585655,0.7637210128680009,0.07546211098658766,0.09880847811585655,0.7637210128680009,0.07546211098658766,0.09880847811585655,0.7637210128680009,0.07546211098658766,0.0674565434455955,0.7374312898733567,0.049744565843483614,0.0674565434455955,0.7374312898733567,0.049744565843483614,0.0674565434455955,0.7374312898733567,0.049744565843483614,0.017547586440248925,0.7023690057343689,0.01232488084107553,0.017547586440248925,0.7023690057343689,0.01232488084107553,0.017547586440248925,0.7023690057343689,0.01232488084107553,0.06304452430292043,0.6648727387265153,0.041916585534993056,0.06304452430292043,0.6648727387265153,0.041916585534993056,0.06304452430292043,0.6648727387265153,0.041916585534993056
18119.05905905906,0.09882300750839339,0.7636380863220229,0.07546501233829643,0.09882300750839339,0.7636380863220229,0.07546501233829643,0.09882300750839339,0.7636380863220229,0.07546501233829643,0.09882300750839339,0.7636380863220229,0.07546501233829643,0.09882300750839339,0.7636380863220229,0.07546501233829643,0.09882300750839339,0.7636380863220229,0.07546501233829643,0.06734204929568144,0.7373564081977221,0.049655091589337605,0.06734204929568144,0.7373564081977221,0.049655091589337605,0.06734204929568144,0.7373564081977221,0.049655091589337605,0.017436977120480934,0.7023100058650966,0.01224616350375452,0.017436977120480934,0.7023100058650966,0.01224616350375452,0.017436977120480934,0.7023100058650966,0.01224616350375452,0.06317533563021249,0.6648353674411712,0.04200119747693164,0.06317533563021249,0.6648353674411712,0.04200119747693164,0.06317533563021249,0.6648353674411712,0.04200119747693164
18139.069069069068,0.09885645287323543,0.7635553884725331,0.07548237727663994,0.09885645287323543,0.7635553884725331,0.07548237727663994,0.09885645287323543,0.7635553884725331,0.07548237727663994,0.09885645287323543,0.7635553884725331,0.07548237727663994,0.09885645287323543,0.7635553884725331,0.07548237727663994,0.09885645287323543,0.7635553884725331,0.07548237727663994,0.06725959097600127,0.7372816437064168,0.0495892617898075,0.06725959097600127,0.7372816437064168,0.0495892617898075,0.06725959097600127,0.7372816437064168,0.0495892617898075,0.01734128644180509,0.7022511064498168,0.012177937591020831,0.01734128644180509,0.7022511064498168,0.012177937591020831,0.01734128644180509,0.7022511064498168,0.012177937591020831,0.06330479501727564,0.6647980603338132,0.04208490493731448,0.06330479501727564,0.6647980603338132,0.04208490493731448,0.06330479501727564,0.6647980603338132,0.04208490493731448
18159.079079079078,0.09889651778329188,0.7634728291728541,0.07550480422735333,0.09889651778329188,0.7634728291728541,0.07550480422735333,0.09889651778329188,0.7634728291728541,0.07550480422735333,0.09889651778329188,0.7634728291728541,0.07550480422735333,0.09889651778329188,0.7634728291728541,0.07550480422735333,0.09889651778329188,0.7634728291728541,0.07550480422735333,0.06720533919092117,0.7372069735161637,0.049544244709066224,0.06720533919092117,0.7372069735161637,0.049544244709066224,0.06720533919092117,0.7372069735161637,0.049544244709066224,0.01725506331852398,0.7021923149207494,0.012116372855738461,0.01725506331852398,0.7021923149207494,0.012116372855738461,0.01725506331852398,0.7021923149207494,0.012116372855738461,0.06343213407407444,0.6647608178994382,0.04216719732818855,0.06343213407407444,0.6647608178994382,0.04216719732818855,0.06343213407407444,0.6647608178994382,0.04216719732818855
18179.089089089088,0.09893096889429015,0.763390353310435,0.07552294729755582,0.09893096889429015,0.763390353310435,0.07552294729755582,0.09893096889429015,0.763390353310435,0.07552294729755582,0.09893096889429015,0.763390353310435,0.07552294729755582,0.09893096889429015,0.763390353310435,0.07552294729755582,0.09893096889429015,0.763390353310435,0.07552294729755582,0.06717214525934045,0.7371323880425031,0.04951476384495553,0.06717214525934045,0.7371323880425031,0.04951476384495553,0.06717214525934045,0.7371323880425031,0.04951476384495553,0.017170690007877278,0.7021336377639109,0.012056119038147309,0.017170690007877278,0.7021336377639109,0.012056119038147309,0.017170690007877278,0.7021336377639109,0.012056119038147309,0.06355754764220785,0.6647236406422145,0.042248204459019396,0.06355754764220785,0.6647236406422145,0.042248204459019396,0.06355754764220785,0.6647236406422145,0.042248204459019396
18199.099099099098,0.0989486194835738,0.763307962155762,0.07552826909613264,0.0989486194835738,0.763307962155762,0.07552826909613264,0.0989486194835738,0.763307962155762,0.07552826909613264,0.0989486194835738,0.763307962155762,0.07552826909613264,0.0989486194835738,0.763307962155762,0.07552826909613264,0.0989486194835738,0.763307962155762,0.07552826909613264,0.06715072903435358,0.7370578840415267,0.049493974253906566,0.06715072903435358,0.7370578840415267,0.049493974253906566,0.06715072903435358,0.7370578840415267,0.049493974253906566,0.017080096858393082,0.702075079849619,0.01199151036569555,0.017080096858393082,0.702075079849619,0.01199151036569555,0.017080096858393082,0.702075079849619,0.01199151036569555,0.06368208109399458,0.664686528982292,0.0423286214407361,0.06368208109399458,0.664686528982292,0.0423286214407361,0.06368208109399458,0.664686528982292,0.0423286214407361
18219.109109109108,0.0989404309758216,0.7632257087306491,0.07551388055363731,0.0989404309758216,0.7632257087306491,0.07551388055363731,0.0989404309758216,0.7632257087306491,0.07551388055363731,0.0989404309758216,0.7632257087306491,0.07551388055363731,0.0989404309758216,0.7632257087306491,0.07551388055363731,0.0989404309758216,0.7632257087306491,0.07551388055363731,0.06713089120892629,0.7369834530611814,0.049474356010229,0.06713089120892629,0.7369834530611814,0.049474356010229,0.06713089120892629,0.7369834530611814,0.049474356010229,0.016976721905849368,0.7020166462800306,0.011917941377173103,0.016976721905849368,0.7020166462800306,0.011917941377173103,0.016976721905849368,0.7020166462800306,0.011917941377173103,0.06380713418603394,0.6646494831788976,0.04240937875987403,0.06380713418603394,0.6646494831788976,0.04240937875987403,0.06380713418603394,0.6646494831788976,0.04240937875987403
18239.119119119117,0.09890028489841853,0.7631436679353079,0.07547512617722604,0.09890028489841853,0.7631436679353079,0.07547512617722604,0.09890028489841853,0.7631436679353079,0.07547512617722604,0.09890028489841853,0.7631436679353079,0.07547512617722604,0.09890028489841853,0.7631436679353079,0.07547512617722604,0.09890028489841853,0.7631436679353079,0.07547512617722604,0.06710249680670266,0.7369090767837436,0.04944843897171136,0.06710249680670266,0.7369090767837436,0.04944843897171136,0.06710249680670266,0.7369090767837436,0.04944843897171136,0.016857037877062633,0.7019583415352526,0.01183293835137982,0.016857037877062633,0.7019583415352526,0.01183293835137982,0.016857037877062633,0.7019583415352526,0.01183293835137982,0.06393377422923166,0.664612503277465,0.04249118573446593,0.06393377422923166,0.664612503277465,0.04249118573446593,0.06393377422923166,0.664612503277465,0.04249118573446593
18259.12912912913,0.09882491833483749,0.7630618913860797,0.07540952910065596,0.09882491833483749,0.7630618913860797,0.07540952910065596,0.09882491833483749,0.7630618913860797,0.07540952910065596,0.09882491833483749,0.7630618913860797,0.07540952910065596,0.09882491833483749,0.7630618913860797,0.07540952910065596,0.09882491833483749,0.7630618913860797,0.07540952910065596,0.06705626175617087,0.7368347307780775,0.04940938257809246,0.06705626175617087,0.7368347307780775,0.04940938257809246,0.06705626175617087,0.7368347307780775,0.04940938257809246,0.016721283775529883,0.7019001674374254,0.01173667188181313,0.016721283775529883,0.7019001674374254,0.01173667188181313,0.016721283775529883,0.7019001674374254,0.01173667188181313,0.06406223432160199,0.6645755890842093,0.04257419711232929,0.06406223432160199,0.6645755890842093,0.04257419711232929,0.06406223432160199,0.6645755890842093,0.04257419711232929
18279.13913913914,0.09871344212528713,0.7629803707524851,0.07531641867100555,0.09871344212528713,0.7629803707524851,0.07531641867100555,0.09871344212528713,0.7629803707524851,0.07531641867100555,0.09871344212528713,0.7629803707524851,0.07531641867100555,0.09871344212528713,0.7629803707524851,0.07531641867100555,0.09871344212528713,0.7629803707524851,0.07531641867100555,0.06698470408212114,0.7367604019083402,0.049351677501254805,0.06698470408212114,0.7367604019083402,0.049351677501254805,0.06698470408212114,0.7367604019083402,0.049351677501254805,0.016573246195166987,0.7018421220737175,0.011631802279266162,0.016573246195166987,0.7018421220737175,0.011631802279266162,0.016573246195166987,0.7018421220737175,0.011631802279266162,0.06419180802339339,0.6645387401381604,0.0426579432310565,0.06419180802339339,0.6645387401381604,0.0426579432310565,0.06419180802339339,0.6645387401381604,0.0426579432310565
18299.14914914915,0.09856726961137423,0.7628990289088401,0.07519687426871323,0.09856726961137423,0.7628990289088401,0.07519687426871323,0.09856726961137423,0.7628990289088401,0.07519687426871323,0.09856726961137423,0.7628990289088401,0.07519687426871323,0.09856726961137423,0.7628990289088401,0.07519687426871323,0.09856726961137423,0.7628990289088401,0.07519687426871323,0.06688313040616613,0.7366860946914863,0.049271872139659924,0.06688313040616613,0.7366860946914863,0.049271872139659924,0.06688313040616613,0.7366860946914863,0.049271872139659924,0.01641927985491936,0.7017841994239373,0.011522791168102165,0.01641927985491936,0.7017841994239373,0.011522791168102165,0.01641927985491936,0.7017841994239373,0.011522791168102165,0.06432120509281934,0.6645019557835083,0.04274156658253061,0.06432120509281934,0.6645019557835083,0.04274156658253061,0.06432120509281934,0.6645019557835083,0.04274156658253061
18319.15915915916,0.09839058385658087,0.7628177541663,0.07505408420858803,0.09839058385658087,0.7628177541663,0.07505408420858803,0.09839058385658087,0.7628177541663,0.07505408420858803,0.09839058385658087,0.7628177541663,0.07505408420858803,0.09839058385658087,0.7628177541663,0.07505408420858803,0.09839058385658087,0.7628177541663,0.07505408420858803,0.06675051314940335,0.736611825658795,0.049169217354643406,0.06675051314940335,0.736611825658795,0.049169217354643406,0.06675051314940335,0.736611825658795,0.049169217354643406,0.016266866627934796,0.7017263933366874,0.011414889649709607,0.016266866627934796,0.7017263933366874,0.011414889649709607,0.016266866627934796,0.7017263933366874,0.011414889649709607,0.0644491763297036,0.6644652352530446,0.04282423711178145,0.0644491763297036,0.6644652352530446,0.04282423711178145,0.0644491763297036,0.6644652352530446,0.04282423711178145
18339.16916916917,0.09819051238463755,0.7627364466853543,0.07489348251447273,0.09819051238463755,0.7627364466853543,0.07489348251447273,0.09819051238463755,0.7627364466853543,0.07489348251447273,0.09819051238463755,0.7627364466853543,0.07489348251447273,0.09819051238463755,0.7627364466853543,0.07489348251447273,0.09819051238463755,0.7627364466853543,0.07489348251447273,0.0665900218458532,0.7365376103070199,0.04904605556063697,0.0665900218458532,0.7365376103070199,0.04904605556063697,0.0665900218458532,0.7365376103070199,0.04904605556063697,0.016123073669451114,0.7016686991316106,0.011313056127646886,0.016123073669451114,0.7016686991316106,0.011313056127646886,0.016123073669451114,0.7016686991316106,0.011313056127646886,0.0645750998665631,0.6644285777106911,0.042905541759866356,0.0645750998665631,0.6644285777106911,0.042905541759866356,0.0645750998665631,0.6644285777106911,0.042905541759866356
18359.17917917918,0.09797669309307117,0.762655057136642,0.07472242046895543,0.09797669309307117,0.762655057136642,0.07472242046895543,0.09797669309307117,0.762655057136642,0.07472242046895543,0.09797669309307117,0.762655057136642,0.07472242046895543,0.09797669309307117,0.762655057136642,0.07472242046895543,0.09797669309307117,0.762655057136642,0.07472242046895543,0.06640895263016178,0.7364634528025559,0.04890776655101032,0.06640895263016178,0.7364634528025559,0.04890776655101032,0.06640895263016178,0.7364634528025559,0.04890776655101032,0.015993141209257496,0.7016111132537342,0.011220965608251324,0.015993141209257496,0.7016111132537342,0.011220965608251324,0.015993141209257496,0.7016111132537342,0.011220965608251324,0.06469927621493646,0.6643919823726787,0.04298568038251913,0.06469927621493646,0.6643919823726787,0.04298568038251913,0.06469927621493646,0.6643919823726787,0.04298568038251913
18379.18918918919,0.09776053792290125,0.7625735977450204,0.0745496051213553,0.09776053792290125,0.7625735977450204,0.0745496051213553,0.09776053792290125,0.7625735977450204,0.0745496051213553,0.09776053792290125,0.7625735977450204,0.0745496051213553,0.09776053792290125,0.7625735977450204,0.0745496051213553,0.09776053792290125,0.7625735977450204,0.0745496051213553,0.06621782847175821,0.7363893400157117,0.048762103005591625,0.06621782847175821,0.7363893400157117,0.048762103005591625,0.06621782847175821,0.7363893400157117,0.048762103005591625,0.015879431233319488,0.7015536295057884,0.011140272616222864,0.015879431233319488,0.7015536295057884,0.011140272616222864,0.015879431233319488,0.7015536295057884,0.011140272616222864,0.06482276713499974,0.6643554485856895,0.04306535853853844,0.06482276713499974,0.6643554485856895,0.04306535853853844,0.06482276713499974,0.6643554485856895,0.04306535853853844
18399.1991991992,0.09755441978152654,0.7624921248982058,0.07438447683242774,0.09755441978152654,0.7624921248982058,0.07438447683242774,0.09755441978152654,0.7624921248982058,0.07438447683242774,0.09755441978152654,0.7624921248982058,0.07438447683242774,0.09755441978152654,0.7624921248982058,0.07438447683242774,0.09755441978152654,0.7624921248982058,0.07438447683242774,0.06602872780748417,0.7363152548962686,0.048617959546044046,0.06602872780748417,0.7363152548962686,0.048617959546044046,0.06602872780748417,0.7363152548962686,0.048617959546044046,0.015780815983727426,0.7014962390352094,0.011070183061491507,0.015780815983727426,0.7014962390352094,0.011070183061491507,0.015780815983727426,0.7014962390352094,0.011070183061491507,0.0649468928530937,0.6643189758700659,0.04314545334611011,0.0649468928530937,0.6643189758700659,0.04314545334611011,0.0649468928530937,0.6643189758700659,0.04314545334611011
18419.20920920921,0.09737052016061343,0.7624107061396942,0.07423632703284261,0.09737052016061343,0.7624107061396942,0.07423632703284261,0.09737052016061343,0.7624107061396942,0.07423632703284261,0.09737052016061343,0.7624107061396942,0.07423632703284261,0.09737052016061343,0.7624107061396942,0.07423632703284261,0.09737052016061343,0.7624107061396942,0.07423632703284261,0.06585329057973822,0.7362411939766689,0.048483905283718993,0.06585329057973822,0.7362411939766689,0.048483905283718993,0.06585329057973822,0.7362411939766689,0.048483905283718993,0.015692816308263264,0.7014389316817594,0.011007552306346275,0.015692816308263264,0.7014389316817594,0.011007552306346275,0.015692816308263264,0.7014389316817594,0.011007552306346275,0.0650725861377432,0.6642825639872937,0.043226584364864075,0.0650725861377432,0.6642825639872937,0.043226584364864075,0.0650725861377432,0.6642825639872937,0.043226584364864075
18439.21921921922,0.09721914433758037,0.762329378773923,0.07411300990780001,0.09721914433758037,0.762329378773923,0.07411300990780001,0.09721914433758037,0.762329378773923,0.07411300990780001,0.09721914433758037,0.762329378773923,0.07411300990780001,0.09721914433758037,0.762329378773923,0.07411300990780001,0.09721914433758037,0.762329378773923,0.07411300990780001,0.0657009373877368,0.7361671799471496,0.04836687379661445,0.0657009373877368,0.7361671799471496,0.04836687379661445,0.0657009373877368,0.7361671799471496,0.04836687379661445,0.015608528455462673,0.7013816992382458,0.010947536210700921,0.015608528455462673,0.7013816992382458,0.010947536210700921,0.015608528455462673,0.7013816992382458,0.010947536210700921,0.06519995883657632,0.6642462129340992,0.043308825740654984,0.06519995883657632,0.6642462129340992,0.043308825740654984,0.06519995883657632,0.6642462129340992,0.043308825740654984
18459.22922922923,0.09710689414384178,0.7622481307884733,0.07401954854781755,0.09710689414384178,0.7622481307884733,0.07401954854781755,0.09710689414384178,0.7622481307884733,0.07401954854781755,0.09710689414384178,0.7622481307884733,0.07401954854781755,0.09710689414384178,0.7622481307884733,0.07401954854781755,0.09710689414384178,0.7622481307884733,0.07401954854781755,0.06557757868898788,0.7360932565338127,0.048271213452779446,0.06557757868898788,0.7360932565338127,0.048271213452779446,0.06557757868898788,0.7360932565338127,0.048271213452779446,0.015520223541708619,0.7013245377867119,0.010884713601735242,0.015520223541708619,0.7013245377867119,0.010884713601735242,0.015520223541708619,0.7013245377867119,0.010884713601735242,0.06532825629322032,0.6642099229067497,0.04339167607615226,0.06532825629322032,0.6642099229067497,0.04339167607615226,0.06532825629322032,0.6642099229067497,0.04339167607615226
18479.23923923924,0.09703568568994704,0.7621669067625849,0.07395738840789336,0.09703568568994704,0.7621669067625849,0.07395738840789336,0.09703568568994704,0.7621669067625849,0.07395738840789336,0.09703568568994704,0.7621669067625849,0.07395738840789336,0.09703568568994704,0.7621669067625849,0.07395738840789336,0.09703568568994704,0.7621669067625849,0.07395738840789336,0.06548494645158824,0.7360194701028682,0.048198195587012674,0.06548494645158824,0.7360194701028682,0.048198195587012674,0.06548494645158824,0.7360194701028682,0.048198195587012674,0.015421133450078657,0.7012674454264016,0.01081433886011629,0.015421133450078657,0.7012674454264016,0.01081433886011629,0.015421133450078657,0.7012674454264016,0.01081433886011629,0.06545623694271784,0.664173694247792,0.04347431070180371,0.06545623694271784,0.664173694247792,0.04347431070180371,0.06545623694271784,0.664173694247792,0.04347431070180371
18499.24924924925,0.0970028751155737,0.7620856403813793,0.07392449820128695,0.0970028751155737,0.7620856403813793,0.07392449820128695,0.0970028751155737,0.7620856403813793,0.07392449820128695,0.0970028751155737,0.7620856403813793,0.07392449820128695,0.0970028751155737,0.7620856403813793,0.07392449820128695,0.0970028751155737,0.7620856403813793,0.07392449820128695,0.06542069812314621,0.7359458469664149,0.04814609108937299,0.06542069812314621,0.7359458469664149,0.04814609108937299,0.06542069812314621,0.7359458469664149,0.04814609108937299,0.015307079041230931,0.7012104214853104,0.010733483346210503,0.015307079041230931,0.7012104214853104,0.010733483346210503,0.015307079041230931,0.7012104214853104,0.010733483346210503,0.06558277146056006,0.6641375273739791,0.043555979676149124,0.06558277146056006,0.6641375273739791,0.043555979676149124,0.06558277146056006,0.6641375273739791,0.043555979676149124
18519.25925925926,0.09700198906055758,0.7620042926614664,0.07391593206084549,0.09700198906055758,0.7620042926614664,0.07391593206084549,0.09700198906055758,0.7620042926614664,0.07391593206084549,0.09700198906055758,0.7620042926614664,0.07391593206084549,0.09700198906055758,0.7620042926614664,0.07391593206084549,0.09700198906055758,0.7620042926614664,0.07391593206084549,0.06537911960658793,0.7358723881283175,0.04811068887862677,0.06537911960658793,0.7358723881283175,0.04811068887862677,0.06537911960658793,0.7358723881283175,0.04811068887862677,0.015177345938112107,0.7011534651571064,0.010641648696395438,0.015177345938112107,0.7011534651571064,0.010641648696395438,0.015177345938112107,0.7011534651571064,0.010641648696395438,0.0657073721675137,0.6641014227022095,0.04363635933846941,0.0657073721675137,0.6641014227022095,0.04363635933846941,0.0657073721675137,0.6641014227022095,0.04363635933846941
18539.26926926927,0.09702357047474779,0.7619228728642526,0.07392447755166712,0.09702357047474779,0.7619228728642526,0.07392447755166712,0.09702357047474779,0.7619228728642526,0.07392447755166712,0.09702357047474779,0.7619228728642526,0.07392447755166712,0.09702357047474779,0.7619228728642526,0.07392447755166712,0.09702357047474779,0.7619228728642526,0.07392447755166712,0.06535213954103392,0.7357990755317724,0.04808604385831614,0.06535213954103392,0.7357990755317724,0.04808604385831614,0.06535213954103392,0.7357990755317724,0.04808604385831614,0.015034695396762823,0.7010965768380915,0.010540773476473827,0.015034695396762823,0.7010965768380915,0.010540773476473827,0.015034695396762823,0.7010965768380915,0.010540773476473827,0.06583042256353117,0.6640653805585165,0.043715704611979274,0.06583042256353117,0.6640653805585165,0.043715704611979274,0.06583042256353117,0.6640653805585165,0.043715704611979274
18559.27927927928,0.09705622898786294,0.7618414321420816,0.07394145649042332,0.09705622898786294,0.7618414321420816,0.07394145649042332,0.09705622898786294,0.7618414321420816,0.07394145649042332,0.09705622898786294,0.7618414321420816,0.07394145649042332,0.09705622898786294,0.7618414321420816,0.07394145649042332,0.09705622898786294,0.7618414321420816,0.07394145649042332,0.06533032171839309,0.7357258910543129,0.048065209159129686,0.06533032171839309,0.7357258910543129,0.048065209159129686,0.06533032171839309,0.7357258910543129,0.048065209159129686,0.014884613099835147,0.7010397583828162,0.010434705571130132,0.014884613099835147,0.7010397583828162,0.010434705571130132,0.014884613099835147,0.7010397583828162,0.010434705571130132,0.06595297614671447,0.6640294011112144,0.04379471525220502,0.06595297614671447,0.6640294011112144,0.04379471525220502,0.06595297614671447,0.6640294011112144,0.04379471525220502
18579.28928928929,0.09708806781636733,0.7617600331757212,0.07395780976076265,0.09708806781636733,0.7617600331757212,0.07395780976076265,0.09708806781636733,0.7617600331757212,0.07395780976076265,0.09708806781636733,0.7617600331757212,0.07395780976076265,0.09708806781636733,0.7617600331757212,0.07395780976076265,0.09708806781636733,0.7617600331757212,0.07395780976076265,0.06530380389846643,0.7356528356326933,0.04804092851550817,0.06530380389846643,0.7356528356326933,0.04804092851550817,0.06530380389846643,0.7356528356326933,0.04804092851550817,0.014734053747737211,0.700983014436506,0.01032832141095833,0.014734053747737211,0.700983014436506,0.01032832141095833,0.014734053747737211,0.700983014436506,0.01032832141095833,0.06607625521772313,0.6639934843172451,0.04387420293265153,0.06607625521772313,0.6639934843172451,0.04387420293265153,0.06607625521772313,0.6639934843172451,0.04387420293265153
18599.2992992993,0.09710818909065026,0.7616787253307091,0.07396524168573997,0.09710818909065026,0.7616787253307091,0.07396524168573997,0.09710818909065026,0.7616787253307091,0.07396524168573997,0.09710818909065026,0.7616787253307091,0.07396524168573997,0.09710818909065026,0.7616787253307091,0.07396524168573997,0.09710818909065026,0.7616787253307091,0.07396524168573997,0.06526322512100308,0.7355799352485093,0.04800631890861633,0.06526322512100308,0.7355799352485093,0.04800631890861633,0.06526322512100308,0.7355799352485093,0.04800631890861633,0.01458999368780415,0.7009263510701816,0.010226511037729546,0.01458999368780415,0.7009263510701816,0.010226511037729546,0.01458999368780415,0.7009263510701816,0.010226511037729546,0.06620105097395838,0.6639576299228364,0.04395469290307029,0.06620105097395838,0.6639576299228364,0.04395469290307029,0.06620105097395838,0.6639576299228364,0.04395469290307029
18619.30930930931,0.09710756251142197,0.7615975240477222,0.07395687917500837,0.09710756251142197,0.7615975240477222,0.07395687917500837,0.09710756251142197,0.7615975240477222,0.07395687917500837,0.09710756251142197,0.7615975240477222,0.07395687917500837,0.09710756251142197,0.7615975240477222,0.07395687917500837,0.09710756251142197,0.7615975240477222,0.07395687917500837,0.0652005775209101,0.7355072244183798,0.04795549580287999,0.0652005775209101,0.7355072244183798,0.04795549580287999,0.0652005775209101,0.7355072244183798,0.04795549580287999,0.0144580350539116,0.7008697748134831,0.01013319977248047,0.0144580350539116,0.7008697748134831,0.01013319977248047,0.0144580350539116,0.7008697748134831,0.01013319977248047,0.06632735763046667,0.6639218374883812,0.04403618115376843,0.06632735763046667,0.6639218374883812,0.04403618115376843,0.06632735763046667,0.6639218374883812,0.04403618115376843
18639.31931931932,0.09707923012098131,0.7615164099583996,0.07392742680325502,0.09707923012098131,0.7615164099583996,0.07392742680325502,0.09707923012098131,0.7615164099583996,0.07392742680325502,0.09707923012098131,0.7615164099583996,0.07392742680325502,0.09707923012098131,0.7615164099583996,0.07392742680325502,0.09707923012098131,0.7615164099583996,0.07392742680325502,0.06511020636647574,0.7354347286703699,0.047884306952800874,0.06511020636647574,0.7354347286703699,0.047884306952800874,0.06511020636647574,0.7354347286703699,0.047884306952800874,0.01434124153410906,0.7008132928482105,0.010050532703050492,0.01434124153410906,0.7008132928482105,0.010050532703050492,0.01434124153410906,0.7008132928482105,0.010050532703050492,0.06645438150648543,0.6638861063933985,0.04411814059112208,0.06645438150648543,0.6638861063933985,0.04411814059112208,0.06645438150648543,0.6638861063933985,0.04411814059112208
18659.329329329328,0.0970184346113794,0.7614353500098641,0.07387326571572479,0.0970184346113794,0.7614353500098641,0.07387326571572479,0.0970184346113794,0.7614353500098641,0.07387326571572479,0.0970184346113794,0.7614353500098641,0.07387326571572479,0.0970184346113794,0.7614353500098641,0.07387326571572479,0.0970184346113794,0.7614353500098641,0.07387326571572479,0.06498979571810148,0.7353624504987786,0.04779105543667814,0.06498979571810148,0.7353624504987786,0.04779105543667814,0.06498979571810148,0.7353624504987786,0.04779105543667814,0.014239441468515766,0.7007569119227187,0.009978387030981412,0.014239441468515766,0.7007569119227187,0.009978387030981412,0.014239441468515766,0.7007569119227187,0.009978387030981412,0.06658093816962862,0.663850435927013,0.04419978482833746,0.06658093816962862,0.663850435927013,0.04419978482833746,0.06658093816962862,0.663850435927013,0.04419978482833746
18679.339339339338,0.09692295589397285,0.7613543296888174,0.07379271211611452,0.09692295589397285,0.7613543296888174,0.07379271211611452,0.09692295589397285,0.7613543296888174,0.07379271211611452,0.09692295589397285,0.7613543296888174,0.07379271211611452,0.09692295589397285,0.7613543296888174,0.07379271211611452,0.09692295589397285,0.7613543296888174,0.07379271211611452,0.06484110609769866,0.7352903698455475,0.04767704088377124,0.06484110609769866,0.7352903698455475,0.04767704088377124,0.06484110609769866,0.7352903698455475,0.04767704088377124,0.014149134587301094,0.7007006386052292,0.009914307641033213,0.014149134587301094,0.7007006386052292,0.009914307641033213,0.014149134587301094,0.7007006386052292,0.009914307641033213,0.0667060223539395,0.6638148253697095,0.04428044657998829,0.0667060223539395,0.6638148253697095,0.04428044657998829,0.0667060223539395,0.6638148253697095,0.04428044657998829
18699.349349349348,0.09679330773934987,0.7612733774263158,0.07368616829499963,0.09679330773934987,0.7612733774263158,0.07368616829499963,0.09679330773934987,0.7612733774263158,0.07368616829499963,0.09679330773934987,0.7612733774263158,0.07368616829499963,0.09679330773934987,0.7612733774263158,0.07368616829499963,0.09679330773934987,0.7612733774263158,0.07368616829499963,0.06467003379562136,0.7352184560341073,0.047546602398890275,0.06467003379562136,0.7352184560341073,0.047546602398890275,0.06467003379562136,0.7352184560341073,0.047546602398890275,0.014064213457893007,0.70064447766901,0.009854013492030906,0.014064213457893007,0.70064447766901,0.009854013492030906,0.014064213457893007,0.70064447766901,0.009854013492030906,0.0668292805472371,0.6637792740429008,0.04435989132645439,0.0668292805472371,0.6637792740429008,0.04435989132645439,0.0668292805472371,0.6637792740429008,0.04435989132645439
18719.359359359358,0.09663254815336016,0.7611925572613302,0.07355597644353484,0.09663254815336016,0.7611925572613302,0.07355597644353484,0.09663254815336016,0.7611925572613302,0.07355597644353484,0.09663254815336016,0.7611925572613302,0.07355597644353484,0.09663254815336016,0.7611925572613302,0.07355597644353484,0.09663254815336016,0.7611925572613302,0.07355597644353484,0.06448583289837904,0.7351466851598022,0.04740654629501227,0.06448583289837904,0.7351466851598022,0.04740654629501227,0.06448583289837904,0.7351466851598022,0.04740654629501227,0.013977374592244284,0.7005884319050008,0.009792386947729222,0.013977374592244284,0.7005884319050008,0.009792386947729222,0.013977374592244284,0.7005884319050008,0.009792386947729222,0.06695117797600669,0.6637437814079089,0.04443842803950859,0.06695117797600669,0.6637437814079089,0.04443842803950859,0.06695117797600669,0.6637437814079089,0.04443842803950859
18739.369369369368,0.09644615771542019,0.7611119432368255,0.0734063225165088,0.09644615771542019,0.7611119432368255,0.0734063225165088,0.09644615771542019,0.7611119432368255,0.0734063225165088,0.09644615771542019,0.7611119432368255,0.0734063225165088,0.09644615771542019,0.7611119432368255,0.0734063225165088,0.09644615771542019,0.7611119432368255,0.0734063225165088,0.06429971421178828,0.7350750465885595,0.04726511541986133,0.06429971421178828,0.7350750465885595,0.04726511541986133,0.06429971421178828,0.7350750465885595,0.04726511541986133,0.013881805251755908,0.7005325020242497,0.009724655765625935,0.013881805251755908,0.7005325020242497,0.009724655765625935,0.013881805251755908,0.7005325020242497,0.009724655765625935,0.06707276157134523,0.6637083471049632,0.044516751718282836,0.06707276157134523,0.6637083471049632,0.044516751718282836,0.06707276157134523,0.6637083471049632,0.044516751718282836
18759.37937937938,0.0962421720163006,0.7610315851378308,0.07324333272667302,0.0962421720163006,0.7610315851378308,0.07324333272667302,0.0962421720163006,0.7610315851378308,0.07324333272667302,0.0962421720163006,0.7610315851378308,0.07324333272667302,0.0962421720163006,0.7610315851378308,0.07324333272667302,0.0962421720163006,0.7610315851378308,0.07324333272667302,0.0641230807350795,0.7350035424021969,0.047130691490025495,0.0641230807350795,0.7350035424021969,0.047130691490025495,0.0641230807350795,0.7350035424021969,0.047130691490025495,0.013772816921370482,0.7004766889111385,0.009647537194060895,0.013772816921370482,0.7004766889111385,0.009647537194060895,0.013772816921370482,0.7004766889111385,0.009647537194060895,0.0671951634122009,0.6636729709624903,0.0445956137360854,0.0671951634122009,0.6636729709624903,0.0445956137360854,0.0671951634122009,0.6636729709624903,0.0445956137360854
18779.38938938939,0.09603116166548478,0.7609514902830703,0.07307505558296509,0.09603116166548478,0.7609514902830703,0.07307505558296509,0.09603116166548478,0.7609514902830703,0.07307505558296509,0.09603116166548478,0.7609514902830703,0.07307505558296509,0.09603116166548478,0.7609514902830703,0.07307505558296509,0.09603116166548478,0.7609514902830703,0.07307505558296509,0.0639657347740383,0.7349321733111241,0.04701047647492692,0.0639657347740383,0.7349321733111241,0.04701047647492692,0.0639657347740383,0.7349321733111241,0.04701047647492692,0.013648848880521654,0.7004209933517083,0.009559940291002328,0.013648848880521654,0.7004209933517083,0.009559940291002328,0.013648848880521654,0.7004209933517083,0.009559940291002328,0.0673190466357607,0.6636376530103846,0.044675454112252856,0.0673190466357607,0.6636376530103846,0.044675454112252856,0.0673190466357607,0.6636376530103846,0.044675454112252856
18799.3993993994,0.09582536585890256,0.7608716242687616,0.07291080176721153,0.09582536585890256,0.7608716242687616,0.07291080176721153,0.09582536585890256,0.7608716242687616,0.07291080176721153,0.09582536585890256,0.7608716242687616,0.07291080176721153,0.09582536585890256,0.7608716242687616,0.07291080176721153,0.09582536585890256,0.7608716242687616,0.07291080176721153,0.06383443730871155,0.7348609289774343,0.04690943390143156,0.06383443730871155,0.7348609289774343,0.04690943390143156,0.06383443730871155,0.7348609289774343,0.04690943390143156,0.013511688495014698,0.7003654144352539,0.009463119312531021,0.013511688495014698,0.7003654144352539,0.009463119312531021,0.013511688495014698,0.7003654144352539,0.009463119312531021,0.06744430234599344,0.6636023934469738,0.0447562004611626,0.06744430234599344,0.6636023934469738,0.0447562004611626,0.06744430234599344,0.6636023934469738,0.0447562004611626
18819.40940940941,0.09563699011079477,0.7607919297464402,0.07275985026153277,0.09563699011079477,0.7607919297464402,0.07275985026153277,0.09563699011079477,0.7607919297464402,0.07275985026153277,0.09563699011079477,0.7607919297464402,0.07275985026153277,0.09563699011079477,0.7607919297464402,0.07275985026153277,0.09563699011079477,0.7607919297464402,0.07275985026153277,0.06373215299303192,0.734789788696569,0.04682973523092733,0.06373215299303192,0.734789788696569,0.04682973523092733,0.06373215299303192,0.734789788696569,0.04682973523092733,0.013365924483039436,0.7003099483713532,0.009360289884652753,0.013365924483039436,0.7003099483713532,0.009360289884652753,0.013365924483039436,0.7003099483713532,0.009360289884652753,0.06757010650574323,0.6635671925892831,0.04483730587697489,0.06757010650574323,0.6635671925892831,0.04483730587697489,0.06757010650574323,0.6635671925892831,0.04483730587697489
18839.41941941942,0.09547641429170292,0.7607123592851558,0.07263008837192829,0.09547641429170292,0.7607123592851558,0.07263008837192829,0.09547641429170292,0.7607123592851558,0.07263008837192829,0.09547641429170292,0.7607123592851558,0.07263008837192829,0.09547641429170292,0.7607123592851558,0.07263008837192829,0.09547641429170292,0.7607123592851558,0.07263008837192829,0.06365800095019357,0.7347187305697637,0.04677072564873503,0.06365800095019357,0.7347187305697637,0.04677072564873503,0.06365800095019357,0.7347187305697637,0.04677072564873503,0.013217901268190241,0.7002545875354569,0.00925589600064095,0.013217901268190241,0.7002545875354569,0.00925589600064095,0.013217901268190241,0.7002545875354569,0.00925589600064095,0.06769532905982127,0.6635320507950485,0.044918020520308855,0.06769532905982127,0.6635320507950485,0.044918020520308855,0.06769532905982127,0.6635320507950485,0.044918020520308855
18859.42942942943,0.09535097848146647,0.7606329021892203,0.07252709148893974,0.09535097848146647,0.7606329021892203,0.07252709148893974,0.09535097848146647,0.7606329021892203,0.07252709148893974,0.09535097848146647,0.7606329021892203,0.07252709148893974,0.09535097848146647,0.7606329021892203,0.07252709148893974,0.09535097848146647,0.7606329021892203,0.07252709148893974,0.06360772162808533,0.7346477363609303,0.04672926870914907,0.06360772162808533,0.7346477363609303,0.04672926870914907,0.06360772162808533,0.7346477363609303,0.04672926870914907,0.013074374012416776,0.7001993238585011,0.009154667843367385,0.013074374012416776,0.7001993238585011,0.009154667843367385,0.013074374012416776,0.7001993238585011,0.009154667843367385,0.0678190737676954,0.6634969683902481,0.044997749843900495,0.0678190737676954,0.6634969683902481,0.044997749843900495,0.0678190737676954,0.6634969683902481,0.044997749843900495
18879.43943943944,0.09526423537124143,0.760553599391917,0.07245355710491645,0.09526423537124143,0.760553599391917,0.07245355710491645,0.09526423537124143,0.760553599391917,0.07245355710491645,0.09526423537124143,0.760553599391917,0.07245355710491645,0.09526423537124143,0.760553599391917,0.07245355710491645,0.09526423537124143,0.760553599391917,0.07245355710491645,0.06357442756016222,0.7345767988124222,0.0467002994834762,0.06357442756016222,0.7345767988124222,0.0467002994834762,0.06357442756016222,0.7345767988124222,0.0467002994834762,0.012941148484562315,0.7001441506896557,0.009060669414672607,0.012941148484562315,0.7001441506896557,0.009060669414672607,0.012941148484562315,0.7001441506896557,0.009060669414672607,0.06794109783538033,0.6634619456081541,0.045076332956615374,0.06794109783538033,0.6634619456081541,0.045076332956615374,0.06794109783538033,0.6634619456081541,0.045076332956615374
18899.44944944945,0.09521553535693426,0.7604745221730832,0.0724089887540189,0.09521553535693426,0.7604745221730832,0.0724089887540189,0.09521553535693426,0.7604745221730832,0.0724089887540189,0.09521553535693426,0.7604745221730832,0.0724089887540189,0.09521553535693426,0.7604745221730832,0.0724089887540189,0.09521553535693426,0.7604745221730832,0.0724089887540189,0.0635495437710107,0.7345059166646636,0.046677515901147375,0.0635495437710107,0.7345059166646636,0.046677515901147375,0.0635495437710107,0.7345059166646636,0.046677515901147375,0.012821869272923427,0.7000890635307808,0.008976450451995055,0.012821869272923427,0.7000890635307808,0.008976450451995055,0.012821869272923427,0.7000890635307808,0.008976450451995055,0.06806192368825977,0.663426982536623,0.04515411665814008,0.06806192368825977,0.663426982536623,0.04515411665814008,0.06806192368825977,0.663426982536623,0.04515411665814008
18919.45945945946,0.0952000472503605,0.760395731326696,0.0723897095512739,0.0952000472503605,0.760395731326696,0.0723897095512739,0.0952000472503605,0.760395731326696,0.0723897095512739,0.0952000472503605,0.760395731326696,0.0723897095512739,0.0952000472503605,0.760395731326696,0.0723897095512739,0.0952000472503605,0.760395731326696,0.0723897095512739,0.06352371214125974,0.7344350853011689,0.04665404294511299,0.06352371214125974,0.7344350853011689,0.04665404294511299,0.06352371214125974,0.7344350853011689,0.04665404294511299,0.012717208566266935,0.7000340574107519,0.008902479111582613,0.012717208566266935,0.7000340574107519,0.008902479111582613,0.012717208566266935,0.7000340574107519,0.008902479111582613,0.06818257440870512,0.6633920790903904,0.04523177979472614,0.06818257440870512,0.6633920790903904,0.04523177979472614,0.06818257440870512,0.6633920790903904,0.04523177979472614
18939.46946946947,0.0952095563538064,0.7603172436267452,0.07238946745385136,0.0952095563538064,0.7603172436267452,0.07238946745385136,0.0952095563538064,0.7603172436267452,0.07238946745385136,0.0952095563538064,0.7603172436267452,0.07238946745385136,0.0952095563538064,0.7603172436267452,0.07238946745385136,0.0952095563538064,0.7603172436267452,0.07238946745385136,0.06348760322284235,0.7343642909683424,0.04662302872602207,0.06348760322284235,0.7343642909683424,0.04662302872602207,0.06348760322284235,0.7343642909683424,0.04662302872602207,0.01262459616718855,0.6999791267814858,0.008836953801077532,0.01262459616718855,0.6999791267814858,0.008836953801077532,0.01262459616718855,0.6999791267814858,0.008836953801077532,0.06830408797461174,0.6633572349819834,0.04531001093680458,0.06830408797461174,0.6633572349819834,0.04531001093680458,0.06830408797461174,0.6633572349819834,0.04531001093680458
18959.47947947948,0.09523386890204721,0.7602390230060128,0.07240050345117507,0.09523386890204721,0.7602390230060128,0.07240050345117507,0.09523386890204721,0.7602390230060128,0.07240050345117507,0.09523386890204721,0.7602390230060128,0.07240050345117507,0.09523386890204721,0.7602390230060128,0.07240050345117507,0.09523386890204721,0.7602390230060128,0.07240050345117507,0.06343281275876644,0.7342935168816234,0.04657830316632812,0.06343281275876644,0.7342935168816234,0.04657830316632812,0.06343281275876644,0.7342935168816234,0.04657830316632812,0.012538735517622482,0.699924265645404,0.00877616524929386,0.012538735517622482,0.699924265645404,0.00877616524929386,0.012538735517622482,0.699924265645404,0.00877616524929386,0.06842701034939953,0.6633224497598295,0.045389172134704905,0.06842701034939953,0.6633224497598295,0.045389172134704905,0.06842701034939953,0.6633224497598295,0.045389172134704905
18979.489489489493,0.09526217026501738,0.7601609958820594,0.07241458621854192,0.09526217026501738,0.7601609958820594,0.07241458621854192,0.09526217026501738,0.7601609958820594,0.07241458621854192,0.09526217026501738,0.7601609958820594,0.07241458621854192,0.09526217026501738,0.7601609958820594,0.07241458621854192,0.09526217026501738,0.7601609958820594,0.07241458621854192,0.06335286986106697,0.7342227513831813,0.046515118417413216,0.06335286986106697,0.7342227513831813,0.046515118417413216,0.06335286986106697,0.7342227513831813,0.046515118417413216,0.012452808990346953,0.6998694693509823,0.008715340820003263,0.012452808990346953,0.6998694693509823,0.008715340820003263,0.012452808990346953,0.6998694693509823,0.008715340820003263,0.06855115050256774,0.6632877228620648,0.04546913651642285,0.06855115050256774,0.6632877228620648,0.04546913651642285,0.06855115050256774,0.6632877228620648,0.04546913651642285
18999.499499499503,0.09528392370579987,0.7600830753717227,0.07242369776378896,0.09528392370579987,0.7600830753717227,0.07242369776378896,0.09528392370579987,0.7600830753717227,0.07242369776378896,0.09528392370579987,0.7600830753717227,0.07242369776378896,0.09528392370579987,0.7600830753717227,0.07242369776378896,0.09528392370579987,0.7600830753717227,0.07242369776378896,0.06324436101258486,0.7341520002163143,0.046430974139791865,0.06324436101258486,0.7341520002163143,0.046430974139791865,0.06324436101258486,0.7341520002163143,0.046430974139791865,0.012360106947351155,0.699814736344659,0.008649784984552336,0.012360106947351155,0.699814736344659,0.008649784984552336,0.012360106947351155,0.699814736344659,0.008649784984552336,0.0686756771448341,0.6632530536454058,0.04554935257747721,0.0686756771448341,0.6632530536454058,0.04554935257747721,0.0686756771448341,0.6632530536454058,0.04554935257747721
19019.509509509513,0.09528962462091706,0.7600051974533194,0.07242060997527275,0.09528962462091706,0.7600051974533194,0.07242060997527275,0.09528962462091706,0.7600051974533194,0.07242060997527275,0.09528962462091706,0.7600051974533194,0.07242060997527275,0.09528962462091706,0.7600051974533194,0.07242060997527275,0.09528962462091706,0.7600051974533194,0.07242060997527275,0.06310768359900532,0.7340812846745604,0.0463261694491935,0.06310768359900532,0.7340812846745604,0.0463261694491935,0.06310768359900532,0.7340812846745604,0.0463261694491935,0.012255550629955756,0.6997600667631769,0.008575944927037334,0.012255550629955756,0.6997600667631769,0.008575944927037334,0.012255550629955756,0.6997600667631769,0.008575944927037334,0.06879953199554185,0.6632184414769859,0.0456291183844293,0.06879953199554185,0.6632184414769859,0.0456291183844293,0.06879953199554185,0.6632184414769859,0.0456291183844293
19039.51951951952,0.09527156150091948,0.7599273433875466,0.072399464631777,0.09527156150091948,0.7599273433875466,0.072399464631777,0.09527156150091948,0.7599273433875466,0.072399464631777,0.09527156150091948,0.7599273433875466,0.072399464631777,0.09527156150091948,0.7599273433875466,0.072399464631777,0.09527156150091948,0.7599273433875466,0.072399464631777,0.06294725675431571,0.7340106318297248,0.04620395570218319,0.06294725675431571,0.7340106318297248,0.04620395570218319,0.06294725675431571,0.7340106318297248,0.04620395570218319,0.012136853349438185,0.6997054625408924,0.008492222586659624,0.012136853349438185,0.6997054625408924,0.008492222586659624,0.012136853349438185,0.6997054625408924,0.008492222586659624,0.06892193526123035,0.6631838857957972,0.04570791684310912,0.06892193526123035,0.6631838857957972,0.04570791684310912,0.06892193526123035,0.6631838857957972,0.04570791684310912
19059.52952952953,0.09522434423935357,0.7598495410781095,0.07235617426973673,0.09522434423935357,0.7598495410781095,0.07235617426973673,0.09522434423935357,0.7598495410781095,0.07235617426973673,0.09522434423935357,0.7598495410781095,0.07235617426973673,0.09522434423935357,0.7598495410781095,0.07235617426973673,0.09522434423935357,0.7598495410781095,0.07235617426973673,0.06277103533791845,0.7339400619165374,0.04607017756247702,0.06277103533791845,0.7339400619165374,0.04607017756247702,0.06277103533791845,0.7339400619165374,0.04607017756247702,0.01200490323960668,0.6996509264151385,0.008399241673114911,0.01200490323960668,0.6996509264151385,0.008399241673114911,0.01200490323960668,0.6996509264151385,0.008399241673114911,0.06904275212400479,0.6631493861493846,0.0457856586890979,0.06904275212400479,0.6631493861493846,0.0457856586890979,0.06904275212400479,0.6631493861493846,0.0457856586890979
19079.53953953954,0.09514489888882585,0.7597718395005515,0.0722884148478572,0.09514489888882585,0.7597718395005515,0.0722884148478572,0.09514489888882585,0.7597718395005515,0.0722884148478572,0.09514489888882585,0.7597718395005515,0.0722884148478572,0.09514489888882585,0.7597718395005515,0.0722884148478572,0.09514489888882585,0.7597718395005515,0.0722884148478572,0.06258932624382427,0.7338695764114062,0.04593240233843062,0.06258932624382427,0.7338695764114062,0.04593240233843062,0.06258932624382427,0.7338695764114062,0.04593240233843062,0.011863426752648601,0.6995964624807544,0.008299611389052504,0.011863426752648601,0.6995964624807544,0.008299611389052504,0.011863426752648601,0.6995964624807544,0.008299611389052504,0.06916255284208654,0.6631149422566314,0.04586272223420143,0.06916255284208654,0.6631149422566314,0.04586272223420143,0.06916255284208654,0.6631149422566314,0.04586272223420143
19099.54954954955,0.09503226361037824,0.7596942718640424,0.07219546630707803,0.09503226361037824,0.7596942718640424,0.07219546630707803,0.09503226361037824,0.7596942718640424,0.07219546630707803,0.09503226361037824,0.7596942718640424,0.07219546630707803,0.09503226361037824,0.7596942718640424,0.07219546630707803,0.09503226361037824,0.7596942718640424,0.07219546630707803,0.06241310027850824,0.7337991644706136,0.045798680836389966,0.06241310027850824,0.7337991644706136,0.045798680836389966,0.06241310027850824,0.7337991644706136,0.045798680836389966,0.011718123149335529,0.6995420754619412,0.008197320188404794,0.011718123149335529,0.6995420754619412,0.008197320188404794,0.011718123149335529,0.6995420754619412,0.008197320188404794,0.0692823260921963,0.6630805540148208,0.04593976316864899,0.0692823260921963,0.6630805540148208,0.04593976316864899,0.0692823260921963,0.6630805540148208,0.04593976316864899
19119.55955955956,0.09488777398249168,0.7596168346042259,0.07207835051522156,0.09488777398249168,0.7596168346042259,0.07207835051522156,0.09488777398249168,0.7596168346042259,0.07207835051522156,0.09488777398249168,0.7596168346042259,0.07207835051522156,0.09488777398249168,0.7596168346042259,0.07207835051522156,0.09488777398249168,0.7596168346042259,0.07207835051522156,0.06225225238812282,0.7337288167152336,0.04567627148259543,0.06225225238812282,0.7337288167152336,0.04567627148259543,0.06225225238812282,0.7337288167152336,0.04567627148259543,0.011575451375355289,0.6994877711220324,0.008096886682278736,0.011575451375355289,0.6994877711220324,0.008096886682278736,0.011575451375355289,0.6994877711220324,0.008096886682278736,0.06940300865102263,0.6630462214833279,0.04601740264563527,0.06940300865102263,0.6630462214833279,0.04601740264563527,0.06940300865102263,0.6630462214833279,0.04601740264563527
19139.56956956957,0.0947155578367035,0.7595394852333719,0.07194020604288144,0.0947155578367035,0.7595394852333719,0.07194020604288144,0.0947155578367035,0.7595394852333719,0.07194020604288144,0.0947155578367035,0.7595394852333719,0.07194020604288144,0.0947155578367035,0.7595394852333719,0.07194020604288144,0.0947155578367035,0.7595394852333719,0.07194020604288144,0.06211421117498605,0.7336585398330866,0.04557062147352425,0.06211421117498605,0.7336585398330866,0.04557062147352425,0.06211421117498605,0.7336585398330866,0.04557062147352425,0.011441320841031987,0.6994335549964925,0.008002443709698463,0.011441320841031987,0.6994335549964925,0.008002443709698463,0.011441320841031987,0.6994335549964925,0.008002443709698463,0.06952502723155408,0.6630119448522367,0.04609592352069739,0.06952502723155408,0.6630119448522367,0.04609592352069739,0.06952502723155408,0.6630119448522367,0.04609592352069739
19159.57957957958,0.09452277298476319,0.7594621647630079,0.07178646979041062,0.09452277298476319,0.7594621647630079,0.07178646979041062,0.09452277298476319,0.7594621647630079,0.07178646979041062,0.09452277298476319,0.7594621647630079,0.07178646979041062,0.09452277298476319,0.7594621647630079,0.07178646979041062,0.09452277298476319,0.7594621647630079,0.07178646979041062,0.06200306759415574,0.7335883601252534,0.045484728679131954,0.06200306759415574,0.7335883601252534,0.045484728679131954,0.06200306759415574,0.7335883601252534,0.045484728679131954,0.01131986320982851,0.6993794319969918,0.007916879501973508,0.01131986320982851,0.6993794319969918,0.007916879501973508,0.01131986320982851,0.6993794319969918,0.007916879501973508,0.06964810925106889,0.6629777243927207,0.04617514497952925,0.06964810925106889,0.6629777243927207,0.04617514497952925,0.06964810925106889,0.6629777243927207,0.04617514497952925
19179.58958958959,0.09431910992156904,0.7593848199363127,0.07162450030434399,0.09431910992156904,0.7593848199363127,0.07162450030434399,0.09431910992156904,0.7593848199363127,0.07162450030434399,0.09431910992156904,0.7593848199363127,0.07162450030434399,0.09431910992156904,0.7593848199363127,0.07162450030434399,0.09431910992156904,0.7593848199363127,0.07162450030434399,0.06191926544553219,0.7335183153636264,0.04541891527815998,0.06191926544553219,0.7335183153636264,0.04541891527815998,0.06191926544553219,0.7335183153636264,0.04541891527815998,0.011212498762809607,0.6993254072084715,0.007841185263126311,0.011212498762809607,0.6993254072084715,0.007841185263126311,0.011212498762809607,0.6993254072084715,0.007841185263126311,0.06977141555366123,0.6629435604061773,0.04625451064172311,0.06977141555366123,0.6629435604061773,0.04625451064172311,0.06977141555366123,0.6629435604061773,0.04625451064172311
19199.599599599598,0.09411580055822127,0.759307422756478,0.07146282596252569,0.09411580055822127,0.759307422756478,0.07146282596252569,0.09411580055822127,0.759307422756478,0.07146282596252569,0.09411580055822127,0.759307422756478,0.07146282596252569,0.09411580055822127,0.759307422756478,0.07146282596252569,0.09411580055822127,0.759307422756478,0.07146282596252569,0.061859881089399556,0.7334484364637851,0.04537103306485577,0.061859881089399556,0.7334484364637851,0.04537103306485577,0.061859881089399556,0.7334484364637851,0.04537103306485577,0.011117551961114028,0.699271485357596,0.007774187073388461,0.011117551961114028,0.699271485357596,0.007774187073388461,0.011117551961114028,0.699271485357596,0.007774187073388461,0.06989395487349387,0.6629094531517228,0.04633336340379901,0.06989395487349387,0.6629094531517228,0.04633336340379901,0.06989395487349387,0.6629094531517228,0.04633336340379901
19219.609609609608,0.093924469455197,0.759229979090874,0.07131027298059064,0.093924469455197,0.759229979090874,0.07131027298059064,0.093924469455197,0.759229979090874,0.07131027298059064,0.093924469455197,0.759229979090874,0.07131027298059064,0.093924469455197,0.759229979090874,0.07131027298059064,0.093924469455197,0.759229979090874,0.07131027298059064,0.06181926907116514,0.7333787372207216,0.045336937487319096,0.06181926907116514,0.7333787372207216,0.045336937487319096,0.06181926907116514,0.7333787372207216,0.045336937487319096,0.011030544657055188,0.6992176710707102,0.007712751745747594,0.011030544657055188,0.6992176710707102,0.007712751745747594,0.011030544657055188,0.6992176710707102,0.007712751745747594,0.07001505510012408,0.6628754027905771,0.0464112578508992,0.07001505510012408,0.6628754027905771,0.0464112578508992,0.07001505510012408,0.6628754027905771,0.0464112578508992
19239.619619619618,0.09375587833694117,0.7591525203277747,0.07117501133503311,0.09375587833694117,0.7591525203277747,0.07117501133503311,0.09375587833694117,0.7591525203277747,0.07117501133503311,0.09375587833694117,0.7591525203277747,0.07117501133503311,0.09375587833694117,0.7591525203277747,0.07117501133503311,0.09375587833694117,0.7591525203277747,0.07117501133503311,0.061789853174273185,0.7333092109013343,0.045311068472935576,0.061789853174273185,0.7333092109013343,0.045311068472935576,0.061789853174273185,0.7333092109013343,0.045311068472935576,0.010945217533670141,0.6991639670523433,0.007652501711091681,0.010945217533670141,0.6991639670523433,0.007652501711091681,0.010945217533670141,0.6991639670523433,0.007652501711091681,0.07013467948322788,0.6628414093405628,0.04648816979231142,0.07013467948322788,0.6628414093405628,0.04648816979231142,0.07013467948322788,0.6628414093405628,0.04648816979231142
19259.629629629635,0.09361848198798355,0.7590750809848603,0.0710634567967083,0.09361848198798355,0.7590750809848603,0.0710634567967083,0.09361848198798355,0.7590750809848603,0.0710634567967083,0.09361848198798355,0.7590750809848603,0.0710634567967083,0.09361848198798355,0.7590750809848603,0.0710634567967083,0.09361848198798355,0.7590750809848603,0.0710634567967083,0.06176288118695831,0.7332398404502166,0.045287005147271,0.06176288118695831,0.7332398404502166,0.045287005147271,0.06176288118695831,0.7332398404502166,0.045287005147271,0.010855023301076128,0.6991103734236065,0.007588859393537282,0.010855023301076128,0.6991103734236065,0.007588859393537282,0.010855023301076128,0.6991103734236065,0.007588859393537282,0.07025343983323665,0.662807472662195,0.04656450490169316,0.07025343983323665,0.662807472662195,0.04656450490169316,0.07025343983323665,0.662807472662195,0.04656450490169316
19279.63963963964,0.09351714066484274,0.7589976714931446,0.0709792920093125,0.09351714066484274,0.7589976714931446,0.0709792920093125,0.09351714066484274,0.7589976714931446,0.0709792920093125,0.09351714066484274,0.7589976714931446,0.0709792920093125,0.09351714066484274,0.7589976714931446,0.0709792920093125,0.09351714066484274,0.7589976714931446,0.0709792920093125,0.06172921818306346,0.7331706140701899,0.04525804880134937,0.06172921818306346,0.7331706140701899,0.04525804880134937,0.06172921818306346,0.7331706140701899,0.04525804880134937,0.010754614732872538,0.6990568873614798,0.0075180874999337885,0.010754614732872538,0.6990568873614798,0.0075180874999337885,0.010754614732872538,0.6990568873614798,0.0075180874999337885,0.07037229235843578,0.662773592467952,0.04664089701660549,0.07037229235843578,0.662773592467952,0.04664089701660549,0.07037229235843578,0.662773592467952,0.04664089701660549
19299.64964964965,0.09345247782246253,0.7589202784413698,0.0709229804900592,0.09345247782246253,0.7589202784413698,0.0709229804900592,0.09345247782246253,0.7589202784413698,0.0709229804900592,0.09345247782246253,0.7589202784413698,0.0709229804900592,0.09345247782246253,0.7589202784413698,0.0709229804900592,0.09345247782246253,0.7589202784413698,0.0709229804900592,0.061680282190271093,0.7331015351633519,0.04521790956299649,0.061680282190271093,0.7331015351633519,0.04521790956299649,0.061680282190271093,0.7331015351633519,0.04521790956299649,0.010641069329226528,0.6990035056185457,0.00743814476465933,0.010641069329226528,0.6990035056185457,0.00743814476465933,0.010641069329226528,0.6990035056185457,0.00743814476465933,0.07049208467372406,0.6627397683193839,0.04671790786501427,0.07049208467372406,0.6627397683193839,0.04671790786501427,0.07049208467372406,0.6627397683193839,0.04671790786501427
19319.65965965966,0.09342118787884483,0.7588428794720751,0.07089200321368433,0.09342118787884483,0.7588428794720751,0.07089200321368433,0.09342118787884483,0.7588428794720751,0.07089200321368433,0.09342118787884483,0.7588428794720751,0.07089200321368433,0.09342118787884483,0.7588428794720751,0.07089200321368433,0.09342118787884483,0.7588428794720751,0.07089200321368433,0.061609031066689954,0.7330326157936013,0.04516142919932498,0.061609031066689954,0.7330326157936013,0.04516142919932498,0.061609031066689954,0.7330326157936013,0.04516142919932498,0.010514427755410794,0.6989502252824583,0.007349061648360507,0.010514427755410794,0.6989502252824583,0.007349061648360507,0.010514427755410794,0.6989502252824583,0.007349061648360507,0.0706131439297456,0.662705999687062,0.04679575413900845,0.0706131439297456,0.662705999687062,0.04679575413900845,0.0706131439297456,0.662705999687062,0.04679575413900845
19339.66966966967,0.09341683395893129,0.7587654647570797,0.07088146743498344,0.09341683395893129,0.7587654647570797,0.07088146743498344,0.09341683395893129,0.7587654647570797,0.07088146743498344,0.09341683395893129,0.7587654647570797,0.07088146743498344,0.09341683395893129,0.7587654647570797,0.07088146743498344,0.09341683395893129,0.7587654647570797,0.07088146743498344,0.061511070440469294,0.7329638682454007,0.045085392129961696,0.061511070440469294,0.7329638682454007,0.045085392129961696,0.061511070440469294,0.7329638682454007,0.045085392129961696,0.0103775601652816,0.6988970432928839,0.007252846116109322,0.0103775601652816,0.6988970432928839,0.007252846116109322,0.0103775601652816,0.6988970432928839,0.007252846116109322,0.07073513681418862,0.6626722860088997,0.046874214813810655,0.07073513681418862,0.6626722860088997,0.046874214813810655,0.07073513681418862,0.6626722860088997,0.046874214813810655
19359.67967967968,0.09343070498170447,0.7586880492801665,0.07088475930544011,0.09343070498170447,0.7586880492801665,0.07088475930544011,0.09343070498170447,0.7586880492801665,0.07088475930544011,0.09343070498170447,0.7586880492801665,0.07088475930544011,0.09343070498170447,0.7586880492801665,0.07088475930544011,0.09343070498170447,0.7586880492801665,0.07088475930544011,0.06138553596535349,0.7328952936278922,0.04498917040583328,0.06138553596535349,0.7328952936278922,0.04498917040583328,0.06138553596535349,0.7328952936278922,0.04498917040583328,0.010235455185617812,0.6988439555859018,0.007152985989139383,0.010235455185617812,0.6988439555859018,0.007152985989139383,0.010235455185617812,0.6988439555859018,0.007152985989139383,0.07085723094945377,0.6626386267266646,0.046952738210000164,0.07085723094945377,0.6626386267266646,0.046952738210000164,0.07085723094945377,0.6626386267266646,0.046952738210000164
19379.68968968969,0.09345274002964561,0.7586106711170566,0.07089424583161728,0.09345274002964561,0.7586106711170566,0.07089424583161728,0.09345274002964561,0.7586106711170566,0.07089424583161728,0.09345274002964561,0.7586106711170566,0.07089424583161728,0.09345274002964561,0.7586106711170566,0.07089424583161728,0.09345274002964561,0.7586106711170566,0.07089424583161728,0.06123550716549762,0.7328268784437121,0.04487502556600918,0.06123550716549762,0.7328268784437121,0.04487502556600918,0.06123550716549762,0.7328268784437121,0.04487502556600918,0.010094187132993988,0.6987909554600101,0.00705372667125701,0.010094187132993988,0.6987909554600101,0.00705372667125701,0.010094187132993988,0.6987909554600101,0.00705372667125701,0.07097850524372389,0.662605021365639,0.04703071398351879,0.07097850524372389,0.662605021365639,0.04703071398351879,0.07097850524372389,0.662605021365639,0.04703071398351879
19399.6996996997,0.09347268462618842,0.7585333807163498,0.07090215147413588,0.09347268462618842,0.7585333807163498,0.07090215147413588,0.09347268462618842,0.7585333807163498,0.07090215147413588,0.09347268462618842,0.7585333807163498,0.07090215147413588,0.09347268462618842,0.7585333807163498,0.07090215147413588,0.09347268462618842,0.7585333807163498,0.07090215147413588,0.061067680440632946,0.7327586001197036,0.044747868032235606,0.061067680440632946,0.7327586001197036,0.044747868032235606,0.061067680440632946,0.7327586001197036,0.044747868032235606,0.009959653393189986,0.6987380357189237,0.006959188648398884,0.009959653393189986,0.6987380357189237,0.006959188648398884,0.009959653393189986,0.6987380357189237,0.006959188648398884,0.07109838597307874,0.6625714695712114,0.047107762078323984,0.07109838597307874,0.6625714695712114,0.047107762078323984,0.07109838597307874,0.6625714695712114,0.047107762078323984
19419.70970970971,0.09348118083296843,0.7584562185983124,0.07090138292467826,0.09348118083296843,0.7584562185983124,0.07090138292467826,0.09348118083296843,0.7584562185983124,0.07090138292467826,0.09348118083296843,0.7584562185983124,0.07090138292467826,0.09348118083296843,0.7584562185983124,0.07090138292467826,0.09348118083296843,0.7584562185983124,0.07090138292467826,0.06089131950611659,0.7326904389667254,0.044614487618199694,0.06089131950611659,0.7326904389667254,0.044614487618199694,0.06089131950611659,0.7326904389667254,0.044614487618199694,0.009836352168463802,0.6986851899726205,0.006872513583460729,0.009836352168463802,0.6986851899726205,0.006872513583460729,0.009836352168463802,0.6986851899726205,0.006872513583460729,0.07121691584836061,0.6625379711238362,0.047183910935869815,0.07121691584836061,0.6625379711238362,0.047183910935869815,0.07121691584836061,0.6625379711238362,0.047183910935869815
19439.71971971972,0.0934704246391468,0.7583792002857421,0.07088602588820488,0.0934704246391468,0.7583792002857421,0.07088602588820488,0.0934704246391468,0.7583792002857421,0.07088602588820488,0.0934704246391468,0.7583792002857421,0.07088602588820488,0.0934704246391468,0.7583792002857421,0.07088602588820488,0.0934704246391468,0.7583792002857421,0.07088602588820488,0.06071679840936513,0.7326223826204947,0.04448248551575734,0.06071679840936513,0.7326223826204947,0.04448248551575734,0.06071679840936513,0.7326223826204947,0.04448248551575734,0.009726375571937711,0.6986324139132841,0.006795161244450043,0.009726375571937711,0.6986324139132841,0.006795161244450043,0.009726375571937711,0.6986324139132841,0.006795161244450043,0.07133472677749242,0.6625045259598442,0.04725957934819762,0.07133472677749242,0.6625045259598442,0.04725957934819762,0.07133472677749242,0.6625045259598442,0.04725957934819762
19459.72972972973,0.0934342872765197,0.7583023081272555,0.07085143570000996,0.0934342872765197,0.7583023081272555,0.07085143570000996,0.0934342872765197,0.7583023081272555,0.07085143570000996,0.0934342872765197,0.7583023081272555,0.07085143570000996,0.0934342872765197,0.7583023081272555,0.07085143570000996,0.0934342872765197,0.7583023081272555,0.07085143570000996,0.06055399125221053,0.7325544273986911,0.04435909438846844,0.06055399125221053,0.7325544273986911,0.04435909438846844,0.06055399125221053,0.7325544273986911,0.04435909438846844,0.009628891572556773,0.6985797039497061,0.006726548224120531,0.009628891572556773,0.6985797039497061,0.006726548224120531,0.009628891572556773,0.6985797039497061,0.006726548224120531,0.0714527254282388,0.6624711341539133,0.047335368052833525,0.0714527254282388,0.6624711341539133,0.047335368052833525,0.0714527254282388,0.6624711341539133,0.047335368052833525
19479.73973973974,0.0933684282419366,0.758225505895024,0.07079432373836562,0.0933684282419366,0.758225505895024,0.07079432373836562,0.0933684282419366,0.758225505895024,0.07079432373836562,0.0933684282419366,0.758225505895024,0.07079432373836562,0.0933684282419366,0.758225505895024,0.07079432373836562,0.0933684282419366,0.758225505895024,0.07079432373836562,0.06041083010015064,0.7324865686139009,0.044250121647176704,0.06041083010015064,0.7324865686139009,0.044250121647176704,0.06041083010015064,0.7324865686139009,0.044250121647176704,0.009540251311522838,0.6985270576343356,0.00666412367773016,0.009540251311522838,0.6985270576343356,0.00666412367773016,0.009540251311522838,0.6985270576343356,0.00666412367773016,0.0715716625884177,0.6624377958896751,0.04741177441323094,0.0715716625884177,0.6624377958896751,0.04741177441323094,0.0715716625884177,0.6624377958896751,0.04741177441323094
19499.74974974975,0.09327066084191123,0.758148767924242,0.07071303660077484,0.09327066084191123,0.758148767924242,0.07071303660077484,0.09327066084191123,0.758148767924242,0.07071303660077484,0.09327066084191123,0.758148767924242,0.07071303660077484,0.09327066084191123,0.758148767924242,0.07071303660077484,0.09327066084191123,0.758148767924242,0.07071303660077484,0.06029228959010096,0.7324187934892574,0.04415920599828666,0.06029228959010096,0.7324187934892574,0.04415920599828666,0.06029228959010096,0.7324187934892574,0.04415920599828666,0.009454821726102841,0.6984744732764502,0.00660395162506242,0.009454821726102841,0.6984744732764502,0.00660395162506242,0.009454821726102841,0.6984744732764502,0.00660395162506242,0.0716917683898364,0.6624045114055349,0.04748895081206835,0.0716917683898364,0.6624045114055349,0.04748895081206835,0.0716917683898364,0.6624045114055349,0.04748895081206835
19519.75975975976,0.09314133490913147,0.758072103796833,0.07060784770501069,0.09314133490913147,0.758072103796833,0.07060784770501069,0.09314133490913147,0.758072103796833,0.07060784770501069,0.09314133490913147,0.758072103796833,0.07060784770501069,0.09314133490913147,0.758072103796833,0.07060784770501069,0.09314133490913147,0.758072103796833,0.07060784770501069,0.0601999770073843,0.7323510814090384,0.04408751826215714,0.0601999770073843,0.7323510814090384,0.04408751826215714,0.0601999770073843,0.7323510814090384,0.04408751826215714,0.009366316466004465,0.6984219504290057,0.006541641014522151,0.009366316466004465,0.6984219504290057,0.006541641014522151,0.009366316466004465,0.6984219504290057,0.006541641014522151,0.07181265815153805,0.6623712809406166,0.04756664236758487,0.07181265815153805,0.6623712809406166,0.04756664236758487,0.07181265815153805,0.6623712809406166,0.04756664236758487
19539.76976976977,0.0929834924995961,0.7579955635112414,0.07048107479447464,0.0929834924995961,0.7579955635112414,0.07048107479447464,0.0929834924995961,0.7579955635112414,0.07048107479447464,0.0929834924995961,0.7579955635112414,0.07048107479447464,0.0929834924995961,0.7579955635112414,0.07048107479447464,0.0929834924995961,0.7579955635112414,0.07048107479447464,0.06013225580003958,0.7322834122361747,0.044033853462711485,0.06013225580003958,0.7322834122361747,0.044033853462711485,0.06013225580003958,0.7322834122361747,0.044033853462711485,0.009269284773007622,0.6983694905275999,0.006473385684480573,0.009269284773007622,0.6983694905275999,0.006473385684480573,0.009269284773007622,0.6983694905275999,0.006473385684480573,0.07193351747811683,0.6623381046881838,0.04764430963001024,0.07193351747811683,0.6623381046881838,0.04764430963001024,0.07193351747811683,0.6623381046881838,0.04764430963001024
19559.77977977978,0.09280283375315708,0.7579192153712087,0.07033705094241753,0.09280283375315708,0.7579192153712087,0.07033705094241753,0.09280283375315708,0.7579192153712087,0.07033705094241753,0.09280283375315708,0.7579192153712087,0.07033705094241753,0.09280283375315708,0.7579192153712087,0.07033705094241753,0.09280283375315708,0.7579192153712087,0.07033705094241753,0.0600847035076214,0.7322157722603553,0.04399496757986748,0.0600847035076214,0.7322157722603553,0.04399496757986748,0.0600847035076214,0.7322157722603553,0.04399496757986748,0.009160283247867995,0.6983170955555563,0.006396782392117397,0.009160283247867995,0.6983170955555563,0.006396782392117397,0.009160283247867995,0.6983170955555563,0.006396782392117397,0.07205350409673664,0.6623049827466949,0.04772139478762807,0.07205350409673664,0.6623049827466949,0.04772139478762807,0.07205350409673664,0.6623049827466949,0.04772139478762807
19579.78978978979,0.09260763336222849,0.7578431222237159,0.07018205800898039,0.09260763336222849,0.7578431222237159,0.07018205800898039,0.09260763336222849,0.7578431222237159,0.07018205800898039,0.09260763336222849,0.7578431222237159,0.07018205800898039,0.09260763336222849,0.7578431222237159,0.07018205800898039,0.09260763336222849,0.7578431222237159,0.07018205800898039,0.06005071594786629,0.7321481627182129,0.043966021351143594,0.06005071594786629,0.7321481627182129,0.043966021351143594,0.06005071594786629,0.7321481627182129,0.043966021351143594,0.009038601940804275,0.6982647685972565,0.00631133729263841,0.009038601940804275,0.6982647685972565,0.00631133729263841,0.009038601940804275,0.6982647685972565,0.00631133729263841,0.07217214690809345,0.6622719150924309,0.04779758594915531,0.07217214690809345,0.6622719150924309,0.04779758594915531,0.07217214690809345,0.6622719150924309,0.04779758594915531
19599.7997997998,0.09240831246531912,0.757767315409424,0.07002399885836008,0.09240831246531912,0.757767315409424,0.07002399885836008,0.09240831246531912,0.757767315409424,0.07002399885836008,0.09240831246531912,0.757767315409424,0.07002399885836008,0.09240831246531912,0.757767315409424,0.07002399885836008,0.09240831246531912,0.757767315409424,0.07002399885836008,0.06002222228541144,0.732080594837051,0.04394110419414571,0.06002222228541144,0.732080594837051,0.04394110419414571,0.06002222228541144,0.732080594837051,0.04394110419414571,0.008906291253933519,0.6982125135320972,0.006218484002657856,0.008906291253933519,0.6982125135320972,0.006218484002657856,0.008906291253933519,0.6982125135320972,0.006218484002657856,0.07228956858551441,0.6622389015522936,0.04787296449376025,0.07228956858551441,0.6622389015522936,0.04787296449376025,0.07228956858551441,0.6622389015522936,0.04787296449376025
19619.80980980981,0.09221636499768804,0.7576917805305057,0.06987158178914925,0.09221636499768804,0.7576917805305057,0.06987158178914925,0.09221636499768804,0.7576917805305057,0.06987158178914925,0.09221636499768804,0.7576917805305057,0.06987158178914925,0.09221636499768804,0.7576917805305057,0.06987158178914925,0.09221636499768804,0.7576917805305057,0.06987158178914925,0.05999043880182217,0.7320130785735026,0.043913785792297155,0.05999043880182217,0.7320130785735026,0.043913785792297155,0.05999043880182217,0.7320130785735026,0.043913785792297155,0.008767631671847017,0.6981603356555621,0.0061212126709210505,0.008767631671847017,0.6981603356555621,0.0061212126709210505,0.008767631671847017,0.6981603356555621,0.0061212126709210505,0.07240642078136676,0.6622059418203459,0.04794796206736524,0.07240642078136676,0.6622059418203459,0.04794796206736524,0.07240642078136676,0.6622059418203459,0.04794796206736524
19639.81981981982,0.09204272894412999,0.7576164620161185,0.06973308665696035,0.09204272894412999,0.7576164620161185,0.06973308665696035,0.09204272894412999,0.7576164620161185,0.06973308665696035,0.09204272894412999,0.7576164620161185,0.06973308665696035,0.09204272894412999,0.7576164620161185,0.06973308665696035,0.09204272894412999,0.7576164620161185,0.06973308665696035,0.05994670885544615,0.731945612999969,0.0438777305605302,0.05994670885544615,0.731945612999969,0.0438777305605302,0.05994670885544615,0.731945612999969,0.0438777305605302,0.008628239220459494,0.6981082406957747,0.006023444902497259,0.008628239220459494,0.6981082406957747,0.006023444902497259,0.008628239220459494,0.6981082406957747,0.006023444902497259,0.07252356250603473,0.6621730354906514,0.04802314752921701,0.07252356250603473,0.6621730354906514,0.04802314752921701,0.07252356250603473,0.6621730354906514,0.04802314752921701
19659.82982982983,0.09189621368082869,0.7575412887308625,0.06961517614126168,0.09189621368082869,0.7575412887308625,0.06961517614126168,0.09189621368082869,0.7575412887308625,0.06961517614126168,0.09189621368082869,0.7575412887308625,0.06961517614126168,0.09189621368082869,0.7575412887308625,0.06961517614126168,0.09189621368082869,0.7575412887308625,0.06961517614126168,0.05988353796739872,0.731878187391629,0.04382745522217757,0.05988353796739872,0.731878187391629,0.04382745522217757,0.05988353796739872,0.731878187391629,0.04382745522217757,0.00849389602859931,0.6980562345342137,0.005929217078249146,0.00849389602859931,0.6980562345342137,0.005929217078249146,0.00849389602859931,0.6980562345342137,0.005929217078249146,0.07264165300596301,0.662140182074646,0.0480989573475716,0.07264165300596301,0.662140182074646,0.0480989573475716,0.07264165300596301,0.662140182074646,0.0480989573475716
19679.83983983984,0.091782489890197,0.7574662106081569,0.06952213481730898,0.091782489890197,0.7574662106081569,0.06952213481730898,0.091782489890197,0.7574662106081569,0.06952213481730898,0.091782489890197,0.7574662106081569,0.06952213481730898,0.091782489890197,0.7574662106081569,0.06952213481730898,0.091782489890197,0.7574662106081569,0.06952213481730898,0.05979567880303195,0.7318107870428976,0.04375912276661112,0.05979567880303195,0.7318107870428976,0.04375912276661112,0.05979567880303195,0.7318107870428976,0.04375912276661112,0.008369348237546837,0.6980043216467565,0.005841841239174357,0.008369348237546837,0.6980043216467565,0.005841841239174357,0.008369348237546837,0.6980043216467565,0.005841841239174357,0.07276083223900753,0.6621073810689647,0.048175484078167574,0.07276083223900753,0.6621073810689647,0.048175484078167574,0.07276083223900753,0.6621073810689647,0.048175484078167574
19699.84984984985,0.09170368742735593,0.7573912187247674,0.06945556758216025,0.09170368742735593,0.7573912187247674,0.06945556758216025,0.09170368742735593,0.7573912187247674,0.06945556758216025,0.09170368742735593,0.7573912187247674,0.06945556758216025,0.09170368742735593,0.7573912187247674,0.06945556758216025,0.09170368742735593,0.7573912187247674,0.06945556758216025,0.059681156966971245,0.7317434082446505,0.043671293206995504,0.059681156966971245,0.7317434082446505,0.043671293206995504,0.059681156966971245,0.7317434082446505,0.043671293206995504,0.00825725363761823,0.6979525047052544,0.005763170858362216,0.00825725363761823,0.6979525047052544,0.005763170858362216,0.00825725363761823,0.6979525047052544,0.005763170858362216,0.07288066848984942,0.6620746320038481,0.048252441770611505,0.07288066848984942,0.6620746320038481,0.048252441770611505,0.07288066848984942,0.6620746320038481,0.048252441770611505
19719.85985985986,0.09165826013187768,0.7573163476178363,0.06941429879207914,0.09165826013187768,0.7573163476178363,0.06941429879207914,0.09165826013187768,0.7573163476178363,0.06941429879207914,0.09165826013187768,0.7573163476178363,0.06941429879207914,0.09165826013187768,0.7573163476178363,0.06941429879207914,0.09165826013187768,0.7573163476178363,0.06941429879207914,0.059541749165235386,0.731676064246642,0.04356527268758021,0.059541749165235386,0.731676064246642,0.04356527268758021,0.059541749165235386,0.731676064246642,0.04356527268758021,0.008157533318221248,0.6979007856935949,0.005693148912108288,0.008157533318221248,0.6979007856935949,0.005693148912108288,0.008157533318221248,0.6979007856935949,0.005693148912108288,0.07300036351941998,0.6620419344724744,0.04832930188159065,0.07300036351941998,0.6620419344724744,0.04832930188159065,0.07300036351941998,0.6620419344724744,0.04832930188159065
19739.869869869868,0.09164123263191237,0.7572416495690106,0.06939455816672677,0.09164123263191237,0.7572416495690106,0.06939455816672677,0.09164123263191237,0.7572416495690106,0.06939455816672677,0.09164123263191237,0.7572416495690106,0.06939455816672677,0.09164123263191237,0.7572416495690106,0.06939455816672677,0.09164123263191237,0.7572416495690106,0.06939455816672677,0.05938283567663087,0.7316087827011938,0.04344500412272493,0.05938283567663087,0.7316087827011938,0.04344500412272493,0.05938283567663087,0.7316087827011938,0.04344500412272493,0.008067335448582395,0.6978491660433339,0.0056297833149850495,0.008067335448582395,0.6978491660433339,0.0056297833149850495,0.008067335448582395,0.6978491660433339,0.0056297833149850495,0.07311914430808274,0.6620092881859024,0.048405552676156136,0.07311914430808274,0.6620092881859024,0.048405552676156136,0.07311914430808274,0.6620092881859024,0.048405552676156136
19759.87987987988,0.09164497327998021,0.7571671651896428,0.06939056462228317,0.09164497327998021,0.7571671651896428,0.06939056462228317,0.09164497327998021,0.7571671651896428,0.06939056462228317,0.09164497327998021,0.7571671651896428,0.06939056462228317,0.09164497327998021,0.7571671651896428,0.06939056462228317,0.09164497327998021,0.7571671651896428,0.06939056462228317,0.059212615863632974,0.7315415940096629,0.043316491394363915,0.059212615863632974,0.7315415940096629,0.043316491394363915,0.059212615863632974,0.7315415940096629,0.043316491394363915,0.007981668411263871,0.6977976474538218,0.005569589440136412,0.007981668411263871,0.6977976474538218,0.005569589440136412,0.007981668411263871,0.6977976474538218,0.005569589440136412,0.07323662683834938,0.6619766929864241,0.048480940039931315,0.07323662683834938,0.6619766929864241,0.048480940039931315,0.07323662683834938,0.6619766929864241,0.048480940039931315
19779.88988988989,0.09166038121272051,0.7570929023771237,0.06939542404533215,0.09166038121272051,0.7570929023771237,0.06939542404533215,0.09166038121272051,0.7570929023771237,0.06939542404533215,0.09166038121272051,0.7570929023771237,0.06939542404533215,0.09166038121272051,0.7570929023771237,0.06939542404533215,0.09166038121272051,0.7570929023771237,0.06939542404533215,0.05904079398954505,0.7314745190362836,0.04318683638702277,0.05904079398954505,0.7314745190362836,0.04318683638702277,0.05904079398954505,0.7314745190362836,0.04318683638702277,0.007894583321270967,0.6977462304137995,0.00550841575310447,0.007894583321270967,0.6977462304137995,0.00550841575310447,0.007894583321270967,0.6977462304137995,0.00550841575310447,0.07335299667797683,0.6619441488440333,0.04855558695116258,0.07335299667797683,0.6619441488440333,0.04855558695116258,0.07335299667797683,0.6619441488440333,0.04855558695116258
19799.8998998999,0.09167800251283327,0.757018829820657,0.0694019741825603,0.09167800251283327,0.757018829820657,0.0694019741825603,0.09167800251283327,0.757018829820657,0.0694019741825603,0.09167800251283327,0.757018829820657,0.0694019741825603,0.09167800251283327,0.757018829820657,0.0694019741825603,0.09167800251283327,0.757018829820657,0.0694019741825603,0.05887705765622844,0.7314075606366554,0.04306312511780576,0.05887705765622844,0.7314075606366554,0.04306312511780576,0.05887705765622844,0.7314075606366554,0.04306312511780576,0.00780058421897462,0.6976949133227542,0.005442427930524342,0.00780058421897462,0.6976949133227542,0.005442427930524342,0.00780058421897462,0.6976949133227542,0.005442427930524342,0.0734689126919068,0.6619116558407723,0.04862992965272116,0.0734689126919068,0.6619116558407723,0.04862992965272116,0.0734689126919068,0.6619116558407723,0.04862992965272116
19819.90990990991,0.09168872975251988,0.7569448818459371,0.06940331470912521,0.09168872975251988,0.7569448818459371,0.06940331470912521,0.09168872975251988,0.7569448818459371,0.06940331470912521,0.09168872975251988,0.7569448818459371,0.06940331470912521,0.09168872975251988,0.7569448818459371,0.06940331470912521,0.09168872975251988,0.7569448818459371,0.06940331470912521,0.058729625918139926,0.7313407124449687,0.04295136646059895,0.058729625918139926,0.7313407124449687,0.04295136646059895,0.058729625918139926,0.7313407124449687,0.04295136646059895,0.007695818676187205,0.6976436916173308,0.005368939351272841,0.007695818676187205,0.6976436916173308,0.005368939351272841,0.007695818676187205,0.6976436916173308,0.005368939351272841,0.0735851832564645,0.6618792141369585,0.0487045032659128,0.0735851832564645,0.6618792141369585,0.0487045032659128,0.0735851832564645,0.6618792141369585,0.0487045032659128
19839.91991991992,0.09168434370079305,0.7568709865288049,0.06939321966606525,0.09168434370079305,0.7568709865288049,0.06939321966606525,0.09168434370079305,0.7568709865288049,0.06939321966606525,0.09168434370079305,0.7568709865288049,0.06939321966606525,0.09168434370079305,0.7568709865288049,0.06939321966606525,0.09168434370079305,0.7568709865288049,0.06939321966606525,0.058604230254774035,0.7312739695326546,0.0428557480898143,0.058604230254774035,0.7312739695326546,0.0428557480898143,0.058604230254774035,0.7312739695326546,0.0428557480898143,0.007578903668098895,0.6975925599497526,0.005286986811441678,0.007578903668098895,0.6975925599497526,0.005286986811441678,0.007578903668098895,0.6975925599497526,0.005286986811441678,0.0737023842797616,0.6618468239372646,0.04877968895216399,0.0737023842797616,0.6618468239372646,0.04877968895216399,0.0737023842797616,0.6618468239372646,0.04877968895216399
19859.92992992993,0.0916580326945966,0.7567970940065352,0.0693665327856267,0.0916580326945966,0.7567970940065352,0.0693665327856267,0.0916580326945966,0.7567970940065352,0.0693665327856267,0.0916580326945966,0.7567970940065352,0.0693665327856267,0.0916580326945966,0.7567970940065352,0.0693665327856267,0.0916580326945966,0.7567970940065352,0.0693665327856267,0.05850356963850876,0.7312073373588444,0.042778239381361716,0.05850356963850876,0.7312073373588444,0.042778239381361716,0.05850356963850876,0.7312073373588444,0.042778239381361716,0.0074511117195024314,0.6975415133038219,0.005197459744617568,0.0074511117195024314,0.6975415133038219,0.005197459744617568,0.0074511117195024314,0.6975415133038219,0.005197459744617568,0.07382058220676235,0.6618144854353326,0.0488555306277051,0.07382058220676235,0.6618144854353326,0.0488555306277051,0.07382058220676235,0.6618144854353326,0.0488555306277051
19879.93993993994,0.09160480528729421,0.7567231931767613,0.06931948076733674,0.09160480528729421,0.7567231931767613,0.06931948076733674,0.09160480528729421,0.7567231931767613,0.06931948076733674,0.09160480528729421,0.7567231931767613,0.06931948076733674,0.09160480528729421,0.7567231931767613,0.06931948076733674,0.09160480528729421,0.7567231931767613,0.06931948076733674,0.05842722132961162,0.7311408328579001,0.042718527264505105,0.05842722132961162,0.7311408328579001,0.042718527264505105,0.05842722132961162,0.7311408328579001,0.042718527264505105,0.007316021748971419,0.6974905473548847,0.005102856014150317,0.007316021748971419,0.6974905473548847,0.005102856014150317,0.007316021748971419,0.6974905473548847,0.005102856014150317,0.07393931753218062,0.6617821987691892,0.048931724131939754,0.07393931753218062,0.6617821987691892,0.048931724131939754,0.07393931753218062,0.6617821987691892,0.048931724131939754
19899.94994994995,0.09152164799900638,0.7566493042820952,0.06924979128519898,0.09152164799900638,0.7566493042820952,0.06924979128519898,0.09152164799900638,0.7566493042820952,0.06924979128519898,0.09152164799900638,0.7566493042820952,0.06924979128519898,0.09152164799900638,0.7566493042820952,0.06924979128519898,0.09152164799900638,0.7566493042820952,0.06924979128519898,0.058371939587629,0.7310744784467074,0.042674235289948584,0.058371939587629,0.7310744784467074,0.042674235289948584,0.058371939587629,0.7310744784467074,0.042674235289948584,0.007178730648582269,0.6974396582680971,0.005006731450345933,0.007178730648582269,0.6974396582680971,0.005006731450345933,0.007178730648582269,0.6974396582680971,0.005006731450345933,0.07405782379612295,0.6617499639835079,0.04900776222978134,0.07405782379612295,0.6617499639835079,0.04900776222978134,0.07405782379612295,0.6617499639835079,0.04900776222978134
19919.95995995996,0.09140763905013985,0.7565754553947006,0.06915677614091398,0.09140763905013985,0.7565754553947006,0.06915677614091398,0.09140763905013985,0.7565754553947006,0.06915677614091398,0.09140763905013985,0.7565754553947006,0.06915677614091398,0.09140763905013985,0.7565754553947006,0.06915677614091398,0.09140763905013985,0.7565754553947006,0.06915677614091398,0.058332181636738555,0.7310082883374123,0.042641308253259284,0.058332181636738555,0.7310082883374123,0.042641308253259284,0.058332181636738555,0.7310082883374123,0.042641308253259284,0.0070448407337591,0.6973888410799662,0.004912993314909198,0.0070448407337591,0.6973888410799662,0.004912993314909198,0.0070448407337591,0.6973888410799662,0.004912993314909198,0.07417540467811912,0.6617177810083659,0.049083184189002545,0.07417540467811912,0.6617177810083659,0.049083184189002545,0.07417540467811912,0.6617177810083659,0.049083184189002545
19939.96996996997,0.09126430880979684,0.7565016632659566,0.0690416014114292,0.09126430880979684,0.7565016632659566,0.0690416014114292,0.09126430880979684,0.7565016632659566,0.0690416014114292,0.09126430880979684,0.7565016632659566,0.0690416014114292,0.09126430880979684,0.7565016632659566,0.0690416014114292,0.09126430880979684,0.7565016632659566,0.0690416014114292,0.05830069095059074,0.7309422647631674,0.04261443908068229,0.05830069095059074,0.7309422647631674,0.04261443908068229,0.05830069095059074,0.7309422647631674,0.04261443908068229,0.006919260229405997,0.6973380910068121,0.0048250637195533345,0.006919260229405997,0.6973380910068121,0.0048250637195533345,0.006919260229405997,0.6973380910068121,0.0048250637195533345,0.07429176134182644,0.6616856496594636,0.04915779236781225,0.07429176134182644,0.6616856496594636,0.04915779236781225,0.07429176134182644,0.6616856496594636,0.04915779236781225
19959.97997997998,0.0910960733405516,0.7564279215600568,0.06890761341927594,0.0910960733405516,0.7564279215600568,0.06890761341927594,0.0910960733405516,0.7564279215600568,0.06890761341927594,0.0910960733405516,0.7564279215600568,0.06890761341927594,0.0910960733405516,0.7564279215600568,0.06890761341927594,0.0910960733405516,0.7564279215600568,0.06890761341927594,0.05826914513450317,0.730876399036061,0.042587542970815295,0.05826914513450317,0.730876399036061,0.042587542970815295,0.05826914513450317,0.730876399036061,0.042587542970815295,0.006805130560298258,0.6972874039402288,0.004745131821864687,0.006805130560298258,0.6972874039402288,0.004745131821864687,0.006805130560298258,0.6972874039402288,0.004745131821864687,0.07440713304839741,0.661653569630945,0.049231745187476805,0.07440713304839741,0.661653569630945,0.049231745187476805,0.07440713304839741,0.661653569630945,0.049231745187476805
19979.98998998999,0.09091030479309155,0.7563542075846006,0.06876039154305327,0.09091030479309155,0.7563542075846006,0.06876039154305327,0.09091030479309155,0.7563542075846006,0.06876039154305327,0.09091030479309155,0.7563542075846006,0.06876039154305327,0.09091030479309155,0.7563542075846006,0.06876039154305327,0.09091030479309155,0.7563542075846006,0.06876039154305327,0.05822897192524224,0.7308106796176221,0.04255435454612172,0.05822897192524224,0.7308106796176221,0.04255435454612172,0.05822897192524224,0.7308106796176221,0.04255435454612172,0.00670307929802054,0.6972367774128082,0.00467363340849435,0.00670307929802054,0.6972367774128082,0.00467363340849435,0.00670307929802054,0.6972367774128082,0.00467363340849435,0.07452217398852512,0.6616215405329692,0.049305475558153955,0.07452217398852512,0.6616215405329692,0.049305475558153955,0.07452217398852512,0.6616215405329692,0.049305475558153955
20000.0,0.09071665656727766,0.7562804913801305,0.06860723760506329,0.09071665656727766,0.7562804913801305,0.06860723760506329,0.09071665656727766,0.7562804913801305,0.06860723760506329,0.09071665656727766,0.7562804913801305,0.06860723760506329,0.09071665656727766,0.7562804913801305,0.06860723760506329,0.09071665656727766,0.7562804913801305,0.06860723760506329,0.058172377308236496,0.7307450991111665,0.04250917962163945,0.058172377308236496,0.7307450991111665,0.04250917962163945,0.058172377308236496,0.7307450991111665,0.04250917962163945,0.006611036232861449,0.6971862097074835,0.004609123293427514,0.006611036232861449,0.6971862097074835,0.004609123293427514,0.006611036232861449,0.6971862097074835,0.004609123293427514,0.07463763201344706,0.6615895619319647,0.04937947826741562,0.07463763201344706,0.6615895619319647,0.04937947826741562,0.07463763201344706,0.6615895619319647,0.04937947826741562
