Xdata,P_Zhang 1,omega_Zhang 1,P_times_omega_Zhang 1,omega_eff_Zhang 1,P_times_omega_eff_Zhang 1,P_Zhang 2,omega_Zhang 2,P_times_omega_Zhang 2,omega_eff_Zhang 2,P_times_omega_eff_Zhang 2,P_Zhang 3,omega_Zhang 3,P_times_omega_Zhang 3,omega_eff_Zhang 3,P_times_omega_eff_Zhang 3,P_Zhang 4,omega_Zhang 4,P_times_omega_Zhang 4,omega_eff_Zhang 4,P_times_omega_eff_Zhang 4
10.0,0.9999987151058716,0.014406678974132694,0.01440666046307547,0.014384716663534044,0.014384698180696064,0.999999734502757,0.005845013474925294,0.005845011923090331,0.005840924732527922,0.005840923181778509,0.9999999649250823,0.001933081837724468,0.0019330817699217816,0.0019325883369322098,0.001932588269146833,0.9999999998094244,0.00011413978383894525,0.000114139783817193,0.0001141376338650307,0.00011413763384327886
10.186289902446877,0.9999986642350871,0.014811361752114716,0.014811341967617376,0.0147883538122644,0.014788334058500259,0.9999997239975187,0.006010939373693957,0.006010937714659774,0.006006653672818901,0.006006652014967583,0.9999999635376576,0.001988227783374475,0.001988227710879033,0.001987710381365571,0.0019877103088889944,0.9999999998018874,0.00011740352207873348,0.00011740352205547436,0.00011740126771172942,0.00011740126768847075
10.37605019766912,0.9999986096172203,0.015232320966547093,0.015232299787790327,0.015208197949900576,0.015208176804684037,0.9999997127191744,0.006183633828875264,0.006183632052435832,0.006179137926047472,0.006179136150899627,0.9999999620481774,0.002045637972435588,0.0020456378947998986,0.002045095052970826,0.0020450949753557414,0.9999999997937957,0.00012080167769921689,0.00012080167767430708,0.00012079931186160205,0.00012079931183669272
10.569345535579883,0.9999985509701318,0.015670276723074902,0.01567025401637589,0.015644964046385157,0.015644941376364966,0.9999997006095936,0.006363403615430885,0.006363401710288891,0.006358683270835859,0.006358681367107091,0.9999999604489732,0.0021054161594996987,0.0021054160762283276,0.0021048459837883743,0.0021048459005395545,0.9999999997851083,0.0001243404416872279,0.00012434044166050818,0.00012433795676213455,0.00012433795673541536
10.766241770454933,0.9999984879900933,0.016125981946906738,0.01612595756426228,0.01609939949197072,0.016099375149519198,0.9999996876062068,0.006550570122002793,0.006550568075645345,0.006545610020030133,0.0065456079752221905,0.9999999587317919,0.0021676711389389132,0.0021676710494830096,0.0021670718357528597,0.0021670717463216885,0.9999999997757802,0.00012802630845647718,0.00012802630842777117,0.00012802369624488827,0.00012802369621618283
10.966805983368687,0.9999984203501191,0.01660022383525137,0.016600197612709765,0.016572285518062536,0.016572259339653693,0.9999996736416626,0.006745470057015401,0.006745467855575008,0.00674025372026666,0.006740251520528663,0.9999999568877507,0.0022325169974196203,0.002232516901170791,0.0022318865523790897,0.00223188645615744,0.9999999997657634,0.00013186609129979044,0.00013186609126890258,0.0001318633429734678,0.00013186334294258058
11.171106505048241,0.9999983476981741,0.01709382536566229,0.017093797121503426,0.01706443867149495,0.017064410475891776,0.9999996586434625,0.00694845618808237,0.006948453816181425,0.006942965884293465,0.006942963514266671,0.9999999549072881,0.002300073379210165,0.002300073275493619,0.0022994096231715856,0.00229940951948497,0.9999999997550053,0.00013586693864908048,0.0001358669386157938,0.0001358640446981295,0.00013586404466484352
11.37921293915315,0.9999982696552352,0.017607646861424766,0.017607616394125197,0.01757671234319006,0.017576681929417876,0.9999996425335642,0.007159898116135928,0.007159895556712668,0.007154114757425584,0.00715411220006968,0.9999999527801129,0.0023704657649252217,0.0023704656529920957,0.0023697663613926243,0.0023697662494925244,0.9999999997434508,0.00014003635118216992,0.00014003635114624371,0.00014003330135986666,0.00014003330132394121
11.591196185988858,0.9999981858132104,0.01814258761501419,0.01814255470097141,0.018109998352028027,0.018109965497108256,0.9999996252279526,0.007380183085750004,0.007380180319863678,0.0073740861195526275,0.0073740833559512746,0.9999999504951474,0.0024438257643762864,0.0024438256433950522,0.0024430881958536757,0.002443088074908955,0.9999999997310394,0.00014438219982661226,0.00014438219978777912,0.00014437898308910295,0.00014437898305027068
11.807128466661903,0.9999980957326914,0.018699587570525283,0.01869955196151199,0.018665228584618967,0.018665193041034367,0.9999996066361836,0.007609716833162579,0.007609713839775324,0.007603284124154688,0.007603281133297828,0.9999999480404664,0.0025202914242328078,0.002520291293279641,0.0025195129774263055,0.0025195128465135865,0.9999999997177063,0.00014891274470608877,0.00014891274466405163,0.00014890934914655286,0.0001489093491045167
12.027083347685123,0.9999979989405333,0.019279629065820043,0.019279590486135787,0.019243376691502986,0.019243338184361886,0.999999586660887,0.007848924473551473,0.007848921229283993,0.007842132175818946,0.007842128934358988,0.9999999454032336,0.0026000075512312157,0.002600007409279211,0.0025991853010010825,0.0025991851590939697,0.999999999703382,0.00015363665507883592,0.00015363665503326452,0.0001536330678563572,0.00015363306781078688
12.25113576604119,0.9999978949272487,0.019883738634973662,0.019883696778257267,0.019845459840116205,0.019845418063979457,0.9999995651972333,0.008098251429148122,0.008098247908005996,0.008091073847783403,0.008091070329762109,0.999999942569631,0.0026831260517009422,0.002683125897608023,0.0026822568436566776,0.0026822566896136774,0.9999999996879916,0.0001585630303218582,0.00015856303027238518,0.00015855923758429288,0.00015855923753482106
12.479362054713114,0.9999977831441971,0.020512988871389807,0.02051294339705139,0.020472540524643507,0.020472495139973245,0.9999995421323609,0.008358164399815767,0.008358160572882765,0.008350573841065826,0.008350570017608297,0.9999999395247823,0.002769806288214114,0.002769806120709476,0.0027688867198362942,0.002768886552387267,0.999999999671454,0.00016370142201696994,0.0001637014219631865,0.00016369740881669418,0.00016369740876291206
12.711839968690288,0.9999976630005575,0.021168500351724344,0.021168450880950825,0.02112572843263046,0.021125679061814888,0.999999517344757,0.008629152377751814,0.008629148212846176,0.008621118986764162,0.008621114825735883,0.9999999362526728,0.0028602154542041918,0.0028602152718731014,0.0028592418543647805,0.0028592416720957547,0.9999999996536829,0.00016906185719572038,0.00016906185713717138,0.00016905760739870584,0.0001690576073401583
12.948648711459043,0.9999975338600657,0.021851443620491177,0.021851389731773443,0.021806182367944075,0.021806128590846924,0.9999994907035913,0.008911727707999572,0.008911723169288654,0.008903219293139409,0.008903214758761798,0.9999999327360628,0.002954528967433646,0.002954528768700395,0.0029534973741772493,0.0029534971755133875,0.9999999996345841,0.0001746548628069004,0.00017465486274307872,0.0001746503589936421,0.00017465035892982208
13.1898689619867,0.9999973950374995,0.022563041234916176,0.02256298245903986,0.02251511222935233,0.022515053578329277,0.9999994620679986,0.009206427196490322,0.009206422244058515,0.00919740903911193,0.009197404091531278,0.999999928956392,0.0030529308832323663,0.0030529306663411413,0.0030518370196688004,0.0030518368028552875,0.9999999996140577,0.00018049149146997823,0.00018049149140031895,0.00018048671482854016,0.00018048671475888272
13.435582902208258,0.9999972457948884,0.0233045698692636,0.02330450568369814,0.02325378104363083,0.023253716997948214,0.9999994312863066,0.00951381326734446,0.009513807856708578,0.00950424791581709,0.009504242510621154,0.9999999248936778,0.0031556143284705335,0.0031556140914639473,0.0031544535766149565,0.00315445333969555,0.9999999995919944,0.00018658334858567813,0.00018658334850955106,0.00018657827879449467,0.0001865782787183697
13.685874245025186,0.9999970853374314,0.024077362477466648,0.024077292300079482,0.02402350705169983,0.02402343703128306,0.9999993981952039,0.009834475171191044,0.009834469252756719,0.00982432221787454,0.00982431630555031,0.9999999205264078,0.0032627819572702125,0.00326278169796521,0.0032615493296536987,0.0032615490704466575,0.9999999995682776,0.00019294262087288661,0.00019294262078958896,0.00019293723597404457,0.00019293723589074925
13.94082826282578,0.9999969128090959,0.024882810512455285,0.024882733694469,0.024825665845839562,0.024825589204269773,0.9999993626188417,0.010169030246262168,0.01016902376471389,0.010158246086027355,0.010158239611352699,0.9999999158314214,0.0033746464295042267,0.0033746461454650335,0.0033733365383625162,0.0033733362544335747,0.9999999995427823,0.00019958210641005458,0.0001995821063188021,0.00019957638267176318,0.00019957638258051333
14.200531816536824,0.9999967272878754,0.025722366200084952,0.025722282018185216,0.025661692555525188,0.025661608572192823,0.9999993243678702,0.010518125234025684,0.01051811812764233,0.010506662802800206,0.01050665570416124,0.999999910783782,0.0034914309131766907,0.0034914306016844295,0.003490037937007499,0.003490037625639514,0.9999999995153728,0.00020651524626158276,0.00020651524616149985,0.00020650915802829695,0.00020650915792821698
14.465073385216463,0.9999965277806753,0.026597544865017985,0.026597452512508713,0.026533084078857752,0.02653299195017047,0.9999992832383983,0.010882437651112208,0.010882429850998765,0.010870246142810005,0.010870238351434969,0.9999999053566423,0.003613369611825161,0.003613369269843728,0.003611887259086417,0.003611886917245279,0.9999999994859035,0.00021375615777264272,0.00021375615766275143,0.00021374967730240486,0.00021374967719251688
14.734543096198351,0.9999963132177663,0.027509927305195792,0.027509825882084553,0.02744140135583989,0.027441300185368903,0.9999992390108714,0.011262677219271178,0.011262668648496255,0.011249701779335503,0.01124969321843475,0.9999998995210978,0.00374070831813118,0.0037407079422689146,0.003739129787833527,0.003739129412129871,0.9999999994542176,0.0002213196696222803,0.00022131966950148793,0.00022131276691009168,0.00022131276678930307
15.00903275579736,0.9999960824469583,0.028461162211462755,0.028461050713350162,0.02838827167965056,0.028388160467090494,0.9999991914488673,0.011659587355066265,0.011659577927693702,0.011645768748713578,0.011645759332514065,0.9999998932460265,0.00387370499497672,0.0038737045814433192,0.003872022933900792,0.003872022520546958,0.9999999994201461,0.00022922135872936955,0.00022922135859645463,0.00022921400131471425,0.00022921400118180362
15.288635880587302,0.9999958342270834,0.02945296862666914,0.029452845932290122,0.029375391039833956,0.029375268668625547,0.9999991402977937,0.012073946720973837,0.012073936340975202,0.012059220974077162,0.012059210606738284,0.9999998864979203,0.004012630385230231,0.004012629929788337,0.004010836841477953,0.00401083638623963,0.9999999993835078,0.00023747758910895245,0.00023747758896254937,0.00023746974186697757,0.00023746974172057932
15.573447729261343,0.9999955672211329,0.030487138439693907,0.030487003296950914,0.030404526492415394,0.030404391715872895,0.999999085283489,0.012506570839492892,0.01250655939952605,0.012490868849881754,0.01249085742427778,0.9999998792407029,0.004157768651599838,0.004157768149510618,0.0041558550241624255,0.004155854522304294,0.999999999344107,0.0002461055527847676,0.0002461055526233487,0.0002460971776990477,0.0002460971775376343
15.863565335085905,0.9999952799888135,0.03156553890747496,0.031565389917778214,0.03147751854959824,0.03147736997535856,0.999999026110715,0.012958313771800315,0.012958301151837381,0.012941560888581633,0.012941548284934153,0.9999998714355296,0.0043094180479414145,0.0043094174939033655,0.00430737503193918,0.00430737447816379,0.9999999993017332,0.000255123312867192,0.0002551233126890479,0.0002551143687826024,0.0002551143686044645
16.159087538959184,0.9999949709785267,0.03269011519769515,0.03268995079840386,0.03259628358125245,0.032596119653842376,0.999998962461529,0.013430069862390722,0.013430055928176572,0.013412185430712055,0.01341217151505369,0.9999998630405762,0.004467891623459441,0.004467891011539579,0.00446570915068041,0.004465708539059458,0.9999999992561592,0.0002645498489125148,0.00026454984871573185,0.00026454029126652756,0.0002645402910697517
16.460115023085507,0.9999946385187173,0.03386289294358082,0.03386271138831413,0.033762816219209325,0.033762635200502114,0.9999988939935336,0.013922775551029692,0.013922760152349903,0.013903672419506366,0.013903657041954762,0.9999998540108105,0.004633517961294457,0.004633517284850926,0.004631185135624687,0.004631184459521723,0.9999999992071412,0.00027440510468568945,0.00027440510446812493,0.000274394885216179,0.00027439488499862263
16.766750345277,0.9999942808085427,0.03508598080106273,0.035085780137621064,0.034979191754175264,0.0349789917014806,0.9999988203379939,0.014437411253205431,0.01443739422193991,0.014416995241025866,0.014416978233844338,0.9999998442977456,0.004806641953039507,0.004806641204634519,0.0048041469803452004,0.004804146232328685,0.9999999991544162,0.0002847100384555695,0.00028471003821482326,0.00028469910488265575,0.0002846991046419188
17.079097973894278,0.9999938959078206,0.03636157299724125,0.036361351042847885,0.03624756851377497,0.03624734725527548,0.9999987410978008,0.014975003310104146,0.014974984458039547,0.014953172630601818,0.014953153806019909,0.9999998338491735,0.004987625610785069,0.004987624782086951,0.004984955722766437,0.0049849548945119235,0.9999999990977013,0.00029548667595720684,0.0002954866756905896,0.00029547497163742183,0.00029547497137081516
17.397264323438016,0.9999934817261769,0.03769195185767368,0.037691706171210544,0.037570190208821984,0.037569945316034616,0.9999986558452842,0.015536626008937078,0.01553660512530796,0.01551327064618003,0.015513249793944134,0.9999998226088802,0.005176848918339598,0.005176848000012572,0.005173990289837749,0.005173989372017818,0.9999999990366922,0.000306758166164875,0.0003067581658693725,0.000306745629714854,0.00030674562941936356
17.721357790803594,0.9999930360113483,0.03907949029845506,0.039079218149328104,0.03894938823339168,0.03894911699029403,0.999998564119855,0.016123403674222388,0.016123380522947182,0.016098404708917432,0.016098381593537745,0.9999998105163383,0.005374710723328598,0.0053747097049087296,0.005371648382520562,0.0053716473646809575,0.99999999897106,0.00031854884002618955,0.0003185488396984219,0.00031853540491292816,0.00031853540458517434
18.051488792211092,0.9999925563365644,0.04052665426740166,0.04052635260062712,0.040387583902632126,0.040387283271050574,0.9999984654254601,0.01673651283035949,0.016736487146933016,0.01670974171110059,0.01670971606875639,0.9999997975063746,0.00558162967192261,0.005581628541678181,0.005578347402792898,0.005578346273213109,0.9999999989004528,0.0003308842723149232,0.0003308842719511003,0.00033086986641029027,0.00033086986604648325
18.38776980082328,0.9999920400869375,0.04203600511684932,0.0420356705139031,0.04188729061048887,0.04188695719129719,0.9999983592278501,0.017377184435532926,0.017377155923532662,0.017348502191137788,0.01734847372619855,0.9999997835088132,0.005798045187995744,0.00579804393277006,0.005794525424420112,0.005794524169956426,0.9999999988244899,0.0003437913467709497,0.0003437913463668195,0.0003437758918664175,0.0003437758914623055
18.730315385064376,0.9999914844447794,0.04361020188864851,0.043609830523566144,0.043451115887639155,0.043450745877262414,0.9999982449516209,0.018046706186633198,0.01804667451379076,0.01801596257501228,0.018015930956126365,0.9999997684480916,0.006024418498563159,0.006024417103597558,0.006020642209283649,0.006020640815192456,0.9999999987427617,0.00035729832470187734,0.0003572983242526682,0.00035728173598048016,0.0003572817355312919
19.079242247652665,0.9999908863737618,0.04525200348988159,0.04525159108003526,0.04508176333792684,0.04508135247958562,0.9999981219770415,0.018746424894486267,0.018746389688269926,0.018713457483172078,0.01871342233886929,0.9999997522428465,0.006261233707389268,0.006261232156123828,0.006257180271099623,0.00625717872083845,0.999999998654828,0.00037143491723058843,0.0003714349167309446,0.0003714171026920903,0.00037141710219247044
19.434669265360206,0.9999902426018266,0.04696427073562518,0.04696381248653569,0.04678203442946185,0.046781577958524556,0.9999979896366227,0.019477748928235155,0.019477709770882038,0.019442382101365768,0.01944234301511282,0.9999997348054673,0.006508998918701395,0.0065089971925504685,0.00650464598839568,0.0065046442633991276,0.9999999985602143,0.00038623236139237693,0.0003862323608362851,0.00038621322122758047,0.00038621322067151616
19.79671752951333,0.9999895496027448,0.04874996823274501,0.0487494587762108,0.04855483011429799,0.048554322697034635,0.9999978472114274,0.02024215072720732,0.020242107150136548,0.020204194613409485,0.0202041511180502,0.9999997160416173,0.006768247412980735,0.006768245491080146,0.006763570768646638,0.006763568848074021,0.9999999984584096,0.00040172350027053186,0.0004017234996512388,0.0004017029261797911,0.00040170292556052973
20.165510387247465,0.9999888035762142,0.050612166076242,0.050611599400981894,0.05040315224823631,0.050402587913183604,0.9999976939270923,0.021041169378031337,0.021041120855560688,0.021000418693282757,0.02100037026478616,0.9999996958497152,0.007039538876834906,0.007039536735757151,0.007034512265496649,0.007034510125947739,0.9999999983488643,0.0004179428674031541,0.00041794286671307374,0.00041792074185445033,0.0004179207411644065
20.541173483530642,0.9999880004263856,0.05255404132706434,0.052553410700976695,0.05233010477981912,0.052329476840874564,0.9999975289495375,0.021876413254124337,0.02187635919640325,0.021832646053293756,0.02183259210372363,0.9999996741203777,0.007323460688983258,0.007323458302416655,0.00731805565101664,0.0073180532662114285,0.999999998230986,0.000434926775681307,0.00043492677491191543,0.0004349029711024702,0.00043490297033312074
20.923834803969772,0.9999871357386775,0.054578879237573735,0.054578177120608536,0.05433889467499458,0.0543381956452535,0.9999973513803468,0.022749562713954546,0.02274950245901564,0.022702539044323233,0.022702478913932143,0.9999996507358223,0.007620629264408503,0.007620626602795689,0.007614814944959672,0.0076148122853775925,0.999999998104137,0.0004527134109809853,0.00045271341012270266,0.0004526877888795294,0.00045268778802129536
21.313624718414378,0.9999862047547533,0.05669007418801099,0.05668929213453451,0.05643283254125271,0.056432054036487836,0.9999971602517855,0.023662372853684978,0.023662305658503916,0.02361183330334374,0.02361176625168228,0.9999996255692185,0.007931691458737605,0.007931688488868173,0.007925434402982524,0.007925431435455927,0.9999999979676322,0.0004713429307807384,0.00047134292982279615,0.00047131534078538595,0.00047131533982749984
21.71067602537265,0.9999852023455039,0.058891130294353736,0.058890258843754754,0.05861533291227427,0.05861446554282966,0.9999969545214318,0.02461667630891704,0.02461660133935692,0.02456234044251136,0.024562265638429958,0.9999995984839929,0.00825732603492138,0.008257322719472802,0.008250589965797988,0.008250586653054049,0.9999999978207311,0.0004908575680316445,0.0004908575669619339,0.0004908278468487378,0.0004908278457790919
22.11512399725489,0.9999841229818764,0.06118566164493086,0.06118469019907202,0.06088991415131552,0.060888947401044995,0.9999967330663558,0.02561438609921321,0.02561430241871349,0.025555950773077908,0.025555867283482518,0.9999995693330794,0.00859824519427373,0.00859824149129395,0.00859099077120708,0.00859098707135154,0.9999999976626394,0.0005113017405615518,0.0005113017393664552,0.000511269710837502,0.0005112697096424803
22.527106426459806,0.999982960703374,0.06357739212004784,0.0635763088060048,0.06326019792869338,0.06325912001941625,0.9999964946769803,0.026657498508319895,0.026657405065176724,0.0265946360566062,0.02659454283381623,0.9999995379581124,0.008955196173912251,0.008955192036236508,0.008947380730933242,0.00894737659686856,0.9999999974924999,0.0005327221663065293,0.0005327221649707284,0.0005326876353891661,0.0005326876340534518
22.94676367231936,0.9999817090840322,0.06607015474573855,0.06606894626209012,0.0657299082258687,0.06572870596564077,0.9999962380502588,0.02774809599101717,0.02774799160407464,0.027680452273970212,0.027680348141499944,0.9999995041885592,0.009328962912610546,0.009328958287204004,0.009320540174138078,0.009320535552907626,0.9999999973093912,0.0005551679846829071,0.0005551679831891672,0.0005551307432713967,0.000555130741777757
23.374238708918153,0.9999803611956696,0.06866789052959928,0.06866654197433339,0.06830286981577936,0.06830152842908384,0.9999959617824563,0.028888350097249178,0.028888233439807006,0.0288155424023503,0.028815426038921437,0.9999994678407774,0.009720367787020416,0.009720362614237052,0.00971128755944018,0.009711282391488944,0.9999999971123201,0.0005786908844250313,0.0005786908827539574,0.0005786507050994048,0.0005786507034284468
23.809677173803582,0.9999789095681862,0.07137464672353809,0.07137314140141814,0.07098300616629152,0.07098150910404004,0.9999956643613327,0.030080524401988735,0.030080393983704004,0.030002139188234658,0.03000200910979989,0.9999994287170133,0.010130273420159404,0.010130267632906548,0.010120481257181535,0.010120475475522776,0.9999999969002177,0.0006033452382354277,0.0006033452363651888,0.000603301873853722,0.0006033018719836176
24.25322741760353,0.9999773461466646,0.07419457445520831,0.07419289366220032,0.07377433671096094,0.07377266543795717,0.9999953441577157,0.031326977428016926,0.03132683157455078,0.031242567903176005,0.031242422442707293,0.9999993866043119,0.010559584563969089,0.010559578086765449,0.010549021403588276,0.010549014932864033,0.9999999966719326,0.0006291882446080711,0.0006291882425140902,0.0006291414265600501,0.0006291414244662251
24.705040554568253,0.9999756622450114,0.07713192566696621,0.07713004844905753,0.076680973428779,0.0766791071860354,0.9999949994164128,0.03263016554704018,0.0326300023771699,0.03253924906730812,0.03253908635207329,0.9999993412733457,0.011009250057640328,0.01100924280555387,0.010997851828351187,0.010997844583773047,0.9999999964262266,0.000656280077207897,0.0006562800748625007,0.0006562295135117526,0.000656229511166537
25.16527051405392,0.9999738484958488,0.08019104929843232,0.0801889521818737,0.07970711667228028,0.07970503221128775,0.9999946282464124,0.033992645842711215,0.03399246324259396,0.03389470112379332,0.03389451904981096,0.9999992924771552,0.011480264863266526,0.011480256740716871,0.011467962057003922,0.011467953943158785,0.9999999961617653,0.0006846840422074302,0.0006846840395794522,0.0006846294154354152,0.0006846294128076468
25.634074092965154,0.9999718947963472,0.08337638664623567,0.08337404333590914,0.08285705018137705,0.08285472146710764,0.9999942286103142,0.03541707891711004,0.03541687451134607,0.035311543045393544,0.035311339248718224,0.9999992399497906,0.011973672180220754,0.011973663079628705,0.011960389389299721,0.011960380298803261,0.9999999958771133,0.0007144667440034398,0.0007144667410577744,0.0007144077090207366,0.0007144077060753146
26.111611009174595,0.9999697902496544,0.08669246583233482,0.08668984687458518,0.08613513521863893,0.08613253309770799,0.9999937983129356,0.0369062316200749,0.036906002739175665,0.036792496852230495,0.036792268676678695,0.9999991834048488,0.012490565639454651,0.012490555439719315,0.012476221054577604,0.012476210866555986,0.9999999955707227,0.0007456982597574919,0.0007456982564545875,0.0007456344412578788,0.000745634437955257
26.598043955937587,0.9999675231015511,0.09014389531054666,0.09014096771641288,0.08954580376053188,0.08954289559055663,0.9999933349890164,0.03846297967844074,0.038462723322258724,0.038340390017521216,0.038340134478400636,0.9999991225338959,0.01303209157868715,0.013032080143468523,0.013016596444862567,0.013016585023240396,0.9999999952409308,0.0007784523232291253,0.0007784523195244168,0.0007783833130483167,0.0007783833093439365
27.093538657320515,0.9999650806719392,0.09373535633964547,0.09373208316398655,0.09309355067847114,0.09309029991423465,0.9999928360899613,0.04009031019974588,0.040090022996370184,0.039958157735643325,0.039957871478995995,0.9999990570047712,0.013599451399172593,0.01359943857495481,0.013582709426157389,0.013582696617727206,0.9999999948859428,0.0008128065183923961,0.0008128065142356571,0.0008127318725792933,0.0008127318684229361
27.598263924661804,0.9999624492807117,0.09747159435075063,0.09746793422227258,0.09678292484351596,0.09677929057507326,0.9999922988695353,0.04179132402230069,0.0417910021818621,0.04164884502429603,0.04164852428110679,0.9999989864597562,0.014193904004427448,0.014193889618334522,0.01417581072805192,0.014175796360297258,0.9999999945038306,0.0008488424833533278,0.0008488424786879457,0.0008487617189771642,0.000848761714312226
28.112391714084644,0.9999596141675302,0.10135740913679114,0.10135331573344618,0.10061851908926064,0.10061445552660535,0.9999917203684369,0.04356923788067681,0.043568877143439676,0.043415608629784976,0.04341524916454143,0.9999989105136052,0.014816768320921015,0.014816752178253515,0.014797210411394238,0.014797194290034813,0.9999999940925156,0.0008866461251122397,0.0008866461198743916,0.0008865587167813316,0.0008865587115439999
28.63609718508116,0.999956559404997,0.1053976437927619,0.10539306525640361,0.10460495896906352,0.10460041486740564,0.9999910973976465,0.04542738635267354,0.045426981930716884,0.04526171870157034,0.04526131575448691,0.9999988287514205,0.015469425900320154,0.015469407781777043,0.015448280413332334,0.015448262319555844,0.9999999936497616,0.0009263078457418093,0.0009263078398595336,0.000926213221808096,0.0009262132159264212
29.169558760187964,0.9999532678046376,0.10959717233738835,0.1095920506209195,0.10874689024632499,0.10874180826540494,0.9999904265204672,0.04736922355065608,0.04736877006236393,0.04719056019919,0.04719010842132779,0.9999987407263665,0.016153323602392553,0.016153303260938046,0.01613045716853901,0.0161304368558796,0.9999999931731594,0.0009679227805823901,0.0009679227739745356,0.000967820319002725,0.0009678203123955699
29.712958185773346,0.9999497208150914,0.11396088594983608,0.11395515608937906,0.11304896506021016,0.11304328105039217,0.9999897040331382,0.04939832451683972,0.04939781591332747,0.049205633991509505,0.049205127371932514,0.9999986459572038,0.016869976357130927,0.016869953514460967,0.016845244304870857,0.016845221495689153,0.9999999926601162,0.0010115910490847957,0.001011591041659835,0.0010114800729083004,0.0010114800654841543
30.26648059395692,0.9999458984118147,0.1184936777593838,0.1184872670632271,0.11751582671412883,0.11750946892126668,0.9999889259439155,0.05151838627864085,0.051517815761141825,0.05131055760497601,0.051309989388983374,0.9999985439256319,0.017620970004037704,0.01762094434659494,0.017594215411078886,0.0175941897925928,0.9999999921078403,0.0010574180189646895,0.0010574180106193776,0.0010572977914115754,0.0010572977830672124
30.83031456568277,0.9999417789775695,0.12320042613166013,0.12319325327688688,0.12215209304057417,0.12214498122082533,0.9999880879504957,0.053733228516629,0.05373258844375088,0.05350906557417994,0.05350842817154189,0.9999984340734319,0.01840796420581478,0.018407935380294567,0.01837901687347618,0.01837898809328536,0.9999999915133264,0.0011055145843643355,0.0011055145749821942,0.0011053843034591984,0.0011053842940781625
31.40465219496752,0.999937339172876,0.12808597640228653,0.12807795042906217,0.12696233830370274,0.12695438273857101,0.9999871854156381,0.05604679379392939,0.05604607557756211,0.05580500934458114,0.05580429422658108,0.999998315799378,0.019232695432917793,0.019232663041200183,0.019201370777670528,0.01920133843870992,0.9999999908733368,0.0011559974587528798,0.0011559974482024803,0.0011558562514722168,0.0011558562409231061
31.98968915434538,0.9999325537955562,0.1331551210176945,0.13314614021017962,0.13195107361043298,0.13194217401134567,0.9999862133408581,0.05846314729216357,0.058462341280679495,0.05820235667376755,0.05820155425771484,0.9999981884559175,0.020096980014558504,0.020096943607993283,0.02006307787057986,0.020063041525429866,0.9999999901843888,0.001208989483333223,0.0012089894714662523,0.0012088363992228824,0.0012088363873574144
32.585624761532266,0.999927395628377,0.13841257805365212,0.13840252869539782,0.13712272581196017,0.13711277010261735,0.9999851663380142,0.06098647599521165,0.06098557134244103,0.060705190474114934,0.06070428999383865,0.9999980513455898,0.021002717250758373,0.021002676323720777,0.02096602057695839,0.02096597972142993,0.9999999894427297,0.0012646199517617888,0.001264619938410854,0.0012644539559754473,0.001264453942626265
33.1926620473319,0.9999218352737488,0.143862968094745,0.14385172308522617,0.14248161489052735,0.1424704778541036,0.9999840385986316,0.06362108725827581,0.06362007177656659,0.06331770703625471,0.06331669639691898,0.9999979037171679,0.02195189257896949,0.021951846561593946,0.02191216606356232,0.021912120129464786,0.9999999886443216,0.0013230249520252537,0.0013230249370014078,0.001322844917731902,0.0013228449027101006
33.81100782480685,0.9999158409742932,0.1495107894728335,0.1494982067904588,0.14803192984112948,0.14801947161814055,0.999982823860774,0.06637140669596708,0.06637026669144505,0.0660442135693812,0.06604307918477385,0.9999977447614969,0.022946580787570843,0.02294652903755834,0.02290356934286993,0.022903517689858488,0.999999987784816,0.0013843477263615523,0.0013843477094514901,0.0013841524264645083,0.0013841524095568316
34.440872759738234,0.9999093784180128,0.15536039187942563,0.15534631287493536,0.1537777030746157,0.15376376749588871,0.9999815153732552,0.06924197531949226,0.0692406954074234,0.06888912499120081,0.06888785160143858,0.9999975736070165,0.023988949267213795,0.02398889106059561,0.023942376406930907,0.023942318313316783,0.9999999868595298,0.0014487390501553665,0.0014487390311182543,0.0014485271482595448,0.0014485271292252171
35.082471442397924,0.9999024105266348,0.16141594838601844,0.1614001958886227,0.1597227833874093,0.1597071961250941,0.9999801058569823,0.07223744584954012,0.07223600874746115,0.07185695989731164,0.07185553036467462,0.9999973893149272,0.025081261289521237,0.025081195810246783,0.02503082738044783,0.02503076203284043,0.9999999858634232,0.0015163576307811075,0.0015163576093450014,0.001516127671340971,0.0015161276499081157
35.736022460657885,0.9998948972255909,0.16768142592778482,0.16766380214470292,0.16587080756376854,0.16585337408170012,0.9999785874631892,0.07536257812825105,0.07536096442427272,0.07495233563708303,0.07495073071743716,0.9999971908739848,0.026225879301025528,0.02622580562922571,0.026171259680578367,0.026171186162211948,0.9999999847910684,0.0015873705274160074,0.0015873705032737977,0.0015871209249887044,0.0015871209008502909
36.401748474461414,0.9998867951939228,0.1741605543294954,0.17414083851771622,0.17222517069910337,0.17220567398205275,0.9999769517283005,0.07862223355077315,0.07862042144417265,0.07817996242076712,0.0781781605077518,0.9999969771948561,0.02742526821842255,0.027425185317180707,0.02736611116914305,0.027366028446721438,0.9999999836366222,0.0016619535928908457,0.0016619535656956712,0.0016616826204139256,0.001661682593223185
37.07987629168171,0.9998780575922169,0.18085679397817497,0.18083473986525334,0.1787889953572245,0.17876719339664554,0.9999751895251504,0.08202136843447808,0.0820193334453794,0.08154463638072294,0.0815426132195729,0.9999967471041605,0.028681998709514774,0.028681905409960504,0.028617923281233793,0.028617830190110216,0.9999999823937933,0.0017402919386989753,0.0017402919080590357,0.0017399977147033265,0.001739997684068567
37.77063694539366,0.9998686337665104,0.1877733022745632,0.18774863520309348,0.18556509970036378,0.18554072271214903,0.9999732910102503,0.0855650262420358,0.08556274088662696,0.08505123150837068,0.08504895987590014,0.9999964993378619,0.02999875044154577,0.02999864542605591,0.029929344111566964,0.029929239339045215,0.9999999810558077,0.0018225804243342156,0.0018225803898069015,0.0018222608989954358,0.001822260864474175
38.474265772585035,0.9998584689258523,0.19491289902478043,0.1948853127928162,0.19255596475813114,0.19252871210560538,0.9999712455667791,0.08925832857335309,0.08925576200070472,0.08870469038794976,0.08870213973485362,0.9999962325342621,0.031378315277071904,0.031378197060344185,0.031303131438394693,0.03130301350491951,0.999999979615373,0.0019090241721820569,0.0019090241332673113,0.001908677112105117,0.001908677073197446
39.19100249433404,0.9998475037909951,0.2022780309643873,0.20224718433150024,0.1997637010299576,0.19973323782285374,0.9999690417429257,0.09310646484101259,0.09310358242713876,0.0925100136484536,0.09250714969966913,0.9999959452264274,0.032823600394506894,0.03282346730223946,0.032742155661816166,0.03274202289978868,0.9999999780646367,0.001999839109245503,0.001999839065378306,0.001999462080867043,0.001999462037008116
39.921091297480515,0.9998356742113925,0.2098707356389305,0.209836248464791,0.2071900146446424,0.20715596798209432,0.9999666671852077,0.09711468054444694,0.09711144343878673,0.09647224805640309,0.09646903236482603,0.9999956358340099,0.03433763130801417,0.034337481452891436,0.034249402630914874,0.034249253160836726,0.9999999763951446,0.002095252537042492,0.002095252487584359,0.002094842888525271,0.0020948428390768076
40.66478091781857,0.9998229107473983,0.21769260489762549,0.21765405387692724,0.21483617332991875,0.21479812815255195,0.9999641085663312,0.10128826405981035,0.10128462867879942,0.10059647317454519,0.10059286262290093,0.9999953026544415,0.0359235547585172,0.0359233860131668,0.03582797633130332,0.035827808034917835,0.9999999745977944,0.0021955037310714804,0.002195503675300843,0.0021950585725540885,0.0021950585167947595
41.42232472483896,0.9998091382141886,0.22574474828951507,0.225701662243719,0.22270297247395693,0.22266046698692504,0.9999613515071232,0.10563253186553705,0.10562844932738168,0.10488778651528434,0.10488373276041434,0.9999949438534282,0.03758464144452897,0.03758445141107298,0.03748110140165843,0.037480911891716075,0.9999999726627857,0.0023008445713020645,0.0023008445084033834,0.0023003607533548065,0.002300360690469352
42.19398080805027,0.9997942751835812,0.23402775668363085,0.2339796113663502,0.23079070158882586,0.23074322221411034,0.9999583804920483,0.1101528121280817,0.11014822762224144,0.10935128712283211,0.10934673597606817,0.9999945574547069,0.03932428855822197,0.03932407453400037,0.0392121254446416,0.039211912030872834,0.9999999705795666,0.002411540205210659,0.0024115401342621008,0.002411014295334215,0.0024110142244011296
42.98001206490796,0.9997782334394505,0.24254166646552583,0.24248787883436382,0.23909911151232174,0.2390460873247312,0.9999551787777361,0.11485442657849444,0.11484927866271277,0.11399205752485818,0.11398694826151154,0.9999941413289908,0.041146022088689026,0.04114578102768227,0.04102452109422765,0.04102428074505524,0.9999999683367764,0.0025278697449424375,0.0025278696649019324,0.0025272980019328075,0.0025272979219104056
43.780686290381695,0.9997609173819745,0.25128592469253747,0.251225846595789,0.2476273827097827,0.24756817930682964,0.9999517282939335,0.11974267061848762,0.11973689043548791,0.11881514400300962,0.11880940859330207,0.9999936931820571,0.043053498850666796,0.04305322732008774,0.042921887797915524,0.042921617097383416,0.9999999659221828,0.0026501270002484098,0.002650126909937866,0.0026495053462344247,0.002649505255945066
44.59627626819094,0.9997422233753858,0.26025935561402275,0.26019226683580826,0.25637409505639486,0.2563080078075327,0.9999480095362181,0.12482279160467157,0.12481630200984549,0.12382553514218778,0.12381909739518769,0.9999932105418874,0.045050508193134484,0.04505020232459615,0.04490795326857838,0.044907648367910745,0.999999963322616,0.002778621248911368,0.002778621146998809,0.002777945238853645,0.002777945136965881
45.42705986374045,0.999722039033266,0.26946012898836014,0.2693852295904102,0.2653371995008401,0.2652634461163564,0.9999440014497539,0.13009996527186168,0.1300926798624194,0.12902813863108648,0.12902091324238218,0.9999926907448039,0.04714097333816359,0.04714062877275927,0.046986574556843706,0.04698623111997948,0.9999999605238962,0.0029136780464396514,0.0029136779314189944,0.002912942834862683,0.002912942719871049
46.27332011878691,0.9997002424347143,0.27888573064419997,0.27880213253658914,0.27451399202160887,0.2744317043757236,0.9999396813033069,0.13557927027092617,0.13557109230604483,0.13442775630132367,0.13441964779426419,0.9999921309205105,0.04932895229620214,0.04932856412275539,0.04916173869089605,0.049161351833266455,0.9999999575107554,0.0030556400768797045,0.003055639947047866,0.0030548403815856343,0.0030548402517877743
47.13534534786908,0.99967670126391,0.2885329357466537,0.28843965341320643,0.28390109029533567,0.2838093054316686,0.9999350245526568,0.14126566081371994,0.14125648201421434,0.14002905740966062,0.1400199589590144,0.9999915279759547,0.05161863829965424,0.05161820098530938,0.05143756282649604,0.05143712704622694,0.999999954266756,0.0032048680466611927,0.0032048679000921806,0.0032039981091542638,0.0032039979626250366
48.0134292365345,0.999651271864661,0.29839778523486543,0.2982937255316312,0.29349441349731353,0.29339206373776217,0.9999300046924698,0.1471639374373265,0.14715363665226822,0.14583655018736255,0.14582634231318306,0.9999908785779122,0.0540143596921927,0.054013867004419146,0.05381829384583883,0.05381780294646462,0.9999999507741981,0.0033617416234608304,0.0033617414579764035,0.003360795165785861,0.003360795000348024
48.9078709413959,0.9996237982004877,0.30847556589598224,0.3083595168329866,0.30328916564831154,0.30317506771842206,0.99992459309559,0.15327871592219083,0.1532671576487112,0.1518545517027652,0.15184310082110075,0.9999901791342016,0.056520579206762095,0.05652002412573886,0.05630830733968125,0.056307754343351536,0.9999999470140256,0.0035266604221386158,0.003526660235275077,0.0035256305998096205,0.0035256304130006477
49.8189751920516,0.99959411070957,0.3187607945310273,0.3186314129383182,0.3132798229082364,0.3131526659832102,0.999918758838633,0.15961439442380568,0.1596014271650318,0.15808715610755672,0.15807431292339733,0.9999894257734044,0.05914189256073828,0.059141267180965046,0.05891210590299333,0.05891148295303629,0.9999999429657213,0.0037000450398636895,0.0037000448288342894,0.003698924390532998,0.0036989241795675133
50.747052394904664,0.9995620250425239,0.3292472066499291,0.3291030046185975,0.32346012519552975,0.323318457760952,0.9999124685126265,0.16617511890538045,0.16616057335005818,0.1645382013641084,0.16452379909061324,0.9999886143229801,0.0618830262922645,0.06188232171211412,0.06163431667030479,0.061633614921881845,0.9999999386071929,0.003882338142619227,0.003882337904271591,0.0038811185301032285,0.0038811182918304676
51.69241873891598,0.9995273406693775,0.3399277501054732,0.3397670800826484,0.33382307248117343,0.33366528789118816,0.9999056860173378,0.17296474698928976,0.17294843399514104,0.17121123458026277,0.17119508696685298,0.9999877402856462,0.0647488347574636,0.06474804095524472,0.06447968801298305,0.06447889751042639,0.9999999339146537,0.004074005605333772,0.004074005336101701,0.004072678158580709,0.0040726778894363625
52.655396303327564,0.9994898393403105,0.3507945840389166,0.3506156224425078,0.34436092606761726,0.34418524667040334,0.9998983723377893,0.17998681037790132,0.17996851873913386,0.17810947610911002,0.17809137525943547,0.999986798813875,0.06774429620409755,0.06774340189903445,0.0674530853169894,0.06745219485625542,0.9999999288624931,0.004275537707953977,0.004275537403802884,0.004274092754500114,0.004274092450451811
53.63631316739241,0.9994492833825984,0.3618390834633681,0.3616398126672795,0.3550652151159343,0.35486967480170867,0.99989048530131,0.18724447602937208,0.18722397000699836,0.18523578260418813,0.18521549656326963,0.9999857846823647,0.07087450783341695,0.07087350032977585,0.07055948575629634,0.07055848273079413,0.9999999234231356,0.0044874503898270175,0.004487450046192137,0.004485877383250503,0.004485877039736078
54.63550352214877,0.99940541381381,0.3730518497549409,0.37283003827834393,0.3659267486293103,0.3657091736394179,0.9998819793132927,0.19474050631082948,0.19471752290254496,0.19259260925484514,0.19256987934284614,0.9999846922583102,0.07414467975851653,0.07414354477091112,0.07380397197423365,0.07380284220209499,0.9999999175668899,0.00471028656482047,0.004710286176536899,0.0047085740056570045,0.004708573617514605
55.65330778427646,0.9993579482484816,0.3844227272566055,0.3841759079712469,0.37693563303816224,0.3766936208547604,0.999872805069665,0.20247721838957447,0.202451464313887,0.20018197146175343,0.20015650932983903,0.9999835154692975,0.0775601277646133,0.07755884922230587,0.07719172458267155,0.0771904521133177,0.9999999112617884,0.004944617499652721,0.004944617060876208,0.004942752849192568,0.00494275241058152
56.69007271207434,0.9993065785722356,0.3959408261263044,0.39566627227334167,0.3880812954624973,0.38781219157650904,0.9998629092438425,0.2104564431620129,0.21042759152908158,0.20800540624820782,0.2079768906297804,0.9999822477686358,0.08112626477442497,0.08112482460220298,0.0807280133872917,0.08072658028492047,0.9999999044734087,0.005191044257952874,0.00519104376207011,0.005189013844287696,0.005189013348598891
57.7461515235982,0.9992509683535493,0.40759455148028845,0.40728925026230883,0.39935251265163546,0.3990533849815698,0.9998522341457179,0.2186794840592612,0.2186471706984852,0.21606393373821906,0.21603200686647067,0.9999808820978954,0.08484859092041191,0.08484696879335699,0.08441818724638318,0.08441657334774355,0.9999998971646887,0.005450199212604126,0.0054501986521311935,0.005447988128238048,0.005447987567992493
58.82190401699956,0.9991907499589473,0.4193716387960824,0.4190322622801703,0.4107374455213722,0.41040505622672213,0.9998407173499718,0.2271470761070295,0.227110895518801,0.2243580190667802,0.22432228272694818,0.9999794108464487,0.0887326821252077,0.0887308551943904,0.08826766247079762,0.08826584511434139,0.9999998892957227,0.00572274762895154,0.0057227469954189,0.005720339619232266,0.005720338985966202
59.917696693106194,0.9991255213322573,0.4312591954485613,0.43088206848187366,0.4222236791255294,0.42185445352511824,0.9998282912906998,0.23585934565456643,0.2358188465507477,0.2328875351202049,0.23284754630213733,0.9999778258077423,0.09278417709230356,0.09278211967812225,0.09228190967407499,0.09227986339726797,0.9999998808235429,0.006009389321472272,0.006009388605294543,0.00600676666303461,0.00600676594716944
61.03390288028622,0.9990548423925354,0.44324374815910694,0.44282481295857323,0.43379826781429387,0.4333882600813642,0.999814882819011,0.24481577122219675,0.24477045161676644,0.24165172653419995,0.2416069926478028,0.9999761181320435,0.09700876261114279,0.09700644586068348,0.09646643898450044,0.09646413518574237,0.9999998717018829,0.006310860386510918,0.0063108595768394124,0.00630800375485652,0.006308002945551515
62.17090286163827,0.9989782309981904,0.4553112960437207,0.4548460730752495,0.4454477852475489,0.4449926405086582,0.9998004127199056,0.25401514594823665,0.25396444775615407,0.25064917540336723,0.25059914901619057,0.9999742782753672,0.10141215708446082,0.10140954858888188,0.10082678353516718,0.10082419009640547,0.9999998618809278,0.006627935013671856,0.006627934098227622,0.006624823338936263,0.00662482242392181
63.32908400455115,0.9988951584165197,0.46744736885339183,0.4669309135621941,0.45715837884944416,0.45665329126225485,0.999784795184289,0.26345554214257,0.2633988452411752,0.259877769176971,0.25982184222954785,0.9999722959442549,0.10600009219115464,0.10599715555869159,0.10536848115419573,0.10536556201992005,0.9999998513070388,0.006961427378437602,0.006961426343322351,0.006958037688314588,0.0069580366537033604
64.50884089267693,0.9988050442280271,0.4796370899111704,0.4790639448021287,0.46891582821261113,0.468355494537119,0.99976793723154,0.273134278475892,0.27307089417906755,0.2693346712321404,0.269272168682692,0.9999701600360658,0.11077829260544034,0.11077498698518429,0.1100970541853139,0.11009376889318774,0.9999998399224603,0.007312193618533998,0.007312192448016034,0.007308500867243671,0.007308499697316833
65.7105754603627,0.998707250583311,0.4918652431674627,0.49122938466126836,0.48070560688858444,0.48008417499568007,0.999749738077504,0.28304789034556643,0.2829770542363701,0.2790162946223807,0.27894646746808077,0.999967858574407,0.11575245370275661,0.1157487332538787,0.1150179873792211,0.1150142905371379,0.9999998276650038,0.0076811338965009305,0.00768113257277275,0.007677110778594432,0.007677109455559576
66.93469712958661,0.998601075716506,0.504116343720159,0.5034111231252227,0.49251294693686803,0.49182395861546285,0.9997300884421737,0.29319210396760365,0.29311296803007936,0.2889182795028177,0.2888402971199126,0.9999653786392787,0.12092821719502686,0.12092403049559797,0.12013670380875874,0.1201325445126003,0.9999998144677071,0.008069194550834251,0.008069193053738086,0.008064811298530603,0.008064809802247672
68.18162294944479,0.998485746602904,0.5163747110813158,0.5155927889208864,0.5043229055503113,0.5035592328773485,0.9997088697906598,0.30356181473917637,0.30347343872450366,0.29903547472399894,0.2989484164636424,0.9999627062914939,0.12631114465271406,0.1263064340417043,0.1254585387760527,0.125453859961878,0.9999998002584682,0.008477370337948835,0.0084773686446659,0.008472594500592618,0.008472592808263613
69.45177773823696,0.9983604106288548,0.5286245444189774,0.5277578172346217,0.5161204330303659,0.5152742074541385,0.9996859535002525,0.3141510704036491,0.3140524123595969,0.3093619240697127,0.30926477004030345,0.9999598264908905,0.13190668888877338,0.1319013897342057,0.1309887116976563,0.13098344942145368,0.9999997849596495,0.008906706767062041,0.008906704851760696,0.008901502971178353,0.008901501056996034
70.74559422819878,0.998224126118686,0.5408499989628239,0.5398895175759572,0.527890441353492,0.526952974506497,0.999661199945512,0.32495305952595915,0.3248429654116857,0.319890857587058,0.31978247854707725,0.9999567230077897,0.13772016320030186,0.13771420308587184,0.13673229597443654,0.13672637861192877,0.999999768487653,0.009358302529914509,0.009358300363351927,0.00935263221821515,0.009352630052965315
72.06351321293053,0.9980758515354123,0.5530352627367728,0.551971140785115,0.5396178725502182,0.5385795676492866,0.9996344574923097,0.3359601057508196,0.33583729805127954,0.33061468841952096,0.33049383469723687,0.9999533783271303,0.14375670848752434,0.14375000630928841,0.1426941868765939,0.14268753423489294,0.9999997507524611,0.009833312027020423,0.0098333095760916,0.009827133174586099,0.009827130725197341
73.40598369757213,0.9979144331383001,0.5651646327712072,0.5639859441416948,0.5512877661115423,0.5501380186152794,0.9996055613905999,0.3471636682691481,0.3470267335146017,0.3415250155057904,0.34139030485359895,0.9999497735446453,0.1500212582968199,0.1500137232607878,0.1488790675008503,0.14887158983301324,0.9999997316571447,0.010332947991869632,0.010332945219096864,0.010326214797596142,0.010326212026630179
74.77346305177588,0.9977385908397863,0.5772225899524511,0.5759172535000504,0.5628853246435233,0.5616124106142245,0.9995743325543759,0.3585543488593642,0.35840172394556785,0.35261263244865454,0.3524625367301053,0.9999458882543761,0.1565185018648124,0.15651003237545405,0.155291372886449,0.1552829697991818,0.9999997110973319,0.010858484214191153,0.010858481077146091,0.01085114676543772,0.010851143630512466
76.16641716552891,0.9975469019550443,0.5891938716873772,0.587748521352641,0.5743959770096898,0.5729869273614568,0.9995405762157699,0.3701219058000546,0.3699518629934655,0.3638675427899492,0.36370037338648215,0.9999417004267893,0.16325284527405554,0.16324332770285063,0.16193525240910972,0.1619258116530065,0.9999996889606335,0.011411258363008124,0.011411254813657552,0.011403262271232926,0.011403258724369453
77.58532060787836,0.9973377824778963,0.6010635415960633,0.5994633797037285,0.5858054382315532,0.5842458967293495,0.9995040804385114,0.38185527486962295,0.3816659053691575,0.37527898184996233,0.3750928736618474,0.9999371862766426,0.17022837086741766,0.1702176781896224,0.16881453060728996,0.16880392673806568,0.9999996651260299,0.011992674909786095,0.011992670893751436,0.011983960914785763,0.011983956901669193
79.03065678861348,0.9971094654440539,0.6128170554942981,0.6110456866189187,0.5970997654589629,0.5953738279535564,0.9994646144739623,0.3937425975579922,0.3935317934702751,0.38683544520400126,0.3866283391056807,0.9999323201197128,0.17744879510767017,0.17743678539446017,0.1759326666327707,0.1759207595309544,0.9999996394632039,0.012604208151469096,0.012604203607188271,0.012594711691665787,0.012594707150808786
80.50291812295981,0.996859975853952,0.6244403229891637,0.6224795652972118,0.6082654093728644,0.6063554413002279,0.9994219269406515,0.4057712565165623,0.4055366910849121,0.39852472377637777,0.39829434737007835,0.9999270742173813,0.18491742511065976,0.18490393986271372,0.18329271255732568,0.18327934579281413,0.9999996118318285,0.01324740533262381,0.013247400190402705,0.013237056078657312,0.013237050940453458
82.00260619934132,0.9965871015185439,0.6359197640832847,0.6337494344861169,0.6192892604415222,0.6171756890649793,0.9993757438055562,0.4179279181672413,0.4176670240754944,0.4103339454345698,0.4100777919273417,0.9999214186079971,0.19263711412435333,0.192621976431774,0.19089727080858418,0.19088226983531448,0.9999995820807945,0.01392388986524822,0.01392388404618723,0.013912611213937312,0.013912605399589889
83.53023195026779,0.9962883590575521,0.647242360264768,0.6448400290207227,0.6301586895154911,0.6278197667232461,0.9993257661422894,0.43019858228148844,0.4299085278317752,0.42224962286569795,0.4219649278735564,0.9999153209238105,0.2006102162713661,0.20059322878357808,0.19874845105054267,0.19873162121531363,0.999999550047383,0.014635364644052231,0.014635358058831609,0.014623073169583764,0.014623066589893721
85.08631582640582,0.9959609541147599,0.6583956996482296,0.6557364092067057,0.6408615823143817,0.6382731129773264,0.9992716676377742,0.4425686382283207,0.4422463011665928,0.43425770741589276,0.4339414234740358,0.9999087461921794,0.20883854091861748,0.20881948360653896,0.20684782686680636,0.20682895121496536,0.9999995155563707,0.01538361545415907,0.015383608001664566,0.015370220313153795,0.015370212867148483
86.67138797389234,0.9956017346473749,0.6693680158262749,0.6664239576741108,0.6513863674283079,0.6485213973372757,0.9992130918147809,0.45502292747864914,0.45466486621255386,0.4463436484729178,0.4459924170025139,0.9999016566195915,0.2173233070836333,0.21730193477497314,0.21519639264670526,0.21517522950600068,0.9999994784190676,0.01617051446722252,0.016170506032990507,0.016155916754100056,0.01615590832748193
88.28598841495152,0.9952071358980417,0.6801482201854522,0.6768883621969145,0.6617220375237264,0.6585504937246042,0.9991496489328614,0.46754581184484995,0.4671482337648115,0.4584924578759687,0.4581025783251389,0.9998940113569241,0.22606509833171903,0.22604113799870004,0.22379452111494916,0.22377080143732836,0.9999994384322812,0.016998023820861664,0.016998014275320203,0.016982115869702524,0.016982106333094455
89.93066723187624,0.9947731153314939,0.6907259275393792,0.687115582778584,0.6718581635103856,0.6683464383761225,0.999080912524461,0.4801212468318486,0.47967997340714524,0.4706887787462741,0.4702561745848516,0.9998857662441893,0.23506381866067574,0.23503696643781494,0.23264192198342334,0.23261534642291617,0.9999993953771996,0.017868199275111327,0.017868188471590645,0.017850863903973547,0.017850853110934223
91.60598475443709,0.9942950754249748,0.7010914750258097,0.6970918010405943,0.6817849014841739,0.6778953700448157,0.9990064155163428,0.4927328593819106,0.4922432876582407,0.48291695805030904,0.48243713925389536,0.9998768735328363,0.24431864990865723,0.24428856781643177,0.24173760223788548,0.2417078379409413,0.9999993490181881,0.018783193938225747,0.018783181710708124,0.018764303631632295,0.018764291416411918
93.3125117507825,0.9937677716971022,0.7112359343073764,0.706803349587548,0.6914929923129081,0.6871834501149601,0.9989256458785479,0.5053640292123261,0.5048210892847083,0.4951611221362604,0.4946291437439105,0.9998672815834827,0.253828011254868,0.2537943236031465,0.2510798286015006,0.25104650568422915,0.9999992991014941,0.019745262052666194,0.01974524821324152,0.019724678077733537,0.019724664252736144
95.05082962189506,0.9931852027257849,0.7211511172035956,0.7162366185357794,0.7009737537737653,0.6961967597472515,0.9988380417338608,0.5179979728755589,0.5173960808491328,0.5074052544257489,0.5068156706960865,0.9998569345367254,0.26358952141069364,0.26355181085369866,0.26066609274005664,0.2606288004247388,0.9999992453538513,0.020756762830433498,0.020756747166422368,0.02073433428185944,0.020734318634773926
96.82153059967081,0.9925404781007657,0.7308295749640067,0.7253779357449546,0.7102190651808116,0.7049211705108416,0.9987429858497904,0.5306178296171917,0.5299508354970094,0.5196332743983374,0.5189800880194989,0.9998457719544249,0.27359996411913085,0.27355776733139536,0.2704930797890687,0.2704513621700313,0.9999991874809763,0.021820164325049952,0.021820146595751336,0.021795727093933223,0.021795709384490325
98.62521794868779,0.9918256592307034,0.7402645914683257,0.7342134164382195,0.7192213444569939,0.7133421840988509,0.9986397994220643,0.5432067480697005,0.5424678779370374,0.5318291169772154,0.5311057227049399,0.9998337284285859,0.2838552575916541,0.28380806053192015,0.2805566407895626,0.28050999219602785,0.9999991251659486,0.022938047325461515,0.022938027258476643,0.0229114229866763,0.022911402942983303
100.46250617173403,0.9910315666123055,0.7494501707089131,0.742728776775514,0.7279735176053288,0.7214447356046798,0.9985277350432307,0.5557479728008523,0.554929764535702,0.5439768114114637,0.5431759334147275,0.9998207331546372,0.2943504285125891,0.2942976612398384,0.2908517696159645,0.29079962953675725,0.9999990580674661,0.024113109254885665,0.024113086541963567,0.02408410386749464,0.02408408118189366
102.33402121916424,0.9901475454829289,0.7583810189741171,0.7509091044780647,0.7364689805175206,0.729212953383738,0.9984059687315664,0.5682249297349097,0.5673191614294087,0.5560605587537345,0.5551741808359384,0.999806709465562,0.30507959123048684,0.30502062223325177,0.3013725849651911,0.3013143324971782,0.9999989858179645,0.02534816805517492,0.025348142347518247,0.025316570870134655,0.02531654519452328
104.24040070215558,0.9891611796026607,0.7670525222091379,0.758738577685587,0.7447015530239646,0.7366298666411182,0.9982735908735222,0.5806213094829026,0.5796189195551839,0.5680648070519025,0.5670840947845773,0.9997915743229341,0.31603593273271113,0.31597006272945416,0.31211231794975425,0.31204726572856495,0.9999989080215931,0.02664616603458423,0.026646136937546295,0.026611748103782324,0.026611719044328023
106.18229410993847,0.9880579400939618,0.7754607190859273,0.7662001207238236,0.7526654250369992,0.7436770494420036,0.998129595906639,0.5929211476545001,0.5918121455128869,0.5799743234085766,0.5788895370600289,0.9997752377604654,0.3272117039637574,0.3271381591283726,0.3230633057998855,0.3229906933677625,0.9999988242520313,0.028010173653912406,0.02801014072100763,0.02797268633438095,0.027972653445551814
108.16036303107094,0.9868207526026059,0.7836022703683639,0.7732749821860196,0.7603550945707388,0.7503341866695221,0.9979728705382406,0.6051089012774282,0.6038822671960759,0.5917742621122064,0.5905746590707678,0.9997576022751686,0.33859821799564865,0.3385161425579746,0.33421699212651607,0.33413597868802464,0.9999987340501375,0.029443393222823227,0.029443355948963624,0.029402566569805434,0.029402529347630327
110.17528137883873,0.9854294612614964,0.7914744252182414,0.7799422164450642,0.7677652973397409,0.7565785433327734,0.9978021802571018,0.6171695205194764,0.6158130931625636,0.6034502281063736,0.602123953281185,0.9997385621606677,0.3501858554969227,0.35009430366349686,0.345563934135305,0.3454735906470135,0.9999986369214184,0.030949162474729765,0.030949120288589278,0.03090470351714549,0.030904661391606053
112.22773562085071,0.9838601616785574,0.799074985158457,0.7861780440912903,0.7748909275533933,0.7623843132659288,0.9976161538492243,0.629088514990944,0.6275888647559856,0.6149883351378146,0.6135222975623243,0.9997180027765292,0.3619640778669871,0.3618620050020324,0.3570938171037529,0.35699311763881103,0.9999985323332978,0.032530957984944445,0.03253091024034062,0.03248254887671147,0.03248250120315608
114.31842501291504,0.9820843669539393,0.8064022665026805,0.7919550594085069,0.7817269494492015,0.7677218162806532,0.9974132655729728,0.6408520139996635,0.6391943000324208,0.6263752580066426,0.6247549915625188,0.9996957997467739,0.37392144831230845,0.3738077013130452,0.3687954763461454,0.36868328866885225,0.9999984197121732,0.0341923983928538,0.034192344359022846,0.034139694433483116,0.03413964048293959
116.44806183726855,0.9800679599332215,0.8134550621911928,0.7972412432990741,0.7882682990751315,0.7725565037545946,0.9971918145808318,0.6524468202339371,0.6506146285865735,0.6375982784317056,0.6358077842429269,0.999671818079871,0.38604566103790167,0.3859189678316048,0.3806569267925818,0.3805320020714366,0.9999982984402525,0.03593724738465945,0.03593718623528586,0.03587987490257272,0.03587981385082183
118.61737164524791,0.9777698707095986,0.8202326041639295,0.8019987273251628,0.7945097758904861,0.7768477208499528,0.9969499010920486,0.6638604564581925,0.6618356164049173,0.648645324137536,0.6466668917427363,0.9996459112015854,0.3983235786143876,0.39818253669705583,0.3926654002011654,0.3925263617814292,0.9999981678521332,0.03776941638875301,0.037769347189597346,0.037706970480874055,0.03770690139612853
120.8270935044776,0.9751403997705979,0.826734527689166,0.8061822378349698,0.8004459239966277,0.7805471583208171,0.996685398718772,0.675081204919109,0.6728435798923511,0.6595050008643201,0.6573190047434789,0.9996179198909332,0.4107412774594014,0.4105843413873115,0.40480738990840803,0.4046527210567208,0.9999980272311249,0.03969296693106583,0.03969288862601611,0.03962500905242935,0.039624930881444816
123.07798025066658,0.972119082895827,0.8329608395030733,0.8097371273858658,0.806070903388981,0.783596907351507,0.9963959222232814,0.6860981392737177,0.6836253882173133,0.6701666170962075,0.6677512844848325,0.9995876711082954,0.4232841012448023,0.42310956898045987,0.41706870290436854,0.4168967334283353,0.9999978758052857,0.041712112592755236,0.04171202398810614,0.041638167990177784,0.041638079542601424
125.37079874409197,0.9686319625547525,0.8389118922822012,0.8125968726318297,0.8113783528072743,0.7859270062541525,0.996078789830211,0.6969011489628457,0.694168453090195,0.6806202013935094,0.6779513465380413,0.999554976703276,0.43593672191072796,0.4357427199135802,0.42943451889860285,0.42924341053327547,0.9999977127431409,0.04383122050740153,0.04383112025414178,0.04375077549167907,0.043750675422417735
127.70633013086449,0.9645880908308452,0.8445883689896263,0.814679882381641,0.8163612480076334,0.7874523376439693,0.9957309790242845,0.707480956061573,0.704460705020227,0.6908565122993177,0.6879072313571022,0.9995196319882861,0.44868320783710003,0.4484676747766619,0.4418894559234759,0.4416771863641366,0.9999975371490833,0.04605481232950071,0.04605469890336395,0.045967311381158046,0.045967198170523076
130.08537010905707,0.9598750402577819,0.8499912821883195,0.8158854162092769,0.821011763361688,0.7880686994089128,0.9953490745328295,0.7178291247387005,0.7144905549813766,0.7008670408662873,0.6976073604968218,0.9994814141619307,0.4615070985959825,0.46126776755048216,0.4544176419057572,0.45418198735209603,0.9999973480584056,0.04838756460049286,0.04838743627949764,0.04829240730483191,0.048292279236188285
132.5087291997954,0.9543531430715413,0.855121995770513,0.8160883643731983,0.825321151910917,0.7876478353696087,0.9949292068886519,0.7279380635523758,0.7242468402342264,0.7106440059175515,0.707040477187724,0.999440080564121,0.474391485587492,0.47412586457449607,0.4670027915286484,0.46674130758906174,0.999997144431948,0.05083430843291139,0.05083416327208428,0.05073084624100974,0.050730701375625964
134.97723302339418,0.9478481233892991,0.8599822800924074,0.8151325903336389,0.8292796715571483,0.7860311804503374,0.9944669796038302,0.7378010208920411,0.7337187527951305,0.7201803422095995,0.7161955696872332,0.99939536674231,0.4873190977510668,0.487024448417459,0.4796282876074172,0.47933828839340087,0.9999969251502967,0.05340002842748611,0.053399864230424546,0.05328756124089983,0.05328739738965796
137.49172258064192,0.9401417500315109,0.8645744167458492,0.8128225051919156,0.8328766065654338,0.7830220704567331,0.9939573825166502,0.7474120739511891,0.7428957486858649,0.7294696817075568,0.725061775455297,0.9993469843053592,0.5002723914458923,0.49994570572268265,0.4922772661153682,0.49195580133447997,0.999996689007663,0.05608986073263689,0.05608967501953782,0.05596763331090264,0.05596744800249763
140.05305453932198,0.9309601651673134,0.8689013767616596,0.8089125692241406,0.8361004698113985,0.7783762314720879,0.9933946882857281,0.7567661116783325,0.7517674356158996,0.7385063282112797,0.7336282637104818,0.9992946185381638,0.5132336435119899,0.5128716180142658,0.5049327039253934,0.5045765337565695,0.9999964347050834,0.058909090149499715,0.058908880121220066,0.058776288341116104,0.058776078786314065
142.66210152607368,0.9199597328872271,0.8729671064600935,0.8030945860783631,0.8389395311649762,0.7717905869990671,0.9927723282591365,0.765858812205597,0.7603234361111274,0.7472852255836759,0.7418840932763601,0.9992379257462346,0.5261850464593305,0.5257840543827075,0.5175775082779079,0.5171830757845213,0.9999961608432268,0.06186314618118588,0.06186290867886921,0.06171889298061975,0.06171865603211373
145.31975242368955,0.9067108002027084,0.8767769683048939,0.7949831465310351,0.8413829135860749,0.7628909748545162,0.992082742996191,0.7746866152957141,0.7685532222650071,0.7558019198298911,0.7498180417866256,0.9991765302948745,0.5391088046882383,0.5386648649198111,0.5301946069501464,0.529758007753502,0.9999958659146001,0.06495759791924323,0.06495732937898606,0.06480094935468421,0.06480068146202558
148.02691267395085,0.8906810514267202,0.8803383976143085,0.7841007295984264,0.8434226448657609,0.7512205681261411,0.9913172015045515,0.7832466903796443,0.7764459171948509,0.7640525152568862,0.7574184012269701,0.999110021302227,0.5519872306216786,0.5514959737449827,0.5427670380856433,0.5422839869838938,0.9999955482951491,0.06819814765598045,0.06819784405795572,0.06802808851506129,0.06802778567408965
150.7845045861051,0.8712228403942716,0.8836618416223414,0.7698663796062493,0.8450572539794547,0.7362331811077639,0.9904655816949504,0.7915369007798513,0.7839900568639336,0.7720336249071108,0.7646727333816826,0.9990379489392142,0.5648028396294704,0.56425947045847,0.5552780386467239,0.5547438328206127,0.9999952062351993,0.07159062310729933,0.07159027991869021,0.07140606251086122,0.07140572020699221
153.5934676510897,0.8475740398598605,0.886762023745604,0.7515964708603671,0.8462977172154716,0.7172999751044951,0.989516102543362,0.7995557647300883,0.7911733040817942,0.7797423154074065,0.7715675769300737,0.9989598202820159,0.5775384426460717,0.5769376988716751,0.5677111304768354,0.5671206088732396,0.9999948378496888,0.07514096812752315,0.07514058023855115,0.07494073496473469,0.07494034810939637
156.4547588616096,0.8188906578652778,0.8896594763409774,0.7285338338569416,0.8471766195587348,0.6937450193185345,0.988454995843818,0.8073024138137488,0.7979821040909734,0.7871760463053038,0.7780880955790622,0.9988750946540891,0.5901772354267459,0.5895133418995795,0.5800502030028529,0.5793977014285983,0.9999944411076325,0.07885523179553768,0.0788547934477915,0.07863807003730588,0.07863763289673856
159.36935303817745,0.7843413467331726,0.892382027972935,0.6999321216207715,0.8477608271406867,0.6649338688671546,0.9872661020449534,0.8147765494524759,0.8044012680155831,0.7943326038807085,0.7842176535605251,0.9987831783844751,0.6027028834503344,0.6019695015540129,0.5922795916687753,0.5915588930591985,0.9999940138207664,0.0827395557506063,0.08273906045679587,0.08250411966226062,0.08250362577781281
162.3382431612278,0.7433025100420368,0.8949654266938079,0.6652300480623499,0.8481658050195144,0.6304437718028298,0.9859303702370351,0.8219783980888726,0.8104134663546072,0.8012100293242583,0.7899373008492918,0.9986834188970498,0.6150996015586941,0.6142897730468497,0.6043841512696948,0.6035884305172106,0.99999355363129,0.08680015965672451,0.08679960011089129,0.0865450089354158,0.08654445103437819
165.36244070941805,0.6956772450012135,0.8974515900632608,0.6243366496971677,0.8485648293025388,0.5903272426541153,0.9844252365561634,0.8289086657274313,0.8159986093421804,0.8078065410697083,0.7952251452841638,0.9985750980309949,0.627352227520733,0.626458312096479,0.6163493234463069,0.6154710860817333,0.9999930579986533,0.09104332467658321,0.09104269265370071,0.09076691954373231,0.0907662894396546
168.44297600423153,0.642285147050047,0.899882690553904,0.5779812862302062,0.849179620119352,0.5454154571802611,0.9827238476489295,0.8355684925339861,0.8211330839572146,0.8141204509666675,0.8000555820236451,0.9984574244756447,0.6394462888200672,0.6384598946257934,0.6281611977029158,0.6271922116139895,0.9999925241852996,0.09547537484041406,0.0954746610842033,0.09517607112485078,0.09517535960617914
171.5808985610005,0.5851212128595249,0.9022907961910588,0.5279494850192987,0.8502378635864434,0.497492209960791,0.9807940857976208,0.8419594082572326,0.8257888081003583,0.8201500739003642,0.8043983419479589,0.9983295251824917,0.6513680620865945,0.6502799681419497,0.6398065654230424,0.6387377846674267,0.9999919492412845,0.10010265620145065,0.10010185029911879,0.09977870045460274,0.09977789716036044
174.77727744646808,0.5271779763724358,0.904686936207909,0.47693102828066436,0.8519011061877855,0.4491035012295163,0.9785973390595835,0.848083289342488,0.8299320502514576,0.8258936304399892,0.8082173090948325,0.9981904355926496,0.6631046247203811,0.6619046941931377,0.6512729664733192,0.6500944460937196,0.9999913299876839,0.10493151367878187,0.10493060392126592,0.1045810383693615,0.10458013165047081
178.0332016430114,0.47171228025300027,0.9070571165410876,0.42786998076330784,0.8542010155346166,0.40293710883226247,0.9760869423118788,0.8539423187820937,0.8335219468507294,0.8313491421849607,0.8114690421889216,0.99803908848879,0.6746438983879057,0.6733209814015892,0.6625487281053446,0.6612495286776653,0.9999906629986888,0.10996826550027085,0.10996723872643167,0.10958928434233815,0.10958826110704656
181.34978041964956,0.42131194096327573,0.9093696120375162,0.38312827630054697,0.8570323781598546,0.3610779747109005,0.9732061921426034,0.8595389500250229,0.8365086285521041,0.8365143197809548,0.8141009158267831,0.9978743012452279,0.6859746842025796,0.684516508670565,0.673622995983567,0.6721910764198189,0.9999899445822849,0.11521917517328398,0.11521801659634881,0.11480957864826456,0.11480842418999355
184.7281437099634,0.37734347058581497,0.9115886931679956,0.34398204122679904,0.8602076226125805,0.3245937297410041,0.9698858085795141,0.8648758767052585,0.8388308389991957,0.8413864442708584,0.8160487718294838,0.9976947612072194,0.6970866895304685,0.6954797382518318,0.6844857572822837,0.6829078541614908,0.9999891707594016,0.12069042092947077,0.12068911394386461,0.1202479720696092,0.12024666987538819
188.16944249705557,0.34000166753714994,0.9136856524492184,0.3106546454375031,0.8635282784912539,0.29360105465251074,0.9660406780762476,0.8699560106271182,0.8404128944027286,0.8459622438328397,0.8172339396591803,0.9974990088788435,0.7079705464854176,0.7061999184346172,0.6951278559038572,0.693389347308173,0.9999883372414079,0.12638806261204588,0.1263865885785827,0.1259103931197745,0.1259089246572553
191.6748492056815,0.3087129127851395,0.9156427894671874,0.28267075260712565,0.8668314532104081,0.26760206281436044,0.9615656636844612,0.8747824714903353,0.8411607877781375,0.8502377705572589,0.8175594461354873,0.9972854185360805,0.7186178222928444,0.7166670756728061,0.7055409999710529,0.7036257514504963,0.9999874394058184,0.13231800600013258,0.13231634400735628,0.13180261278481784,0.13180095726568655
195.24555810168613,0.28255799092786893,0.917452075304022,0.25923341517050835,0.8700035542724895,0.24582645639533982,0.9563302099899263,0.879358593432719,0.8409571883139585,0.8542082866105845,0.8169051901094354,0.9970521758051146,0.7290210218062005,0.7268719959995402,0.7157177618370305,0.7136079517019781,0.9999864722700698,0.13848596459493956,0.1384840911942114,0.13793020681528037,0.13792834093269335
198.88278569888098,0.26055666426832425,0.9191118589704464,0.239480720062798,0.8729742874214602,0.227459268322553,0.9501714059915248,0.8836879558804801,0.8396550274967324,0.8578681774261887,0.8151218123004286,0.9967972516522339,0.7391735825528758,0.7368061955826422,0.7256515709354775,0.72332749156561,0.9999854304632048,0.14489741892692273,0.14489530783864615,0.14429851563376023,0.1442964132712272
202.58777117350172,0.24181060349028727,0.9206237067097957,0.22261657410696092,0.8757043728415089,0.2117546028758888,0.9428851113450385,0.8877744497951005,0.8370693109443336,0.861210923961768,0.8120229579312551,0.9965183721166454,0.7490698627659443,0.7464618802451578,0.7353366998594911,0.7327765311016063,0.9999843081952976,0.15155757348169374,0.1515551952698495,0.15091260196193926,0.15091023387086214
206.3617767863859,0.2255540832005656,0.9219900206052308,0.20795861381768344,0.8781739478418353,0.19807571969608648,0.934214732529409,0.8916223956586965,0.83296677787752,0.8642291907095742,0.8073756422428524,0.9962129829758196,0.7587051229239098,0.755831893707064,0.7447682441103863,0.7419477940908714,0.9999830992244353,0.15847131138514428,0.15846863309707712,0.1577772063127452,0.15777453975559208
210.20608831301587,0.21115768168910287,0.9232123493613387,0.1949433793978904,0.880373683997136,0.18589766613293007,0.9238373287909297,0.8952367369262743,0.8270531156774775,0.8669151276322751,0.8008885558002489,0.9958782083581627,0.7680755013721651,0.7649096541903092,0.7539420959961203,0.7508345037664141,0.9999817968210484,0.16564314703492414,0.16564013180307655,0.16489670053900268,0.16489369889485425
214.12201548157293,0.19811286888088694,0.9242900843464672,0.18311376028803558,0.8822984064684963,0.1747946685145087,0.9113470887945772,0.8986233423630875,0.8189577669854524,0.869261052375603,0.7921985294850162,0.9955108020974299,0.7771779846379563,0.773689078859396,0.7628549131840527,0.7594303065078216,0.9999803937293897,0.17307717691563687,0.1730737835176698,0.1722750396789136,0.17227166200786628
218.11089241915198,0.18601158156015876,0.9252192128030061,0.17210148906333225,0.8839423271275633,0.16442351027696528,0.8962371601252448,0.9017894616468548,0.8082172261372506,0.8712607867862946,0.7808562932778351,0.9951070903589359,0.7860103730737832,0.7821644953413941,0.7715040824224438,0.7677291826594387,0.9999788821259026,0.18077702888847674,0.18077321126194096,0.17991571239053633,0.1799119129531739
222.17407810628825,0.1745268500202363,0.9259908067863046,0.161610258656111,0.8852949013018149,0.15450773046318175,0.8778829218399427,0.9047443864189295,0.794259645467736,0.8729120797964953,0.7663146071211285,0.9946629037195751,0.7945712424771366,0.7903305392543793,0.7798876789439249,0.7757253433134841,0.9999772535742424,0.18874581030182028,0.18874151700925917,0.18782169032142154,0.18781741804928698
226.31295683995296,0.16339639228614175,0.9265889143379421,0.15140128573515257,0.8863363089817922,0.14482415523983985,0.8555340577516188,0.9075003610345714,0.7763974662869659,0.8742207471049283,0.747925623141331,0.9941734964640058,0.802859902333573,0.7981820362737184,0.7880044220477694,0.783413111496329,0.9999754989766606,0.1969860553267026,0.1969812289667635,0.19599537681487386,0.19599057472757211
230.52893870517062,0.15240869446570732,0.9269875793398666,0.14128096675311536,0.8870315647122936,0.13519132272767426,0.8283305665895768,0.9100737341181234,0.7538418918203571,0.8752073115857485,0.7249609682891633,0.9936334503193938,0.8108763513204978,0.8057138667449871,0.7958536273307704,0.7907867856738783,0.9999736085214546,0.20549967197912383,0.2054942485389397,0.20443855540995226,0.2044331599742033
234.82346005542766,0.1413884479717961,0.9271473589331075,0.13108792612070183,0.8873228693994066,0.12545720335426283,0.7953699444949236,0.9124861864172559,0.7257640874430773,0.8759167524289863,0.6966778587616166,0.9930365591707584,0.8186212306903294,0.8129208101888564,0.8034351559976969,0.7978404828287744,0.9999715716261526,0.2142878893485439,0.21428179749231452,0.21315233864708666,0.21314627907271716
239.19798400202373,0.13017301772354936,0.9270149696520175,0.12067233607450764,0.8871240348838945,0.11547961271592781,0.7558660470432936,0.9147655316668346,0.6914402063924672,0.8764307844372031,0.6624642725396017,0.99237569043304,0.8260957761260843,0.819797366196941,0.8107493616329299,0.8045679575186252,0.9999693768760725,0.2233512056073627,0.22334436589571402,0.2221371177437508,0.22213031521126522
243.6540009125466,0.11856483500671666,0.9265412876763824,0.10985521490026108,0.8863386803685857,0.10508859939797234,0.7094393823744426,0.9169450407517357,0.6505169233822194,0.876878784727675,0.6220923434544535,0.9916426176496524,0.8333017686315811,0.8263375471379062,0.8177970347555439,0.8109623922511113,0.9999670119578752,0.23268933742808207,0.232681661462417,0.23139251375346076,0.2313848805674697
248.19302891862526,0.10626868151439305,0.9257520507265016,0.09837844983995084,0.8849627791202226,0.09404382772641909,0.6565276336094027,0.9190597780885957,0.6033881412540886,0.8774376337116013,0.5760620533005115,0.9908278174675952,0.840241484984195,0.8325346367126212,0.8245793454114156,0.8170161531428513,0.999964463587671,0.24230117148155417,0.2422925609672166,0.24091733086486797,0.24090876952726115
252.81661443315008,0.09296490702034757,0.9248474322873753,0.08597835555060304,0.8832710961666249,0.08211321532889077,0.5987658050434366,0.9211390387052202,0.5515465580672685,0.8783062611405735,0.5258997555265263,0.9899202223092789,0.8469176482423963,0.8383809066257647,0.8310977839784331,0.8227205030766795,0.99996171743324,0.25218471872940557,0.25217506445107496,0.2507095125341361,0.25069991473048514
257.52633267711985,0.07864996106049471,0.9241027230749153,0.07268064318573922,0.8817338008505101,0.06934832910261463,0.5390147685847569,0.9231968390552554,0.4976167305615476,0.8796491332314661,0.4741438739845407,0.9889069176921468,0.8533333787652185,0.8438672813585375,0.8373541002750917,0.8280652623199217,0.9999587580298368,0.2623370722545794,0.2623262529568728,0.2607661011713909,0.26075534666362676
262.3237882163124,0.0637290595827954,0.923617701015581,0.05886128749974647,0.8806060365809292,0.05612019457423534,0.4807679935400887,0.9252263301262749,0.4448192063052689,0.8815316752380339,0.42381221474622266,0.9877727700666624,0.8594921461687238,0.8489829380716211,0.8433502409694771,0.8330384036588077,0.9999555686890571,0.2727543693940602,0.2727422505598626,0.2710832021190288,0.2710711575369841
267.21061550794326,0.04871297541281269,0.9233351346535404,0.04497840171216401,0.8798734059731821,0.04286125159155938,0.42712744994570656,0.9272035710753297,0.39603409689395824,0.8838941775937857,0.37753546609749117,0.9864999670207052,0.8653977226181899,0.8537148248226377,0.8490882851861786,0.8376255653338324,0.9999521314001423,0.28343175894546113,0.2834181914640052,0.28165595266439847,0.28164247018830285
272.188479457518,0.03406492816092733,0.9231757413299959,0.03144791530831714,0.8794434652317566,0.02995817846471678,0.3799919754391497,0.9290987875023853,0.35305008364115015,0.8865865160110623,0.3368957616167569,0.9850674464246947,0.8710541378376527,0.8580470752574006,0.8545703781055887,0.841809460150658,0.9999484267230873,0.29436337421258585,0.2943481929287746,0.2924784968202446,0.2924634127457371
277.2590759860481,0.02020589078063671,0.923084869086145,0.01865175204601298,0.8792344549306135,0.017765715366900626,0.33990759394539793,0.9308871137421512,0.31641559906687056,0.8894332037189848,0.3023251002512671,0.9834501841526,0.8764656362151877,0.861960291339252,0.8597986622483035,0.8455691527222532,0.9999444336728224,0.305542312632851,0.3055253347687406,0.3035439665820275,0.3035270997586676
282.42413260784355,0.00752308421753417,0.9230279849909745,0.006944017266227967,0.8791814772449446,0.006614156295809819,0.3064386850343267,0.9325533253399629,0.2857704147415669,0.8922836207412977,0.2734302194176312,0.9816183008552772,0.8816366363993611,0.8654306569941027,0.8647752060462621,0.848879168380904,0.9999401295936977,0.31696062269042574,0.3169416461291634,0.3148444703307173,0.3148256204643565
287.6854090190592,0.0036467743540656815,0.9229787100410521,0.0033658950891263337,0.8792258522394545,0.003206338289378385,0.2786593086284285,0.9340911591769225,0.2602931966121686,0.8950309823960042,0.24940871475549373,0.9795359361476,0.8865716938289429,0.868428834076697,0.8695019292391297,0.8517083862393953,0.9999354900234055,0.3286092987622825,0.3285881001841106,0.32637108899226874,0.32635003480095676
293.0446976972144,0.013048429764814806,0.9229106513125435,0.01204253481285121,0.8793080813669324,0.01147358974135048,0.2555158589533345,0.9355003678953113,0.2390351800539309,0.8976094488648662,0.22935344933133547,0.9771598225302962,0.8912754667280598,0.8709185768935979,0.8739805246303598,0.8540186543427376,0.9999304885454126,0.3404782844697428,0.3404546173289339,0.3381138804904421,0.338090377702793
298.50382451187295,0.020542556255745237,0.9227928729977051,0.018956524505956127,0.8793651603401156,0.018064408275629256,0.23602040787651907,0.9367837588079138,0.22110008484594246,0.899983165038732,0.2124143936944421,0.9744374701498345,0.8957526862532426,0.8728549814725282,0.8782123758476409,0.8557630457752509,0.9999250966288689,0.35255648501567255,0.3525300773464307,0.35006189293821793,0.35003567212233233
304.06464934670686,0.026134644853923285,0.9225855339357855,0.024111445276778942,0.8793271130811326,0.022980901810801042,0.21932511644653818,0.9379449901029129,0.20571489417476846,0.9021352264988394,0.19786091360238203,0.9713048455435268,0.9000081317287594,0.8741822593767208,0.8821984710740777,0.8568836496853425,0.9999192834548704,0.36483178887802065,0.36480234091646896,0.3622031869055808,0.36217395111569883
309.72906673314066,0.029994828920083833,0.9222293016255303,0.027662110127346172,0.8791033667084514,0.02636855508748972,0.2047337864223069,0.9389870846776581,0.19224238124770027,0.9040591798837503,0.18509145904744567,0.9676833909924992,0.9040466122999303,0.8748308914056778,0.8859393134183488,0.8573087590222342,0.9999130157278404,0.3772910991051891,0.3772582807135411,0.3745248669792587,0.37449228920629885
315.4990064958088,0.03248732399028464,0.921616222237924,0.02994084480654561,0.8785399498146718,0.028541411988037647,0.19168703539909074,0.9399113750901873,0.1801688250289208,0.9057530624270309,0.17362111934028512,0.9634761841410742,0.9078729569429185,0.8747139722402368,0.8894348299666044,0.8569492760183891,0.9999062574706701,0.3899203743197808,0.38988382219765483,0.38701312269511373,0.3869768431061084
321.37643441002757,0.034257726428299495,0.9205377425307566,0.031535530150543056,0.8773299650112784,0.03005532992870594,0.17973994833632662,0.9407165779865067,0.16908434912642067,0.9072151797212241,0.1630628095330241,0.9585629788777212,0.9114920157016858,0.8737225017942666,0.8926842841097549,0.8556941065735727,0.9998989698021247,0.4027046793871235,0.4026639940536797,0.3996532787787789,0.3996129017289423
327.36335287152474,0.03606403730467549,0.9188733691925093,0.03313828346483151,0.8752163800447968,0.0315638361795986,0.1685404857475112,0.9413977181749728,0.15866362870280856,0.9084407152437376,0.15310903941999604,0.9527937990607365,0.9149086764368537,0.8717193136158999,0.8956862003308113,0.8534042575794696,0.9998911106948777,0.41562824554674394,0.41558298807589716,0.41242985447786856,0.4123849452776028
333.46180157863625,0.037289211311763396,0.9173390168572897,0.03420684844411676,0.8731252361581416,0.03255815143273426,0.15781157107666058,0.9419446116305491,0.14864975902861186,0.909418288657264,0.14351672889885084,0.9459806832844594,0.9181279034919259,0.8685312614878202,0.8984383187385179,0.8499052946492041,0.9998826347123515,0.4286745396422771,0.4286242281316244,0.4253266316131667,0.42527671303070286
339.67385822722093,0.037303160416073906,0.9162730307016747,0.03417987984918678,0.8716469801503418,0.03251518712673459,0.14733704599533978,0.9423395897895794,0.1388415314840569,0.9101255369841736,0.1340952081041705,0.9378871219100721,0.9211548078087815,0.8639392315294037,0.9009376107182409,0.8449777827370678,0.9998734927223806,0.4418263419221087,0.44177044767441154,0.4383267308204211,0.43827127929899723
346.00163921851095,0.03648025024211981,0.9154289154755727,0.033395075915421235,0.8705036450690201,0.0317561908087953,0.13694922653953648,0.9425543179323659,0.12908208481233788,0.9105228546261993,0.12469540068762881,0.9282147372687728,0.9239947625024391,0.8576655557139236,0.9031804112044028,0.838345368092397,0.9998636315854805,0.455065831723659,0.45500377511768486,0.4514126953028173,0.45135113686926487
352.4473003801584,0.03512678803351377,0.9146401250401048,0.03212836979923029,0.8694802263614283,0.030542047610729463,0.12651043995834457,0.9425469524093294,0.11924202963070113,0.9105459738917066,0.11519357175933913,0.9165869469707714,0.9266535839940412,0.8493585794526215,0.9051627636682129,0.8296603740622731,0.9998529938152935,0.4683746802029154,0.46830582622816563,0.4645665812709978,0.464498287110343
359.01303770070683,0.03331030141356078,0.9138305268675024,0.03043997029086956,0.8684817148534457,0.028929387693934425,0.11586795078356824,0.9422673278412534,0.1091785843672747,0.9101071732290303,0.1054522531554737,0.9025299560647378,0.9291378062600603,0.838574703461979,0.9068811402300094,0.8184873956477298,0.9998415172085096,0.48173414913199714,0.4816578025592864,0.47777005411669665,0.47769433578482967
365.701088077749,0.03086425256745528,0.9129733867692531,0.02817824119661126,0.8674792901252755,0.026774099907463315,0.10475219782793734,0.9416962955436489,0.09864475664462405,0.9091463021841387,0.09523507330093059,0.8854529180801803,0.9314550827711503,0.824759621100331,0.9083338022690743,0.8042868158100174,0.9998291344412725,0.49512519466521193,0.49504059482218543,0.4910044892515091,0.4909205934951154
372.513730080021,0.027511213626436,0.9120769471011168,0.02509234373544639,0.8664778367299175,0.023837856868848893,0.09270057747028551,0.940943098147081,0.08722596856491395,0.9077908181327522,0.08415273306312906,0.8646323544810689,0.9336147513806674,0.8072335206645243,0.9095232115313236,0.7864031958415116,0.9998157726287574,0.5085285748719918,0.5084348899894414,0.5042510764474545,0.5041581795971943
379.45328472369386,0.023254245906440905,0.9111729703984163,0.02118864031694697,0.8654948234260955,0.020126429454702076,0.07937077168902262,0.9402560043861198,0.07462884465336336,0.9064335978731439,0.07194433414804866,0.8392123157822726,0.9356285767596064,0.7851910246145011,0.9104600613392387,0.7640692965037725,0.9998013528442372,0.5219249597564088,0.5218212808476316,0.5174909264437269,0.5173881283430558
386.5221162631262,0.01844248095041416,0.9102675659811637,0.016787592245387475,0.8645143708965555,0.01594378981661901,0.06500056390112217,0.9397900273799317,0.06108688172834661,0.9053957105539058,0.058851231739661065,0.8082428977924782,0.9375116106955316,0.7577371009426501,0.9111695449212938,0.73644631336744,0.9997857895935356,0.5352950424300339,0.5351803766614166,0.5307051785364926,0.5305914959644855
393.722632996348,0.013235558344405414,0.9092215192873475,0.01203405446651662,0.8633394750438029,0.011426779992970594,0.05016715459733018,0.9395213647685436,0.04713311355383817,0.9047173215095535,0.045387093735052245,0.7707953359751978,0.9392829276938544,0.7239948998275518,0.9117000443584652,0.7027341419998859,0.999768990240303,0.5486196500804386,0.5484929135869084,0.5438751078483193,0.54374946739035
401.0572880855496,0.008647272385871277,0.9075519475303749,0.00784784889462311,0.8612821041173001,0.0074477409553786395,0.03542593274803144,0.9393759872700375,0.033278270550143985,0.9043197991545886,0.03203637238756376,0.7262034293380364,0.9409656492783839,0.6833324813952544,0.9121327397320959,0.6623939236049466,0.9997508543770269,0.5618798533788895,0.5617398634727834,0.5569822309778888,0.5568434612929669
408.52858039285616,0.008861296951763973,0.906037256819537,0.008028665182039554,0.8593152774952899,0.0076146478490732245,0.021254300302328683,0.9392991510827394,0.019964146230834943,0.9041258279814011,0.019216561859008264,0.6744594667937353,0.9425852434143539,0.6357355406808883,0.9125868092336052,0.6155028127586936,0.9997312731360828,0.575057073004739,0.574902539720937,0.5700084087659669,0.5698552321938728
416.1390553316707,0.010236449880119325,0.9051404775775558,0.009265425133189918,0.8581632946284947,0.00878454555442266,0.008076925130622657,0.939257990121105,0.007586316464547281,0.9040771567557436,0.007302163507422345,0.6166861969101725,0.9441650724223787,0.5822535677675743,0.9132098470947039,0.5631639075857531,0.9997101284344585,0.5881331820209839,0.5879626989347645,0.5829359449704151,0.5827669684154362
423.89130573387786,0.011906605197688248,0.9044138142747118,0.010768498221904338,0.8572263030079345,0.010206655154989353,0.0037325812669385394,0.9392301736121008,0.0035057529513679597,0.9041247127819918,0.00337471896590625,0.5554036258052262,0.9457195709360352,0.5252560786928367,0.9141435762410142,0.5077186567508155,0.9996872921450205,0.6010906029204771,0.6009026371673896,0.5957476797263986,0.5955613847473624
431.7879727332022,0.0141885756764754,0.9036768435468754,0.012821887281743261,0.8562452875079835,0.012148901059432459,0.013872580180776839,0.9391952523385642,0.013029061443471667,0.9042202846388543,0.012543868399737361,0.49419712715166064,0.9472484785188278,0.4681274767827862,0.9154715438117179,0.45242340694084665,0.999662625186309,0.6139123982693357,0.613705279688347,0.6084270767719261,0.6082218088002556
439.83174666502237,0.017726124285303974,0.9028168639959956,0.01600344393806139,0.8550534430006789,0.015156783601207112,0.022144736622507717,0.9391299684205306,0.020796785804976643,0.904313214489336,0.020025777959119674,0.4367163397972761,0.9487371435309638,0.4143290127525655,0.9171818116785714,0.40054828372490026,0.9996359765218551,0.6265823540008587,0.6263542633130111,0.6209583035412363,0.6207322601397982
448.025367982949,0.02357058650607767,0.9017142022304516,0.021253932607431674,0.8534841130366901,0.02011712111789428,0.0284856540418943,0.9390050885094811,0.026748174094859415,0.9043485509269803,0.02576095995499439,0.3855768964025381,0.9501639084294462,0.3663612508859313,0.9191768408581152,0.3544133535431618,0.9996071820588714,0.6390850545558593,0.6388340104805226,0.6333263033656115,0.6330775214310608
456.3716281924759,0.029763633447266603,0.9005010670486588,0.02680218367850873,0.851706968652293,0.025349894019449436,0.032991172990497156,0.9387792223361751,0.03097142772397714,0.9042599676800704,0.02983259702211457,0.3418808811209391,0.9515092502602273,0.32530282087369067,0.9213216499923874,0.3149822574951949,0.9995760634348685,0.6514059492195393,0.6511297944189209,0.6455168591689364,0.6452432009689258
464.8733708020257,0.03255872504668892,0.8995447617432041,0.029288030564786276,0.8502089112498212,0.027681718173627672,0.035941667805187365,0.9383803652916417,0.03372695536422256,0.9039438048996634,0.0324892479502608,0.3054630093692234,0.9527609016686275,0.2910332122330337,0.9234914735765858,0.28209248464552256,0.9995424266792508,0.6635314091665612,0.6632277948962474,0.6575166481996616,0.657215786123497
473.53349229171164,0.03332787238402271,0.8984315163456507,0.029942810922551858,0.8484612517514225,0.028277408321159575,0.03788357715658793,0.9376573650749552,0.03552181513626,0.9031843557161594,0.03421585422639629,0.2754411811201407,0.9539140747456146,0.2627472194350583,0.9255948615633395,0.25494694190773937,0.9995060607352197,0.675448774890408,0.6751151442191419,0.6693132874976018,0.6689826873844675
482.3549431001468,0.03329600296729023,0.8975106034262664,0.029883515714855414,0.8469360830267286,0.028199586333563124,0.0397540330834947,0.9363739721041754,0.03722464186555273,0.9016049125077181,0.035842431520073166,0.25068777424321337,0.9549692093024977,0.23939910555084454,0.9275750066062072,0.23253171384974403,0.9994667358253566,0.6871463938562411,0.6867799633016621,0.6808953699492246,0.6805322728417501
491.34072862963626,0.03248955491798377,0.8970847285351612,0.029145883553827683,0.8461001373623148,0.02748941687894654,0.04159440538910842,0.9349054578602544,0.03888683661472944,0.8996200930309917,0.0374191628457185,0.23010304120505373,0.9559294601203094,0.21996227595118834,0.9294014632951937,0.21385810320465118,0.9994242016419389,0.6986136483743008,0.6982113877826478,0.6922524909350556,0.6918538930874115
500.4939102700954,0.031239950477636152,0.8967617963118539,0.028014794107018355,0.845404357217564,0.026410390253054524,0.04213364146495109,0.9339077690751378,0.039348935103544196,0.8982229456403702,0.03784540354720361,0.21273029937579638,0.9567988126138862,0.20354009784975852,0.931060704795592,0.19806482246820625,0.9993781853404394,0.7098409738398972,0.7093995843164068,0.7033752657142004,0.702937896662807
509.81760644204246,0.029779495175946382,0.896397270229415,0.026694258184528367,0.8446227907391217,0.025152440322310045,0.041607796108961696,0.933188747546614,0.03882792713909684,0.897230949087516,0.03733180239228356,0.19778249806411613,0.9575808676157203,0.18939273609544083,0.9325486796464282,0.18444180742686372,0.99932838931157,0.720819867623168,0.7203357572956395,0.7142553378209269,0.7137756363017781
519.3149936590212,0.028380434804156036,0.895830357046402,0.025424055043739235,0.8434921772531748,0.023938674744349357,0.040450535724338973,0.9325539629476769,0.037722307393088884,0.8963910283539129,0.036259497315406904,0.18462992405883877,0.9582780584510058,0.17692680515906065,0.9338656794974934,0.17241954948677807,0.9992744887036821,0.7315428890145491,0.731012146384828,0.7248853788644536,0.7243594663335517
528.9893076098151,0.027117696713518116,0.894773959768419,0.02426420886815365,0.841583437717266,0.02282180442313678,0.03883484868248957,0.9319160753698137,0.03619081977176626,0.8955898513264263,0.0347800963578351,0.1727756981963335,0.9588910455470699,0.16567306988860725,0.9350128886467625,0.16154750465851503,0.9992161286632084,0.7420036507384626,0.7414220153448541,0.7352590802238296,0.7346827317057264
538.8438442608224,0.025193659131734776,0.8940824427794808,0.022525208299055,0.8400718426327642,0.0211644836494582,0.03667713511676168,0.93124024016803,0.03415522411480844,0.8947882563550331,0.03281826977922514,0.16183102925111853,0.9594180685053408,0.15526361350833945,0.935989857229656,0.1514722019640827,0.9991529212559773,0.7521968026368255,0.7515596327139901,0.7453711372139139,0.744739749167172
548.8819609789672,0.022772271877169348,0.8933670354694876,0.020343997017811963,0.838480339191587,0.019094102247731993,0.03367695811300306,0.9305241675760525,0.03133722341459576,0.8939842727381928,0.03010667090668762,0.15149473260975013,0.9598540424299726,0.14541283150231646,0.9367921976921527,0.14191908350027285,0.9990844420265895,0.7621180081949901,0.7614202449759074,0.7552172263654036,0.7545257812121478
559.1070776755294,0.021993198305782592,0.8930588290909537,0.01964121992692735,0.8374957778855234,0.018419210723291966,0.029645897532263408,0.9297907319340981,0.027564480765366467,0.8931905637330531,0.02647943592921468,0.14153808225240025,0.9601891479262467,0.1359033305970472,0.9374088010925782,0.13267904399316524,0.9990102261464175,0.771763914635593,0.7710000428917483,0.7647939765115781,0.7640370034302496
569.522677971282,0.021743914418969962,0.8928741046967963,0.019414578119441566,0.8367748397107857,0.01819476050261863,0.024852435810514672,0.9290629113926955,0.023089476369316846,0.8924115807485726,0.02217860152711383,0.13179391914856525,0.9604066356637304,0.12657575449041125,0.9378177729483742,0.12359867974404555,0.9989297640929767,0.7811321173409225,0.7802961217008151,0.7740989344073369,0.7732704659321458
580.1323103833379,0.02200197807668041,0.8926841620068008,0.019640817361873456,0.8361310431670823,0.018396536880994067,0.019513395742203874,0.9282819452426649,0.018113932957862948,0.8915552219163103,0.01739726987128136,0.12214486020157792,0.9604798953529444,0.11731768254431159,0.9379804943829885,0.11456949635821706,0.9988424967942573,0.7902211193827632,0.7893064359038321,0.783130525623095,0.7822240495291714
590.9395895340965,0.02279632132174771,0.8923690180483379,0.020342730873002392,0.8353515166955713,0.01904294159120154,0.01352199533811447,0.9270878359680996,0.012536077395983277,0.8901217664578647,0.012036222376397464,0.1124925676057707,0.9603711945725528,0.10803462153208766,0.9378361213851899,0.10549959328805725,0.9987478101607062,0.7990302869414301,0.7980297493348341,0.7918880114583049,0.7908964173364983
601.9481973827275,0.024988816977063483,0.8916008606482196,0.022280050723330645,0.8339028775339602,0.020838246383342716,0.01190909627746199,0.9254252658271864,0.011020978588331818,0.8879398064036143,0.010574560643051603,0.1026588206776026,0.9600445293234491,0.09855703917832935,0.9373140589992137,0.0962235559013961,0.9986450289147208,0.8075598013844536,0.8064655812039438,0.8003714426082829,0.7992869624460655
613.1618844795769,0.028103533216859156,0.8910598647721385,0.02504193050783382,0.8327029672452527,0.02340189549975414,0.01322244742700207,0.9245668440104061,0.012225036487676817,0.8868206450671342,0.011725939356580244,0.09218086503616411,0.9595239544661958,0.08844974814561488,0.9364194996540376,0.08631995951484117,0.9985334096122013,0.8158106087518027,0.814614148754743,0.8085816102952216,0.8073957522778118
624.5844712439618,0.03052477388605732,0.8906416888198875,0.02718663616472329,0.8316655027107438,0.025386401419079645,0.014784891871261687,0.9239607479562945,0.013660659751823886,0.8860403535176421,0.013100010820332818,0.0803455533567625,0.9589687227216499,0.0770488726788987,0.935380215688693,0.0751536410284759,0.9984121327325047,0.8237843673605313,0.8224763071281253,0.8165199955415443,0.8152234701673685
636.2198492657484,0.032352450878656215,0.8903282100380583,0.028804299681138193,0.8308374744212845,0.0268796285793614,0.016792849732287826,0.9233840412385764,0.01550624944971208,0.8852811679133507,0.014866393623593165,0.06695201684283827,0.9585577421847189,0.06417737409958432,0.9345174879743219,0.06256783059478371,0.9982802936913755,0.8314833941991573,0.8300534869606365,0.8241887172228349,0.8227713546863297
648.0719826311972,0.0334526991132055,0.8899776864384945,0.02977215576189371,0.8300613451063621,0.027767792423345768,0.019797863298989075,0.9227317751002008,0.018268117545067308,0.884386835936934,0.017508969681304897,0.05255433221949987,0.9583173301836799,0.05036372734217727,0.9339404175367751,0.04908261497644611,0.9981368926053582,0.8389106107328428,0.8373476301705429,0.8315904794902608,0.8300411371186087
660.1449092734883,0.03383058115270241,0.889562150535328,0.030094404524057893,0.8293049809893777,0.028055869459701472,0.024961541127651695,0.92189681454336,0.02301196525167517,0.8832042831217665,0.022046140037262105,0.037850582092248286,0.958190823595871,0.03626808042855451,0.9336000761521265,0.035337306323725316,0.9979808226048328,0.8460694886863256,0.8443611243000295,0.8387285191003456,0.8370349774338961
672.442742348425,0.03372690931897148,0.8889065635161326,0.029980071060747168,0.8282763604293872,0.027935201699249682,0.03242058295254305,0.9208365891457204,0.02985405902413563,0.8816757098636508,0.028584440488876768,0.023419144730191983,0.9581276918076983,0.022438531084449265,0.933429724928511,0.02186012582356409,0.9978108564550576,0.8529639963142585,0.8510967356876589,0.8456065531347493,0.8437553990073934
684.9696716357441,0.03317499769125546,0.8882437491016459,0.029467484325719197,0.8272194074930993,0.02744300193374528,0.036669926263250836,0.9199604997736268,0.03373488369180228,0.880331898581945,0.03228170580818754,0.0097421747949112,0.958098071517538,0.009333958883391188,0.9333804232910765,0.009093155233849872,0.9976256311988898,0.8595985456096699,0.8575575416414946,0.8522287275357827,0.8502052222337119
697.7299649665539,0.03208876260206198,0.8877415968329503,0.028486529352747963,0.8263720265874186,0.02651725578214853,0.03792376418041033,0.9191516597807066,0.03485769079155626,0.8790376417687219,0.03333641623214102,0.0027626793916670682,0.9580840881235787,0.002646879165743146,0.9334147925974065,0.0025787258113860456,0.9974236304794095,0.8659779408420594,0.8637468616697702,0.8585995668260233,0.8563874970716606
710.7279696773412,0.030741823818997743,0.8872777917096655,0.027276537551247912,0.825608246263893,0.0253807032501563,0.03829309132050477,0.9179360492315681,0.0351506089596078,0.8771345022006114,0.033588191593133504,0.013744394153540918,0.9580715554896929,0.013168113085946388,0.9334983267660781,0.012830368944743913,0.9972031641332387,0.8721073287583611,0.8696681877016244,0.8647239253236703,0.8623054344344784
723.9681140910878,0.029329264819262017,0.8867468480467461,0.02600763313400891,0.8247867828718273,0.024190389974274983,0.03773010398836486,0.9175142768353022,0.034617909075805336,0.8763388607656297,0.033064356345732404,0.022941182292756955,0.9580452875247015,0.021978691585820928,0.9335953058895889,0.02141778010007525,0.9969623445628903,0.8779921507236434,0.8753251130932582,0.8706069401101156,0.8679623362049047
737.4549090259546,0.028139057050764426,0.8861412903525258,0.024935180324267725,0.8238887417712515,0.023183452308183767,0.036621920762558276,0.9172528088407852,0.03359155968460125,0.8757734625681078,0.03207250635212054,0.03021159986319842,0.9579866440598156,0.02894230916462344,0.9336675219651226,0.028207589578874308,0.9966990592955349,0.8836380970247919,0.8807212600623067,0.8762539859533235,0.8733615235036404
751.192949332097,0.027984708011785084,0.8854258946646794,0.024778385128264628,0.8228441276200624,0.02302705265065947,0.035229350509980245,0.9169898114010464,0.03230495547992814,0.8751931988038287,0.030832487964610907,0.03556366390062368,0.957870557078269,0.03406538655223473,0.933671664769949,0.03320478527941425,0.9964109390113508,0.8890510635101664,0.885860205021205,0.8816706323405717,0.8785062626692005
765.1869154570819,0.02985039119304103,0.8847623979179262,0.026410503690743128,0.8218336461121093,0.024532055832049707,0.033808663807964566,0.9166078765155626,0.03098928754084696,0.8744029123889727,0.029562394097663872,0.03917929318627915,0.9576567564254995,0.03752031483181576,0.9335477097005872,0.03657573942173872,0.9960953201717359,0.8942371106917901,0.8907454010839867,0.8868626027272491,0.8833996882119383
779.4415750404951,0.03269422240505517,0.8842639134264278,0.028910321050328085,0.8210546198051355,0.02684374234660712,0.03270730941267808,0.9158003999110867,0.02995336704014624,0.8729367437800649,0.028551412176510273,0.04146918836001304,0.9572620654381766,0.03969688090155087,0.9331785634971572,0.038698157623189997,0.9957492011853162,0.8992024253945621,0.8953800967905341,0.8918357360652239,0.8880447217754652
793.9617845382276,0.03597568429353295,0.8837470691170214,0.031793405553889,0.8202458972971826,0.029508907444229092,0.031008368032820623,0.9150338270184567,0.028373705670668627,0.8714286471504733,0.02702158020518486,0.04327992449358857,0.9564979597113042,0.04139715947457677,0.9322875099879627,0.040349333038594726,0.9953691908192729,0.9039532849986475,0.8997672498275273,0.896595950633988,0.8924439858743893
808.7524908770457,0.03848353168966887,0.883174529716971,0.033987675001871456,0.8193149781973066,0.03153013392727641,0.02842310526534498,0.9144545000977785,0.02599163651664758,0.8701139439242815,0.024731340221004334,0.04560882144606115,0.9553023294312035,0.04357021337003405,0.9307053401282421,0.0424483736768046,0.9949514472609667,0.9084960242883426,0.9039094341965209,0.9011492101620658,0.8965997108488245
823.8187331399602,0.03966608311365152,0.8825794016314492,0.035008467899509885,0.8182807925883626,0.03245799392911463,0.02740519221114831,0.9140822595231871,0.025050600019033694,0.8690969910576876,0.02381777009006657,0.046961717204757794,0.9544043981511239,0.04482046944495014,0.9294417074918815,0.043648178625540955,0.9944916058705762,0.9128370048912325,0.9078087388923688,0.9055014921927172,0.9005136330889384
839.1656442830161,0.03998101802190363,0.8819727507345692,0.035262168441946726,0.8171596452537393,0.03267087450366213,0.027017763256624566,0.9139258206927283,0.024692231457592445,0.8684605175504623,0.023463860660904032,0.046895334625742344,0.9538338946916306,0.0447303596689391,0.9286380249043381,0.04354879092407739,0.9939846931977219,0.9169825872669385,0.9114666556721811,0.9096587586182346,0.9041868820997665
854.7984528840407,0.03958617513556797,0.8815471429821443,0.03489707959235074,0.8163044056877158,0.03231436916748964,0.027076337211592593,0.9137922870306914,0.02474214810499541,0.8679397798149544,0.023500630157625133,0.04600314333946314,0.9533761886943998,0.043858301464939534,0.9280170299075776,0.042691700448301145,0.9934250242468592,0.920939105184216,0.9148839528975106,0.9136269282799347,0.9076198533790777
870.7224849239923,0.03872394868490599,0.8810800250559897,0.03411889767756383,0.8154191328346498,0.03157624865657952,0.0276155277746991,0.9135939188675878,0.025229378241284066,0.8673802109520029,0.0239531623067694,0.044606375302541655,0.9529353355885382,0.04250699121831581,0.9274495006798695,0.041370160501481124,0.9928060792288599,0.9247128426086879,0.9180605316829052,0.9174118515060955,0.9108120633318557
886.9431656014705,0.037330966938387666,0.8805666958461152,0.032872406209676595,0.8144265773138075,0.030403331631445974,0.02879151216838209,0.913081682091085,0.02628900236065226,0.8663690497214285,0.024944075037364136,0.04274572320584078,0.9524720066595989,0.04071410475798295,0.9268876134460265,0.039620481367286194,0.9921203550830727,0.9283100129108683,0.9209952596363026,0.921019286437066,0.9137619814983001
903.4660211810526,0.03548563388207272,0.8800651014192249,0.031229667981351815,0.8133757042386907,0.028863152449187243,0.032434736768934644,0.912492102962373,0.029596441163316178,0.8651821325307758,0.02806195472582124,0.04018182304286993,0.9519754678348876,0.03825210978969477,0.92632243062937,0.0372213239881905,0.9913591858330567,0.9317367402951781,0.9236857762697739,0.924454876965047,0.9164668341674677
920.2966808760411,0.03482160844953927,0.8796289176935576,0.030630093752817066,0.8123841416582154,0.028288522491437422,0.035127901641227643,0.9120009797764251,0.0320366807142895,0.8640929797663044,0.030353773202106048,0.036557221537075496,0.9514560141267425,0.03478258829121416,0.9257608077271885,0.033843242938424785,0.9905125242676057,0.9349990433452446,0.9261282626116948,0.9277241320950167,0.9189223719054087
937.4408787662991,0.034975194621698034,0.8792182789960751,0.030750830422842126,0.8114913732682818,0.02838206871388716,0.03726052312678254,0.9117460384917049,0.033972134352972534,0.863380150277088,0.03216999605660442,0.03191964143878765,0.9509366659103611,0.030353557406854928,0.9252115423548108,0.029532420686993254,0.9895686754067231,0.9381028205788542,0.9283171655555276,0.9308324065123803,0.9211225915381086
954.9044557518079,0.03668851871315239,0.8786548339286245,0.03223654431699215,0.8104411356138458,0.029733884769877053,0.0387081903176124,0.9114754449899679,0.03528156499450213,0.8627262312823736,0.03339457115247461,0.02660392972320669,0.9504119041360026,0.02528469150573327,0.9246502351648508,0.02459932987487223,0.9885139695727979,0.941053837907515,0.9302448648916739,0.9337848821216275,0.9230594005531172
972.693361542617,0.03841812946047682,0.8781569431854812,0.033737147129916406,0.809461630506526,0.03109800171408837,0.039369435819069834,0.9111580380819765,0.03587177790129796,0.8621083174162487,0.033940718071605286,0.020259517885496237,0.9497299518991597,0.019241070946892504,0.923865922974835,0.01871707819030916,0.9873323594430928,0.9438577179009245,0.931901267593693,0.9365865502981762,0.9247222085285652
990.8136566858666,0.039375722010365655,0.8776949498693096,0.034559872355955756,0.8085252360683137,0.031836264933791186,0.03944443488453954,0.9107072954927324,0.035922334615938196,0.8613792963760539,0.03397661956679574,0.014173134561354564,0.9482716338732159,0.013439981467600637,0.9219625789607854,0.013067099692144693,0.9860049209452835,0.9465199307661587,0.9332733095082215,0.9392421945725987,0.9260974258080298
1009.2715146305709,0.03959346655490489,0.877245388710964,0.03473318595837209,0.8076581057504821,0.031977984197829545,0.03918503487479139,0.9100736507712143,0.03566126774409875,0.8603982227240706,0.03371473436365124,0.01515444743434986,0.9474176076724368,0.014357590333849441,0.9208198270320123,0.01395451566526376,0.984509231915347,0.9490457869659397,0.9343443387783333,0.9417563734430526,0.9271678438698024
1028.0732238308647,0.03925467239455194,0.8766279902827198,0.034411744570442625,0.806609134695482,0.03166317733292416,0.038237408474995925,0.9095795897030218,0.03477996631199364,0.8595774546630479,0.032868014249848254,0.01665758615156246,0.946947119283486,0.01577385322043856,0.9202096681986458,0.015328471825519647,0.9828185945841675,0.9514404314213081,0.935093347640044,0.9441334029896128,0.9279118642262187
1047.2251898884344,0.03837410414067515,0.8760551358083838,0.033617831014484234,0.8056178494850714,0.03091486325372689,0.036995802784638494,0.9092071027892188,0.03363684666518248,0.8589505283961362,0.03177756435030448,0.018415122907188556,0.9465461347120114,0.017430763408045946,0.9196872269009854,0.016936153319553053,0.9809010575464177,0.9537088392736319,0.935494009034872,0.9463773389469236,0.9283025326110018
1066.7339377348574,0.037169729318280914,0.8755892499402123,0.032545415414274304,0.8047889046221344,0.02991378574316053,0.035566402209462264,0.9087881452121949,0.03232232469580812,0.8582896248875942,0.03052627401096067,0.020882644219023666,0.946115899269512,0.01975740171440685,0.9191057103730418,0.01919335754939324,0.9787181790228165,0.9558558132226529,0.9355134609256482,0.9484919578863136,0.9283063218402788
1086.6061138545967,0.03628504988368269,0.8751068358047579,0.03175329519072736,0.8039694140119598,0.0291720702923791,0.03422111294489806,0.9083033858841593,0.031083152756575142,0.8575646309988695,0.02934681609496214,0.025003150925189385,0.9455812294937078,0.02364251019305732,0.9183536517803975,0.022961734958164098,0.9762234548011454,0.957885982516669,0.9351107631580121,0.9504807371785983,0.9278815889704306
1106.848488549412,0.036313466967169326,0.8744745197965189,0.03175520158826215,0.8029307930743489,0.029157200831228438,0.03342986965499832,0.9076758787069052,0.030343486314157907,0.8566492777339306,0.028637673694693756,0.03258228103988836,0.9448373562398458,0.03078495627799177,0.9172900893261582,0.029887403485529186,0.9733603097291025,0.959803803756366,0.934234927703467,0.9523468334783743,0.9269766088040404
1127.4679582449462,0.037766756809464896,0.8739351105886537,0.0330056947888545,0.8019718877798184,0.030287877253807875,0.03460198813938282,0.9070140856496894,0.03138449063390371,0.8556625602666241,0.029607625761659664,0.03932937447110125,0.9440822673444517,0.037130165023916264,0.9161691681449978,0.036032360292851943,0.9700595191361644,0.9616135637981452,0.9328223912928421,0.9540930596325972,0.9255270546383491
1148.471547840289,0.03929761847732094,0.8735072324527808,0.03432675395810988,0.8011839279403623,0.03148462033036175,0.03731697400642029,0.9065730650197279,0.033830563502261955,0.854974009910112,0.03190504290398057,0.04161999929613419,0.9435282559614577,0.03926964534899859,0.9152757505542627,0.03809377609383711,0.9662358838272641,0.963319385225631,0.9307937575914242,0.9557218602460165,0.9234527563278467
1169.866413101307,0.04024064206506279,0.8730427351302903,0.03513180021188143,0.8003520142375194,0.032206678930984056,0.0407475879385175,0.9061611220204379,0.03692388000599348,0.854335264547782,0.03481210132113736,0.04219481912904815,0.9423848378829899,0.03976375778443012,0.9135288610011905,0.0385461850591106,0.9617839269594092,0.96492523512896,0.9280495818645624,0.9572352867653051,0.9206535131292514
1191.6598430985587,0.04047529026407479,0.8725106333576542,0.03531512114364279,0.7993650681303432,0.03235453315953756,0.04389629064608816,0.9056872992910208,0.03975631292414928,0.8535843924260451,0.03746918858089825,0.042020636430416695,0.941920389419553,0.03958009423019555,0.9127150459005076,0.038352867108356316,0.9565723114948799,0.9664349383343903,0.9244649028719394,0.9586349741012804,0.9170036730558961
1213.8592626906277,0.03997882145413757,0.8720835265643463,0.03486487160161064,0.7984907370118776,0.03192271860778057,0.045579765507743515,0.9051826159342148,0.041258011375967366,0.8527262288457387,0.038867061553091206,0.041120926327841076,0.9417195587811154,0.038724380598125246,0.9122862555394509,0.037514055903939754,0.9504365939527198,0.9678521968254908,0.919882145400477,0.9599221228904107,0.9123451129398261
1236.472235053715,0.03900788736109134,0.8716594976749623,0.03400159550253039,0.7976566106621533,0.031114899221539167,0.04622697732925244,0.9045827698187473,0.04181612719284361,0.8516637055926604,0.03936983881057903,0.03984188465780607,0.9415524454603148,0.0375132239313051,0.9119043698076102,0.03633198872082414,0.94316984191012,0.9691806179802469,0.9141019302427819,0.961097495182991,0.906478172591954
1259.506464258358,0.037970595035018054,0.8711931047991776,0.033079720579629615,0.7967558840311247,0.030253295014313647,0.04607095757831229,0.9041963336463551,0.041657190929886734,0.8508838731022733,0.03920103482176489,0.03842921555212011,0.9413338952996764,0.03617472316898813,0.9114298315889043,0.03502553345876253,0.9345105742239997,0.9704237555287222,0.9068712610197565,0.9621614377902449,0.8991500377255509
1282.9697978941476,0.03820767510571509,0.8707578206550337,0.03326963190734806,0.7958717240796813,0.03040840825946179,0.04539257077371892,0.903833708304772,0.04102733557189719,0.8501792125014938,0.03859182007381867,0.03724963061921514,0.9409120342587584,0.03504862572131305,0.9106170622405322,0.03392014920401467,0.92412749736773,0.9715851689307191,0.8978685706435486,0.96311395863985,0.890040092277772
1306.8702297433463,0.039497091758454256,0.8702860468132644,0.03437376784708592,0.7949747368696524,0.031399190127793686,0.044198899257150495,0.9033759469399819,0.03992822247013319,0.8493289846064715,0.03753940622679936,0.03603781803935658,0.9400182163263674,0.03387620543365016,0.909069083610497,0.03276086622035972,0.911600752645081,0.9726685092278711,0.8866853450862962,0.963954900311831,0.8787420126401791
1331.2159025043077,0.04063053627232946,0.8698021560662355,0.03534052805179955,0.7940831082910632,0.032264022534664163,0.042384547214605495,0.9029596529771065,0.03827153604449196,0.8484633274220456,0.03596173396098097,0.03397795925894258,0.939630912666711,0.031926740869032535,0.9081563795225743,0.030857300464166824,0.8964001655821324,0.9736776420974249,0.872804799599752,0.9646842858329068,0.8647431535550988
1356.0151105656334,0.04109974641466231,0.8693475368567589,0.03572996331102409,0.7932364909541217,0.03260181862507098,0.041208108661177724,0.9025005387806491,0.03719034026884443,0.8474779038281501,0.034922961548897534,0.031740743372457005,0.9389485612086613,0.02980292532126186,0.9067885380439537,0.028782142279138598,0.8778629210016188,0.9746168207480769,0.8555799691192179,0.9653029597888949,0.8474036759317874
1381.2763028320094,0.04088560077543361,0.868823448396371,0.035522368655469566,0.7923253829385737,0.03239469929106908,0.04108335088632798,0.9021729111816764,0.03706428627021682,0.8467169001823249,0.0347859675115744,0.03125285676797155,0.9388176163573639,0.02934073249526516,0.9062638621166527,0.028323334676720463,0.855177325268791,0.9754909193093302,0.8342177151989469,0.9658137142446713,0.8259419888556744
1407.008085602685,0.04000873189665618,0.8683021410068136,0.034739667564834154,0.7914092483965048,0.03166328043962994,0.04227363499205906,0.9017243618039771,0.03811916653434873,0.8458581710364091,0.03575749957744382,0.031119810801795416,0.9387355351868145,0.02921327224793583,0.9058788914473138,0.028190779711180572,0.8273876965668532,0.9763057238707339,0.8077833440184408,0.9662231572334993,0.7994411524329774
1433.2192255035739,0.03912990791330372,0.867847716394382,0.033958801225283095,0.790590946404031,0.030935750929881375,0.04456180744871233,0.9012478896561258,0.040161234922414614,0.8449561341332545,0.03765277255185444,0.03141088193828502,0.9386338483200378,0.02948331699285884,0.9055214155161055,0.028443226275365125,0.7934499247610445,0.9770682378372901,0.7752547197984042,0.9665445791048124,0.7669047235689088
1459.9186524739787,0.03909538084975789,0.8673220138429639,0.033908284450569655,0.7896862820175886,0.03087308594730694,0.04585365964388666,0.900783483435727,0.04130421926229644,0.8440432294317347,0.0387024709670897,0.032062156472583425,0.9384051611559721,0.030087293111662642,0.9050006898570705,0.029016273725993337,0.7523867753226724,0.9777868669808166,0.7356739078005554,0.9668017950136225,0.7274088849264708
1487.1154628089537,0.03998188034106055,0.8668353827342585,0.03465770854787855,0.7887859922795306,0.03153714715802491,0.046400704957238324,0.9004209404840555,0.041780166396719706,0.8433067798654715,0.03913002908097647,0.03609276673343802,0.9375789271863754,0.03383981751312491,0.9035757860148214,0.03261255007061585,0.7036026343963779,0.9784711945649869,0.6884549101768956,0.9670329888144359,0.6804069584780401
1514.8189222583458,0.04069757300818933,0.866411374434314,0.03526084016616616,0.7879749244054313,0.03206866701461251,0.04624990966527353,0.8999497865466702,0.041622596331065694,0.8424774054093459,0.038964503895216274,0.039149123525516284,0.9372255444954518,0.0366915586127217,0.9027776445356775,0.03534295352200187,0.6473755604901585,0.9791309114252015,0.6338654225771296,0.9672915974957323,0.6262009400862205
1543.0384691835648,0.04082187155163746,0.8659249466954441,0.03534867694735993,0.7870777294504782,0.03212998597278188,0.04564340220140263,0.8993693018012524,0.04105027476970923,0.8415025402254165,0.03840903889701068,0.04161835131184623,0.9370150335355207,0.03899702085016268,0.9021930525258008,0.037547787411125716,0.5853827107456342,0.9797736206521543,0.5735425379744228,0.9676391869958165,0.5664392503073127
1571.7837177731628,0.04024508248744586,0.8655050226891142,0.03483232103142211,0.7862333359028243,0.031642025457788894,0.044290221616738866,0.8989142857614899,0.03981311293082892,0.8406990386360051,0.037234746734167976,0.04348122718989972,0.9368394334944222,0.04073492824822792,0.9017107181179891,0.03920748859405591,0.5208572307488163,0.9804021149793356,0.5106495306284193,0.9681271780154874,0.504256040953813
1601.0644613183179,0.03939205274334547,0.8650740074505897,0.03407704092839087,0.7854017963252712,0.03093858898556336,0.0432618107012765,0.898523464436415,0.03887175202910333,0.8400194229328489,0.036340761260316434,0.04452734454573094,0.9366291813415477,0.041705610269181,0.9012570586473054,0.04013058357466061,0.4579417531239155,0.9810130140635098,0.4492468194976201,0.9687744208238984,0.4436422566537019
1630.8906755493326,0.03933144408720169,0.8646239197246205,0.03400690735510607,0.7845459200700579,0.030857323989077687,0.042709132958097674,0.8980212032876561,0.03835370697040336,0.8391955633539174,0.03584131489312814,0.04486712605296964,0.9363668598147696,0.042012089931132625,0.9008044565292018,0.04041650710017251,0.4003825406070435,0.9815984816828921,0.3930148939522128,0.9695579296653137,0.38819406714510346
1661.272522034293,0.040128806158254975,0.864196329400677,0.034679166985195235,0.7837347391395316,0.031450339426420795,0.04410375351382535,0.8974838237768922,0.03958240534650152,0.83827068696562,0.036970883755796755,0.044900889135637695,0.9356773509495073,0.04201274500171099,0.8997613341979688,0.040400083915356454,0.35043316760150617,0.9821501267628666,0.34417797998173216,0.970426006313801,0.34006945931542454
1692.2203516410373,0.0408121252244775,0.8637144369696103,0.03525002175979281,0.782871656811934,0.031950656092502826,0.04584030729470012,0.8971035221414017,0.041123501130119665,0.8375635819514599,0.03839417197550467,0.04430912027679025,0.9351990323750171,0.041437846408242496,0.8989934766011016,0.039833610082768034,0.30865184635419535,0.9826621872426434,0.30330049843489393,0.9713218370673169,0.29980027841497625
1723.7447080636198,0.04089626370762701,0.8632680776267951,0.035304438953001636,0.7820652575351417,0.031983547008730386,0.047181034179001165,0.8967209403429962,0.04230822133534897,0.8368773422457559,0.03948473848812867,0.04325668407523256,0.9349241926390854,0.040441720435280784,0.8985215101409719,0.03886706109896889,0.274409478270902,0.9831323933635394,0.26978084713411205,0.9722001237612303,0.26678092873622555
1755.8563314144687,0.04030712630418589,0.8627912683982938,0.034776636629478774,0.7812300939425877,0.031489140069174894,0.04770146862535677,0.8962193657284754,0.042750979955734014,0.8359859297345229,0.03987775659847105,0.0418856521634487,0.9346455107232446,0.03914823675828269,0.8980684988091705,0.03761618476007146,0.2465344011250447,0.9835611644171522,0.24248166263943427,0.9730317047748988,0.23988578861236098
1788.566161883462,0.039672591882714485,0.8623349169241863,0.03421106122534774,0.7804024799145953,0.030960589089910028,0.047461793442879714,0.8958117916643469,0.04251683421966923,0.8351642377187771,0.03963839254148869,0.040451114201815186,0.9343083333010788,0.037793813090069545,0.8975571598979519,0.036307187177688945,0.22375948309898983,0.9839503866015764,0.22016822990101995,0.9738009362851521,0.21789719414447795
1821.8853434651655,0.039958938581781234,0.8618773996170396,0.0344397060763226,0.7795824183440907,0.031151285974048003,0.04663428977216337,0.8954517633650253,0.041758757009759256,0.8344390976327873,0.03891347467622993,0.03910757598328717,0.9338916712207416,0.0365222394924242,0.8969459817423557,0.03507738313389329,0.20493963554690645,0.9843024431138441,0.20172258395968082,0.974501180667108,0.19971391680594713
1855.825227755517,0.0405735160983722,0.8614431339122263,0.03495177686161991,0.7787595560963253,0.03159701338603545,0.0454283271415087,0.8950494558368621,0.04066059948758632,0.8336686835680365,0.03787217368475966,0.038956398876992454,0.9333758536585256,0.03636096205727486,0.8961953324457543,0.034912542842455666,0.1891217233231086,0.9846196112788475,0.18621295770278493,0.975130952049002,0.18441844611721084
1890.3973778192199,0.04077833058198624,0.8610014138871983,0.03511020028704973,0.7779310008993847,0.031722727524650544,0.045259760958323424,0.8946359140706636,0.04049100761556941,0.8328418263211436,0.03769422197538847,0.04139136736365079,0.9329833692808873,0.038617457382081874,0.8955856903922573,0.03706951631665474,0.17554385847853615,0.9849037218674411,0.17289379956648163,0.9756912587921382,0.1712766082521519
1925.6135721291967,0.04030136812010874,0.8605869770154773,0.034682832560072305,0.7771285481083343,0.03131934369395962,0.046416495530051234,0.8942413123755437,0.041507547878666576,0.8320653606824775,0.03862155809482869,0.04474646302949992,0.9326963829131081,0.04173486421576969,0.8951412946807525,0.04005440684861098,0.16360929894167217,0.9851559502121442,0.1611806743624258,0.9761839123273828,0.15971276553402186
1961.4858085794297,0.03964312125284784,0.8601522347868235,0.03409911933956209,0.7763100920016345,0.03077535510703026,0.04794035380816102,0.8938009587387677,0.04284913419601006,0.8312586838223003,0.03985083540854733,0.048510106055019576,0.9323661426889073,0.04522918046394841,0.8946313680696484,0.0433986625452059,0.15285618304435233,0.9853766355175368,0.15062091136629666,0.9766104304831635,0.14928094272495818
1998.026308572549,0.039830593075124786,0.8597266941823875,0.034243424111800924,0.775513320533982,0.030889155494527854,0.04873567255564051,0.8933704427338865,0.043539009367966286,0.8304606249252903,0.040473057086711534,0.05098021982949478,0.931972651347013,0.047512170640747815,0.8939873086401312,0.045575669519252286,0.14293150915031363,0.985565044192478,0.14086829913222643,0.976971207448622,0.13963996907703569
2035.2475211835758,0.04035581867978403,0.8592884117944063,0.03467728734001465,0.7747213314834486,0.03126451358070691,0.048775804962343204,0.892940471627974,0.043553890287108814,0.8296938871579261,0.0404689872184634,0.05201812438037823,0.9315412298530267,0.04845702755994524,0.8932327280668805,0.046464291149207554,0.13357207041831864,0.9857189883924954,0.13166452613023621,0.9772646649815485,0.13053526464824997
2073.162127401229,0.040465537300793226,0.8588471860636422,0.03475371284333961,0.7739237379734041,0.03131723988693211,0.04815174449259164,0.8924431804750333,0.04297269600038965,0.8288382515419283,0.039910007713933326,0.05224953874714766,0.9311655982030743,0.04865297300332246,0.8925055643582412,0.046633004066980815,0.12459272810687479,0.9858341801890481,0.12282776997075788,0.9774860775524835,0.1217876570887521
2111.783044448242,0.03993501622754008,0.8584114088003685,0.03428067354034826,0.7731487482377285,0.030875707807175988,0.0470361120712726,0.8920136220098851,0.04195685269395875,0.8280639579227158,0.038948909127034415,0.05178220092489003,0.9309206400479142,0.04820511962808832,0.8920019587691778,0.04618982465438104,0.11588043269871795,0.9859031702066996,0.11424688596259013,0.9776256784327398,0.11328768663416358
2151.123430182165,0.03958601526572844,0.857982254915041,0.033964098640790925,0.7723601438488891,0.030574660445042336,0.04656782707919582,0.8915781759456463,0.04151885832502168,0.8273091146656207,0.03852598779279121,0.05087250874862773,0.9305978871581073,0.0473418491559053,0.8914100853003579,0.04534826736305745,0.10738557924424252,0.9859138813190106,0.10587293323038133,0.9776657294740327,0.10498720066681391
2191.1966875781472,0.03998768799966847,0.8575623952117728,0.034291937499976756,0.7715880188710416,0.030854020962897515,0.04752891901747622,0.891104084037747,0.042353213846372396,0.8264637136965046,0.039280926919163815,0.04932517202383873,0.9302664505929964,0.04588555270350542,0.8907540336522367,0.04393659594082481,0.09907518896495973,0.9858491478512099,0.09767319061430314,0.9775779849904649,0.09685372359091488
2232.016469295232,0.040327683894529065,0.8571555154957252,0.03456709667736372,0.7708139571764412,0.031085141606502584,0.0484977531038893,0.8907233893914802,0.04319808302256745,0.8257241220059706,0.040045764600971326,0.04686804490099743,0.9298379197244596,0.04357968537229601,0.8898940782541248,0.041707595616746036,0.090738948408334,0.9856949774333543,0.08944092570367909,0.977332749577319,0.08868214594167156
2273.5966823277154,0.04006205300544335,0.8567447624679824,0.03432295408612828,0.7700423788627497,0.030849478598437167,0.048891996902744365,0.8902936927782259,0.04352823646984586,0.8249400835554547,0.04033296801014297,0.04652717027197971,0.9295881145436893,0.04325110448818281,0.8892833538356988,0.041375838023950735,0.08158574478244741,0.9854742779085862,0.08040065292711657,0.976950806641259,0.07970525917563989
2315.951492743152,0.03953906082897719,0.856334373820789,0.033858656896444274,0.7692769915665781,0.03041648976388351,0.04859981505655456,0.8898884319278686,0.043248413212661756,0.8241435150987783,0.040053222413859405,0.046961145050495506,0.9293136049479902,0.04364163099936145,0.8887031478467523,0.041734517432863286,0.07049083980181631,0.9852695181060588,0.06945247576242694,0.9765587668660469,0.06883844759221379
2359.0953305086337,0.03970866216288647,0.8559201131416404,0.03398744261116096,0.7685158843349533,0.030516737617868595,0.04775835837561103,0.8895206207808514,0.04248204458974789,0.8234097211405993,0.039324696552194685,0.049814214348289816,0.9288792981065749,0.04627139245956992,0.8879276978117948,0.04423142066458025,0.05739002906762821,0.9851381404686453,0.056537106517124756,0.9762718824529337,0.05602827171188198
2403.042894406967,0.04000727388525479,0.8554931051116191,0.03422594696314761,0.7677530126826005,0.030715705054622292,0.04723194260612755,0.8890826853746264,0.04199310236771611,0.8225986186474898,0.03885293074383804,0.051567990779539455,0.9285429231283,0.04788309289828679,0.887255655123425,0.04575399144249902,0.043144623350880984,0.9850694158617627,0.042500448921828096,0.976098478285018,0.04211340119897518
2447.8091570444403,0.039766664273746415,0.8550854632544118,0.034003896542599124,0.7670100906771582,0.030501432770534343,0.047975411707784806,0.8887080629459639,0.042636135207860554,0.8218701815659859,0.039429560330980024,0.052552714657677135,0.9282655799772006,0.048782876151084995,0.8866689688503124,0.046596861315807286,0.02859201732822316,0.9850369003239162,0.028164192123000642,0.976007872954501,0.02790603401599732
2493.409369951878,0.03927874840357008,0.8546715728562762,0.03357042967790519,0.7662585983674226,0.03009767869734625,0.048940013665479766,0.8882775628696905,0.04347231606558172,0.8210953263131302,0.04018441649042616,0.0526827498922045,0.9279626060701713,0.04888762188491313,0.8860964457532384,0.04668199743198921,0.014361113000534121,0.9850232752031657,0.014146030563348882,0.975974728268982,0.014016083358336434
2539.859068780724,0.03946324128913508,0.8542754977384871,0.03371248009464989,0.7655211658414705,0.03020994647954194,0.04934159917260705,0.8878593592118683,0.043808400623879744,0.8203377144674576,0.040476774693425865,0.052398453656722535,0.9274227890917295,0.048595520034411345,0.88521711494657,0.04638400797366547,0.0009529402483952038,0.9850193032140016,0.0009386645394788212,0.9759820876891001,0.0009300526130717207
2587.1740785959214,0.03970931308130562,0.8538884502198878,0.03390732380629237,0.7647910036477814,0.0303693254056157,0.04898503115842809,0.8874355218675107,0.043471056689775904,0.8195963835477017,0.04014795438541915,0.051325643974738835,0.9270406419801219,0.04758095794038507,0.8845450962517851,0.045399846689820215,0.01121165644818937,0.9850193095663189,0.01104369809369026,0.9760165153797314,0.010942761858196485
2635.3705192673933,0.03937957736442929,0.8534906248331184,0.03361010009043088,0.764053200965081,0.030088092137944247,0.04809742810919673,0.8869930605253186,0.04266208496197289,0.8188065232111824,0.039382487885491174,0.05019742469398889,0.9267584506340985,0.04652088753522298,0.8840363451495984,0.04437634786239614,0.021788068069100577,0.9850182304632388,0.021461644254638045,0.9760649091583656,0.02126656868060294
2684.464810961963,0.039078294598596706,0.8530975928941151,0.03333759905646995,0.7633328790086348,0.029829747122694407,0.048113813128022,0.8865799218566568,0.04265674068326753,0.8180660870593707,0.03936027883914674,0.04932268830247737,0.9264264586875764,0.045693843457015264,0.8834831034611991,0.04357576173252209,0.030528134195882198,0.9850101599597288,0.03007052234755799,0.97611338840616,0.029798920511660536
2734.4736797375804,0.03932614979321916,0.8527007857930982,0.03353343883089507,0.7626120973380017,0.02999059757403529,0.04888582714173386,0.8861639977583019,0.04332086001364018,0.8172980685568284,0.03995429210274206,0.05012364667370153,0.925888462115105,0.046408906134314414,0.8826086663859259,0.04423956494507506,0.03731111361084063,0.9849875308904602,0.036750981670315354,0.9761469363006736,0.03642112924118844
2785.4141632417663,0.03934480910366167,0.8523043970928432,0.03353375380182937,0.761896193204293,0.029976660278429438,0.04937092003156101,0.8857717957228812,0.04373136849284656,0.8165494226110532,0.04031379624554762,0.05202844795299479,0.9255247380467075,0.04815361566267226,0.8819468853391259,0.045886327621172576,0.04217350785414536,0.9849395749303416,0.04153835689918335,0.9761477747330866,0.04116757584451234
2837.303616516212,0.038885920374926386,0.8519124243856011,0.03312739870106898,0.7611810137043147,0.02959922428981173,0.04918651692699559,0.8853713131946127,0.043548331083123136,0.8157915747098591,0.04012594609836687,0.05381945292543942,0.925251915391785,0.04979655190460083,0.8814459832185284,0.04743894060014726,0.045340122772094926,0.9848470089708258,0.04465308429846771,0.976088082625731,0.044255953502629376
2890.159717909509,0.03892566343166498,0.8515366806905448,0.03314663023227732,0.7604793359518066,0.029602162677996105,0.048450793211449183,0.8849968329609924,0.04287879854658048,0.8150644324633559,0.03949051827128924,0.05471446403835638,0.9249104482540077,0.05060597945969398,0.8808430688795853,0.04819485641564754,0.04733039720217597,0.9846635138003609,0.04660451521866136,0.9759028681729858,0.046189870381370186
2944.000475100034,0.03908071733708132,0.8511642376777143,0.03326410898011506,0.7597829450425652,0.02969286251274368,0.048394397098363365,0.8845782869398404,0.04280863288275665,0.8142928072634583,0.03940720946904887,0.054947303726648904,0.9245236874894048,0.05080008385896176,0.8801073868085774,0.04835952789503817,0.049391282491767864,0.9842750820946239,0.048614608629343574,0.9754213284982206,0.048177310384351114
2998.8442312310276,0.03870414879965032,0.8507819016469427,0.03292878931739273,0.7590808639655765,0.029379578709890795,0.04903536480798527,0.8841987484585389,0.043357008193428456,0.813589388910127,0.03989465248911388,0.0543453172620248,0.924255565535864,0.05022896194023868,0.8795418716905322,0.047798982062257085,0.05218752347350367,0.9837672638655217,0.05134037717544639,0.9747177444354015,0.05086810516776307
3054.709671159968,0.038600245427571636,0.8504034370831709,0.03282578138386087,0.7583949055815193,0.029274229486466664,0.04941751676831524,0.8837630525388721,0.04367337546805718,0.8128154193301814,0.04016731961429442,0.053248720899742134,0.9239604439144513,0.04919971180040247,0.8789732640541728,0.04680420201595599,0.05321092954881296,0.9834756246993425,0.05233165217885152,0.9742976038521107,0.05184328115815194
3111.61582782436,0.03879210789216653,0.8500272886467576,0.0329743502924708,0.757712105326021,0.029393249741007654,0.04907743882743391,0.8833736372617103,0.043353715644479374,0.8121160434115422,0.03985657544130762,0.052142020244453635,0.9235951426092849,0.04815811662361238,0.8782762138286976,0.045795096121678036,0.052875903564811054,0.9832877110369383,0.05199222618525295,0.9740325478390573,0.05150285106852521
3169.5820887261157,0.03849888398877339,0.8496572480207016,0.03271085582176945,0.7570334726087596,0.02914494383758289,0.048465298998081614,0.8829534601916205,0.04279260344957764,0.8113612581610419,0.03932286597223458,0.05291883952456784,0.9233097840488526,0.048860482293544616,0.8776822556589178,0.046445926440775,0.05182717233970141,0.9831268575158997,0.0509526850762656,0.9738167763277664,0.05047016989403161
3228.628202536731,0.03834011615536435,0.849295109437475,0.03256207314601567,0.7563619104770508,0.028999003503183417,0.04877233363466009,0.8825653283789265,0.04304477065008035,0.8106478854309334,0.03953718912846919,0.05484061462464154,0.9229626009785388,0.05061583631322085,0.8770419462980179,0.048097519386575166,0.05032777339819742,0.9829646486547542,0.04947042209593521,0.9736118822935929,0.0489997181898644
3288.7742858255106,0.03849112127312739,0.8489328319186367,0.032676376586119715,0.7556906219222211,0.029087379373373277,0.049316346668010186,0.8821787479903865,0.043505832959045095,0.8099190629450599,0.03994224928122854,0.056024011753666454,0.9226033358419775,0.05168794013118283,0.8763845384343236,0.0490985776819761,0.048341749062488705,0.9827902350095616,0.04750979892189653,0.9734061930140117,0.047056157918555795
3350.0408299131327,0.03818355013718672,0.8485690379926846,0.03240137840705797,0.7550256606717111,0.028829560169120805,0.04932326024371254,0.88178801646115,0.04349265981570038,0.8091883285427475,0.039911806514888695,0.056444903530734385,0.9222994649501592,0.05205910432555968,0.8758132732182792,0.049435195717742485,0.04550898745285956,0.9826026195375926,0.044717250283683244,0.973200318192492,0.04428936106974105
3412.4487078528896,0.03808148308266182,0.8482067073350823,0.032300969375981224,0.7543689807565508,0.02872748957876543,0.04872676710408362,0.8814153797661504,0.04294852193182263,0.8084823938908011,0.03939473331486906,0.056162290997196045,0.9218894733034149,0.05177542486691818,0.8751202391083631,0.049148757526339674,0.041447085791894066,0.9824084873710739,0.04071796885875378,0.9729975758921534,0.04032791400330704
3476.0191815419776,0.03818770675946521,0.8478498689790317,0.032377442172622256,0.753718154422549,0.028782767860373613,0.0487356395083531,0.8810110828422588,0.042936638536264136,0.8077462226362556,0.03936602872063448,0.054901169253700775,0.9215041971085083,0.050591657893449854,0.8744366346233259,0.048007593679091715,0.03636485855901815,0.9822170137993446,0.035718182781074345,0.9727992475201921,0.035375707042391076
3540.7739089652696,0.03783524079835969,0.8475010408059949,0.03206540595575528,0.7530740598552732,0.0284927383936226,0.049198091103318374,0.8806217518212669,0.04332490917366651,0.8070435351232171,0.03970500136533616,0.05411850788074059,0.9211973146936946,0.04985382413496778,0.8738831631585279,0.047293252852241306,0.030425383723116345,0.9820152455999088,0.029878190669327565,0.9725821603284952,0.02959118543025193
3606.7349515740284,0.037852046186293696,0.8471561754569616,0.03206659468040084,0.7524345851761103,0.028481188670250863,0.049238833604382894,0.8802225797506409,0.043341133139162456,0.8063230517069322,0.039702406574375855,0.05481773245193372,0.9207679851006771,0.05047441305755501,0.8731580821836499,0.047864546137386874,0.02207515257851189,0.9816713197516354,0.02167054416546648,0.97216286728467,0.021460643626472695
3673.9247818020744,0.03783030254966966,0.8468101299497943,0.032035083418125804,0.7517984342787806,0.02844076222513421,0.048679694480373334,0.8798208776952562,0.04282941152365898,0.8056063613626899,0.03921667154258098,0.05603391733826427,0.9204083895239431,0.05157408761602957,0.8724768484676907,0.0488882956065879,0.017436301726329862,0.980901081594606,0.017103287222366856,0.9710992743363479,0.01693237995354854
3742.3662907219814,0.03754188505270977,0.8464642082088885,0.03177786200581108,0.751168803628577,0.028200292881005555,0.048710374574168436,0.8794488573223856,0.04283828325899782,0.8049105102375083,0.03920749245235407,0.056833741364370874,0.9201070941812036,0.05229312861821736,0.871906306028148,0.04955369749076777,0.018917588311468326,0.9806544911716347,0.018551617939777436,0.9707678143769173,0.018364585858406425
3812.0827958438886,0.0376384285135327,0.846122931088553,0.03184673745543725,0.7505461715385513,0.028249378423559412,0.04912419133962129,0.8790679415887113,0.043183501763130884,0.8042032254898521,0.0395058331249041,0.05696488547117491,0.9197317561248137,0.05239241415185259,0.8712121457737276,0.04962850010509694,0.020464586648633157,0.9804995922840047,0.020065518865245498,0.9705667034928781,0.01986224640190825
3883.0980490596053,0.03736423390586744,0.8457876214802582,0.03160220652367564,0.7499278480844805,0.028020479528352356,0.04904079974394604,0.8786918243895581,0.043091749796530916,0.8035035950747957,0.03940445889960376,0.05622855699860018,0.9194492849387446,0.05169930652550038,0.8706234239839108,0.04895389881979578,0.022343206413799707,0.9803538513344487,0.0219042484589291,0.9703742166011412,0.021681271420148484
3955.436244734702,0.037315484739427064,0.8454551345646704,0.031548568171718215,0.749313340605345,0.027960990526407867,0.04857939520329664,0.8783210025279797,0.042668303097162436,0.8028177559726559,0.03900040104361942,0.055247315088358964,0.9191055956342238,0.050778116441477804,0.8699833333858298,0.04806424334118778,0.025146349541296843,0.9801853843366435,0.024648084289799622,0.9701417268915972,0.024395522969013442
4029.1220279513477,0.03727776115048591,0.8451226237894401,0.03150427931249471,0.7487046716147995,0.02791003392070948,0.048805223822046946,0.8779324176894381,0.04284768814596383,0.8021163151203461,0.03914746629076403,0.05578269912688722,0.9187775603888969,0.05125189221570929,0.8693490197126225,0.04849463480288357,0.030413402189245178,0.979958421896855,0.02980386961388706,0.9698175081135506,0.029495449924428964
4104.180502904709,0.037044650609117366,0.844792014582393,0.03129502501757713,0.748102911082568,0.027713210960717327,0.04905559347637919,0.877546746335639,0.04304857644476035,0.8014287954919787,0.03931456519191874,0.05701993167231127,0.9184562359571853,0.052370311818286906,0.8687515003631686,0.049536151190925776,0.040398664668313225,0.979623291937448,0.03957547287225007,0.9693369180732725,0.03915991710385835
4180.637241455758,0.0371158258960312,0.8444672868721822,0.03134310079444175,0.7475073931956933,0.027744354261847487,0.04867396359604863,0.8771701519987133,0.04269534804592581,0.8007425597938171,0.03897531420521105,0.05778000807620733,0.9180728515779045,0.05304625677871802,0.8680717530629309,0.05015719290270361,0.046012591149366865,0.9793583992865116,0.04506281761506864,0.9689293117265686,0.04458294827311204
4258.518291843415,0.036824728467554906,0.8441479596021367,0.03108551939878919,0.7469171896482788,0.027505022696547077,0.04854854975272836,0.8768057767865371,0.04256764887780084,0.8000669548976386,0.03884209036536188,0.057751890681567705,0.9177506624853076,0.05300183593278782,0.8674940829609937,0.050099423446070136,0.047390386253082915,0.979136375877519,0.046401651047279405,0.9685636794989013,0.04590060688216014
4337.850187558989,0.03687120498764496,0.8438297494436983,0.03111301966641168,0.7463320900845749,0.027518163482365864,0.048849772008514154,0.8764331254222001,0.042813558357583964,0.7993786147708442,0.0390494630800376,0.05692715705858457,0.9173678123969276,0.052223141536810035,0.866828277805002,0.04934606951342772,0.04829934947516585,0.9782640603477113,0.047249517729728845,0.9672369215945105,0.04671691410137685
4418.659956385942,0.03661901333293898,0.8435118802840773,0.030888572790615056,0.7457523192659444,0.027308714122269786,0.04868054778834276,0.8760651388949333,0.04264733085967594,0.7987025913568097,0.03888127966721837,0.05655897402594228,0.9170411154724853,0.05186690463072943,0.8662276963314534,0.04899294977736249,0.04783799126085835,0.9781545318412772,0.046792947945992015,0.9670196329309734,0.046260276749230354
4500.975129608047,0.03661137175004069,0.8431981747219652,0.030870641833701633,0.7451780340592367,0.027281990024907197,0.04837542738728151,0.8757030725353153,0.04236251039825146,0.798042177991522,0.03860563143341686,0.05742353465891984,0.916683754108874,0.05263922132533968,0.8655929693498379,0.049705407875977756,0.04680060787558358,0.9780977541832803,0.045775569457520635,0.9668829961736594,0.04525071196549281
4584.823751389096,0.03641952030789188,0.8428898043299253,0.03069764234610873,0.7446093248073288,0.027118314426266173,0.04864777599516826,0.8753316897381483,0.04258293996385356,0.7973720728449564,0.038790377984564424,0.05823689246343896,0.9163687509640026,0.0533664684067465,0.8649772120581918,0.05037358488195815,0.045476694545883475,0.978040233919749,0.04447803697155285,0.9667437438397913,0.04396430994274601
4670.234388327331,0.036362890669334805,0.8425834860937215,0.030638771184612976,0.744046397692,0.0270556778121866,0.04859948666867653,0.8749640464208686,0.042522803509602275,0.7967086232678793,0.038719630115326927,0.05841274725645507,0.9160131504294341,0.05350684463962369,0.8643248095062799,0.050487586645174005,0.04414295934451098,0.9779471654240199,0.04316948196439226,0.9665425240725027,0.04266604734487351
4757.236139187886,0.03620052914663825,0.8422785320002014,0.03049092854726097,0.7434894169908675,0.02691471030999498,0.048249444564436306,0.8746023853300885,0.04219907930690787,0.7960463627731301,0.0384087948513433,0.057668830474078246,0.9157077844873659,0.05280779698739568,0.863718942006738,0.049809661243836796,0.043368511911424566,0.9776837501378258,0.04240068936345854,0.9660710659259438,0.04189706452989192
4845.858644816491,0.03613411933945895,0.8419781064649378,0.030424137380215738,0.7429381338697879,0.02684541519108585,0.04846757492518235,0.8742448778495103,0.04237252912012803,0.7953869664601632,0.03855047739142146,0.057120609098142115,0.915334995457882,0.05228449246939937,0.8630406318917861,0.04929740657010428,0.04177397451889631,0.9773867644651375,0.040829329793873166,0.9655170934096328,0.040333486457652834
4936.132098237912,0.03596914782032498,0.8416820563937059,0.030274586304140313,0.7423920491050028,0.02670320935489181,0.04838405729755724,0.873892284138692,0.04228245434765964,0.7947404339253412,0.03845276669172921,0.0577596802838309,0.9150200775189573,0.052851267130781136,0.8624436754416329,0.04981447095632074,0.0391114352991659,0.9772068694566862,0.03821996324865564,0.9651011059203513,0.03774648946135727
5028.087254942475,0.03591875678298244,0.8413872363944136,0.03022158350435669,0.74185118018424,0.0266463721102062,0.04809847133011041,0.8735371261029199,0.042015800415648334,0.7940959182886923,0.03819479975916636,0.05844927132071969,0.9146400913993553,0.05346004686300877,0.8617783488343943,0.05037031652934333,0.0385871315725726,0.977081205201382,0.03770276102219353,0.9647633995858247,0.03722745223622065
5121.755443364236,0.03572781208074832,0.8410946426848483,0.03005047133596842,0.7413159015719398,0.026485595223832786,0.048314819901942765,0.8731816440802819,0.04218761387542111,0.7934535868074705,0.03833556714715344,0.0584535596309861,0.9143119073926456,0.05344478560009665,0.861178100266969,0.050338925436854594,0.03825998099344425,0.9770514589898907,0.03738197025057019,0.9645950510681369,0.036905388320237306
5217.168575554344,0.03571147121318954,0.8408068121750449,0.03002644826884278,0.7407859741438522,0.026454556990772746,0.04809491021090642,0.8728307670855476,0.04197871737229599,0.7928145135583561,0.038130342843492586,0.05774007729046789,0.9139406226499763,0.05277100219070798,0.8605313458568377,0.04968714642064416,0.03824437347958871,0.977028488054538,0.037365842397355624,0.9644671204937307,0.03688544076494572
5314.359158053236,0.03549243448838933,0.8405219598383842,0.02983217059561646,0.7402612572727109,0.026273674178044413,0.047969106530824555,0.8724829706199495,0.04185222856399863,0.7921753272580877,0.03799994266433401,0.05777821640299309,0.913615884882293,0.052787096305941146,0.8599248308769734,0.049684922968717,0.03855283599721358,0.9769874438181485,0.037665636692857996,0.9643328397092902,0.037177765816039515
5413.360302965377,0.035503414788929245,0.8402386399730555,0.029831340956649174,0.7397421911549554,0.02626337384944577,0.04815177533188265,0.8721363240331794,0.04199491233361966,0.7915416475220544,0.03811413557731021,0.05851802935167256,0.9132682143996911,0.05344265617619071,0.8592905237735743,0.05028398809179611,0.03888967449445569,0.9768348185326291,0.03798878812758464,0.964035166455779,0.03749101382467365
5514.205739240297,0.035297890178750006,0.8399590699742411,0.029648783006595753,0.7392285330921589,0.02609320757808549,0.04778738343762551,0.8717888010907476,0.04166050571435139,0.7909151215611346,0.03779576418065813,0.05888604530564233,0.9129454502715637,0.05375974714627134,0.8586751701979498,0.05056398497510661,0.04358458199914927,0.9766012021002756,0.04256475517340721,0.9635909460266984,0.041997708600738454
5616.9298241638035,0.03525664140723767,0.8396836176432226,0.02960442420277917,0.7387201842939496,0.02604479263794031,0.047861301972592474,0.8714412155276757,0.04170831116773313,0.7902903634548796,0.03782432573134385,0.05836310440405598,0.9126139765670637,0.05326298479498424,0.8580518787483513,0.05007857138348641,0.04636523925798708,0.9759214393312197,0.04524883103159112,0.9624386745727539,0.0446236994177057
5721.567555063246,0.03513697360031953,0.8394096904747187,0.02949431613406258,0.7382171293309372,0.02593871578460481,0.04780864313049265,0.8710982098430499,0.04164602344599737,0.7896670103196317,0.03775290828829433,0.05801996571089125,0.9122682270557948,0.05292977125291277,0.8574208276234423,0.04974752701851612,0.04879389101386628,0.9758648259968926,0.04761624196395796,0.9622466278486907,0.046951757087709364
5828.1545812308395,0.03497897674149254,0.8391385940810365,0.029352209365249328,0.7377191013826832,0.025804659289019653,0.04759948937702347,0.8707612784275277,0.04144779222243448,0.7890500267814545,0.03755837836772393,0.058549653824825514,0.9119440739859438,0.05339400983947808,0.8568218744683139,0.05016662413965788,0.05052901058900112,0.9757995633092262,0.04930618646719456,0.9620691281806687,0.04861240116519208
5936.72721606912,0.03496320003876985,0.8388718404603849,0.029329643964907462,0.7372264973076551,0.025775797499249166,0.04775839883527866,0.8704259952866606,0.04157015183949472,0.7884406252064621,0.03765466183654668,0.058927877154373996,0.9115809555765791,0.05371753056648351,0.8561835675691233,0.050453080091306966,0.05138200953242431,0.9757187873126133,0.05013439203066219,0.9619058713010198,0.04942465664848391
6047.322449462643,0.034778039723267484,0.8386069318626289,0.029165105188525976,0.7367392417630212,0.025622346615724316,0.04742230227659315,0.8700899235555972,0.04126166736267136,0.7878358537874455,0.03736099000264608,0.05852483634566672,0.9112569509427909,0.053331163922778084,0.8555940296013433,0.05007350056074815,0.051623123637147265,0.9755991273899991,0.05036347437354691,0.9617150651476679,0.0496467357118252
6159.977960380163,0.03469549617245273,0.8383449555441885,0.029086794196278448,0.7362573595273183,0.02554481439942023,0.047524846258028115,0.8697566234100482,0.041335049809464196,0.7872336205840367,0.03741315678740718,0.058274426013727176,0.910920155639949,0.053083349214253055,0.854975283813514,0.049823193920156016,0.05167031068024371,0.9753616747457265,0.05039724075971451,0.9613559607075929,0.04967356116406549
6274.732129711576,0.03463842757810728,0.8380869465046399,0.029030014000658036,0.7357806532510135,0.025486284871007694,0.04730077879000889,0.8694289028436407,0.04112466420704718,0.7866348337573312,0.037208440260070946,0.058817834852669185,0.9105770091816208,0.053558168146682,0.8543478578754462,0.050250891211249676,0.05085142254715288,0.9751686314089983,0.04958871213050775,0.9610367585761109,0.04887008629369997
6391.624053344,0.034457924252868165,0.83783076967611,0.028869909198221633,0.73530904452745,0.025337223358775737,0.04726650695554408,0.8691038362834197,0.0410795025227803,0.7860413260788532,0.03715342780645121,0.059092264723550926,0.9102665560453664,0.0537897122988278,0.8537570050864638,0.05045043495415533,0.049730898575430435,0.9750747346559008,0.048491342732637346,0.9608754906036908,0.04778520156682911
6510.6935554814545,0.034385859923802053,0.8375776781647545,0.028800828716676604,0.7348425298091605,0.02526819229607013,0.047200783294557194,0.8687788197190995,0.04100704080046239,0.7854539180591227,0.037074040174169536,0.05856575920385942,0.9099309746431298,0.05329079835308265,0.8531376265920836,0.0499646528067441,0.048294500703666594,0.9749619897876016,0.04708530250184551,0.9606977931214107,0.046396420245912916
6631.981202212669,0.03432824477274931,0.8373281595213187,0.02874400601516351,0.734381242238652,0.025210019040084148,0.04705812253915356,0.8684568891184629,0.040867950708108725,0.7848721766103253,0.03693461106450086,0.05858293946369462,0.9095922256775979,0.05328658629351797,0.8525291070343813,0.049943661068432794,0.04684933997367024,0.9748243120401477,0.04566987560936808,0.9604939987424552,0.04499850988975528
6755.52831533164,0.03416303945133917,0.8370805033287271,0.02859721425916615,0.7339249989654282,0.02507310869397998,0.047092692979221334,0.86814049355607,0.040883073725865686,0.7842949439194431,0.036934560999153945,0.0590709503922811,0.9092603192939663,0.053710871214683556,0.8519308712292795,0.050324366232037586,0.04570004213805136,0.9743340781986034,0.0445271084302156,0.9597542834904532,0.043860811197689004
6881.376986415664,0.03405453765176699,0.8368363052085178,0.028498073464089044,0.7334737116536284,0.024978108130089775,0.04688984211521321,0.867825726805656,0.04069221131343736,0.7837211164281713,0.03674855941167558,0.05896238325696976,0.9089250278915529,0.05359238584639367,0.851322609749574,0.05019600999137808,0.046015795044054036,0.9739884598730997,0.04481885334479441,0.9592365627152611,0.044140033068668344
7009.570091165618,0.034014805950508285,0.8365949475957244,0.028456614801644214,0.7330275220880446,0.02493378892020676,0.04694993714286998,0.8675095258325202,0.04072951770867776,0.7831506002137896,0.036768871453438316,0.058535890263307674,0.9085882059524918,0.05318501951817065,0.8507136101829571,0.04979727853117188,0.04897903260883996,0.973867347077694,0.04769908054920284,0.959045755878391,0.04697313335053729
7140.151304013397,0.03390359459511846,0.836355819981578,0.028355468657923294,0.7325862200754382,0.024837306211407884,0.04673802152293754,0.867196169637657,0.04053103324113381,0.7825845216759438,0.03657645221760804,0.058905924630351526,0.9082578207576654,0.05350176673447836,0.8501027237959478,0.05007608697598064,0.05293259158550012,0.9737598972962642,0.0515436349459217,0.9588831163410284,0.05075616837551125
7273.165113001455,0.033749810172439824,0.836120171723398,0.028218897077012473,0.7321498076615932,0.0247099170263671,0.0467867443996451,0.866888941031548,0.04055891130692205,0.7820238847310229,0.03658835160932789,0.05907009048709488,0.9079491781734921,0.053632640112391605,0.849523105520672,0.050181406713983946,0.0568625458561977,0.9736221647391329,0.055362634989089415,0.9586705551596209,0.05451244840375045
7408.656834939561,0.033655623717129435,0.8358866505814962,0.02813228658214249,0.7317183290141827,0.024626436748228044,0.046593963378153774,0.8665834684262269,0.04037755839196509,0.7814681399391364,0.03641169789351807,0.058602321444712634,0.9076173351789795,0.05318848282495204,0.8489166969292683,0.049748489153232676,0.058888615712317384,0.9734572562030314,0.0573255502729072,0.9583898915790658,0.056438254027769134
7546.6726308438865,0.033606393085184705,0.8356561750317751,0.028083389902179748,0.7312915963212854,0.02457607284586533,0.04659459784715215,0.8662774950060357,0.04036385150384458,0.7809163854435234,0.03638648493199263,0.05883329969356497,0.9072745968508272,0.053377958260883054,0.848307671606487,0.049908739475974746,0.05975091679211024,0.9731938977724063,0.05814922760838848,0.9579393474942921,0.05723775424401983
7687.259521663728,0.033524730245093524,0.8354284002932887,0.028007511758922514,0.7308697319243369,0.024502210607067212,0.04645491307390544,0.8659760592337202,0.04022884255578566,0.7803696068727776,0.03625200225279264,0.059105682957707566,0.906945907459089,0.0536056572660673,0.8477190986278367,0.05010501628069054,0.05972020086875991,0.9730861045236321,0.058112897624750415,0.9577046156134897,0.057194312017376105
7830.465404301183,0.0333921601528552,0.8352030255339963,0.027889233188780414,0.730452539191215,0.02439138817273279,0.04635684779325548,0.8656792341045725,0.040130160493167644,0.7798281921786833,0.036150376809716805,0.05871901964175517,0.9066219403340858,0.05323595152212337,0.8471255113232095,0.04974237953841942,0.059157884965427295,0.9729924872032999,0.0575601776301978,0.9575149493931056,0.05664455922887428
7976.339067929273,0.03325795965831179,0.8349807089736736,0.027769754734515015,0.7300400757576571,0.024279643388499042,0.04631367301562804,0.8653820427127146,0.04007902095979292,0.77929070891305,0.036091815076715966,0.058843822327725046,0.9063094730217006,0.05333071360442307,0.8465444489849345,0.049813911148591385,0.05807027293048316,0.9728365174708367,0.056492882086272234,0.9572371443203034,0.05558702222987632
8124.930210614048,0.033157951750618746,0.8347605245394504,0.02767894919600029,0.7296322364025093,0.024193110490330454,0.04610957183556785,0.8650875287865776,0.039888815552638575,0.7787582116366465,0.035908207701998304,0.05909937969057761,0.9059889999832469,0.05354338790549662,0.845952908747204,0.04999529215439956,0.056199324485662415,0.9727111393430945,0.054665708950760956,0.9569676188944689,0.053780933736521985
8276.289456246344,0.033090558347015984,0.8345433977732257,0.027615506997131896,0.7292290062142631,0.024130594978469557,0.046164514310957354,0.8647977274093926,0.039922967063074306,0.778230678034544,0.03592664127335175,0.058665375974880016,0.9056587875146366,0.05313081327450012,0.8453573003363956,0.04959320385734421,0.05468142045897477,0.9724731161783364,0.05317621135079703,0.9564975553269597,0.05230264499081497
8430.468371788967,0.0330316107610977,0.8343284131369917,0.027559211389665425,0.7288303362261609,0.024074439977102513,0.04593242252742565,0.8645095167067596,0.03970901640035543,0.7777079842491493,0.03572201173548442,0.058853517914397274,0.905325196240433,0.05328157265529155,0.8447645509253735,0.04971736563133424,0.05454219280574557,0.9723873498569481,0.05303613831776564,0.9562723901499148,0.0521571930783678
8587.51948484517,0.03296203249082746,0.8341163074627874,0.027494168827717425,0.7284361445364665,0.024010735863704096,0.045942045520898804,0.8642232663741184,0.0397041846439796,0.7771906974942537,0.0357057304027001,0.05900882782343994,0.9049971713239284,0.05340282226335387,0.8441747717711169,0.04981376376033354,0.05566556167616715,0.9722478802708545,0.05412072434374003,0.9560051932642858,0.0532165660483892
8747.496301554416,0.032874108986123404,0.8339064200732006,0.0274139305377144,0.7280464285422799,0.023933877638856814,0.04583109633219792,0.8639408746521555,0.03959535745150627,0.7766773787115623,0.03559597576276857,0.058642742620625174,0.9046812615433564,0.053052990374389535,0.8435954367994942,0.04947075007616661,0.05900020215037299,0.9720760453526806,0.057352683181343296,0.955688576558719,0.05638581920976664
8910.453324821512,0.03277125242781935,0.8336992681751659,0.02732136916625662,0.7276611352992789,0.023846366746806277,0.0456552972127162,0.8636607157553707,0.03943068666875866,0.7761686729677993,0.0354362114515444,0.05891916227466159,0.9043691783441906,0.053284674375063734,0.843022159190587,0.04967015939848579,0.060564112534621545,0.9717524235998976,0.05885332313869542,0.9551181961264152,0.05784588591406494
9076.446072885357,0.03266007845574784,0.8334943386576363,0.02722199049298006,0.7272801920555078,0.02375302813184424,0.04569592249287987,0.8633817050427174,0.039453023475402485,0.7756643922510016,0.03544469994878854,0.05882455325836957,0.9040521138653127,0.05318046172041168,0.8424471510961111,0.049556577307014904,0.06137078731974391,0.9716524800862307,0.05963107770407377,0.9548980938248375,0.05860284782815296
9245.531098233572,0.03254587549743007,0.8332920326566468,0.02712021874784366,0.7269035571206024,0.023657712668686173,0.04551564285532643,0.8631071584689377,0.0392848771707478,0.7751651963863068,0.03528214223259811,0.05869772529314253,0.9037330268930901,0.053047072950910795,0.8418726948699683,0.049416012175275005,0.061348752388587904,0.9715105625867014,0.059600960947029276,0.9546441894467406,0.058566229997572286
9417.766006869519,0.03243229516605725,0.8330919264108598,0.027019083257816254,0.7265311938995836,0.02356307412789927,0.04539588510436558,0.8628348034655284,0.03916914960216899,0.7746708883064328,0.03516687063925565,0.05894534220948977,0.9034205529746204,0.05325243365417548,0.8413056090582517,0.04959104702870186,0.06098854199356551,0.9712663369528667,0.05923611777818646,0.9542441543964538,0.05819795968252253
9593.209477938242,0.03232030272297132,0.8328943871178366,0.02691939872791214,0.7261630535543185,0.023469809717112808,0.045417131970797074,0.8625640684290398,0.039175186129109335,0.7741812224641498,0.035161090749967296,0.058585426914406574,0.9031146436760471,0.052909356952413396,0.8407435926351418,0.049255322300081714,0.05868932472143784,0.9709646915942598,0.05698526207802626,0.9537370886619098,0.05597418569535757
9771.921283717997,0.03221085903932575,0.832698984343863,0.026821949606889894,0.7257990854369365,0.02337861203188071,0.045244670045621445,0.8622974091435112,0.0390143617578924,0.7736960151852952,0.0350056209226708,0.05878416957377636,0.902807140382692,0.053070768032672286,0.8401801053646402,0.049389289786268296,0.05763900272552242,0.9708530531948498,0.055959001779179715,0.9535379982383733,0.05496097927935079
9953.962309984234,0.03210470913947134,0.8325060909954015,0.026727365908245624,0.725439237347461,0.02329001571340015,0.045106352083504914,0.8620324384251384,0.03888313867500656,0.7732156419106133,0.034876936980493385,0.05865651599100915,0.9024940338012185,0.052937155725451525,0.8396145199406059,0.04924886251517962,0.05670041893927579,0.9706964558207494,0.0550388957079067,0.9532823766757882,0.0540515101249457
10139.394576752919,0.03200326011496419,0.832315293564617,0.026636802837611218,0.725083462474445,0.023205034654628538,0.04511854678350726,0.8617700196060601,0.038881810946219994,0.7727400791251847,0.03486490941150075,0.058598134232614264,0.9021805997606361,0.0528660998868342,0.8390510962554605,0.04916682876639963,0.058576009069965664,0.970489337024166,0.05684739220783251,0.9529262601704274,0.05581861725875141
10328.281259410274,0.0319093159475157,0.8321268994912102,0.026552600144291668,0.7247317116201979,0.023125693163272728,0.0450174092110595,0.8615110091016778,0.03878299363656303,0.7722689096214514,0.0347655455254076,0.05875973978231861,0.9018723379664612,0.052993783895780563,0.8384916736257219,0.049269552551888245,0.06079801730080539,0.9703794483230656,0.05899714648749173,0.9527112898529948,0.057922957483155
10520.686710236228,0.03182514385968824,0.8319406360617558,0.026476630425385915,0.7243839376839087,0.023053623026437837,0.04483462603153118,0.8612536132371509,0.03861398366779265,0.7718026654359554,0.03460348387496004,0.05849891109099096,0.9015665072200569,0.052740658948481366,0.8379345963799424,0.049018261453695644,0.06258216777216329,0.9702635108485357,0.060721193819131235,0.9525033625918431,0.0596097252412724
10716.676480328644,0.03175082710786755,0.83175659001676,0.02640895968545162,0.7240400912598567,0.022988871756756353,0.04476019336134152,0.8609997281863102,0.03853851431768174,0.7713410630155334,0.03452537512811799,0.058741335135318436,0.9012569136202816,0.052941034405991697,0.8373773904135458,0.049188665925020476,0.06332092574174433,0.9699372083431212,0.06141732194364958,0.9519600688382874,0.06027899282801502
10916.317341936148,0.03168200893639421,0.8315747627575892,0.026345959064965837,0.7237001242422438,0.02292827380351237,0.044756603235555865,0.8607479790209196,0.03852415578284586,0.7708838815490231,0.03450214402717487,0.058410182079916266,0.9009446620591424,0.052624341754803135,0.8368197234771015,0.048878792416362685,0.06311657953666018,0.9697774615916426,0.06120903628740932,0.9516355598790922,0.060063981505022866
11119.677311206979,0.03160882107716693,0.8313949759753887,0.02627941504006156,0.7233639892857908,0.022864682911000255,0.0446622523246408,0.8604986161833342,0.03843180632098431,0.7704315298630854,0.03440920738560415,0.05863505950237872,0.9006366381956685,0.05280888287062536,0.8362640071819931,0.04903438982081383,0.06237228484228764,0.9696702787007494,0.060480550826223584,0.9514101341950538,0.059341623891853004
11326.825671361537,0.03152314250189912,0.8312174015403444,0.026202584598814575,0.7230316397329966,0.022792229412685033,0.04449284775267728,0.8602524026141698,0.03827507917838709,0.7699835105795252,0.03425875910828679,0.058320607004311575,0.9003341689705796,0.052508035241086624,0.8357130585677133,0.048739292857098826,0.06098027768388195,0.9695336547670815,0.05912243149156557,0.9511495177227391,0.05800136170962303
11537.83299629662,0.03143017115835427,0.8310418623123011,0.026119787972233105,0.7227030316559698,0.022714679981608654,0.044365567679709485,0.8600079978655538,0.03815474303439568,0.7695403046509072,0.03414109246825408,0.05849847182176422,0.9000325204916112,0.05265052703864995,0.8351678171050416,0.048856041015363616,0.06082933364287487,0.9693264259971829,0.0589634805758381,0.9507534939848294,0.05783370149773222
11752.771174629454,0.031346032722451775,0.8308683601445239,0.026044426805140092,0.7223781175589294,0.022643688110985317,0.04431682524230151,0.8597669216680941,0.03810214041667646,0.7691014840421517,0.03408413606189078,0.05820498291855223,0.8997302774359991,0.05236878542946659,0.8346260759424944,0.04857939649361116,0.06241779478855463,0.969204575071361,0.060495612274932505,0.9505029714699654,0.059328299419123695
11971.713434189656,0.03127549017274553,0.830696955214558,0.025980454459342543,0.7220568489881107,0.02258268188469126,0.04429623616270926,0.859527773128092,0.03807384522688955,0.768667299645351,0.034049068235642466,0.058368792018155695,0.8994298849328225,0.052498635888557625,0.8340845868577696,0.048684509775850475,0.06458413262857518,0.9690453981039733,0.06258495651425744,0.9502151276947116,0.06136881983271376
12194.734366967383,0.03120030358150494,0.8305275018391536,0.025912710190170496,0.7217391816733768,0.022518481574876303,0.04424004282692739,0.8592915962815664,0.038015097020315296,0.7682375706033179,0.033986863024745434,0.05807554945089053,0.8991323569115385,0.05221760565671181,0.8335457414008036,0.04840862692430158,0.06572993304409142,0.9688282654983543,0.06368101702243005,0.94982559898982,0.06243197302516489
12421.909954526162,0.03111359172356553,0.8303600183400135,0.025835482594203565,0.72142507131077,0.022446125127907446,0.044127671155139346,0.8590577289438607,0.037908216966115516,0.767812334329503,0.033881770198152215,0.05826812121777431,0.898835531046356,0.05237345767785162,0.8330121394055733,0.04853805231476146,0.0659050522393239,0.9686922636230636,0.06384171423790692,0.9495772553935591,0.06258193862198633
12653.317593889404,0.031036861016379032,0.8301945328170114,0.025766632331599305,0.721114470892863,0.02238112961000149,0.04398326462413559,0.8588264954864153,0.037773993017198,0.7673916502319704,0.03375239002250486,0.05797219257466827,0.8985392005091131,0.05209028756780277,0.8324811019223725,0.04826075475541582,0.06541333860954038,0.9684881051679667,0.06335204036266436,0.9492328846451984,0.062092492102607144
12889.036123908916,0.030966312685811768,0.8300309473236211,0.02570299785372381,0.7208073380752198,0.02232074541706489,0.04383846570344163,0.8585977675002092,0.037639608783609474,0.7669753056348124,0.03362302063145839,0.05818045091376268,0.8982458073359694,0.052260346102203495,0.8319511980575877,0.04840329584123553,0.06392390695689833,0.9683005360882915,0.061897553375222715,0.9488942977506813,0.060657030801345935
13129.145852124653,0.030883856722771278,0.8298692350633423,0.02562956255433206,0.7205036271299096,0.022251930788517147,0.043712585618890076,0.8583713597864419,0.03752163155746794,0.7665633291543168,0.03350846515795949,0.05792535639492827,0.8979549676557821,0.05201436152805746,0.8314260845597259,0.04816065226416189,0.06328026506369507,0.9681584587246591,0.06126532389175491,0.9486462734618598,0.06003058763635304
13373.728582124952,0.03081124006728817,0.8297094241262708,0.02556437625284595,0.7202032959452221,0.02219035664862043,0.04360886543461712,0.8581476043315294,0.037422843400332716,0.7661557740486774,0.03341118405244369,0.05804115019420718,0.897663326775765,0.052101411973223856,0.8309044524603469,0.048226650122286475,0.06489893923270328,0.9679691803745758,0.0628201730162592,0.9483119560408878,0.06154444000874356
13622.86764141644,0.030737445453333335,0.8295514735764092,0.02549829316978717,0.719906300914582,0.022128080655872937,0.04352336658963626,0.8579261593958801,0.0373398347422256,0.7657525704267234,0.03332812983963854,0.057906928224277496,0.8973741621336007,0.05196418119699157,0.8303836381386808,0.048084965732311004,0.06629756860004862,0.9678454679753183,0.06416580130733983,0.9480560180475914,0.06285380889319912
13876.647909813071,0.03066046154970303,0.8293953238472459,0.025429643436321977,0.7196125993597723,0.022063654433352148,0.043448947611058795,0.8577072436994453,0.03726647709712284,0.7653536292365508,0.03325380974063261,0.05778685247079664,0.8970884847472532,0.05183991992134002,0.8298671833720679,0.047955412495877224,0.06690351996958663,0.9676887442275929,0.06474178322377497,0.9477728978044543,0.0634093429948933
14135.155848353957,0.03059092254487357,0.8292409613474476,0.025367246019616266,0.7193221498702237,0.02200472817149195,0.04337945129567273,0.8574906578067192,0.037197474226820945,0.7649589409444854,0.03318349912189069,0.05787904125790272,0.8967999497253225,0.05190592129023702,0.8293516567770043,0.048002078759906204,0.06688529312725984,0.9675313488240673,0.06471361787591083,0.9474586619108084,0.0633710503278658
14398.479528760066,0.030514647990239084,0.8290883856507654,0.025299340240928694,0.719034910923768,0.021941097199531696,0.04331004085048044,0.8572764804372831,0.037128679387894825,0.7645685036221439,0.03311349312486575,0.05761537600341541,0.8965166023960334,0.05165314114035194,0.8288417180604242,0.04775402723336816,0.06606106232065352,0.9674104032170738,0.06390815893657166,0.947204720281484,0.06257335005693229
14666.708663439656,0.030445999032563058,0.8289375720859895,0.025237832517785205,0.7187508413848274,0.021883087421456338,0.04323567584616817,0.8570647597594672,0.037055774132134324,0.7641822769898349,0.0330399372153192,0.05773517634644517,0.8962351966405857,0.05174429712593518,0.8283347448290937,0.04782405256659539,0.06538884654920221,0.9671848814297352,0.06324310379651729,0.9468080868661417,0.06191068870363386
14939.934636052563,0.030372478911338492,0.8287884821276514,0.025172360695382333,0.7184699009345091,0.021821711914564834,0.043152335671127875,0.8568552358364256,0.036975304758376876,0.7638002360127292,0.032959764170107986,0.05762211524407073,0.8959547762354321,0.05162680936971367,0.827832501221679,0.04770145978818291,0.06658425311649323,0.9670606304619173,0.06439100979767182,0.9465540023850303,0.0630255912832346
15218.250532643871,0.030302819979196698,0.8286410851691476,0.025110161631246877,0.71819204978032,0.02176324439498331,0.043056422442404534,0.8566482962017655,0.0368842109258293,0.7634223283251352,0.032870234270331075,0.057428501103144326,0.8956755317949812,0.051437303265747455,0.8273317293988848,0.04751242113445016,0.0680068714978698,0.9668979187008685,0.06575570250864772,0.9462623929655665,0.06435234496167605
15501.75117335769,0.030234005841106887,0.8284953621515734,0.025048733618620634,0.7179172486961927,0.021705514290512075,0.04294765761951056,0.8564433743073984,0.03678223681025247,0.7630485128549241,0.03277114627716998,0.05756826147855592,0.8953999277720617,0.051546617169862134,0.8268349300331415,0.047599449451751374,0.06875835205772168,0.966710559181596,0.06646942496612517,0.9459233743335993,0.06504013239205768
15790.533144741727,0.030162283156500592,0.8283512971276958,0.024984966377020117,0.7176454589376888,0.02164582553845539,0.042833118973750084,0.8562410275309312,0.0366754738024384,0.7626787549107323,0.03266790984784298,0.05740394894937555,0.8951236883040923,0.05138363450678486,0.826340791226378,0.0474352245943456,0.06853910550341134,0.9665562473831208,0.06624690061437308,0.9456553951963417,0.06481437490123221
16084.694832653553,0.030095872945355314,0.828208871174602,0.024925668959086968,0.7173766423082124,0.021590076280873567,0.04272717661499409,0.856040759443323,0.03657620471836853,0.7623130189107895,0.03257148299491063,0.057232538546914784,0.8948505617757443,0.05121456927055863,0.8258507445911015,0.04726553457380849,0.06693234299227768,0.9663472027796923,0.06467988242607849,0.9452866013188963,0.06327024702548081
16384.33645577985,0.030028325945038868,0.8280680620002292,0.024865497670419536,0.7171107611168371,0.02153363567351129,0.042644482721799805,0.8558427960021728,0.036496973326691495,0.761951268883356,0.03249301772074971,0.057343397701976384,0.8945802870332109,0.051298273175693604,0.8253646524188076,0.04732921351280519,0.06719736452995419,0.9661964209775095,0.06492585310796278,0.945014742878778,0.06350250016340617
16689.560099780236,0.029959000425976167,0.8279288461113128,0.024803920653326775,0.7168477781898321,0.02147604289214925,0.04258670726614246,0.8556471597075288,0.03643919511357077,0.7615934733574427,0.03243375830567807,0.05724845263471533,0.8943096613527692,0.051197844288722316,0.8248807150382272,0.04722314454415606,0.06844251479267867,0.9660251746962618,0.0661171923092489,0.9446980052112498,0.06465750719628499
17000.469752067147,0.02989241982440294,0.8277912005601175,0.024744682094089566,0.7165876569294147,0.02142053908191929,0.04253139419056653,0.8554535543492277,0.036383632331748225,0.7612395962630824,0.03237658134213287,0.05703127625581572,0.894042653159587,0.05098839353682684,0.8244009013032062,0.047016635547766625,0.06925020188483084,0.9658843820734261,0.06688768845598984,0.9444175295292117,0.0654011045834711
17317.17133723353,0.029828038651866045,0.8276551035075613,0.02468732841783773,0.7163303613175104,0.021366729704883868,0.04244835176022936,0.8552622883762807,0.03630447446425509,0.7608895776905915,0.0322985084445026,0.05703181479140561,0.893776434072869,0.05097369205296681,0.8239243587570797,0.0469899014307614,0.06931398640343525,0.9657070432832712,0.06693700486783831,0.9440879895986015,0.06543850207468399
17639.772753140453,0.029763472945921316,0.8275205340304189,0.024629885026808733,0.7160758557753759,0.021312904360597854,0.042347411624740317,0.8550731512466918,0.03621013470510749,0.7605433843020022,0.03220704375350995,0.05710048108170869,0.8935124294490945,0.05101998957402959,0.8234514951789635,0.047019476522171144,0.06854673545538104,0.9655760296150738,0.06618708466408163,0.943819443996967,0.06469574174530492
17968.38390767719,0.02969823100492948,0.8273874718604565,0.024571944269896426,0.7158241052782511,0.02125870963745046,0.042270543612799985,0.8548860552870098,0.03613649828398409,0.7602009892750655,0.03213410907164535,0.056944690335133115,0.8932517025222843,0.05086594159146192,0.8229827679189498,0.04686449887029532,0.06867302440301351,0.9653837127350662,0.06629581926292698,0.9434726577133302,0.06479112084672355
18303.116756206095,0.029633006306327866,0.82725589714791,0.024514079217130936,0.7155750753174274,0.02120464071953236,0.04221482567071196,0.8547012000353892,0.03608106216004227,0.75986233977963,0.03207745620753638,0.05674875535570468,0.8929910231055879,0.05067612910505943,0.822516782901889,0.046676803688860555,0.06973354988275891,0.9652502298301533,0.0673103250512055,0.9432158266275285,0.06577378789633843
18644.085339704852,0.029568373503300476,0.8271257903030218,0.024456764301892336,0.7153287318895041,0.021151107122151142,0.042130924116281936,0.8545184174530895,0.036001650601681444,0.7595273992466964,0.03199959122189954,0.056707386745952625,0.8927338923288207,0.05062460609351006,0.8220549724729266,0.046616589250455684,0.07041951736699961,0.9650465380711852,0.06795811144766668,0.9428603215028134,0.06639576878472221
18991.405823619356,0.029504491311251824,0.8269971319382263,0.02440012969370158,0.7150850414851826,0.02109822039330572,0.04204400966295916,0.8543376163509805,0.03591977899729012,0.7591961308098586,0.0319196494598509,0.05677174475258686,0.8924773498182041,0.05066749630134426,0.8215960007945382,0.046643438446853674,0.0701551396647728,0.9649046928492838,0.06769302349003621,0.9426003269917858,0.06612825758816923
19345.196537440443,0.02944130665795426,0.8268699028369384,0.024344130375655148,0.7148439711096094,0.021045940566027807,0.041986614754075724,0.854158928080689,0.03586324185207816,0.7588684896087877,0.03186231892221149,0.05675609105085978,0.8922235130444314,0.05063911894406773,0.821141317510287,0.04660477138223681,0.06917548539107694,0.9647060048006973,0.06673400614177484,0.9422482576328816,0.0651804805806511
19705.578015017963,0.029378764055915725,0.8267440839735491,0.024288719377683076,0.7146054882465005,0.020994226032256397,0.04190347148351323,0.8539823068442055,0.03578482324227101,0.7585444380378501,0.03178564522829662,0.05659924729292686,0.8919715928160823,0.05048492076006331,0.8206897393401227,0.04645042150767929,0.06984290042334056,0.9645557214270234,0.06736736920439101,0.941968352721538,0.06578980186106852
20072.673035625685,0.029316916254222513,0.8266196566425621,0.02423393924788416,0.7143695608594268,0.02094311259028153,0.041829740592781495,0.853807621796838,0.03571455133590142,0.7582239378565799,0.031716310631778016,0.05640592433860624,0.891721390155284,0.05029836926421573,0.8202423071558912,0.04626652551675902,0.07073584086468979,0.9643781347497573,0.0682160982730452,0.9416331790387679,0.06660721470539822
20446.606665791176,0.02925594314707098,0.8264966026836251,0.024179937619359448,0.7141361573897909,0.020892726819863455,0.041764412388878076,0.8536348845232632,0.03565155934676188,0.7579069434022729,0.031653538136646606,0.056277124137727945,0.8914739345018011,0.050169589277506615,0.8197982580604676,0.04613588833676206,0.07093805599319754,0.9642135825393435,0.06839943710757755,0.9413259805889793,0.0667758351188726
20827.50630190515,0.029196027742603842,0.8263749046584921,0.02412686464220094,0.71390524674857,0.020843197389661693,0.04168256549903138,0.8534641497799904,0.03557457532427957,0.7575934192136842,0.03157843731800953,0.056232649996819234,0.8912276546123576,0.0501160927693028,0.8193580296639312,0.04607467330417528,0.07029757135600734,0.9640669890642828,0.06777156795571757,0.9410381400087304,0.06615269579598815
21215.501713624482,0.029136993475885782,0.8262545456854724,0.024074573307058582,0.7136767983093684,0.02079439621623112,0.04162185999374654,0.8532953734336963,0.035515740566368977,0.7572833252804102,0.031519540540420055,0.056244640496346796,0.8909844820248284,0.050113101879310236,0.818921747899976,0.04605995930527409,0.07055551048995438,0.963877919369369,0.06800689865110092,0.9406988078825511,0.06637148460744492
21610.725088083767,0.02907817284722019,0.8261355088004796,0.02402251112012654,0.713450781894948,0.02074584515392569,0.041541570804522886,0.853128477103036,0.03544029703693055,0.7569766201643193,0.0314459978639245,0.05627290752868301,0.8907421011336386,0.05012464788899806,0.8184887350910507,0.04605874090304742,0.07140156070077296,0.9637241532122622,0.06881140862438635,0.9404155294651987,0.06714713651105893
22013.311074930323,0.02901943723557175,0.8260177764223826,0.023970571018355872,0.7132271677789076,0.020697451030064613,0.041479582231227094,0.852963430308502,0.03538056674771105,0.7566732634980676,0.03138649085543906,0.05628804120943566,0.8905027083392911,0.050124653144116085,0.8180593547832121,0.04604695867380179,0.07174401207683104,0.9635409059008305,0.06912829038946991,0.9400827753854325,0.06744530999047331
22423.39683219845,0.02896167111796445,0.8259013309231193,0.023919482722084506,0.7130059266728996,0.020649843153459996,0.04140569075456864,0.8528002411690396,0.03531078306126681,0.7563732167457796,0.03131815550761407,0.05627879656966837,0.8902647330323609,0.050103027803478355,0.8176340116155872,0.046015458208155495,0.07122025297064706,0.9633469721009589,0.06860981505153717,0.9397435683105584,0.06692877466261651
22841.122073038212,0.0289045611256954,0.8257861559351001,0.023868986420979135,0.7127870297182458,0.0206027962700939,0.041336653368911576,0.8526389093411137,0.03524523904428044,0.7560764408730286,0.03125366975676875,0.056245793251914575,0.8900295885359539,0.050060420224879866,0.8172123875534287,0.04596475899323364,0.07152378870699107,0.9631940217340228,0.0688912856943412,0.9394473477712068,0.06719283360333095
23266.629113314582,0.02884757895534672,0.825672236062163,0.023818645021040922,0.7125704484818655,0.020555932273827435,0.04127456176673733,0.8524794106818987,0.035185714091061866,0.7557828974962291,0.031194607884951812,0.056197818151514825,0.8897956931554291,0.050004576555949885,0.8167943561913854,0.045902060696427105,0.07225510581591807,0.9630081173446611,0.06958225342032653,0.939107183327266,0.06785528890380037
23700.062920093307,0.02879156277153763,0.825559555064151,0.02376914975127218,0.7123561549476364,0.020509846950866058,0.041199455815308095,0.8523217090624882,0.03511519059294786,0.7554925480482362,0.031125881852107833,0.05614445422384505,0.8895646135029563,0.049944119721969146,0.8163800127097108,0.0458352102528424,0.07232866931997867,0.962845194673126,0.06964131169184301,0.9388014573181015,0.06790226016347503
24141.571161030177,0.02873570191978288,0.8254480965054118,0.023719830451431688,0.7121441215097917,0.020463961199631012,0.041135103697297684,0.8521657712151346,0.03505392736622222,0.7552053543309214,0.031065450563156894,0.05609503623821498,0.8893348855354425,0.04988727263201942,0.8159692887218006,0.04577182682011991,0.07201990070874208,0.9626866750365923,0.06933259874976443,0.9385016407703084,0.06759079498326914
24591.304254680414,0.02868068724948783,0.8253378454879947,0.023671256621607288,0.7119343209651081,0.020418765601776752,0.04107445025166388,0.8520115710311679,0.03499590688816169,0.7549212778804532,0.031007976472223198,0.05605769846388161,0.8891078330463156,0.049841338806785554,0.8155623646128777,0.045718549113958964,0.07260166902360803,0.9624940049811167,0.06987867118684597,0.9381554030046201,0.06811164806165103
25049.415421745023,0.028625918489960378,0.8252287867578084,0.02362293198529792,0.7117267265063342,0.020373831260096644,0.04100518287126436,0.8518590877401302,0.034930637673332474,0.7546402807322499,0.03094416271344818,0.05603665972376557,0.8888824953613799,0.04981000592697727,0.8151591153329432,0.04567879396663791,0.07311299365066574,0.9623172707037296,0.07035789650288778,0.9378435338416382,0.06856854833508162
25516.060737271866,0.028571817214078494,0.8251209048283157,0.023575203672269694,0.7115213117149687,0.02032945686224145,0.040935397228546555,0.8517083028176048,0.03486501769868987,0.754362326214868,0.03088012147785604,0.05603095484376156,0.8886593267923056,0.049792430610987225,0.8147595877718721,0.04565175767096755,0.0727955329066676,0.9621538684662962,0.0700405035932158,0.9375381001136212,0.06824858561807573
25991.39918382933,0.028518257265089216,0.8250141854369014,0.023527966787637574,0.711318050555245,0.020285551163036215,0.04087203030094865,0.8515591974554761,0.03480495332145174,0.7540873776954671,0.03082108215073204,0.05602896233955648,0.8884384597147655,0.049778285000372166,0.814363801239062,0.04562795875032147,0.07292758893269008,0.9619700124627143,0.07015415363445558,0.9371971460372586,0.0683475282150955
26475.592705670642,0.028465064030429647,0.824908613604012,0.02348107650549115,0.7111169173665463,0.020241988585960487,0.040812764886375086,0.8514117514875065,0.03474846763495641,0.7538153979668896,0.030765290604951933,0.0560033893778853,0.8882192775956337,0.04974329005613227,0.8139717213823778,0.045585175255164874,0.07353126599521652,0.9617815709306897,0.07072101652140175,0.9368528612280571,0.06888797693733993
26968.80626390693,0.028412382718958393,0.8248041752559204,0.023434651895566042,0.7109178868574488,0.020198871083146996,0.040753648989541515,0.8512659450437916,0.03469219352106502,0.7535463516537213,0.030709763512645375,0.055924301551305636,0.8880026515055195,0.049660928061153645,0.813583382045631,0.04549908239465097,0.07349576140214215,0.9616096399275933,0.07067423265811822,0.9365355871960171,0.06883139606117357
27471.207892708146,0.028360262920359258,0.8247008560917062,0.023388733109406153,0.7107209340988409,0.02015623255404645,0.04069329539584973,0.8511217574337793,0.03463494909308754,0.7532802024603396,0.03065345379456409,0.055795676851428055,0.8877877656099564,0.049534719282624484,0.8131987981183388,0.04537297735578052,0.0733360022576332,0.961446617549632,0.07050865131521362,0.9362322285643289,0.06865952882766259
27982.96875655116,0.028308660956386757,0.8245986423506462,0.023343283391401265,0.710526034517844,0.0201140406118516,0.040632155101465624,0.8509791687057608,0.034577117570968756,0.7530169154309996,0.0305967001018196,0.05567265485810387,0.8875751284037064,0.049413663784256774,0.8128179258700093,0.04525173184944088,0.07388631188629705,0.9612625928513246,0.07102414774004355,0.9358980565423581,0.06915005569946794
28504.26320853432,0.028257542300822475,0.8244975201920407,0.02329827355374982,0.7103331638916567,0.020072269426345553,0.040571113381690116,0.8508381590923931,0.03451945142200597,0.7527564557516768,0.03054016751510048,0.055611552260349514,0.8873646873262161,0.04934772768323057,0.8124406398962805,0.0451810851040238,0.07414767322071031,0.9610708310198296,0.07126116592041482,0.9355554177492702,0.06936925739513801
29035.26884977814,0.028206895486166193,0.8243974762844786,0.02325369345261546,0.7101422983412765,0.02003090958961824,0.04051093326375435,0.850698708864056,0.03446259862235376,0.7524987888148448,0.030484428214734155,0.055597693178051,0.8871559703011156,0.04932382543787755,0.8120670035716309,0.04514905210459478,0.07373906615411568,0.9608900207518704,0.07085513280705176,0.9352254372228528,0.0689626503843877
29576.166589932567,0.02815671467986055,0.8242984972100726,0.02320953759698184,0.7099534143256107,0.01998995572315904,0.040452140395538995,0.8505607980238045,0.034407004816600625,0.7522438806095819,0.030429875070103883,0.055530754431867786,0.8869495845876504,0.04925297957518396,0.8116970716027335,0.0450741507562376,0.07427355153471907,0.9607096894151663,0.0713553206266813,0.9348922992911509,0.0694377713708133
30127.140708811643,0.028106988329797866,0.8242005699663356,0.023165795801456543,0.7097664886356033,0.01994939841296251,0.04039476054435527,0.8504244056537527,0.03435269022745899,0.7519916975889486,0.0303765245554488,0.05540897234996263,0.8867452744463884,0.049133644393259956,0.8113307272725319,0.04495500183411879,0.0743339260533087,0.9605461806459386,0.0714011687629233,0.9345866304764798,0.0694714934802496
30688.37891917639,0.028057704238367433,0.8241036816726974,0.023122457362122248,0.7095814983884823,0.019909227814801634,0.04033779938320821,0.8502895098930339,0.03429880766771163,0.7517422066081673,0.03032362631805051,0.05534812296535603,0.8865427406017191,0.04906847662086768,0.8109679903869781,0.04488555605290613,0.07417100582370285,0.960367977254853,0.07123145883386743,0.934258746600403,0.06929491093494382
31260.07243068704,0.02800887352342123,0.8240078195889975,0.02307953080117833,0.709398421022029,0.019869450652120733,0.04027950434329387,0.8501560894179431,0.034243865896187775,0.7514953750016351,0.03026986122134362,0.055318208516027124,0.8863424055479097,0.04903087400669635,0.810608867220597,0.04484143034184953,0.0746469033098717,0.9601834170823387,0.07167471869468754,0.9339242207658787,0.06971455100625781
31842.416015046496,0.02796052384211828,0.8239129712414528,0.02303703827622715,0.7092172342893376,0.019830085388588208,0.04021975505457632,0.8500241257677752,0.034187762128860294,0.7512511704415429,0.03021513805962262,0.05520868486430418,0.8861442159890791,0.04892285676486696,0.8102533008389002,0.044733019146277093,0.07449968233788745,0.9599941240562161,0.07151925728842662,0.9335812114440366,0.06955150368920086
32435.60807235805,0.027912626342112185,0.8238191243319417,0.02299495539096355,0.7090379162531619,0.01979111041876434,0.040161741069053083,0.8498936040110369,0.0341332068605356,0.7510095610943293,0.030161851533053653,0.05514851640390703,0.8859478687991936,0.0488587105754788,0.8099013183250869,0.04466485613919698,0.074555824292625,0.9598018612779873,0.07155881892517606,0.9332291857427197,0.06957767119698371
33039.85069871855,0.027865160799005792,0.8237262667162658,0.02295326487641348,0.7088604452805533,0.019752510291797462,0.04010635394142002,0.8497645085704161,0.034080956147581956,0.750770515498757,0.030110668023375513,0.05509948954227627,0.8857534829383292,0.04880456477019525,0.8095528724854458,0.044605950031431536,0.07495963677358161,0.9596065540694547,0.07193175873859463,0.932875398328538,0.06992800101371748
33655.34975507094,0.027818157117345334,0.8236343864335465,0.022911990769056718,0.708684800037927,0.019714305114129513,0.04004933301590149,0.8496368188216854,0.034027387899560835,0.7505340026885889,0.030058386213432802,0.05499635328323933,0.8855612526081731,0.048702639502387034,0.8092079217306255,0.04450348474309336,0.07455855138225079,0.9594200861731184,0.07153297179210193,0.9325420698571818,0.06952898583155719
34282.31493733968,0.02777157835432048,0.8235434717087403,0.022871102052748393,0.7085109594859003,0.019676467626257462,0.03999316865344648,0.8495105132689903,0.033974617230042616,0.7502999920851161,0.030006874124139608,0.054965785629473574,0.8853710352498705,0.04866511452608947,0.8088664920412512,0.044459982204403704,0.07488411486283633,0.9592291401234879,0.071831025108787,0.9322016367365997,0.06980709444070757
34920.95984787264,0.027725444632606934,0.8234535109417583,0.02283061472514151,0.708338902874097,0.019639011032757316,0.03993858194750303,0.8493855771160664,0.03392325547667717,0.7500684535392742,0.02995667039791517,0.05486347353900952,0.8851826756854011,0.04856419630465565,0.8085285433113683,0.044358684341497166,0.07526264854026941,0.9590327570047001,0.07217934532905035,0.931847533712194,0.0701333134228977
35571.50206821382,0.027679740643251502,0.8233644927008111,0.022790515612820795,0.7081686097365077,0.019601923449198526,0.03988299151105008,0.8492619958992712,0.03387110897310808,0.7498393573173134,0.029905836722537656,0.054829546098058735,0.884996210316917,0.048523940510178686,0.8081940289944354,0.04431291176892621,0.07505906272463092,0.9588400328972508,0.07196963417212193,0.9314971564085651,0.06991730349068583
36234.163233231506,0.027634457875733005,0.8232764057195591,0.02275079715394203,0.7080000598866157,0.01956519783095313,0.03982933931882619,0.8491397486190964,0.03382067517685276,0.7496126741170432,0.029856577555100395,0.054731168495947766,0.8848117573477897,0.04842678137859753,0.807862933953147,0.04421528235982041,0.075440188727327,0.9586522271303962,0.07232090493858943,0.9311580980141504,0.07024674264916636
36909.16910662775,0.02758960015606033,0.8231892388950148,0.022711461953885084,0.7078332334127094,0.019528835887027977,0.03977524140470259,0.8490188193816903,0.03376992849804231,0.7493883750407504,0.029807103523123647,0.05469473632765385,0.8846293225700256,0.048384567545678596,0.8075352455371121,0.04416792732993956,0.07503426746585443,0.9584630929437711,0.07191757607209301,0.930820394724043,0.06984342646039603
37596.7496578546,0.02754516347506816,0.8231029812850887,0.022672506176313736,0.707668110673289,0.019492833794588372,0.03972175977781227,0.8488991940329017,0.03371976986095337,0.7491664315860934,0.02975820902906363,0.054605935698461915,0.8844488135898992,0.04829615504347096,0.8072109345024971,0.04407850838453871,0.07533337834476234,0.9582714093499445,0.07218982263752799,0.9304761734427083,0.07009591361474625
38297.13914046277,0.02750114222774297,0.8230176221057519,0.0226339246814691,0.7075046722925672,0.019457186619510573,0.03966958085601632,0.8487808529273436,0.03367078067423976,0.7489468156557879,0.02971040626051323,0.05454843068637741,0.8842701603549183,0.0482355495501521,0.8068899768737361,0.044014581975029665,0.07523176938969778,0.9580792884962427,0.07207800008919506,0.9301265758486393,0.06997506805747407
39010.57617190993,0.027457531861730857,0.8229331507279516,0.022595713206187293,0.7073428991560587,0.019421890190746558,0.03961701562644759,0.848663782934152,0.033621526350102425,0.7487294995428452,0.02966242828337118,0.05449779668690591,0.8840933457317331,0.048181139407934406,0.8065723447770625,0.04395641565894133,0.07533437540936033,0.9578859919062501,0.07216174291363293,0.9297751811396252,0.07004403254227853
39737.303814856044,0.027414327524078803,0.8228495566744058,0.022557867249715206,0.7071827724061519,0.019386940142128325,0.03956478207289983,0.8485479663601827,0.033572615367442965,0.7485144559463865,0.029614811327933966,0.05440905171504164,0.883918384201971,0.04809316107792108,0.806258012515708,0.04386773389863384,0.07554771943059213,0.9576942513110843,0.07235161659834079,0.929429783666032,0.07021630052683733
40477.56965997314,0.02737152587737051,0.8227668296172428,0.022520383567910456,0.7070242734381519,0.019352333196341456,0.03951350446150262,0.8484333889175505,0.033524576498281417,0.7483016579333595,0.029568020899299604,0.054352972480700465,0.8837452898651061,0.04803418341998677,0.8059469571534777,0.04380561278306725,0.07545561803692452,0.9575073471164087,0.07224930865156463,0.9290917089430493,0.07010518911128018
41231.62591029749,0.02732912426176648,0.8226849593763025,0.02248325948308128,0.7068673838957694,0.01931806657107727,0.03946297791732968,0.8483200343543819,0.03347723478255533,0.748091078958363,0.029521901729085216,0.05430919252767193,0.883574056671406,0.0479861935562235,0.8056391457039509,0.04375361147186501,0.07587149186483853,0.9573255640351144,0.07263371874369214,0.9287581143456073,0.07046626371697552
41999.72946715306,0.027287119045086166,0.8226039359168889,0.022446491526320576,0.7067120856673176,0.019284136812205227,0.03941295453560979,0.8482078885805443,0.03343037894937057,0.747882692849605,0.0294762665712509,0.05423846629381122,0.8834046656302991,0.047914514180584546,0.8053345398342444,0.04368011029404163,0.07562617143402313,0.9571412220536373,0.07238492614559877,0.9284216264093255,0.07021297308188622
42782.14201767613,0.02724550478682893,0.8225237493451287,0.022410074750063184,0.7065583608816179,0.019250539203574123,0.0393633640188643,0.8480969356239108,0.03338394840024732,0.7476764738006672,0.029431061206556516,0.05415708700450638,0.8832370993627764,0.04783354843579773,0.8050331191997291,0.043598248678008884,0.07617024661169758,0.9569472861182333,0.07289091077802055,0.9280748154946128,0.07069168757033038
43579.13012397021,0.02720427940016321,0.8224443899062012,0.022374006974105066,0.7064061919041601,0.01921727141456608,0.03931420288567376,0.8479871620341188,0.03333793933265606,0.7474723963668364,0.02938628144220656,0.05408969795343278,0.8830713347846431,0.04776506176983606,0.8047348575802183,0.04352786537911276,0.07597660011659103,0.9567520722009472,0.07269076960033119,0.9277245379542912,0.07048535623850237
44390.96531392167,0.02716343776023072,0.8223658479833792,0.02233828352783588,0.7062555613330616,0.019184328983087428,0.039265429655503975,0.8478785525211529,0.03329231566042986,0.7472704354612024,0.029341894717239667,0.054038005343056354,0.8829073463490406,0.047710551899433164,0.8044397159710172,0.043470317669808564,0.07643214347989442,0.9565622431753664,0.07311210261782927,0.9273768201915374,0.07088139818080784
45217.92417370702,0.027122977347315603,0.8222881140935168,0.022302901891525322,0.7061064519954424,0.019151709302265778,0.039216944094237066,0.8477710931395079,0.033246991564362324,0.7470705663470998,0.029297824634884236,0.05399292101753156,0.8827451164887001,0.04766198735318608,0.8041476735386036,0.04341828182380158,0.0761788329552679,0.9563763662736368,0.07285563544872548,0.9270374090346097,0.07062062792613188
46060.28844202398,0.027082894146895752,0.8222111788865387,0.022267858324178495,0.7059588469438792,0.01911940872384566,0.039168743264425876,0.8476647702660032,0.03320196376084762,0.7468727646329987,0.0292540675691019,0.053948140869481,0.8825846225555322,0.04761379954686357,0.8038586961913232,0.043366682181286836,0.07662727384130237,0.9561840058615066,0.07326977365982314,0.9266933400955167,0.07100998433841031
46918.34510607789,0.02704318443077324,0.8221350331418689,0.02223314932825543,0.7058127294525816,0.01908742381617362,0.03912110198499564,0.8475595697285057,0.03315746436570789,0.7466770062677468,0.02921082731205175,0.05390221076985684,0.8824258427691267,0.047564703765710016,0.8035727498384901,0.04331434773070774,0.07649221362996045,0.955988109442021,0.07312564669514107,0.9263395924012078,0.07085776599584367
47792.38649935595,0.02700384476672691,0.8220596677670438,0.022198771657368346,0.7056680830138414,0.019055751370539532,0.03907407874005958,0.8474554779133116,0.03311354207267956,0.7464832675331947,0.029168145973729014,0.05385599872436467,0.882268761361881,0.04751546528645226,0.8032898100587692,0.04326197498582021,0.07666521290062425,0.9558024082781945,0.07327679512157717,0.9259988147464016,0.0709918962782586
48682.710401222845,0.026964871703007553,0.8219850737949834,0.022164722056668924,0.7055248913347536,0.019024388178119977,0.039027281675164796,0.8473524816488064,0.033069863979457874,0.7462915250401008,0.029125729559528316,0.05381010868748213,0.8821133616191598,0.04746661586340721,0.8030098453672281,0.04321004705632876,0.07668109403723838,0.9556080354633769,0.07327706963010784,0.9256504112070417,0.07097988622737554
49589.62013837212,0.026926261806513863,0.8219112423821208,0.022130997294098058,0.7053831383335438,0.018993331056669387,0.03898106184672507,0.8472505678014932,0.03302672678314294,0.7461017557219262,0.029083838683746564,0.053762957965360694,0.8819596310831624,0.04741675857306909,0.8027328235703866,0.04315729105102999,0.07651935298120885,0.9554142126900493,0.07310767738409363,0.9253013731866047,0.07080346238886306
50513.424688167564,0.02688801166026544,0.8218381648062923,0.022097594158162738,0.705242808136423,0.018962576848490485,0.03893517390583081,0.8471497233237659,0.03298392180188728,0.7459139368302216,0.029042288849267572,0.05371017279012215,0.8818075623819039,0.04736203654316848,0.8024587148699984,0.043100196232606976,0.07687151654246921,0.9552254707016787,0.07342963057283203,0.9249580779905657,0.0711029301933423
51454.438783909245,0.026850117781175263,0.8217658324645762,0.022064509390219412,0.7051038850742335,0.018932122362207437,0.03888982380942789,0.8470499353757611,0.03294162274455063,0.7457280459291229,0.02900123231593254,0.053648061026110895,0.8816571445891114,0.047299196297023324,0.8021874874576295,0.04303580328150947,0.07657770967231224,0.9550318310720802,0.0731341502876545,0.9246100875030253,0.07080452284089789
52412.983022060616,0.02681257677506648,0.8216942368713416,0.022031739811742508,0.7049663536792288,0.01890196448186299,0.038844781751198154,0.8469511913403267,0.03289963418153226,0.7455440608897018,0.028960496331162454,0.053582154254153594,0.8815083558884489,0.04723311670154019,0.8019191112032383,0.042968553515845664,0.07699271229298951,0.9548438893598453,0.07351602085820168,0.9242713132502687,0.07116215530174153
53389.3839714735,0.026775385356182096,0.8216233696562785,0.021999282340191707,0.7048301986819214,0.018872100180382836,0.03880020641954636,0.8468534787982492,0.032858089784483,0.7453619598853388,0.02892019790082878,0.05352705907941188,0.881361159976389,0.04717667088035516,0.8016535539388263,0.042910157142904054,0.07686040627189669,0.9546480110987452,0.0733746339797077,0.9239192428581561,0.07101280836850106
54383.974284647906,0.026738540236392896,0.821553222562413,0.02196713389782333,0.7046954050079244,0.018842526441205574,0.03875609550637413,0.8467567855100063,0.03281698684989616,0.7451817213865882,0.02888033396366289,0.05347961094018476,0.8812155284052767,0.04712706361356353,0.8013907864893498,0.0428580674724991,0.07677115794983325,0.9544584138386734,0.0732748776453561,0.9235754933617291,0.07090396007946848
55397.09281106401,0.02670203807596335,0.8214837874443244,0.021935291371124932,0.7045619577750738,0.018813240223385302,0.03871238498272005,0.8466610994080278,0.03277627043017658,0.7450033241562527,0.028840855498143032,0.0534196641144932,0.8810714574010461,0.047066541315230886,0.8011307793154069,0.04279613714281121,0.0772015341174004,0.9542618127116259,0.07367047589098893,0.9232245683675204,0.07127435301284739
56429.08471262542,0.026665875718013276,0.8214150562661424,0.021903751803297837,0.7044298422902393,0.018784238626571213,0.038669066663482715,0.8465664085922919,0.03273593288892048,0.7448267472445727,0.02880175514194537,0.05336412498001875,0.8809289479786279,0.047010002478447936,0.8008735002960692,0.04273791356298452,0.07689645853984499,0.9540730858642157,0.07336484149113963,0.9228821660670441,0.0709663702201368
57480.30158125351,0.026630049904675043,0.8213470210998748,0.02187251216094585,0.7042990440466044,0.018755518690776,0.03862614931192014,0.8464727013260905,0.032695980949885954,0.744651969984279,0.028763038178028236,0.05331466866287679,0.8807879696815462,0.046958918765819604,0.8006189204591275,0.04268473246950849,0.07691438935911314,0.9538802697041896,0.0733671184660039,0.9225347284806962,0.070956195303668
58551.10155867233,0.026594557468196996,0.8212796741234685,0.021841569490938684,0.7041695487205757,0.018727077530803694,0.03858363834848453,0.846379966038476,0.03265641851503118,0.7444789719863314,0.028724707413172155,0.053255901727495156,0.8806484862252821,0.046899729238881,0.8003670085363406,0.04262426675254063,0.0772810312657923,0.9536872673969854,0.07370193552949446,0.9221905023640116,0.07126783304620989
59641.84945842461,0.02655939528209856,0.8212130076191866,0.021810920880158992,0.7040413421691383,0.01869891230160935,0.038541526534277844,0.846288191333337,0.03261723878191981,0.7443077331350247,0.028686756246291748,0.05320789480832078,0.8805105027085315,0.04685011020573719,0.8001177354882067,0.04257258030412833,0.07697067366935763,0.9534977393772107,0.0733913633420735,0.9218462839741381,0.07095512949708337
60752.91689016077,0.026524560221504907,0.821147013971813,0.021780563422804284,0.7039144104269744,0.018671020170155407,0.038499790918399,0.8461973659907603,0.03257842166634423,0.7441382335834439,0.02864916640734935,0.05315172464946032,0.8803740025713944,0.04679339657321803,0.7998710718574837,0.04251452696643767,0.07691445025290929,0.9533028325982155,0.07332276329383296,0.9214965684945493,0.07087640197570062
61884.682386243825,0.02649004919860421,0.8210816856670827,0.0217504942493939,0.7037887397039075,0.018643398340180164,0.0384584312957566,0.8461074789362821,0.03253996634749683,0.7439704537493442,0.02861193658159202,0.05310068536620095,0.8802389479954681,0.046741291424583074,0.7996269873826939,0.04246074106733157,0.07731212539781769,0.953107722204809,0.07368678373672659,0.9211485299430779,0.07121595065697467
63037.53153071269,0.026455859157035504,0.8210170152898977,0.021720710522039197,0.7036643163820412,0.018616044048034953,0.038417478322363724,0.8460185192270749,0.03250189812272441,0.7438043743106778,0.028575088426159776,0.05305196646483745,0.8801053452134685,0.04669131925978912,0.7993854532854955,0.04240897026018099,0.07722417724280875,0.952915548760213,0.07358811923488705,0.9208017546949002,0.07110815791004828
64211.85709064759,0.02642198707807116,0.8209529955228396,0.02169120943940828,0.7035411270133216,0.018588954566837606,0.03837689228588345,0.8459304760987792,0.03246418276258896,0.7436399762014464,0.028538591266159843,0.05299698118358173,0.8799731620305875,0.046635921110191964,0.7991464405634008,0.04235234887346487,0.07695382090740593,0.952723274815757,0.07331569626448906,0.920456480648809,0.0708326431649096
65408.05914998259,0.026388429965056834,0.8208896191444659,0.021661988223835915,0.703419158316801,0.018562127195322128,0.038336696529638774,0.8458433389388472,0.03242683939651498,0.7434772406073371,0.028502461349856713,0.05294555080513242,0.8798423876003166,0.046583739833201576,0.7989099204149968,0.04229872578005651,0.07708063182326289,0.9525310219418885,0.07342169300253905,0.9201102502325113,0.07092267943498248
66626.5452458115,0.02635518484766588,0.8208268790278506,0.02163304412471168,0.7032983971762476,0.01853555926064714,0.038296863858519964,0.8457570972618385,0.032389844411213654,0.7433161489618766,0.028466677360632332,0.05289853177946407,0.8797130054603507,0.04653552637615221,0.7986758644658037,0.04224878059793526,0.07741578173756446,0.9523356071736034,0.07372580550586261,0.9197601661352215,0.07120395227243033
67867.73050723289,0.026322248785652883,0.820764768139035,0.021604374421454384,0.7031788306376286,0.018509248120848136,0.03825740749459857,0.845671740751539,0.03235320839259814,0.7431566829422692,0.028431248051656585,0.052851667816498034,0.8795849966565146,0.046487534059665644,0.7984442442407359,0.042199109966606196,0.07733602299924834,0.9521409601339644,0.07363479519144667,0.9194131288348085,0.07110375487737963
69132.03779678128,0.02628961888072118,0.8207032795354992,0.02157597643314625,0.7030604459066351,0.018483191172995326,0.03821832258594588,0.8455872592138265,0.03231692664719986,0.7429988244657284,0.028396168754409788,0.05280361934211304,0.8794583463385899,0.04643858374730712,0.7982150319642198,0.04214864270099126,0.07708290259555237,0.9519457551454473,0.07337874192012606,0.9190632093754588,0.07084405984744424
70419.89785449296,0.026257292246615316,0.8206424063647936,0.02154784749388603,0.7029432303464251,0.018457385831985914,0.03817960123130496,0.8455036426103225,0.0322809919144779,0.7428425556854086,0.02836143255371235,0.052755105133776944,0.8793330401413028,0.04638930698025813,0.7979881999971492,0.042097951386363026,0.07699073422391609,0.9517510343786623,0.07327601093518481,0.9187167607498331,0.0707326779539475
71731.74944465613,0.026225266030030996,0.8205821418629881,0.021519984969849495,0.70282717147512,0.018431829545069233,0.03814123990518647,0.8454208810311066,0.03224540064426154,0.7426878589866153,0.02832703580427779,0.052707085978318066,0.8792090563433508,0.04634054732560488,0.7977637211051101,0.042047801038669994,0.07718526733927727,0.9515569938578253,0.07344618095947528,0.9183688862711098,0.07088454800290994
73068.03950529492,0.026193537405015305,0.8205224793533505,0.021492386254597887,0.7027122569636242,0.018406519787739415,0.0381032355652266,0.8453389647040455,0.03221014970458302,0.7425347169832969,0.028292975236573426,0.05266028528288253,0.8790863878295115,0.04629293997140079,0.7975415681856101,0.04199876650561173,0.07746179098996543,0.9513625021514585,0.0736942432973468,0.9180226254446583,0.07111167673625345
74429.22330043757,0.026162103577542294,0.8204634122449356,0.021465048772735786,0.7025984746333254,0.01838145406678028,0.03806558383094533,0.8452578839930371,0.03217523484190442,0.7423831125143187,0.028259246604091917,0.05261478992407466,0.8789650113299883,0.04624655942173923,0.7973217144615536,0.04195091450829769,0.07754545976204665,0.9511677419381344,0.07375873985942037,0.9176744088947332,0.07116148394960647
75815.76457522118,0.026130961771591875,0.8204049340312347,0.02143796996839555,0.7024858124538786,0.018356629910317963,0.03802828078953987,0.8451776293904507,0.032140652207497726,0.742233028639978,0.028225846024391668,0.052569199044480486,0.878844913574572,0.04620017319093092,0.7971041336204086,0.041903125859469426,0.07738577654667374,0.9509735050987456,0.07359182316737863,0.9173276406406129,0.07098811181870189
77228.13571388643,0.02610010924276155,0.8203470382888485,0.021411147316314837,0.7023742585410311,0.018332044877224556,0.037991326577534755,0.8450981915171558,0.03210640138401228,0.7420844486382645,0.02819277263632612,0.05252169913373006,0.8787260829242668,0.04615218694830947,0.7968887994564191,0.0418539537680894,0.07712779683317425,0.9507809301732068,0.07333163841525553,0.9169831387435492,0.0707248892244589
78666.81790071575,0.026069543273865178,0.8202897186761577,0.021384578318134787,0.702263801154443,0.018307696553864803,0.03795471580201366,0.8450195611214567,0.0320724772895072,0.741937356001826,0.028160021489946736,0.05247472569550338,0.878608501206165,0.046104740094530854,0.796675686248167,0.04180533810414947,0.07691796236324584,0.9505885022007396,0.07311733063521073,0.9166383284164946,0.07050595244584852
80132.30128396886,0.02603926117369101,0.8202329689321003,0.021358260501294943,0.7021544286956642,0.018283582553070204,0.037918446232639215,0.8449417290763214,0.0320388775236937,0.7417917344343585,0.02812758999796541,0.05243044344851546,0.8784921522245123,0.04605973310717193,0.7964647684802256,0.04175900100253743,0.0768146672903181,0.9503957534253988,0.07300433359350321,0.9162942491224567,0.07038483788637337
81625.0851428722,0.02600926027683866,0.8201767828748859,0.021332191418813096,0.7020461297060279,0.01825970051387131,0.037882513309360495,0.8448646863771471,0.032005597726290955,0.7416475678473841,0.028095473859833367,0.052384152405084664,0.8783770228820104,0.04601303583577577,0.7962560209951829,0.041711196757277955,0.0768156753312085,0.9502030376858546,0.07299048804160468,0.9159504776124457,0.070359354507743
83145.67805772049,0.025979537942180636,0.8201211544007723,0.021306368647939847,0.7019388928646261,0.018236048100268822,0.037846915145402366,0.844788424139682,0.03197263580423273,0.7415048403569354,0.028063670772894064,0.05234026283603872,0.8782630997484365,0.04596852148002726,0.7960494189359043,0.041665435817581135,0.076887026877335,0.9500109540634721,0.07304351775884084,0.9156075191754645,0.07039833993593395
84694.59808314577,0.025950091552765047,0.8200660774828569,0.021280789789997052,0.7018327069863213,0.018212623001019963,0.03781164836218327,0.8447129335981576,0.0319399884122018,0.7413635362805451,0.02803217734238467,0.05229494341496489,0.8781503684686254,0.045922823828897334,0.7958449378025348,0.04161866598946981,0.07698459702021644,0.9498189403444326,0.07312142836458514,0.9152644528405981,0.07046126506886234
86272.37292461451,0.025920918521120002,0.8200115461698704,0.021255452474646844,0.7017275610197539,0.018189422933217306,0.03777670961910115,0.8446382061032741,0.03190765224516189,0.7412236401340491,0.028000990216157103,0.05225179858584025,0.8780388145234214,0.04587910728702776,0.7956425533189515,0.04157375444234552,0.07710519186757085,0.9496259710802955,0.07322109270257447,0.9149206726554716,0.07054513400870713
87879.54011821312,0.025892016280926584,0.8199575545850607,0.02123035435298514,0.701623444045487,0.018166445636305532,0.037742095682930216,0.8445642331203679,0.0318756240968095,0.7410851366285428,0.027970106135831875,0.052208212796356075,0.8779284238102543,0.045835073970255234,0.7954422416017481,0.04152861781675455,0.07722908417252576,0.9494347565861989,0.07332397673271707,0.9145791945908164,0.07063211360149498
89516.64721378284,0.025863382292360713,0.8199040969250302,0.021205493101844827,0.7015203452740834,0.0181436888756925,0.037707803498969655,0.8444910062276795,0.0318439009194805,0.7409480106673854,0.02793952198919824,0.05216435669896191,0.8778191825535271,0.04579087295591335,0.7952439790393666,0.04148339058531131,0.07734291928545069,0.9492430493345452,0.07341722854695681,0.914237682294743,0.07070981126943982
91184.25196146562,0.02583501403885207,0.819851167458616,0.021180866421062605,0.7014182540442494,0.01812115044034029,0.03767383034958561,0.8444185171143442,0.03181247995781446,0.7408122473432663,0.027909234927305467,0.052121376186163824,0.8777110772129392,0.045747509238178684,0.7950477423270108,0.04143898246378638,0.07742141342083493,0.949052327183211,0.07347697258085688,0.9138978440935376,0.07075526281197551
92882.92250172498,0.025806909028664345,0.8197987605257953,0.021156472034700984,0.7013171598210169,0.018098828143742238,0.037640173009983596,0.8443467575784442,0.03178135803567132,0.7406778319352662,0.027879241738702973,0.05207920349263369,0.8776040944138191,0.045704922218945794,0.7948535084778685,0.04139533761485275,0.07743935170983225,0.9488616053412358,0.073479227579976,0.913557709037594,0.07074531673739085
94613.2375589076,0.025779064793592613,0.8197468705365804,0.02113230768990728,0.7012170521939113,0.018076719822878853,0.03760682858934523,0.8442757195256746,0.03175053226634815,0.7405447499061757,0.02784953947246108,0.05203751491082783,0.8774982209115347,0.04566282675490888,0.7946612547831775,0.041352196894836754,0.07735457076750349,0.9486711307090567,0.07338404811552128,0.9132193779095857,0.07064169299476256
96375.78663841069,0.025751478889687072,0.8196954919700107,0.02110837115743739,0.7011179208752608,0.01805482333860057,0.037573794028563146,0.8442053949671794,0.0317199996282986,0.7404129868995184,0.027820125065835727,0.05199609453585341,0.8773934437255014,0.04562103244508915,0.7944709588287262,0.04130938708124855,0.07717290883840583,0.9484819701438365,0.07319711261678186,0.912881448234025,0.0704497167848363
98171.17022752184,0.02572414889525214,0.8196446193730889,0.021084660229945602,0.7010197556984307,0.01803313657409971,0.03754106651789755,0.8441357760181837,0.0316897573176357,0.7402825287369775,0.027790995653352277,0.051954776347478894,0.8772897503194916,0.04557939276978479,0.7942825985204088,0.041266774762822214,0.0769761889677654,0.9482916311123974,0.07299587579305838,0.912543173961012,0.07024409580006727
100000.0,0.02569707241354699,0.8195942473597424,0.021061172724129842,0.7009225466160917,0.018011657436681473,0.03750864315628842,0.8440668548961389,0.03165980246034995,0.7401533614156577,0.02776214831426728,0.05191363910101582,0.8771871284160849,0.04553797600864905,0.7940961520249117,0.04122442104772666,0.07686876081777257,0.9481015524742149,0.07287939146809927,0.9122055032385317,0.07012010664509855
