Xdata,P_Band4_nterms2,omega_Band4_nterms2,P_times_omega_Band4_nterms2,P_Band5,omega_Band5,P_times_omega_Band5,P_Band5_robust_minus1,omega_Band5_robust_minus1,P_times_omega_Band5_robust_minus1,P_Band6,omega_Band6,P_times_omega_Band6,P_Band7_nterms2,omega_Band7_nterms2,P_times_omega_Band7_nterms2
30.0,0.9999943338363236,0.19165805786536316,0.1916569718994374,0.9999891058357079,0.25030784184370836,0.2503051149489557,0.9999891058357079,0.25030784184370836,0.2503051149489557,0.9999679002655246,0.37510836130536823,0.3750963204265708,0.9998355878669009,0.5920722719381927,0.5919749280730144
31.943887775551104,0.9999934327133861,0.20745309008060425,0.20745172767670275,0.9999873699717233,0.26924064072722204,0.2692372402103164,0.9999873699717233,0.26924064072722204,0.2692372402103164,0.9999627570809707,0.39820228747290964,0.39818745725736,0.9998086580389517,0.6146305277972408,0.6145129231867319
33.8877755511022,0.9999923474720043,0.22405022159719692,0.2240485070466037,0.9999852783045317,0.28888564153159885,0.28888138864515905,0.9999852783045317,0.28888564153159885,0.28888138864515905,0.999956549730344,0.42154726034399587,0.42152894400186114,0.9997759410558763,0.6364692553181301,0.6363266486888164
35.831663326653306,0.9999910550154092,0.24137502304606887,0.2413728639502071,0.9999827857657093,0.3091251427858399,0.3091198214332069,0.9999827857657093,0.3091251427858399,0.3091198214332069,0.9999491394339918,0.444967410944056,0.44494477964968016,0.9997365896637088,0.6574654766867495,0.6572922934844356
37.77555110220442,0.9999895308701156,0.25934541907460207,0.25934270395372483,0.9999798444707745,0.3298370708344775,0.32983042279375663,0.9999798444707745,0.3298370708344775,0.32983042279375663,0.9999403774909476,0.4682981392410709,0.46827021813102476,0.9996896644860453,0.677528835671083,0.6773185744116459
39.719438877755515,0.9999877491511459,0.2778734303363905,0.2778700261509949,0.9999764036217326,0.3508978421556,0.35088956223738327,0.9999764036217326,0.3508978421556,0.35088956223738327,0.9999301046687834,0.49138929783839647,0.49135495202066776,0.9996341211673642,0.6965986013026924,0.696343730619632
41.66332665330661,0.9999856825247856,0.2968669988760344,0.296862748490136,0.9999724094007556,0.3721850656073068,0.3721747967983169,0.9999724094007556,0.3721850656073068,0.3721747967983169,0.9999181505178162,0.5141074048353936,0.514065325410521,0.9995687952239904,0.7146399758393682,0.7143318196686589
43.60721442885772,0.999983302169139,0.3162318254262491,0.3162265450407153,0.9999678048550819,0.39357998414762807,0.39356731278300155,0.9999678048550819,0.39357998414762807,0.39356731278300155,0.9999043326036421,0.5363369246555433,0.5362856146983909,0.9994923842336224,0.7316401085845446,0.7312687165301129
45.55110220440882,0.9999805777324777,0.3358731517935829,0.33586662837537523,0.9999625297726408,0.414969581187812,0.41495403218325777,0.9999625297726408,0.414969581187812,0.41495403218325777,0.9998884556495856,0.5579807108776663,0.5579184712817277,0.9994034269191989,0.7476041243532415,0.7471581238575565
47.49498997995992,0.9999774772891874,0.35569742962843315,0.3556894183580888,0.9999565205475092,0.4362483041162054,0.4362293362787924,0.9999565205475092,0.4362483041162054,0.4362293362787924,0.9998703105787173,0.5789597406677569,0.5788846557140438,0.9993002786127082,0.762551382911157,0.7620178093996252
49.43887775551103,0.9999739672930033,0.37561382757727274,0.3756040493325555,0.9999497100340359,0.4573193840549692,0.4572963854787103,0.9999497100340359,0.4573193840549692,0.4572963854787103,0.999849673443426,0.5992122875330824,0.5991222100132407,0.9991810824835657,0.776512104078652,0.7758762047148988
51.38276553106213,0.9999700125271475,0.3955355410883111,0.39552367997701054,0.9999420273883032,0.47809575468575793,0.47806803822621763,0.9999420273883032,0.47809575468575793,0.47806803822621763,0.9998263042290371,0.618692680847817,0.618585216545628,0.9990437358228572,0.7895244272591047,0.7887694333323376
53.326653306613224,0.9999655760509552,0.4153808819077594,0.41536658285744643,0.9999333978954432,0.4985005925688242,0.49846739138023627,0.9999333978954432,0.4985005925688242,0.49846739138023627,0.9997999455164785,0.6373697908500982,0.6372422821657775,0.9988858505552138,0.801631925012278,0.8007387872481027
55.270541082164335,0.999960619142542,0.43507413669683037,0.4350570031042694,0.999923742781252,0.5184675160764731,0.518427979185686,0.999923742781252,0.5184675160764731,0.518427979185686,0.9997703209874678,0.6552253606083575,0.6550748690945468,0.9987047070180409,0.8128815565083177,0.8118286367330085
57.21442885771544,0.9999551012370556,0.45454619535836843,0.45452578679649575,0.9999129790064363,0.5379404897410003,0.5378936776251049,0.9999129790064363,0.5379404897410003,0.5378936776251049,0.9997371337540413,0.6722522853933045,0.672075572958706,0.9984971998971994,0.823322025675952,0.8220847372511282
59.15831663326654,0.9999489798600465,0.4737349591165911,0.4737107890926761,0.9999010190417493,0.5568734858296435,0.5568183659583916,0.9999010190417493,0.5568734858296435,0.5568183659583916,0.9997000644924396,0.6884529178400307,0.6882464263646869,0.9982597750383213,0.8330024976569058,0.8315528859173426
61.10220440881764,0.9999422105554829,0.49258554579563446,0.49255707955056577,0.9998877706221792,0.5752299559778873,0.575165398277824,0.9998877706221792,0.5752299559778873,0.575165398277824,0.9996587693593262,0.703837456296487,0.7035972853903447,0.997988355663115,0.8419716230305625,0.8402778755832752
63.046092184368746,0.9999347468079205,0.5110503150071622,0.5110169673427948,0.9998731364782419,0.5929821635833011,0.5929069357776893,0.9998731364782419,0.5929821635833011,0.5929069357776893,0.9996128776663499,0.7184224551181205,0.7181443377407486,0.9976782563105916,0.8502768198398908,0.8483026949991773
64.98997995991984,0.9999265399583219,0.5290887391665575,0.529049872285727,0.9998570140423209,0.610110423274687,0.6100231860515251,0.9998570140423209,0.610110423274687,0.6100231860515251,0.999561989284903,0.7322294800394319,0.7319087556812648,0.9973240825960229,0.8579637669007294,0.855667926724898
66.93386773547094,0.9999175391130145,0.5466671476273706,0.5466220689694914,0.999839295127856,0.62660228796262,0.6265015899220477,0.999839295127856,0.62660228796262,0.6265015899220477,0.9995056717540219,0.745283919291704,0.7449155043991249,0.9969196146396936,0.8650760668663557,0.8624112992144292
68.87775551102204,0.9999076910452351,0.5637583710543711,0.5637063311083991,0.9998198655790377,0.6424517174697587,0.6423359898016361,0.9998198655790377,0.6424517174697587,0.6423359898016361,0.9994434570561838,0.7576139517183968,0.7571923070194312,0.9964576717707282,0.871655043116554,0.868567354851135
70.82164328657315,0.9998969400887027,0.580341311784952,0.5802815018608373,0.9997986048884918,0.6576582561087904,0.6575258069509671,0.9997986048884918,0.6576582561087904,0.6575258069509671,0.9993748380259431,0.769249666391687,0.768768760751703,0.995929955870788,0.8777396401405555,0.8741672010712248
72.76553106212424,0.9998852280226188,0.5964004636965461,0.5963320136360166,0.9997753857802647,0.6722262402465226,0.672075248674084,0.9997753857802647,0.6722262402465226,0.672075248674084,0.9992992643510386,0.7802223237494478,0.779675594153081,0.9953268705078173,0.8833664023263309,0.8792383167392164
74.70941883767534,0.9998724939474737,0.6119254023185244,0.6118473781260342,0.999750073755194,0.6861640511465794,0.6859925607419555,0.999750073755194,0.6861640511465794,0.6859925607419555,0.9992161381215751,0.7905637455892696,0.7899440528066373,0.9946373128505687,0.8885695107589889,0.8838043904622652
76.65330661322645,0.9998586741509858,0.6269102628721465,0.6268216642469904,0.9997225265955465,0.6994834233816104,0.6992893353347659,0.9997225265955465,0.6994834233816104,0.6992893353347659,0.9991248088781667,0.8003058199556266,0.7996053994072498,0.9938484352935615,0.8933808617027686,0.8878851715245103
78.59719438877757,0.9998437019634763,0.641353220811533,0.641252978562402,0.9996925938255401,0.7121988149142146,0.7119798806010669,0.9996925938255401,0.7121988149142146,0.7119798806010669,0.9990245681047636,0.809480106666532,0.8086905139519301,0.9929453738211613,0.8978301738762952,0.8914963176275161
80.54108216432866,0.9998275076019276,0.6552559864390203,0.6551429597625681,0.9996601161241088,0.7243268415586905,0.7240806545443695,0.9996601161241088,0.7243268415586905,0.7240806545443695,0.9989146431062264,0.8181175296378947,0.8172295801371852,0.9919109404852493,0.9019451144755155,0.8946492267654844
82.48496993987976,0.999810018001929,0.6686233223961978,0.6684962960014521,0.9996249246861815,0.7358857758999848,0.7356097633116545,0.9996249246861815,0.7358857758999848,0.7356097633116545,0.9987941902045384,0.8262481430307215,0.825251844926373,0.9907252780824173,0.9057514362038833,0.8973508435066412
84.42885771543087,0.999791156636659,0.681462590360204,0.6813202714208421,0.9995868405271716,0.7468951087828614,0.7465865219934585,0.9995868405271716,0.7468951087828614,0.7465865219934585,0.9986622871808417,0.8339009593792327,0.8327854393759627,0.989365476353167,0.9092731193987911,0.899603432909115
86.37274549098198,0.9997708433220034,0.6937833311400954,0.6936243460566819,0.9995456737280907,0.7573751700892003,0.757031074651737,0.9995456737280907,0.7573751700892003,0.757031074651737,0.9985179248832325,0.841103829117311,0.8398572500615584,0.987805150995664,0.9125325147578909,0.9014043185288714
88.31663326653309,0.9997489940068348,0.705596880579023,0.7054197715332391,0.9995012226143374,0.7673468046136322,0.7669640693805305,0.9995012226143374,0.7673468046136322,0.7669640693805305,0.9983599979124197,0.8478833622077825,0.8464928317237371,0.9860139897541943,0.9155504832243982,0.9027455847854694
90.26052104208418,0.999725520547429,0.7169160222129217,0.7167192434956053,0.9994532728637201,0.7768310983119509,0.7764063836701975,0.9994532728637201,0.7768310983119509,0.7764063836701975,0.998187294289022,0.8542648838273698,0.8527163529937679,0.9839572741288073,0.9183465303356367,0.9036137486947011
92.20440881763527,0.9997003304649116,0.7277546764901822,0.72753659058462,0.9994015965377026,0.7858491499647664,0.785378895112584,0.9994015965377026,0.7858491499647664,0.785378895112584,0.9979984839973597,0.8602724172280183,0.8585505682183063,0.9815953912273291,0.9209389328170969,0.9039894120550772
94.14829659318637,0.9996733266845536,0.7381276254860254,0.7378864988873852,0.9993459510295521,0.7944218832880813,0.7939022924732154,0.9993459510295521,0.7944218832880813,0.7939022924732154,0.9977921062912437,0.8659286879591477,0.8640168094567711,0.9788833583340797,0.9233448554551791,0.9038469130084611
96.09218436873748,0.9996444072556602,0.7480502714128717,0.7477842701639559,0.9992860779225785,0.8025698946728601,0.8019969223063793,0.9992860779225785,0.8025698946728601,0.8019969223063793,0.99756655563747,0.8712551445847629,0.8691349936648479,0.9757703932524199,0.9255804563467066,0.9031540058761801
98.0360721442886,0.999613465050908,0.7575384267959376,0.7572456117187009,0.9992217017510828,0.8103133319959489,0.8096826665485822,0.9992217017510828,0.8103133319959489,0.8096826665485822,0.9973200661626636,0.8762719918627035,0.8739236409010005,0.9721995765962218,0.9276609785500458,0.9018716105711914
99.97995991983969,0.9995803874426888,0.7666081339176035,0.7662864555180748,0.9991525286560622,0.8176718002743619,0.8169788468548833,0.9991525286560622,0.8176718002743619,0.8169788468548833,0.9970506944588772,0.8809982330749282,0.8783999001044009,0.9681076678451525,0.9296008260124077,0.8999536876977994
101.92384769539079,0.9995450559568647,0.7752755109942554,0.7749228040187399,0.9990782449270577,0.8246642903027082,0.8239041518096473,0.9990782449270577,0.8246642903027082,0.8239041518096473,0.9967563005932433,0.8854517188154156,0.8825795796003824,0.9634251544522132,0.9314136215020267,0.8973473121544853
103.86773547094188,0.9995073459003911,0.7835566225206302,0.7831706001382698,0.998998515420886,0.8313091267959113,0.8304765835249485,0.998998515420886,0.8313091267959113,0.8304765835249485,0.9964345271572258,0.8896492000656426,0.8864771800032127,0.9580766310116426,0.9331122442401868,0.8939930353173512
105.81162324649299,0.9994671259619651,0.7914673712557447,0.7910456188416508,0.9989129818472353,0.8376239329393703,0.836713420519075,0.9989129818472353,0.8376239329393703,0.836713420519075,0.9960827761820964,0.8936063838278138,0.8901059276172527,0.9519816205265925,0.9347088451402736,0.8898256411171775
107.75551102204409,0.9994242577836392,0.7990234094244207,0.7985633779157546,0.9988212609103561,0.8436256086144844,0.8426311941325859,0.9988212609103561,0.8436256086144844,0.8426311941325859,0.9956981837396719,0.897337989951036,0.8934778067948544,0.9450559576770737,0.9362148381774849,0.8847754104853096
109.69939879759521,0.9993785955013827,0.8062400668446585,0.8057390656401558,0.9987229422952458,0.8493303199113095,0.8482456760823854,0.9987229422952458,0.8493303199113095,0.8482456760823854,0.9952775920417862,0.9008578080902333,0.896603590008089,0.9372138482742558,0.9376408675865965,0.878770005810046
111.6432865731463,0.9993299852524344,0.8131322938517151,0.8125874832231127,0.9986175864858591,0.8547534978573732,0.8535718750706759,0.9986175864858591,0.8547534978573732,0.8535718750706759,0.9948175188493784,0.9041787539849186,0.8994928646355993,0.9283706921610709,0.9389967524356335,0.8717370649956668
113.5871743486974,0.9992782646471504,0.8197146170634736,0.8191230000450913,0.9985047224019407,0.8599098445800994,0.8586240406531481,0.9985047224019407,0.8599098445800994,0.8586240406531481,0.9943141240035311,0.9073129244479429,0.9021540556695383,0.9184467008610009,0.9402914126674987,0.8636075458123942
115.53106212424849,0.9992232622028837,0.8260011062101883,0.825359519930535,0.9983838448401225,0.8648133453792675,0.8634156728288018,0.9983838448401225,0.8648133453792675,0.8634156728288018,0.993763172897772,0.9102716506179344,0.9045944437169706,0.9073712509079747,0.9415327837869784,0.8543197797956582
117.4749498997996,0.9991647967372734,0.8320053504287097,0.8313104568454257,0.9982544117038852,0.8694772854160671,0.8679595360429071,0.9982544117038852,0.8694772854160671,0.8679595360429071,0.9931599967252526,0.913065549160298,0.9068201778139825,0.8950877897059829,0.9427277306084895,0.8438240806848901
119.4188376753507,0.9991026767181442,0.8377404425923919,0.8369887185891016,0.9981158410059376,0.8739142699279878,0.8722676764962636,0.9981158410059376,0.8739142699279878,0.8722676764962636,0.9924994493582113,0.9157045712056637,0.9088362826964183,0.8815589639093773,0.9438819732268479,0.8320876143705985
121.36272545090182,0.9990366995670245,0.8432189704100057,0.8424066972107166,0.9979675076254341,0.8781362470558757,0.8763514418299047,0.9979675076254341,0.8781362470558757,0.8763514418299047,0.9917758607531602,0.9181980488961957,0.9106466602858967,0.8667714948118918,0.9450000397996178,0.8190990970944119
123.30661322645291,0.9989666509130977,0.84845301317821,0.8475762650317628,0.9978087398013141,0.8821545325231628,0.8802215024069544,0.9978087398013141,0.8821545325231628,0.8802215024069544,0.9909829868267568,0.9205547394729969,0.9122540852604775,0.8507402175932683,0.9460852600081776,0.8048727799611409
125.25050100200401,0.9988923037941988,0.8534541432113746,0.852508775295114,0.9976388153418672,0.8859798355397686,0.883887873544677,0.9976388153418672,0.8859798355397686,0.883887873544677,0.9901139558182491,0.9227828668852505,0.9136601946930601,0.8335106734870424,0.9471398096629338,0.7894511406385412
127.19438877755512,0.9988134178012267,0.8582334310994127,0.857215066587678,0.9974569575294109,0.8896222854167378,0.8873599381621405,0.9974569575294109,0.8896222854167378,0.8873599381621405,0.98916121124931,0.9248901609363251,0.9148654718643446,0.8151597301389623,0.9481648109082801,0.7729057713872538
129.1382765531062,0.9987297381621434,0.8628014540587808,0.8617054702980428,0.9972623306977783,0.8930914584745051,0.890646469404563,0.9972623306977783,0.8930914584745051,0.890646469404563,0.9881164517163605,0.9268838940060865,0.9158692244983374,0.7957939155917214,0.9491604847236995,0.7553361386632091
131.0821643286573,0.9986409947614524,0.8671683067443547,0.8659898204727867,0.9970540354590837,0.8963964049097686,0.8937556528862995,0.9970540354590837,0.8963964049097686,0.8937556528862995,0.9869705679101991,0.9287709154038456,0.916669557834609,0.7755454592491546,0.9501263444641592,0.7368661721621769
133.02605210420842,0.998546901090829,0.8713436139810778,0.8700774655260888,0.9968311035550745,0.8995456753552268,0.8966951082625455,0.9968311035550745,0.8995456753552268,0.8966951082625455,0.9857135774596217,0.9305576834142527,0.9172633431508012,0.754566376842026,0.9510614128799885,0.7176389644711111
134.96993987975952,0.9984471531262726,0.8753365449548839,0.8739772813375913,0.9965924923072451,0.9025473469245623,0.8994719098968413,0.9965924923072451,0.9025473469245623,0.8994719098968413,0.9843345584470348,0.9322502951002124,0.9176461825895854,0.7330212344332583,0.9519644419334219,0.6978101503626047
136.91382765531066,0.9983414281269024,0.8791558284732192,0.8776976853440437,0.9963370786388331,0.9054090485835418,0.9020926064388913,0.9963370786388331,0.9054090485835418,0.9020926064388913,0.9828215827522286,0.9338545139236041,0.9178123714347097,0.7110794055247701,0.9528341154585775,0.6775407163840055
138.85771543086173,0.998229383350213,0.8828097689674238,0.8812466512918955,0.9960636526409329,0.9081379857287755,0.9045632391669834,0.9960636526409329,0.9081379857287755,0.9045632391669834,0.981161650752741,0.9353757952371687,0.9177548593290583,0.6889076564098351,0.9536692188873864,0.6569900265739074
140.80160320641284,0.9981106546783135,0.8863062629631205,0.8846317243716098,0.995770910654155,0.9107409638880412,0.9068893589808377,0.995770910654155,0.9107409638880412,0.9068893589808377,0.9793406293516639,0.9368193096902226,0.9174652123408139,0.6666637659073996,0.9544687666016491,0.6363097423836462
142.74549098196394,0.9979848551493553,0.8896528157914319,0.8878600365008282,0.9954574478367932,0.9132244114845837,0.9090760419587012,0.9954574478367932,0.9132244114845837,0.9090760419587012,0.9773431958204389,0.9381899645777653,0.9169335782670975,0.6444916543280912,0.955232084316555,0.6156391062884472
144.68937875751504,0.997851573388048,0.8928565583541144,0.8909383215634905,0.9951217501901857,0.9155944016291295,0.9111279034135151,0.9951217501901857,0.9155944016291295,0.9111279034135151,0.975152790535576,0.9394924231479964,0.916148658119799,0.6225182295885929,0.9559588497918593,0.5951018107319759
146.63326653306615,0.9977103719288392,0.8959242637902681,0.8938729304462598,0.9947621860121342,0.9178566729216627,0.9130491104013777,0.9947621860121342,0.9178566729216627,0.9130491104013777,0.9727515823492422,0.9407311218683265,0.9150976873625924,0.6008519172268945,0.9566490992067312,0.574804445371746
148.57715430861722,0.9975607854249823,0.8988623639218539,0.8966698457428408,0.9943769967498566,0.9200166492593059,0.9148433926503348,0.9943769967498566,0.9200166492593059,0.9148433926503348,0.9701204510512694,0.9419102856358945,0.913766431150924,0.5795826653168701,0.9573032084873326,0.5548363450914796
150.52104208416836,0.9974023187364174,0.9016769653804383,0.8993346960216655,0.9939642872251756,0.9220794586579781,0.916514051889953,0.9939642872251756,0.9220794586579781,0.916514051889953,0.9672389921302404,0.9430339409069192,0.9121391985474172,0.5587831180708124,0.9579218590215887,0.5352705632522725
152.46492985971943,0.9972344448890382,0.9043738653389406,0.9018727695734322,0.9935220152065914,0.9240499511043286,0.9180639695727248,0.9935220152065914,0.9240499511043286,0.9180639695727248,0.964085549784724,0.9441059267115818,0.9101988814087517,0.5385106248790065,0.9585059960812656,0.5161656628999969
154.40881763527054,0.9970566028975865,0.9069585667901858,0.9042890275726865,0.993047980305747,0.925932715461153,0.9194956129877139,0.993047980305747,0.925932715461153,0.9194956129877139,0.960637284823392,0.9451299035197989,0.9079270243226539,0.518809774271135,0.9590567864817655,0.4975680349078048
156.35270541082164,0.9968681954441233,0.9094362933292183,0.9065881166024902,0.9925398121797132,0.9277320954544749,0.9208110397754763,0.9925398121797132,0.9277320954544749,0.9208110397754763,0.9568702846228231,0.9461093599297158,0.9053039325202641,0.49971519147102306,0.9595755800171527,0.4795144946991895
158.29659318637275,0.9966685864036906,0.9118120034089804,0.9087743805035456,0.9919949580257555,0.9294522047740015,0.9220119008617316,0.9919949580257555,0.9294522047740015,0.9220119008617316,0.9527597226320762,0.9470476171686567,0.902308825052978,0.48125439368298323,0.9600638773146267,0.4620349591739847
160.24048096192385,0.9964570982085134,0.914090404049444,0.9108518715193564,0.9914106693620494,0.9310969413209981,0.9230994418360075,0.9914106693620494,0.9310969413209981,0.9230994418360075,0.9482800748408142,0.9479478314261983,0.8989200405300228,0.46345054470120717,0.9605233051024359,0.44515504894792773
162.18436873747498,0.9962330090418339,0.916275963989227,0.9128243607176946,0.9907839880963999,0.9326700006389711,0.9240745028109516,0.9907839880963999,0.9326700006389711,0.9240745028109516,0.9434054000654665,0.9488129940841012,0.8951153022712246,0.4463249818040063,0.9609555985072075,0.42889849001818736
164.1282565130261,0.9959955498522495,0.9183729262751764,0.9146953476748637,0.9901117318958683,0.9341748885630885,0.9249375168088293,0.9901117318958683,0.9341748885630885,0.9249375168088293,0.9381096896776401,0.9496459299685163,0.8908720486663987,0.4298994006169089,0.9613625888606484,0.41328920072671255
166.0721442885772,0.9957439011792513,0.9203853202920591,0.9164680694157297,0.9893904788834779,0.9356149331241338,0.9256885067342199,0.9893904788834779,0.9356149331241338,0.9256885067342199,0.9323672903548835,0.9504492938262084,0.8861678327044544,0.4141975798853763,0.9617461945636036,0.39835294625221485
168.01603206412827,0.9954771897805659,0.9223169732384866,0.918145508606366,0.9886165517044857,0.9369932957421196,0.9263270810067957,0.9886165517044857,0.9369932957421196,0.9263270810067957,0.926153400449,0.9512255653166763,0.8809807919120621,0.39924651452190446,0.962108411824549,0.3841184300131562
169.95991983967937,0.9951944850518644,0.9241715210591414,0.9197304010000504,0.9877860010242991,0.9383129817435444,0.9268524279456419,0.9877860010242991,0.9383129817435444,0.9268524279456419,0.9194446365711639,0.9519770429119371,0.8752901862442574,0.3850768130216934,0.9624513016222039,0.37061767991725886
171.90380761523045,0.9948947952294592,0.9259524188461984,0.9212252421402111,0.986894588543641,0.93957685023479,0.9272633090175932,0.986894588543641,0.93957685023479,0.9272633090175932,0.9122196620089131,0.9527058371987903,0.8690769968033991,0.37172221972018626,0.9627769691777851,0.3578855920782396
173.84769539078155,0.9945770633667939,0.9276629507250241,0.9226322933262693,0.9859377696444254,0.940787623362354,0.927558051086959,0.9859377696444254,0.940787623362354,0.927558051086959,0.9044598627715591,0.9534138641753854,0.862324572756571,0.35921816108187515,0.9630875327594209,0.3459585324787194
175.79158316633266,0.9942401630758382,0.9293062392408508,0.9239535868502173,0.9849106758125221,0.9419478949885574,0.9277345378333627,0.9849106758125221,0.9419478949885574,0.9277345378333627,0.8961500507262901,0.9541028392133188,0.8550193077591131,0.34759930357215413,0.9633850799712307,0.3348719828698038
177.73547094188376,0.9938828940249869,0.9308852542642625,0.925190930513351,0.9838080970217716,0.9430601388091346,0.9277902005389026,0.9838080970217716,0.9430601388091346,0.9277902005389026,0.887279166938214,0.9547742724053832,0.8471513210338877,0.3368962536155737,0.9636716118748081,0.32465735575630406
179.67935871743487,0.9935039771857119,0.9324028214340769,0.9263459114339346,0.9826244643076296,0.9441267159367122,0.9277220084858334,0.9826244643076296,0.9441267159367122,0.9277220084858334,0.8778409526377997,0.955429466024546,0.8387151126332117,0.32713171290786935,0.9639489781662134,0.31533828038330375
181.62324649298597,0.9931020498211458,0.9338616301566187,0.9274198991578548,0.981353832809228,0.9451498819716682,0.9275264592520861,0.981353832809228,0.9451498819716682,0.9275264592520861,0.8678345510089771,0.9560695147709316,0.829710158084602,0.3183165846897454,0.9642188096492479,0.3069268383811603
183.56713426853707,0.9926756602109184,0.9352642411805263,0.9284140480855425,0.979989865615702,0.9461317935792957,0.9271995692445171,0.979989865615702,0.9461317935792957,0.9271995692445171,0.8572650010567362,0.9566953093739731,0.8201414054014536,0.3104466479717179,0.9644824565597017,0.2994203456664874
185.5110220440882,0.9922232621080778,0.9366130937661642,0.9293292992298023,0.9785258188165709,0.9470745145895733,0.9267368648690686,0.9785258188165709,0.9470745145895733,0.9267368648690686,0.8461435859169341,0.9573075439465157,0.8100196380602378,0.3035004157166134,0.9647409419943379,0.2927992769541188
187.4549098196393,0.9917432089257606,0.9379105124684514,0.9301663813206665,0.9769545282266977,0.9479800216332668,0.9261333748030628,0.9769545282266977,0.9479800216332668,0.9261333748030628,0.8344880026091085,0.9579067272644953,0.7993616715207768,0.29743863747672245,0.9649949382075741,0.2870267795923948
189.39879759519042,0.9912337476535565,0.9391587135515195,0.9309258112751656,0.9752683983335979,0.9488502093255631,0.925383623907441,0.9752683983335979,0.9488502093255631,0.925383623907441,0.822322328507836,0.9584931978863463,0.7881903583448224,0.29220561815515805,0.9652447699790787,0.28204994468277006
191.3426853707415,0.990693012506276,0.9403598110530978,0.9316078940520259,0.9734593940977588,0.9496868950060648,0.9244816293951857,0.9734593940977588,0.9496868950060648,0.9244816293951857,0.8096767713249248,0.9590671427541748,0.7765343876290209,0.287732178370509,0.9654904445263421,0.2778026687994755
193.2865731462926,0.9901190183111357,0.9415158225159074,0.9322127219138516,0.971519036323966,0.9504918230417994,0.9234208999553785,0.971519036323966,0.9504918230417994,0.9234208999553785,0.7965872032375376,0.9596286186620551,0.7644278774867079,0.2839397807180875,0.9657317029027657,0.27420964795471653
195.23046092184367,0.989509653643329,0.9426286744026651,0.9327401731224515,0.9694384014114024,0.9512666686980203,0.922194438618559,0.9694384014114024,0.9512666686980203,0.922194438618559,0.7830944946081264,0.9601775757640586,0.7519097734270115,0.28074517473294014,0.9659680847471015,0.2711908787387685
197.17434869739478,0.9888626737246026,0.9437002072105536,0.9331899100966895,0.9672081263796977,0.9520130415800919,0.9207947502357179,0.9672081263796977,0.9520130415800919,0.9207947502357179,0.7692436769015288,0.9607138821500601,0.7390230791554543,0.2780649042372679,0.9661989972918732,0.268666031656109
199.11823647294588,0.9881756931049485,0.9447321803002293,0.9335613770667283,0.9648184201528085,0.9527324886487412,0.919213854526332,0.9648184201528085,0.9527324886487412,0.919213854526332,0.7550829762865997,0.9612373484569675,0.7258139579907263,0.27581914867546103,0.9664237805795755,0.26655818441917906
201.06212424849699,0.9874461781538502,0.9457262764536128,0.9338537972637916,0.962259082163195,0.9534264968106736,0.9174433057311091,0.962259082163195,0.9534264968106736,0.9174433057311091,0.7406627676558449,0.9617477515117379,0.7123307514214696,0.27393457300012874,0.9666417631849281,0.2647965986421549
203.0060120240481,0.9866714393949285,0.9466841061738683,0.934066169690872,0.9595195293903958,0.954096495086694,0.9154742199586107,0.9595195293903958,0.954096495086694,0.9154742199586107,0.7260345025466858,0.9622448561136493,0.6986229654365806,0.27234607168664243,0.9668523055237069,0.263318427310555
204.9498997995992,0.9858486237262813,0.9476072117401084,0.9341972655270848,0.9565888330005388,0.9547438563610002,0.9132973113708032,0.9565888330005388,0.9547438563610002,0.9132973113708032,0.7112496634750174,0.9627284342399582,0.6847402748710008,0.270997463562937,0.9670548303267291,0.26206940614483004
206.8937875751503,0.9849747065784904,0.9484970710284909,0.9342456242268454,0.9534557657524217,0.9553698987173246,0.9109029383583404,0.9534557657524217,0.9553698987173246,0.9109029383583404,0.6963587919082102,0.9631982811776403,0.6707315914489261,0.2698413046630514,0.9672488416763312,0.26100368937176643
208.83767535070143,0.9840464840732716,0.9493551011104865,0.9342095493847995,0.9501088613076736,0.9559758863710164,0.9082811608375603,0.9501088613076736,0.9559758863710164,0.9082811608375603,0.6814106284504424,0.9636542283178008,0.6566442333269588,0.2688380380957853,0.9674339350556734,0.2600830410876526
210.78156312625254,0.983060565258129,0.9501826616382242,0.9340871044485463,0.9465364864989639,0.9565630302106555,0.9054218097303961,0.9465364864989639,0.9565630302106555,0.9054218097303961,0.6664513930527561,0.9640961525742551,0.6425232239199148,0.2679547071570424,0.9676098012613302,0.2592756009392637
212.72545090180364,0.9820133645062596,0.9509810580259327,0.9338761083737687,0.9427269274650438,0.9571324879685357,0.9023145695595507,0.9427269274650438,0.9571324879685357,0.9023145695595507,0.6515242215527501,0.9645239825831561,0.6284107369214491,0.2671634378728145,0.9677762269670259,0.25855442388809186
214.66933867735474,0.9809010941864083,0.951751544435636,0.9335741313305194,0.9386684903432634,0.957685364046315,0.8989490748931931,0.9386684903432634,0.957685364046315,0.8989490748931931,0.6366687638297135,0.9649377019937329,0.6143456939010343,0.26643986460616065,0.9679330943801967,0.2578959626144817
216.61322645290582,0.9797197577244101,0.9524953265744035,0.9331784905851075,0.9343496169093207,0.9582227090302253,0.8953150210962025,0.9343496169093207,0.9582227090302253,0.8953150210962025,0.6219209392897143,0.9653373502650164,0.600363511608263,0.2657616375483089,0.9680803819266345,0.25727862757921466
218.55711422845692,0.9784651431968011,0.9532135643096199,0.9326862466993454,0.9297590151631073,0.9587455189392662,0.8914022894810144,0.9297590151631073,0.9587455189392662,0.8914022894810144,0.6073128378754844,0.9657230214404945,0.586495988752714,0.2651071197232163,0.9682181672886835,0.2566815295935941
220.501002004008,0.9771328176171135,0.9539073741079399,0.9320942002078333,0.9248858043749567,0.9592547342595232,0.8872010864961045,0.9248858043749567,0.9592547342595232,0.8872010864961045,0.5928727495722964,0.9660948613873056,0.5727713168183585,0.26445435598091205,0.9683466334096074,0.25608348530462205
222.4448897795591,0.9757181220971153,0.9545778313028211,0.9313988889543255,0.9197196735301871,0.9597512388277072,0.8827020960448115,0.9197196735301871,0.9597512388277072,0.8827020960448115,0.5786253023912595,0.9664530639672084,0.5592141963849853,0.263780377082121,0.9684660772274819,0.2554623470423077
224.3887775551102,0.9742161680882405,0.9552259721948058,0.9305965862899879,0.9142510514502412,0.9602358586367261,0.877896643398852,0.9142510514502412,0.9602358586367261,0.877896643398852,0.56459168777062,0.9667978665626332,0.5458460392156317,0.2630608858748453,0.9685769198853207,0.2547947025829615
226.3326653306613,0.9726218349324198,0.9558527959880624,0.9296833003591932,0.9084712861431826,0.9607093606449196,0.8727768684748848,0.9084712861431826,0.9607093606449196,0.8727768684748848,0.550789952828692,0.9671295453218004,0.5326852366470288,0.2622703551989449,0.968679716001107,0.2540559731896234
228.27655310621242,0.9709297689761052,0.9564592665661031,0.9286547747220815,0.9023728301715584,0.9611724516777991,0.8673359055034311,0.9023728301715584,0.9611724516777991,0.8673359055034311,0.5372353404667336,0.9674484104201321,0.5197474761560599,0.26138254253989684,0.9687751584092804,0.253220914054509
230.22044088176352,0.9691343845260086,0.9570463141090906,0.9275064905869986,0.8959494280586106,0.9616257775159771,0.8615680653718564,0.8959494280586106,0.9616257775159771,0.8615680653718564,0.5239406605104373,0.9677548015670834,0.5070460899452048,0.2603713887812365,0.9688640739124321,0.2522644844648265
232.16432865731466,0.9672298669491824,0.957614836554748,0.926233670949412,0.8891963010308112,0.9620699222646769,0.8554690162107508,0.8891963010308112,0.9620699222646769,0.8554690162107508,0.5109166775062062,0.9680490839223871,0.49459242162055256,0.25921221524108484,0.9689474054896894,0.2511630034290841
234.10821643286576,0.9652101782422198,0.9581657009045945,0.9248312869557052,0.8821103237702087,0.962505408098092,0.8490359571679849,0.8821103237702087,0.962505408098092,0.8490359571679849,0.49817250314256967,0.9683316445260431,0.4823961992256999,0.25788306975125563,0.9690261776298894,0.2498954453565214
236.05210420841686,0.9630690654180061,0.9586997443771709,0.9232940668338033,0.8746901873829972,0.9629326954653892,0.8422677798338358,0.8746901873829972,0.9629326954653892,0.8422677798338358,0.4857159833209358,0.9686028892933168,0.4704659048206029,0.256366014892483,0.9691014442981226,0.2484446753012593
237.99599198396797,0.9608000720665564,0.9592177754097724,0.9216165077412312,0.8669365425405523,0.9633521838339919,0.8351652115019315,0.8669365425405523,0.9633521838339919,0.8351652115019315,0.47355407150541057,0.9688632405796195,0.4588091323084049,0.2546481246498032,0.9691742232137035,0.24679839840029935
239.93987975951904,0.958396553468825,0.9597205745106586,0.9197928909041359,0.8588521167697816,0.9637642130299666,0.8277309344277496,0.8588521167697816,0.9637642130299666,0.8277309344277496,0.4616931810610705,0.9691131352798672,0.4474329262354294,0.25272198389212536,0.9692454245165686,0.24494962656219246
241.88376753507015,0.9558516956386545,0.9602088949639591,0.917817300418619,0.8504418002028754,0.9641690652151961,0.8199696755215349,0.8504418002028754,0.9641690652151961,0.8199696755215349,0.450139509827815,0.9693530233918998,0.43634409479974023,0.2505855761569734,0.9693157848553348,0.24289655442602295
243.82765531062122,0.9531585386668993,0.9606834633902213,0.9156836460864789,0.8417126947660747,0.9645669675173257,0.8118882615113491,0.8417126947660747,0.9645669675173257,0.8118882615113491,0.4388993302120044,0.969583366942975,0.4255494903359718,0.2482415793865712,0.9693858179631138,0.24064186648610658
245.77154308617233,0.9503100047260048,0.9611449801664207,0.9133856906443271,0.8326741227921589,0.9649580953023011,0.8034956355370361,0.8326741227921589,0.9649580953023011,0.8034956355370361,0.4279792377025476,0.9698046391517608,0.4150562501845648,0.2456962224401182,0.9694557895143401,0.23819162530637572
247.71543086172343,0.9472989310651525,0.9615941197104088,0.9109170817202065,0.8233375923534965,0.9653425760521295,0.7948028323630824,0.8233375923534965,0.9653425760521295,0.7948028323630824,0.4173863500776577,0.9700173236756455,0.40487199024107556,0.2429579397315294,0.9695257185716796,0.23555397110090587
249.65931863727454,0.944118108282588,0.9620315306361696,0.9082713888124231,0.8137167181743177,0.9657204937839085,0.7858229108755236,0.8137167181743177,0.9657204937839085,0.7858229108755236,0.4071284488653207,0.9702219137753655,0.39500494281050746,0.24003607109833813,0.9695954022816339,0.23273787091869602
251.60320641282564,0.9407603241009804,0.9624578357879199,0.9054421455293717,0.8038270987080767,0.9660918939218974,0.7765708441766298,0.8038270987080767,0.9660918939218974,0.7765708441766298,0.3972140541139573,0.970418911217485,0.38546402991354967,0.2369397963388346,0.9696644565630267,0.22975209885505027
253.54709418837675,0.9372184127915225,0.9628736321629673,0.9024228972545845,0.7936861517534748,0.9664567885140813,0.7670633693117631,0.7936861517534748,0.9664567885140813,0.7670633693117631,0.3876524235309574,0.9706088247325203,0.37625886320809576,0.23367740107513324,0.9697323642301132,0.22660453861173735
255.49098196392788,0.9334853102915512,0.9632794907353424,0.8992072543065686,0.7833129127139744,0.9668151616696751,0.7573188003435053,0.7833129127139744,0.9668151616696751,0.7573188003435053,0.37845346790032386,0.9707921678555229,0.36739966253539597,0.23025587989861404,0.9697985230005621,0.2233018122378707
257.4348697394789,0.9295541149377409,0.9636759561944654,0.8957889505471275,0.7727278011625689,0.9671669750853373,0.7473568100147457,0.7727278011625689,0.9671669750853373,0.7473568100147457,0.3696275767387619,0.9709694559999277,0.3588970871086072,0.22668081931557107,0.9698622881621362,0.2198491781038675
259.37875751503014,0.9254181535922147,0.9640635466154629,0.8921619072544437,0.7619523626494589,0.9675121735260154,0.7371981865102607,0.7619523626494589,0.9675121735260154,0.7371981865102607,0.36118535167345517,0.9711412026573079,0.35076197680636195,0.22295647457537213,0.9699230072580756,0.2162506143078036
261.32264529058114,0.921071052773285,0.964442753080103,0.8883203019190559,0.7510089935999844,0.9678506901312843,0.7268645727505462,0.7510089935999844,0.9678506901312843,0.7268645727505462,0.35313725016635966,0.9713079146769038,0.3430050060538229,0.2190859556089829,0.9699800462960921,0.21250900536442482
263.2665330661323,0.916506814217935,0.9648140392696064,0.8842586414437246,0.7399206576392092,0.9681824514292606,0.7163781961762803,0.7399206576392092,0.9681824514292606,0.7163781961762803,0.3454931488803507,0.9714700866587008,0.33563625928278173,0.2150714570817927,0.9700328084172319,0.20862636952343755
265.21042084168334,0.9117198941034856,0.9651778410526674,0.8799718390355687,0.7287106017285057,0.9685073819566045,0.7057615970840969,0.7287106017285057,0.9685073819566045,0.7057615970840969,0.33826184379014207,0.9716281945884991,0.3286647445799927,0.21091449540043858,0.9700807467186177,0.2046040911918379
267.1543086172345,0.9067052849463467,0.965534566093783,0.8754552938756107,0.7174020801250455,0.9688254084034924,0.6950373632666622,0.7174020801250455,0.9688254084034924,0.6950373632666622,0.3314505123059997,0.9717826889449557,0.3220978701009075,0.20661614395275638,0.9701233731932875,0.20044315052763786
269.09819639278555,0.9014585989833777,0.9658845935082955,0.8707049724436172,0.7060180934263538,0.9691364632251562,0.6842278780361845,0.7060180934263538,0.9691364632251562,0.6842278780361845,0.32506417016614536,0.9719339876057522,0.31594091513733646,0.20217728250775022,0.9701602657334782,0.19614436612299146
271.04208416833666,0.8959761516349386,0.9662282735912654,0.8657174901731726,0.694581148913568,0.9694404876851559,0.6733550877396853,0.694581148913568,0.9694404876851559,0.6733550877396853,0.31910516131281425,0.9720824689584837,0.3101965330663557,0.19759889527969476,0.9701910749938434,0.19170868462900295
272.98597194388776,0.890255043458374,0.9665659276472928,0.8604901919230242,0.6831130471502308,0.9697374343183437,0.6624402936928505,0.6831130471502308,0.9697374343183437,0.6624402936928505,0.3135727211671105,0.9722284656673409,0.30486432557543275,0.19288246304444898,0.9702155327062804,0.1871375616323695
274.92985971943887,0.8842932388377388,0.9668978479475682,0.8550212295867946,0.6716346984249777,0.9700272688225506,0.6515039721596385,0.6716346984249777,0.9700272688225506,0.6515039721596385,0.30846265165942555,0.9723722595470999,0.2999405255799656,0.18803049594458648,0.9702334627759209,0.1824334791877899
276.87374749498997,0.8780896395320343,0.9672242978386913,0.8493096350358015,0.660165971241488,0.9703099714060642,0.6405656246785849,0.660165971241488,0.9703099714060642,0.6405656246785849,0.3037671396748193,0.9725140779451001,0.29541781975087733,0.18304724233187403,0.9702447960857407,0.17760063431034628
278.8176352705411,0.8716441511319158,0.9675455120250884,0.843355386510603,0.6487255737400786,0.9705855376326374,0.6296436597645553,0.6487255737400786,0.9705855376326374,0.6296436597645553,0.2994747396355766,0.9726540919314945,0.2912853309366625,0.17793958132391216,0.9702495892404057,0.17264580568913554
280.7615230460922,0.8649577404645942,0.9678616970431879,0.8371594665567034,0.6373309677490259,0.970853978816658,0.618755305862213,0.6373309677490259,0.970853978816658,0.618755305862213,0.29557052698042247,0.9727924164585764,0.28752876717522,0.17271805895930434,0.9702480462964099,0.16757935926537318
282.7054108216433,0.8580324820475924,0.9681730319409354,0.8307239096478237,0.6259983141570981,0.9711153220282379,0.6079165544418044,0.6259983141570981,0.9711153220282379,0.6079165544418044,0.29203641415903897,0.9729291124892593,0.28413072924229954,0.16739795914178704,0.9702405407208525,0.16241628639329464
284.6492985971944,0.8508715918302074,0.9684796691708505,0.8240518377625943,0.614742447498375,0.9713696097716272,0.5971421313365516,0.614742447498375,0.9713696097716272,0.5971421313365516,0.2888516065638234,0.9730641909347786,0.2810711548412378,0.16200021834166148,0.9702276324994554,0.15717708830602506
286.59318637274555,0.8434794466794695,0.9687817356988083,0.8171474823804069,0.6035768770544736,0.9716168994009087,0.5864454938337511,0.6035768770544736,0.9716168994009087,0.5864454938337511,0.2859931645226375,0.973197618103997,0.27832786650745533,0.15655191926684253,0.9702100730558274,0.1518882490289133
288.5370741482966,0.835861588363036,0.969079334324301,0.8100161916381039,0.5925138114000376,0.9718572623349346,0.5758388506428783,0.5925138114000376,0.9718572623349346,0.5758388506428783,0.283436630464569,0.9733293222683665,0.2758771834361084,0.15108607289159648,0.9701887896392772,0.1465820141900496
290.4809619238477,0.8280247111479246,0.9693725452013467,0.8026644217350737,0.5815642031253043,0.9720907831294862,0.5653332016561526,0.5815642031253043,0.9720907831294862,0.5653332016561526,0.2811566782233807,0.9734592008970079,0.2736945553101893,0.14564046755077845,0.9701648426195335,0.14129526128043624
292.4248496993988,0.819976632559465,0.9696614275427602,0.7950997120793162,0.5707378104370483,0.972317558459227,0.5549383943645159,0.5707378104370483,0.972317558459227,0.5549383943645159,0.2791277438962019,0.9735871281163062,0.271755178557487,0.14025555438440165,0.9701393546590131,0.13606743301782553
294.3687374749499,0.8117262473129127,0.9699460214844876,0.7873306441156929,0.5600432724343836,0.9725376960557154,0.5446631938648387,0.5600432724343836,0.9725376960557154,0.5446631938648387,0.2773246037860196,0.9737129619910854,0.2700345613854893,0.13497161722799034,0.970113419162281,0.13093777707890833
296.312625250501,0.8032834649206032,0.9702263500814177,0.7793667842506714,0.5494881950456849,0.9727513136409557,0.5345153635608877,0.5494881950456849,0.9727513136409557,0.5345153635608877,0.2757228733922641,0.973836551297886,0.2685090121382661,0.12982573636124708,0.9700880035283505,0.12594238939328015
298.2565130260521,0.7946591319676434,0.9705024214017803,0.7712186117636348,0.5390792448654931,0.9729585378890919,0.5245017538906859,0.5390792448654931,0.9729585378890919,0.5245017538906859,0.2742994107642899,0.9739577415511915,0.26715603461681037,0.12484916565300469,0.9700638663363885,0.12111166434222598
300.2004008016032,0.7858649405149731,0.9707742306841485,0.7628974330500672,0.5288222484169729,0.9731595034421281,0.514628396678611,0.5288222484169729,0.9731595034421281,0.514628396678611,0.27303261657051453,0.974076380137389,0.26595462280844645,0.12006562898859353,0.9700415042505037,0.11646864335287815
302.1442885771543,0.7769133245071433,0.9710417625192984,0.7544152839541441,0.5187222946615362,0.9733543519992055,0.5049006029878205,0.5187222946615362,0.9733543519992055,0.5049006029878205,0.2719026310740028,0.9741923204982912,0.2648854551155736,0.11549075383852106,0.9700211355096451,0.1120284721793071
304.0881763527054,0.7678173464123249,0.9713049930188554,0.7457848222967793,0.5087838388623677,0.9735432314930781,0.49532306261752296,0.5087838388623677,0.9735432314930781,0.49532306261752296,0.27089143434433627,0.9743054253792189,0.2639309941704453,0.11113253889733682,0.9700027167314713,0.10779886464768262
306.0320641282565,0.7585905765870595,0.9715638919337123,0.7370192129731624,0.4990108061671521,0.9737262953620691,0.48589994363478056,0.4990108061671521,0.9737262953620691,0.48589994363478056,0.26998286032748037,0.9744155692126009,0.2630755025236479,0.10699253535925919,0.9699859827376951,0.10378125955604862
307.9759519038076,0.7492469680262271,0.9718184246875996,0.7281320081692084,0.4894066934958403,0.9739037019209712,0.47663499054050096,0.4894066934958403,0.9739037019209712,0.47663499054050096,0.26916253795486095,0.9745226397463743,0.2623049870086048,0.10306736147666141,0.9699704970220705,0.09997229983827068
309.9198396793587,0.7398007292237154,0.9720685542947274,0.7191370253226821,0.4799746684944118,0.9740756138300383,0.4675316198365633,0.4799746684944118,0.9740756138300383,0.4675316198365633,0.2684177735757402,0.9746265390488387,0.2616070856793185,0.09935023493739985,0.9699557024231675,0.09636532691461239
311.8637274549098,0.7302661978316984,0.9723142431348993,0.7100482254317285,0.4707176644412585,0.9742421976573573,0.4585930118813902,0.4707176644412585,0.9742421976573573,0.4585930118813902,0.267737388987608,0.9747271840307716,0.2609709112276425,0.0958323266972089,0.9699409653649008,0.09295169946985536
313.80761523046095,0.7206577176725432,0.9725554545646719,0.7008795941965592,0.46163847006833125,0.9744036235264486,0.449822197993788,0.46163847006833125,0.9744036235264486,0.449822197993788,0.26711152856250253,0.9748245066247299,0.26038686404471895,0.09250385323617503,0.9699256107869962,0.08972185635024774
315.751503006012,0.710989521438517,0.9727921543486973,0.6916450282795242,0.4527398132865621,0.97456006483784,0.44122214179122354,0.4527398132865621,0.97456006483784,0.44122214179122354,0.2665314477262955,0.9749184537534158,0.25984642689397935,0.08935490239459995,0.9699089476296703,0.08666611934709834
317.69539078156316,0.7012756211262762,0.9730243119011314,0.6823582286994334,0.4440244377891932,0.9747116980505681,0.4327958137334534,0.4440244377891932,0.9747116980505681,0.4327958137334534,0.26598929358554646,0.9750089872062243,0.25934195174654273,0.08637602768485225,0.9698902863054727,0.08377527022119079
319.6392785571142,0.6915297079140367,0.9732519013325083,0.6730326030552503,0.4354951714551146,0.9748587025070573,0.4245462577928215,0.4354951714551146,0.9748587025070573,0.4245462577928215,0.2654778869915759,0.9750960835272744,0.258866447868582,0.08355865707181533,0.9698689502594121,0.08104094701932774
321.58316633266537,0.6817650628181511,0.9734749023028049,0.6636811779203653,0.4271549853975177,0.9750012602825986,0.41647664909857474,0.4271549853975177,0.9750012602825986,0.41647664909857474,0.2649905139051124,0.975179734000408,0.25841337886261895,0.08089535711677293,0.9698442838618325,0.07845589969066384
323.5270541082164,0.6719944790828253,0.9736933006860635,0.654316522380968,0.41900704241460224,0.9751395560387585,0.40859034131728844,0.41900704241460224,0.9751395560387585,0.40859034131728844,0.26452073265076503,0.9752599447971582,0.25797647512268895,0.07837998217113114,0.96981565880837,0.07601413404668383
325.4709418837676,0.6622301968789209,0.9739070890560065,0.644950683327336,0.41105473351522237,0.9752737768585314,0.4008909024509681,0.41105473351522237,0.9752737768585314,0.4008909024509681,0.2640622025634308,0.9753367373323657,0.2575495671010149,0.07600772766122381,0.9697824811177046,0.07371096271542041
327.4148296593186,0.6524838505311303,0.9741162670053677,0.635595132760673,0.4033017011327535,0.9754041120400525,0.3933821376776361,0.4033017011327535,0.9754041120400525,0.3933821376776361,0.26360853863168093,0.9754101488484576,0.2571264439044523,0.0737751004080656,0.9697442008142784,0.07154297578521272
329.35871743486973,0.6427664281696076,0.9743208413141735,0.6262607270627184,0.3957518476274463,0.9755307528253232,0.38606809784801527,0.3957518476274463,0.9755307528253232,0.38606809784801527,0.26315319601179843,0.9754802332225535,0.2567007410188495,0.07167981960309878,0.969700326454297,0.06950794446931001
331.30260521042084,0.6330882434213044,0.9745208259839478,0.6169576778996563,0.3884093277352797,0.9756538920408697,0.3789530723099034,0.3884093277352797,0.9756538920408697,0.3789530723099034,0.26268938766850114,0.975547061960053,0.2562658603480917,0.06972067032006589,0.9696504466791093,0.06760467911861881
333.24649298597194,0.623458918523447,0.9747162421558131,0.6076955342017015,0.381278523774641,0.9757737236287266,0.3720415648832454,0.381278523774641,0.9757737236287266,0.3720415648832454,0.2622100378173942,0.9756107253037074,0.25581492517694054,0.06789734605946328,0.9695942606831528,0.06583287705487348
335.1903807615231,0.6138873780591161,0.9749071179308119,0.5984831744777156,0.3743640026943704,0.9758904420488157,0.36533825207657317,0.3743640026943704,0.9758904420488157,0.36533825207657317,0.2617077731961141,0.9756713333491436,0.2553407720220879,0.06621033296308765,0.9695316183879409,0.06419301127170679
337.13426853707415,0.604381852382143,0.9750934881105418,0.5893288085900144,0.3676704544568956,0.9760042415378365,0.35884792303807406,0.3676704544568956,0.9760042415378365,0.35884792303807406,0.26117495335328916,0.9757290170180916,0.25483598050515077,0.06466089569570202,0.9694625685900118,0.06268631802848612
339.0781563126253,0.5949498897128153,0.9752753938754983,0.5802399880258502,0.36120261180959556,0.9761153152152873,0.35257540128310844,0.36120261180959556,0.9761153152152873,0.35257540128310844,0.2606037399867325,0.9757839287028558,0.25429294123891133,0.06325120776457402,0.9693874089148864,0.06131492440563755
341.02204408817636,0.5855983758424937,0.975452882417447,0.5712236236545359,0.3549651522060441,0.9762238540342317,0.34652544893443205,0.3549651522060441,0.9762238540342317,0.34652544893443205,0.25998620377104087,0.9758362423653872,0.25370396015477437,0.061984611762604856,0.9693067254313432,0.06008210105474363
342.9659318637275,0.5763335603784655,0.9756260065407997,0.5622860099474831,0.3489625834807177,0.9763300455827687,0.34070265503640984,0.3489625834807177,0.9763300455827687,0.34070265503640984,0.2593144650272458,0.9758861528592597,0.25306139565619595,0.06086589776602309,0.9692214044559849,0.05899253091625929
344.90981963927857,0.5671610884837524,0.9757948242464405,0.553432854656423,0.3431991158215701,0.9764340727515896,0.3351113104264002,0.3431991158215701,0.9764340727515896,0.3351113104264002,0.258580862035023,0.9759338742515856,0.25235782249315475,0.05990138643060576,0.9691325987096391,0.05805238629780327
346.85370741482967,0.5580860371135686,0.9759593983098085,0.5446693129864639,0.3376785235764697,0.9765361122930707,0.32975527261822973,0.3376785235764697,0.9765361122930707,0.32975527261822973,0.25777813793989945,0.9759796369627808,0.2515862134835247,0.05909857101463139,0.9690416389824607,0.05726897611753974
348.7975951903808,0.549112954814147,0.9761197958633728,0.5360000253591186,0.3324040013794767,0.9766363333073589,0.32463782508394634,0.3324040013794767,0.9766363333073589,0.32463782508394634,0.25689963439619906,0.9760236836205349,0.25074012748414687,0.05846517953086349,0.9689499007632925,0.056649829904538256
350.7414829659319,0.5402459042248217,0.9762760879919703,0.5274291579302935,0.3273780199430811,0.9767348957002164,0.31976153616364866,0.3273780199430811,0.9767348957002164,0.31976153616364866,0.25593947779630377,0.9760662636401083,0.24981388981063868,0.058007753960020864,0.9688586549314335,0.05620131447729935
352.685370741483,0.5314885065050381,0.9764283493478789,0.5189604451040838,0.3226021874895326,0.9768319486649855,0.31512812344898716,0.3226021874895326,0.9768319486649855,0.31512812344898716,0.2548927427406487,0.9761076266875371,0.2488027501764516,0.057730083927960356,0.96876894028423,0.05592711222940981
354.62925851703403,0.5228439869897751,0.9765766577909719,0.5105972333605809,0.3180771231350322,0.9769276292461622,0.31073832982174665,0.3180771231350322,0.9769276292461622,0.31073832982174665,0.25375557783571856,0.9761480153375645,0.24770300368517353,0.05763192081304273,0.9686814868032133,0.055826974740503285
356.57314629258514,0.5143152214558259,0.976721094057883,0.5023425257909566,0.31380234849993466,0.9770220610439522,0.3065918172918387,0.31380234849993466,0.9770220610439522,0.3065918172918387,0.25252528130232615,0.9761876573785475,0.2465120627833765,0.05770828083348909,0.9685966978074305,0.05589605025146137
358.51703406813624,0.5059047824542517,0.9768617414628014,0.49419902680262,0.3097762033543164,0.9771153531172613,0.3026870843278774,0.3097762033543164,0.9771153531172613,0.3026870843278774,0.25120031821006833,0.9762267583137414,0.2452284723335953,0.05794941254972501,0.9685146793770447,0.056124856715685005
360.4609218436874,0.4976149852288728,0.9769986856313211,0.486169186519058,0.30599579021245726,0.9772075991366831,0.2990214114994475,0.30599579021245726,0.9772075991366831,0.2990214114994475,0.24978027696254448,0.9762654946380974,0.24385186563967945,0.05834129780983239,0.9684352959112092,0.05649977200830902
362.40480961923845,0.48944793279503884,0.9771320142676804,0.47825524445116857,0.30245695149951896,0.9772988768293326,0.2955908389897038,0.30245695149951896,0.9772988768293326,0.2955908389897038,0.24826576908129275,0.9763040084196044,0.242382865507442,0.058866458017689645,0.9683582319157117,0.057003819205150415
364.3486973947896,0.4814055597961238,0.9772618169547419,0.4704592720584746,0.2991542813120917,0.9773892477444277,0.29239017797115024,0.2991542813120917,0.9773892477444277,0.29239017797115024,0.24665828229573478,0.9763424035883476,0.24082294020159084,0.05950484462529846,0.9682830470130681,0.05761753226582318
366.29258517034066,0.4734896747866392,0.9773881849851694,0.46278321384893145,0.2960811720029634,0.9774787573533008,0.2894130560851656,0.2960811720029634,0.9774787573533008,0.2894130560851656,0.24496000141405633,0.9763807441557288,0.2391742284690447,0.060234654181183955,0.9682092185106965,0.05831974745202618
368.2364729458918,0.4657020006105875,0.9775112112214441,0.45522892668510506,0.2932298939864161,0.9775674354812153,0.2866519954707294,0.2932298939864161,0.9775674354812153,0.2866519954707294,0.24317361371686852,0.976419054383053,0.23743934995633456,0.06103297752766358,0.9681361709982954,0.05908823316825723
370.18036072144287,0.45804421255206673,0.977630989981623,0.44779821697262995,0.29059170543751023,0.9776552970523276,0.28409852010045156,0.29059170543751023,0.9776552970523276,0.28409852010045156,0.24130211546200298,0.9764573207284144,0.23562121715012593,0.06187624558310405,0.9680632950424453,0.05990012218403525
372.124248496994,0.4505179739332023,0.9777476169470628,0.44049287540500753,0.2881569870890742,0.9777423431146484,0.2817432877413289,0.2881569870890742,0.9777423431146484,0.2817432877413289,0.2393486338017928,0.976495495252966,0.23372286270240245,0.06274046535881615,0.9679899578474785,0.060732140418011636
374.0681362725451,0.44312496882349667,0.9778611890877145,0.43331470892820084,0.2859153962256174,0.9778285621000328,0.2795762407735566,0.2859153962256174,0.9778285621000328,0.2795762407735566,0.2373162746581324,0.9765335000795178,0.2317472923177382,0.06360125369776734,0.9679155086355529,0.06156063982273331
376.0120240480962,0.43586693150658085,0.9779718046000272,0.42626556957096734,0.2838560333041719,0.977913931265847,0.27758676944201194,0.2838560333041719,0.977913931265847,0.27758676944201194,0.2352080027050758,0.9765712324710547,0.22969736908875105,0.06443367944035912,0.9678392811039249,0.062361445988437916
377.9559118236473,0.42874567232742905,0.978079562852,0.41934737976469866,0.28196761442025486,0.9779984182604179,0.27576388090367265,0.28196761442025486,0.9779984182604179,0.27576388090367265,0.23302655535327207,0.976608570125332,0.22757573102479056,0.06521192370931461,0.9677605950113283,0.06310953009075966
379.8997995991984,0.42176309951814017,0.9781845643294779,0.4125621537524022,0.28023864305865964,0.9780819827536824,0.2740963676470153,0.28023864305865964,0.9780819827536824,0.2740963676470153,0.23077438909270676,0.9766453763480377,0.22538474008693507,0.06590876867433104,0.967678758912999,0.06377851547226061
381.84368737474955,0.41492123657693786,0.9782869105774321,0.4059120146638204,0.27865757516090645,0.9781645780772469,0.27257296943529674,0.27865757516090645,0.9781645780772469,0.27257296943529674,0.22845365404285176,0.9766815048529597,0.22312645861972988,0.06649493420487984,0.9675930763903877,0.0643400379516761
383.7875751503006,0.40822223475675584,0.9783867041297113,0.3993992068161276,0.2772129724150621,0.978246152823741,0.27118252377786833,0.2772129724150621,0.978246152823741,0.27118252377786833,0.22606619114797627,0.9767168040270496,0.22080264771661948,0.06693830843063979,0.9675028588219864,0.06476300477135187
385.73146292585176,0.40166838021123047,0.9784840484206074,0.3930261027916326,0.2758936397274819,0.9783266523630976,0.26991410096285784,0.2758936397274819,0.9783266523630976,0.26991410096285784,0.22361354602443118,0.9767511205795859,0.21841478165613795,0.06720317518405534,0.9674074487103179,0.06501285225003953
387.6753507014028,0.3952620953517106,0.9785790476716058,0.3867952048499604,0.2746887439688647,0.9784060202423903,0.26875712079195785,0.2746887439688647,0.9784060202423903,0.26875712079195785,0.22109699380072526,0.9767843025611053,0.21596407288799843,0.06724964315253212,0.9673062584305936,0.06505100069866844
389.61923847695397,0.3890059339940442,0.9786718067468883,0.380709140257212,0.27358791220859113,0.9784841994453033,0.26770144925533523,0.27358791220859113,0.9784841994453033,0.26770144925533523,0.21851757014587112,0.9768162017870579,0.2134515028936268,0.06703363484035518,0.9671988290564744,0.06483485312499082
391.563126252505,0.3829025699232392,0.9787624309715853,0.374770650163337,0.27258130868980884,0.9785611334965095,0.2667374744014613,0.27258130868980884,0.9785611334965095,0.2667374744014613,0.21587610483168734,0.9768466757340403,0.21087785537524698,0.06650797140323814,0.9670849108957542,0.06431885559835793
393.5070140280562,0.37695477858227844,0.9788510259074432,0.3689825717359764,0.2716596907024276,0.9786367674046708,0.2658561615431765,0.2716596907024276,0.9786367674046708,0.2658561615431765,0.21317325544534302,0.9768755889955665,0.2082437494712718,0.06562519001427093,0.9669645592554663,0.06345723293820572
395.4509018036072,0.37116541170196066,0.9789376970815323,0.36334781336783617,0.27081444425313916,0.9787110484450869,0.2650490886690634,0.27081444425313916,0.9787110484450869,0.2650490886690634,0.21040954011541296,0.976902814392942,0.20554967191387155,0.06434254721184647,0.9668382247687342,0.06220883412340011
397.3947895791583,0.36553736483419635,0.9790225496648761,0.3578693229177549,0.27003760100057317,0.9787839267890107,0.2643084634880251,0.27003760100057317,0.9787839267890107,0.2643084634880251,0.20758536928388774,0.9769282338382803,0.20279600818517565,0.06262895892507778,0.9667068015663772,0.060543840567893956
399.33867735470943,0.36007353793215696,0.9791056880994395,0.35255004912346416,0.26932183832500634,0.9788553559912566,0.2636271239298437,0.26932183832500634,0.9788553559912566,0.2636271239298437,0.2047010775608086,0.976951739043745,0.19998307370716048,0.06047242047395014,0.9665715912265761,0.058450923682828566
401.28256513026054,0.3547767893351842,0.9791872156737729,0.3473928965347997,0.2686604646513653,0.9789252933510376,0.2629985241706638,0.2686604646513653,0.9789252933510376,0.2629985241706638,0.20175695753519324,0.9769732321659105,0.19711114691511808,0.05788535294182039,0.9664341611962047,0.055942382515874446
403.2264529058116,0.3496498837595642,0.979267234049719,0.3424006745550342,0.2680473922640567,0.9789937001630561,0.26241670837164704,0.2680473922640567,0.9789937001630561,0.26241670837164704,0.19875329804894054,0.9769926264679775,0.19418050668000716,0.05490540196987122,0.9662961233996223,0.053054877077184544
405.1703406813627,0.34469543515947376,0.9793458427449098,0.3375760414365782,0.2674770998673906,0.9790605418769617,0.26187627433584565,0.2674770998673906,0.9790605418769617,0.26187627433584565,0.19569042984880736,0.97700984707605,0.19119147694082977,0.051590960941486644,0.9661589037341779,0.049845066265819526
407.1142284569138,0.3399158455987541,0.9794231385782154,0.3329214443487998,0.2669445870812383,0.9791257881835405,0.2613723292272472,0.2669445870812383,0.9791257881835405,0.2613723292272472,0.19256878168135275,0.9770248318984912,0.18814448155112093,0.04801309296144681,0.9660235790061439,0.046381779901771544
409.0581162324649,0.335313241532529,0.9794992150877192,0.328439056889631,0.266445322941194,0.979189413045593,0.2609004393795312,0.266445322941194,0.979189413045593,0.2609004393795312,0.18938894973980083,0.9770375327685307,0.18504011218739827,0.044246818112961724,0.9658908188259651,0.04273759537757214
411.00200400801606,0.33088940915334336,0.9795741619331336,0.3241307156639361,0.26597519031600986,0.9792513946905778,0.2604565760700445,0.26597519031600986,0.9792513946905778,0.2604565760700445,0.18615178284754247,0.9770479168579563,0.18187921165058601,0.04036419726499983,0.9657609189152885,0.03898216424192421
412.9458917835671,0.3266457306501549,0.9796480642965678,0.31999785774216233,0.26553042797907034,0.9793117155808619,0.26003705896310386,0.26553042797907034,0.9793117155808619,0.26003705896310386,0.1828584847947493,0.9770559683913272,0.17866297393970457,0.03643012986404749,0.9656338839543551,0.035178167793581724
414.88977955911827,0.32258312337322453,0.9797210022971626,0.31604146095536484,0.26510757188818124,0.979370362375946,0.25963849874873524,0.26510757188818124,0.979370362375946,0.25963849874873524,0.17951073375192314,0.9770616906625665,0.17539306101173188,0.032500516598330295,0.9655095193432177,0.031379558159260156
416.8336673346693,0.3187019839604534,0.9797930504361239,0.31226198904465724,0.26470339704883694,0.9794273258993907,0.25925774032802706,0.26470339704883694,0.9794273258993907,0.25925774032802706,0.17611081659996047,0.9770651083158179,0.17207173409682752,0.02862193756600716,0.9653875075814933,0.027631260969000766
418.7775551102205,0.31500213945167466,0.9798642770889938,0.3086593436553016,0.264314861167291,0.9794826011214054,0.25889180773118137,0.264314861167291,0.9794826011214054,0.25889180773118137,0.1726617733182611,0.9770662697975591,0.1687019947927051,0.024832081094226133,0.9652674611993967,0.023969599874121193
420.7214428857715,0.3114828072877823,0.9799347440615382,0.3052328250391224,0.2639390511458058,0.9795361871661848,0.25853785180362326,0.2639390511458058,0.9795361871661848,0.25853785180362326,0.1691675433310736,0.9770652498167703,0.16528772798566474,0.021160454078213445,0.9651489539267508,0.020422990118202755
422.6653306613226,0.3081425658597876,0.9800045062243169,0.3019811031021152,0.2635731333359048,0.9795880873510856,0.25819310156165165,0.2635731333359048,0.9795880873510856,0.25819310156165165,0.1656331021529775,0.9770621515678956,0.16183383516045322,0.0176291671297825,0.9650315354583177,0.01701270222410531
424.60921843687373,0.30497933694506923,0.9800736112389209,0.29890220011300567,0.26321430834718446,0.9796383092625954,0.25785482000295923,0.26321430834718446,0.9796383092625954,0.25785482000295923,0.16206457324119486,0.9770571083867526,0.15834634330297492,0.014253739418692004,0.9649147353204173,0.013753643198513394
426.55310621242484,0.3019903809585049,0.9801420993860303,0.29599348598705605,0.2628597711085633,0.9796868648717161,0.25752026505824527,0.2628597711085633,0.9796868648717161,0.25752026505824527,0.1584692973553478,0.9770502844389598,0.15483247205588466,0.01104392433774074,0.9647980601355223,0.010655156777335749
428.496993987976,0.2991723054761139,0.9802100035020506,0.29325168659845813,0.2625066767936775,0.9797337706888307,0.25718665628606385,0.2625066767936775,0.9797337706888307,0.25718665628606385,0.15485584086849682,0.9770418740072389,0.1513006409631229,0.008004559675390417,0.9646809872349636,0.007721846530036807
430.44088176352705,0.2965210869854746,0.980277349027297,0.29067290508081356,0.2621521131491738,0.979779047955258,0.2568511478407566,0.2621521131491738,0.979779047955258,0.2568511478407566,0.15123392636353516,0.9770320989747868,0.1477604005111631,0.005136430129911768,0.9645629565971316,0.004954410232462284
432.3847695390782,0.2940321053108575,0.9803441541647357,0.2882526555782491,0.26179307969861765,0.9798227228655729,0.2565108081776635,0.26179307969861765,0.9798227228655729,0.2565108081776635,0.14761427426109847,0.9770212042192975,0.14422227599853607,0.002437116219695361,0.964443362652778,0.00235046056209862
434.32865731462925,0.29170018968274414,0.980410430144397,0.2859859084400614,0.26142647422977866,0.9798648268112835,0.25616260689504655,0.26142647422977866,0.9798648268112835,0.25616260689504655,0.14400835331131445,0.97700945084394,0.14069752218562742,9.81999633118127e-05,0.964321547662573,9.469634060125512e-05
436.2725450901804,0.28951967499993997,0.9804761815849847,0.2838671454376669,0.2610490869011252,0.9799053966327159,0.25580340904045545,0.2610490869011252,0.9799053966327159,0.25580340904045545,0.14042804970029907,0.9769971074604394,0.13719779836350302,0.0024759939185309645,0.9641967992291275,0.0023873454111583412
438.21643286573146,0.2874844664917211,0.9805414069411112,0.28189042324750696,0.2606576022157537,0.979944474862026,0.2554299771221116,0.2606576022157537,0.979944474862026,0.2554299771221116,0.13688527730475958,0.9769844400585653,0.13373478599985197,0.004703726131500476,0.9640683562157856,0.0045347135196849
440.1603206412826,0.28558811074440343,0.9806060990221401,0.2800494432041724,0.26024860899818136,0.9799821099363168,0.2550389809540293,0.26024860899818136,0.9799821099363168,0.2550389809540293,0.13339156247981396,0.9769717012759442,0.13031978173176026,0.006789211896696069,0.9639354300248438,0.006544361889171511
442.10420841683367,0.2838238709204506,0.9806702455669568,0.2783376251933225,0.2598186183620887,0.9800183563561552,0.25462701531794135,0.2598186183620887,0.9800183563561552,0.25462701531794135,0.12995764283166092,0.9769591200481685,0.12696330438435363,0.008739967974052756,0.9637972515159378,0.008423557111729365
444.0480961923848,0.2821848039694328,0.9807338298580988,0.27674818352469865,0.2593640894672629,0.9800532747616825,0.25419062523797303,0.2593640894672629,0.9800532747616825,0.25419062523797303,0.12659311879475219,0.9769468926191724,0.1236747540335029,0.010562426299297822,0.9636531561346664,0.01017851543975815
445.9919839679359,0.28066383770187653,0.9807968313586015,0.2752742026949453,0.25888146262657047,0.9800869318964931,0.2537263384305521,0.25888146262657047,0.9800869318964931,0.2537263384305521,0.12330618932686255,0.9769351757162791,0.12046215373694324,0.012260883044189803,0.9635027165852887,0.01181339412081138
447.935871743487,0.27925384575608053,0.9808592263555469,0.2739087111051204,0.25836719903867617,0.9801194004289686,0.25323070421229926,0.25836719903867617,0.9801194004289686,0.25323070421229926,0.12010349038880516,0.9769240823827514,0.11733199213904909,0.013836114667900355,0.9633459158346507,0.013328964556341711
449.87975951903815,0.27794771871650126,0.9809209885955517,0.2726447510212687,0.25781782609600984,0.9801507586023829,0.25270033782922124,0.25781782609600984,0.9801507586023829,0.25270033782922124,0.11699004015059626,0.9769136805883294,0.11428917071569543,0.015283825438059877,0.9631833173435526,0.014721125687130288
451.8236472945892,0.27673842992011505,0.9809820898991554,0.2714754433384454,0.25722998686541476,0.9801810896892911,0.2521319688265043,0.25722998686541476,0.9801810896892911,0.2521319688265043,0.11396928138353898,0.9769039943895859,0.1113370462212899,0.016593490550368285,0.963016145495844,0.015979799310137377
453.76753507014024,0.2756190947935222,0.9810425007431275,0.27039404600879413,0.25660049198564966,0.9802104812328121,0.25152249173383,0.25660049198564966,0.9802104812328121,0.25152249173383,0.11104320178248232,0.9768950071534783,0.1084775493996432,0.01774845619674041,0.9628461807253313,0.017089033262802346
455.71142284569135,0.27458302287892883,0.9811021908019536,0.26939400530354,0.2559263719052363,0.980239024067522,0.2508690170295305,0.2559263719052363,0.980239024067522,0.2508690170295305,0.10821250814153636,0.9768866662214027,0.10571135632184187,0.018727870411742127,0.9626754492606011,0.01802886106231817
457.6553106212425,0.27362376201455907,0.9811611294420447,0.26846899938038604,0.255204927136635,0.9802668111254823,0.2501689201077403,0.255204927136635,0.9802668111254823,0.2501689201077403,0.1054768301098357,0.9768788883740562,0.10303808854691549,0.019510045587960077,0.9625058198373905,0.018778532423704378
459.59919839679355,0.27273513442083425,0.9812192861644483,0.26761297390837585,0.2544337740714951,0.9802939360477736,0.24941988584803587,0.2544337740714951,0.9802939360477736,0.24941988584803587,0.10283493246436402,0.976871565531084,0.10045652146774658,0.020075959058902013,0.9623386891625971,0.01931987212442573
461.5430861723447,0.27191126469794275,0.9812766309938923,0.2668201697520857,0.253610883925995,0.9803204916376312,0.24861994641498567,0.253610883925995,0.9803204916376312,0.24861994641498567,0.10028491989108716,0.976864570245317,0.0979647851714929,0.020411658937478434,0.9621748687592587,0.019639585259327064
463.48697394789576,0.27114659995696416,0.9813331348138464,0.2660851429298836,0.25273461259303337,0.9803465682063986,0.24776751012255394,0.25273461259303337,0.9803465682063986,0.24776751012255394,0.09782442374978541,0.9768577606933199,0.09556054752532979,0.02050919706522743,0.9620146534850538,0.019730148107961448
465.4308617234469,0.27043592248269,0.9813887696488567,0.26540277723414074,0.2518037195786184,0.980372251876296,0.2468613795941175,0.2518037195786184,0.980372251876296,0.2468613795941175,0.09545076521755501,0.9768509849958618,0.09324117402137735,0.02036647146536094,0.9618579766253039,0.019589653034669065
467.37474949899797,0.26977435546167133,0.9814435088967047,0.26476829003464963,0.2508173747786467,0.980397622912774,0.24590075801820757,0.2508173747786467,0.980397622912774,0.24590075801820757,0.093161093038473,0.9768440848090783,0.09100386266898056,0.019986553786234495,0.9617045650944333,0.01922116001672714
469.31863727454913,0.2691573624060228,0.9814973275139613,0.26417723188221814,0.2497751525689689,0.9804227541625882,0.24488524300304915,0.2497751525689689,0.9804227541625882,0.24488524300304915,0.09095249671765968,0.9768368982048703,0.08884575477766732,0.019376886255620184,0.9615540525208167,0.018631923504326502
471.2625250501002,0.2685807409658294,0.9815502021592436,0.2636254805910893,0.24867701347310886,0.9804477096708875,0.24381480830750601,0.24867701347310886,0.9804477096708875,0.24381480830750601,0.08882209750246331,0.9768292619093344,0.08676402394457017,0.01854848966961065,0.9614060442283148,0.017832630079670137
473.2064128256513,0.2680406118552966,0.9816021112989881,0.26310923051103174,0.24752327446001574,0.9804725435415177,0.2426897744955368,0.24752327446001574,0.9804725435415177,0.2426897744955368,0.08676712012835712,0.9768210129960395,0.08475594617853086,0.01751518587863561,0.961260144896747,0.016836650115590726
475.15030060120245,0.2675334036251456,0.9816530352808492,0.26262497770764076,0.24631456962718964,0.980497299090168,0.24151077024601658,0.24631456962718964,0.980497299090168,0.24151077024601658,0.08478494833673796,0.9768119901431028,0.08281895411898915,0.016292807484829037,0.9611159628726337,0.015659277353679914
477.0941883767535,0.26705583400124194,0.9817029563799294,0.2621695017575269,0.24505180356988188,0.9805220083214394,0.24027868657913146,0.24505180356988188,0.9805220083214394,0.24027868657913146,0.08287316683435324,0.9768020345651788,0.08095067797465574,0.014898395815189569,0.9609731024215107,0.014316957647626371
479.03807615230465,0.2666048884818708,0.9817518588230267,0.2617398448383824,0.24373610007313284,0.9805466917404095,0.2389946265844198,0.24373610007313284,0.9805466917404095,0.2389946265844198,0.08102959184953401,0.9767909907284971,0.07914897530103207,0.013349432597074216,0.9608311512010254,0.012826550690127312
480.9819639278557,0.2661777968477933,0.981799728795918,0.26133328875665846,0.24236874886655352,0.9805713584889568,0.2376598533313452,0.24236874886655352,0.9805713584889568,0.2376598533313452,0.07925229188864093,0.9767787069525216,0.0774119511940105,0.01166318687768347,0.9606896667432949,0.011204703114686503
482.92585170340686,0.2657720081938639,0.9818465544384698,0.260947330511338,0.24095115305861625,0.9805960067790302,0.236275738518082,0.24095115305861625,0.9805960067790302,0.236275738518082,0.07753959980506515,0.9767650359980823,0.07573796999487135,0.009856279927287812,0.960548163293665,0.009467431581064525
484.8697394789579,0.2653851650418719,0.9818923258320532,0.26057965694428686,0.23948477955133993,0.9806206245807446,0.2348437141012169,0.23948477955133993,0.9806206245807446,0.2348437141012169,0.07589011693021766,0.9767498357403397,0.07412565924590528,0.007944583167419729,0.9604060989994229,0.007630026127998061
486.8136272545091,0.2650150770437082,0.9819370349833866,0.2602281189781926,0.23797111428016246,0.9806451905135959,0.23336522870000262,0.23797111428016246,0.9806451905135959,0.23336522870000262,0.07430270982821573,0.9767329700262077,0.07257390645150864,0.005943580180644706,0.9602628631008119,0.005707399321335126
488.7575150300601,0.2646596947341067,0.9819806758085504,0.25989070589428276,0.23641162358937096,0.9806696748844901,0.23184171004430287,0.23641162358937096,0.9806696748844901,0.23184171004430287,0.07277650025653402,0.9767143098195208,0.0710818492191408,0.003869356401325595,0.9601177634512292,0.0037150378140364273
490.7014028056113,0.2643170837444231,0.9820232441204906,0.25956552005516575,0.2348077225016869,0.9806940408163048,0.23027453419505292,0.2348077225016869,0.9806940408163048,0.23027453419505292,0.07131084916418678,0.9766937347418392,0.06964885959778155,0.0017404348674227594,0.9599700166198349,0.0016707652886055666
492.6452905811623,0.2639853998443103,0.9820647376229067,0.2592507524343807,0.23316075012394605,0.9807182454145914,0.22866500176110635,0.23316075012394605,0.9807182454145914,0.22866500176110635,0.06990533603998542,0.9766711351195998,0.06827452390108962,0.00041926107336928616,0.9598187465945389,0.00040241463793718927
494.58917835671343,0.26366286513741266,0.982105155912951,0.25894465927423405,0.23147195198795414,0.9807422409267198,0.22701432090434825,0.23147195198795414,0.9807422409267198,0.22701432090434825,0.06855973560996201,0.9766464146446422,0.06695861997245399,0.0025760313651591936,0.95966300455169,0.002472121999708063
496.5330661322646,0.2633477457006826,0.9821445004946961,0.25864554015760116,0.22974246877979407,0.980765975856169,0.22532359658842016,0.22974246877979407,0.980765975856169,0.22532359658842016,0.06727399470174251,0.976619493738126,0.06570109464735714,0.004680545290729008,0.9595018315271069,0.004490991779000059
498.47695390781564,0.263038330924762,0.9821827748048076,0.258351717747708,0.2279733306706821,0.9807893960037434,0.22359382529345995,0.2279733306706821,0.9807893960037434,0.22359382529345995,0.06604821290122406,0.9765903136680915,0.0645020449544233,0.006661242017379128,0.9593343948432439,0.006390358579646795
500.4208416833668,0.2627329147849074,0.9822199842513174,0.25806151942233446,0.22616545632463408,0.9808124454164161,0.221825894286484,0.22616545632463408,0.9808124454164161,0.221825894286484,0.06488263118945216,0.9765588413972551,0.06336170714117681,0.008419513269410131,0.9591602250112788,0.00807566224197287
502.36472945891785,0.2624297792477684,0.9822561362658043,0.2577732610050009,0.22431965561096906,0.9808350672326375,0.2200205844927869,0.22431965561096906,0.9808350672326375,0.2200205844927869,0.06377763273493617,0.9765250750192875,0.06228045759103611,0.009831814696167923,0.9589795358509627,0.009428509093903789
504.30861723446895,0.2621271799984817,0.9822912403686233,0.25748523277503793,0.22243663507658956,0.9808572044199456,0.21817857604180324,0.22243663507658956,0.9808572044199456,0.21817857604180324,0.06273375903240772,0.9764890494729581,0.06125882872742141,0.010764960259658958,0.9587935064258152,0.010321373993892966
506.25250501002,0.2618233346538649,0.9823253082461401,0.25719568791989017,0.22051700531588606,0.9808788004063694,0.2163004556434513,0.22051700531588606,0.9808788004063694,0.2163004556434513,0.061751742253903126,0.9764508420106472,0.06029754071944817,0.011105648487161331,0.9586042956962834,0.010645922346285783
508.19639278557116,0.26151641361029976,0.9823583538381361,0.2569028335758672,0.2185612894974807,0.980899799611449,0.2143867250708987,0.2185612894974807,0.980899799611449,0.2143867250708987,0.06083255084408525,0.9764105766685913,0.05939754604989468,0.010792733875681684,0.9584146219887663,0.010343913957686813
510.1402805611222,0.2612045336574803,0.9823903934327182,0.2566048245861818,0.21656993245145148,0.9809201478857777,0.21243781016789068,0.21656993245145148,0.9809201478857777,0.21243781016789068,0.05997744032346504,0.9763684267968585,0.05856007905192403,0.00983268199452415,0.9582270502017792,0.009421941863185023
512.0841683366733,0.26088575447022305,0.9824214457651627,0.2562997600861718,0.2145433098751007,0.9809397928699907,0.21045406995052351,0.2145433098751007,0.9809397928699907,0.21045406995052351,0.05918799590168545,0.9763246146397135,0.05778669729000999,0.008289029423681342,0.9580433982919475,0.007941249917605616
514.0280561122245,0.2605580780681271,0.9824515321161891,0.25598568300328106,0.21248173737349707,0.980958684285282,0.2084358055285565,0.21248173737349707,0.980958684285282,0.2084358055285565,0.05846614949794883,0.976279407101327,0.05707929776735503,0.006256421769347835,0.9578645554164323,0.0059928046565940534
515.9719438877755,0.26021945130512797,0.9824806764041948,0.2556605825317906,0.21038547919426207,0.9809767741680016,0.2063832687117764,0.21038547919426207,0.9809767741680016,0.2063832687117764,0.05781415314119784,0.9762331072463983,0.056440090363850684,0.0038366030679702666,0.9576906603176991,0.003674278925541355
517.9158316633266,0.25986777141601825,0.9825089052650474,0.25532239960761965,0.2082547566626623,0.9809940170609146,0.20429667031054835,0.2082547566626623,0.9809940170609146,0.20429667031054835,0.05723449509339706,0.9761860417503316,0.05587151521680205,0.001125133882714209,0.9575214115879326,0.0010773397836019208
519.8597194388777,0.2595008946029344,0.9825362481121737,0.25496903536491977,0.20608975644158167,0.9810103701733841,0.2021761882556986,0.20608975644158167,0.9810103701733841,0.2021761882556986,0.056729754604191475,0.9761385453006853,0.05537610013460032,0.0017923651637075154,0.9573563355355854,0.0017159321450686666
521.8036072144289,0.25911664759020786,0.9825627371689639,0.25459836250228046,0.20389063885168407,0.9810257935222549,0.20002197577123287,0.20389063885168407,0.9810257935222549,0.20002197577123287,0.056302404083755024,0.9760909436419747,0.05495626673142421,0.004839319984772279,0.9571949523939824,0.00463217266244335
523.7474949899799,0.258712842009874,0.9825884074650197,0.25420823942123133,0.2016575465775921,0.9810402500646279,0.1978341699219003,0.2016575465775921,0.9810402500646279,0.1978341699219003,0.05595458000174603,0.9760435373177533,0.05461410619403342,0.00794663430699381,0.9570368503440125,0.007605221868001031
525.691382765531,0.25828729140253137,0.9826132967875968,0.25379652692338006,0.19939061415795392,0.9810537058330976,0.195612900927998,0.19939061415795392,0.9810537058330976,0.195612900927998,0.05568785190191201,0.9759965880578555,0.05435115345253728,0.011052321819820845,0.9568816967916994,0.010575764456438094
527.6352705410821,0.25783783053023784,0.9826374455798262,0.25336110716607707,0.19708997870890815,0.9810661300834005,0.19335830269016832,0.19708997870890815,0.9810661300834005,0.19335830269016832,0.0555030199039224,0.9759503092105084,0.05416818943735007,0.014102524679287997,0.9567292144298543,0.013492297357892837
529.5791583166333,0.2573623366022474,0.9826608967780294,0.2528999044824535,0.19475579235956986,0.9810774954637724,0.1910705249951893,0.19475579235956986,0.9810774954637724,0.1910705249951893,0.05539996491248693,0.9759048608107631,0.05406509504684172,0.017053177857283507,0.9565791426817036,0.01631271425471887
531.5230460921844,0.2568587519148412,0.9826836955817478,0.2524109075741915,0.19238823688194398,0.9810877782146026,0.18874974787713109,0.19238823688194398,0.9810877782146026,0.18874974787713109,0.05537756491348616,0.9758603490602457,0.054040769826581014,0.019871362825561283,0.9564311983249083,0.019005591359600612
533.4669338677354,0.2563251073090431,0.9827058891520335,0.2518921924901236,0.18998754097251355,0.9810969584061204,0.18639619858319123,0.18998754097251355,0.9810969584061204,0.18639619858319123,0.055433678810421445,0.9758168293806546,0.054093116697691034,0.02253568347226494,0.9562850429259385,0.02155053703664024
535.4108216432866,0.2557595457620219,0.9827275262360783,0.25134194571797486,0.18755400058409435,0.9811050202207318,0.18401017153553703,0.18755400058409435,0.9811050202207318,0.18401017153553703,0.05556518941806573,0.9757743118962641,0.05421908446979866,0.02503549366282243,0.956140259319465,0.02393744340296186
537.3547094188377,0.2551603453578377,0.982748656719371,0.2507584866484658,0.18508800260921413,0.9811119522850951,0.18159205158447483,0.18508800260921413,0.9811119522850951,0.18159205158447483,0.05576809120300192,0.9757327681838754,0.0544147540058359,0.027369227110620998,0.9559963353809948,0.02616488081996385
539.2985971943888,0.25452594083973656,0.9827693311101074,0.2501402886292387,0.18259005207450574,0.9811177480549155,0.17914234070856883,0.18259005207450574,0.9811177480549155,0.17914234070856883,0.05603760630628223,0.9756921383132378,0.05467545192293189,0.02954227885025315,0.9558526512956155,0.02823806556432886
541.2424849699398,0.25385494293775307,0.9827895999643771,0.24948599781877412,0.18006080281389814,0.9811224062525183,0.17666168812853197,0.18006080281389814,0.9811224062525183,0.17666168812853197,0.056368313398004785,0.9756523374785636,0.054995876726487605,0.031564873043298934,0.9557084664642815,0.030166816410350964
543.186372745491,0.2531461546985815,0.982809513264452,0.24879444908408052,0.17750109134210526,0.9811259313533769,0.17415092355926384,0.17750109134210526,0.9811259313533769,0.17415092355926384,0.056754276711588884,0.9756132618041,0.055370225023925704,0.03345021827215584,0.955562903982652,0.031963787710994805
545.1302605210421,0.25239858412350397,0.9828291197660208,0.24806467826429338,0.1749119733470845,0.9811283341127105,0.17161109302639183,0.1749119733470845,0.9811283341127105,0.17161109302639183,0.0571891660245738,0.9755747931411534,0.055792308814338665,0.03521309161549643,0.955414934695783,0.03364311362625614
547.0741482965932,0.25161145254478967,0.9828484663331306,0.2472959302454978,0.17229476186300458,0.9811296321169808,0.16904349632233248,0.17229476186300458,0.9811296321169808,0.16904349632233248,0.05766636159162677,0.9755368028408999,0.056255658018562846,0.036868852793810726,0.9552633708672454,0.03521946459982389
549.0180360721442,0.25078419833717136,0.9828675972816343,0.24648766245585643,0.1696510657831091,0.9811298503376354,0.16644972478140216,0.1696510657831091,0.9811298503376354,0.16644972478140216,0.05817904067447586,0.97549915458936,0.05675360499277119,0.03843276550815718,0.9551068946811597,0.03670739931850518
550.9619238476954,0.24991647576015819,0.9828865537528433,0.24563954358595788,0.1669828269436464,0.9811290216560405,0.16383169763257974,0.1669828269436464,0.9811290216560405,0.16383169763257974,0.058720244224262926,0.9754617064415984,0.057279349633666925,0.03991935994940896,0.954944171520092,0.03812076011450068
552.9058116232464,0.24900814894627374,0.9829053731387167,0.24475144755461833,0.1642923535872046,0.9811271873197702,0.1611916947731592,0.1642923535872046,0.9811271873197702,0.1611916947731592,0.0592829235018152,0.9754243122077516,0.05782600488242284,0.04134139215665466,0.954774123226138,0.03947169144931789
554.8496993987976,0.24805928127433152,0.9829240885782214,0.243823442959941,0.16158234764203652,0.9811243972821543,0.1585323834417286,0.16158234764203652,0.9811243972821543,0.1585323834417286,0.05985996709909914,0.9753868223383589,0.05838662309406902,0.04270787319387011,0.9545964161090518,0.040768782690508244
556.7935871743487,0.2470701205787257,0.9829427285415768,0.24285577846274903,0.15885592299311396,0.9811207103704913,0.15585683601356404,0.15885592299311396,0.9811207103704913,0.15585683601356404,0.06044420909960082,0.975349084441673,0.0589542040050967,0.04402110260275579,0.9544120561401344,0.04201427104865197
558.7374749498999,0.24604108082931392,0.9829613165151508,0.24184886472879305,0.15611661184090297,0.9811161942251242,0.15316853606466768,0.15611661184090297,0.9811161942251242,0.15316853606466768,0.06102841912547308,0.9753109435487258,0.059521685040552254,0.04527407731411912,0.9542236669728424,0.04320159607349073
560.6813627254509,0.2449727210581537,0.9829798707951094,0.2408032536940703,0.15336835641776964,0.9811109249533437,0.15047137002361205,0.15336835641776964,0.9811109249533437,0.15047137002361205,0.06160527488509126,0.9752722422276865,0.060081914570235935,0.04645093258864352,0.9540349358132517,0.04431581249067221
562.625250501002,0.24386572239966542,0.9829984043929052,0.23971961600499428,0.15061548382104437,0.9811049864503263,0.14776960221345506,0.15061548382104437,0.9811049864503263,0.14776960221345506,0.062167317661351675,0.9752328206403537,0.06062760855452487,0.0475313879246727,0.9538493506187572,0.045337783505957296
564.5691382765531,0.24272086414522148,0.9830169250507184,0.23859871751768877,0.1478626625595894,0.9810984693550138,0.14506783191197006,0.1478626625595894,0.9810984693550138,0.14506783191197006,0.06270689107069963,0.9751925166322082,0.06115129091341731,0.04849624903775409,0.9536691362344366,0.04624937593044507
566.5130260521042,0.2415389996926033,0.9830354353603853,0.23744139571933026,0.14511484058416552,0.9810914696320182,0.142370932214135,0.14511484058416552,0.9810914696320182,0.142370932214135,0.0632160634900383,0.9751511659544011,0.0616452180193583,0.04933033473897903,0.9534950468796562,0.04703622983453194
568.4569138276553,0.24032103320091092,0.9830539329754813,0.2362485368648867,0.14237716600736144,0.9810840868000043,0.13968397189350482,0.14237716600736144,0.9810840868000043,0.13968397189350482,0.06368653493860037,0.9751086027320514,0.062101288096824574,0.05002238081978744,0.9533268058500669,0.04768767652794361
570.4008016032064,0.2390678976519778,0.9830724109032655,0.23502105451430494,0.1396548932777313,0.9810764218598038,0.1370121229921294,0.1396548932777313,0.9810764218598038,0.1370121229921294,0.06410953010915477,0.9750646603185115,0.06251093719906238,0.05056367276644037,0.9531636704035328,0.048195455923143456
572.3446893787575,0.23778053488199266,0.9830908578612543,0.23375987001984605,0.13695327906292587,0.9810685750077716,0.13436055833290636,0.13695327906292587,0.9810685750077716,0.13436055833290636,0.06447568092632913,0.9750191727090035,0.0628650250766391,0.05094686580520943,0.9530048386928932,0.04855260962860209
574.2885771543087,0.23645987799482368,0.9831092586822893,0.2324658953635957,0.13427747330038023,0.9810606432468608,0.1317343443296342,0.13427747330038023,0.9810606432468608,0.1317343443296342,0.06477490479380638,0.9749719767264002,0.06315371696908179,0.05116548496980966,0.9528496662784514,0.04875301527845825
576.2324649298597,0.23510683641365285,0.9831275947520061,0.23114001859310787,0.13163241159018021,0.9810527180251027,0.12913833517074533,0.13163241159018021,0.9810527180251027,0.12913833517074533,0.06499628893674458,0.9749229152302032,0.06336637148935564,0.05121405305583704,0.9526977458917585,0.04879151290427687
578.1763527054107,0.2337222836807153,0.9831458444634648,0.2297830919592063,0.12902271519338243,0.9810448830352713,0.12657707453578498,0.12902271519338243,0.9810448830352713,0.12657707453578498,0.06512799725250225,0.9748718416239271,0.06349145062282494,0.05108861093502562,0.952548900259736,0.04866440016195618
580.1202404809619,0.232307047984374,0.9831639836751875,0.22839592273214007,0.12645260431833252,0.9810372122992171,0.12405471042843288,0.12645260431833252,0.9810372122992171,0.12405471042843288,0.06515722389215634,0.974818625923759,0.06351647546355856,0.05078732497506297,0.9524031196697181,0.04837000674592976
582.064128256513,0.23086190528404696,0.983181986160755,0.2269792665660254,0.12392582919830834,0.9810297686368251,0.12157492754654314,0.12392582919830834,0.9810297686368251,0.12157492754654314,0.0650702268289239,0.9747631625689775,0.06342806009284259,0.05031085483671504,0.952260469041071,0.0479090382246675
584.0080160320641,0.22938757481951655,0.9831998240402674,0.22553382319957235,0.12144562185741145,0.9810226025861222,0.11914090002724782,0.12144562185741145,0.9810226025861222,0.11914090002724782,0.06485248321211048,0.974705379959032,0.06321206429054689,0.04966223070740851,0.952120989967403,0.04728445226512735
585.9519038076152,0.2278847167324743,0.9832174681861908,0.22406023422403065,0.11901466966343975,0.9810157518027012,0.11675526563542948,0.11901466966343975,0.9810157518027012,0.11675526563542948,0.064489012947488,0.9746452513511009,0.06285391023358884,0.04884617214099286,0.9519846205102859,0.04650080464902319
587.8957915831664,0.22635393149345123,0.9832348885982661,0.2225590826157431,0.11663511002542225,0.9810092409286245,0.11442012075166608,0.11663511002542225,0.9810092409286245,0.11442012075166608,0.06396491236509454,0.9745828062283276,0.06233910379292289,0.047867982728736935,0.951851144876609,0.045563194163282
589.8396793587174,0.2247957608140024,0.9832520547441338,0.2210308937181387,0.11430854412309542,0.9810030818881164,0.11213703407090034,0.11430854412309542,0.9810030818881164,0.11213703407090034,0.06326611961822654,0.9745181406009676,0.061653981253392526,0.046732267945248,0.9517201713188852,0.04447604205497147
591.7835671342685,0.22321068972869892,0.9832689358640768,0.2194761373630244,0.11203606649832565,0.980997274542932,0.10990707588536815,0.11203606649832565,0.980997274542932,0.10990707588536815,0.062380392772875624,0.9744514240876723,0.060786662572676994,0.04544172376616084,0.9515911270326841,0.0432419411329489
593.7274549098196,0.22159914955051563,0.9832855012397587,0.217895230840083,0.10981830675166908,0.9809918076258344,0.10773085925072823,0.10981830675166908,0.9809918076258344,0.10773085925072823,0.061298421838617216,0.9743829013214119,0.05972813411753564,0.043996199430692336,0.9514632564003579,0.041860767179566105
595.6713426853707,0.2199615214328428,0.9833017204280192,0.21628854245287896,0.10765547944924524,0.9809866598659315,0.10560858920118052,0.10765547944924524,0.9809866598659315,0.10560858920118052,0.06001492989027941,0.9743128855678831,0.05847331951855233,0.04239224869485232,0.9513356118543271,0.040329255849998136
597.6152304609218,0.2182981403082987,0.983317563461721,0.21465639543618117,0.10554743857626935,0.9809818012232161,0.10354011640904547,0.10554743857626935,0.9809818012232161,0.10354011640904547,0.05852957056088015,0.9742417436454895,0.05702195087805359,0.040623543269630705,0.9512070324885674,0.03864140004267634
599.559118236473,0.21660929901586073,0.9833330010203096,0.21299907205017193,0.1034937333635334,0.9809771941592836,0.10152499216802803,0.1034937333635334,0.9809771941592836,0.10152499216802803,0.05684742817201015,0.9741698731624024,0.055379051891935906,0.03868292828915652,0.9510761149336913,0.03679040915150956
601.503006012024,0.21489525247074587,0.9833480045732131,0.2113168177093648,0.10149366294614966,0.980972794884427,0.09956252220334244,0.10149366294614966,0.980972794884427,0.09956252220334244,0.054978988775695584,0.974097675159404,0.05355490514902004,0.03656765396989338,0.9509411996691055,0.034773688735215136
603.4468937875752,0.2131562217769263,0.9833625464994932,0.20960984504876898,0.09954632798808456,0.9809685545359087,0.09765181747582878,0.09954632798808456,0.9809685545359087,0.09765181747582878,0.052939563787972516,0.9740255266334086,0.051564486498322855,0.034290328005153886,0.9508004352669944,0.03260325879274832
605.3907815631262,0.2113923982191733,0.9833766001872924,0.2078783378662089,0.0976506780440157,0.9809644202564843,0.09579184077510046,0.0976506780440157,0.9809644202564843,0.09579184077510046,0.05074827301509173,0.973953757474558,0.04942647118839331,0.03189829299369648,0.9506520504139399,0.030324177639162172
607.3346693386774,0.2096039471177776,0.9833901401166697,0.20612245492515835,0.09580555398180182,0.980960336154978,0.09398144843950221,0.09580555398180182,0.980960336154978,0.09398144843950221,0.04842678257728528,0.9738826350383951,0.04716200262279803,0.02949954005866439,0.9504950110694483,0.028039165654603845
609.2785571142284,0.2077910115608752,0.9834031419293567,0.20434233363364396,0.09400972522967845,0.9809562441413008,0.09221942697406105,0.09400972522967845,0.9809562441413008,0.09221942697406105,0.0459980158869397,0.9738123574862403,0.044793436290550284,0.027277887631521898,0.9503300551074196,0.025922996456078207
611.2224448897796,0.2059537160642631,0.9834155824888842,0.20253809364908756,0.09226192193696069,0.9809520846365278,0.09050452465663418,0.09226192193696069,0.9809520846365278,0.09050452465663418,0.0434850154120146,0.9737430550153088,0.04234323175468288,0.025462162615669116,0.9501604194282107,0.024193139110453475
613.1663326653307,0.20409217023746837,0.9834274399343915,0.20070984048728754,0.09056086235410499,0.9809477971646144,0.08883547843558715,0.09056086235410499,0.9809477971646144,0.08883547843558715,0.040910057600729376,0.9736747968056768,0.039833092021698706,0.024238593324012236,0.9499910557282101,0.02302644686124513
615.1102204408818,0.202206472559862,0.9834386937312938,0.19885766923828338,0.08890527586336278,0.9809433208363378,0.0872110365452778,0.08890527586336278,0.9809433208363378,0.0872110365452778,0.0382940466249366,0.9736076011188449,0.03728337487163772,0.02367293463395633,0.9498264112601785,0.02248517854736753
617.0541082164328,0.20029671439127966,0.9834493247218309,0.1969816685121054,0.08729392214425453,0.9809385947384521,0.08562997731739289,0.08729392214425453,0.9809385947384521,0.08562997731739289,0.03565615711864443,0.973541446293324,0.034712746770547094,0.02371554438376744,0.9496687539241355,0.022521911483564954
618.997995991984,0.19836298435755834,0.9834593151783716,0.19508192475302236,0.08572560695776371,0.9809335582422489,0.08409112466555566,0.08572560695776371,0.9809335582422489,0.08409112466555566,0.03301366858862256,0.9734762810432005,0.03213802332124502,0.02426401108717037,0.9495182056279152,0.02303912026882585
620.941883767535,0.1964053732623916,0.9834686488622002,0.19315852707164038,0.08419919499675668,0.9809281512460789,0.08259336068457662,0.08419919499675668,0.9809281512460789,0.08259336068457662,0.030381929848661088,0.9734120331676849,0.029574136105543162,0.025216419983469723,0.9493736847360096,0.023939805555557397
622.8857715430862,0.19442397968228017,0.9834773110903533,0.1912115727494144,0.08271362019210562,0.9809223143662212,0.08113563574844886,0.08271362019210562,0.9809223143662212,0.08113563574844886,0.027774401368401178,0.9733486163449738,0.027034175141743236,0.026491878246440753,0.9492337563060741,0.02514698509947213
624.8296593186373,0.19241891640072598,0.983485288812904,0.189241173569434,0.08126789379585131,0.980915989090047,0.07971697642402238,0.08126789379585131,0.980915989090047,0.07971697642402238,0.0252027382258863,0.9732859350562413,0.024529470640159423,0.028029017361889338,0.9490971128448646,0.026602259454047754
626.7735470941885,0.19039031783020438,0.9834925707028923,0.18724746311976842,0.07986111049331474,0.9809091179048944,0.07833649144890266,0.07986111049331474,0.9809091179048944,0.07833649144890266,0.022676890705378688,0.9732238878839061,0.02206969173740706,0.029776150978571416,0.9489627938715777,0.028256459423367044
628.7174348697396,0.18833834855514558,0.9834991472608394,0.18523060520050044,0.07849245273198781,0.9809016444156154,0.07699337595902181,0.07849245273198781,0.9809016444156154,0.07699337595902181,0.020205210737039556,0.9731623695008318,0.019662950757121062,0.03168097182290304,0.948830275414269,0.030059865220116787
630.6613226452905,0.18626321310499153,0.9835050109354551,0.1831908034416977,0.07716119340120293,0.9808935134634378,0.07568691409833778,0.07716119340120293,0.9808935134634378,0.07568691409833778,0.01779455967482363,0.9731012716632234,0.017315908648257987,0.03368410998378408,0.9486994836205074,0.031956097747832334
632.6052104208417,0.18416516703233615,0.9835101562617046,0.18112831220593587,0.07586669695676371,0.9808846712587036,0.07441648010391885,0.07586669695676371,0.9808846712587036,0.07441648010391885,0.015450416838783012,0.9730404834781303,0.015033881070748068,0.03571913296493709,0.9485707298020342,0.03388212402444627
634.5490981963927,0.18204452932601656,0.9835145800168155,0.179043448804436,0.07460841906176037,0.9808750655401819,0.07318153793705356,0.07460841906176037,0.9808750655401819,0.07318153793705356,0.013176989732332228,0.9729798911619406,0.01282094603560662,0.037719118552976216,0.9484445595146094,0.035774492781256856
636.4929859719439,0.17990169613178136,0.9835182813940375,0.17693660699940197,0.07338590481102068,0.9808646457740188,0.07198163952726766,0.07338590481102068,0.9808646457740188,0.07198163952726766,0.010977326831682023,0.9729193774535629,0.010680053987184366,0.039626518462932546,0.948321547176176,0.037578681297973496
638.4368737474949,0.1777371556829903,0.9835212621929916,0.1748082716959269,0.07219878562380515,0.9808533634059103,0.07081642171293157,0.07219878562380515,0.9808533634059103,0.07081642171293157,0.008853433109235299,0.972858820802361,0.008613140494703233,0.041401178530801885,0.9482021047543617,0.039256684622217444
640.3807615230461,0.17555150426039023,0.9835235270242197,0.17265903464458635,0.07104677492855087,0.9808411721806546,0.06968560200057497,0.07104677492855087,0.9808411721806546,0.06968560200057497,0.006806387539757257,0.972798094419155,0.00662124082855414,0.0430230499383344,0.9480863638042032,0.040789566975802105
642.3246492985973,0.1733454629038238,0.9835250835240608,0.1704896108810003,0.06992966282478984,0.9808280285436773,0.0685889733251627,0.06992966282478984,0.9808280285436773,0.0685889733251627,0.0048364610752199095,0.9727370652595878,0.0047046049525516455,0.044489713663764904,0.9479741422978916,0.042175098151486325
644.2685370741483,0.17111989449128592,0.983525942574242,0.16830085552274682,0.0688473099893779,0.9808138921391745,0.06752639807399399,0.0688473099893779,0.9808138921391745,0.06752639807399399,0.0029432331193444934,0.9726755930030733,0.0028628110197046904,0.0458112010629044,0.9478649657568028,0.04342283252676789
646.2124248496993,0.16887582068526252,0.9835261185186077,0.16609378043022066,0.06779964119293629,0.9807987264187866,0.06649780173368261,0.06779964119293629,0.9807987264187866,0.06649780173368261,0.001125704431152359,0.9726135290979859,0.0010948753595043366,0.047004648053027474,0.9477581013208026,0.04454903599198988
648.1563126252505,0.1666144381277698,0.9835256293672907,0.1638695701212923,0.0667866389007854,0.9807824993727549,0.06550316662581797,0.0667866389007854,0.9807824993727549,0.06550316662581797,0.0006175953759687131,0.9725507159662876,0.0006006428250758404,0.04809017360102242,0.9476525745736288,0.045572776824701657
650.1002004008017,0.16433713315140613,0.9835244969764829,0.161629596217294,0.06580833753887014,0.9807651843916603,0.0645425263008186,0.06580833753887014,0.9807651843916603,0.0645425263008186,0.00228850702683478,0.9724869865011405,0.0022255433021132398,0.04908829964190339,0.9475471546117807,0.04651347865041606
652.0440881763527,0.16204549417393252,0.9835227471899544,0.15937542959969986,0.06486481909212305,0.9807467612604647,0.06361596124434564,0.06486481909212305,0.9807467612604647,0.06361596124434564,0.0038891479146821676,0.9724221640530283,0.0037818936315175554,0.05001868054456081,0.9474403066345236,0.047389714032592976
653.9879759519038,0.15974132087068854,0.9835204099268245,0.157108849384992,0.06395621074735953,0.980727217276874,0.06272359659383121,0.06395621074735953,0.980727217276874,0.06272359659383121,0.005421824862406745,0.972356063187334,0.005271944278501032,0.05089976352452654,0.9473301314679203,0.04821887967137578
655.931863727455,0.15742662918657727,0.9835175191991014,0.15483184779345932,0.06308268526679765,0.9807065484724822,0.06186560253637703,0.06308268526679765,0.9807065484724822,0.06186560253637703,0.006888951100712611,0.9722884916106922,0.006698047874491683,0.05174898629237304,0.947214361890229,0.04901738302939634
657.8757515030061,0.1551036512722032,0.983514113042433,0.15254663001062377,0.06224446465040069,0.9806847608974069,0.0610421979328653,0.06224446465040069,0.9806847608974069,0.0610421979328653,0.00829296335068516,0.972219253798845,0.008062578640584296,0.05258296513602914,0.9470906040760898,0.04980083221479381
659.8196392785571,0.1527748295205406,0.9835102333447069,0.15025560823094472,0.061441827386196864,0.9806618719075876,0.0602536574579707,0.061441827386196864,0.9806618719075876,0.0602536574579707,0.009636232661129823,0.9721481569929487,0.009367845821872615,0.05341662921099203,0.9469571792578968,0.05058326052310599
661.7635270541082,0.15044280405134502,0.9835059255597617,0.14796138924232397,0.0606751191784652,0.9806379113699275,0.05950032214329155,0.0606751191784652,0.9806379113699275,0.05950032214329155,0.010920960363941187,0.9720750203120495,0.010615992767605217,0.05425989607236859,0.9468147617292512,0.0513740705712136
663.7074148296595,0.14811039324419925,0.983501238297722,0.1456667551604325,0.05994476648591855,0.9806129226766751,0.05878261266292739,0.05994476648591855,0.9806129226766751,0.05878261266292739,0.012149048922828148,0.9719996876585577,0.011808871758337497,0.055112653756226974,0.9466677059093558,0.05217336949798403
665.6513026052104,0.14578056725254726,0.9834962227892605,0.143374637248956,0.05925129153075123,0.9805869634410279,0.05810104404209845,0.05925129153075123,0.9805869634410279,0.05810104404209845,0.013321938013082098,0.9719220447187658,0.012947885233291405,0.055963939501276906,0.9465226174911379,0.0529711345018643
667.5951903807616,0.14345641482454236,0.9834909322282065,0.14108808314990545,0.058595326732246135,0.9805601057362635,0.057456239776222176,0.058595326732246135,0.9805601057362635,0.057456239776222176,0.014440401091579761,0.9718420395002181,0.01403378884804205,0.05679887092736081,0.9463845873921028,0.053753576026927666
669.5390781563126,0.14114110418485803,0.9834854210048753,0.13881021827033807,0.05797762589796977,0.9805324357466688,0.05684894274054545,0.05797762589796977,0.9805324357466688,0.05684894274054545,0.015504309404246781,0.9717597043861461,0.015066463123382197,0.057605883306603704,0.946255204939799,0.05450986691402843
671.4829659318639,0.13883783915785083,0.983479743850626,0.13654420249173754,0.0573990691266138,0.980504052725145,0.05628001990129558,0.0573990691266138,0.980504052725145,0.05628001990129558,0.016512389735976574,0.9716751757655671,0.016044679199014582,0.05837793734279505,0.9461334670252178,0.05523332025591961
673.4268537074148,0.13654981209338854,0.9834739549216315,0.13429318374329044,0.056860658397793515,0.9804750672018262,0.05575045786371668,0.056860658397793515,0.9804750672018262,0.05575045786371668,0.017462025789761703,0.9715887055434882,0.016965907033241582,0.05911026752414875,0.9460173583502821,0.05591933913457368
675.370741482966,0.1342801554484962,0.9834681068558316,0.13206025026723933,0.05636350136250778,0.9804455984580456,0.0552613468245548,0.05636350136250778,0.9804455984580456,0.0552613468245548,0.01834917077793449,0.9715006584057848,0.017826231491963544,0.0597982689670457,0.9459047988498197,0.05656346957884078
677.314629258517,0.13203189404299492,0.9834622498407384,0.12984838356625777,0.05590878192908919,0.9804157713625219,0.05481385156094701,0.05590878192908919,0.9804157713625219,0.05481385156094701,0.019168435789816418,0.9714114908211966,0.018620438787295947,0.060436408805359144,0.9457940172702267,0.05716039387340633
679.2585170340682,0.12980790002054673,0.9834564307306576,0.12766041403484896,0.05549771776154269,0.9803857127486985,0.05440916958357613,0.05549771776154269,0.9803857127486985,0.05440916958357613,0.019913384321639,0.9713217126418688,0.01934230256379013,0.0610178298444397,0.9456836871428894,0.05770356630874718
681.2024048096192,0.12761085240064232,0.9834506922497455,0.1254989811319918,0.055131506538926865,0.9803555475781285,0.05404847828177682,0.055131506538926865,0.9803555475781285,0.05404847828177682,0.020577004231006498,0.9712318381790064,0.019985041643497632,0.06153429939403353,0.945573026050583,0.05818517368391884
683.1462925851703,0.1254432028144489,0.9834450723122868,0.12336649966294057,0.05481126444712239,0.9803253951704158,0.05373287447891542,0.05481126444712239,0.9803253951704158,0.05373287447891542,0.02115227029451609,0.9711423377321287,0.020541865222158215,0.06197643038140596,0.9454619044987257,0.05859635390243677
685.0901803607215,0.12330714860873118,0.9834396034841982,0.1212651333345377,0.05453796156190753,0.9802953657769301,0.053463310978058294,0.05453796156190753,0.9802953657769301,0.053463310978058294,0.02163268441230041,0.9710536003095331,0.02100649608292423,0.062334312339532856,0.9453508889899765,0.05892779758475625
687.0340681362726,0.12120461402148311,0.9834343126008015,0.11919677627426271,0.05431235929301186,0.9802655577331716,0.05324053517416868,0.05431235929301186,0.9802655577331716,0.05324053517416868,0.022012699129223615,0.9709659138421461,0.021373580526138823,0.06259861571355864,0.9452410938287952,0.05917078398925257
688.9779559118236,0.1191372396311352,0.9834292205463456,0.1171630427084905,0.05413495480453492,0.9802360553518411,0.053065034554247506,0.05413495480453492,0.9802360553518411,0.053065034554247506,0.022287979178949546,0.9708794631650326,0.02163894126029196,0.06276181310814086,0.9451338136069023,0.05931831177178084
690.9218436873747,0.11710637980762702,0.9834243421915309,0.11516526452874717,0.054005936392814896,0.9802069276301054,0.05293699298538799,0.054005936392814896,0.9802069276301054,0.05293699298538799,0.022455507022942224,0.9707943414032049,0.02179967915121224,0.06281882467708529,0.9450300963541978,0.059365679937443364
692.865731462926,0.11511310748955207,0.9834196864772212,0.11320449607679396,0.053925152411259565,0.9801782277568155,0.052856260321984566,0.053925152411259565,0.9801782277568155,0.052856260321984566,0.02251357058719768,0.970710568590023,0.021854160905690277,0.06276665602564317,0.944930474314392,0.0593101260494393
694.8096192384769,0.11315822530520832,0.983415256626217,0.11128152517788872,0.0538920947716855,0.9801499933326365,0.05282233633114936,0.0538920947716855,0.9801499933326365,0.05282233633114936,0.022461679842785104,0.9706281119825617,0.02180193789775927,0.06260319620992169,0.9448349234201847,0.05914968609686016
696.7535070140281,0.11124228186022653,0.9834110504607273,0.10939688925981368,0.05390589659418374,0.9801222471668449,0.05283436850543494,0.05390589659418374,0.9801222471668449,0.05283436850543494,0.02230045087004205,0.9705469043685724,0.02164363355794275,0.06232561530450011,0.9447429633185781,0.058881686493427156
698.6973947895791,0.10936559192951804,0.9834070608010418,0.10755089531217348,0.05396534242542052,0.9800949984913493,0.05289116220302767,0.05396534242542052,0.9800949984913493,0.05289116220302767,0.022031481846163176,0.9704668585678738,0.02138082297684112,0.06192864022456756,0.9446537781592891,0.05850112396440507
700.6412825651304,0.10752825930436889,0.983403275920705,0.10574364245396739,0.05406888869098277,0.9800682444324215,0.052991200817783496,0.05406888869098277,0.9800682444324215,0.052991200817783496,0.02165723227886036,0.9703878777447632,0.02101591566890869,0.061402741142316045,0.9445662885181434,0.05799895930563777
702.5851703406813,0.10573020113663453,0.9833996800348679,0.10397504596778863,0.05421469169895636,0.9800419715976229,0.053132673342202466,0.05421469169895636,0.9800419715976229,0.053132673342202466,0.021180907885265443,0.9703098619615914,0.020552043806373096,0.06073218179270111,0.9444791536066441,0.05736027965625519
704.5290581162325,0.10397117276772404,0.983396253801032,0.10224486180307969,0.054400640504425266,0.9800161576624083,0.05331350668152083,0.054400640504425266,0.9800161576624083,0.05331350668152083,0.020606349019310792,0.9702327117449275,0.01999295388816834,0.059893109363934154,0.944390706232753,0.05656249585068129
706.4729458917836,0.10225079220711746,0.9833929748146482,0.10055271072571167,0.05462439218212853,0.9799907728714948,0.05353140031219978,0.05462439218212853,0.9799907728714948,0.05353140031219978,0.019937919440995447,0.9701563294844269,0.01934289874243234,0.0588527266789475,0.9442988405269803,0.05557456156478141
708.4168336673347,0.10056856361285658,0.9833898180856115,0.09889810147637829,0.0548834074359199,0.9799657813994769,0.0537838612538071,0.0548834074359199,0.9799657813994769,0.0537838612538071,0.019180393207594824,0.9700806193862191,0.018606527722894818,0.057573050524538934,0.9442009306686516,0.05436052788670296
710.3607214428857,0.09892389930837102,0.983386756485256,0.09728045247973303,0.055174984911949394,0.9799411425404332,0.05406823775426685,0.055174984911949394,0.9799411425404332,0.05406823775426685,0.018338839455505872,0.9700054865499769,0.017788774888799885,0.05602821016073319,0.9440940444710257,0.052895899535119216
712.3046092184369,0.09731614003464109,0.9833837611567805,0.0956991118085253,0.05549629301356224,0.9799168117160505,0.05438175051190963,0.05549629301356224,0.9799168117160505,0.05438175051190963,0.017418507045826804,0.9699308355814659,0.01689474709354044,0.05424942701441113,0.9439760709783683,0.05121016096589157
714.248496993988,0.09574457327695576,0.9833808018849592,0.094153375245226,0.05584439839950883,0.9798927413059934,0.054721520634278736,0.05584439839950883,0.9798927413059934,0.054721520634278736,0.01642471297710427,0.9698565690129121,0.0159296157749962,0.05239001606723699,0.9438482356189244,0.04944822422910874
716.1923847695391,0.09420844961841383,0.983377847423435,0.09264250239485493,0.056216290663109264,0.9798688813134668,0.055084593843653565,0.056216290663109264,0.9798688813134668,0.055084593843653565,0.0153627398910369,0.9697825856901037,0.014898517614814267,0.05072066341913224,0.9437168967442395,0.04786594708271255
718.1362725450902,0.09270699715777157,0.9833748657798466,0.09116573088687624,0.056608902933278,0.979845179884116,0.05546796067770025,0.056608902933278,0.979845179884116,0.05546796067770025,0.014237748889573828,0.9697087791991811,0.013806470094253133,0.04947414082602169,0.9435902933178347,0.046683319053673664
720.0801603206414,0.09123943408929257,0.9833718244605181,0.08972228876313282,0.057019128312925674,0.979821583698628,0.05586857260468611,0.057019128312925674,0.979821583698628,0.05586857260468611,0.013054714386632294,0.9696350363461224,0.01265830845877045,0.048711895236191106,0.9434729882319141,0.04595835736092916
722.0240480961925,0.08980497958026387,0.9833686906774937,0.08831140518616314,0.05744383218546452,0.9797980382595797,0.05628335408543064,0.05744383218546452,0.9797980382595797,0.05628335408543064,0.011818388085789468,0.9695612356657597,0.01145865095603553,0.04836947696418102,0.943364955305199,0.04563006947445048
723.9679358717435,0.08840286310157844,0.9833654315214088,0.0869323196216117,0.057879860487084094,0.9797744880920203,0.05670921067957037,0.057879860487084094,0.9797744880920203,0.05670921067957037,0.010533299712239886,0.9694872459226657,0.010211899728497453,0.048355129066321674,0.9432639539993831,0.04561165023924908
725.9118236472946,0.08703233237230046,0.9833620141041014,0.08558428965380296,0.05832404407236441,0.9797508768755873,0.05714303332282943,0.05832404407236441,0.9797508768755873,0.05714303332282943,0.009203803143111063,0.9694129245725542,0.008922285722153362,0.04859713990401868,0.9431673604644321,0.04583523616939402
727.8557114228456,0.08569266007405173,0.9833584056750729,0.08426659758847549,0.058773199303831264,0.9797271475240733,0.05758169890480645,0.058773199303831264,0.9797271475240733,0.05758169890480645,0.007834178344417433,0.9693381161811685,0.0075939676782048994,0.049050788876123484,0.9430728283564027,0.04625846619851855
729.7995991983969,0.0843831494786699,0.9833545737159518,0.08297855598440688,0.05922412498117858,0.9797032422266138,0.05802206726209484,0.05922412498117858,0.9797032422266138,0.05802206726209484,0.006428802210057381,0.9692626508526305,0.006231197871927467,0.04969145961550788,0.9429783971936463,0.046857972942444426
731.7434869739478,0.08310313911567958,0.9833504860170624,0.08171951223894706,0.05967359570080751,0.979679102463238,0.05846097467692124,0.05967359570080751,0.979679102463238,0.05846097467692124,0.0049924049909612035,0.9691863428100889,0.004838570735016524,0.050504405926950637,0.9428824940928366,0.04761972022308026
733.687374749499,0.08185200658688799,0.9833461107400843,0.08048885233348806,0.0601183517080305,0.97965466900658,0.05889522394375179,0.0601183517080305,0.97965466900658,0.05889522394375179,0.003530433095873004,0.9691089894128844,0.0034213744497312874,0.05147261630511026,0.9427840335375527,0.04852756081686266
735.6312625250501,0.08062917161569079,0.9833414164706579,0.07928600382542915,0.060555085279516925,0.9796298819211535,0.05932157104209855,0.060555085279516925,0.9796298819211535,0.05932157104209855,0.00204954246848215,0.9690303711058398,0.001986068898830437,0.052563263509182584,0.9426826797287554,0.049550478100124945
737.5751503006012,0.07943409839982597,0.9833363722646609,0.07811043815459898,0.0609804236594774,0.9796046805718359,0.059736708440077585,0.0609804236594774,0.9796046805718359,0.059736708440077585,0.0005582469018721733,0.9689502530973712,0.0005409134768598656,0.05371786457212323,0.9425791553706131,0.05063333941670489
739.5190380761522,0.07826629731943062,0.9833309476917771,0.0769616723154421,0.0613909085782313,0.9795790036541272,0.060137245058485424,0.0613909085782313,0.9795790036541272,0.060137245058485424,0.0009322624738954951,0.9688683899598439,0.0009032396421031094,0.05485639693732267,0.9424752522346578,0.05170079654018769
741.4629258517034,0.07712532603817655,0.9833251128799134,0.07583926993239008,0.061782972416658484,0.9795527892603955,0.06051968295953589,0.061782972416658484,0.9795527892603955,0.06051968295953589,0.0024071352509873476,0.9687845347982512,0.0023319954043242493,0.05589930908131896,0.942373259561548,0.052678014106200995
743.4068136272546,0.07601079002464786,0.983318838564006,0.07474284176536927,0.06215291115814881,0.9795259749987013,0.060880390901193376,0.06215291115814881,0.9795259749987013,0.060880390901193376,0.0038467802392256976,0.9686984549966746,0.003726370074449672,0.05679298225182802,0.9422750826660337,0.05351461204619183
745.3507014028056,0.07492234251453453,0.9833120961427906,0.07367204566589507,0.062496854408247614,0.9794984981839246,0.06121557503409793,0.062496854408247614,0.9794984981839246,0.06121557503409793,0.005225843887456321,0.9686099564892644,0.005061804420448755,0.05751930015551676,0.9421816855170958,0.05419363117028853
747.2945891783567,0.07385968393211001,0.9833048577471913,0.07262658600211595,0.06281073298284319,0.9794702961247006,0.061521247234514916,0.06281073298284319,0.9794702961247006,0.061521247234514916,0.006512550369037795,0.9685189174204436,0.006307528233066595,0.05808774074950729,0.942093090743463,0.054724059217008326
749.2384769539079,0.07282256079218546,0.9832970963241101,0.07160621257384195,0.06309024489409973,0.9794413065339411,0.061793191888623346,0.06309024489409973,0.9794413065339411,0.061793191888623346,0.007668863173233047,0.9684253292150135,0.0074267213432431065,0.058521892933989954,0.942008667674353,0.05512813039252901
751.182364729459,0.07181076411164028,0.9832887857395435,0.07061071904636355,0.06333082102811399,0.9794114680950904,0.062026932398812545,0.06333082102811399,0.9794114680950904,0.062026932398812545,0.008652009615518541,0.9683293381207834,0.008377994744409723,0.058849273939621936,0.9419274039211465,0.05543174382459247
753.12625250501,0.07082412737279889,0.9832799009051041,0.06963994094481617,0.06352759243747429,0.9793807212201083,0.06221769929879067,0.06352759243747429,0.9793807212201083,0.06221769929879067,0.009417756917075736,0.9682312743556076,0.009118566781391578,0.05909610668178269,0.9418480439512402,0.055659552483370844
755.0701402805611,0.06986252409939475,0.9832704179321375,0.06869375326900591,0.0636753619863383,0.97934900903743,0.06236040266142006,0.0636753619863383,0.97934900903743,0.06236040266142006,0.009925304638424753,0.9681316527110075,0.009609001583258385,0.059285499833380134,0.9417690961148573,0.05583325159079993
757.0140280561124,0.0689258651292486,0.9832603143176568,0.0677720678116014,0.06376858408704894,0.979316278647298,0.06244961246273607,0.06376858408704894,0.979316278647298,0.06244961246273607,0.010142842783458344,0.9680311328846539,0.009818587590342117,0.05943736338699285,0.9416887338968736,0.055971495474065686
758.9579158316634,0.06801409569539962,0.983249569166201,0.06687483028973044,0.06380135742060854,0.9792824826757369,0.06247955169293558,0.06380135742060854,0.9792824826757369,0.06247955169293558,0.01005215608016574,0.9679304418609185,0.009729787876329743,0.05956909880282197,0.9416046193146332,0.056090538601146954
760.9018036072144,0.06712719245790191,0.9832381634513728,0.06600201742995432,0.06376743674219665,0.9792475811443906,0.062444108185574006,0.06376743674219665,0.9792475811443906,0.062444108185574006,0.009650716169332796,0.9678302782614545,0.009340255315587678,0.059696643752783156,0.9415137447083983,0.056205210606206084
762.8456913827655,0.06626516065983735,0.9832260803201301,0.06515363417735558,0.06366027095128146,0.9792115436484355,0.06233687218728198,0.06366027095128146,0.9792115436484355,0.06233687218728198,0.008950656663922123,0.9677312278848866,0.0086618299637534,0.05983550017804928,0.9414126911741,0.05632989925036572
764.7895791583168,0.0654280316103351,0.9832133054417745,0.06432971122814649,0.06347307525251454,0.9791743517962099,0.06215120731689298,0.06347307525251454,0.9791743517962099,0.06215120731689298,0.00797530624316674,0.9676337134926908,0.007717175196316873,0.06000046501832835,0.9412993588926457,0.05647839925501309
766.7334669338677,0.06461586072055679,0.9831998274018514,0.06353030310787351,0.06319894502477053,0.979136001810775,0.061880362350212784,0.06319894502477053,0.979136001810775,0.061880362350212784,0.006754734034663179,0.9675379852270779,0.0065354617586427825,0.06020152924398425,0.9411767390796797,0.05666027898146307
768.6773547094189,0.06382872633072956,0.983185638138756,0.06275548702906236,0.06283101743875052,0.9790965071272566,0.06151762971353239,0.06283101743875052,0.9790965071272566,0.06151762971353239,0.005321694312698002,0.9674441426300697,0.005148441991687437,0.06043825111336003,0.9410539566158316,0.05687565534116864
770.6212424849699,0.06306672956138594,0.9831707334175717,0.06200536275711546,0.062362683418241985,0.9790559007473025,0.06105655318706577,0.062362683418241985,0.9790559007473025,0.06105655318706577,0.003708745246510276,0.9673521727066997,0.00358766277222736,0.06070332504423075,0.9409393063212449,0.05711814455851154
772.5651302605212,0.062329995393512486,0.9831551133315288,0.06128005368506244,0.06178784692587266,0.9790142370466409,0.060491181816887854,0.06178784692587266,0.9790142370466409,0.060491181816887854,0.0019466643101345952,0.967261990303005,0.0018829343950726146,0.06099176839378815,0.940834842919998,0.057383180836182573
774.5090180360721,0.06161867512392416,0.9831387828164709,0.060579709260098355,0.061101220927362726,0.9789715926931841,0.059816359566758404,0.061101220927362726,0.9789715926931841,0.059816359566758404,6.388389471794144e-05,0.9671734725363273,6.178680829349657e-05,0.06130294083047058,0.9407385142847956,0.05767003747814563
776.4529058116232,0.06093295024868118,0.9831217521580154,0.059904508812640624,0.0602986406155346,0.9789280663442204,0.05902803166095036,0.0602986406155346,0.9789280663442204,0.05902803166095036,0.0019134541073410273,0.9670864841456681,0.001850475605242522,0.061637928977959854,0.940647333678509,0.05797955354658324
778.3967935871744,0.060273037696366064,0.983104037465052,0.05925466670958076,0.05937736624097599,0.9788837768712694,0.05812354052663518,0.05937736624097599,0.9788837768712694,0.05812354052663518,0.0039611819856212325,0.9670008938566761,0.003830466520824695,0.061997485600216735,0.940558623155635,0.05831226969525116
780.3406813627255,0.05963919616661581,0.9830856610773885,0.05863043858958156,0.058336342495569925,0.9788388600162253,0.05710187898587975,0.058336342495569925,0.9788388600162253,0.05710187898587975,0.006056777652424432,0.9669165832974689,0.005856398753474696,0.06238116081741777,0.940470162748778,0.058667620466414584
782.2845691382765,0.05903173313605209,0.9830666518705358,0.05803212824817369,0.05717638112369911,0.9787934635968257,0.05596386811599762,0.05717638112369911,0.9787934635968257,0.05596386811599762,0.00817916259601762,0.9668334503375154,0.007907887993579265,0.0627870312636753,0.9403800516907848,0.059043671705245895
784.2284569138276,0.058451011890001354,0.9830470454178041,0.05746009454014677,0.05590023968769196,0.9787477416132934,0.0547122333499703,0.05590023968769196,0.9787477416132934,0.0547122333499703,0.010308675067229834,0.9667514085573109,0.009965926141604074,0.06321166952855925,0.9402866022151067,0.05943708596135318
786.1723446893789,0.057897457748703515,0.9830268839701464,0.056914757480501225,0.054512581852945274,0.9787018478050667,0.05335156458810249,0.054512581852945274,0.9787018478050667,0.05335156458810249,0.012427202982414398,0.9666703842491654,0.0120130090821529,0.06365023152877955,0.9401884268058256,0.05984321104686981
788.1162324649299,0.05737156251236582,0.983006216218545,0.05639660258382644,0.053019820843063975,0.9786559293123541,0.051888162039143294,0.053019820843063975,0.9786559293123541,0.051888162039143294,0.014518421627477716,0.9665903120505693,0.01403336569138542,0.06409662446493751,0.9400848607820649,0.06025626628672107
790.060120240481,0.05687388608469676,0.9829850968128354,0.05590618241908782,0.05142986407664252,0.9786101210799474,0.05032978551116837,0.05142986407664252,0.9786101210799474,0.05032978551116837,0.016568064420950778,0.9665111300553253,0.016013218666322566,0.06454373381142103,0.9399766781106341,0.06066960450091656
792.004008016032,0.056405054280633624,0.9829635856248385,0.05544411440305527,0.04975178951235323,0.9785645415044771,0.04868533709318319,0.04975178951235323,0.9785645415044771,0.04868533709318319,0.018564157450304663,0.9664327750222991,0.017941010200648824,0.06498371602414374,0.939866476320193,0.06107601619780404
793.9478957915833,0.05596575200135248,0.9829417467617672,0.05501107403104527,0.047995490220262636,0.9785192896097975,0.04696451299480538,0.047995490220262636,0.9785192896097975,0.04696451299480538,0.02049716519386683,0.9663551780918185,0.019807541721296604,0.06540840654380371,0.9397578360889999,0.06146806259563456
795.8917835671342,0.05555671127043069,0.9829196473565135,0.05460778305021938,0.046171322564178996,0.9784744437961678,0.04517745916531849,0.046171322564178996,0.9784744437961678,0.04517745916531849,0.022360019139245468,0.9662782612227516,0.021606000414777556,0.06580980922166657,0.9396536435256412,0.06183842701486633
797.8356713426854,0.05517869404794421,0.9828973561821812,0.05423499249730982,0.044289786530211275,0.978430062002524,0.04333445858083317,0.044289786530211275,0.978430062002524,0.04333445858083317,0.02414802597832197,0.9662019343887427,0.0233318694119243,0.06618045704072072,0.9395551448045626,0.06218018889812649
799.7795591182364,0.05483247022900173,0.9828749421562646,0.05389346100461517,0.04236125677036735,0.9783861829831689,0.04144566831792964,0.04236125677036735,0.9783861829831689,0.04144566831792964,0.02585867218543366,0.9661260934337395,0.02498273793989672,0.06651344591505322,0.9394621875668061,0.06248686740196234
801.7234468937877,0.05451879172605461,0.9828524728123982,0.05358392926269689,0.040395772580663805,0.978342828341003,0.03952091439958656,0.040395772580663805,0.978342828341003,0.03952091439958656,0.0274913541182386,0.9660506183945923,0.02655803964642912,0.06680207739477055,0.9393738597365199,0.06275212528074334
803.6673346693386,0.05423836395925519,0.9828300128224854,0.05330709194554541,0.03840288635542203,0.9783000049680606,0.037569543912297235,0.03840288635542203,0.9783000049680606,0.037569543912297235,0.029047067046800122,0.9659753720541588,0.028058751397614844,0.0670390663994217,0.939288930493031,0.0629690529795641
805.6112224448898,0.053991816372193,0.9828076226483067,0.05306356869121892,0.036391564092335765,0.978257707598257,0.03560032806488343,0.036391564092335765,0.978257707598257,0.03560032806488343,0.03052808437045474,0.9659001984877646,0.02948708275287346,0.0672151814878757,0.9392060101713929,0.0631289024281738
807.555110220441,0.053779673708193705,0.9827853573898537,0.05285387584561687,0.03437012838194879,0.9782159212527924,0.03362140679872479,0.03437012838194879,0.9782159212527924,0.03362140679872479,0.03193765221191839,0.9658249214033431,0.030846180437383384,0.06731705338394488,0.9391235162170468,0.06321902787530097
809.498997995992,0.05360232971143184,0.9827632658794342,0.05267840060595298,0.03234623351259286,0.9781746234361757,0.031640264785759126,0.03234623351259286,0.9781746234361757,0.031640264785759126,0.033279716957242654,0.96574934215014,0.03213986475839995,0.06732377839816292,0.9390395093894022,0.06321968783725174
811.442885771543,0.05346002467525615,0.9827413900487488,0.05253737896140164,0.030326863117538128,0.9781337860080829,0.02966372943890646,0.030326863117538128,0.9781337860080829,0.02966372943890646,0.03455869584051941,0.9656732373925118,0.03337240769237751,0.06720225928038959,0.9389514358383501,0.06309965784290289
813.3867735470943,0.05335282789125065,0.9827197645737364,0.052430878464632916,0.028318342455009273,0.9780933767077494,0.02769798319458644,0.028318342455009273,0.9780933767077494,0.02769798319458644,0.03577929420911256,0.9655963566411326,0.03454835613151026,0.06690386293745719,0.9388559198280185,0.06281308777819404
815.3306613226454,0.05328062561600136,0.9826984167818206,0.05235878643798945,0.02632635936559721,0.9780533603426715,0.025748584243111113,0.02632635936559721,0.9780533603426715,0.025748584243111113,0.0369463677217052,0.9655184201539394,0.03567239859308731,0.06637573437013715,0.9387493102009788,0.06231017485404965
817.2745490981964,0.05324311472794843,0.9826773667903161,0.05232080378057506,0.02435598981093342,0.9780136996742502,0.023820491704219335,0.02435598981093342,0.9780136996742502,0.023820491704219335,0.03806482286943533,0.965439118239515,0.03674926902701097,0.0656191174821776,0.9386307325231846,0.061592120309821266
819.2184368737475,0.05323980184940168,0.9826566278343032,0.05231644415189955,0.022411725453285628,0.9779743560429321,0.021918092767988003,0.022411725453285628,0.9779743560429321,0.021918092767988003,0.03913954384426078,0.9653581138088926,0.03778367622083604,0.06477677893062696,0.9385068518709528,0.06079345086852337
821.1623246492987,0.05327000739120911,0.982636206737323,0.052345037995766876,0.020497501910610158,0.9779352897777691,0.02004523047067292,0.020497501910610158,0.9779352897777691,0.02004523047067292,0.040175326659920144,0.9652750511879823,0.03878024049814833,0.06406467652646868,0.9383884943782766,0.06011755534850426
823.1062124248498,0.053332873760228876,0.9826161044782067,0.05240574065490407,0.018616727123044217,0.9778964604329529,0.018205231558471088,0.018616727123044217,0.9778964604329529,0.018205231558471088,0.04117679170622112,0.9651895756082277,0.03974341011183596,0.06358555241452546,0.9382806473640094,0.0596610932824991
825.0501002004008,0.053427376852111526,0.9825963168110523,0.05249754371176086,0.016772309748606606,0.9778578268890104,0.01640093436268182,0.016772309748606606,0.9778578268890104,0.01640093436268182,0.042148234699956384,0.9651013688437529,0.04067731900327567,0.06332469673252362,0.938181950542519,0.05941008749803249
826.9939879759519,0.053552339922606496,0.9825768349015471,0.05261928866272645,0.014966687740315355,0.9778193473504316,0.014634716838232868,0.014966687740315355,0.9778193473504316,0.014634716838232868,0.043093369464613104,0.9650102056200915,0.04158554132790886,0.06323632236553807,0.938089202279284,0.05932131120296326
828.937875751503,0.05370644897067354,0.9825576459502486,0.05276968207297215,0.013201857317604287,0.9777809792655808,0.012908524976131595,0.013201857317604287,0.9777809792655808,0.012908524976131595,0.044014929029831194,0.9649160299754437,0.042470710579115625,0.06328386624753643,0.9379995018288422,0.05936023501399225
830.8817635270541,0.053888268854568516,0.9825387337810603,0.0529473114460211,0.011479402496944284,0.977742679189333,0.011223901752855023,0.011479402496944284,0.977742679189333,0.011223901752855023,0.044914145970254095,0.9648190381214109,0.0433340231130652,0.06344619599870222,0.9379105475705534,0.059506856430411446
832.8256513026051,0.054096259477379866,0.9825200793802474,0.05315066115588973,0.009800525242385305,0.9777044026043277,0.009582016677314958,0.009800525242385305,0.9777044026043277,0.009582016677314958,0.04579023743361652,0.9647197365072389,0.044174745791562435,0.06371499027739158,0.9378204299584274,0.059753219576740395
834.7695390781563,0.05432879150422085,0.982501661377476,0.05337812791352748,0.008166076175105173,0.9776661037131283,0.00798369587673968,0.008166076175105173,0.9776661037131283,0.00798369587673968,0.046640129914686315,0.9646189331018445,0.044989952358036135,0.06409126629096376,0.9377273853776548,0.06010013556456847
836.7134268537075,0.05458416119659196,0.9824834564653163,0.053628035360687665,0.006576585668199235,0.9776277352109828,0.006429452552222626,0.006576585668199235,0.9776277352109828,0.006429452552222626,0.047458660340623106,0.964517635778231,0.04577471486893989,0.06458119869341081,0.9376296386997022,0.06055324599769645
838.6573146292585,0.05486060406183299,0.9824654397574194,0.053898647494966416,0.005032295064500898,0.9775892480472748,0.004919517548057445,0.005032295064500898,0.9775892480472748,0.004919517548057445,0.04823929700411376,0.9644168783146935,0.046522792228802734,0.06518813179850931,0.9375254726445915,0.06111553407521537
840.6012024048096,0.05515630711229989,0.9824475850882272,0.05418818072486364,0.0035331876987910182,0.9775505911831424,0.0034538697237141663,0.0035331876987910182,0.9775505911831424,0.0034538697237141663,0.04897513272421979,0.9643175406570649,0.047227579541972965,0.06589644432900511,0.9374138058470358,0.061772236670240004
842.5450901803608,0.05546941960796906,0.9824298652588066,0.05449481443144125,0.002079019383310432,0.977511711353141,0.002032265795316132,0.002079019383310432,0.977511711353141,0.002032265795316132,0.049659759294904356,0.9642202331329004,0.0478829446846564,0.06665017839290469,0.9372954426236825,0.062470908457724995
844.4889779559119,0.05579806221773972,0.9824122522343547,0.05481669997364233,0.0006693480257586565,0.9774725528403276,0.0006542693234769475,0.0006693480257586565,0.9774725528403276,0.0006542693234769475,0.05028775627140656,0.9641252718329899,0.04848369668504099,0.06735232822126865,0.9371739981642621,0.06312085072479799
846.4328657314629,0.05614033458014605,0.9823947172993335,0.05515196811895257,0.0006964379106890644,0.9774330572768508,0.0006807214362483145,0.0006964379106890644,0.9774330572768508,0.0006807214362483145,0.050854775250412425,0.9640327247627838,0.04902566755185407,0.06791020246455294,0.9370544923317743,0.06363556029456967
848.376753507014,0.05649432127557845,0.9823772311761862,0.05549873491188067,0.0020190923277073535,0.9773931634862904,0.001973447037548788,0.0020190923277073535,0.9773931634862904,0.001973447037548788,0.05135736670888438,0.9639424889874683,0.04950554789320415,0.06828437195357043,0.9369404498332219,0.06397839017475732
850.3206412825652,0.05685809624180942,0.9823597641133324,0.05585510601203705,0.003299485919960926,0.9773528073898133,0.003224761826816972,0.003299485919960926,0.9773528073898133,0.003224761826816972,0.051792719253117334,0.9638543667196616,0.049920638616402634,0.06848610152485164,0.936832834772432,0.06416002863403934
852.2645290581163,0.057229725674925055,0.98234228594773,0.056219179543667376,0.004538582115691621,0.977311922006029,0.004435610410668768,0.004538582115691621,0.977311922006029,0.004435610410668768,0.052158424074099694,0.9637681249128455,0.05026862656830408,0.06854693060659886,0.9367309672450859,0.06421003260880113
854.2084168336673,0.05760726946083464,0.9823247661468204,0.05658904750147126,0.005737414380297289,0.977270437584467,0.005607005462036545,0.005737414380297289,0.977270437584467,0.005607005462036545,0.05245231320113172,0.9636835355838015,0.05054743063521552,0.06849819561011891,0.9366335712436213,0.06415770957804982
856.1523046092184,0.057988781180306016,0.9823071738342081,0.056962795755316716,0.006897064543246986,0.9772282819250031,0.006740006533923109,0.006897064543246986,0.9772282819250031,0.006740006533923109,0.052672379354063326,0.9636003999820142,0.050755125813579806,0.06836482018568774,0.9365392576237548,0.06402633794428547
858.0961923847697,0.05837230672460339,0.982289477802993,0.0573385026906668,0.008018641577788664,0.9771853809500344,0.0078356993248932,0.008018641577788664,0.9771853809500344,0.0078356993248932,0.052816766983914035,0.9635185609673977,0.050889935319291216,0.06816562765579313,0.9364465996463541,0.06383347023102696
860.0400801603206,0.05875588155079367,0.9822716465203398,0.05771423651365216,0.009103259990509063,0.9771416596118521,0.008895174575004198,0.009103259990509063,0.9771416596118521,0.008895174575004198,0.05288381813961152,0.963437907163951,0.05095027507126631,0.06791522405787351,0.9363540048303943,0.06359269203554341
861.9839679358718,0.059137526596957986,0.9822536481266106,0.05808805124104645,0.010152016672630215,0.9770970432323236,0.009919505473672235,0.010152016672630215,0.9770970432323236,0.009919505473672235,0.05287215471093133,0.9633583712645537,0.05093483284757031,0.06762578610421924,0.9362594609107131,0.0633152820415995
863.9278557114228,0.05951524286923677,0.9822354504322663,0.05845798138725051,0.011165964754282231,0.9770514593817414,0.010909722158576541,0.011165964754282231,0.9770514593817414,0.010909722158576541,0.05278077655837719,0.9632799239946447,0.050842662431531904,0.06730850735659813,0.9361601959654914,0.06301154543709762
865.8717434869741,0.059887004706167986,0.9822170209157317,0.05882203535405872,0.012146082744517315,0.9770048404020489,0.01186678163331722,0.012146082744517315,0.9770048404020489,0.01186678163331722,0.052609152997882436,0.9632025648739608,0.05067327110340699,0.06697481053940768,0.9360525593993543,0.06269194282069941
867.815631262525,0.060250751722710945,0.9821983267255622,0.05917818752600397,0.01309323713487996,0.9769571266571676,0.012791531329933251,0.01309323713487996,0.9769571266571676,0.012791531329933251,0.052357285021825774,0.963126310931672,0.050426678773469145,0.06663685759057435,0.9359335555724012,0.062367671056918005
869.7595190380762,0.06060437943848602,0.9821793346905233,0.05952436907622423,0.014008136846804282,0.9769082705376979,0.013684664740466972,0.014008136846804282,0.9769082705376979,0.013684664740466972,0.05202571949813464,0.9630511846861723,0.050103430796829065,0.06630507875213523,0.9358060833876009,0.062048696055742106
871.7034068136273,0.06094572860432446,0.9821600113416341,0.05985845749724747,0.014891278613458465,0.976858241146201,0.014546668234761076,0.014891278613458465,0.976858241146201,0.014546668234761076,0.051615504757171464,0.9629772027468677,0.04970455438942862,0.06598355193857314,0.9356808819331227,0.06173954807096412
873.6472945891784,0.06127257326104531,0.9821403229508098,0.06017826489063019,0.015742883813307632,0.9768070294343066,0.015377759572406459,0.015742883813307632,0.9768070294343066,0.015377759572406459,0.0511280876127096,0.9629043661860937,0.0492314587970232,0.0656732576949145,0.9355657205016855,0.061441648653035544
875.5911823647294,0.061582607597850975,0.9821202355914965,0.06048152508234008,0.01656282954321972,0.9767546533585996,0.01617782082912515,0.01656282954321972,0.9767546533585996,0.01617782082912515,0.05056516179640652,0.9628326533763303,0.04868578890083754,0.0653782733308445,0.9354604163498392,0.06115878679030539
877.5350701402805,0.06187343172918912,0.9820997152275771,0.060765879681389565,0.01735057973584843,0.9767011623967405,0.01694633139626049,0.01735057973584843,0.9767011623967405,0.01694633139626049,0.049928484208591126,0.9627620154274384,0.04806924808390023,0.06510532839700249,0.9353618180848614,0.0608970383364322
879.4789579158318,0.06214253658329263,0.982078727837861,0.06102886327233776,0.01810512540279251,0.9766466405782356,0.01768230990188498,0.01810512540279251,0.9766466405782356,0.01768230990188498,0.04921967721539518,0.9626923738600083,0.04738340789911215,0.06486172581840473,0.9352669684301106,0.060663029673324424
881.4228456913828,0.06238728819873455,0.9820572395845635,0.06126788803361587,0.018824945660103717,0.9765912071233835,0.01838427640623279,0.018824945660103717,0.9765912071233835,0.01838427640623279,0.04844003331752615,0.9626236198294224,0.04662952021677485,0.06465437336238399,0.9351736159474089,0.060463064124114466
883.3667334669339,0.0626049118633013,0.9820352170352954,0.06148022820915264,0.019508001768880203,0.9765350139401506,0.019050246779317912,0.019508001768880203,0.9765350139401506,0.019050246779317912,0.047590334955405156,0.9625556140974304,0.045808344088102415,0.06448943195394632,0.935079990889416,0.06030277744395974
885.3106212424849,0.0627924767082837,0.9820126274490512,0.06166300503633502,0.020151773837232045,0.9764782396495503,0.01967776864239621,0.020151773837232045,0.9764782396495503,0.01967776864239621,0.0466706993174838,0.9624881869914886,0.04491999677170989,0.06437209458197972,0.9349845156361194,0.06018691167321477
887.2545090180362,0.06294688159556935,0.9819894391373595,0.06181317295347893,0.02075334375765381,0.97642108044863,0.020264002334770166,0.02075334375765381,0.97642108044863,0.020264002334770166,0.0456804577800337,0.9624211377297739,0.04396383814867693,0.06430631776750047,0.9348855574571235,0.0601190477340846
889.1983967935871,0.06306484340623807,0.9819656219118302,0.06192750817617875,0.021309519483787943,0.9763637388161222,0.020805842115566197,0.021309519483787943,0.9763637388161222,0.020805842115566197,0.04461808372715386,0.9623542326697336,0.04293840172843908,0.06429447878175196,0.9347812528918925,0.060101273429637295
891.1422845691383,0.06314288915372965,0.9819411476284823,0.062002601040191334,0.021816987306373443,0.976306411589897,0.02130006458878779,0.021816987306373443,0.976306411589897,0.02130006458878779,0.04348119282637093,0.9622872022471989,0.04184139539525946,0.06433708993834224,0.9346695713561421,0.06013392027497191
893.0861723446893,0.06317735368893519,0.9819159908369656,0.062034853845928224,0.02227247320973441,0.9762492791008778,0.021743485914796832,0.02227247320973441,0.9762492791008778,0.021743485914796832,0.04226665893773329,0.9622197366507823,0.040669813432174164,0.0644330140988864,0.934549113631301,0.0602158162147074
895.0300601202406,0.06316438511228722,0.981890129538614,0.062020486280130606,0.022672893570794224,0.9761924967734079,0.02213310858395136,0.022672893570794224,0.9761924967734079,0.02213310858395136,0.04097092034681034,0.9621514807283591,0.039420231678487225,0.06458077397246581,0.934421086110072,0.06034563695718057
896.9739478957915,0.06309996031477533,0.9818635460505823,0.061955550790316324,0.02301547941228381,0.9761361900048396,0.022466242384641545,0.02301547941228381,0.9761361900048396,0.022466242384641545,0.03959059901831209,0.9620820294443145,0.038089403850453785,0.06477995740616949,0.93429062718269,0.06052330703387803
898.9178356713427,0.06297991326982243,0.981836227963687,0.06183596048232261,0.023297865371512558,0.9760804524353488,0.022740590972603822,0.023297865371512558,0.9760804524353488,0.022740590972603822,0.03812362120760487,0.9620109267041692,0.036675340167246676,0.06502969292088866,0.9341639158073469,0.06074839258272666
900.8617234468938,0.06279997870253441,0.9818081691686926,0.0616575321137682,0.023518141964902952,0.9760253471309955,0.022954302675170436,0.023518141964902952,0.9760253471309955,0.022954302675170436,0.03657109893278645,0.961937672914785,0.03517911780334097,0.0653256407942168,0.9340440560397298,0.061017026490824695
902.8056112224449,0.06255585346520402,0.981779370909911,0.06141604646180058,0.023674875520051087,0.9759709098584664,0.02310598980209019,0.023674875520051087,0.9759709098584664,0.02310598980209019,0.03494025883854956,0.9618617504226361,0.033607698526667264,0.06565988629307296,0.9339309812714846,0.06132180203586372
904.7494989979959,0.06224327723619562,0.9817498428069927,0.061107327642427114,0.02376710333211536,0.9759171535445722,0.02319472383187774,0.02376710333211536,0.9759171535445722,0.02319472383187774,0.033248558145180705,0.9617826800220574,0.0319778873597411,0.06602277451195965,0.9338233285288635,0.06165360705346877
906.6933867735472,0.061858132940905725,0.9817196037676016,0.06072734176054959,0.02379431229740448,0.9758640731218529,0.02322001451567853,0.02379431229740448,0.9758640731218529,0.02322001451567853,0.03152856447174889,0.9617001220355708,0.03032102430008727,0.06640434973743639,0.9337195638171703,0.06200304047240193
908.6372745490983,0.061396565531102405,0.9816886826982371,0.06027231353842391,0.023756408244317174,0.9758116501692983,0.023181779930982662,0.023756408244317174,0.9758116501692983,0.023181779930982662,0.029831953539250222,0.9616140229245265,0.028686824854575972,0.06679491036542716,0.93361826178738,0.06236094811161396
910.5811623246493,0.0608551155134822,0.98165711891171,0.05973885736600425,0.023653681318243323,0.9757598569829192,0.023080312700208654,0.023653681318243323,0.9757598569829192,0.023080312700208654,0.028229364343044967,0.961524772472597,0.027143233126992357,0.06718475631137981,0.9335180175746104,0.06271818052303257
912.5250501002004,0.06023086108712493,0.9816249621320235,0.059124116733828176,0.02348677079569104,0.9757086599042363,0.02291624565854166,0.02348677079569104,0.9757086599042363,0.02291624565854166,0.026802455542720233,0.9614332850515155,0.025768772879884713,0.06756295798413195,0.9334172117905111,0.06306442786186789
914.4689378757516,0.059521560281918934,0.9815922720143463,0.05842590359096768,0.02325663102614533,0.9756580218753248,0.022690518622453255,0.02325663102614533,0.9756580218753248,0.022690518622453255,0.025627823237407414,0.9613409031983623,0.02463707473805722,0.06791458619099074,0.9333136695062495,0.06338561165091203
916.4128256513027,0.058725782559523536,0.9815591171312196,0.057642827281965896,0.022964498995773207,0.9756079042769618,0.022404346738036693,0.022964498995773207,0.9756079042769618,0.022404346738036693,0.024759025268171943,0.9612491069648259,0.02379959092834984,0.06821592765736657,0.9332043148577623,0.06365939803187945
918.3567134268537,0.05784301845942077,0.9815255734246194,0.05677440186199382,0.02261186327696937,0.9755582681518344,0.022059190178166304,0.02261186327696937,0.9755582681518344,0.022059190178166304,0.024216439397406104,0.9611591594374693,0.023275852535779268,0.06843176914282503,0.9330856762569264,0.06385270358809077
920.3006012024048,0.05687375646724226,0.981491722181612,0.055821121181971196,0.02220043379151352,0.9755090749304719,0.02165672463101454,0.02220043379151352,0.9755090749304719,0.02165672463101454,0.02398966276143439,0.9610718717910163,0.02305579009376699,0.0685374567792329,0.932957834811907,0.06394255728026778
922.244488977956,0.05581951853177585,0.9814576476499914,0.05478449335115183,0.021732111767183645,0.9754602867749103,0.02119881197664136,0.021732111767183645,0.9754602867749103,0.02119881197664136,0.024048503743684776,0.9609875668189827,0.02311031309828083,0.06857497211877252,0.9328294496173379,0.06396875349907886
924.1883767535071,0.05468284939008136,0.9814234344585827,0.05366702985439507,0.021208959407446222,0.97541186664261,0.020687470685164463,0.021208959407446222,0.97541186664261,0.020687470685164463,0.02435514331645389,0.9609061850749928,0.023403007851168417,0.06862676119341628,0.932709702314389,0.06400884600351196
926.132264529058,0.05346725953828407,0.981389165034721,0.052472189194971326,0.020633169037842996,0.9753637781564483,0.020124845708091192,0.020633169037842996,0.9753637781564483,0.020124845708091192,0.02487271976037103,0.9608274343354204,0.02389839151230121,0.06873094173027015,0.932599634599077,0.0640984511433004
928.0761523046092,0.05217712650684402,0.9813549172125635,0.05120427966351337,0.02000703177705699,0.9753159853491141,0.019513177911551376,0.02000703177705699,0.9753159853491141,0.019513177911551376,0.025569494235355154,0.9607509171705585,0.024565915038204773,0.06888766229007978,0.9324964128706157,0.06423749797654178
930.0200400801604,0.05081756320095881,0.9813207621998863,0.04986832985350579,0.01933290605955196,0.9752684523337597,0.018854773371813207,0.01933290605955196,0.9752684523337597,0.018854773371813207,0.026419771997829605,0.9606762170453621,0.025380846618075933,0.06908902173214539,0.9323972404250034,0.06441841320671544
931.9639278557114,0.04939426475583431,0.981286763023405,0.04846993817417371,0.018613186580329278,0.9752211429381892,0.018151973090590485,0.018613186580329278,0.9752211429381892,0.018151973090590485,0.02740301732837648,0.960602948658889,0.026323419247789078,0.06932983982142273,0.9323000599470713,0.06463621382163326
933.9078156312625,0.04791334628493876,0.9812529735132554,0.04701511351306645,0.017850274424693356,0.9751740203275108,0.017407123874677563,0.017850274424693356,0.9751740203275108,0.017407123874677563,0.028502184985318264,0.9605307849143462,0.027377226115721645,0.0696094015012585,0.9322033346299473,0.06489011620106803
935.8517034068137,0.04638118311936529,0.9812194378273147,0.04551011842614935,0.017046549282935457,0.9751270466300921,0.016622551257503167,0.017046549282935457,0.9751270466300921,0.016622551257503167,0.02970186198019634,0.9604594709132653,0.028527434642638207,0.06993143774036707,0.9321057606709515,0.06518349596979814
937.7955911823648,0.0448042630359295,0.9811861904652391,0.0439613241648262,0.01620434473754932,0.9750801825737218,0.015800535425177117,0.01620434473754932,0.9750801825737218,0.015800535425177117,0.030986561912685038,0.9603888311774709,0.02975914797753192,0.07030421642268096,0.9320060238357137,0.06552395320698837
939.7394789579158,0.043189057122235544,0.981153256686592,0.04237508404870466,0.015325927662844322,0.9750333871329683,0.014943291160057956,0.015325927662844322,0.9750333871329683,0.014943291160057956,0.03233941326694745,0.9603187724994809,0.031056145651868403,0.07074068999027852,0.9319025748814601,0.06592343115083169
941.6833667334669,0.04154191291585773,0.981120653229226,0.04075762873639796,0.014413482813097555,0.9749866171846436,0.014052952849790986,0.014413482813097555,0.9749866171846436,0.014052952849790986,0.03374144733021285,0.9602492821538906,0.0324002005776702,0.0712570393222985,0.9317934436625855,0.0663968420553248
943.6272545090181,0.03986897075353052,0.9810883892215796,0.03911498429650352,0.013469103718343046,0.9749398271658833,0.013131565651240726,0.013469103718343046,0.9749398271658833,0.013131565651240726,0.03517163654895744,0.9601804199534789,0.03377111675202908,0.07186425314338304,0.9316763574752479,0.06695422560130625
945.5711422845692,0.038176102165213346,0.9810564671919617,0.03745291192136361,0.01249479108042313,0.9748929687285364,0.012181083970036541,0.01249479108042313,0.9748929687285364,0.012181083970036541,0.03660770769680457,0.9601123029756923,0.03514751054344001,0.07254298561265925,0.9315500085690921,0.06757741886910025
947.5150300601202,0.03646886775397983,0.9810248840945919,0.035776866761409065,0.0114924599893563,0.9748459903842696,0.011203378540275635,0.0114924599893563,0.9748459903842696,0.011203378540275635,0.038027563002405666,0.9600450835237558,0.03650817489884944,0.07321129496463256,0.9314169945627032,0.06819024432400163
949.4589178356713,0.034752491279067356,0.9809936322919172,0.03409197265104546,0.01046395748268968,0.9747988371371122,0.010200253585978083,0.01046395748268968,0.9747988371371122,0.010200253585978083,0.03941095920363508,0.9599789231783227,0.03783369017773041,0.07375578923497234,0.9312843892016565,0.06868761512777732
951.4028056112226,0.0330318464818034,0.9809627004522058,0.03240300932571256,0.009411092265761709,0.9747514501043208,0.009173475833116784,0.009411092265761709,0.9747514501043208,0.009173475833116784,0.04074101744841006,0.95991396736465,0.039107871693375734,0.07412513639237035,0.9311580852168517,0.06902222006955755
953.3466933867736,0.03131145340360119,0.9809320743385495,0.03071440893774935,0.008335678809565561,0.9747037661328687,0.0081248175289575,0.008335678809565561,0.9747037661328687,0.0081248175289575,0.04200521647053114,0.9598503247601008,0.04031872067085765,0.07433981185897869,0.9310393617547994,0.06921329098615538
955.2905811623247,0.029595481386829346,0.9809017374791523,0.029030259113872817,0.007239598544249768,0.9746557174282483,0.00705611611303826,0.007239598544249768,0.9746557174282483,0.00705611611303826,0.043195717113322214,0.959788054150491,0.04145873327583059,0.07443841386506635,0.9309269578720747,0.06929672616822868
957.2344689378757,0.027887756494479377,0.9808716717189088,0.027354310333229843,0.006124881448110332,0.9746072312256052,0.005969353749727887,0.006124881448110332,0.9746072312256052,0.005969353749727887,0.04430907683343571,0.959727158972197,0.042524624426034045,0.07445004774643975,0.9308191909685741,0.06929953321091276
959.178356713427,0.026191771639194464,0.98084185765909,0.025689985949970167,0.004993811934760166,0.9745582295517717,0.004866760517854375,0.004993811934760166,0.9745582295517717,0.004866760517854375,0.0453455493641268,0.9596675878624996,0.04351665397857147,0.07439194724347785,0.930714595576546,0.06923767109286523
961.1222444889779,0.024510698216261766,0.9808122749960193,0.024040393679232577,0.003849063441773988,0.9745086291520723,0.003750945538162526,0.003849063441773988,0.9745086291520723,0.003750945538162526,0.04630819902533942,0.9596092386573747,0.04443777561030014,0.07427340667206947,0.9306118849913838,0.0691197149878262
963.0661322645291,0.022847398456650406,0.9807829027715448,0.022408337779091698,0.0026938662959026054,0.9744583416892428,0.002625060483437796,0.0026938662959026054,0.9744583416892428,0.002625060483437796,0.04720201775024202,0.959551963337215,0.0452927888057228,0.07409937735036974,0.9305097219200759,0.06895019101274331
965.0100200400802,0.021204438044004938,0.9807537195485572,0.020796331482594774,0.001532212888287526,0.9744072743642899,0.0014929993842220843,0.001532212888287526,0.9744072743642899,0.0014929993842220843,0.04803316127273375,0.9594955719963182,0.04608760555017307,0.07387287756286977,0.93040640257175,0.06873179826089301
966.9539078156314,0.019584098776367787,0.9807247035242281,0.019206609466242495,0.0003691023311938019,0.974355331159498,0.00035963682414207954,0.0003691023311938019,0.974355331159498,0.00035963682414207954,0.04880835427284663,0.9594398345852684,0.04682867934991915,0.07359657128652766,0.9302994810759897,0.06846685207682877
968.8977955911823,0.017988391210110026,0.9806958325924893,0.01764114029479827,0.0007891772960462392,0.9743024149570828,0.0007688973453671516,0.0007891772960462392,0.9743024149570828,0.0007688973453671516,0.049534468344182875,0.9593844797182864,0.04752260014050582,0.07327379266388832,0.9301858086900129,0.06815824208484329
970.8416833667335,0.01641906731466552,0.9806670843658348,0.01610163887147941,0.0019347384141666282,0.9742484308309028,0.001884915864070107,0.0019347384141666282,0.9742484308309028,0.001884915864070107,0.050218252420089475,0.9593291902180375,0.04817583542832944,0.07290844334597965,0.9300641543865041,0.06780952970821491
972.7855711422847,0.01487763320767357,0.9806384361650047,0.014589578962609552,0.0030577764065353734,0.9741932908196232,0.0029788652600732973,0.0030577764065353734,0.9741932908196232,0.0029788652600732973,0.050866187008799565,0.959273595408127,0.04879459009663332,0.07250268943407846,0.9299407447151823,0.0674232050061805
974.7294589178357,0.01336536204556345,0.9806098649836439,0.013106205870957493,0.0041462836912522895,0.9741369204291825,0.004039048026222249,0.0041462836912522895,0.9741369204291825,0.004039048026222249,0.0514844342753217,0.9592172607230798,0.049384758015451516,0.07205701275016062,0.9298244737996468,0.06700037396399254
976.6733466933867,0.011883307127137796,0.9805813474337068,0.011652549314697351,0.005185855988742411,0.9740792669274845,0.005051434799905713,0.005185855988742411,0.9740792669274845,0.005051434799905713,0.05207885964969913,0.9591596764675973,0.049951942172406824,0.07157438261314579,0.9297170669365876,0.06654392507089099
978.6172344689378,0.010432315237606635,0.9805528596762362,0.01022943653927916,0.0061596741566512184,0.9740203091299006,0.005999647726200879,0.0061596741566512184,0.9740203091299006,0.005999647726200879,0.05265510189413366,0.959100250362806,0.05050152140954265,0.07106049276555015,0.929616110940034,0.06605897892619315
980.5611222444891,0.009013040225739304,0.9805243773412098,0.008837505655294307,0.007048759908399493,0.9739600678053332,0.006865210678328284,0.007048759908399493,0.9739600678053332,0.006865210678328284,0.05321866124190173,0.9590383141511167,0.05103873515881281,0.07052225445540526,0.9295191149917321,0.06555178354861003
982.50501002004,0.007625956772984571,0.980495875439418,0.007477219162190666,0.007832597016638595,0.9738986151192972,0.007628155387291867,0.007832597016638595,0.9738986151192972,0.007628155387291867,0.053774951183095526,0.9589731641394299,0.051568735087496494,0.06996719781533446,0.9294242841332939,0.0650292127423298
984.4488977955912,0.006271374284381445,0.9804673282688215,0.0061488775891812685,0.008490165786380217,0.9738360808766751,0.008268029775401744,0.008490165786380217,0.9738360808766751,0.008268029775401744,0.05432921271319433,0.9589041671749465,0.05209650847001613,0.06940336261758899,0.92933031927016,0.06449864913982666
986.3927855711422,0.004949450808967539,0.9804387093175165,0.004852633162974672,0.009001349993313805,0.9737726530883595,0.008765268464366071,0.009001349993313805,0.9737726530883595,0.008765268464366071,0.05488613786263965,0.9588309640786,0.05262652848138573,0.06883929640850918,0.9292361572110506,0.06396796325975554
988.3366733466935,0.0036602068832338876,0.9804099911653325,0.0035885033980546247,0.009348555262581463,0.9737085709526307,0.009102768385199892,0.009348555262581463,0.9737085709526307,0.009102768385199892,0.0554490797330596,0.9587537588523356,0.05316201361897375,0.06828403985798538,0.9291407626181203,0.06344548486829465
990.2805611222444,0.002403539185123269,0.9803811453861794,0.0023563844992917143,0.009518267102531031,0.9736441098749166,0.009267404700595526,0.009518267102531031,0.9736441098749166,0.009267404700595526,0.05601900047779872,0.9586735641490223,0.05370393484811708,0.06774702973864989,0.9290429336108696,0.06293989925181813
992.2244488977956,0.001179233887751555,0.9803521424535865,0.0011560644683111091,0.009502232682735515,0.9735795603114773,0.009251179517234993,0.009502232682735515,0.9735795603114773,0.009251179517234993,0.05659380923531218,0.9585921568914945,0.054250381661583684,0.06723781921732577,0.9289410838016353,0.06245997265620103
994.1683366733467,1.3020389081874537e-05,0.9803229516524384,1.2764186256406428e-05,0.009298013049241629,0.9735152041725508,0.009051757072031506,0.009298013049241629,0.9735152041725508,0.009051757072031506,0.057168869091407566,0.9585116092476789,0.054797024711674955,0.06676549073018788,0.9288330661359088,0.062013995466989005
996.1122244488978,0.0011736201160183193,0.9802935410007613,0.0011504922193213225,0.008908810965346478,0.9734512933289913,0.008672293556240027,0.008908810965346478,0.9734512933289913,0.008672293556240027,0.05773859824410811,0.9584336368326786,0.05533861470072145,0.06633789469453968,0.928716546463359,0.06160910046036288
998.0561122244488,0.002303034944514733,0.9802638771865749,0.0022575819640061807,0.00834266946842365,0.9733880340207082,0.008120654632353482,0.00834266946842365,0.9733880340207082,0.008120654632353482,0.05829808334572867,0.958359196585751,0.05587050431770168,0.06596213422876708,0.9285912927479494,0.061251863495904585
1000.0,0.003401796386994884,0.9802339255263713,0.003334556226265422,0.0076112770683652835,0.9733255790617703,0.0074082506599662135,0.0076112770683652835,0.9733255790617703,0.0074082506599662135,0.05884380398830281,0.9582884939488848,0.05638934030217408,0.06564825215112848,0.9284626015338631,0.06095194697838777
