Xdata,P_Band4_nterms2,omega_Band4_nterms2,P_times_omega_Band4_nterms2,P_Band5,omega_Band5,P_times_omega_Band5,P_Band5_robust_minus1,omega_Band5_robust_minus1,P_times_omega_Band5_robust_minus1,P_Band6,omega_Band6,P_times_omega_Band6,P_Band7_nterms2,omega_Band7_nterms2,P_times_omega_Band7_nterms2
50.0,0.9999907266179567,0.17103477708683273,0.17103319101600212,0.9999821768881928,0.22529329570617776,0.22528928027857897,0.9999821768881928,0.22529329570617776,0.22528928027857897,0.999947573122585,0.3438638148044852,0.34384578709841895,0.9997331922036288,0.56058574184404,0.5604361731975814
51.37028824833703,0.9999901703173963,0.1769627047105798,0.1769609652233598,0.9999811062571684,0.23254707703838928,0.23254268335371947,0.9999811062571684,0.23254707703838928,0.23254268335371947,0.9999444116052251,0.3531076049729188,0.35308797628797556,0.9997168556042809,0.5703227009822323,0.5701612173056978
52.74057649667406,0.999989565674578,0.18304127640582088,0.1830393664935772,0.9999799423586122,0.23995030665314365,0.2399454938159419,0.9999799423586122,0.23995030665314365,0.2399454938159419,0.9999409727274581,0.36244693164509684,0.36242553739128064,0.9996990466814365,0.5799863151526562,0.5798117663463895
54.110864745011085,0.9999889100233377,0.18926688638679526,0.1892647874214423,0.999978680013458,0.24749628345948865,0.2474910068420561,0.999978680013458,0.24749628345948865,0.2474910068420561,0.9999372407783983,0.37186923366462477,0.37184589544098234,0.9996796753052526,0.5895633765119295,0.589374524803314
55.481152993348125,0.999988200628755,0.1956356293319809,0.19563332095456165,0.9999773139046857,0.2551780051737716,0.2551722161812241,0.9999773139046857,0.2551780051737716,0.2551722161812241,0.9999331995880167,0.3813619606620875,0.3813364855260005,0.9996586477376237,0.5990416355758065,0.5988371513582451
56.851441241685144,0.9999874346866098,0.20214331340764602,0.20214077341356332,0.9999758385758368,0.2629881978270516,0.262981843657654,0.9999758385758368,0.2629881978270516,0.262981843657654,0.999928832518355,0.3909126329612493,0.3908848126936182,0.9996358664617444,0.6084098133130437,0.6081882708950126
58.22172949002218,0.9999866093227948,0.20878547454198504,0.2087826787630903,0.9999742484294261,0.2709193463059466,0.2709123697072804,0.9999742484294261,0.2709193463059466,0.2709123697072804,0.9999241224541462,0.4005088986346761,0.4004785090023551,0.9996112299980997,0.617657603396695,0.6174174766490487
59.5920177383592,0.9999857215926939,0.21555739184596584,0.21555431402972725,0.9999725377252615,0.27896372567019656,0.27895606469172013,0.9999725377252615,0.27896372567019656,0.27895606469172013,0.9999190517928626,0.41013858727990155,0.41010538729658336,0.9995846327061635,0.6267756655224778,0.6265153234104471
60.96230598669624,0.9999847684805347,0.22245410406984176,0.22245071575582548,0.9999707005786793,0.2871134329902277,0.28710502073278765,0.9999707005786793,0.2871134329902277,0.28710502073278765,0.9999136024341942,0.41978976015566133,0.4197534913422337,0.9995559645709725,0.6357556107531362,0.6354733127377589
62.33259423503327,0.9999837468987117,0.22947042697802553,0.22946669737193318,0.9999687309587063,0.2953604194510132,0.2953511838138609,0.9999687309587063,0.2953604194510132,0.2953511838138609,0.9999077557689694,0.42945075638715535,0.4294111420323669,0.9995251109736608,0.6445899798702173,0.6442838711622887
63.70288248337029,0.999982653687091,0.23660097151995976,0.23659686736547322,0.9999666226861478,0.3036965224743151,0.30368638590016866,0.9999666226861478,0.3036965224743151,0.30368638590016866,0.9999014926675013,0.4391102350171293,0.43906697943920486,0.9994919524449283,0.6532722157136901,0.6529403223617005
65.07317073170732,0.9999814856122943,0.24384016267072078,0.24383564811941086,0.9999643694316094,0.31211349761993884,0.31210237683861625,0.9999643694316094,0.31211349761993884,0.31210237683861625,0.9998947934673673,0.44875721275427294,0.4487100005639251,0.9994563644003088,0.6617966304688397,0.6614368542607613
66.44345898004434,0.9999802393669653,0.251182258812459,0.25117729529201777,0.9999619647134506,0.32060305003763917,0.32059085580876234,0.9999619647134506,0.32060305003763917,0.32059085580876234,0.9998876379605962,0.45838109731678306,0.4583295926818644,0.9994182168559942,0.670158368822365,0.6697684819795697
67.81374722838137,0.999978911569021,0.25862137152645276,0.2586159176075096,0.9999594018956803,0.32915686525459176,0.3291435021098386,0.9999594018956803,0.32915686525459176,0.3291435021098386,0.9998800053802509,0.46797171635409684,0.4679155622659396,0.9993773741238573,0.6783533678590541,0.6779310074990565
69.1840354767184,0.9999774987608894,0.2661514856654837,0.2661454969272651,0.9999566741857803,0.3377666390985766,0.3377520050839214,0.9999566741857803,0.3377666390985766,0.3377520050839214,0.9998718743863828,0.4775193419676419,0.4774581595089382,0.9993336944841864,0.6863783145100285,0.6859209768531357
70.55432372505544,0.9999759974087254,0.27376647957746986,0.2737599084725559,0.9999537746324668,0.34642410657391437,0.34640809299226566,0.9999537746324668,0.34642410657391437,0.34640809299226566,0.999863223051333,0.487014710909782,0.4869480985236678,0.999287029834522,0.6942306012963153,0.6937356355896291
71.92461197339246,0.9999744039016222,0.28146014535373176,0.28145294107216184,0.9999506961233893,0.3551210695254338,0.35510356068004006,0.9999506961233893,0.3551210695254338,0.35510356068004006,0.9998540288443519,0.49644904058415285,0.4963765733439784,0.9992372253128499,0.7019082810400704,0.701372883170592
73.29490022172949,0.9999727145507955,0.2892262089788958,0.2892183173118621,0.9999474313827488,0.3638494229449632,0.3638302958839113,0.9999474313827488,0.3638494229449632,0.3638302958839113,0.9998442686155026,0.505814041009868,0.5057352698889633,0.9991841188932541,0.7094100211424695,0.7088312269092831
74.66518847006652,0.9999709255887622,0.2970583502641333,0.2970497134674961,0.9999439729688585,0.37260117979475904,0.3725803040568553,0.9999439729688585,0.37260117979475904,0.3725803040568553,0.9998339185788142,0.5151019229452978,0.5150163740858795,0.9991275409519814,0.7167350579540174,0.7161097359676732
76.03547671840354,0.999969033168497,0.30495022245115383,0.30494077910899836,0.999940313271614,0.3813684942425039,0.3813457316047731,0.999940313271614,0.3813684942425039,0.3813457316047731,0.999822954294651,0.5243054023942759,0.5242125763744907,0.9990673138017101,0.723883151691452,0.7232079958666948
77.40576496674058,0.9999670333625686,0.31289547138095686,0.31288515626939795,0.9999364445098985,0.39014368322279974,0.3901188874498025,0.9999364445098985,0.39014368322279974,0.3901188874498025,0.9998113506512472,0.5334177017388735,0.5333170728368272,0.9990032511916187,0.7308545422867678,0.7301260638926435
78.77605321507761,0.9999649221622648,0.3208877541287255,0.32087649808015495,0.9999323587288933,0.39891924626007463,0.3988922628551887,0.9999323587288933,0.39891924626007463,0.3988922628551887,0.9997990818453781,0.5424325477585157,0.5423235632120132,0.9989351577706923,0.737649906489137,0.7368644257182625
80.14634146341464,0.9999626954766904,0.32892075701427625,0.32890848678222917,0.9999280477973084,0.4076878835073212,0.4076585494660922,0.9999280477973084,0.4076878835073212,0.4076585494660922,0.9997861213621053,0.5513441668056127,0.5512262460662052,0.998862828511459,0.7442703164803502,0.7434239534966814
81.51662971175166,0.9999603491318474,0.33698821290603076,0.33697485103083186,0.9999235034045154,0.41644251197379994,0.4164106555394189,0.9999235034045154,0.41644251197379994,0.4164106555394189,0.9997724419535674,0.5601472774133909,0.5600198113932281,0.9987860480911646,0.7507172002092839,0.7498058656310942
82.88691796008871,0.9999578788696901,0.34508391774542785,0.34506938242076063,0.9999187170575902,0.4251762799320423,0.4251417203529666,0.9999187170575902,0.4251762799320423,0.4251417203529666,0.9997580156167479,0.5688370806127796,0.5686994309226566,0.9987045902271275,0.7569923036010501,0.756011688372976
84.25720620842571,0.9999552803471587,0.35320174622792166,0.3531859511684474,0.9999136800782462,0.4338825795143411,0.4338451268040271,0.9999136800782462,0.4338825795143411,0.4338451268040271,0.9997428135701798,0.5774092482324693,0.5772607464093712,0.9986182169627792,0.7630976547519961,0.7620432193569168
85.62749445676275,0.9999525491351839,0.3613356665860737,0.3613185208962053,0.9999083835996653,0.44255505751620994,0.44251451221489035,0.9999083835996653,0.44255505751620994,0.44251451221489035,0.9997268062295255,0.58585990945017,0.5856998561725374,0.9985266779009374,0.7690355301822319,0.7679024931406501
86.9977827050998,0.9999496807176698,0.3694797544296552,0.36946116247357674,0.9999028185632183,0.4511876244488173,0.4511437773872153,0.9999028185632183,0.4511876244488173,0.4511437773872153,0.9997099631819766,0.5941856358541496,0.5940133001430112,0.9984297093785894,0.7748084231848426,0.7735917487845255
88.36807095343681,0.9999466704904402,0.37762820560696786,0.3776080668799669,0.9998969757150631,0.4597744618869941,0.4597270939518259,0.9998969757150631,0.4597744618869941,0.4597270939518259,0.9996922531594142,0.6023834252628236,0.6021980436668778,0.9983270335820024,0.7804190142777094,0.779113399474856
89.73835920177385,0.9999435137601617,0.38577534806072394,0.3857535570618897,0.9998908456026212,0.4683100281734908,0.4682589100745791,0.9998908456026212,0.4683100281734908,0.4682589100745791,0.9996736440102606,0.610450684536989,0.6102514602996498,0.9982183575942389,0.7858701437443556,0.7844700041708391
91.10864745011088,0.9999402057432315,0.3939156526606479,0.39389209876696757,0.999884418570928,0.4767890625490772,0.4767339545878619,0.999884418570928,0.4767890625490772,0.4767339545878619,0.9996541026699673,0.6183852116046802,0.6181713138110545,0.9981033723714962,0.79116478622575,0.789664241233495
92.4789356984479,0.9999367415646331,0.40204374300343676,0.40201831034530533,0.9998776847588451,0.4852065877859976,0.4851472396252026,0.9998776847588451,0.4852065877859976,0.4851472396252026,0.9996335951300569,0.6261851769029934,0.6259557396046899,0.9979817516424232,0.7963060273097685,0.794698883978022
93.84922394678492,0.9999331162567573,0.4101544041787224,0.41012697151686345,0.9998706340951349,0.4935579114087391,0.4934940618429264,0.9998706340951349,0.4935579114087391,0.4934940618429264,0.9996120864056558,0.6338491044249445,0.6336032257405751,0.9978531507244248,0.8012970420513945,0.7995767780771459
95.21951219512195,0.9999293247581842,0.4182425905072147,0.4182130311109929,0.9998632562943841,0.5018386255910862,0.5017700023178017,0.9998632562943841,0.5018386255910862,0.5017700023178017,0.9995895405014404,0.6413758525428345,0.6411125937320116,0.9977172052504892,0.8061410753464011,0.8043008207322354
96.589800443459,0.9999253619124308,0.42630343226415396,0.42627161379124556,0.9998555408527813,0.5100446058221049,0.5099709252133043,0.9998555408527813,0.5100446058221049,0.5099709252133043,0.9995659203759164,0.6487645947629701,0.6484829792715566,0.9975735297995623,0.8108414240735984,0.8088739415208033
97.96008869179602,0.9999212224666575,0.43433224140717774,0.43429802578454857,0.9998474770437273,0.5181720084360936,0.5180929753095092,0.9998474770437273,0.5181720084360936,0.5180929753095092,0.9995411879039448,0.6560148005501889,0.6557138130245052,0.9974217164229294,0.8154014209153818,0.8132990848231156
99.33037694013305,0.9999169010703309,0.44232451633589487,0.442287759642021,0.9998390539132849,0.5262172671027648,0.5261325744928628,0.9998390539132849,0.5262172671027648,0.5261325744928628,0.9995153038374358,0.66312621634466,0.662804801612302,0.9972613330584703,0.8198244197629734,0.8175791937267097
100.70066518847008,0.9999123922738465,0.4502759457095629,0.4502364980578177,0.9998302602754544,0.5341770883740704,0.5340864173022313,0.9998302602754544,0.5341770883740704,0.5340864173022313,0.9994882277641123,0.6700988468780498,0.6697559088929173,0.9970919218239968,0.8241137826110903,0.8217171953053355
102.0709534368071,0.999907690527107,0.4581824113616933,0.4581401167848117,0.9998210847072693,0.5420484463832727,0.5419514656268137,0.9998210847072693,0.5420484463832727,0.5419514656268137,0.9994599180642507,0.6769329368814968,0.6765673376305734,0.9969129971802022,0.8282728678465414,0.8257159871679371
103.44124168514412,0.9999027901780503,0.4660399903483663,0.4659946866838831,0.999811515543704,0.5498285767901976,0.5497249426498453,0.999811515543704,0.5498285767901976,0.5497249426498453,0.9994303318652982,0.683628953264003,0.6832395116333689,0.9967240439529709,0.8323050198361922,0.8295784251734871
104.81152993348115,0.9998976854711341,0.4738449561725785,0.47379647494913224,0.9998015408723915,0.5575149700641908,0.5574043261296032,0.9998015408723915,0.5575149700641908,0.5574043261296032,0.999399424994262,0.6901875678269398,0.6897730584244318,0.9965245152040153,0.8362135597216249,0.8333073122086162
106.1818181818182,0.9998923705457676,0.4815937792291959,0.48154194555357577,0.9997911485281343,0.5651053641932489,0.5649873411061779,0.9997911485281343,0.5651053641932489,0.5649873411061779,0.9993671519277579,0.6966096405683826,0.6961687925002437,0.9963138299379176,0.8400017773304768,0.8369053879267851
107.55210643015522,0.9998868394346929,0.4892831265170916,0.48922775896189974,0.9997803260872103,0.5725977369042125,0.5724719521188922,0.9997803260872103,0.5725977369042125,0.5724719521188922,0.9993334657396082,0.7028962036199837,0.7024276992187717,0.9960913706327165,0.8436729241176688,0.8403753193500805
108.92239467849224,0.9998810860623117,0.4969098606665424,0.4968507711583344,0.9997690608614588,0.5799902974748951,0.5798563550152339,0.9997690608614588,0.5799902974748951,0.5798563550152339,0.9992983180458599,0.709048445849065,0.7085509193500016,0.9958564805801894,0.84723020705342,0.843719692237444
110.29268292682929,0.9998751042429582,0.5044710383308982,0.5044080320386602,0.9997573398921402,0.5872814782146543,0.5871389684278067,0.9997573398921402,0.5872814782146543,0.5871389684278067,0.9992616589470994,0.7150676981495436,0.7145397343123967,0.995608461020874,0.8506767833789298,0.8469410031260837
111.6629711751663,0.9998688876791147,0.5119639079920207,0.5118967832158344,0.9997451499435658,0.5944699256853102,0.5943184249912009,0.9997451499435658,0.5944699256853102,0.5943184249912009,0.9992234369679331,0.7209554194371802,0.7203955521106771,0.9953465680577501,0.8540157561548165,0.8500416519559411
113.03325942350332,0.9998624299595658,0.5193859072290046,0.5193144552887461,0.9997324774964798,0.6015544917295288,0.6013935623658975,0.9997324774964798,0.6015544917295288,0.6013935623658975,0.9991835989934829,0.7267131833574187,0.7261198939830765,0.9950700093312279,0.8572501705317094,0.8530239351901848
114.40354767184037,0.9998557245574947,0.526734659499327,0.5266586646232448,0.9997193087411921,0.6085342243688976,0.6083634141314318,0.9997193087411921,0.6085342243688976,0.6083634141314318,0.9991420902027601,0.7323426657077261,0.7317143817598787,0.9947779404368055,0.8603830106767567,0.855890039347842
115.77383592017739,0.9998487648285135,0.5340079704808236,0.5339272096938328,0.9997056295704484,0.6154083586290088,0.6152272006061295,0.9997056295704484,0.6154083586290088,0.6152272006061295,0.9990988539987578,0.7378456325708035,0.7371807259294783,0.9944694610653233,0.8634171972941518,0.858642034867647
117.14412416851441,0.9998415440086318,0.5412038240218416,0.541118067033374,0.999691425572029,0.6221763073439607,0.6219843196458249,0.999691425572029,0.6221763073439607,0.6219843196458249,0.9990538319350855,0.7432239291502558,0.7425207144034135,0.9941436108442597,0.8663555856820568,0.8612818702250534
118.51441241685144,0.9998340552121554,0.5483203777455703,0.5482293868368144,0.9996766820210691,0.6288376519878575,0.6286343374691411,0.9996766820210691,0.6288376519878575,0.6286343374691411,0.999006963639003,0.7484794692962312,0.7477362019677604,0.9937993648569253,0.8692009642724713,0.863811366227009
119.88470066518849,0.9998262914295138,0.5553559583529861,0.5552594882633497,0.9996613838720823,0.6353921335761763,0.6351769795521953,0.9996613838720823,0.6353921335761763,0.6351769795521953,0.9989581867306347,0.753614225705124,0.752829100404802,0.99343562881473,0.8719560536046298,0.8662322104115259
121.25498891352551,0.9998182455250225,0.5623090566670643,0.5622068544796948,0.9996455157506863,0.6418396436752998,0.6416121216310318,0.9996455157506863,0.6418396436752998,0.6416121216310318,0.9989074367382115,0.758630220774601,0.7578013692661001,0.9930512338559432,0.8746235056863947,0.8685459514812848
122.62527716186253,0.9998099102345658,0.569178322458974,0.5690701274851676,0.9996290619450123,0.6481802155541253,0.6479397808456862,0.9996290619450123,0.6481802155541253,0.6479397808456862,0.9988546470091061,0.7635295180929236,0.7626550072757401,0.9926449309425041,0.8772059037018096,0.8707539937024397
123.99556541019957,0.9998012781632016,0.5759625590949038,0.5758481027572334,0.9996120063967912,0.654414015507474,0.6541601070556069,0.9996120063967912,0.654414015507474,0.6541601070556069,0.9987997486164788,0.7683142145397363,0.7673920443407559,0.9922153848245175,0.8797057620265164,0.8728575912014854
125.3658536585366,0.9997923417826995,0.5826607180399994,0.5825397237540002,0.9995943326920996,0.6605413343770498,0.6602733743521761,0.9995943326920996,0.6605413343770498,0.6602733743521761,0.9987426702612883,0.7729864329741172,0.7720145341443181,0.9917611675400686,0.8821255265160671,0.8748578420944725
126.73614190687361,0.9997830934289799,0.589271893253669,0.5891440763079048,0.9995760240517602,0.6665625792919667,0.6662799727903502,0.9995760240517602,0.6665625792919667,0.6662799727903502,0.9986833381696466,0.7775483154845837,0.7765245472963296,0.9912807514159319,0.8844675750353145,0.8767556823840337
128.10643015521066,0.9997735252994838,0.5957953155082307,0.5956603829425821,0.9995570633213746,0.6724782656473575,0.6721804003579238,0.9995570633213746,0.6724782656473575,0.6721804003579238,0.9986216759843071,0.7820020171758376,0.7809241650152439,0.9907725015326602,0.8867342182000333,0.8785518795606547
129.4767184035477,0.9997636294504524,0.6022303466606012,0.6020879971426067,0.9995374329609846,0.6782890093363274,0.677975255197682,0.9995374329609846,0.6782890093363274,0.677975255197682,0.9985576046519089,0.786349700464846,0.7852154733149227,0.9902346676154218,0.8889277003046887,0.8802470258453546
130.8470066518847,0.9997533977941129,0.6085764739044371,0.6084263976035214,0.9995171150343388,0.683995519247505,0.6836652280946808,0.9995171150343388,0.683995519247505,0.6836652280946808,0.9984910423038484,0.7905935298612009,0.7894005576697892,0.9896653753098811,0.8910502004128876,0.8818415310115651
132.21729490022173,0.9997428220957796,0.6148333040278949,0.6146751824873201,0.9994960911977627,0.6895985900376753,0.6892510952381449,0.9994960911977627,0.6895985900376753,0.6892510952381449,0.9984219041314176,0.794735667205011,0.7934814981319797,0.9890626168003772,0.8931038335894562,0.8833356147244362
133.58758314855876,0.9997318939708578,0.6210005576999553,0.6208340637063353,0.9994743426885998,0.6950990951864553,0.6947337112649229,0.9994743426885998,0.6950990951864553,0.6947337112649229,0.9983501022547077,0.7987782673366158,0.7974603648743487,0.9884242407257472,0.8950906522553654,0.8847292983362234
134.9578713968958,0.9997206048817454,0.6270780638061159,0.6269028612563239,0.9994518503132229,0.700497980337672,0.7001140025891619,0.9994518503132229,0.700497980337672,0.7001140025891619,0.9982755455849777,0.8027234741727641,0.8013392141336848,0.9877479413464179,0.8970126476488325,0.886022396076834
136.3281596452328,0.9997089461346448,0.6330657538521584,0.6328814976174757,0.9994285944345974,0.7057962569300393,0.7053929610207892,0.9994285944345974,0.7057962569300393,0.7053929610207892,0.9981981396801409,0.8065734171644995,0.8051200845290576,0.9870312469149223,0.8988717513778813,0.8872145055791102
137.69844789356983,0.9996969088762598,0.6389636564527115,0.638769992240048,0.9994045549593678,0.7109949961178639,0.7105716376735112,0.9994045549593678,0.7109949961178639,0.7105716376735112,0.9981177865930211,0.8103302081127045,0.8088049937309147,0.9862715072009128,0.9006698370514763,0.88830499767916
139.06873614190687,0.9996844840903915,0.6447718919193873,0.6445684561294184,0.999379711324468,0.7160953229808663,0.7156511371614198,0.999379711324468,0.7160953229808663,0.7156511371614198,0.9980343847120107,0.813995938318039,0.8123959354573198,0.9854658801211469,0.9024087219779959,0.8892930054330451
140.4390243902439,0.9996716625944264,0.6504906669614721,0.6502770865435321,0.9993540424832253,0.7210984110207379,0.7206326120818048,0.9993540424832253,0.7210984110207379,0.7206326120818048,0.9979478285937282,0.8175726760428667,0.8158948767745424,0.9846113174250342,0.9040901689215953,0.8901774122929137
141.80931263858093,0.9996584350357033,0.6561202695104025,0.6558961618139728,0.9993275268909386,0.7260054769407795,0.7255172577805056,0.9993275268909386,0.7260054769407795,0.7255172577805056,0.9978580087872808,0.821062464263663,0.8193037556801167,0.9837045493872084,0.905715887907937,0.8909568393873125
143.17960088691797,0.9996447918877712,0.6616610636776505,0.6614260363002863,0.999300142489921,0.7308177757038578,0.7303063073950322,0.999300142489921,0.7308177757038578,0.7303063073950322,0.997764811649675,0.8244673186933312,0.8226244789473642,0.9827420684606765,0.9072875380728054,0.8916296318542635
144.549889135255,0.999630723446521,0.667113484854109,0.6668671354856428,0.9992718666939737,0.735536595862962,0.735001027169713,0.9992718666939737,0.735536595862962,0.735001027169713,0.9976681191519479,0.8277892260538073,0.8258589202113485,0.9817201118474688,0.9088067295478447,0.8921938441794424
145.92017738359203,0.999616219826195,0.6724780349576465,0.6722199512205104,0.9992426763722866,0.7401632551578423,0.739602712036346,0.9992426763722866,0.7401632551578423,0.739602712036346,0.9975678086755083,0.8310301425802953,0.8290089182771204,0.980634642948849,0.9102750253789996,0.8926472244977897
147.2904656319291,0.9996012709552693,0.6777552778341953,0.6774850371197033,0.9992125478327235,0.7446990963705304,0.7441126814531246,0.9992125478327235,0.7446990963705304,0.7441126814531246,0.9974637527982012,0.8341919927394441,0.8320762756320957,0.9794813316643994,0.9116939434742377,0.8929871978245141
148.6607538802661,0.9995858665721989,0.682945834816507,0.6826630041169319,0.9991814568044859,0.7491454834320035,0.7485322754940901,0.9991814568044859,0.7491454834320035,0.7485322754940901,0.9973558190695612,0.8372766681447168,0.8350627571453072,0.9782555335191658,0.9130649585780726,0.8932108481914475
150.0310421286031,0.9995699962210342,0.6880503804435997,0.68775451617989,0.9991493784201237,0.7535037977718041,0.7528628511809007,0.9991493784201237,0.7535037977718041,0.7528628511809007,0.9972438697746784,0.8402860266531607,0.8379700889371865,0.9769522676111115,0.9143895042712271,0.8933148996775755
151.40133037694014,0.9995536492468882,0.6930696383428976,0.6927602861878643,0.9991162871968715,0.7577754349020936,0.7571057790483744,0.9991162871968715,0.7577754349020936,0.7571057790483744,0.9971277616861067,0.8432218916286903,0.8407999574044408,0.9755661933880578,0.915668974994505,0.8932956963389339
152.7716186252772,0.9995368147912667,0.6980043772761368,0.6976810719729514,0.9990821570172804,0.761961801227374,0.7612624399350171,0.9990821570172804,0.761961801227374,0.7612624399350171,0.9970073458031753,0.8460860513579009,0.8435540083854298,0.9740915862848668,0.9169047280965317,0.893149181063645
154.1419068736142,0.9995194817872435,0.702855407349266,0.7025176725251002,0.9990469611091262,0.766064311070935,0.7653342219895739,0.9990469611091262,0.766064311070935,0.7653342219895739,0.996882467078059,0.8488802586052901,0.8462338464523024,0.9725223122787829,0.9180980859055018,0.8928708734035433
155.5121951219512,0.9995016389544821,0.7076235763858237,0.707270924360463,0.9990106720245556,0.7700843839090004,0.7693225178845463,0.9990106720245556,0.7700843839090004,0.7693225178845463,0.9967529641279163,0.8516062302956064,0.8488410343169466,0.9708518014546264,0.9192503378253892,0.892455846465553
156.88248337028824,0.9994832747941024,0.7123097664625939,0.7119416980518557,0.9989732616184549,0.7740234418035083,0.7732287222275931,0.9989732616184549,0.7740234418035083,0.7732287222275931,0.9966186689323594,0.854265647311844,0.8513770923385703,0.9690730207131268,0.9203627424572368,0.8918987029848521
158.2527716186253,0.9994643775833761,0.716914890605744,0.7165308949195242,0.9989347010260007,0.7778829070244934,0.7770542291617486,0.9989347010260007,0.7778829070244934,0.7770542291617486,0.996479406515514,0.8568601543981771,0.8538434981214872,0.967178445806452,0.9214365297461042,0.8911935507491276
159.6230598669623,0.9994449353702598,0.7214398896451262,0.7210394438799005,0.9988949606393643,0.7816641998531,0.7808004301454625,0.9988949606393643,0.7816641998531,0.7808004301454625,0.996334994611843,0.8593913601578549,0.8562416861923409,0.9651600329464325,0.9224729031539952,0.8903339776003012
160.99334811529934,0.9994249359677507,0.7258857292239604,0.7254682984495607,0.9988540100835405,0.7853687365563885,0.7844687119035924,0.9988540100835405,0.7853687365563885,0.7844687119035924,0.9961852433149023,0.8618608371367882,0.8585730477466967,0.9630091903047351,0.9234730418585713,0.8893130263084734
162.3636363636364,0.9994043669480618,0.7302533969607228,0.7298184339012028,0.9988118181912647,0.7889979275252348,0.7880604545406195,0.9988118181912647,0.7889979275252348,0.7880604545406195,0.9960299547081397,0.8642701219842138,0.8608389304555348,0.9607167498120313,0.9244381029766404,0.8881231696941179
163.7339246119734,0.9993832156366115,0.7345438997597203,0.7340908445681261,0.9987683529769847,0.7925531755668115,0.7915770298075433,0.9987683529769847,0.7925531755668115,0.7915770298075433,0.9958689224767963,0.8666207156824579,0.8630406383227593,0.9582729397669193,0.9253692238102429,0.8867562864704738
165.10421286031044,0.9993614691058229,0.7387582612665571,0.7382865412934099,0.9987235816099832,0.7960358743432701,0.7950197995141453,0.9987235816099832,0.7960358743432701,0.7950197995141453,0.9957019314999275,0.8689140838384152,0.8651794315853999,0.9556673588867721,0.9262675241115982,0.8852036383903206
166.4745011086475,0.9993391141687258,0.7428975194644459,0.7424065490197431,0.9986774703859419,0.7994474069489437,0.7983901140783718,0.9986774703859419,0.7994474069489437,0.7983901140783718,0.9955287574215195,0.8711516570299168,0.8672565266486908,0.95288895257348,0.9271341083611374,0.8834558494113915
167.84478935698448,0.9993161373723521,0.7469627244071455,0.7464519045156774,0.9986299846982455,0.8027891446174544,0.8016893112052461,0.9986299846982455,0.8027891446174544,0.8016893112052461,0.9953491661996043,0.8733348312006951,0.8692730960486841,0.949925992328793,0.927970068050314,0.8815028877441121
169.21507760532154,0.9992925249909225,0.7509549360841418,0.7504236542339188,0.9985810890076618,0.8060624455519385,0.8049187146874339,0.9985810890076618,0.8060624455519385,0.8049187146874339,0.9951629136322381,0.8754649680981438,0.8712302684355031,0.946766059437553,0.9287764839577363,0.8793340518149316
170.58536585365854,0.9992682630188198,0.7548752224135855,0.7543228522971689,0.9985307468110013,0.8092686538707013,0.8080796333202451,0.9985307468110013,0.8092686538707013,0.8080796333202451,0.9949697448591448,0.8775433957485428,0.8731291285707552,0.9433960342427792,0.9295544284034016,0.8769379613685825
171.95565410199558,0.9992433371633311,0.758724657358419,0.7581505586069316,0.9984789206085956,0.812409098661349,0.8111733599239858,0.9984789206085956,0.812409098661349,0.8111733599239858,0.9947693938377602,0.8795714089648506,0.8749707173329891,0.9398020925635755,0.9303049674613257,0.8743025551424429
173.3259423503326,0.9992177328371648,0.7625043191610771,0.7619078370706773,0.9984255718705399,0.8154850931366586,0.8142011704668689,0.9984255718705399,0.8154850931366586,0.8142011704668689,0.9945615827923651,0.8815502698825762,0.8767560317254516,0.9359697110525929,0.931029163105651,0.8714150967735335
174.69623059866962,0.9991914351507258,0.7662152886921283,0.7655957539427154,0.9983706610016523,0.818497933885718,0.817164323281971,0.9983706610016523,0.818497933885718,0.817164323281971,0.9943460216349159,0.8834812085196203,0.878486024880692,0.9318836835498525,0.9317280752593489,0.8682621908394962
176.06651884700665,0.999164428904149,0.7698586479082243,0.7692153762741413,0.9983141473051036,0.8214489002141564,0.8200640583720107,0.9983141473051036,0.8214489002141564,0.8200640583720107,0.9941224073561171,0.8853654233563395,0.880161606056872,0.9275281507566814,0.9324027637079311,0.8648298111824363
177.4368070953437,0.9991366985790721,0.7734354784147527,0.7727677704672411,0.998255988944665,0.824339253567566,0.8229015967959976,0.998255988944665,0.824339253567566,0.8229015967959976,0.9938904233852154,0.8872040819324069,0.8817836406208912,0.9228866458163671,0.9330542898332235,0.8611033439087561
178.80709534368071,0.999108228330156,0.7769468601286325,0.7762540009297955,0.9981961429055155,0.8271702370324893,0.8256781401320717,0.9981961429055155,0.8271702370324893,0.8256781401320717,0.993649738916919,0.8889983214573577,0.8833529500136826,0.9179421586314932,0.9336837181143643,0.8570676476849782
180.17738359201775,0.9990790019763225,0.7803938700367515,0.7796751288247576,0.9981345649535595,0.8299430749096236,0.8283948700111365,0.9981345649535595,0.8299430749096236,0.8283948700111365,0.9934000082037684,0.8907492494319954,0.8848703116932448,0.9126772219510623,0.9342921173350068,0.8527071341400899
181.5476718403548,0.9990490029917276,0.7837775810456218,0.7830322109108965,0.998071209593186,0.8326589723541603,0.8310529477161359,0.998071209593186,0.8326589723541603,0.8310529477161359,0.9931408698122104,0.8924579442780918,0.8863364590511612,0.9070740223965957,0.9348805614275559,0.8480058713144809
182.9179600886918,0.9990182144964302,0.7870990609179142,0.7863262984700315,0.9980060300234264,0.8353191150784366,0.8336535138421122,0.9980060300234264,0.8353191150784366,0.8336535138421122,0.9928719458405459,0.8941254559740688,0.8877520812985391,0.9011145396319291,0.9354501298776297,0.8429477131333085
184.28824833702885,0.9989866192467803,0.7903593712916319,0.7895584363166381,0.9979389780924217,0.8379246691123335,0.8361976880123927,0.9979389780924217,0.8379246691123335,0.8361976880123927,0.9925928410968393,0.8957528066945742,0.8891178233174354,0.894780716776137,0.936001907605424,0.8375164577910129
185.65853658536588,0.9989541996254847,0.7935595667777906,0.7927296618856542,0.9978700042501657,0.8404767806171022,0.8386865686465533,0.9978700042501657,0.8404767806171022,0.8386865686465533,0.9923031422347942,0.897340991452073,0.8904342854739776,0.8880546648662246,0.9365369842360786,0.8316960376705954
187.02882483370288,0.9989209376313695,0.7967006941325832,0.7958410043944829,0.9977990574994208,0.8429765757485347,0.841121232775977,0.9977990574994208,0.8429765757485347,0.841121232775977,0.9920024168455132,0.8988909787387742,0.8917020233894928,0.880918903644669,0.9370564526694268,0.8254707429387141
188.39911308203992,0.9988868148688056,0.7997837915001292,0.7988934840752611,0.9977260853447659,0.845425160565631,0.8435027359031172,0.9977260853447659,0.845425160565631,0.8435027359031172,0.9916902125029771,0.9004037111673904,0.8929215476660586,0.873356640123525,0.9375614068618061,0.8188254802063122
189.76940133037698,0.998851812536799,0.8028098877220287,0.8018881114736124,0.9976510337396807,0.8478236209811341,0.8458321119007476,0.9976510337396807,0.8478236209811341,0.8458321119007476,0.9913660557609779,0.9018801061093948,0.894093323562963,0.8653520852113541,0.9380529387401091,0.811746066577392
191.13968957871398,0.998815911417737,0.8057800017100704,0.8048258868102296,0.9975738470316003,0.8501730227505162,0.8481103729477167,0.9975738470316003,0.8501730227505162,0.8481103729477167,0.9910294510991718,0.9033210563295941,0.8952177706206418,0.8568908071414324,0.9385321341822498,0.8042195579875991
192.50997782705102,0.9987790918657687,0.8086951418785714,0.8077077994017385,0.997494467904862,0.8524744114962087,0.8503385094979211,0.997494467904862,0.8524744114962087,0.8503385094979211,0.9906798798158011,0.9047274306159748,0.8962952622286925,0.8479601184875848,0.9390000680198771,0.7962346089379851
193.88026607538802,0.9987413337948126,0.8115563056329558,0.8105348271374488,0.9974128373214479,0.8547288127640575,0.8525174902793913,0.9974128373214479,0.8547288127640575,0.8525174902793913,0.9903167988645776,0.9061000744039126,0.8973261251346383,0.8385494912053533,0.9394577980494226,0.7877818585632449
195.25055432372505,0.9987026166663163,0.8143644789112462,0.8133079360087627,0.9973288944594481,0.8569372321091805,0.8546482623205884,0.9973288944594481,0.8569372321091805,0.8546482623205884,0.9899396396331082,0.9074398103939526,0.8983106388901254,0.8286509914401442,0.9399063580769216,0.7788543354813362
196.62084257206212,0.9986629194761076,0.8171206357756519,0.8160280796878857,0.9972425766491559,0.8591006552085722,0.8567317510011746,0.9972425766491559,0.8591006552085722,0.8567317510011746,0.9895478066601677,0.9087474391624794,0.8992490352312756,0.8182597229028878,0.940346750070291,0.7694478711451475
197.99113082039912,0.9986222207415859,0.8198257380506263,0.8186961991532261,0.9971538193066884,0.8612200479979826,0.8587688601246779,0.9971538193066884,0.8612200479979826,0.8587688601246779,0.9891406762890438,0.9100237397646953,0.9001414973899355,0.8073742645925168,0.9407799355487425,0.7595615086070614
199.36141906873615,0.9985804984879977,0.8224807350051411,0.8213132223582085,0.9970625558650485,0.8632963568307459,0.8607604720106484,0.9970625558650485,0.8632963568307459,0.8607604720106484,0.9887175952541054,0.9112694703294197,0.9009881593325862,0.7959970857745733,0.9412068264004934,0.7491978909259274
200.73170731707322,0.9985377302343994,0.8250865630761223,0.8238800639409327,0.9969687177025165,0.8653305086564002,0.8627074476040376,0.9969687177025165,0.8653305086564002,0.8627074476040376,0.9882778791976606,0.912485368645305,0.9017891049236776,0.7841349186995535,0.941628275383325,0.7383636111629044
202.10199556541022,0.9984938929791655,0.8276441456304847,0.8263976249719981,0.9968722340682733,0.867323411217073,0.8646106265996792,0.9968722340682733,0.867323411217073,0.8646106265996792,0.9878208111141302,0.913672152738147,0.9025443670101898,0.771799067901649,0.9420450666230166,0.727069504340991
203.47228381374723,0.998448963185034,0.8301543927632654,0.8288667927379838,0.9967730320051426,0.8692759532597574,0.8664708275798889,0.9967730320051426,0.8692759532597574,0.8664708275798889,0.9873456397184894,0.9148305214390327,0.903253926424221,0.759005634410496,0.9424579064763251,0.715330861210251
204.8425720620843,0.9984029167636673,0.8326182011294708,0.8312884405581815,0.9966710362693322,0.8711890047627222,0.8682888481633105,0.9966710362693322,0.8711890047627222,0.8682888481633105,0.986851577735902,0.9159611549431425,0.9039177109004392,0.7457756341646821,0.9428674151615776,0.7031675444753401
206.2128603104213,0.9983557290597216,0.835036453807374,0.8336634276323054,0.9965661692470669,0.873063417174432,0.8700654651632775,0.9965661692470669,0.873063417174432,0.8700654651632775,0.9863378001094413,0.9170647153590749,0.9045355939052608,0.7321349925569687,0.9432741195744202,0.6906039905137993
207.58314855875832,0.9983073748343939,0.8374100201911043,0.8359925989169982,0.9964583508679793,0.8749000236634628,0.8718014347540501,0.9964583508679793,0.8749000236634628,0.8718014347540501,0.9858034421227853,0.9181418472486047,0.9051073933746471,0.7181144015025023,0.9436784476939016,0.6776690836765166
208.9534368070954,0.9982578282484487,0.8397397559104853,0.8382767850290834,0.9963474985151358,0.8766996393780128,0.8734974926434047,0.9963474985151358,0.8766996393780128,0.8734974926434047,0.9852475974347863,0.9191931781569448,0.9056328703575753,0.7037490315621338,0.9440807249408232,0.6643958958935815
210.3237250554324,0.9982070628446874,0.8420265027761805,0.8405168021735951,0.9962335269315633,0.8784630617137081,0.875154354250147,0.9962335269315633,0.8784630617137081,0.875154354250147,0.9846693160228494,0.9202193191333494,0.9061117275620473,0.6890780991931734,0.9444811727760739,0.6508212912602762
211.69401330376942,0.9981550515298566,0.8442710887483104,0.8427134520947379,0.9961163481231311,0.8801910705885021,0.8767727148852078,0.9961163481231311,0.8801910705885021,0.8767727148852078,0.9840676020321328,0.921220865242309,0.9065436078009655,0.6741442975829316,0.944879909724209,0.6369854030412507
213.06430155210643,0.9981017665559729,0.8464743279267972,0.8448675220480163,0.9959958712576608,0.8818844287235581,0.8783532499350847,0.9959958712576608,0.8818844287235581,0.8783532499350847,0.9834414115276788,0.9221983960653475,0.9069280923350668,0.6589931080328424,0.9452769548834871,0.62293099845049
214.43458980044346,0.9980471795010364,0.8486370205617957,0.8469797847918632,0.9958720025600897,0.8835438819290904,0.8798966150464387,0.9958720025600897,0.8835438819290904,0.8798966150464387,0.9827896501467228,0.9231524761935789,0.9072646991103682,0.643672016682675,0.9456722338477797,0.6087027538816105
215.80487804878052,0.9979912612491255,0.8507599530826518,0.8490509985972026,0.9957446452035573,0.8851701593942188,0.8814034463107727,0.9957446452035573,0.8851701593942188,0.8814034463107727,0.9821111706486287,0.9240836557111904,0.9075528808877816,0.6282296676840371,0.9460655868301547,0.5943464692216116
217.17516629711753,0.997933981969848,0.8528438981439262,0.8510819072734558,0.9956136991962332,0.8867639739799708,0.8828743604481509,0.9956136991962332,0.8867639739799708,0.8828743604481509,0.9814047703601408,0.9249924706700522,0.9077920232628018,0.6127149880666396,0.9464567786551946,0.5799082538393078
218.54545454545456,0.9978753110971149,0.8548896146870939,0.8530732402095765,0.9954790612637276,0.888326022514627,0.8843099549890019,0.9954790612637276,0.888326022514627,0.8843099549890019,0.9806691885139472,0.9258794435556736,0.9079814425734875,0.5971763210416619,0.9468455101886883,0.5654337183692962
219.91574279379162,0.9978152173072407,0.8568978480166196,0.8550257124288102,0.9953406247269118,0.8898569860906878,0.885710808453112,0.9953406247269118,0.8898569860906878,0.885710808453112,0.9799031034789258,0.9267450837447506,0.9081203836953181,0.5816606032128663,0.9472314307081255,0.5509672053678747
221.2860310421286,0.9977536684963167,0.8588693298891803,0.8569400246559029,0.995198279374958,0.8913575303627805,0.8870774805249511,0.995198279374958,0.8913575303627805,0.8870774805249511,0.9791051298809242,0.9275898879545709,0.9082080177219921,0.5662126173049484,0.9476141506902209,0.5365510884575158
222.65631929046563,0.9976906317568578,0.8608047786148808,0.8588168633956026,0.9950519113334165,0.8928283058459031,0.888410512224542,0.9950519113334165,0.8928283058459031,0.888410512224542,0.9782738156134569,0.9284143406845541,0.9082434395317307,0.5508743460498357,0.947993254502965,0.5222251641339762
224.0266075388027,0.9976260733536871,0.8627048991693769,0.8606569010213341,0.9949014029271395,0.894269948213443,0.8897104260731348,0.9949014029271395,0.894269948213443,0.8897104260731348,0.9774076387383848,0.9292189146502243,0.9082256652393205,0.5356844454864516,0.9483683125355753,0.5080261536175414
225.3968957871397,0.997559958699032,0.8645703833158891,0.8624607958730046,0.9947466325378362,0.8956830785944624,0.8909777262529636,0.9947466325378362,0.8956830785944624,0.8909777262529636,0.9765050042774335,0.9300040712099215,0.9081536295348749,0.5206778479191899,0.9487388923729402,0.49398732471797846
226.76718403547673,0.9974922523268124,0.8664019097361498,0.8642291923629637,0.9945874744560559,0.8970683038697929,0.892212898760435,0.9945874744560559,0.8970683038697929,0.892212898760435,0.975564240896293,0.9307702607845625,0.9080261829111363,0.5058854969206316,0.9491045687124002,0.4801382363727143
228.1374722838138,0.9974229178660831,0.8682001441693913,0.8659627210891883,0.994423798727384,0.8984262169665178,0.8934164115521175,0.994423798727384,0.8984262169665178,0.8934164115521175,0.9745835974841758,0.9315179232707782,0.9078420887822234,0.4913342097152705,0.9494649318199544,0.46650460192812043
229.5077605321508,0.9973519180136179,0.8699657395585334,0.8676619989548389,0.994255470992614,0.8997573971504711,0.8945887146829301,0.994255470992614,0.8997573971504711,0.8945887146829301,0.9735612396329172,0.9322474884477407,0.9076000204978562,0.4770466565210294,0.9498195944209697,0.4531082618166838
230.87804878048783,0.9972792145055863,0.8716993362027896,0.869327629293359,0.9940823523216716,0.9010624103164088,0.8957302404359709,0.9940823523216716,0.9010624103164088,0.8957302404359709,0.9724952460211781,0.9329593763780097,0.9072985582584975,0.4630414422208756,0.9501681970095637,0.4399672522957174
232.24833702882486,0.9972047680883167,0.8734015619159575,0.870960201998376,0.9939042990410386,0.9023418092755556,0.8968414034434437,0.9939042990410386,0.9023418092755556,0.8968414034434437,0.971383604710963,0.9336539978027077,0.9069361859383958,0.44933327315072435,0.950510411635731,0.42709595442412535
233.61862527716187,0.9971285384880878,0.87507303218971,0.872560293657665,0.9937211625544298,0.9035961340402512,0.8979226007981668,0.9937211625544298,0.9035961340402512,0.8979226007981668,0.9702242093656014,0.934331754531336,0.9065112878253406,0.4359331907158096,0.9508459442870393,0.414505306372236
234.98891352549893,0.9970504843799411,0.8767143503612486,0.8741284676905283,0.9935327891564564,0.9048259121054599,0.8989742121551723,0.9935327891564564,0.9048259121054599,0.8989742121551723,0.9690148554004958,0.9349930398265236,0.9060221452879688,0.4228488537600773,0.9511745360216385,0.40220306228252317
236.35920177383596,0.9969705633554637,0.8783261077847269,0.875665274487951,0.9933390198390103,0.9060316587269284,0.8999965998229197,0.9933390198390103,0.9060316587269284,0.8999965998229197,0.9677532360804677,0.9356382387839879,0.9054669333838337,0.41008485282024304,0.9514959630324096,0.3901940819592011
237.72949002217297,0.9968887318895175,0.8799088840058886,0.8771712515549509,0.9931396900900882,0.9072138771958078,0.9009901088436719,0.9931396900900882,0.9072138771958078,0.9009901088436719,0.9664369385802966,0.9362677287079574,0.904843717424046,0.3976430412882565,0.951810035830563,0.37848063737634946
239.09977827051,0.9968049453058724,0.8814632469394057,0.878646923654571,0.9929346296847564,0.9083730591095767,0.9019550670625769,0.9929346296847564,0.9083730591095767,0.9019550670625769,0.9650634400282975,0.9368818794822881,0.9041504495133538,0.38552287079223974,0.9521165977337788,0.3670627240872665
240.470066518847,0.9967191577417138,0.8829897530484433,0.8800928029530083,0.9927236624679727,0.9095096846391263,0.9028917851850443,0.9927236624679727,0.9095096846391263,0.9028917851850443,0.9636301035562977,0.9374810539374546,0.9033849650878165,0.3737217205387694,0.9524155228321248,0.3559383678606533
241.84035476718404,0.9966313221109752,0.884488947526003,0.8815093891653853,0.9925066061289414,0.9106242227918864,0.9038005568219801,0.9925066061289414,0.9106242227918864,0.9038005568219801,0.9621341743834454,0.9380656082135732,0.9025449794760708,0.3622352127458128,0.9527067135874485,0.34510391908071353
243.2106430155211,0.9965413900664707,0.8859613644776391,0.8828971697017335,0.9922832719666851,0.9117171316708961,0.9046816585224778,0.9922832719666851,0.9117171316708961,0.9046816585224778,0.9605727759657325,0.9386358921195478,0.9016280845143458,0.3510575084997315,0.9529900982012328,0.33455432949943925
244.5809312638581,0.9964493119607786,0.8874075271051647,0.8842566198127573,0.9920534646465107,0.9127888587297306,0.9055353497935636,0.9920534646465107,0.9127888587297306,0.9055353497935636,0.9589429062481152,0.9391922494883818,0.9006317452500937,0.34018158030766776,0.953265627864131,0.32428340773980124
245.95121951219514,0.996355036805829,0.8888279478910015,0.8855882027349883,0.9918169819470088,0.9138398410232231,0.9063618731065876,0.9918169819470088,0.9138398410232231,0.9063618731065876,0.9572414340616716,0.9397350185286283,0.8995532967743157,0.3295994592479348,0.9535332739790805,0.3142840514784178
247.3215077605322,0.9962585122311681,0.8902231287828449,0.8868923698349727,0.9915736144972629,0.9148705054539266,0.9071614538898878,0.9915736144972629,0.9148705054539266,0.9071614538898878,0.9554650957142796,0.9402645321718692,0.8983899412283374,0.31930245593844825,0.9537930254300967,0.3045484554767927
248.69179600886918,0.9961596844408359,0.8915935613783523,0.8881695607521405,0.9913231455038777,0.9158812690142768,0.907934300507316,0.9913231455038777,0.9158812690142768,0.907934300507316,0.9536104918300743,0.9407811184160326,0.8971387450371602,0.3092813555627461,0.9540448859512494,0.29506829559470793
250.0620842572062,0.9960584981688233,0.8929397271095777,0.8894202035400449,0.9910653504674719,0.9168725390244336,0.908680604222251,0.9910653504674719,0.9168725390244336,0.908680604222251,0.9516740845002006,0.9412851006642485,0.895796636428328,0.29952658794518977,0.9542888716352143,0.2858348896349609
251.43237250554327,0.9959548966330591,0.8942620974269001,0.890644714805671,0.9907999968882442,0.9178447133657832,0.9094005391467094,0.9907999968882442,0.9178447133657832,0.9094005391467094,0.949652194815379,0.9417767980588347,0.8943604033027723,0.2900283741893044,0.9545250086082842,0.27683933636969243
252.80266075388028,0.9958488214878716,0.8955611339822229,0.8918434998465385,0.9905268439602198,0.9187981807100989,0.910094262175166,0.9905268439602198,0.9187981807100989,0.910094262175166,0.9475410008593809,0.9422565258098764,0.8928266915321733,0.2807768517260101,0.9547533308887064,0.26807263442185253
254.1729490022173,0.9957402127748798,0.8968372888112263,0.8930169527853368,0.9902456422537729,0.9197333207443659,0.9107619129026998,0.9902456422537729,0.9197333207443659,0.9107619129026998,0.9453365362517449,0.9427245955177166,0.8911920037660453,0.2717621798003413,0.9549738784375047,0.2595257828565624
255.54323725055437,0.9956290088722531,0.8980910045144858,0.8941654567018437,0.9899561333860071,0.920650504391285,0.9114036135270737,0.9899561333860071,0.920650504391285,0.9114036135270737,0.9430346893378857,0.9431813154885248,0.8894526988410193,0.2629746274913515,0.9551866954052893,0.251189865408901
256.9135254988914,0.9955151464423061,0.8993227144372828,0.8952893837619239,0.9896580496785716,0.921550094025476,0.9120194687343569,0.9896580496785716,0.921550094025476,0.9120194687343569,0.940631203135135,0.94362699104193,0.887604991894558,0.2544046463406383,0.955391828574697,0.2430561202652815
258.28381374722835,0.9953985603773361,0.9005328428479491,0.8963890953433584,0.9893511138024794,0.9224324436854126,0.9126095655677058,0.9893511138024794,0.9224324436854126,0.9126095655677058,0.9381216761540943,0.9440619248095253,0.8856449552955724,0.24604292958574844,0.9555893259957581,0.23511599724886711
259.6541019955654,0.9952791837436811,0.9017218051146009,0.8974649421583386,0.9890350384094748,0.9232978992811236,0.9131739732788935,0.9890350384094748,0.9232978992811236,0.9131739732788935,0.9355015642258885,0.9444864170228372,0.883568520514969,0.2378804598760354,0.9557792358104369,0.2273612041545524
261.0243902439024,0.9951569477239178,0.9028900078801385,0.8985172643724227,0.988709525749511,0.9241467987977032,0.9137127431622059,0.988709525749511,0.9241467987977032,0.9137127431622059,0.9327661834773271,0.9449007657891424,0.8813714810699421,0.22990854720627998,0.9559616052625936,0.21978374385090618
262.39467849223945,0.9950317815571448,0.9040378492353931,0.8995463917197827,0.9883742672738604,0.9249794724946786,0.9142259083702898,0.9883742672738604,0.9249794724946786,0.9142259083702898,0.9299107146074062,0.945305267353274,0.8790494966866281,0.2221188586494746,0.9561364798905281,0.2123759436264104
263.7649667405765,0.9949036124772774,0.9051657188903199,0.9005526436145711,0.9880289432234036,0.9257962431012855,0.9147134837115604,0.9880289432234036,0.9257962431012855,0.9147134837115604,0.9269302086297638,0.9457002163433214,0.8765980988363277,0.21450344131320692,0.9563039029008952,0.2051304781134929
265.1352549889135,0.9947723656493075,0.9062739983431454,0.9015363292582673,0.9876732222016156,0.9265974260077124,0.9151754654287604,0.9876732222016156,0.9265974260077124,0.9151754654287604,0.9238195942563349,0.9460859059978602,0.8740126978105802,0.20705473978985717,0.9564639147250409,0.19804038698178147
266.50554323725055,0.9946379641034399,0.9073630610473905,0.9024977477428417,0.9873067607317648,0.9273833294523702,0.9156118309582587,0.9873067607317648,0.9273833294523702,0.9156118309582587,0.920573687107125,0.9464626283721027,0.8712885915096071,0.1997656092228616,0.9566165527615715,0.19109908845508908
267.8758314855876,0.9945003286670435,0.9084332725766977,0.9034371881496038,0.9869292027978505,0.9281542547052545,0.9160225386696899,0.9869292027978505,0.9281542547052545,0.9160225386696899,0.9171872009393245,0.9468306745200746,0.8684209761265599,0.19262932497136653,0.956761851312158,0.18430038957661593
269.2461197339246,0.9943593778943453,0.9094849907874015,0.9043549296436049,0.9865401793687817,0.9289104962474685,0.9164075275855216,0.9865401793687817,0.9289104962474685,0.9164075275855216,0.9136547610952754,0.9471903346496793,0.8654049589161067,0.18563958972390762,0.9568998417210868,0.1776384940239747
270.61640798226165,0.9942150279937984,0.9105185659787904,0.9052512415634762,0.9861393079053211,0.9296523419469627,0.9167667170801387,0.9861393079053211,0.9296523419469627,0.9167667170801387,0.9099709203726136,0.9475418982472481,0.8622355732396617,0.17879053878743476,0.9570305527328219,0.1711080081591377
271.9866962305987,0.9940671927530224,0.9115343410510163,0.9061263835065598,0.9857261918492934,0.9303800732306267,0.9171000065580924,0.9857261918492934,0.9303800732306267,0.9171000065580924,0.9061301775202806,0.9478856541679453,0.8589077960801276,0.17207674415916618,0.9571540110856839,0.16470394588651094
273.3569844789357,0.9939157834612715,0.9125326516606133,0.90698060540925,0.9853004200945864,0.9310939652526882,0.917407275111008,0.9853004200945864,0.9310939652526882,0.917407275111008,0.9021269985604673,0.9482218906881896,0.855416568215868,0.1654932178726962,0.9572702423635303,0.15842173278251642
274.72727272727275,0.9937607088293237,0.9135138263735977,0.9078141476224141,0.9848615664394604,0.9317942870596164,0.9176883811528741,0.9848615664394604,0.9317942870596164,0.9176883811528741,0.8979558411278233,0.9485508955160923,0.8517568172357027,0.15903541499316814,0.9573792721307829,0.15225720984917632
276.0975609756098,0.9936018749067086,0.9144781868161236,0.9086272409817877,0.984409189019699,0.9324813017515464,0.917943162033273,0.984409189019699,0.9324813017515464,0.917943162033273,0.893611182002551,0.9488729557557931,0.8479234835631885,0.15269923651522677,0.9574811273789928,0.14620663712851079
277.4678492239468,0.9934391849961993,0.915426047822679,0.909420106873254,0.9839428297221378,0.9331552666403209,0.9181714336281933,0.9839428297221378,0.9331552666403209,0.9181714336281933,0.8890875479923135,0.9491883578215389,0.8439115496384026,0.14648103228752585,0.9575758383148278,0.14026669728994892
278.83813747228385,0.9932725395654667,0.9163577175818055,0.9101929572928946,0.9834620135781451,0.9338164334042279,0.9183729899080838,0.9834620135781451,0.9338164334042279,0.9183729899080838,0.884379550288066,0.9494973872973833,0.8397160723777535,0.1403776039444435,0.9576634405194736,0.1344344991653158
280.2084257206209,0.9931018361558083,0.9172734977793415,0.9109459949017248,0.9829662481366113,0.9344650482395188,0.9185476024827973,0.9829662481366113,0.9344650482395188,0.9185476024827973,0.8794819223800596,0.9498003287385349,0.8353322189961793,0.13438620766490464,0.9577439775070014,0.12870758105106764
281.5787139689579,0.9929269692878574,0.9181736837391781,0.9116794130750098,0.9824550228160535,0.9351013520087884,0.9186950201231167,0.9824550228160535,0.9351013520087884,0.9186950201231167,0.8743895615712924,0.9500974654106367,0.8307553062304027,0.12850455639640587,0.9578175037034554,0.12308391342212538
282.94900221729495,0.9927478303641695,0.9190585645615357,0.9123933959460725,0.9819278082354773,0.9357255803863037,0.9188149682585931,0.9819278082354773,0.9357255803863037,0.9188149682585931,0.8690975740658676,0.9503890789636723,0.8259808429460219,0.1227308209774651,0.9578840878580549,0.11756190050406938
284.319290465632,0.9925643075685977,0.9199284232587632,0.9130881184445062,0.9813840555236442,0.9363379640003632,0.9189071484514283,0.9813840555236442,0.9363379640003632,0.9189071484514283,0.8636013235383343,0.950675449037744,0.821004576044396,0.11706362936445869,0.9579438168817013,0.11214037993141436
285.68957871396896,0.992376285762334,0.9207835368886705,0.913763746328684,0.9808231956064564,0.9369387285727739,0.9189712378461984,0.9808231956064564,0.9369387285727739,0.9189712378461984,0.857896483006908,0.950956852798705,0.815822539507327,0.11150206292402796,0.9579968000846213,0.10681861948405288
287.059866962306,0.9921836463765333,0.9216241766854043,0.9144204362124949,0.9802446384722127,0.9375280950555308,0.919006888595251,0.9802446384722127,0.9375280950555308,0.919006888595251,0.8519790897385192,0.9512335644025501,0.8104311063284118,0.10604564850080417,0.9580431737532072,0.10159630965242747
288.430155210643,0.9919862673013897,0.9224506081878865,0.9150583355861983,0.9796477724145423,0.9381062797647809,0.919013727259661,0.9796477724145423,0.9381062797647809,0.919013727259661,0.8458456028075372,0.9515058543885798,0.804827042980209,0.10069434473087842,0.9580831059651354,0.09647355055288406
289.80044345898006,0.9917840227715663,0.9232630913658282,0.9156775828313133,0.9790319632528858,0.9386734945121631,0.9189913541856899,0.9790319632528858,0.9386734945121631,0.9189913541856899,0.8394929628139763,0.951773989002673,0.7990075659571308,0.09544852087296249,0.958116801491572,0.09145083152590436
291.1707317073171,0.9915767832478588,0.9240618807433436,0.9162783072294511,0.9783965535304728,0.939229946733601,0.9189393428567648,0.9783965535304728,0.939229946733601,0.9189393428567648,0.8329186531429797,0.9520382294535126,0.7929703998170468,0.09030892631122925,0.9581445065769464,0.08652900163996656
292.5410199556541,0.9913644152949799,0.9248472255201855,0.9168606289650031,0.9777408616898264,0.9397758396156393,0.9188572392210752,0.9777408616898264,0.9397758396156393,0.9188572392210752,0.8261207620180819,0.9522988311063028,0.7867138360224676,0.08527664889675134,0.9581665133234258,0.0817092293413062
293.91130820399115,0.9911467814553296,0.9256193696906242,0.9174246591215731,0.9770641812259088,0.9403113722194022,0.9187445609949609,0.9770641812259088,0.9403113722194022,0.9187445609949609,0.8190980444699658,0.9525560426203689,0.7802367917583936,0.08035306049639944,0.9581831633443544,0.07699294969084029
295.28159645232813,0.9909237401186525,0.9263785521600012,0.9179704996720905,0.9763657798171659,0.9408367396022614,0.9186007969424018,0.9763657798171659,0.9408367396022614,0.9186007969424018,0.8118499832144838,0.9528101050390085,0.7735388677825096,0.0755397485679615,0.9581948502967297,0.07238179807053047
296.65188470066516,0.9906951453874155,0.9271250068589826,0.9184982434624683,0.9756448984347869,0.9413521329372915,0.9184254061309737,0.9756448984347869,0.9413521329372915,0.9184254061309737,0.8043768473142137,0.9530612508420072,0.7666204042496347,0.07083843332667894,0.9582020208682329,0.06787752996876334
298.0221729490022,0.990460846937835,0.9278589628555411,0.9190079741887605,0.9749007504307085,0.941857739630595,0.918217817164838,0.9749007504307085,0.941857739630595,0.918217817164838,0.796679747392787,0.953309702973298,0.7594825333518599,0.06625087113343,0.9582051737922671,0.0634819274882974
299.39246119733923,0.990220689876351,0.9285806444647015,0.9194997663676633,0.9741325206049836,0.9423537434365774,0.9179774273954151,0.9741325206049836,0.9423537434365774,0.9179774273954151,0.7887606860874519,0.9535556738582401,0.7521272275350079,0.06177874609529255,0.958204856507969,0.059196694537482046
300.76274944567626,0.9899745145914751,0.929290271356076,0.9199736853003115,0.9733393642533436,0.9428403245712477,0.9177036021105943,0.9733393642533436,0.9428403245712477,0.9177036021105943,0.780622602369843,0.9537993644268374,0.7445573419975802,0.05742355343916806,0.9582016591817999,0.05502334418152559
302.1330376940133,0.9897221566008328,0.9299880586592291,0.9204297870292341,0.9725204061959531,0.9433176598236228,0.9173956737034856,0.9725204061959531,0.9433176598236228,0.9173956737034856,0.7722694083446884,0.9540409631608338,0.7367766501568137,0.05318647983942002,0.9581962059675706,0.050963083190902946
303.50332594235033,0.9894634463932815,0.9306742170668997,0.9208681182883836,0.9716747397885894,0.943785922665309,0.9170529408219479,0.9716747397885894,0.943785922665309,0.9170529408219479,0.7637060171572152,0.9542806451838712,0.7287898707835919,0.04906828732361508,0.958189143597508,0.04701670020841119
304.87361419068736,0.9891982092659489,0.9313489529361192,0.9212887164461256,0.9708014259176889,0.9442452833583301,0.9166746675003191,0.9708014259176889,0.9442452833583301,0.9166746675003191,0.7549383607113199,0.9545185714147569,0.7206026855723675,0.04506920837625626,0.9581811276509091,0.04318446490429503
306.2439024390244,0.988926265156049,0.93201246838726,0.9216916094410832,0.9698994919809936,0.9446959090612755,0.9162600822750541,0.9698994919809936,0.9446959090612755,0.9162600822750541,0.74597339601368,0.9547548878041109,0.7122217460158926,0.04118886014433405,0.9581728071095433,0.03946604574613895
307.61419068736143,0.9886474284673353,0.9326649614010508,0.9220768157107354,0.9689679308557959,0.945137963933831,0.9158083772862241,0.9689679308557959,0.945137963933831,0.9158083772862241,0.7368190991404923,0.9549897246744388,0.7036546686230467,0.03742618502521476,0.9581648080416479,0.0358604533904161
308.9844789356985,0.988361507891029,0.933306625913593,0.9224443441126473,0.9680056998571096,0.9455716092397574,0.9153187073671447,0.9680056998571096,0.9455716092397574,0.9153187073671447,0.7274844460418446,0.9552231961826289,0.69491001772124,0.03377942332477534,0.9581577174183552,0.03236601514857509
310.3547671840355,0.9880683062210748,0.9339376519094194,0.9227941938382277,0.9670117196884441,0.9459970034483755,0.9147901891247285,0.9670117196884441,0.9459970034483755,0.9147901891247285,0.7179793796749755,0.9554553999222151,0.6859972753432576,0.030246121225497948,0.9581520681237123,0.02898038360493137
311.7250554323725,0.9877676201635731,0.9345582255126276,0.9231263543189,0.9659848733882413,0.9464143023346125,0.9142219000135214,0.9659848733882413,0.9464143023346125,0.9142219000135214,0.7083147632728402,0.9556864166803716,0.6769267979940262,0.026823174292285108,0.9581483261540304,0.025700579550290797
313.09534368070956,0.9874592401402313,0.9351685290761298,0.9234408051245729,0.9649240052754543,0.9468236590776635,0.9136128774067803,0.9649240052754543,0.9468236590776635,0.9136128774067803,0.6985023199023414,0.9559163103615661,0.6677097604200405,0.023506903591191813,0.958146880817677,0.022523066353582286
314.4656319290466,0.9871429500856705,0.9357687412690534,0.923737515854288,0.9638279198982153,0.9472252243583099,0.9129621176683901,0.9638279198982153,0.9472252243583099,0.9129621176683901,0.6885545588343356,0.9561451280861791,0.6583580868509784,0.020293158670361792,0.9581480384684857,0.019443850174336894
315.8359201773837,0.9868185272384479,0.9363590371623328,0.9240164460189444,0.9626953809900273,0.9476191464549399,0.9122685752298828,0.9626953809900273,0.9476191464549399,0.9122685752298828,0.678484689620406,0.9563729004683096,0.6488843705356084,0.01717743956127071,0.9581520199774225,0.01645859841367162
317.20620842572066,0.9864857419256087,0.9369395883125284,0.9242775449159589,0.9615251104384716,0.9480055713383025,0.9115311616773477,0.9615251104384716,0.9480055713383025,0.9115311616773477,0.668306525133169,0.956599642072572,0.6393017827371538,0.014155028863017803,0.9581589618178673,0.013562767759891086
318.57649667405764,0.9861443573406473,0.9375105628439032,0.9245207514957695,0.9603157872720113,0.9483846427650245,0.9107487448535797,0.9603157872720113,0.9483846427650245,0.9107487448535797,0.6580343751608886,0.9568253520451262,0.6296239726711119,0.011221124940628158,0.9581689203557752,0.010751733169538943
319.9467849223947,0.9857941293146779,0.9380721255288373,0.9247459942200694,0.9590660466711157,0.948756502369912,0.9099201479814266,0.9590660466711157,0.948756502369912,0.9099201479814266,0.6476829324372075,0.9570500149096502,0.6198649601457554,0.0083709681804529,0.9581818787299835,0.008020910017935272
321.3170731707317,0.9854348060806926,0.9386244378665332,0.9249531909116062,0.9577744790106185,0.9491212897570466,0.9090441488149416,0.9577744790106185,0.9491212897570466,0.9090441488149416,0.6372671532185441,0.957273601514673,0.6100390228885186,0.005599953844866922,0.9581977555952532,0.0053658632055884935
322.68736141906874,0.9850661280307319,0.9391676581601335,0.9251422485954927,0.9564396289409662,0.9494791425896844,0.9081194788256645,0.9564396289409662,0.9494791425896844,0.9081194788256645,0.626802134683329,0.9574960701148031,0.600160580698857,0.002903727033972261,0.9582164149789919,0.002782398908570481
324.0576496674058,0.9846878274658242,0.9397019415922481,0.9253130633318876,0.9550599945168278,0.9498301966789471,0.9071448224321127,0.9550599945168278,0.9498301966789471,0.9071448224321127,0.6163029915107835,0.9577173675651033,0.5902440786522057,0.0002782572827658829,0.9582376765563164,0.0002666366121224536
325.4279379157428,0.9842996283385356,0.9402274402989356,0.9254655200399349,0.9536340263823964,0.9501745860712951,0.906118816281396,0.9536340263823964,0.9501745860712951,0.906118816281396,0.6057847339984399,0.9579374306052911,0.5803038715863753,0.002280107849851503,0.9582613257540391,0.0021849391710608928
326.79822616407984,0.983901245987994,0.9407443034421754,0.9255994923128639,0.9521601270235984,0.9505124431347496,0.905040048592694,0.9521601270235984,0.9505124431347496,0.905040048592694,0.5952621499977269,0.9581561872087051,0.5703541120314782,0.00477460936705905,0.958287123227694,0.004575446674895018
328.1685144124169,0.9834923868672367,0.9412526772808695,0.9257148422241392,0.9506366500984668,0.9508438986438289,0.9039070585733355,0.9506366500984668,0.9508438986438289,0.9039070585733355,0.5847496927907483,0.9583735579701148,0.560408643601801,0.007208061703959849,0.958314813395254,0.00690759230677176
329.5388026607539,0.983072748262749,0.941752705240409,0.9258114201245675,0.9490618998579003,0.9511690818631423,0.9027183359191285,0.9490618998579003,0.9511690818631423,0.9027183359191285,0.5742613768078362,0.9585894575064642,0.5504809016611389,0.009582853344625398,0.958344131840618,0.00918367126911099
330.90909090909093,0.9826420180060664,0.9422445279808431,0.9258890644302692,0.9474341306701844,0.9514881206295764,0.9014723204116903,0.9474341306701844,0.9514881206295764,0.9014723204116903,0.5638106828069697,0.9588037958455069,0.5405838228135695,0.011900960360944455,0.9583748115093753,0.01140558064270069
332.279379157428,0.9821998741773135,0.9427282834636852,0.9259476014014263,0.9457515466637669,0.951801141432991,0.90016740162659,0.9457515466637669,0.951801141432991,0.90016740162659,0.5534104738172418,0.9590164797789086,0.5307297644729891,0.014163970035656422,0.9584065877044058,0.013574842190220923
333.649667405765,0.9817459848005711,0.9432041070173935,0.9259868449117342,0.9440123015040021,0.9521082694953223,0.8988019187672719,0.9440123015040021,0.9521082694953223,0.8988019187672719,0.5430729228052122,0.9592274141586687,0.5209304354420341,0.01637311191126951,0.9584392019493905,0.01569263231366521
335.01995565410203,0.9812800075309651,0.9436721314015617,0.9260065962084864,0.9422144983208365,0.9524096288479806,0.8973741606409341,0.9422144983208365,0.9524096288479806,0.8973741606409341,0.5328094526711658,0.9594365031184914,0.5111968380993006,0.018529293900852534,0.9584724048268347,0.01775981688489333
336.390243902439,0.9808015893333927,0.9441324868698527,0.92600664366324,0.9403561898057039,0.9527053424074029,0.8958823657937639,0.9403561898057039,0.9527053424074029,0.8958823657937639,0.5226306888372801,0.9596436512048705,0.501539222467524,0.02063314144451935,0.9585059579176861,0.019776989005130127
337.7605321507761,0.9803103661528083,0.9445853012317135,0.9259867625130218,0.9384353784972373,0.9529955320486044,0.8943247228242082,0.9384353784972373,0.9529955320486044,0.8943247228242082,0.5125464243649196,0.9598487644059939,0.4919670521273783,0.02268503805237663,0.9585396349763666,0.02174450809415008
339.1308203991131,0.9798059625759984,0.9450306999129026,0.9259467145920309,0.9364500172767805,0.9532803186765536,0.8926993708942734,0.9364500172767805,0.9532803186765536,0.8926993708942734,0.5025655972448635,0.9600517510699551,0.482488981662449,0.024685165912000075,0.9585732224720884,0.023662539035524063
340.5011086474501,0.9792879914848236,0.9454688060148668,0.9258862480538532,0.9343980100960635,0.9535598222951676,0.8910044004601605,0.9343980100960635,0.9535598222951676,0.8910044004601605,0.4926962792506243,0.9602525227070648,0.4731128450787965,0.026633545540155137,0.9586065196181333,0.02553109039533917
341.8713968957872,0.978756053700879,0.9458997403729977,0.9258050970841613,0.9322772129607757,0.9538341620737076,0.889237854244853,0.9322772129607757,0.9538341620737076,0.889237854244853,0.4829456755365442,0.9604509946741535,0.4638456544426549,0.028530073717868743,0.9586393379980532,0.027350050981933348
343.2416851441242,0.9782097376215954,0.9463236216138043,0.9257029816039575,0.9300854351951591,0.9541034564103258,0.8873977284766034,0.9300854351951591,0.9541034564103258,0.8873977284766034,0.4733201340016912,0.96064708674157,0.4546936078248542,0.03037455916477002,0.958671500883491,0.02911922422316447
344.6119733924612,0.9776486188477913,0.9467405662110323,0.9255796069633917,0.9278204410140731,0.9543678229924898,0.8854819744185327,0.9278204410140731,0.9543678229924898,0.8854819744185327,0.46382516332775015,0.9608407235460272,0.4456621055306897,0.032166755586191344,0.9587028423239055,0.030838360008820006
345.9822616407983,0.9770722598027257,0.9471506885407632,0.9254346636262312,0.9254799514302471,0.9546273788539864,0.8834885002157714,0.9254799514302471,0.9546273788539864,0.8834885002157714,0.4544654585318858,0.9610318349345109,0.4367557735272521,0.03390639186999891,0.9587332060747931,0.03250718378395235
347.3525498891353,0.9764802093427533,0.9475541009355235,0.9252678268451043,0.9230616465256076,0.9548822404281829,0.8814151730876997,0.9230616465256076,0.9548822404281829,0.8814151730876997,0.44524493285003885,0.9612203562060959,0.4279784929530736,0.03559319932514039,0.9587624444185311,0.034125422789647614
348.7228381374723,0.9758720023596679,0.9479509137374382,0.9250787563276306,0.9205631681166836,0.9551325235971905,0.8792598218939127,0.9205631681166836,0.9551325235971905,0.8792598218939127,0.4361667547771288,0.961406228259758,0.41933343460257816,0.03722693594573846,0.9587904169209808,0.035692829436105224
350.0931263858094,0.9752471593749218,0.948341235350455,0.9248670958936354,0.917982122844906,0.9553783437365542,0.8770202401033322,0.917982122844906,0.9553783437365542,0.8770202401033322,0.4272333891322889,0.9615893976571048,0.41082309731472116,0.03880740775787216,0.9588169891575453,0.03720920186341215
351.4634146341464,0.9746051861258852,0.948725172291672,0.9246324731236375,0.9153160857234117,0.955619815755068,0.8746941891966568,0.9153160857234117,0.955619815755068,0.8746941891966568,0.4184466410832598,0.961769816609438,0.40244934925548215,0.04033448736464247,0.9588420314344483,0.038674401801580875
352.8337028824834,0.9739455731444159,0.9491028292417987,0.9243744989988902,0.9125626041723577,0.9558570541292841,0.8722794025327377,0.9125626041723577,0.9558570541292841,0.8722794025327377,0.4098077021483083,0.9619474428987287,0.394213471161769,0.04180812985185528,0.958865417524498,0.04008836988631764
354.2039911308205,0.9732677953280046,0.9494743090947761,0.9240927675332531,0.9097192025749279,0.956090172932265,0.869773589709665,0.9097192025749279,0.956090172932265,0.869773589709665,0.4013171972907574,0.9621222397419991,0.3861162007043652,0.04322838625184462,0.9588870234314364,0.041451138620775714
355.5742793791574,0.9725713115038606,0.9498397130065864,0.9237868553972662,0.9067833873860113,0.9563192858561088,0.8671744414511736,0.9067833873860113,0.9563192858561088,0.8671744414511736,0.39297523232503484,0.962294175608287,0.37815777722469446,0.04459541479462706,0.9589067261929851,0.042762843203934045
356.94456762749445,0.9718555639863379,0.9501991404432787,0.923456321534836,0.9037526528249263,0.9565445062277503,0.8644796350484386,0.9037526528249263,0.9565445062277503,0.8644796350484386,0.38478144095972616,0.9624632239968879,0.3703379862002662,0.04590949019159561,0.9589244027299099,0.044023730461610476
358.31485587583154,0.9711199781281713,0.950552689228237,0.9231007067729999,0.9006244871824473,0.9567659470175355,0.8616868403862964,0.9006244871824473,0.9567659470175355,0.8616868403862964,0.37673503090858285,0.9626293631849662,0.36265620289299766,0.04717101121409649,0.9589399287466499,0.045234166132553114
359.6851441241685,0.9703639618660673,0.9509004555887154,0.9227195334253143,0.8973963797707403,0.9569837208400465,0.8587937265813904,0.8973963797707403,0.9569837208400465,0.8587937265813904,0.3688348286018594,0.9627925759519307,0.35511143473037304,0.048380506834767904,0.9589531776883734,0.04639464076737475
361.05543237250555,0.9695869052612791,0.9512425342016682,0.9223123048894919,0.8940658285425519,0.9571979399466535,0.8557979692576285,0.8940658285425519,0.9571979399466535,0.8557979692576285,0.3610793221254823,0.9629528492872366,0.3477023620594371,0.04953864119975947,0.9589640197597016,0.04750577449835491
362.42572062084264,0.9687881800358553,0.9515790182388931,0.9218785052399633,0.8906303484029865,0.9574087162092673,0.8526972584815157,0.8906303484029865,0.9574087162092673,0.8526972584815157,0.3534667021028594,0.9631101740875105,0.34042737699642317,0.05064621769268614,0.9589723210118519,0.04856832093122675
363.7960088691796,0.9679671391053787,0.9519099994115173,0.9214175988161691,0.8870874802334813,0.9576161610947718,0.8494893073764206,0.8870874802334813,0.9576161610947718,0.8494893073764206,0.34599490031266,0.9632645448481532,0.33328462016945654,0.05170418233584056,0.9589779425077231,0.049583170395468536
365.16629711751665,0.967123116109086,0.9522355680138409,0.9209290298074513,0.8834348006429549,0.9578203856296317,0.8461718614304718,0.8834348006429549,0.9578203856296317,0.8461718614304718,0.33866162590515503,0.9634159593538377,0.32627201521774546,0.052713626749579835,0.9589807395786009,0.05055135276618239
366.53658536585374,0.9662554249383614,0.9525558129665637,0.9204122218355132,0.8796699324555982,0.958021500354193,0.8427427085075838,0.8796699324555982,0.958021500354193,0.8427427085075838,0.3314643991396659,0.9635644183716507,0.3193873009679209,0.05367579085515627,0.958980561191966,0.05147404003670036
367.9068736141907,0.9653633592647552,0.9528708218594111,0.9198665775355692,0.8757905559382595,0.9582196152662259,0.839199689564953,0.8757905559382595,0.9582196152662259,0.839199689564953,0.3244005826166128,0.9637099253499682,0.31262806125694215,0.054592065457103385,0.9589772494575414,0.05235254877425906
369.27716186252775,0.9644461920687435,0.9531806809931791,0.9192914781373633,0.8717944207628208,0.9584148397533088,0.8355407100732275,0.8717944207628208,0.9584148397533088,0.8355407100732275,0.3174674100200177,0.9638524861256007,0.3059917524116495,0.05546399477530368,0.9589706393085672,0.053188342528279996
370.64745011086484,0.9635031751706349,0.953485475421213,0.9186862830474211,0.8676793586903521,0.9586072825137016,0.8317637521273897,0.8676793586903521,0.9586072825137016,0.8317637521273897,0.3106620124207941,0.963992108641207,0.29947572842824216,0.056293278909803866,0.9589605584076101,0.053983034177940856
372.0177383592018,0.9625335387651388,0.9537852889903358,0.9180503294339984,0.863443296954092,0.9587970514654344,0.8278668872271769,0.863443296954092,0.9587970514654344,0.8278668872271769,0.3039814422185057,0.9641288026745284,0.29307726392140426,0.057081776108011274,0.9589468273412882,0.054738388097783156
373.3880266075388,0.9615364909612903,0.9540802043812389,0.9173829318163671,0.8590842723074567,0.9589842536434126,0.8238482896955606,0.8590842723074567,0.9589842536434126,0.8238482896955606,0.2974226948202331,0.9642625795805913,0.2867935749331689,0.057831504557938916,0.9589292601862693,0.05545632188120323
374.7583148558758,0.960511217329578,0.9543703031483466,0.9166833816602168,0.8546004456913753,0.95916899508445,0.8197062506925195,0.8546004456913753,0.95916899508445,0.8197062506925195,0.29098272817061765,0.9643934520476906,0.2806218377067167,0.05854464324592741,0.9589076655496809,0.05613890718539114
376.1286031042129,0.9594568804583032,0.9546556657591644,0.9159509469811324,0.8499901174622895,0.959351380700239,0.8154391927690057,0.8499901174622895,0.959351380700239,0.8154391927690057,0.28465848025780144,0.9645214338676809,0.27455920554084956,0.05922353118636195,0.9588818482101136,0.056788369041508045
377.4988913525499,0.9583726195213992,0.9549363716331157,0.9151848719582895,0.8452517431082828,0.9595315141384122,0.8110456848928228,0.8452517431082828,0.9595315141384122,0.8110456848928228,0.2784468847266031,0.9646465397208629,0.26860282384757167,0.05987066404973619,0.9588516115094222,0.057407082706228775
378.8691796008869,0.957257549860134,0.9552124991798782,0.9143843765607055,0.8403839493660533,0.9597094976319809,0.8065244578640751,0.8403839493660533,0.9597094976319809,0.8065244578640751,0.2723448847335315,0.9647687849755715,0.2627498435386813,0.060488686883893666,0.9588167606681135,0.05799756681508273
380.239467849224,0.9561107625813349,0.9554841258372125,0.9135486561885774,0.8353855506361586,0.9598854318376009,0.8018744200232811,0.8353855506361586,0.9598854318376009,0.8018744200232811,0.2663494451787771,0.9648881855024167,0.25699743286812565,0.061080381249811855,0.9587771072142072,0.05856247124223551
381.609756097561,0.9549313241750134,0.9557513281082963,0.912676881332483,0.8302555655781488,0.9600594156632869,0.7970946731401494,0.8302555655781488,0.9600594156632869,0.7970946731401494,0.2604575634486683,0.9650047575030273,0.2513427878556115,0.06164864470060881,0.9587324747208337,0.05910455769700009
382.9800443458981,0.9537182761545087,0.9560141815985486,0.9117681972534312,0.8249932337512927,0.9602315460863763,0.7921845283558031,0.8249932337512927,0.9602315460863763,0.7921845283558031,0.2546662787987378,0.9651185173530651,0.24578314141406016,0.06219646016513872,0.9586827060325385,0.059626670736760166
384.3503325942351,0.9524706347225101,0.9562727610519474,0.9108217236869955,0.8195980321508559,0.9604019179627439,0.7871435220361727,0.8195980321508559,0.9604019179627439,0.7871435220361727,0.24897268050288865,0.9652294814592344,0.24031577129931883,0.06272685253083857,0.9586276721124621,0.06013169662057948
385.7206208425721,0.9511873904666227,0.9565271403868288,0.9098365545750486,0.814069691474634,0.9605706238284616,0.7819714313796324,0.814069691474634,0.9605706238284616,0.7819714313796324,0.2433739148885895,0.9653376661299884,0.23493800699546943,0.06324282966790135,0.9585672825479894,0.06062250737540555
387.0909090909092,0.9498675080883949,0.9567773927311559,0.9088117578288547,0.8084082119401909,0.9607377536953086,0.7766682896082598,0.8084082119401909,0.9607377536953086,0.7766682896082598,0.23786719137179713,0.9654430874596414,0.2296472356433412,0.06374730545326,0.9585014975962548,0.06110188774467561
388.46119733924616,0.9485099261700399,0.9570235904572415,0.9077463751275847,0.8026138784603288,0.9609033948417368,0.7712344005596231,0.8026138784603288,0.9609033948417368,0.7712344005596231,0.23244978759869375,0.9655457612256085,0.22444090711371179,0.06424300322550112,0.9584303414213847,0.06157244351535216
389.8314855875832,0.9471135569834046,0.9572658052159079,0.9066394217566215,0.7966872749733193,0.9610676316011016,0.7656703524853435,0.7966872749733193,0.9610676316011016,0.7656703524853435,0.22711905379448838,0.9656457027985469,0.21931653832031972,0.06473233972106379,0.9583539158704593,0.062036491255138354
391.2017738359203,0.9456772863460353,0.9575041079700565,0.9054898864903043,0.7906292977157923,0.961230545149154,0.7599770308542437,0.7906292977157923,0.961230545149154,0.7599770308542437,0.22187241641266994,0.9657429270652156,0.21427171686140425,0.06521729204257766,0.9582724137711591,0.0624959318652595
392.57206208425725,0.9441999735295745,0.9577385690276247,0.9042967315241358,0.7844411672204166,0.9613922132929705,0.7541556299521575,0.7844411672204166,0.9613922132929705,0.7541556299521575,0.21670738117125404,0.965837448363948,0.20930410407207747,0.06569925358012722,0.9581861303549997,0.06295211355515397
393.94235033259423,0.9426804512260298,0.9579692580738939,0.9030588924617633,0.7781244388181764,0.9615527102636525,0.7482076630680011,0.7781244388181764,0.9615527102636525,0.7482076630680011,0.2116215355559404,0.9659292804327099,0.20441143756361463,0.06617888877732606,0.958095471094124,0.06340569361959784
395.31263858093126,0.9411175255778355,0.9581962442031152,0.9017752783624111,0.7716810114265104,0.9617121065152543,0.7421349710568113,0.7716810114265104,0.9617121065152543,0.7421349710568113,0.2066125508636002,0.9660184363698044,0.19959153331963175,0.06665600059056147,0.9580009540957024,0.06385651216196159
396.68292682926835,0.9395099762780055,0.9584195959494095,0.9004447718548053,0.7651131344100373,0.961870468532498,0.7359397290753507,0.7651131344100373,0.961870468532498,0.7359397290753507,0.20167818385334293,0.9661049286073914,0.19484228741330223,0.06712942746094142,0.9579032053461372,0.06430349373788678
398.05321507760533,0.9378565567470375,0.9586393813168966,0.899066229323975,0.7584234123129836,0.9620278586499094,0.7296244512974169,0.7584234123129836,0.9620278586499094,0.7296244512974169,0.19681627806643465,0.9661887688980954,0.1901616774041137,0.0675969874276615,0.9578029456299408,0.06474459367392427
399.42350332594236,0.93615599439361,0.9588556678090016,0.8976384811776849,0.7516148072725204,0.9621843348849829,0.7231919934252147,0.7516148072725204,0.9621843348849829,0.7231919934252147,0.19202476487068434,0.9662699683150948,0.1855477634673097,0.0680554846157131,0.9577009688795762,0.06517680355403753
400.79379157427945,0.9344069909665139,0.959068522456879,0.8961603321996328,0.7446906389492517,0.9623399507880145,0.7166455528387179,0.7446906389492517,0.9623399507880145,0.7166455528387179,0.1873016642794639,0.9663485372662065,0.18099868930398602,0.06850078728968159,0.9575981129357619,0.06559622464321312
402.16407982261643,0.9326082230056233,0.9592780118468954,0.8946305619969004,0.7376545818310563,0.9624947553111158,0.709988666243606,0.7376545818310563,0.9624947553111158,0.709988666243606,0.18264508559032208,0.9664244855226122,0.1765126828748605,0.06892797755331392,0.9574952249780174,0.06599820937469005
403.53436807095346,0.9307583424001061,0.959484202147097,0.8930479255495203,0.7305106597984924,0.962648792698809,0.703225204708629,0.7305106597984924,0.962648792698809,0.703225204708629,0.17805322788312927,0.9664978222630011,0.1720880569959423,0.06933156228469924,0.9573931249097739,0.06637756107062483
404.90465631929055,0.9288559770624158,0.9596871591325885,0.8914111538703546,0.7232632378738743,0.9628021024024113,0.6963593660153414,0.7232632378738743,0.9628021024024113,0.6963593660153414,0.17352438041278545,0.9665685561340382,0.16772320982963962,0.06970572546395072,0.9572925704611341,0.06672877310524351
406.27494456762753,0.9268997317270157,0.9598869482097452,0.8897189547838766,0.7159170111144199,0.9629547190201783,0.689395664279452,0.7159170111144199,0.9629547190201783,0.689395664279452,0.16905692292672042,0.9666366953282034,0.16341662530023982,0.07004459605904277,0.9571942275500765,0.06704628301879258
407.64523281596456,0.9248881888830419,0.9600836344391631,0.887970013832686,0.7084769906512925,0.9631066722648836,0.6823389168424053,0.7084769906512925,0.9631066722648836,0.6823389168424053,0.16464932593260398,0.9667022476801681,0.15916687345807284,0.07034250454692333,0.9570986485669813,0.06732471603867705
409.01552106430165,0.9228199098505117,0.9602772825572602,0.8861629953209852,0.7009484869201806,0.963257986960174,0.6751942284735131,0.7009484869201806,0.963257986960174,0.6751942284735131,0.1603001509368361,0.9667652207830058,0.1549726108119995,0.07059420497193679,0.9570062599531008,0.06755909607455582
410.38580931263857,0.9206934360098918,0.9604679569964233,0.884296543504438,0.6933370901742878,0.963408683066657,0.6679669729660785,0.6933370901742878,0.963408683066657,0.6679669729660785,0.1560080506693792,0.9668256221256308,0.1508325806450295,0.07079504682211529,0.9569173590631339,0.06774500923976948
411.7560975609756,0.9185072901951079,0.9606557219035956,0.8823692839360968,0.68564864841614,0.9635587757382678,0.6606627722544539,0.68564864841614,0.9635587757382678,0.6606627722544539,0.15177176930531133,0.9668834592529677,0.14674561332286282,0.07094108981502173,0.9568321191439871,0.06787871330209116
413.1263858093127,0.9162599782602847,0.9608406411571917,0.8803798249782865,0.6778892429292296,0.9637082754090197,0.6532874732216538,0.6778892429292296,0.9637082754090197,0.6532874732216538,0.1475901426879289,0.9669387399503793,0.14271062659976264,0.07102916284387487,0.9567506005191022,0.06795719420524637
414.49667405764967,0.9139499908305838,0.9610227783822197,0.878326759490412,0.6700651616330978,0.9638571879097865,0.6458471224079942,0.6700651616330978,0.9638571879097865,0.6458471224079942,0.14346209855237999,0.9669914724539554,0.1387266259205004,0.07105687440504102,0.9566727657868426,0.0679781765652389
415.8669623059867,0.9115758052476247,0.9612021969634865,0.8762086667027762,0.6621828705247542,0.9640055146143106,0.6383479388689971,0.6621828705247542,0.9640055146143106,0.6383479388689971,0.139386656742422,0.9670416656882065,0.13479270471090204,0.07102258524973945,0.9565984969493354,0.0679400982993568
417.2372505543238,0.9091358877199225,0.9613789600567555,0.8740241142864543,0.6542489835041437,0.9641532526131738,0.6307962854643828,0.6542489835041437,0.9641532526131738,0.6307962854643828,0.13536292940600347,0.967089329532644,0.13090804464282652,0.07092535496881397,0.9565276127492889,0.06784206047171554
418.60753880266077,0.9066286956886719,0.961553130597721,0.8717716606291709,0.6462702309108664,0.9643003949140353,0.6231986388885333,0.6462702309108664,0.9643003949140353,0.6231986388885333,0.1313901211478871,0.9671344751185682,0.12707191585212688,0.07076487336613656,0.9564598849645094,0.06768376263930305
419.9778270509978,0.9040526804190013,0.961724771308662,0.8694498573269469,0.6382534271223619,0.9644469306660453,0.6155615587752463,0.6382534271223619,0.9644469306660453,0.6155615587752463,0.12746752910938391,0.9671771151571398,0.12328367708022267,0.07054138556558584,0.9563950528808333,0.06746543217828571
421.3481152993349,0.9014062898264763,0.9618939447026287,0.8670572519009503,0.6302054375798668,0.9645928454059635,0.607891656225474,0.6302054375798668,0.9645928454059635,0.607891656225474,0.12359454293649305,0.967217264299448,0.11954277570137548,0.07025561749442692,0.956332835564873,0.0671877538928064
422.71840354767187,0.8986879715481718,0.9620607130850204,0.8645923907485646,0.6221331456170499,0.9647381213232182,0.6001955621154969,0.6221331456170499,0.9647381213232182,0.6001955621154969,0.119770644588358,0.9672549395287984,0.11584874758863742,0.06990870616063574,0.9562729418591518,0.06685180410179815
424.0886917960089,0.8958961762670236,0.9622251385524024,0.8620538223371043,0.6140434194669993,0.9648827375408706,0.5924798955442754,0.6140434194669993,0.9648827375408706,0.5924798955442754,0.11599540792802625,0.9672901605848012,0.11220121676180003,0.06950213725607152,0.9562150782229365,0.06645899161297569
425.458980044346,0.8930293612973802,0.9623872829884207,0.8594401006478705,0.6059430798164622,0.9650266704092609,0.5847512327728136,0.6059430798164622,0.9650266704092609,0.5847512327728136,0.11226849802724179,0.9673229504180124,0.10859989475071033,0.06903769117075015,0.9561589546573942,0.06601100662178447
426.82926829268297,0.8900859944387379,0.9625472080566623,0.856749788877345,0.5978388682618974,0.9651698938089934,0.5770160769952243,0.5978388682618974,0.9651698938089934,0.5770160769952243,0.1085896701066008,0.9673533356728665,0.10504457959723644,0.06851739748865496,0.9561042890044752,0.06550977761032746
428.19955654102,0.8870645581034929,0.9627049751903177,0.8539814634012334,0.5897374170007164,0.9653123794598465,0.5692808292614653,0.5897374170007164,0.9653123794598465,0.5692808292614653,0.10495876802229781,0.9673813471954182,0.10153515440938184,0.06794349738932358,0.9560508099158062,0.06495743570757527
429.569844789357,0.8839635537231887,0.9628606455785107,0.851133718005784,0.5816452200636661,0.965454097232221,0.5615517608460033,0.5816452200636661,0.965454097232221,0.5615517608460033,0.10137572220126582,0.9674070205609456,0.09807158537194068,0.06731841301892387,0.9559982587679973,0.06435628562911609
430.94013303769407,0.8807815064361654,0.9630142801491529,0.8482051683893103,0.573568606361584,0.9655950154578055,0.5538349873258257,0.573568606361584,0.9655950154578055,0.5538349873258257,0.09784054691850821,0.9674303966148048,0.09465391911038182,0.0666447227385355,0.955946390766965,0.06370878216556809
432.31042128603104,0.8775169700577132,0.9631659395482064,0.8451944569351326,0.5655137147827426,0.9657351012362775,0.5461364445962152,0.5655137147827426,0.9657351012362775,0.5461364445962152,0.09435333680447718,0.9674515220180384,0.09128227929897205,0.06592514113724506,0.9558949754448407,0.06301751116858452
433.6807095343681,0.8741685323317846,0.9633156841152322,0.8421002577552015,0.5574864715368215,0.9658743207350581,0.5384618670146117,0.5574864715368215,0.9658743207350581,0.5384618670146117,0.09091426246753102,0.967470449787173,0.08795686240153135,0.06516250276037677,0.9558437967141777,0.06228517404187662
435.05099778270517,0.8707348204610095,0.9634635738551263,0.8389212820014659,0.5494925698993895,0.9660126394793689,0.530816767822811,0.5494925698993895,0.9660126394793689,0.530816767822811,0.08752356511769997,0.9674872398154505,0.0846779324345314,0.06435974861074784,0.9557926526084687,0.06151457484588088
436.42128603104214,0.8672145069092005,0.963609668405958,0.8356562834396111,0.5415374524677474,0.9661500226301247,0.5232064219567742,0.5415374524677474,0.9661500226301247,0.5232064219567742,0.08418155008447671,0.9675019593604867,0.08144581464873415,0.0635199146076578,0.9557413548068182,0.06070860924433626
437.7915742793792,0.8636063154677096,0.9637540270028372,0.8323040642770877,0.5336262959962923,0.966286435247505,0.5156358513125873,0.5336262959962923,0.966286435247505,0.5156358513125873,0.08088857913424327,0.9675146834811691,0.07826088803830887,0.06264612131876346,0.9556897280142826,0.0598702546442788
439.16186252771627,0.8599090275739127,0.9638967084377701,0.8288634812344182,0.5257639988380932,0.9664218425383728,0.5081098124974529,0.5257639988380932,0.9664218425383728,0.5081098124974529,0.07764506151339014,0.967525495404606,0.07512357660646389,0.061741564404838266,0.9556376092477538,0.059002560999055854
440.53215077605324,0.8561214888667619,0.9640377710154772,0.8253334518455647,0.5179551709802291,0.9665562100860514,0.500632787057123,0.5179551709802291,0.9665562100860514,0.500632787057123,0.07445144367213796,0.9675344868023136,0.07203433934501335,0.06080950533306599,0.9555848470597519,0.058108641853477035
441.9024390243903,0.8522426159607521,0.9641772725051806,0.821712960969718,0.510204126624212,0.9666895040613138,0.49320897413639525,0.510204126624212,0.9666895040613138,0.49320897413639525,0.07130819766222511,0.9675417579537614,0.06899365892262359,0.05985326201978877,0.9555313007185824,0.05719166531001889
443.27272727272737,0.8482714034158741,0.9643152700883968,0.8180010674932421,0.5025148792302505,0.9668216914137768,0.4858422854979806,0.5025148792302505,0.9668216914137768,0.4858422854979806,0.06821580824906671,0.967547417775109,0.06600202912282647,0.05887619915972329,0.9554768393524055,0.05625484468621516
444.64301552106434,0.8442069308770638,0.9644518203028036,0.8141969111966273,0.49489113891563236,0.9669527400432127,0.47853634279757695,0.49489113891563236,0.9669527400432127,0.47853634279757695,0.06517475883528796,0.967551583691668,0.0630599411278054,0.057881718087683984,0.9554213410563849,0.05530142871798264
446.01330376940143,0.8400483703525325,0.9645869789822882,0.8102997197573437,0.4873363120733748,0.9670826189505993,0.4712944769896459,0.4873363120733748,0.9670826189505993,0.4712944769896459,0.06218551635631128,0.9675543813345344,0.06016786880609933,0.05687324610337988,0.9553646919557971,0.05433469124408176
447.3835920177384,0.8357949935960237,0.9647208011933232,0.8063088158553244,0.4798535030576949,0.9672112983690098,0.4641197297193507,0.4798535030576949,0.9672112983690098,0.4641197297193507,0.0592485153776285,0.9675559440450893,0.05732625322947133,0.055854225272457786,0.9553067852134822,0.05335792038562128
448.7538802660754,0.8314461795536593,0.9648533411678589,0.8022236243435997,0.4724455177677648,0.9673387498746986,0.4570148565413743,0.4724455177677648,0.9673387498746986,0.4570148565413743,0.05636414169420808,0.9675564121757881,0.05453548671301572,0.05482810079994593,0.9552475199670551,0.05237440731365206
450.1241685144124,0.8270014218316194,0.964984652232964,0.798043679442352,0.4651148689505255,0.967464946478954,0.44998233179578584,0.4651148689505255,0.967464946478954,0.44998233179578584,0.05353271580081325,0.9675559321818223,0.05179589673888044,0.053798309157386995,0.9551868001796985,0.05138743477912265
451.4944567627495,0.8224603361365285,0.9651147867374966,0.7937686319104554,0.457863783036792,0.9675898627014943,0.44302435496455633,0.457863783036792,0.9675898627014943,0.44302435496455633,0.050754476662776805,0.9675546555057163,0.04910773018282593,0.05276826623344095,0.9551245333879976,0.050400265663908914
452.8647450110865,0.8178226676361265,0.965243795976132,0.7893982561444213,0.4506942083221695,0.9677134746263231,0.4361428583294065,0.4506942083221695,0.9677134746263231,0.4361428583294065,0.04802956626432426,0.9675527372654749,0.04647113830872045,0.05174135587016627,0.9550606293310683,0.04941613189980376
454.2350332594235,0.8130882981837714,0.9653717301111252,0.7849324571507779,0.44360782430506246,0.9678357599411052,0.4293395157521104,0.44360782430506246,0.9678357599411052,0.4293395157521104,0.045358015440331155,0.9675503347660867,0.04388616302361774,0.05072091924363302,0.9549949984471219,0.04843822419430991
455.6053215077606,0.8082572533464688,0.9654986380922359,0.7803712773341869,0.43660605199783736,0.9679566979612031,0.422615752401704,0.43660605199783736,0.9679566979612031,0.422615752401704,0.04273973150241163,0.9675476058634864,0.0413527248904066,0.04971024564770468,0.954927550226593,0.04746968309752479
456.9756097560976,0.803329709172768,0.9656245675752908,0.7757149030403383,0.42969006503357693,0.9680762696395928,0.4159727552588992,0.42969006503357693,0.9680762696395928,0.4159727552588992,0.040174488147681604,0.967544707218855,0.03887061337251596,0.04871256534332149,0.954858191415067,0.04651359204291223
458.3458980044346,0.7983059986338367,0.9657495648399084,0.7709636707897163,0.4228608013993435,0.9681944575639112,0.4094114842358782,0.4228608013993435,0.9681944575639112,0.4094114842358782,0.03766191808663104,0.9675417924887058,0.036439479734101804,0.047731045242208635,0.9547868240646061,0.045572973096092415
459.7161862527717,0.7931866176687472,0.9658736747069544,0.7661180731360929,0.41611897563709754,0.9683112459419037,0.4029326837592266,0.41611897563709754,0.9683112459419037,0.4029326837592266,0.035201508745620384,0.9675390105018878,0.0340588329399111,0.04676878830362021,0.9547133434389469,0.04465078624993756
461.0864745011087,0.7879722307632174,0.9659969404563439,0.7611787640818282,0.40946509136483,0.9684266205765379,0.39653689467450565,0.40946509136483,0.9684266205765379,0.39653689467450565,0.03279260129281377,0.9675365034779048,0.03172803879479406,0.045828837635989425,0.9546376357868638,0.04374993321168099
462.4567627494457,0.7826636759902283,0.9661194037458384,0.7561465639812055,0.40289945398283733,0.9685405688320241,0.3902244663426492,0.40289945398283733,0.9685405688320241,0.3902244663426492,0.030434393109438473,0.9675344053413553,0.029446322439065593,0.04491418641262162,0.9545595760095097,0.042873266738844173
463.8270509977828,0.7772619694408233,0.9662411045315242,0.7510224638628489,0.39642218344287533,0.9686530795919424,0.3839955688105031,0.39642218344287533,0.9686530795919424,0.3839955688105031,0.02812594368904788,0.9675328401847199,0.027212774180339995,0.044027794831597133,0.9544790252628651,0.042023606695336245
465.1973392461198,0.7717683089740712,0.966362080990685,0.7458076291028454,0.3900332269710197,0.9687641432106291,0.37785020495025673,0.3900332269710197,0.9687641432106291,0.37785020495025673,0.02586618380529654,0.9675319209261832,0.025026358504168292,0.04317261547213601,0.9543958285571839,0.04120376411450994
466.56762749445676,0.7661840772188668,0.9664823694478086,0.7405034023836732,0.38373237164799895,0.9688737514589103,0.3717882224748215,0.38373237164799895,0.9688737514589103,0.3717882224748215,0.023653927653526384,0.9675317482010728,0.022885925974438084,0.04235162851492912,0.9543098124437663,0.040416574664770076
467.93791574279385,0.7605108437589931,0.9666020043044596,0.7351113058727186,0.3775192567634797,0.968981897465204,0.3658093257483301,0.3775192567634797,0.968981897465204,0.3658093257483301,0.02148788755265774,0.9675324095153497,0.020790227619217835,0.041567888384692234,0.9542207829184913,0.039664942998709485
469.3082039911309,0.7547503664428223,0.9667210179737812,0.7296330425636895,0.3713933858729763,0.9690885756529385,0.3599130873225648,0.3713933858729763,0.9690885756529385,0.3599130873225648,0.01936669069944175,0.9675339786781677,0.018737931306260343,0.04082458340537771,0.9541285237249777,0.03895189949626025
470.67849223946786,0.748904591760142,0.9668394408203644,0.724070496725179,0.3653541384976274,0.9691937816751571,0.3540989591411846,0.3653541384976274,0.9691937816751571,0.3540989591411846,0.01728889740274147,0.9675365155186183,0.01672763955020737,0.04012510997195845,0.9540327953122246,0.03828067082875794
472.04878048780495,0.7429756542368752,0.9669573011062153,0.7184257334085133,0.3594007814179296,0.9692975123471053,0.3483662833640049,0.3594007814179296,0.9692975123471053,0.3483662833640049,0.015253020194086073,0.967540065880258,0.014757908163458944,0.039473162438723716,0.9539333347962019,0.03765476548012389
473.419068736142,0.7369658748058898,0.9670746249435139,0.7127009969740745,0.3535324795225467,0.9693997655775134,0.3427143027731938,0.3535324795225467,0.9693997655775134,0.3427143027731938,0.013257543212276153,0.9675446618765842,0.012827265164635934,0.038872839250010026,0.9538298573948217,0.037078074718368895
474.78935698447896,0.7308777581209179,0.9671914362548352,0.7068987086036846,0.34774830618247826,0.9695005402992177,0.3371421707320505,0.34774830618247826,0.9695005402992177,0.3371421707320505,0.011300941291638956,0.9675503223818882,0.010934229389944063,0.038328764573991,0.953722059949822,0.03655498830483846
476.15964523281605,0.7247139887904313,0.9673077567414367,0.7010214627760107,0.3420472531291898,0.9695998363996859,0.3316489606750244,0.3420472531291898,0.9695998363996859,0.3316489606750244,0.009381698240776249,0.9675570537252691,0.009077328308785007,0.03784622254640159,0.9536096273078315,0.03609052217748327
477.5299334811531,0.7184774265190198,0.9674236058601705,0.6950720226921658,0.3364282398226936,0.9696976546519462,0.3262336751147485,0.3364282398226936,0.9696976546519462,0.3262336751147485,0.007498323875002398,0.9675648505512169,0.007255114619501317,0.03743129783146987,0.9534922424819057,0.035690452108336296
478.90022172949006,0.7121711001553604,0.967539000809497,0.6890533146497176,0.3308901223021787,0.9697939966463481,0.3208952541582288,0.3308901223021787,0.9697939966463481,0.3208952541582288,0.005649369454173333,0.9675736968080616,0.005466181287409033,0.03709101120980709,0.9533696016055998,0.03536144258024262
480.27050997782715,0.7057982006578636,0.9676539565250025,0.6829684213748093,0.32543170151747264,0.9698888647235283,0.31563258352982765,0.32543170151747264,0.9698888647235283,0.31563258352982765,0.0038334412713083377,0.9675835668255615,0.0037091747785088364,0.0368334321171804,0.9532414346416419,0.03511115367415657
481.6407982261642,0.6993620730016311,0.9677684856847301,0.6768205743341221,0.32005173114461727,0.9699822619088921,0.3104445021035125,0.32005173114461727,0.9699822619088921,0.3104445021035125,0.0020492122300861163,0.9675944264446524,0.0019828063324335427,0.03666774174803543,0.9531075324940024,0.03494830085959737
483.01108647450116,0.6928662070629346,0.9678825987245375,0.6706131450604866,0.31474892489302186,0.9700741918488716,0.30532980895089934,0.31474892489302186,0.9700741918488716,0.30532980895089934,0.0002954313358264564,0.9676062341655252,0.00028586120231352807,0.03660421166969253,0.9529677804423221,0.034882634349707835
484.38137472283813,0.6863142275300816,0.9679963038635917,0.6643496355381151,0.3095219633152056,0.9701646587491729,0.30028726991507043,0.3095219633152056,0.9701646587491729,0.30028726991507043,0.0014290688988604324,0.9676189422843279,0.0013827941363667607,0.03665405645865078,0.9528221965282258,0.03492479858660124
485.7516629711752,0.6797098829018084,0.9681096071400033,0.6580336677052474,0.30436950013304964,0.9702536673151853,0.2953156237229812,0.30436950013304964,0.9702536673151853,0.2953156237229812,0.0031253670683272293,0.9676324979935081,0.003024206743472124,0.03682911899380528,0.952670971632427,0.03508603257619475
487.1219512195122,0.6730570336461444,0.9682225124564878,0.6516689721433808,0.29929016809681797,0.9703412226946814,0.29041358765156305,0.29929016809681797,0.9703412226946814,0.29041358765156305,0.004794449391803809,0.9676468444257448,0.004639333824737887,0.037141359297783706,0.95251450569159,0.035377683492242185
488.49223946784923,0.6663596396036627,0.9683350216358395,0.645259376032863,0.29428258439504573,0.9704273304229102,0.285579862764439,0.29428258439504573,0.9704273304229102,0.285579862764439,0.006437207981366342,0.9676619216262887,0.006229041045157037,0.03760214703895988,0.9523534324038735,0.03581053379830859
489.8625277161863,0.6596217467290563,0.9684471344858812,0.6388087904643261,0.289345355634776,0.9705119963701488,0.28081313873753716,0.289345355634776,0.9705119963701488,0.28081313873753716,0.008054440681559997,0.9676776674430941,0.007794102371290744,0.038221404318918004,0.9521886238592729,0.0363939863803994
491.2328159645233,0.6528474732737296,0.9685588488734557,0.6323211972039476,0.2844770824126059,0.9705952266917631,0.2761120982928746,0.2844770824126059,0.9705952266917631,0.2761120982928746,0.009646852288637155,0.9676940183282229,0.009335201255410102,0.039006700717448564,0.9520211679396177,0.03713520477449651
492.60310421286033,0.6460409955194697,0.9686701608069187,0.6258006350177066,0.2796763634976457,0.9706770277807932,0.27147542126043545,0.2796763634976457,0.9706770277807932,0.27147542126043545,0.011215056953151288,0.9677109100475466,0.010852932970369098,0.039962448090592614,0.9518523157061005,0.03803834875631541
493.9733924611974,0.6392065331790451,0.9687810645264998,0.6192511856654888,0.27494179964784127,0.9707574062230739,0.26690178828844247,0.27494179964784127,0.9707574062230739,0.26690178828844247,0.012759581572901094,0.9677282782987234,0.012347807907355693,0.04108935483971088,0.9516834027424189,0.03910405703034673
495.3436807095344,0.6323483345836758,0.9688915526018104,0.6126769596799467,0.27027199708117994,0.9708363687548757,0.2623898842224211,0.27027199708117994,0.9708363687548757,0.2623898842224211,0.01428086999218759,0.967746059239768,0.013820255657454997,0.04238426251087576,0.9515157554713947,0.040329293563133854
496.71396895787143,0.6254706617796165,0.9690016160357072,0.6060820820473717,0.26566557062318014,0.9709139222230488,0.2579384011733762,0.26566557062318014,0.9709139222230488,0.2579384011733762,0.015779287836226265,0.9677641899323317,0.015270629710534606,0.0438404063803814,0.9513505979795676,0.041707596825643095
498.0842572062085,0.6185777756565779,0.969111244373652,0.599470677908432,0.2611211465517572,0.9709900735476344,0.25354604129513336,0.2611211465517572,0.9709900735476344,0.25354604129513336,0.01725512782499761,0.9677826087050889,0.016699212620015953,0.0454480436356409,0.9511889748121753,0.04322967803300428
499.4545454545455,0.6116739212293647,0.969220425817661,0.5928468583954832,0.25663736516009134,0.9710648296869085,0.24921151929048105,0.25663736516009134,0.9710648296869085,0.24921151929048105,0.018708615427493372,0.9678012554434754,0.01810622149833726,0.047195314982853814,0.9510317005510877,0.04488424066618769
500.82483370288253,0.6047633131909411,0.9693291473439014,0.5862147067202478,0.25221288305757295,0.9711381976048138,0.24493356466524507,0.25221288305757295,0.9711381976048138,0.24493356466524507,0.020139914734355013,0.9678200718124946,0.019491813724500987,0.049069174332484325,0.9508793398410744,0.04665886409581929
502.1951219512196,0.5978501218503172,0.9694373948229674,0.5795782646211651,0.24784637522821487,0.9712101842407365,0.24071092374879327,0.24784637522821487,0.9712101842407365,0.24071092374879327,0.021549134443514875,0.9678390014194957,0.020856092761265897,0.05105623954576856,0.950732214743219,0.04854081169980887
503.56541019955654,0.5909384595621867,0.9695451531418654,0.5729415192736383,0.24353653686520105,0.9712807964815804,0.23654236149879823,0.24353653686520105,0.9712807964815804,0.23654236149879823,0.02293633386921361,0.9678579899237663,0.022199113994877485,0.0531434675985452,0.9505904319565263,0.05051767182016874
504.93569844789357,0.5840323677474087,0.969652406326737,0.5663083907589767,0.23928208499946116,0.9713500411360956,0.23242666310735732,0.23928208499946116,0.9713500411360956,0.23242666310735732,0.024301528899283227,0.9678769850995574,0.023520890524348016,0.05531861551488966,0.9504539211323793,0.05257779502774135
506.30598669623066,0.5771358045942999,0.9697591376653765,0.5596827201791815,0.23508175993933578,0.9714179249114167,0.22836263542479335,0.23508175993933578,0.9714179249114167,0.22836263542479335,0.02564469783875513,0.9678959368588073,0.024821398840102926,0.057570495362448924,0.950322476535181,0.054710535728199616
507.67627494456764,0.5702526335205893,0.9698653298286256,0.5530682584950887,0.2309343265375614,0.9714844543917749,0.22434910821667484,0.2309343265375614,0.9714844543917749,0.22434910821667484,0.02696578708955108,0.967914797239391,0.026100584343183422,0.0598890596594895,0.950195796507295,0.056906332745221534
509.04656319290467,0.5633866124649113,0.9699709649897724,0.5464686561549089,0.22683857530096935,0.9715496360193503,0.22038493526880476,0.22683857530096935,0.9715496360193503,0.22038493526880476,0.028264716626309545,0.9679335203642444,0.027358366666201585,0.06226536388714484,0.9500735175585104,0.059156673290320344
510.41685144124176,0.5565413840652134,0.9700760249411432,0.5398874535692243,0.22279332335744015,0.9716134760772326,0.2164689953541213,0.22279332335744015,0.9716134760772326,0.2164689953541213,0.029541385237345626,0.9679520623762041,0.028594644765938648,0.06469145096054445,0.9499552418258006,0.06145398294128592
511.78713968957874,0.5497204667695672,0.9701804912071272,0.53332807247711,0.21879741529382316,0.9716759806744767,0.21260019307466635,0.21879741529382316,0.9716759806744767,0.21260019307466635,0.030795675507438544,0.967970381352895,0.029809301764955297,0.06716019447582679,0.9498405579431832,0.06379147659249201
513.1574279379158,0.5429272469129164,0.9702843451529569,0.5267938082365968,0.21484972387771228,0.9717371557332329,0.2087774595909986,0.21484972387771228,0.9717371557332329,0.2087774595909986,0.03202745852575152,0.9679884372055086,0.031002209526006456,0.06966512778289764,0.9497290560768976,0.06616299605072784
514.5277161862527,0.5361649717814191,0.9703875680886346,0.5202878230612826,0.21094915067516712,0.9717970069779572,0.20499975325066952,0.21094915067516712,0.9717970069779572,0.20499975325066952,0.03323659830780488,0.96800619156484,0.03217323294850861,0.07220027699349012,0.9496203381712405,0.06856285145461533
515.8980044345899,0.5294367436745235,0.9704901413674796,0.5138131402138264,0.20709462657569974,0.9718555399266968,0.20126606012664433,0.20709462657569974,0.9718555399266968,0.20126606012664433,0.034422955925212564,0.9680236076575155,0.03332223398095992,0.0747600089720737,0.9495140244757323,0.07098567698891556
517.2682926829268,0.5227455149638462,0.9705920464788536,0.5073726391564017,0.20328511223507412,0.9719127598844773,0.19757539447581662,0.20328511223507412,0.9719127598844773,0.19757539447581662,0.03558639334095615,0.9680406501749329,0.034449075347160095,0.07733890030693161,0.9494097573111838,0.07342630657111777
518.638580931264,0.5160940841376025,0.970693265134705,0.5009690516482346,0.1995195984457656,0.9719686719388104,0.19392679912709554,0.1995195984457656,0.9719686719388104,0.19392679912709554,0.036726776951416906,0.9680572851370702,0.03555362398742337,0.07993162991678679,0.9493072028648378,0.07587967201673226
520.0088691796009,0.5094850928097379,0.9707937793496537,0.4946049587710745,0.1957971064442021,0.9720232809573672,0.19031934580785217,0.1957971064442021,0.9720232809573672,0.19031934580785217,0.037843980839338064,0.9680734797529816,0.036635754218843165,0.08253289587785372,0.9492060516316956,0.07834072422594737
521.3791574279379,0.5029210236642777,0.9708935715144237,0.48828278885510057,0.1921166881632446,0.9720765915878615,0.18675213541687485,0.1921166881632446,0.9720765915878615,0.18675213541687485,0.038937889744389484,0.9680892022795075,0.03769535062109343,0.0851373558425646,0.9491060179643732,0.08080437678375235
522.749445676275,0.496404199297754,0.9709926244625042,0.48200481627033415,0.18847742643771354,0.9721286082602121,0.18322429825136097,0.18847742643771354,0.9721286082602121,0.18322429825136097,0.04000840176014984,0.9681044218794531,0.03873231065633075,0.08773958973354,0.9490068390662312,0.08326547071399475
524.119733924612,0.48993678191595336,0.9710909215299963,0.47577316104220396,0.18487843517012503,0.9721793351910559,0.1797349941948549,0.18487843517012503,0.9721793351910559,0.1797349941948549,0.041055430768159436,0.9681191084802729,0.03974654703354408,0.09033408299530324,0.9489082736627448,0.08571875874798031
525.490022172949,0.48352077383569797,0.9711884466086687,0.4695897892445129,0.18131885946320572,0.9722287763907025,0.17628341287247024,0.18131885946320572,0.9722287763907025,0.17628341287247024,0.0420789086212597,0.9681332326340828,0.04073798982921433,0.0929152284263003,0.9488101005110086,0.08815890722216131
526.860310421286,0.4771580187378879,0.9712851841923119,0.46345651411866806,0.17779787572514544,0.972276935672634,0.1728687737791482,0.17779787572514544,0.972276935672634,0.1728687737791482,0.04307878708991895,0.9681467653796642,0.041706588377584265,0.09547734439155965,0.9487121168525285,0.09058051350917445
528.2305986696231,0.47085020361464447,0.9713811194165327,0.4573749978646957,0.1743146917529624,0.9723238166656649,0.1694903263861393,0.1743146917529624,0.9723238166656649,0.1694903263861393,0.04405503958545156,0.9681596781069768,0.0426523129440409,0.09801470701361997,0.948614136875531,0.09297813669483317
529.6008869179601,0.46459886135096984,0.9714762380921859,0.45134675404715324,0.1708685467987964,0.9723694228288937,0.16614735023035748,0.1708685467987964,0.9723694228288937,0.16614735023035748,0.045007662677271264,0.9681719424245687,0.04357515619824349,0.10052159373641349,0.9485159902260621,0.09534633902199617
530.9711751662971,0.45840537387990415,0.9715705267326773,0.44537315055758836,0.1674587116233579,0.9724137574695891,0.16283915499068582,0.1674587116233579,0.9724137574695891,0.16283915499068582,0.045936677419018,0.968183530030193,0.044475134501403106,0.10299233547971588,0.9484175205888808,0.09767973545533036
532.3414634146342,0.45227097584960535,0.9716639725754154,0.4394554130745873,0.1640844885401859,0.9724568237641674,0.1595650805547571,0.1640844885401859,0.9724568237641674,0.1595650805547571,0.04684213050126555,0.9681944125848607,0.045352289024896186,0.10542137447790395,0.9483185843470231,0.09997304860480327
533.7117516629712,0.4461967587410193,0.9717565635977121,0.4335946289626103,0.16074521145380838,0.9724986247824315,0.1563244970791898,0.16074521145380838,0.9724986247824315,0.1563244970791898,0.047724095248036544,0.9682045615905084,0.04620668671692889,0.10780332485830406,0.9482190493209194,0.10222116621077532
535.0820399113082,0.44018367537578984,0.9718482885274637,0.42779175155169,0.15744024589428116,0.9725391635152527,0.1531168050456599,0.15744024589428116,0.9725391635152527,0.1531168050456599,0.04858267247475591,0.9682139482714375,0.047038421134361505,0.11013303308818287,0.9481187935825679,0.10441919846515697
536.4523281596453,0.43423254475566353,0.9719391368489536,0.42204760474154424,0.15416898904999324,0.9725784429058847,0.14994143531461682,0.15416898904999324,0.9725784429058847,0.14994143531461682,0.04941799122535634,0.9682225434596757,0.04784761315688245,0.11240563562113194,0.948017704336352,0.10656253263601398
537.8226164079823,0.4283440571767702,0.9720290988041341,0.41636288787564246,0.1509308697999968,0.9726164658851177,0.14679784917783972,0.1509308697999968,0.9726164658851177,0.14679784917783972,0.05023020940617145,0.9682303174844293,0.04863441160064675,0.11461661140438784,0.9479156768548123,0.10864688277819529
539.1929046563193,0.42251877956479367,0.9721181653897526,0.41073818083324454,0.1477253487464235,0.9726532354104692,0.14368553841034873,0.1477253487464235,0.9726532354104692,0.14368553841034873,0.05101951433397592,0.968237240065836,0.049398993748228204,0.11676182735388378,0.9478126134544543,0.11066833273600238
540.5631929046563,0.4167571609799647,0.972206328350683,0.40517394929018596,0.14455191824690813,0.9726887545096329,0.14060402532156335,0.14455191824690813,0.9726887545096329,0.14060402532156335,0.051786123215065136,0.9682432802132998,0.05014156581128478,0.1188375754347195,0.9477084224931426,0.11262337114814784
541.9334811529934,0.4110595382440651,0.9722935801698289,0.39967055010227875,0.14141010244616023,0.9727230263283962,0.13755286280483753,0.14141010244616023,0.9727230263283962,0.13755286280483753,0.05253028357157829,0.9682484061287849,0.05086236334167377,0.1208406005619879,0.9476030173666019,0.11450891771293202
543.3037694013303,0.40542614164506835,0.9723799140549503,0.39422823676846164,0.13829945730505525,0.9727560541832354,0.13453163438374838,0.13829945730505525,0.9727560541832354,0.13453163438374838,0.05325227363034413,0.96825258511557,0.0515616516058624,0.122768119115959,0.9474963154770056,0.11632234052041329
544.6740576496675,0.3998571006785854,0.9724653239227643,0.3888471649342179,0.13521957062479603,0.9727878416187925,0.1315399542527152,0.13521957062479603,0.9727878416187925,0.1315399542527152,0.05395240268831171,0.9682557834931266,0.05223972593630792,0.12461782840272197,0.9473882371416543,0.11806146476687594
546.0443458980044,0.3943524497889325,0.9725498043806534,0.38352739789925777,0.1321700620627771,0.9728183924704241,0.128577467308627,0.1321700620627771,0.9728183924704241,0.128577467308627,0.054631011467118205,0.9682579665189874,0.05289691207202736,0.12638790784875079,0.9472787044045281,0.11972457359936353
547.4146341463415,0.3889121340762485,0.9726333507063,0.3782689120969193,0.12915058313587102,0.9728477109319895,0.12564384916926374,0.12915058313587102,0.9728477109319895,0.12564384916926374,0.05528847246744469,0.968259098318707,0.05353356649874666,0.1280770130680842,0.94716763970828,0.12131040216858384
548.7849223946785,0.38353601493968836,0.9727159588255538,0.3730716025161909,0.12616081720582872,0.9728758016290238,0.12273880617329336,0.12616081720582872,0.9728758016290238,0.12273880617329336,0.05592519033148782,0.9682591418253089,0.054150076796783464,0.12968426416912207,0.9470549643793175,0.1228181261832459
550.1552106430156,0.37822387563021553,0.9727976252888195,0.3679352880406075,0.12320047944042949,0.9729026696973977,0.1198620753555932,0.12320047944042949,0.9729026696973977,0.1198620753555932,0.05654160221904329,0.968258058729955,0.05474686200209217,0.13120922977284735,0.9469405968743622,0.1242473463565254
551.5254988913525,0.37297542668987815,0.9728783472462317,0.3628597166815067,0.12026931674290016,0.9729283208675258,0.11701342439055445,0.12026931674290016,0.9729283208675258,0.11701342439055445,0.05713817819924624,0.9682558094459736,0.05532437298257945,0.13265190820582037,0.9468244507336859,0.1255980701257512
552.8957871396898,0.36779031125771844,0.9729581224218696,0.35784457068626474,0.11736710764095461,0.97295276155412,0.11419265149488644,0.11736710764095461,0.97295276155412,0.11419265149488644,0.057715421655884044,0.9682523530888494,0.05588309282782486,0.13401270722907221,0.9467064321846532,0.12687069192824144
554.2660753880266,0.3626681102254711,0.9730369490872406,0.3528894715050275,0.11449366212560502,0.9729759989514194,0.11139958528026683,0.11449366212560502,0.9729759989514194,0.11139958528026683,0.05827386969919064,0.9682476474753088,0.05642353724552402,0.135292423493328,0.9465864373400555,0.1280659731536514
555.6363636363637,0.3576083472291081,0.973114826034248,0.3479939846022485,0.111648821428662,0.9729980411337382,0.10863408454497867,0.111648821428662,0.9729980411337382,0.10863408454497867,0.058814093571085094,0.9682416491452507,0.056946254952250516,0.13649222269914743,0.9464643489402309,0.12918502269235357
557.0066518847007,0.3526104934649445,0.9731917525478324,0.34315762410190537,0.10883245772661652,0.9730188971610735,0.10589603799248157,0.10883245772661652,0.9730188971610735,0.10589603799248157,0.059336699023717986,0.9682343134109489,0.057451828039301704,0.13761362121308637,0.9463400325981314,0.13022927878473906
558.3769401330378,0.3476739723214684,0.973267728378466,0.3383798572576332,0.10604447375739606,0.9730385771893963,0.10318536386369495,0.10604447375739606,0.9730385771893963,0.10318536386369495,0.059842326642808266,0.968225594438722,0.05794087228632921,0.13865846966788242,0.9462133325255728,0.13120049266734307
559.7472283813747,0.34279816382032624,0.9733427537146535,0.3336601087412033,0.10328480233531846,0.9730570925851179,0.10050200946863358,0.10328480233531846,0.9730570925851179,0.10050200946863358,0.06033165207742194,0.9682154453690828,0.058414037385993635,0.1396289388669304,0.9460840667521472,0.13210071431951245
561.1175166297118,0.3379824088619259,0.9734168291555836,0.3289977647447419,0.10055340574853648,0.9730744560430622,0.09784595060203446,0.10055340574853648,0.9730744560430622,0.09784595060203446,0.060805386126400504,0.968203818482276,0.05887200703187018,0.14052750811897977,0.945952021904006,0.1329322804382805
562.4878048780489,0.33322601327297624,0.9734899556840524,0.3243921768938831,0.09785027502233849,0.9730906817071164,0.09521719082671619,0.09785027502233849,0.9730906817071164,0.09521719082671619,0.06126427461850395,0.9681906654170226,0.05931549880918055,0.1413569559289227,0.9458169477007614,0.1336978045929647
563.8580931263858,0.32852825165490307,0.9735621346397695,0.31984266597061883,0.09517542903097222,0.9731057852925331,0.09261576060773798,0.09517542903097222,0.9731057852925331,0.09261576060773798,0.0617090980084246,0.9681759374512061,0.05974526381357484,0.14212035272296683,0.9456785514742052,0.1344001692980584
565.2283813747229,0.32388837103355483,0.9736333676931405,0.3153485254460454,0.09252891344021659,0.9731197842086584,0.09004171628000521,0.09252891344021659,0.9731197842086584,0.09004171628000521,0.062140670594184086,0.9681595858540969,0.06016208590716112,0.14282105492054245,0.9455364932395183,0.13504251943033835
566.59866962306,0.31930559431188005,0.9737036568196085,0.310909024824436,0.08991079946281692,0.9731326976806484,0.08749513883187482,0.08991079946281692,0.9731326976806484,0.08749513883187482,0.06255983924331145,0.9681415623204331,0.06056678050353469,0.1434626990743619,0.9453903821939125,0.13562825590848127
567.9689578713969,0.31477912352835646,0.9737730042746231,0.30652341280114037,0.0873211824092206,0.9731445468684978,0.08497613248764242,0.0873211824092206,0.9731445468684978,0.08497613248764242,0.06296748149595975,0.9681218194971839,0.06096019275502381,0.14404919383859754,0.9452397760206797,0.13616102771995542
569.339246119734,0.310308142924911,0.9738414125692938,0.3021909202377496,0.08476018001685322,0.9731553549814859,0.08248482307259544,0.08476018001685322,0.9731553549814859,0.08248482307259544,0.06336450289352705,0.9681003116139391,0.06134319499648588,0.1445847060191571,0.9450841850737245,0.13664471906223913
570.7095343680711,0.3058918218288573,0.9739088844467778,0.297910762958735,0.08222793054257445,0.9731651473859046,0.0800213561457024,0.08222793054257445,0.9731651473859046,0.0800213561457024,0.06375183336252235,0.9680769952274797,0.061716683281833634,0.14507363475187846,0.9449230844076715,0.13708342641597696
572.079822616408,0.30152931735405225,0.9739754228594373,0.2936821443744305,0.07972459060502717,0.9731739517037159,0.07758589488705522,0.07972459060502717,0.9731739517037159,0.07758589488705522,0.06413042246690287,0.9680518300899376,0.06208157283352617,0.14552056492163065,0.944755937600732,0.13748141775272335
573.450110864745,0.2972197769270189,0.9740410309467993,0.28950425793577117,0.0772503327663798,0.9731817978995793,0.07517861772992628,0.0772503327663798,0.9731817978995793,0.07517861772992628,0.06450123333018039,0.9680247801478343,0.062438792213712034,0.1459301876373427,0.9445822370813578,0.13784306309618347
574.8203991130822,0.29296234064420273,0.9741057120143374,0.285376289426608,0.07480534284660852,0.9731887183535173,0.0727997157308864,0.07480534284660852,0.9731887183535173,0.0727997157308864,0.06486523502406209,0.9679958146759269,0.06278927602126246,0.14630717307193136,0.9444015655456908,0.13817272329969632
576.1906873614191,0.2887561434668628,0.9741694695130936,0.28129741909976047,0.07238981696790767,0.9731947479163445,0.07044938967579321,0.07238981696790767,0.9731947479163445,0.07044938967579321,0.06522339322680391,0.9679649095448981,0.06313395592499457,0.1466559817180968,0.9442136809022158,0.13847458432437224
577.5609756097562,0.2846003172603671,0.9742323070201476,0.2772668236632334,0.07000395833218867,0.9731999239449124,0.06812784692472883,0.07000395833218867,0.9731999239449124,0.06812784692472883,0.06557665897604008,0.967932048615257,0.06347374986402254,0.14698060802186422,0.9440186215532202,0.13875243097985446
578.9312638580933,0.2804939926847668,0.9742942282199427,0.27328367812313514,0.06764797374082236,0.9732042863141955,0.06583529800503847,0.06764797374082236,0.9732042863141955,0.06583529800503847,0.06592595538217251,0.9678972252411729,0.06380954928577814,0.14728426966646332,0.9438168187848894,0.1390093708536572
580.3015521064302,0.2764363009436903,0.9743552368864613,0.2693471574900065,0.06532206987279354,0.9732078774033205,0.06357195296849279,0.06532206987279354,0.9732078774033205,0.06357195296849279,0.06627216223417354,0.9678604438572711,0.06414220435534827,0.147569087320962,0.9436091899432891,0.13924754694760344
581.6718403547673,0.27242637539855513,0.9744153368662563,0.2654564383552363,0.06302644934514899,0.9732107420527836,0.06133801753614462,0.06302644934514899,0.9732107420527836,0.06133801753614462,0.06661609852397118,0.9678217216088101,0.0644725071603319,0.14783583491620164,0.9433971755890199,0.13946790911078924
583.0421286031043,0.26846335305514385,0.9744745320623225,0.2616107003442934,0.060761306587879815,0.9732129274903759,0.05913368906253078,0.060761306587879815,0.9732129274903759,0.05913368906253078,0.06695850304104065,0.9677810899715522,0.06480117305592181,0.1480838582805421,0.943182685605702,0.13967013114789587
584.4124168514413,0.2645463759294604,0.9745328264188082,0.25780912745338963,0.05852682357395434,0.9732144832236984,0.056959152359250545,0.05852682357395434,0.9732144832236984,0.056959152359250545,0.06730001334554483,0.9677385962928089,0.06512882044550486,0.14831123492399043,0.9429679410729153,0.1398527398342567
585.7827050997782,0.26067459229973,0.9745902239065493,0.2540509092761423,0.05632316545385103,0.9732154608976423,0.054814575426383794,0.05632316545385103,0.9732154608976423,0.054814575426383794,0.06764114361240686,0.9676943051708238,0.06545594946896796,0.14851517337015913,0.9427552366772421,0.14001345742074603
587.1529933481153,0.2568471578512353,0.9746467285094168,0.25033524212664826,0.054150476152300835,0.9732159141158213,0.05270010514836844,0.054150476152300835,0.9732159141158213,0.05270010514836844,0.06798226204109524,0.9676482995774953,0.06578292026549752,0.14869255793311117,0.9425466832157354,0.14014967729871752
588.5232815964524,0.25306323672053616,0.9747023442114657,0.24666133006524765,0.05200887399265692,0.9732158982256486,0.050615863018468175,0.05200887399265692,0.9732158982256486,0.050615863018468175,0.0683235687315684,0.9676006816215076,0.06610993167547952,0.14884048923731713,0.9423439987188407,0.14025894179916198
589.8935698447893,0.2493220024454223,0.9747570749848687,0.24302838583307013,0.049898447420972165,0.9732154700675789,0.048561940962443796,0.049898447420972165,0.9732154700675789,0.048561940962443796,0.06866507511440649,0.9675515728474774,0.06643700142663418,0.1489566862656191,0.9421483937224795,0.14033930269937633
591.2638580931264,0.24562263882676158,0.9748109247786232,0.2394356317012812,0.04781925090704626,0.973214687689921,0.046538397337066995,0.04781925090704626,0.973214687689921,0.046538397337066995,0.06900658616621987,0.9675011139739269,0.06676394898735549,0.14903968613219273,0.9419605573382227,0.14038950581459406
592.6341463414635,0.24196434070817774,0.9748638975080154,0.2358823002407315,0.04577130110303317,0.9732136100315771,0.044545253182325224,0.04577130110303317,0.9732136100315771,0.044545253182325224,0.06934768671077456,0.96744946399041,0.06709038233731372,0.14908885515005174,0.9417807192361939,0.14040900923331645
594.0044345898004,0.23834631467927822,0.9749159970448311,0.2323676350175096,0.043754573341285644,0.9732122965760346,0.04258248880717714,0.043754573341285644,0.9732122965760346,0.04258248880717714,0.06968773307443721,0.9673967985627075,0.06741568987530307,0.14910427113433014,0.9416087506665868,0.14039788646184861
595.3747228381375,0.2347677797079115,0.9749672272082979,0.22889089121967096,0.041768998551641366,0.9732108069808829,0.04065004078722623,0.041768998551641366,0.9732108069808829,0.04065004078722623,0.07002585121093913,0.9673433077339051,0.06773903853727214,0.14908654507842614,0.9414442724816158,0.14035667396815651
596.7450110864745,0.23122796770671533,0.9750175917567476,0.2254513362202086,0.039814460674179056,0.973209200688024,0.038747799448542564,0.039814460674179056,0.973209200688024,0.038747799448542564,0.07036094212733948,0.9672891929560232,0.06805937892597966,0.14903663461287137,0.9412867502838919,0.1402862094679975
598.1152993348115,0.22772612403896292,0.9750670943799901,0.22204825008108878,0.037890794636455186,0.9732075365205313,0.03687560690494991,0.037890794636455186,0.9732075365205313,0.03687560690494991,0.07069169504021537,0.9672346635375293,0.06837545786712035,0.14895567937557053,0.9411355684689199,0.14018748798580175
599.4855875831486,0.22426150796849165,0.9751157386923872,0.2186809260029644,0.03599778495443424,0.9732058722727699,0.035033255706467765,0.03599778495443424,0.9732058722727699,0.035033255706467765,0.07101660819797617,0.9671799326410793,0.06868583833331651,0.14884487005027536,0.940990082685666,0.14006154657594583
600.8558758314856,0.22083339305826302,0.9751635282266218,0.21534867072495215,0.03413516500400416,0.9732042643008529,0.03322048814451009,0.03413516500400416,0.9732042643008529,0.03322048814451009,0.07133401676940725,0.9671252130071497,0.06898892616276857,0.1487053514474205,0.9408496540547027,0.13990937846538856
602.2261640798226,0.2174410675218718,0.975210466428154,0.21205080487864034,0.03230261699542069,0.9732027671207714,0.03143699624518587,0.03230261699542069,0.9732027671207714,0.03143699624518587,0.07164212667982242,0.9670707126071543,0.06928300250094789,0.14853815461483563,0.9407136696054328,0.13973187250414118
603.5964523281597,0.21408383453208993,0.9752565566503625,0.20878666330027199,0.030499772666768867,0.9732014330215686,0.02968242246613153,0.030499772666768867,0.9732014330215686,0.02968242246613153,0.07193905283713872,0.9670166304400516,0.06956626047161872,0.14834415142951146,0.9405815531050711,0.13952977234562375
604.9667405764967,0.210761012490326,0.9753018021503712,0.20555559530485185,0.028726214695210913,0.973200311700711,0.027956361095360805,0.028726214695210913,0.973200311700711,0.027956361095360805,0.07222285988513535,0.9669631526774656,0.06983684428991334,0.14812402557631077,0.9404527696284292,0.13930365010175375
606.3370288248337,0.2074719352606475,0.975346206085559,0.20235696492570124,0.02698147880704296,0.9731994499283585,0.02625836033326787,0.02698147880704296,0.9731994499283585,0.02625836033326787,0.07249160348631416,0.966910449334937,0.07009288889996211,0.14787825506386182,0.9403268263285429,0.13905389026720397
607.7073170731708,0.20421595237181614,0.975389771510758,0.1991901511227976,0.0252650565501928,0.9731988912465611,0.0245879250219293,0.0252650565501928,0.9731988912465611,0.0245879250219293,0.07274337018367821,0.966858671604639,0.07033255826383562,0.14760710282204467,0.9402032711102316,0.1387806809123907
609.0776053215078,0.20099242919057855,0.9754325013761481,0.19605454796303437,0.023576398676480263,0.9731986757085307,0.022944519969926948,0.023576398676480263,0.9731986757085307,0.022944519969926948,0.07297631410499447,0.966807949933229,0.07055408063353309,0.14731061318894692,0.9400816903311457,0.1384840102503828
610.4478935698448,0.1978007470692587,0.9754743985258526,0.19294956477534944,0.021914919066378876,0.9731988396621022,0.0213275738066888,0.021914919066378876,0.9731988396621022,0.0213275738066888,0.0731886891183491,0.9667583928738761,0.07075577946860091,0.14698861313796557,0.9399617062422099,0.13816366760333823
611.8181818181819,0.1946403034705082,0.9755154656972521,0.18987462628348728,0.02027999911680367,0.9731994155803454,0.019736483288443255,0.02027999911680367,0.9731994155803454,0.019736483288443255,0.07337887547359472,0.9667100866900697,0.07093609907029857,0.14664071791092803,0.9398429745952656,0.13781924851819183
613.1884700665189,0.19151051207188322,0.9755557055210258,0.18682917271897895,0.018670992503010672,0.9732004319410684,0.018170617968698437,0.018670992503010672,0.9732004319410684,0.018170617968698437,0.07354540041603896,0.9666630956455529,0.07109362443665995,0.14626634132735505,0.9397251826529837,0.13745016431983237
614.5587583148559,0.18841080285274273,0.9755951205219431,0.1838126599167576,0.01708723021935673,0.9732019131557214,0.016629325140010226,0.01708723021935673,0.9732019131557214,0.016629325140010226,0.07368695268657811,0.9666174628828322,0.07122709525346743,0.1458647114453305,0.9396080477040425,0.13705565675006048
615.929046563193,0.18534062216577904,0.9756337131204228,0.18082455939564834,0.015528025800563814,0.9732038795470139,0.01511193495081483,0.015528025800563814,0.9732038795470139,0.01511193495081483,0.07380239118818581,0.9665732117734407,0.07133541428732464,0.1454348924527668,0.9394913160925097,0.1366348185162225
617.29933481153,0.18229943279533709,0.9756714856348869,0.17786435842582377,0.013992680625222116,0.9732063473734421,0.013617765601235548,0.013992680625222116,0.9732063473734421,0.013617765601235548,0.0738907483787741,0.9665303476159409,0.07141765071613855,0.14497581365185733,0.9393747626990957,0.1361866205463218
618.669623059867,0.1792867140044951,0.9757084402849342,0.174931560085137,0.012480489206342694,0.9732093288979292,0.012146128524822622,0.012480489206342694,0.9732093288979292,0.012146128524822622,0.0739512291363852,0.9664888595607901,0.07147303911114361,0.14448630613908678,0.9392581907547913,0.13570994649304155
620.0399113082041,0.17630196157273206,0.9757445791953655,0.17202568330610293,0.010990744379561178,0.9732128324969451,0.010696333468882614,0.010990744379561178,0.9732128324969451,0.010696333468882614,0.07398320593836975,0.9664487226520725,0.07150097487684268,0.14396514726223844,0.9391414318209715,0.13520363453217563
621.4101995565411,0.1733446878258421,0.9757799044010964,0.1691462629151381,0.009522742307595299,0.9732168628057952,0.009267693393905915,0.009522742307595299,0.9732168628057952,0.009267693393905915,0.07398621121436294,0.9664098998920226,0.07150100697306253,0.143411112162011,0.9390243457355023,0.1346665257691331
622.780487804878,0.17041442165959184,0.9758144178529919,0.16629284966550892,0.0080757872293493,0.9732214208952887,0.007859529122195352,0.0080757872293493,0.9732214208952887,0.007859529122195352,0.07395992769091655,0.9663723442526456,0.0714728287034272,0.14282303073232883,0.9389068203060137,0.13409751765135894
624.150776053215,0.1675107085584735,0.9758481214246658,0.16346501026530105,0.006649195893056545,0.9732265044746882,0.006471173676566873,0.006649195893056545,0.9732265044746882,0.006471173676566873,0.07390417746225783,0.9663360005774966,0.07141626727484779,0.1421998472705137,0.9387887705351057,0.13349561978936536
625.5210643015521,0.16463311061073235,0.9758810169202897,0.16066232740155204,0.00524230162455922,0.9732321081157163,0.005101976261448214,0.00524230162455922,0.9732321081157163,0.005101976261448214,0.07381891041426598,0.9663008073342569,0.07133127272984041,0.1415406791042641,0.9386701371928553,0.1328600086731695
626.8913525498891,0.1617812065206991,0.9759131060834563,0.15788439976154459,0.003854457993717755,0.9732382234924294,0.0037513058503320616,0.003854457993717755,0.9732382234924294,0.0037513058503320616,0.07370419251182915,0.9662666981941783,0.07121790674147324,0.14084486978218264,0.9385508846112588,0.13219007712702507
628.2616407982263,0.15895459161929867,0.9759443906071503,0.1551308420521049,0.002485042053615878,0.9732448396319404,0.0024185543549500132,0.002485042053615878,0.9732448396319404,0.0024185543549500132,0.07356019434431146,0.966233603427247,0.07107633165011265,0.14011203219867338,0.9384309976593752,0.13148547416028356
629.6319290465632,0.15615287787342919,0.9759748721448782,0.15240128501757483,0.0011334571382382328,0.9732519431712636,0.0011031393622916996,0.0011334571382382328,0.9732519431712636,0.0011031393622916996,0.07338718021734857,0.9662014511119406,0.07090680001901568,0.13934207743130467,0.9383104779565874,0.13074613127403129
631.0022172949002,0.15337569389474667,0.9760045523230124,0.14969537545697362,0.00020086478556675133,0.973259518615938,0.00019549356450759,0.00020086478556675133,0.973259518615938,0.00019549356450759,0.07318549798604432,0.9661701681658669,0.07070964489647914,0.13853522612333682,0.9381893394789679,0.12997227229122282
632.3725055432374,0.1506226849482223,0.9760334327544122,0.14701277624069975,0.00151846120705681,0.9732675485965321,0.0014778690166311126,0.00151846120705681,0.9732675485965321,0.0014778690166311126,0.07295556974675575,0.9661396812086664,0.07048527089752724,0.137692000827257,0.938067603792346,0.1291644052773987
633.7427937915743,0.1478935129606288,0.9760615150533721,0.1443531663269169,0.002819837589002502,0.9732760141196268,0.0027444802890890536,0.002819837589002502,0.9732760141196268,0.0027444802890890536,0.07269788344222473,0.9661099172717441,0.07023414615819863,0.13681319958864183,0.9379452951897641,0.12832329687402477
635.1130820399113,0.14518785652895705,0.9760888008519678,0.14171624077761724,0.0041054662946470215,0.9732848948103817,0.003995788330733094,0.0041054662946470215,0.9732848948103817,0.003995788330733094,0.07241298538681949,0.9660808043710325,0.0699567951694064,0.1358998528724913,0.9378224360116562,0.12744993107450545
636.4833702882485,0.1425054109285468,0.9761152918178575,0.13910171077414216,0.00537578590028562,0.9732941691442994,0.005232221071316132,0.00537578590028562,0.9732941691442994,0.005232221071316132,0.07210147368340268,0.9660522719594781,0.06965379246347768,0.13495316740568314,0.9376990423843438,0.1265454558430431
637.8536585365854,0.13984588812050117,0.9761409896736,0.13650930363172956,0.0066312008657633545,0.9733038146663037,0.006454173098465969,0.0066312008657633545,0.9733038146663037,0.006454173098465969,0.07176399247887545,0.9660242512755884,0.06932575710295262,0.1339744614088747,0.9375751205352241,0.12561112180406742
639.2239467849224,0.13720901675775152,0.9761658962175513,0.13393876281245953,0.007872081532565934,0.9733138081957077,0.007662005654888852,0.007872081532565934,0.9733138081957077,0.007662005654888852,0.0714012269897449,0.9659966756034655,0.068973347906102,0.13296509593798167,0.9374506637460013,0.12464821744211166
640.5942350332596,0.13459454218888212,0.9761900133463991,0.1313898479357173,0.009098764417686808,0.9733241260160862,0.008856046924671275,0.009098764417686808,0.9733241260160862,0.008856046924671275,0.0710138992202313,0.9659694804584945,0.06859725933509872,0.13192640671220268,0.9373256499048432,0.12365800491112605
641.9645232815965,0.13200222645860082,0.9762133430793891,0.1288623347850733,0.010311552770809456,0.9733347440494461,0.01003659257692818,0.010311552770809456,0.9733347440494461,0.01003659257692818,0.07060276429182565,0.9659426037114076,0.06819821796926887,0.13085964004418757,0.9372000395282979,0.12264165982207142
643.3348115299335,0.12943184830347,0.9762358875842965,0.12635601531021404,0.011510717362542848,0.9733456380144361,0.011203906535248116,0.011510717362542848,0.9733456380144361,0.011203906535248116,0.07016860730339461,0.9659159856619367,0.06777697948598377,0.12976589553340312,0.9370737740530193,0.12160021747085589
644.7050997782707,0.12688320314124016,0.9762576492051858,0.12387069762229116,0.012696497472254509,0.9733567835686204,0.012358221942180768,0.012696497472254509,0.9733567835686204,0.012358221942180768,0.06971224064378015,0.9658895690717798,0.06733432607444902,0.1286460772601943,0.9369467741490439,0.12053452709586773
646.0753880266076,0.12435610305184296,0.976278630491999,0.12140620598077514,0.01386910204534857,0.9733681564350957,0.013499742289291152,0.01386910204534857,0.9733681564350957,0.013499742289291152,0.06923450168344164,0.9658632991651904,0.06687106421202688,0.12750085451330267,0.9368189377790376,0.11944521509107182
647.4456762749446,0.1218503767477988,0.9762988342319969,0.1189623807696056,0.015028710991536525,0.973379732513917,0.014628642684970787,0.015028710991536525,0.973379732513917,0.014628642684970787,0.06873625077731678,0.965837123604186,0.06638802273809964,0.12633063273790823,0.9366901377175467,0.11833265777721608
648.8159645232818,0.11936586953148942,0.9763182634830717,0.11653907846013065,0.01617547659757976,0.9733914879789679,0.015745071234087138,0.01617547659757976,0.9733914879789679,0.015745071234087138,0.06821836951727105,0.9658109924441911,0.0658860511664001,0.12513553550842474,0.9365602182464748,0.11719696444615978
650.1862527716187,0.11690244323641212,0.9763369216089289,0.11413617155800117,0.017309525030099127,0.9734033993610197,0.016849150505623148,0.017309525030099127,0.9734033993610197,0.016849150505623148,0.0676817591788375,0.9657848580748661,0.06536601818279084,0.12391539900407485,0.9364289907555751,0.1160379720284602
651.5565410199557,0.1144599761492051,0.976354812316127,0.11175354853086551,0.018430957906224385,0.973415443617812,0.01794097906658863,0.018430957906224385,0.973415443617812,0.01794097906658863,0.06712733931317022,0.9657586751499485,0.06482881028142833,0.1226697818138946,0.9362962280020942,0.1148552540021894
652.9268292682929,0.1120383629089079,0.9763719396929331,0.10939111371339118,0.01953985391205689,0.9734275981920417,0.01902063306263691,0.01953985391205689,0.9734275981920417,0.01902063306263691,0.06655604644119893,0.9657324005091091,0.0642753304980548,0.12139799510038099,0.936161656832069,0.11364814822926406
654.2971175166298,0.10963751437956745,0.9763883082499415,0.1070487871857945,0.02063627045107389,0.9734398410581793,0.020088167827926967,0.02063627045107389,0.9734398410581793,0.020088167827926967,0.06596883281253071,0.9657059930941347,0.06370649720448592,0.12009916147991836,0.9360249492601075,0.11241581153042204
655.6674057649668,0.10725735749197271,0.9764039229623623,0.10472650462173867,0.02172024530666926,0.9734521507590317,0.021143619508790953,0.02172024530666926,0.9734521507590317,0.021143619508790953,0.06536666519698416,0.9656794138611398,0.06312324293348102,0.11877231581497626,0.9358857119883218,0.11115731335100087
657.037694013304,0.10489783504998693,0.9764187893138695,0.10242421710115422,0.02279179830499316,0.9734645064329752,0.022187006687690088,0.02279179830499316,0.9734645064329752,0.022187006687690088,0.0647505236814897,0.9656526256899951,0.06252651320783274,0.11741656791700182,0.9357434747951431,0.1098717872611752
658.4079822616409,0.1025589054966238,0.9764329133418546,0.10014189088322033,0.023850932966073754,0.973476887832745,0.0232183319957209,0.023850932966073754,0.973476887832745,0.0232183319957209,0.06412140044962378,0.9656255932917204,0.06191726535186395,0.11603135631199891,0.9355976788686489,0.10855866764148733
659.7782705099778,0.10024054263473808,0.9764463016839001,0.09787950713447731,0.024897638132902668,0.9734892753366463,0.024237583703593468,0.024897638132902668,0.9734892753366463,0.024237583703593468,0.06348029852524552,0.9655982831142235,0.06129646726755544,0.11461683358739888,0.9354476672954133,0.10721804961211887
661.148558758315,0.09794273529697027,0.9764589616252427,0.0956370616068156,0.0259318895696959,0.9735016499530041,0.02524473728249806,0.0259318895696959,0.9735016499530041,0.02524473728249806,0.06282823046565408,0.9655706632464564,0.06066509616132283,0.11317443572163667,0.9352926818211478,0.10585122149968466
662.5188470066519,0.09566548695935694,0.9764709011469513,0.09341456425986519,0.02695365152194346,0.9735139933186251,0.026239756927645814,0.02695365152194346,0.9735139933186251,0.026239756927645814,0.06216621699341861,0.9655427033207948,0.060024137211052535,0.11170769478104084,0.9351318729754574,0.10446142584636545
663.8891352549889,0.09340881529290977,0.9764821289745,0.09121203882220637,0.02796287823211385,0.9735262876919941,0.027222597038493068,0.02796287823211385,0.9735262876919941,0.027222597038493068,0.06149528555964235,0.9655143744132453,0.05937458216648196,0.11022334353344111,0.9349643348050332,0.10305489506673042
665.259423503326,0.09117275164738542,0.9764926546263574,0.08902952228574498,0.02895951540599663,0.9735385159418769,0.02819320365074988,0.02895951540599663,0.9735385159418769,0.02819320365074988,0.06081646883493301,0.9654856489408998,0.05871742787938931,0.10873270653922493,0.9347891800984656,0.10164215759568913
666.629711751663,0.08895734046148882,0.9765024884621674,0.08686706432762008,0.029943501625658904,0.9735506615319466,0.029151515816243145,0.029943501625658904,0.9735506615319466,0.029151515816243145,0.060130803127849096,0.9654565005559319,0.058053674763430874,0.10725323589010563,0.9346056744289244,0.1002394828637567
668.0,0.08676263859390482,0.9765116417300354,0.08472472665416372,0.03091476970587335,0.9735627085019986,0.030097466927565594,0.03091476970587335,0.9735627085019986,0.030097466927565594,0.05943932673410751,0.9654269040353151,0.05738432518685295,0.10580979391790636,0.9344134413472027,0.0988700936630692
