Xdata,P_Band4_nterms2,omega_Band4_nterms2,P_times_omega_Band4_nterms2,P_Band5,omega_Band5,P_times_omega_Band5,P_Band6,omega_Band6,P_times_omega_Band6,P_Band7_nterms2,omega_Band7_nterms2,P_times_omega_Band7_nterms2
10.0,0.9999999541547884,0.0022267229691207984,0.0022267228670362128,0.9999999120205759,0.0031523152970268577,0.003152315019687973,0.9999997425809415,0.0057426606047466106,0.005742659126476324,0.9999987151058716,0.014406678974132694,0.01440666046307547
10.186289902446877,0.9999999523412885,0.002290221968142406,0.002290221858993378,0.9999999085401046,0.0032421036578995466,0.003242103361377085,0.9999997323954175,0.0059057016493046085,0.005905700068911784,0.9999986642350871,0.014811361752114716,0.014811341967617376
10.37605019766912,0.9999999503943865,0.0023563268953048296,0.0023563267784177883,0.9999999048035775,0.0033355711292475903,0.003335570811713152,0.9999997214603248,0.0060753946950203724,0.006075393002781908,0.9999986096172203,0.015232320966547093,0.015232299787790327
10.569345535579883,0.9999999483040589,0.0024251570638146435,0.002425156938443867,0.9999999007917513,0.0034328857232306695,0.0034328853826600886,0.9999997097193039,0.00625204132054738,0.006252039505700474,0.9999985509701318,0.015670276723074902,0.01567025401637589
10.766241770454933,0.9999999460595164,0.0024968375739901284,0.002496837439309502,0.9999998964839135,0.0035342235638650553,0.003534223198016063,0.9999996971116903,0.006435957478075535,0.006435955528699253,0.9999984879900933,0.016125981946906738,0.01612595756426228
10.966805983368687,0.999999943649147,0.0025714996024515115,0.0025714994575453155,0.9999998918577702,0.0036397692889753633,0.0036397688953625964,0.9999996835721854,0.0066274741885091,0.006627472091391927,0.9999984203501191,0.01660022383525137,0.016600197612709765
11.171106505048241,0.999999941060452,0.0026492807058856893,0.0026492805497382818,0.9999998868893248,0.0037497164720817775,0.0037497160479488157,0.9999996690304996,0.006826938269499151,0.006826936009990803,0.9999983476981741,0.01709382536566229,0.017093797121503426
11.37921293915315,0.9999999382799775,0.002730325140118056,0.002730324971602327,0.9999998815527478,0.0038642680651778966,0.0038642676074659623,0.9999996534109681,0.007034713097735909,0.007034710659581507,0.9999982696552352,0.017607646861424766,0.017607616394125197
11.591196185988858,0.9999999352932417,0.0028147841952391693,0.0028147840131036088,0.9999998758202338,0.0039836368633997775,0.003983636368712683,0.999999636632136,0.007251179406962419,0.007251176772116846,0.9999981858132104,0.01814258761501419,0.01814255470097141
11.807128466661903,0.9999999320846562,0.002902816547584439,0.0029028163504386554,0.9999998696618526,0.004108045992623223,0.004108045457188118,0.999999618606316,0.0074767361232030765,0.0074767332716231425,0.9999980957326914,0.018699587570525283,0.01869955196151199
12.027083347685123,0.9999999286374396,0.0029945886293896726,0.002994588415688161,0.9999998630453829,0.00423772942107352,0.004237728840696909,0.9999995992391036,0.007711801238748588,0.00771179814816021,0.9999979989405333,0.019279629065820043,0.019279590486135787
12.25113576604119,0.9999999249335269,0.003090275016992665,0.0030902747850166186,0.9999998559361386,0.00437293249607391,0.004372931866092369,0.9999995784288661,0.007956812726474409,0.007956809372111845,0.9999978949272487,0.019883738634973662,0.019883696778257267
12.479362054713114,0.9999999209534706,0.003190058838480877,0.0031900585863177972,0.999999848296777,0.004513912507105416,0.004513911822330341,0.9999995560661816,0.008212229496109906,0.00821222585042351,0.9999977831441971,0.020512988871389807,0.02051294339705139
12.711839968690288,0.9999999166763356,0.003294132201734263,0.003294131927255097,0.9999998400870969,0.004660939276398075,0.004660938531053743,0.9999995320332412,0.008478532394108106,0.008478528426436783,0.9999976630005575,0.021168500351724344,0.021168450880950825
12.948648711459043,0.9999999120795826,0.0034026966438443934,0.003402696344677884,0.9999998312638181,0.0048142957783181995,0.004814294965972311,0.9999995062032032,0.008756225248800728,0.008756220925004748,0.9999975338600657,0.021851443620491177,0.021851389731773443
13.1898689619867,0.999999907138947,0.0035159636029435974,0.003515963276447515,0.9999998217803441,0.004974278788868553,0.004974277902354299,0.9999994784394973,0.0090458359625473,0.009045831244596547,0.9999973950374995,0.022563041234916176,0.02256298245903986
13.435582902208258,0.9999999018283047,0.0036341549135141538,0.0036341545567430047,0.9999998115865066,0.005141199566660677,0.005141198597989306,0.9999994485950765,0.009347917652613552,0.009347912498125735,0.9999972457948884,0.0233045698692636,0.02330450568369814
13.685874245025186,0.9999998961195304,0.003757503326297132,0.0037575029359659218,0.9999998006282934,0.005315384566774117,0.005315383507036825,0.9999994165116078,0.00966304984253157,0.009663044204254154,0.9999970853374314,0.024077362477466648,0.024077292300079482
13.94082826282578,0.9999998899823448,0.00388625305396507,0.0038862526264086214,0.9999997888475498,0.005497176188961324,0.005497175028219103,0.9999993820186077,0.009991839705704024,0.009991833530933011,0.9999969128090959,0.024882810512455285,0.024882733694469
14.200531816536824,0.9999998833841449,0.004020660343771861,0.004020659874899118,0.9999997761816638,0.005686933561708897,0.005686932288868889,0.9999993449325004,0.010334923363021718,0.010334916592949312,0.9999967272878754,0.025722366200084952,0.025722282018185216
14.465073385216463,0.9999998762898319,0.004160994078439964,0.004160993563682687,0.9999997625632188,0.005885033363711702,0.005885031966388322,0.9999993050556143,0.010692967236258934,0.010692959805241386,0.9999965277806753,0.026597544865017985,0.026597452512508713
14.734543096198351,0.9999998686616137,0.004307536406595514,0.004307535840850633,0.9999997479196284,0.00609187068436756,0.006091869148726534,0.9999992621750942,0.011066669458995777,0.011066661293731425,0.9999963132177663,0.027509927305195792,0.027509825882084553
15.00903275579736,0.9999998604588001,0.004460583404112849,0.004460582781677688,0.999999732172737,0.006307859924944785,0.006307858235527926,0.99999921606173,0.01145676134679438,0.01145675236540071,0.9999960824469583,0.028461162211462755,0.028461050713350162
15.288635880587302,0.9999998516375815,0.004620445767779209,0.0046204450822787,0.9999997152383909,0.0065334357421208385,0.006533433881649164,0.9999991664687,0.011864008928315406,0.011863999039292621,0.9999958342270834,0.02945296862666914,0.029452845932290122
15.573447729261343,0.9999998421507876,0.004787449542743629,0.0047874487870484895,0.9999996970259785,0.006769054035633936,0.006769051984786413,0.9999991131302096,0.012289214539013193,0.01228920364008007,0.9999955672211329,0.030487138439693907,0.030487003296950914
15.863565335085905,0.9999998319476293,0.0049619368852635995,0.004961936051398343,0.9999996774379332,0.007015192981830593,0.007015190718995446,0.9999990557600303,0.012733218478976304,0.012733206455762473,0.9999952799888135,0.03156553890747496,0.031565389917778214
16.159087538959184,0.9999998209734212,0.005144266862317301,0.005144265941356804,0.9999996563691983,0.007272354114931176,0.007272351615926301,0.9999989940499274,0.013196900736397366,0.013196887460974112,0.9999949709785267,0.03269011519769515,0.03268995079840386
16.460115023085507,0.9999998091692819,0.005334816289697255,0.005334815271650431,0.9999996337066502,0.007541063457866051,0.0075410606956246564,0.9999989276679582,0.01368118277804765,0.013681168107276988,0.9999946385187173,0.03386289294358082,0.03386271138831413
16.766750345277,0.9999997964718116,0.005533980610255102,0.005533979483934053,0.9999996093284802,0.007821872704570807,0.00782186964878791,0.9999988562566458,0.01418702940800228,0.014187013181681678,0.9999942808085427,0.03508598080106273,0.035085780137621064
17.079097973894278,0.9999997828127442,0.005742174814014874,0.005742173566887683,0.9999995831035231,0.008115360455646974,0.008115357072381792,0.999998779431011,0.014715450695709018,0.01471543273448624,0.9999938959078206,0.03636157299724125,0.036361351042847885
17.397264323438016,0.9999997681185753,0.00595983440192207,0.005959833019947178,0.99999955489054,0.008422133509317272,0.008422129760545974,0.9999986967764471,0.015267503974308668,0.015267484077337896,0.9999934817261769,0.03769195185767368,0.037691706171210544
17.721357790803594,0.9999997523101566,0.006187416395039595,0.006187414862479397,0.9999995245374422,0.008742828209614298,0.008742824052726835,0.999998607846436,0.015844295909899362,0.015844273852206343,0.9999930360113483,0.03907949029845506,0.039079218149328104
18.051488792211092,0.9999997353022653,0.00642540039104943,0.006425398690260502,0.9999994918804563,0.009078111853740961,0.009078107240974909,0.999998512160084,0.016446984642190233,0.016446960171709983,0.9999925563365644,0.04052665426740166,0.04052635260062712
18.38776980082328,0.9999997170031347,0.006674289669956501,0.006674287781153446,0.9999994567432231,0.009428684160536932,0.009428679038340364,0.9999984091994688,0.01707678199669649,0.017076754830942616,0.9999920400869375,0.04203600511684932,0.0420356705139031
18.730315385064376,0.9999996973139518,0.006934612350929656,0.0069346102519192475,0.999999418935833,0.009795278801964444,0.009795273110278927,0.9999982984067757,0.017734955768301478,0.01773492559062091,0.9999914844447794,0.04361020188864851,0.043609830523566144
19.079242247652665,0.9999996761283158,0.007206922602248008,0.007206920268129846,0.9999993782537786,0.010178664999494592,0.010178658670948089,0.9999981791812216,0.018422832075627314,0.01842279853098872,0.9999908863737618,0.04525200348988159,0.04525159108003526
19.434669265360206,0.9999996533316546,0.0074918019063463775,0.007491799309175807,0.9999993344768329,0.010579649187228257,0.010579642146226623,0.9999980508757301,0.019141797785229973,0.01914176047548734,0.9999902426018266,0.04696427073562518,0.04696381248653569
19.79671752951333,0.9999996288005958,0.007789860381975221,0.007789857490383688,0.9999992873678378,0.01099907674352377,0.010999068905227928,0.999997912793355,0.019893303004144512,0.01989326148271029,0.9999895496027448,0.04874996823274501,0.0487494587762108
20.165510387247465,0.9999996024022911,0.008101738165504297,0.008101734944271764,0.9999992366714,0.011437833792817431,0.011437825061991775,0.9999977641834228,0.020678863638757473,0.02067881740461135,0.9999888035762142,0.050612166076242,0.050611599400981894
20.541173483530642,0.9999995739936854,0.00842810685340075,0.008428103262974012,0.9999991821124862,0.011896849079223906,0.01189683934893959,0.9999976042373786,0.02150006401736802,0.02150001250831829,0.9999880004263856,0.05255404132706434,0.052553410700976695
20.923834803969772,0.9999995434207342,0.008769671007911645,0.008769667003861694,0.9999991233949108,0.012377095913369806,0.012377085063544539,0.9999974320843056,0.022358559573107097,0.022358502158211065,0.9999871357386775,0.054578879237573735,0.054578177120608536
21.313624718414378,0.9999995105175548,0.009127169727955884,0.009127165260366528,0.9999990601997029,0.012879594193764762,0.012879582089518312,0.9999972467860972,0.02325607958311572,0.02325601555415409,0.9999862047547533,0.05669007418801099,0.05668929213453451
21.71067602537265,0.9999994751055183,0.009501378287208331,0.009501373299987301,0.9999989921833532,0.013405412503824366,0.013405398993626487,0.9999970473322568,0.02419442995902478,0.024194358520911875,0.9999852023455039,0.058891130294353736,0.058890258843754754
22.11512399725489,0.9999994369922666,0.00989310984130471,0.009893104271407362,0.9999989189759189,0.01395567028544462,0.013955655199028973,0.999996832634253,0.025175496082776833,0.025175416342772875,0.9999841229818764,0.06118566164493086,0.06118469019907202
22.527106426459806,0.9999993959706563,0.01030321720603745,0.010303210982591923,0.9999988401789881,0.014531540089771486,0.014531523235785954,0.9999966015195705,0.02620124568109007,0.026201156636669394,0.999982960703374,0.06357739212004784,0.0635763088060048
22.94676367231936,0.9999993518176188,0.010732594708327443,0.01073258775164865,0.9999987553634793,0.015134249905510475,0.015134231068870328,0.9999963527251031,0.027273731729950533,0.02727363225515345,0.9999817090840322,0.06607015474573855,0.06606894626209012
23.374238708918153,0.999999304292938,0.01118218011165128,0.01118217233212961,0.999998664067279,0.01576508556478254,0.015765064503688885,0.9999960848901547,0.028395095380229638,0.028394984210312155,0.9999803611956696,0.06866789052959928,0.06866654197433339
23.809677173803582,0.9999992531379245,0.01165295661747288,0.011652947914321515,0.9999985657926905,0.016425393226137043,0.016425369668718017,0.9999957965488651,0.029567568893406684,0.02956744460757566,0.9999789095681862,0.07137464672353809,0.07137314140141814
24.25322741760353,0.9999991980739943,0.012145954944072982,0.012145945203915848,0.9999984600036855,0.017116581933887275,0.01711655557441418,0.9999954861220473,0.030793478575132722,0.03079333957712869,0.9999773461466646,0.07419457445520831,0.07419289366220032
24.705040554568253,0.9999991388011383,0.012662255483975022,0.012662244579255013,0.999998346122946,0.017840126252424197,0.01784009674704875,0.9999951519083765,0.03207524769266284,0.032075092188923175,0.9999756622450114,0.07713192566696621,0.07713004844905753
25.16527051405392,0.9999990749962682,0.013202990540948508,0.013202978328132987,0.999998223528673,0.018597568973589416,0.018597535935541382,0.999994792074899,0.0334153993603762,0.03341522533547911,0.9999738484958488,0.08019104929843232,0.0801889521818737
25.634074092965154,0.9999990063114365,0.013769346647302328,0.013769332964860038,0.9999980915511489,0.019390523894541017,0.01939048688871797,0.9999944046467927,0.03481655937564374,0.03481636456469657,0.9999718947963472,0.08337638664623567,0.08337404333590914
26.111611009174595,0.9999989323719229,0.014362566961877083,0.014362551627997336,0.999997949469034,0.020220678662818962,0.02022063719969121,0.9999939874963235,0.03628145898518897,0.03628124084278343,0.9999697902496544,0.08669246583233482,0.08668984687458518
26.598043955937587,0.9999988527741671,0.014983953748792717,0.014983936558813898,0.9999977965053748,0.021089797684501577,0.021089751213245734,0.9999935383309361,0.03781293755980622,0.03781269322511737,0.9999675231015511,0.09014389531054666,0.09014096771641288
27.093538657320515,0.9999987670835451,0.01563487093659977,0.01563485166011012,0.9999976318233006,0.02199972509044103,0.02199967299120468,0.9999930546804108,0.039413945152860744,0.039413671410415387,0.9999650806719392,0.09373535633964547,0.09373208316398655
27.598263924661804,0.9999986748319719,0.016316746757018875,0.01631672513458775,0.9999974545213882,0.022952387754555256,0.022952329329743136,0.9999925338830025,0.041087544915377264,0.041087238150959784,0.9999624492807117,0.09747159435075063,0.09746793422227258
28.112391714084644,0.9999985755153171,0.017031076461927742,0.017031052201420187,0.9999972636286617,0.023949798357036787,0.023949732821495005,0.9999919730704973,0.04283691533774362,0.04283657148884409,0.9999596141675302,0.10135740913679114,0.10135331573344618
28.63609718508116,0.9999984685906256,0.017779425116654802,0.017779397889076506,0.9999970580992096,0.02499405848410622,0.02499398495406581,0.9999913691520838,0.04466535228510517,0.04466496678524247,0.999956559404997,0.1053976437927619,0.10539306525640361
29.169558760187964,0.9999983534731142,0.018563430466966378,0.01856339990177902,0.9999968368063399,0.026087361754530396,0.026087279235153086,0.9999907187969523,0.04657627079040828,0.046575838506581875,0.9999532678046376,0.10959717233738835,0.1095920506209195
29.712958185773346,0.9999982295329449,0.019384805876377715,0.019384771556217543,0.9999965985364232,0.027231996961900644,0.027231904333254855,0.9999900184155198,0.04857320656578043,0.04857272172821562,0.9999497208150914,0.11396088594983608,0.11395515608937906
30.26648059395692,0.9999980960917392,0.020245343329570068,0.02024530478429366,0.9999963419820469,0.028430351219378442,0.02843024722064327,0.9999892641391661,0.05065981718951407,0.05065927331276685,0.9999458984118147,0.1184936777593838,0.1184872670632271
30.83031456568277,0.9999979524188276,0.02114691649675069,0.021146873196722617,0.9999960657347738,0.029684913092674185,0.029684796304352862,0.9999884517983662,0.05283988292237044,0.05283927271674815,0.9999417789775695,0.12320042613166013,0.12319325327688688
31.40465219496752,0.9999977977272055,0.022091483852739763,0.022091435201265885,0.9999957682772966,0.03099827570446042,0.030998144528353356,0.9999875768990848,0.05511730710325771,0.0551166223753894,0.999937339172876,0.12808597640228653,0.12807795042906217
31.98968915434538,0.9999976311691748,0.023081091843402863,0.023081037168201025,0.9999954479749846,0.03237313979155063,0.03237299242820848,0.9999866345972925,0.057496116070584254,0.05749534761183885,0.9999325537955562,0.1331551210176945,0.13314614021017962
32.585624761532266,0.9999974518316452,0.024117878090756547,0.02411781663434281,0.999995103066764,0.03381231669384885,0.03381215111719144,0.9999856196714557,0.05998045855178799,0.05997959601308778,0.999927395628377,0.13841257805365212,0.13840252869539782
33.1926620473319,0.9999972587310741,0.025204074626651966,0.025204005535505388,0.9999947316552863,0.03531873125161096,0.03531854518035987,0.9999845264928295,0.06257460445971691,0.06257363621112612,0.9999218352737488,0.143862968094745,0.14385172308522617
33.81100782480685,0.9999970508079773,0.026342011143339197,0.02634193345569007,0.9999943316963238,0.03689542458490809,0.03689521545043728,0.9999833489933757,0.06528294303074698,0.06528185600403012,0.9999158409742932,0.1495107894728335,0.1494982067904588
34.440872759738234,0.9999968269211331,0.02753411824772693,0.0275340308797982,0.999993900987337,0.03854555672634606,0.038545321636507486,0.9999820806311149,0.06810998023581659,0.068108759747956,0.9999093784180128,0.15536039187942563,0.15534631287493536
35.082471442397924,0.9999965858411614,0.028782930703732647,0.02878283243423538,0.9999934371551369,0.04027240907506964,0.04027214477349662,0.9999807143526993,0.0710603353920025,0.07105896494743706,0.9999024105266348,0.16141594838601844,0.1614001958886227
35.736022460657885,0.9999963262437077,0.030091090645785544,0.03009098009845194,0.999992937642584,0.04207938663686529,0.042079089457197016,0.9999792425529741,0.07413873689892873,0.07413719796802498,0.9998948972255909,0.16768142592778482,0.16766380214470292
36.401748474461414,0.9999960467020814,0.031461350743812684,0.03146122636772027,0.9999923996942361,0.0439700200117786,0.04396968582618206,0.9999776570312849,0.07735001702128266,0.07734828879227225,0.9998867951939228,0.1741605543294954,0.17414083851771622
37.07987629168171,0.9999957456793044,0.03289657729784166,0.03289643734525204,0.9999918203408666,0.04594796708708778,0.04594759124837914,0.9999759489442555,0.08069910563609868,0.0806971647374105,0.9998780575922169,0.18085679397817497,0.18083473986525334
37.77063694539366,0.9999954215195461,0.03439975323772936,0.034399595739131546,0.9999911963827588,0.04801701438973422,0.04801659166631847,0.9999741087547523,0.08419102286137722,0.08418884305095667,0.9998686337665104,0.1877733022745632,0.18774863520309348
38.474265772585035,0.9999950724388876,0.03597398100074767,0.035973803736757834,0.9999905243716835,0.050181078048421215,0.0501806025511771,0.9999721261766982,0.08783087048115151,0.08782842229898727,0.9998584689258523,0.19491289902478043,0.1948853127928162
39.19100249433404,0.999994696515357,0.03762248525677179,0.037622285726499,0.9999898005914482,0.0524442043115743,0.05244366941170835,0.9999699901154125,0.09162382208143094,0.09162107246110482,0.9998475037909951,0.2022780309643873,0.20224718433150024
39.921091297480515,0.9999942916781898,0.03934861544764021,0.03934839083308045,0.9999890210369071,0.05481056956323626,0.05480996780001592,0.9999676886030776,0.09557511181168742,0.09557202364631377,0.9998356742113925,0.2098707356389305,0.209836248464791
40.66478091781857,0.9999938556962402,0.041155848103874786,0.041155595229842544,0.9999881813913049,0.05728447977478652,0.05728380275193576,0.9999652087289352,0.0996900216878632,0.0996865533452962,0.9998229107473983,0.21769260489762549,0.21765405387692724
41.42232472483896,0.9999933861654864,0.04304778889837749,0.043047504187425534,0.9999872770018207,0.05987036932616857,0.05986960759556864,0.999962536563762,0.10397386735543024,0.10396997213708015,0.9998091382141886,0.22574474828951507,0.225701662243719
42.19398080805027,0.9999928804955527,0.04502817439296244,0.04502785381467459,0.9999863028531644,0.06257279912612605,0.06257194205730851,0.9999596570781307,0.10843198223500389,0.10842760777201645,0.9997942751835812,0.23402775668363085,0.2339796113663502
42.98001206490796,0.9999923358951665,0.04710087342964729,0.04710051244361557,0.9999852535390739,0.06539645395686143,0.06539548959060845,0.9999565540539345,0.1130696999785813,0.11306478755849438,0.9997782334394505,0.24254166646552583,0.24248787883436382
43.780686290381695,0.9999917493564713,0.049269888114541374,0.04926948160625784,0.9999841232315306,0.06834613896460218,0.06834505384877806,0.9999532099885825,0.11789233517182711,0.11788681898811838,0.9997609173819745,0.25128592469253747,0.251225846595789
44.59627626819094,0.9999911176381056,0.051539354337943225,0.05153889654674619,0.9999829056475136,0.07142677521387641,0.07142555421940394,0.9999496059912468,0.1229051622271444,0.12289896854332331,0.9997422233753858,0.26025935561402275,0.26019226683580826
45.42705986374045,0.999990437246935,0.05391354176993208,0.05391302620804528,0.9999815940130954,0.0746433942199582,0.07464202033462168,0.9999457216704549,0.12811339242372816,0.12810643864279506,0.999722039033266,0.26946012898836014,0.2693852295904102
46.27332011878691,0.99998970441835,0.05639685326634941,0.05639627262794181,0.9999801810246473,0.07800113137105323,0.0779995854685531,0.9999415350122804,0.13352214906456722,0.13351434269376186,0.9997002424347143,0.27888573064419997,0.27880213253658914
47.13534534786908,0.9999889150949894,0.058993823615646014,0.058993169674715025,0.9999786588069298,0.08150521814947412,0.08150347873087736,0.9999370222483049,0.1391364407365822,0.13912767823636576,0.99967670126391,0.2885329357466537,0.28843965341320643
48.0134292365345,0.9999880649037923,0.061709117552697465,0.06170838104844258,0.9999770188678022,0.08516097305944813,0.08515901596386816,0.9999321577124308,0.1449611326788977,0.14495129818404814,0.999651271864661,0.29839778523486543,0.2982937255316312
48.9078709413959,0.9999871491312095,0.06454752696140913,0.0645466974696094,0.9999752520492716,0.08897379116844957,0.08897158924944962,0.9999269136855743,0.1510009162857203,0.15098988018527407,0.9996237982004877,0.30847556589598224,0.3083595168329866
49.8189751920516,0.999986162696452,0.06751396718383337,0.06751303297257573,0.9999733484745784,0.09294913216922372,0.0929466549330648,0.9999212602271322,0.1572602767944911,0.15724789415601517,0.99959411070957,0.3187607945310273,0.3186314129383182
50.747052394904664,0.999985100122605,0.07061347234969098,0.07061242021761054,0.9999712974909869,0.09709250687114206,0.09708972007258848,0.9999151649920384,0.16374345923689382,0.16372956805922578,0.9995620250425239,0.3292472066499291,0.3291030046185975
51.69241873891598,0.9999839555054324,0.0738511896367303,0.07385000473171936,0.9999690876079173,0.10140946203239158,0.10140632722334034,0.9999085930320857,0.17045443275985875,0.1704388520369926,0.9995273406693775,0.3399277501054732,0.3397670800826484
52.655396303327564,0.9999827224796889,0.07723237236938348,0.07723103798550118,0.9999667064300299,0.10590556344894758,0.10590203747466068,0.999901506580094,0.17739685345577286,0.17737938103299544,0.9994898393403105,0.3507945840389166,0.3506156224425078
53.63631316739241,0.999981394182729,0.08076237186083439,0.08076086921090117,0.9999641405848311,0.11058637722251333,0.11058241165970048,0.9998938648153086,0.18457402587546912,0.18455443607714359,0.9994492833825984,0.3618390834633681,0.3616398126672795
54.63550352214877,0.9999799632151938,0.0844466279020234,0.08444493586311251,0.9999613756443382,0.11545744913784108,0.11545298966826177,0.9998856236083031,0.1919888634339095,0.19196690444046394,0.99940541381381,0.3730518497549409,0.37283003827834393
55.65330778427646,0.9999784215985373,0.0882906578004666,0.08828875262920718,0.999958396040295,0.12052428209027977,0.12051926780290421,0.9998767352434512,0.1996438479563788,0.19961923890606398,0.9993579482484816,0.3844227272566055,0.3841759079712469
56.69007271207434,0.9999767607291234,0.09230004387220926,0.0922978988864878,0.9999551849723798,0.1257923115172215,0.12578667413130645,0.999867148116838,0.20754098865197057,0.20751341644079485,0.9993065785722356,0.3959408261263044,0.39566627227334167
57.7461515235982,0.999974971328613,0.09648041929198087,0.09647800451527112,0.9999517243088093,0.1312668788025346,0.13126054180322996,0.9998568064072636,0.21568178084052586,0.21565089659143952,0.9992509683535493,0.40759455148028845,0.40728925026230883
58.82190401699956,0.9999730433903325,0.10083745220984876,0.10083473397400967,0.9999479944786726,0.1369532026412276,0.13694608031852679,0.9998456497177388,0.22406716479825917,0.2240325799681271,0.9991907499589473,0.4193716387960824,0.4190322622801703
59.917696693106194,0.9999709661212891,0.10537682804761264,0.10537376854956818,0.9999439743552754,0.14285634837263042,0.14284834475360983,0.9998336126845896,0.23269748512521918,0.23265876721536644,0.9991255213322573,0.4312591954485613,0.43088206848187366
61.03390288028622,0.9999687278794553,0.11010422989503164,0.11010078670228189,0.9999396411297098,0.14898119531439855,0.14897220297775488,0.99982062455098,0.24157245107355257,0.2415291189066704,0.9990548423925354,0.44324374815910694,0.44282481295857323
62.17090286163827,0.9999663161059438,0.115025316934984,0.11502144243439458,0.9999349701737772,0.15533240215668243,0.1553223009175634,0.9998066087012987,0.25069109830822406,0.25064261683114936,0.9989782309981904,0.4553112960437207,0.4548460730752495
63.32908400455115,0.9999637172516211,0.12014570083800163,0.12014134162176933,0.9999299348913328,0.16191437050585555,0.16190302595789127,0.9997914821524782,0.260051752600171,0.2599975271684745,0.9988951584165197,0.46744736885339183,0.4669309135621941
64.50884089267693,0.9999609166976957,0.1254709200805469,0.12546601626264697,0.9999245065570024,0.16873120670015698,0.16871846860042206,0.9997751549978428,0.26965199597573575,0.26959136607211887,0.9988050442280271,0.4796370899111704,0.4790639448021287
65.7105754603627,0.9999578986697657,0.13100641215806597,0.1310008966138449,0.9999186541411479,0.17578668205532302,0.17577238253669647,0.9997575297985928,0.27948863586086475,0.27942086819503653,0.998707250583311,0.4918652431674627,0.49122938466126836
66.93469712958661,0.9999546461447604,0.13675748368345053,0.1367512812043326,0.9999123441198248,0.1830841917364747,0.18306814333050186,0.9997385009174636,0.2895576777698834,0.2894819587028052,0.998601075716506,0.504116343720159,0.5034111231252227
68.18162294944479,0.9999511407501652,0.14272927838420113,0.14272230473872982,0.9999055402683634,0.19062671249283386,0.19060870594472903,0.9997179537884331,0.299854302086952,0.29976972931702633,0.998485746602904,0.5163747110813158,0.5155927889208864
69.45177773823696,0.9999473626548578,0.1489267430373781,0.14891890392900395,0.9998982034370735,0.1984167595337688,0.19839656138962125,0.9996957641156344,0.31037284547934035,0.31027841892221286,0.9983604106288548,0.5286245444189774,0.5277578172346217
70.74559422819878,0.9999432904508263,0.15535459141043526,0.1553457813215943,0.9998902913074055,0.20645634286761197,0.20643369281215812,0.9996717969937899,0.32110678746128124,0.321001399248322,0.998224126118686,0.5408499989628239,0.5398895175759572
72.06351321293053,0.9999389010249623,0.16201726630816385,0.16200736721925402,0.9998817581267415,0.21474692346791463,0.21472153138940728,0.9996459059415183,0.33204874259565953,0.3319311661087801,0.9980758515354123,0.5530352627367728,0.551971140785115
73.40598369757213,0.9999341694200614,0.1689188998611718,0.16890777983203137,0.9998725544198034,0.22328936967445598,0.2232609124311861,0.9996179318378057,0.34319045877764404,0.3430593366297762,0.9979144331383001,0.5651646327712072,0.5639859441416948
74.77346305177588,0.9999290686840652,0.1760632722293519,0.17605078382976488,0.9998626266744471,0.23208391427742714,0.23205203213831552,0.9995877017506607,0.3545228219894456,0.35437665285058856,0.9977385908397863,0.5772225899524511,0.5759172535000504
76.16641716552891,0.9999235697064877,0.18345376893435805,0.18343974750895245,0.9998519169993821,0.2411301127716684,0.24109440550102984,0.9995550276455674,0.366035867848901,0.3658729920069775,0.9975469019550443,0.5891938716873772,0.587748521352641
77.58532060787836,0.9999176410408914,0.19109333707777826,0.19107759882944395,0.99984036275109,0.2504268033024962,0.2503868258565637,0.9995197049597079,0.3777188001970551,0.3775373837306954,0.9973377824778963,0.6010635415960633,0.5994633797037285
79.03065678861348,0.9999112487121148,0.1989844407459417,0.1989667806205564,0.9998278961269227,0.2599720688542345,0.2599273266542928,0.9994815110260504,0.389560016882281,0.3893580343088359,0.9971094654440539,0.6128170554942981,0.6110456866189187
80.50291812295981,0.9999043560068906,0.2071290159474185,0.2071092053012445,0.9998144437210309,0.2697632022557928,0.2697131459997794,0.9994402033292191,0.40154714280200016,0.401322358048298,0.996859975853952,0.6244403229891637,0.6224795652972118
82.00260619934132,0.9998969232463017,0.21552842547448953,0.2155062095040619,0.9997999260393894,0.27979667459319835,0.2797406945643468,0.9993955175725563,0.4136670701593811,0.4134170156846576,0.9965871015185439,0.6359197640832847,0.6337494344861169
83.53023195026779,0.9998889075383912,0.2241834141242128,0.2241585090368859,0.9997842569697911,0.2900681076254915,0.2900055274529854,0.9993471655329041,0.42590600578349264,0.42562795966317407,0.9962883590575521,0.647242360264768,0.6448400290207227
85.08631582640582,0.9998802625090776,0.2330940647571466,0.2330661546586837,0.9997673432021816,0.30057225079775424,0.3005023206203706,0.9992948326762251,0.43824952524950656,0.43794048600464075,0.9959609541147599,0.6583956996482296,0.6557364092067057
86.67138797389234,0.9998709380093096,0.2422597557111137,0.24222848918477743,0.9997490835941859,0.31130296342840824,0.31122485240770553,0.9992381755032903,0.45068263342320564,0.4503392923528222,0.9956017346473749,0.6693680158262749,0.6664239576741108
88.28598841495152,0.9998608797962063,0.25167912012235216,0.25164410647187013,0.9997293684760755,0.3222532026238745,0.3221659907485589,0.9991768185900884,0.46318983094389693,0.4628085416858038,0.9952071358980417,0.6801482201854522,0.6768883621969145
89.93066723187624,0.9998500291856713,0.2613500077356392,0.2613108128621543,0.9997080788887304,0.33341501743248997,0.3333176865500871,0.9991103512822438,0.475755186054611,0.4753319310633716,0.9947731153314939,0.6907259275393792,0.687115582778584
91.60598475443709,0.9998383226737044,0.2712694498071364,0.2712255916877859,0.9996850857473762,0.34477954969803465,0.34467097370382155,0.9990383239965029,0.4883624110909062,0.48789276467915016,0.9942950754249748,0.7010914750258097,0.6970918010405943
93.3125117507825,0.9998256915233487,0.28143362771740393,0.28138457145047807,0.9996602489229865,0.35633704200783645,0.3562159761140345,0.998960244074967,0.5009949428522977,0.5004740303920555,0.9937677716971022,0.7112359343073764,0.706803349587548
95.05082962189506,0.9998120613138397,0.2918378459159647,0.2917829982946314,0.9996334162322321,0.36807685305255455,0.3679419220529344,0.9988755711291106,0.513636026005731,0.5130584788289613,0.9931852027257849,0.7211511172035956,0.7162366185357794
96.82153059967081,0.9997973514481877,0.3024765098117379,0.3024152133850673,0.9996044223257009,0.37998748062504745,0.379837166061199,0.9987837118004018,0.5262687986106912,0.5256287040811243,0.9925404781007657,0.7308295749640067,0.7253779357449546
98.62521794868779,0.9997814746149517,0.313343109204409,0.3132746357808179,0.9995730874627875,0.39205659238541474,0.3918892185108286,0.9986840138522357,0.5388763788122544,0.53816722496238,0.9918256592307034,0.7402645914683257,0.7342134164382195
100.46250617173403,0.9997643361995128,0.32443020782067256,0.3243537513649047,0.999539216160143,0.4042710644099616,0.4040847828365597,0.9985757594935499,0.5514419517228548,0.5506565657582553,0.9910315666123055,0.7494501707089131,0.742728776775514
102.33402121916424,0.9997458336395947,0.3357294394717484,0.33564410834203695,0.9995025956988163,0.4166170274254946,0.4164098003241068,0.9984581578174144,0.5639488555066183,0.5630793353723774,0.9901475454829289,0.7583810189741171,0.7509091044780647
104.24040070215558,0.9997258557191641,0.34723151129213403,0.3471363197591873,0.9994629944732231,0.42907992050936783,0.4288495022206253,0.9983303362174933,0.5763806656919351,0.5754183037694922,0.9891611796026607,0.7670525222091379,0.758738577685587
106.18229410993847,0.9997042817941356,0.35892621444486433,0.358820073428691,0.999420160162753,0.4416445519127313,0.44138846880762916,0.9981913306209053,0.5887212767682655,0.5876564746221531,0.9880579400939618,0.7754607190859273,0.7662001207238236
108.16036303107094,0.9996809809425214,0.37080244259358086,0.3706841495478339,0.9993738177041432,0.45429516654237373,0.4540106949519916,0.9980400743467274,0.6009549801711059,0.5997771530890066,0.9868207526026059,0.7836022703683639,0.7732749821860196
110.17528137883873,0.9996558110307512,0.3828482183437915,0.382716446210141,0.9993236670396421,0.4670155195184457,0.46669966152959674,0.9978753853641709,0.6130665378232449,0.6117640076842485,0.9854294612614964,0.7914744252182414,0.7799422164450642
112.22773562085071,0.999628617686847,0.3950507277472751,0.3949040128941915,0.9992693806123613,0.4797889551142335,0.4794384120016521,0.9976959516818938,0.6250412504791056,0.6236011252371922,0.9838601616785574,0.799074985158457,0.7861780440912903
114.31842501291504,0.9995992331699665,0.40739636284638187,0.40723309189747675,0.9992106005760258,0.49259849028306013,0.49220963331858014,0.9975003145484163,0.6368650202099345,0.6352730579842931,0.9820843669539393,0.8064022665026805,0.7919550594085069
116.44806183726855,0.9995674751244706,0.4198707721112542,0.41968916755780833,0.999146935681398,0.5054269018891046,0.5049957402334414,0.9972868490809801,0.6485244064684003,0.6467648618789836,0.9800679599332215,0.8134550621911928,0.7972412432990741
118.61737164524791,0.9995331452051012,0.43245891849539014,0.4322570229756938,0.9990779577959221,0.5182568166859797,0.5177789620284442,0.9970537418638764,0.6600066752791316,0.6580621252421945,0.9777698707095986,0.8202326041639295,0.8019987273251628
120.8270935044776,0.9994960275580995,0.4451451447063762,0.44492080382079835,0.9990031980063796,0.5310708030314415,0.5305414305962262,0.9967989649639045,0.6712998412141415,0.6691509869026897,0.9751403997705979,0.826734527689166,0.8061822378349698
123.07798025066658,0.999455887140996,0.4579132451621764,0.4576640886771754,0.9989221422464278,0.5438514632902304,0.5432652687737314,0.9965202456960306,0.6823927019261766,0.6800181429846517,0.972119082895827,0.8329608395030733,0.8097371273858658
125.37079874409197,0.9994124678614629,0.4707465439823046,0.4704699652586097,0.9988342263815454,0.5565815258609218,0.555932677801554,0.9962150313311697,0.693274865126166,0.6906508414827759,0.9686319625547525,0.8389118922822012,0.8125968726318297
127.70633013086449,0.9993654905128401,0.48362797825074083,0.48332111171028475,0.9987388306728563,0.5692439357672447,0.5685260227757926,0.9958804477639935,0.7039367680005891,0.7010368637139651,0.9645880908308452,0.8445883689896263,0.814679882381641
130.08537010905707,0.9993146504807648,0.4965401856867044,0.49619988210916305,0.9986352735282267,0.5818219427795414,0.5810279149723715,0.9955132509393505,0.7143696891692286,0.7111644916373921,0.9598750402577819,0.8499912821883195,0.8158854162092769
132.5087291997954,0.9992596151916304,0.5094655957732138,0.5090883951857164,0.9985228044334606,0.5942991860771508,0.5934212899542797,0.9951097695729887,0.7245657533790895,0.7210224598855447,0.9543531430715413,0.855121995770513,0.8160883643731983
134.97723302339418,0.9992000212692609,0.5223865233242638,0.5219686252163797,0.9984005959378943,0.6066597745261919,0.6056894804184986,0.9946658373562296,0.7345179292196261,0.7305998911204031,0.9478481233892991,0.8599822800924074,0.8151325903336389
137.49172258064192,0.9991354713611601,0.5352852634214863,0.5348224939813094,0.998267734546542,0.618888361727678,0.6178162827991099,0.9941767124173589,0.7442200202206812,0.7398862130181773,0.9401417500315109,0.8645744167458492,0.8128225051919156
140.05305453932198,0.999065530589757,0.5481441866218475,0.5476319626470468,0.9981232103444065,0.6309702150858002,0.6297860167131396,0.9936369812763509,0.7536666497617796,0.7488710547579555,0.9309601651673134,0.8689013767616596,0.8089125692241406
142.66210152607368,0.9989897225771668,0.5609458333301713,0.5603791224193255,0.997965905146665,0.6428912782529501,0.6415835764126019,0.9930404438545459,0.7628532402770162,0.7575441203205667,0.9199597328872271,0.8729671064600935,0.8030945860783631
145.31975242368955,0.9989075249837933,0.5736730062443345,0.5730462828175403,0.9977945789299905,0.6546382264236577,0.6531944734858692,0.9923799752424384,0.7717759872845916,0.7658950351541914,0.9067108002027084,0.8767769683048939,0.7949831465310351
148.02691267395085,0.998818364491507,0.5863088598164519,0.5856160564487487,0.9976078542537685,0.6661985140710871,0.6646048701295062,0.9916473588329164,0.7804318288045466,0.7739131617831715,0.8906810514267202,0.8803383976143085,0.7841007295984264
150.7845045861051,0.9987216111507219,0.5988369857292288,0.5980714392041373,0.997404198323543,0.677560414843934,0.6758016023831812,0.9908330840225197,0.7888184107535409,0.7815873786606736,0.8712228403942716,0.8836618416223414,0.7698663796062493
153.5934676510897,0.9986165719972284,0.6112414934612584,0.6103958848627482,0.997181902280369,0.6887130534654955,0.6867721927800442,0.9899260998746638,0.7969340489230815,0.7889058149077506,0.8475740398598605,0.886762023745604,0.7515964708603671
156.4547588616096,0.9985024838285826,0.6235070851062252,0.6225733731632853,0.9969390572159049,0.699646429597513,0.6975048519074186,0.9889135138002871,0.8047776881595337,0.7958555314259161,0.8188906578652778,0.8896594763409774,0.7285338338569416
159.36935303817745,0.9983785050107273,0.6356191237161327,0.6345884704919411,0.996673526310329,0.710351433746507,0.7079884683917291,0.9877802212750799,0.8123488593732437,0.8024221360642615,0.7843413467331726,0.892382027972935,0.6999321216207715
162.3382431612278,0.9982437061626657,0.6475636945548645,0.6464263824288363,0.9963829123638215,0.7208198553975027,0.7182125868106324,0.9865084486543194,0.8196476350138221,0.8085893168606675,0.7433025100420368,0.8949654266938079,0.6652300480623499
165.36244070941805,0.9980970595395864,0.6593276587724293,0.6580729974938815,0.9960645198368919,0.7310443836573585,0.7281673729871234,0.9850771859671608,0.8266745836639355,0.8143382725862438,0.6956772450012135,0.8974515900632608,0.6243366496971677
168.44297600423153,0.9979374269018618,0.6708986991389029,0.6695149215304831,0.99571531031923,0.7410186007764742,0.7378435660244687,0.9834614797727902,0.8334307244315886,0.8196470135375986,0.642285147050047,0.899882690553904,0.5779812862302062
171.5808985610005,0.9977635456175792,0.6822653576070725,0.6807395022580783,0.9953318501126803,0.7507369689904622,0.7472324162932626,0.9816315472104794,0.8399174818703624,0.8244894972575336,0.5851212128595249,0.9022907961910588,0.5279494850192987
174.77727744646808,0.9975740126981316,0.6934170646010341,0.6917348436074132,0.9949102483064861,0.7601948111858579,0.7563256083582242,0.9795516605736181,0.8461366422422629,0.828834552980594,0.5271779763724358,0.904686936207909,0.47693102828066436
178.0332016430114,0.9973672664079734,0.7043441600515613,0.7024898095210458,0.9944460833531495,0.7693882859410315,0.7651151675318518,0.9771787361713465,0.852090312079084,0.8326445342612876,0.47171228025300027,0.9070571165410876,0.42786998076330784
181.34978041964956,0.9971415650184979,0.715037906315423,0.7129940169509109,0.9939343156786244,0.7783143575293162,0.7735933483337492,0.9744605407477269,0.8577808802260245,0.835873620388113,0.42131194096327573,0.9093696120375162,0.38312827630054697
184.7281437099634,0.9968949621890318,0.7254904932227402,0.7232378178097856,0.9933691832640561,0.7869707614946937,0.7817525025986761,0.9713334018857165,0.8632109849116473,0.8384656625193502,0.37734347058581497,0.9115886931679956,0.34398204122679904
188.16944249705557,0.9966252783513504,0.7356950355922002,0.7332122696287832,0.9927440763791421,0.7953559664226857,0.789584924278929,0.9677192740235379,0.8683834879505216,0.8403514385335064,0.34000166753714994,0.9136856524492184,0.3106546454375031
191.6748492056815,0.996330067342894,0.745645563637155,0.7429090946325367,0.9920513866824271,0.8034691325315978,0.7970826670844984,0.9635219674337381,0.8733014590535575,0.8414451399900378,0.3087129127851395,0.9156427894671874,0.28267075260712565
195.24555810168613,0.9960065773723077,0.7553370067554056,0.7523206268610952,0.991282324669333,0.8113100677034896,0.804237329940749,0.9586222930527715,0.8779681745520566,0.8416398647164484,0.28255799092786893,0.917452075304022,0.25923341517050835
198.88278569888098,0.9956517051974889,0.7647651712519559,0.7614397468326595,0.990426697862104,0.8188791815620429,0.8110398037425165,0.9528718132078379,0.8823871368632846,0.8408018310541906,0.26055666426832425,0.9191118589704464,0.239480720062798
202.58777117350172,0.9952619421526913,0.7739267125852897,0.7702598030514831,0.9894726400877032,0.8261774381879929,0.8174799709447685,0.9460848251280896,0.8865621240610528,0.8387629721074888,0.24181060349028727,0.9206237067097957,0.22261657410696092
206.3617767863859,0.9948333103409163,0.7828191027580337,0.7787745193948805,0.9884062795344255,0.83320630804448,0.823546347018859,0.9380281628542558,0.8904972833926564,0.8353115307675192,0.2255540832005656,0.9219900206052308,0.20795861381768344
210.20608831301587,0.9943612869222636,0.791440593488208,0.7869778870634546,0.9872113298210035,0.8399677196675691,0.8292256495397368,0.9284084362221318,0.8941972889958931,0.8301803067507467,0.21115768168910287,0.9232123493613387,0.1949433793978904
214.12201548157293,0.9938407139335546,0.7997901758024402,0.7948640393165403,0.9858685837930612,0.8464640116650475,0.8345022764120136,0.9168565473106719,0.897667592779469,0.8230324097484661,0.19811286888088694,0.9242900843464672,0.18311376028803558
218.11089241915198,0.9932656904514908,0.8078675366869541,0.8024271066207126,0.9843552838327042,0.8526978855643268,0.8393576691682196,0.902909970172265,0.9009148080782383,0.813444962489674,0.18601158156015876,0.9252192128030061,0.17210148906333225
222.17407810628825,0.992629443119885,0.8156730134178629,0.8096610490768917,0.9826443346624879,0.8586723600645089,0.8437695299486576,0.8859948041283451,0.9039472756834901,0.800892589461545,0.1745268500202363,0.9259908067863046,0.161610258656111
226.31295683995296,0.9919241700517687,0.8232075461708729,0.8165594620158961,0.9807033143258622,0.864390727287842,0.8477108511237292,0.8654128256126008,0.9067758628548158,0.7847354616704904,0.16339639228614175,0.9265889143379421,0.15140128573515257
230.52893870517062,0.9911408518237309,0.8304726294837587,0.8231153494028263,0.9784932254155598,0.8698565117055658,0.8511487037875067,0.8403449081100283,0.9094150169649373,0.76422227886528,0.15240869446570732,0.9269875793398666,0.14128096675311536
234.82346005542766,0.9902690216156323,0.8374702631148343,0.8293208580869131,0.9759669106377817,0.8750734325528239,0.8540427145497788,0.8098925145064336,0.9118839921493946,0.7385280193400382,0.1413884479717961,0.9271473589331075,0.13108792612070183
239.19798400202373,0.9892964843982321,0.8442029028092469,0.8351669638679704,0.9730670331006929,0.8800453707773619,0.8563431379363268,0.7731926867849338,0.9142079158572799,0.7068588747417449,0.13017301772354936,0.9270149696520175,0.12067233607450764
243.6540009125466,0.9882089722798612,0.8506734114546487,0.8406430976794018,0.9697234906829637,0.8847763419331929,0.8579884027731592,0.7296502096523797,0.9164178958273123,0.668664509819591,0.11856483500671666,0.9265412876763824,0.10985521490026108
248.19302891862526,0.9869897194847935,0.8568850110814327,0.8457366967179875,0.9658500937038691,0.8892704770028164,0.8589019735412545,0.6793063895882141,0.918548799960257,0.6239760689615889,0.10626868151439305,0.9257520507265016,0.09837844983995084
252.81661443315008,0.9856189356740567,0.8628412361436777,0.850432660823619,0.9613402843699514,0.8935320140144372,0.8589883204462945,0.6232632553379831,0.9206333314377659,0.5737969271245543,0.09296490702034757,0.9248474322873753,0.08597835555060304
257.52633267711985,0.9840731500638698,0.8685458885096999,0.854712688480763,0.9560616149005079,0.8975653046688719,0.858127734660388,0.5639047624165957,0.9226928552808278,0.5203108953406255,0.07864996106049471,0.9241027230749153,0.07268064318573922
262.3237882163124,0.9823243905525839,0.874002994601726,0.8585544590132738,0.9498486323158623,0.9013748422285423,0.8561696610947069,0.5045749077958194,0.9247293455451148,0.46659522426451466,0.0637290595827954,0.923617701015581,0.05886128749974647
267.21061550794326,0.9803391511744943,0.8792167651613919,0.8619306172567036,0.9424937540156394,0.9049653199577276,0.8529241616609229,0.4486703931301481,0.9267249577302187,0.4157940511083371,0.04871297541281269,0.9233351346535404,0.04497840171216401
272.188479457518,0.9780770867879506,0.8841915581942291,0.8648075034011103,0.9337356918022571,0.9083417338295594,0.8481510972302053,0.39865524031496136,0.9286509292500378,0.370211559368886,0.03406492816092733,0.9231757413299959,0.03144791530831714
277.2590759860481,0.9754893548451893,0.8889318457810057,0.8671435527422565,0.923245067464798,0.9115095494256066,0.8415466954542518,0.355617723632006,0.9304795008025576,0.33089500196165084,0.02020589078063671,0.923084869086145,0.01865175204601298
282.42413260784355,0.97251649895445,0.8934421856653895,0.8688872664215163,0.9106072206358582,0.9144749610677564,0.8327275026389943,0.31947057057033657,0.9321913706324517,0.29780770905669346,0.00752308421753417,0.9230279849909745,0.006944017266227967
287.6854090190592,0.9690857360185149,0.8977271988792176,0.8699746232697063,0.8953031645056377,0.9172452803078365,0.8212126020874667,0.2894371474473515,0.933776913330747,0.2702697261466442,0.0036467743540656815,0.9229787100410521,0.0033658950891263337
293.0446976972144,0.9651074661670207,0.9017915552142217,0.8703257628636145,0.8766918150402181,0.919829497064845,0.8064069913093099,0.2644832833871509,0.9352338139108853,0.2473537098378386,0.013048429764814806,0.9229106513125435,0.01204253481285121
298.50382451187295,0.9604707709711379,0.9056399691907359,0.8698407194309036,0.8540010653047767,0.9222390489408798,0.7875931302611755,0.243578035373211,0.9365639521568485,0.22812640746773513,0.020542556255745237,0.9227928729977051,0.018956524505956127
304.06464934670686,0.9550376005289762,0.9092772104550161,0.8683939252886395,0.8263434768765618,0.9244887868142382,0.7639452784294721,0.22581026732645332,0.9377708660539528,0.21175828995460272,0.026134644853923285,0.9225855339357855,0.024111445276778942
309.72906673314066,0.9486352781625816,0.9127081344663128,0.8658271350207016,0.7927852929062055,0.9265979876940033,0.734593257080291,0.2104207560993458,0.9388580026908708,0.19755521079613467,0.029994828920083833,0.9222293016255303,0.027662110127346172
315.4990064958088,0.9410468870653145,0.9159377421979112,0.8619403610409769,0.7525119821871381,0.9285909689451243,0.6987758306819707,0.19679517828913026,0.939827527504243,0.18495352583622998,0.03248732399028464,0.921616222237924,0.02994084480654561
321.37643441002757,0.9319990833110386,0.9189712817235041,0.856480392155476,0.7051334379586515,0.9304963832551003,0.6561241137327598,0.18444338513702618,0.94067938497734,0.17350209009383646,0.034257726428299495,0.9205377425307566,0.031535530150543056
327.36335287152474,0.9211469891490515,0.9218144103189797,0.8491265686195365,0.6511178763301373,0.9323438904048101,0.6070657739297582,0.17297688164552008,0.9414103247134579,0.16284222231783044,0.03606403730467549,0.9188733691925093,0.03313828346483151
333.46180157863625,0.9080562415198226,0.9244734430851224,0.8394738801127658,0.5921926986862143,0.9341574914374812,0.5532012458523061,0.1620892121080943,0.9420126126598842,0.15269008218192806,0.037289211311763396,0.9173390168572897,0.03420684844411676
339.67385822722093,0.892183371534345,0.9269557219602236,0.8270144812815252,0.5313653041529753,0.9359474200270146,0.49732998551384716,0.15154041317693084,0.9424721178169724,0.14282261414172104,0.037303160416073906,0.9162730307016747,0.03417987984918678
346.00163921851095,0.8728581669742356,0.92927014312051,0.8111210337480539,0.4722768083239526,0.9377058814747447,0.44285674084949095,0.14114442464063606,0.9427654981615525,0.13306609380905496,0.03648025024211981,0.9154289154755727,0.033395075915421235
352.4473003801584,0.8492766992380726,0.9314278696734282,0.7910399867345987,0.4181102924929068,0.9394111678850559,0.3927774781755239,0.13075471022290736,0.9428568490129341,0.12328297407436971,0.03512678803351377,0.9146401250401048,0.03212836979923029
359.01303770070683,0.8205228550156428,0.9334432040839918,0.7659114828099464,0.3707550195856568,0.941037889819175,0.3488945212707534,0.1202339950947439,0.9426977101971502,0.11334431186367047,0.03331030141356078,0.9138305268675024,0.03043997029086956
365.701088077749,0.7856502778912098,0.9353344520161508,0.7348457721477113,0.3306881071974561,0.9425660241444869,0.31169537443297207,0.10937787661754364,0.9422472461203021,0.10306100302936667,0.03086425256745528,0.9129733867692531,0.02817824119661126
372.513730080021,0.7438711280050603,0.9371243137038856,0.6970997203158773,0.2973920032827524,0.9439843514365079,0.28073339734127284,0.09779722178292855,0.9415475983131192,0.09208073929141183,0.027511213626436,0.9120769471011168,0.02509234373544639
379.45328472369386,0.6948931087568437,0.9388388982315875,0.6523926806139979,0.26987370964896723,0.9452893137336433,0.25510873378882476,0.08502413762015257,0.9408052550731311,0.07999115548110064,0.023254245906440905,0.9111729703984163,0.02118864031694697
386.5221162631262,0.6393770121799774,0.9405041914419245,0.6013367598668832,0.24703444281353215,0.946482209039668,0.23381370514303543,0.07103580009737288,0.9402440014367182,0.06679098492881269,0.01844248095041416,0.9102675659811637,0.016787592245387475
393.722632996348,0.5793150330153461,0.9421396165934945,0.5457956430919259,0.2278595663111809,0.9475665963942295,0.2159121137053509,0.05632856661671453,0.9399032582064537,0.05294340329314927,0.013235558344405414,0.9092215192873475,0.01203405446651662
401.0572880855496,0.517952126364067,0.9437510108396963,0.4888178428226583,0.21148728740251413,0.9485464566268785,0.20060551708728505,0.041489075340826444,0.9397155285092631,0.038987928361265356,0.008647272385871277,0.9075519475303749,0.00784784889462311
408.52858039285616,0.45900814221998476,0.9453281251017692,0.4339133064912644,0.19721549081216383,0.949424996108531,0.18724131659688067,0.02702537342435031,0.9396156706932709,0.025393464375857017,0.008861296951763973,0.906037256819537,0.008028665182039554
416.1390553316707,0.4055411678001405,0.9468499048362321,0.38398661613873747,0.18448381696861765,0.9502038128895988,0.17529722630000735,0.013382808833518401,0.939563092712963,0.01257399325680691,0.010236449880119325,0.9051404775775558,0.009265425133189918
423.89130573387786,0.3592007947766029,0.9482941464166259,0.34062801107485224,0.1728495742371824,0.9508821552708298,0.1643595756882973,0.0009582464038707556,0.9395324821791013,0.0009003036223678886,0.011906605197688248,0.9044138142747118,0.010768498221904338
431.7879727332022,0.32023757523546775,0.9496447937053212,0.30411194607117803,0.16196540047505642,0.951456028624564,0.15410295671058424,0.009912857051870234,0.9395034635540475,0.00931316353394825,0.0141885756764754,0.9036768435468754,0.012821887281743261
439.83174666502237,0.2879867978560543,0.9508939129454096,0.2738448930899622,0.15156135899003298,0.9519168924396482,0.14427381786372212,0.018984631732112327,0.9394544500134008,0.017835196762598544,0.017726124285303974,0.9028168639959956,0.01600344393806139
448.025367982949,0.26138689354863776,0.9520400269066489,0.24885078516709047,0.141431548633252,0.9522496489805475,0.13467814254078944,0.026133468948043526,0.9393592657678529,0.02454871620300115,0.02357058650607767,0.9017142022304516,0.021253932607431674
456.3716281924759,0.23932185951672888,0.9530854491231091,0.22809418196247916,0.13142277627732876,0.9524297332813073,0.12517095975690515,0.03138583018452435,0.9391829915212055,0.02947703788407813,0.029763633447266603,0.9005010670486588,0.02680218367850873
464.8733708020257,0.220785791120553,0.9540340443969821,0.21063716124812848,0.12141649252412953,0.9524202685166173,0.11563952841217731,0.034940017689986384,0.9388703483336344,0.03280414657938086,0.03255872504668892,0.8995447617432041,0.029288030564786276
473.53349229171164,0.20493569662719088,0.9548897154515043,0.1956909890381941,0.11127779859653651,0.9521760200532099,0.1059560513879328,0.037213322456862236,0.9383120704880726,0.034917709644238695,0.03332787238402271,0.8984315163456507,0.029942810922551858
482.3549431001468,0.19109034113385395,0.9556554376986179,0.1826165235962514,0.10072526260383008,0.9516784613782829,0.09585806293673652,0.03898849158351019,0.9372872597766398,0.03654341643913285,0.03329600296729023,0.8975106034262664,0.029883515714855414
491.34072862963626,0.17870905330341472,0.9563325736053343,0.17090528887222747,0.08920506244392094,0.9510260837816648,0.08483634118954099,0.041022444669235415,0.9357758911751115,0.03838781471853547,0.03248955491798377,0.8970847285351612,0.029145883553827683
500.4939102700954,0.16736679334586035,0.9569202257351347,0.16015666966908632,0.0762551390912146,0.9504420452705045,0.0724760903602408,0.0421516057421068,0.9345832448183621,0.03939418446876248,0.031239950477636152,0.8967617963118539,0.028014794107018355
509.81760644204246,0.15673213437009742,0.9574144089267327,0.15005760378777205,0.062104421513131766,0.9500564149963235,0.059002704058186514,0.04200665367649671,0.93378330825098,0.03922511203859229,0.029779495175946382,0.896397270229415,0.026694258184528367
519.3149936590212,0.146550235172563,0.9578068003830545,0.14036681184601674,0.04738941306058067,0.949840243505417,0.04501237164104073,0.04107825905132359,0.933131406980328,0.03833141366486398,0.028380434804156036,0.895830357046402,0.025424055043739235
528.9893076098151,0.13663053253383878,0.9580827835206409,0.13090336092392774,0.03271286521068602,0.9497269757164314,0.03106829054356409,0.039650157930223376,0.9325042436514394,0.036973940531383066,0.027117696713518116,0.894773959768419,0.02426420886815365
538.8438442608224,0.12683601688450735,0.9582186386322035,0.12153663542860381,0.018578298375133435,0.9496699291426548,0.017643251301504067,0.03774678532857099,0.9318492027646547,0.03517431181535744,0.025193659131734776,0.8940824427794808,0.022525208299055
548.8819609789672,0.11706271140692619,0.9581790766205379,0.11216704072258504,0.005423771681402807,0.9496418381295583,0.005150640509122407,0.03514146298479506,0.9311515612979604,0.032722028124586404,0.022772271877169348,0.8933670354694876,0.020343997017811963
559.1070776755294,0.10717505306301844,0.9579228636516516,0.10266543374214435,0.00636999785302546,0.9496242988292135,0.0060491047447228975,0.03153453173159479,0.9304246575481065,0.029340505887308983,0.021993198305782592,0.8930588290909537,0.01964121992692735
569.522677971282,0.0968419454946744,0.9574425887794723,0.0927206029968616,0.01649677552284464,0.9496002580603208,0.015665342293656456,0.02700861325735479,0.9296974804385872,0.025109839695502973,0.021743914418969962,0.8928741046967963,0.019414578119441566
580.1323103833379,0.08541759850526598,0.9568519672367422,0.08173199716640196,0.024754299341903565,0.9495500644533483,0.02350544653560201,0.021904389637921327,0.9289601239688382,0.020348304513505132,0.02200197807668041,0.8926841620068008,0.019640817361873456
590.9395895340965,0.07245452322012545,0.9563571854843007,0.0692924039024061,0.03107557331108395,0.9494487822428892,0.029504665237708283,0.0161271264458945,0.9280248981033884,0.014966374876651704,0.02279632132174771,0.8923690180483379,0.020342730873002392
601.9481973827275,0.05828932418233145,0.9560463898393373,0.05572729795069277,0.035553902860667924,0.9492606626313165,0.03374992138864709,0.011536984786377111,0.926330696677605,0.01068706315472364,0.024988816977063483,0.8916008606482196,0.022280050723330645
613.1618844795769,0.04360795948797504,0.9558776319818225,0.04168387305092483,0.03847108332050059,0.9489219970942214,0.03650605721486761,0.012409811650360673,0.9252072751940691,0.011481648022701811,0.028103533216859156,0.8910598647721385,0.02504193050783382
624.5844712439618,0.02902218479934797,0.9557916891620134,0.027739163032540905,0.04039488246699525,0.9482932648016666,0.038306194975906524,0.013882690277604312,0.9245413586956787,0.01283512133160758,0.03052477388605732,0.8906416888198875,0.02718663616472329
636.2198492657484,0.0150368629636982,0.9557502419710919,0.014371485416040705,0.0423580975410257,0.9471439117762038,0.04011921420040508,0.015654604989661626,0.9239703798489006,0.014464391318682148,0.032352450878656215,0.8903282100380583,0.028804299681138193
648.0719826311972,0.002087827113621605,0.9557311278344237,0.001995401362024866,0.044339061392056435,0.9458560123228551,0.04193836779842876,0.018148800353001194,0.9233637658175048,0.016757944639017242,0.0334526991132055,0.8899776864384945,0.02977215576189371
660.1449092734883,0.0094512314013604,0.9557187361250626,0.009032718929733667,0.04490211490072821,0.9450198011274481,0.04243338769368799,0.02221422475344633,0.9226241308504926,0.020495379805665917,0.03383058115270241,0.889562150535328,0.030094404524057893
672.442742348425,0.019286465680783172,0.9556978336085059,0.018432033469089275,0.0443737173656982,0.9444233283505805,0.04190757384580065,0.02913567381660998,0.9216386797895638,0.026852563951119783,0.03372690931897148,0.8889065635161326,0.029980071060747168
684.9696716357441,0.02723319332059536,0.9556504030234929,0.02602541217244365,0.043213626889342785,0.9438946858461587,0.04078911277698932,0.03517921673169848,0.9206475044168261,0.03238765809137686,0.03317499769125546,0.8882437491016459,0.029467484325719197
697.7299649665539,0.033246222282339276,0.9555531384840507,0.03176853204462767,0.04159798635365214,0.943360260946111,0.039241887261414046,0.0373968661675015,0.9198864557320535,0.0344008706743089,0.03208876260206198,0.8877415968329503,0.028486529352747963
710.7279696773412,0.037444235509921514,0.955371414715094,0.03577315225203888,0.039435477447481465,0.942791425430427,0.03717942999524051,0.03797790104323319,0.9186614679108799,0.03488883432055074,0.030741823818997743,0.8872777917096655,0.027276537551247912
723.9681140910878,0.040144262598465666,0.9550401731361523,0.03833938350246181,0.03640199886277668,0.9421874235110497,0.03429750551917172,0.037766033832006045,0.9180380294964366,0.03467065528103059,0.029329264819262017,0.8867468480467461,0.02600763313400891
737.4549090259546,0.04199360211009131,0.9544114785261688,0.04007917587853189,0.032293863149742426,0.941569136729258,0.030406904847555774,0.03684908132822125,0.9177409149611362,0.033817909613639084,0.028139057050764426,0.8861412903525258,0.024935180324267725
751.192949332097,0.044120604740071595,0.9532809920544871,0.04205933385665936,0.02738997986277148,0.9409565113412669,0.025772779897381005,0.035549144610722554,0.9174927253848177,0.03261608157399084,0.027984708011785084,0.8854258946646794,0.024778385128264628
765.1869154570819,0.04600414951960552,0.9521747408571035,0.04380398914718183,0.02184971783099291,0.9402928097431787,0.020545132571399956,0.034104015953142074,0.9171800831365862,0.031279524187194305,0.02985039119304103,0.8847623979179262,0.026410503690743128
779.4415750404951,0.04637257194567737,0.9514846494896381,0.044122790363665856,0.015287686402320208,0.939212356427554,0.014358383970248637,0.03284170657178611,0.916619781334635,0.030103357896486826,0.03269422240505517,0.8842639134264278,0.028910321050328085
793.9617845382276,0.04572538361133672,0.9509762406092351,0.043483753407124126,0.013747339709183867,0.9377040866998645,0.012890936626553039,0.03152365948753395,0.9156118563893672,0.02886343638356725,0.03597568429353295,0.8837470691170214,0.031793405553889
808.7524908770457,0.04448947346603595,0.9505123509443729,0.04228779401647913,0.015129212518602992,0.9369914807762059,0.014175943240783728,0.029445122734378406,0.9150860741604998,0.026944821766176418,0.03848353168966887,0.883174529716971,0.033987675001871456
823.8187331399602,0.04280076792428452,0.9500359297368148,0.040662267348397285,0.016709786087113456,0.9364884876562857,0.015648522301780925,0.027340843029540474,0.9144118572909034,0.025000791054541154,0.03966608311365152,0.8825794016314492,0.035008467899509885
839.1656442830161,0.040520737337094694,0.9495262984790366,0.038475505735332816,0.018738649641297546,0.936004654944009,0.017539463291619387,0.02677606079465086,0.9142131340651759,0.024479026456997448,0.03998101802190363,0.8819727507345692,0.035262168441946726
854.7984528840407,0.03729656682691868,0.9489867357959964,0.0353939472094748,0.02180741031167938,0.9354499602114892,0.020399741108376095,0.02664124102505476,0.9140819155912379,0.02435227662990993,0.03958617513556797,0.8815471429821443,0.03489707959235074
870.7224849239923,0.03298907406689158,0.9484386506908804,0.031288112895544166,0.027238771622354798,0.9347257700033934,0.02546078177865217,0.026981260515870322,0.9139259848809058,0.02465887509029508,0.03872394868490599,0.8810800250559897,0.03411889767756383
886.9431656014705,0.02792500780823432,0.9478949678121562,0.026469974377540482,0.03520405627595599,0.9337927337881538,0.03287329195035696,0.027792527145603218,0.9136119292762866,0.025391584344958123,0.037330966938387666,0.8805666958461152,0.032872406209676595
903.4660211810526,0.022110851564331343,0.9472783180734715,0.02094513028103198,0.03945533642576097,0.9330481189944594,0.03681372743634985,0.03110876723808195,0.912785266922991,0.02839562440705783,0.03548563388207272,0.8800651014192249,0.031229667981351815
920.2966808760411,0.015119627438649266,0.9461342475288679,0.014305197329583248,0.040625203729075465,0.9323331493546291,0.03787622413590235,0.03410749791171608,0.9123355095582132,0.03111748148704118,0.03482160844953927,0.8796289176935576,0.030630093752817066
937.4408787662991,0.01473150236823089,0.9448971895453635,0.013919755185522235,0.041025017435155235,0.9311954253535174,0.038202308560664845,0.03648172053611322,0.9120383126487618,0.03327272684028038,0.034975194621698034,0.8792182789960751,0.030750830422842126
954.9044557518079,0.01619266965168677,0.9443202616615347,0.015291066042479644,0.04044327967076283,0.9308546124498174,0.03764681342412751,0.038243346479398484,0.9117856834072962,0.03486973580550036,0.03668851871315239,0.8786548339286245,0.03223654431699215
972.693361542617,0.017831637629819184,0.9438862373727039,0.01683103734860355,0.03932828871321374,0.930642856832821,0.03660059096241122,0.03922370777011444,0.9114915054098659,0.03575207644313826,0.03841812946047682,0.8781569431854812,0.033737147129916406
990.8136566858666,0.01999429815995713,0.9434519727422286,0.018863660042607866,0.03794228196545466,0.9304240024017157,0.035302409846552765,0.039509932902163106,0.9111280813397473,0.035998609359010024,0.039375722010365655,0.8776949498693096,0.034559872355955756
1009.2715146305709,0.02337230051460144,0.9429392494323294,0.02203865950474513,0.03655292878667977,0.9300929283803127,0.033997620576080016,0.03942578549109532,0.910423690020782,0.035894169108770815,0.03959346655490489,0.877245388710964,0.03473318595837209
1028.0732238308647,0.029552816047019467,0.9422494068354712,0.02784612339062189,0.03555025763251502,0.9293264630979569,0.03303779518784633,0.03876127151079237,0.9098511603658697,0.03526698786135096,0.03925467239455194,0.8766279902827198,0.034411744570442625
1047.2251898884344,0.03759278923095438,0.9414029969678128,0.035389964446399774,0.03383297226298616,0.9286653351594655,0.03141950852604695,0.037651251759083154,0.9094651397672857,0.034242500943487825,0.03837410414067515,0.8760551358083838,0.033617831014484234
1066.7339377348574,0.04116930095690491,0.9407726475096369,0.038730952257348454,0.031027127450860826,0.9281107817520314,0.028796611513938357,0.03627167891282245,0.909077287855838,0.03297375949204642,0.037169729318280914,0.8755892499402123,0.032545415414274304
1086.6061138545967,0.04204254317424913,0.9400281955013602,0.03952117599437744,0.030159433088030485,0.927806863023398,0.02798212900396964,0.03486065684859345,0.9086208781469945,0.03167512063855002,0.03628504988368269,0.8751068358047579,0.03175329519072736
1106.848488549412,0.04228459137080175,0.9391837494889136,0.03971300106923614,0.02980664693896909,0.9276839392136249,0.02765114764709258,0.03366502258980902,0.9080763371794255,0.03057041040441639,0.036313466967169326,0.8744745197965189,0.03175520158826215
1127.4679582449462,0.041590485784318225,0.9389191933761557,0.039050105364734536,0.029873101158909492,0.927576867458384,0.027709597594248687,0.033786525371970716,0.9074305436705743,0.03065892508702704,0.037766756809464896,0.8739351105886537,0.0330056947888545
1148.471547840289,0.04041774310378458,0.9387382501481117,0.037941681436182643,0.030383849267954382,0.9274081886113904,0.028178230612635094,0.03609435757795003,0.9069123749248869,0.032734419552406746,0.03929761847732094,0.8735072324527808,0.03432675395810988
1169.866413101307,0.0390183503538601,0.9385352369263568,0.03662009669383569,0.03148989623756775,0.9269115066993195,0.029188347167369153,0.039266578110044754,0.9065120316596648,0.03559562549885959,0.04024064206506279,0.8730427351302903,0.03513180021188143
1191.6598430985587,0.037686691375135674,0.9382029902741992,0.03535776654169316,0.03526203534454595,0.9264017752951944,0.03266681214370926,0.04274216879138512,0.9060667120811744,0.0387272563440289,0.04047529026407479,0.8725106333576542,0.03531512114364279
1213.8592626906277,0.036762638707471165,0.9373531677540284,0.03445957584744496,0.037980659020094946,0.9259216112367752,0.035167112995720874,0.04506055639224441,0.9055646395832687,0.04080524650876437,0.03997882145413757,0.8720835265643463,0.03486487160161064
1236.472235053715,0.034940134701618046,0.9368406036353191,0.03273333688496321,0.04014572191213329,0.9257116454716177,0.03716336228992688,0.04605237926119379,0.9050224246559664,0.04167843594014175,0.03900788736109134,0.8716594976749623,0.03400159550253039
1259.506464258358,0.03154994258674681,0.9361446209387342,0.029535309043508918,0.04160909189417441,0.9254823804660686,0.03850848141525193,0.04622683018785941,0.9045424468850919,0.041814130089867986,0.037970595035018054,0.8711931047991776,0.033079720579629615
1282.9697978941476,0.03089062858931701,0.9359344029729136,0.028911602026200436,0.042271496698989976,0.9252113927352187,0.039110070333874716,0.04573409309763264,0.9042002486020823,0.04135277834847021,0.03820767510571509,0.8707578206550337,0.03326963190734806
1306.8702297433463,0.03061342803988563,0.9358362816917188,0.028649156666683575,0.04236039354150957,0.9248059784247329,0.03917514519561249,0.04478458460299488,0.9037786381467299,0.040475350882461715,0.039497091758454256,0.8702860468132644,0.03437376784708592
1331.2159025043077,0.03075013923125751,0.9357408699685044,0.028774162035909538,0.042142262619087684,0.9242432562303905,0.03894970202798186,0.04324673340108866,0.9033477387442228,0.03906683882594769,0.04063053627232946,0.8698021560662355,0.03534052805179955
1356.0151105656334,0.031295727262504555,0.9355707584566074,0.029279367291432514,0.04120847382850372,0.9238187103809455,0.03806915914901525,0.04122941815023676,0.902861215894674,0.0372244426017527,0.04109974641466231,0.8693475368567589,0.03572996331102409
1381.2763028320094,0.03284196082501986,0.9349345461555614,0.03070508373879867,0.03997306544643356,0.9235045765958747,0.036915308880347816,0.040826152794057574,0.9025206425726898,0.03684644565346366,0.04088560077543361,0.868823448396371,0.035522368655469566
1407.008085602685,0.03640160608349857,0.9345366334647026,0.034018634401980996,0.038537301161596496,0.9231434976668474,0.03557545898495685,0.04126232077647941,0.9021523030699936,0.03722489771851374,0.04000873189665618,0.8683021410068136,0.034739667564834154
1433.2192255035739,0.03906911780840709,0.934170232214739,0.03649720685550465,0.03717360229696371,0.9227229137797106,0.034300934627142496,0.04362362868333167,0.9016301488593421,0.039332378823537,0.03912990791330372,0.867847716394382,0.033958801225283095
1459.9186524739787,0.04115964896490611,0.9339886315142472,0.03844264421033946,0.03637742769577798,0.9221475158170167,0.033545354581474805,0.04526086923147963,0.9012010605967942,0.04078914335494225,0.03909538084975789,0.8673220138429639,0.033908284450569655
1487.1154628089537,0.04250227374847439,0.9337793918916448,0.03968774733486263,0.037635791553329,0.9215471464109259,0.03468315630888677,0.046143101650092805,0.9008300595760281,0.041567093008475824,0.03998188034106055,0.8668353827342585,0.03465770854787855
1514.8189222583458,0.04305926742641811,0.9335298717329624,0.04019711239749942,0.040468940838435614,0.9211756661844586,0.03727900353662537,0.046235668989427874,0.9004281482775023,0.04163189781252208,0.04069757300818933,0.866411374434314,0.03526084016616616
1543.0384691835648,0.043108300377825204,0.9330807713510598,0.040223526168174324,0.044055873757581604,0.9208225035863113,0.04056763997113877,0.04586403054265261,0.8998117941136284,0.041268995607866496,0.04082187155163746,0.8659249466954441,0.03534867694735993
1571.7837177731628,0.04283841713554806,0.9325889635497793,0.03995063503655387,0.04729833422054679,0.9204084327602315,0.043533785672103094,0.04479654036255175,0.899331747807203,0.04028695093996958,0.04024508248744586,0.8655050226891142,0.03483232103142211
1601.0644613183179,0.041895216897714097,0.9322490925676964,0.03905677793582079,0.04897078451728117,0.9199669746074206,0.04505150447651508,0.043655646273096885,0.8989510812895525,0.03924429042159466,0.03939205274334547,0.8650740074505897,0.03407704092839087
1630.8906755493326,0.040618039305591526,0.9319683113471787,0.037854725501865465,0.04962917642517698,0.91940676316249,0.045629400455492124,0.04283585320361649,0.8985170650003039,0.038488745097297355,0.03933144408720169,0.8646239197246205,0.03400690735510607
1661.272522034293,0.03917607676518203,0.9316343913490407,0.03649778043257366,0.049460274578005926,0.9190814635476537,0.0454580215466225,0.04345573893561996,0.8979087958999805,0.039019290222626415,0.040128806158254975,0.864196329400677,0.034679166985195235
1692.2203516410373,0.037824251203272485,0.9312456444048112,0.03522366918592094,0.048783560157203365,0.9187673872065416,0.04482074410426688,0.04516231020942807,0.8974634267136832,0.04053152167885967,0.0408121252244775,0.8637144369696103,0.03525002175979281
1723.7447080636198,0.03722005744109208,0.9307318274383979,0.034641892079509774,0.047573601935060966,0.9183562299028956,0.04368951371598369,0.046772601054842294,0.89710027295347,0.04195971317304278,0.04089626370762701,0.8632680776267951,0.035304438953001636
1755.8563314144687,0.03897116427149857,0.9302160168587856,0.036251601200982815,0.04567207904959921,0.9179909560099445,0.04192655550970334,0.047596103497825816,0.8966689007870277,0.042677945805141074,0.04030712630418589,0.8627912683982938,0.034776636629478774
1788.566161883462,0.04200618419317872,0.9298994958489223,0.03906152950377386,0.04459934868755948,0.9175793068564941,0.04092343945498192,0.047735294732667626,0.8962037169749284,0.042780548570310446,0.039672591882714485,0.8623349169241863,0.03421106122534774
1821.8853434651655,0.04574812251543608,0.9295746195206137,0.042526293581068915,0.04451370089032026,0.9172983189222323,0.04083234299569785,0.0471171313835715,0.8958482397718834,0.04220979921307309,0.039958938581781234,0.8618773996170396,0.0344397060763226
1855.825227755517,0.048818185671421405,0.9291919477876681,0.04536146503148809,0.045883202986210854,0.9168881893044645,0.042069766905516066,0.04604168830225947,0.8954712927632313,0.041229010145026036,0.0405735160983722,0.8614431339122263,0.03495177686161991
1890.3973778192199,0.05027234531599696,0.9287909025262158,0.04669249697815439,0.048302936265687026,0.9164684049315648,0.04426811495292522,0.04511808957446839,0.8950393725908394,0.04038246658522948,0.04077833058198624,0.8610014138871983,0.03511020028704973
1925.6135721291967,0.050830704199180135,0.9282774297419877,0.0471849954459902,0.049630619375880286,0.9160295516278137,0.045463114013898305,0.04575191507361869,0.8946661206044996,0.04093268836914096,0.04030136812010874,0.8605869770154773,0.034682832560072305
1961.4858085794297,0.05055582740642648,0.9280041206234929,0.04691601615469389,0.05018359968997727,0.9157155617060251,0.04595390317853784,0.047381472321378064,0.8942346623872738,0.04237015490471947,0.03964312125284784,0.8601522347868235,0.03409911933956209
1998.026308572549,0.04981818384408577,0.9277059012929554,0.04621662314385574,0.05003749832069996,0.9152895017178553,0.04579879690516148,0.048459370252441125,0.89379844340597,0.04331290970006545,0.039830593075124786,0.8597266941823875,0.034243424111800924
2035.2475211835758,0.04850861906567275,0.9273290829295469,0.04498345323234904,0.04943764538212026,0.9147689575313627,0.04522402332900734,0.04881646581517314,0.8934036301163432,0.04361280776872605,0.04035581867978403,0.8592884117944063,0.03467728734001465
2073.162127401229,0.04637841616431959,0.926982793015672,0.04299199375164416,0.0480271112570457,0.9143612000911329,0.043914127085902664,0.04848828010286738,0.8929086788378584,0.04329560612577133,0.040465537300793226,0.8588471860636422,0.03475371284333961
2111.783044448242,0.04569575447815417,0.9266546456648816,0.04234418317434338,0.047002702928371345,0.9140193756793709,0.04296138118583291,0.047370538109932414,0.8924466280256871,0.04227567700397149,0.03993501622754008,0.8584114088003685,0.03428067354034826
2151.123430182165,0.045748864831053976,0.9263968057797605,0.042381602247538425,0.04641937278522888,0.9135593574799983,0.04240685237629822,0.046598425191631494,0.8920501214577968,0.04156813085193693,0.03958601526572844,0.857982254915041,0.033964098640790925
2191.1966875781472,0.0477112667390116,0.9259798247326106,0.044179670412760795,0.04799298798057719,0.9130796668318372,0.043821421475569784,0.04706567996862875,0.8915492685941292,0.04196137255191632,0.03998768799966847,0.8575623952117728,0.034291937499976756
2232.016469295232,0.04996294403266307,0.9256201977804474,0.04624671013720701,0.04983371662352962,0.9127535524754561,0.04548590188118185,0.04811108732870864,0.8911244180230341,0.042872964696250855,0.040327683894529065,0.8571555154957252,0.03456709667736372
2273.5966823277154,0.05121492537267535,0.9252453442487086,0.047386371257112925,0.0512166470470295,0.9124152356930673,0.04673084908682406,0.04880017867223964,0.8907426269080572,0.04346839934409328,0.04006205300544335,0.8567447624679824,0.03432295408612828
2315.951492743152,0.05163499463310303,0.92495515887581,0.047760054664413416,0.05175533274229499,0.9119411965210632,0.047197820067354256,0.048846388510727874,0.8903002290852763,0.043487950881089435,0.03953906082897719,0.856334373820789,0.033858656896444274
2359.0953305086337,0.05144057649126971,0.9245169326938174,0.04755768399371036,0.051488732169885594,0.9115842253216028,0.046936316027876644,0.048129245813528565,0.8899396177574032,0.04283212262224371,0.03970866216288647,0.8559201131416404,0.03398744261116096
2403.042894406967,0.050730907588168554,0.9240769053799393,0.04687926009119048,0.05064558279743057,0.9112665633947344,0.046151626186938036,0.04724408100495015,0.8895282646171405,0.04202494538976492,0.04000727388525479,0.8554931051116191,0.03422594696314761
2447.8091570444403,0.04942963270394753,0.923741474717904,0.045660201808708833,0.04937447357882904,0.9108973168340858,0.04497507550305084,0.047597765000166804,0.8891327281000447,0.042320730646063134,0.039766664273746415,0.8550854632544118,0.034003896542599124
2493.409369951878,0.04844743033376207,0.9234214106521375,0.04473739446127373,0.04933157896449876,0.9105260786065965,0.04491768914601672,0.04863123210149115,0.88873603643515,0.043220328464837074,0.03927874840357008,0.8546715728562762,0.03357042967790519
2539.859068780724,0.04805052702695605,0.9229357509471258,0.044347549245028844,0.05066617732735068,0.9101731437828204,0.04611499390149263,0.04928711532827985,0.8882893265709827,0.043781218483584065,0.03946324128913508,0.8542754977384871,0.03371248009464989
2587.1740785959214,0.049826687187069306,0.9225155796023566,0.04596589521004456,0.05227816637427497,0.9097735841456938,0.047561294794889034,0.04922956594639903,0.8878875184011302,0.043710317140113024,0.03970931308130562,0.8538884502198878,0.03390732380629237
2635.3705192673933,0.05170860263787958,0.9222303788044643,0.04768724419818121,0.05310284961319614,0.9093840422796939,0.04829088403781899,0.04846074347730374,0.887439896412093,0.04300599717155144,0.03937957736442929,0.8534906248331184,0.03361010009043088
2684.464810961963,0.05295839242099258,0.9219122491236871,0.048822990666812095,0.053135100406406316,0.9089953397714139,0.0482995586477095,0.04803450782529182,0.8870350298262804,0.042608291081498426,0.039078294598596706,0.8530975928941151,0.03333759905646995
2734.4736797375804,0.05342569823222672,0.9214733285301948,0.0492303559790997,0.05248749219638411,0.9085421691587422,0.04768710001380537,0.04867984004122657,0.8866113532754364,0.04316009885618367,0.03932614979321916,0.8527007857930982,0.03353343883089507
2785.4141632417663,0.05303341920839233,0.9211706575617199,0.04885282964494111,0.051363307312533,0.9081595771640429,0.046646079450696765,0.04935829380288669,0.8862250119891744,0.04374255451722845,0.03934480910366167,0.8523043970928432,0.03353375380182937
2837.303616516212,0.052108967982807765,0.9208748098469219,0.04798583598248744,0.050933400481773916,0.9077618435394985,0.04623539751907067,0.04947187531998848,0.8858094551042989,0.043822654920186804,0.038885920374926386,0.8519124243856011,0.03312739870106898
2890.159717909509,0.05079131093384268,0.9205086164197321,0.04675383935385594,0.05205674037188273,0.9073323171788126,0.0472327628663962,0.04880597943052867,0.8854392160073843,0.043214728163439825,0.03892566343166498,0.8515366806905448,0.03314663023227732
2944.000475100034,0.05108452948953932,0.9201900734787832,0.04700747694460826,0.05309872868140161,0.9069967637676729,0.04816037507420897,0.0482564105773066,0.8850138172990156,0.042707590134170706,0.03908071733708132,0.8511642376777143,0.03326410898011506
2998.8442312310276,0.05272532956436694,0.919853188771902,0.04849956252883237,0.053504223304969734,0.9065935613023356,0.048506584350767934,0.048729167914723176,0.8846339248951811,0.04310747506927789,0.03870414879965032,0.8507819016469427,0.03292878931739273
3054.709671159968,0.05423427886449215,0.9194806916296913,0.04986737224036079,0.05318119974507657,0.9062249409777328,0.04819412960010703,0.04930036690106227,0.8842016310227087,0.04359146482393722,0.038600245427571636,0.8504034370831709,0.03282578138386087
3111.61582782436,0.05495798450404471,0.9191447140558717,0.0505143409520572,0.052317125536716164,0.9058931225907138,0.04739372421742618,0.04927688702327838,0.8838064664200321,0.0435512313962228,0.03879210789216653,0.8500272886467576,0.0329743502924708
3169.5820887261157,0.054889666138119464,0.9187629691132495,0.05043059263469363,0.051851900095660305,0.9054847085205339,0.046951102644354814,0.048614997711886536,0.8833839130882728,0.04294570691350376,0.03849888398877339,0.8496572480207016,0.03271085582176945
3228.628202536731,0.054089572641327424,0.9183556051291786,0.049673462214204905,0.05273267135171463,0.9051503480738107,0.04773099582886636,0.048535417047559856,0.8829942964892656,0.04285649643072323,0.03834011615536435,0.849295109437475,0.03256207314601567
3288.7742858255106,0.053110617987545676,0.9180260898210171,0.04875693295908433,0.05376282396376175,0.9047504684891058,0.04864194016851077,0.04912083234762563,0.8825965606539368,0.04335387768647302,0.03849112127312739,0.8489328319186367,0.032676376586119715
3350.0408299131327,0.05295814508482915,0.9176265473589155,0.04859579982872429,0.054180574312512816,0.9043724210737272,0.048999417166172204,0.04941247811457936,0.8822149785135827,0.043592428318156504,0.03818355013718672,0.8485690379926846,0.03240137840705797
3412.4487078528896,0.05419499912019944,0.9172414409438452,0.04970989908496216,0.05380478325477892,0.9039831993367285,0.04863862010627429,0.048953032837351224,0.8818326399314061,0.04316838217961024,0.03808148308266182,0.8482067073350823,0.032300969375981224
3476.0191815419776,0.05521535823690435,0.9169390892345098,0.05062912029350426,0.05287369331526148,0.9035735785827463,0.04777527228175745,0.04856176322490972,0.8814345956057004,0.04280401813004807,0.03818770675946521,0.8478498689790317,0.032377442172622256
3540.7739089652696,0.05553852530792842,0.9165302054553498,0.050902736011162776,0.05301617013776865,0.9031949313267545,0.04788393614678949,0.048949756212230106,0.8810527681944135,0.043127318213227024,0.03783524079835969,0.8475010408059949,0.03206540595575528
3606.7349515740284,0.05499447660274491,0.9161970719487941,0.05038577843679135,0.05388113959725597,0.9028107426282534,0.04864447165345526,0.049239328563811406,0.8806410948638911,0.04336217621679774,0.037852046186293696,0.8471561754569616,0.03206659468040084
3673.9247818020744,0.05407682966008468,0.9158797675248207,0.04952787417755768,0.054394717160551706,0.9024499426339077,0.04908850938112752,0.048849245387256816,0.8802589449119648,0.04299998520433235,0.03783030254966966,0.8468101299497943,0.032035083418125804
3742.3662907219814,0.05396790457577136,0.9155085772700396,0.0494080795364097,0.054195953120240156,0.9020817533029586,0.04888918041263119,0.0485278461363733,0.8798723954689791,0.04269831222696082,0.03754188505270977,0.8464642082088885,0.03177786200581108
3812.0827958438886,0.055035609870640136,0.9151988093801954,0.05036852462712278,0.05344081025751892,0.9017380374893967,0.04818961136345833,0.04892257415680089,0.8794868111748285,0.04302675873962889,0.0376384285135327,0.846122931088553,0.03184673745543725
3883.0980490596053,0.05599877172712097,0.9148026398259952,0.051227824202983566,0.053512064185748984,0.9013504832330035,0.04823312491262034,0.04912529863477771,0.8791236619168967,0.04318721242856691,0.03736423390586744,0.8457876214802582,0.03160220652367564
3955.436244734702,0.056283436562953,0.9144653230275172,0.05146925099763959,0.054251803019070885,0.9010026220368688,0.04888101677041058,0.04864805407562182,0.8787439879789543,0.04274918504582773,0.037315484739427064,0.8454551345646704,0.031548568171718215
4029.1220279513477,0.055779995189406816,0.9140914872664111,0.050988018762398134,0.05466770081036274,0.9005962074348196,0.0492335240189941,0.04857234316807324,0.8783607317514855,0.04266403888799308,0.03727776115048591,0.8451226237894401,0.03150427931249471
4104.180502904709,0.05501074945286779,0.9137218703603702,0.05026452488000007,0.054300787649077094,0.9002385282182424,0.04888366115429647,0.04893707181299136,0.8779806531400041,0.04296580227312944,0.037044650609117366,0.844792014582393,0.03129502501757713
4180.637241455758,0.05545518528775144,0.913361500340783,0.05065063123609677,0.05371076398877996,0.8998468151370644,0.04833145991388218,0.04882210903893423,0.8776021416215279,0.04284638745104844,0.0371158258960312,0.8444672868721822,0.03134310079444175
4258.518291843415,0.0563434704312551,0.9130010046968865,0.05144164511184522,0.05413949924338831,0.8994874574767628,0.04869780052350048,0.04839541874464162,0.877225110685095,0.042453676564919766,0.036824728467554906,0.8441479596021367,0.03108551939878919
4337.850187558989,0.05676053781856871,0.9126498007042272,0.05180249352798148,0.05474295018433273,0.8991294179081532,0.04922099693381411,0.0486374410908049,0.8768558235188219,0.042648023461525915,0.03687120498764496,0.8438297494436983,0.03111301966641168
4418.659956385942,0.056367082472573264,0.9123109793913647,0.05142430821598715,0.05474336000754234,0.8987632287689381,0.049201318994039116,0.0487433795493747,0.8765018573297884,0.04272366270755775,0.03661901333293898,0.8435118802840773,0.030888572790615056
4500.975129608047,0.055611082087936026,0.9119725395083103,0.050715779756540125,0.05414002684392524,0.8984190775321037,0.04864043297468265,0.04828979767986825,0.8761318853475449,0.04230823148431447,0.03661137175004069,0.8431981747219652,0.030870641833701633
4584.823751389096,0.05596024497175535,0.9116205550737101,0.05101450958321241,0.05426343187544471,0.8980383600904023,0.04873064337430163,0.04840447931959417,0.8757562695679328,0.04239052623930594,0.03641952030789188,0.8428898043299253,0.03069764234610873
4670.234388327331,0.05676302499310791,0.9112805765301558,0.05172704214131502,0.05479782146933218,0.89767253905291,0.04919049953294348,0.04859961319090923,0.875389489009287,0.04254359055723904,0.036362890669334805,0.8425834860937215,0.030638771184612976
4757.236139187886,0.05710923630957383,0.9109093623103407,0.052021338028784454,0.05483065092249602,0.8972987970565093,0.04919947711458106,0.04820193644143796,0.8750285641959918,0.04217807123581792,0.03620052914663825,0.8422785320002014,0.03049092854726097
4845.858644816491,0.05662644145435682,0.9105641024124526,0.051562004835697714,0.054248306985512154,0.8969159355562236,0.04865617101225186,0.048237465378695825,0.8746780428091702,0.04219225180751277,0.03613411933945895,0.8419781064649378,0.030424137380215738
4936.132098237912,0.05625377267717409,0.9102048188856795,0.051202454971263425,0.0543729624280465,0.8965702963012872,0.0487491830348924,0.048403503056560444,0.8743247685149532,0.04232038160524004,0.03596914782032498,0.8416820563937059,0.030274586304140313
5028.087254942475,0.056878279051035846,0.9098603841764467,0.051751292828670616,0.05484549946887616,0.8962121560092305,0.04915320332640461,0.047996375867347035,0.8739645421334115,0.04194713065896907,0.03591875678298244,0.8413872363944136,0.03022158350435669
5121.755443364236,0.05746343747019757,0.9095303539706159,0.05226474062263715,0.05474881067756066,0.8958544515516357,0.04904696576265044,0.048083489595954876,0.8736031337091071,0.04200588719069543,0.03572781208074832,0.8410946426848483,0.03005047133596842
5217.168575554344,0.05733587417395611,0.909180489886599,0.05212865816955382,0.05431705940466587,0.8955069448958985,0.048641303923201366,0.04815987122701798,0.873247762907123,0.042055499810888575,0.03571147121318954,0.8408068121750449,0.03002644826884278
5314.359158053236,0.056780042788062944,0.9088501823379498,0.0516045522410876,0.05463303798656842,0.8951378398086451,0.048904099605480505,0.04780098945148782,0.8729021721379038,0.041725587522544745,0.03549243448838933,0.8405219598383842,0.02983217059561646
5413.360302965377,0.05711507835478338,0.9084939138576144,0.05188870107482147,0.05490938836234101,0.8947711953470677,0.049131339060748236,0.04797377432505473,0.8725606943711414,0.04186002983667419,0.035503414788929245,0.8402386399730555,0.029831340956649174
5514.205739240297,0.05764836469157316,0.9081318072723513,0.05235231361365394,0.05450908199025019,0.8944135748746622,0.04875366288603574,0.047833601126621064,0.8722159228940702,0.04172122855200263,0.035297890178750006,0.8399590699742411,0.029648783006595753
5616.9298241638035,0.05750484423845769,0.9077881965187551,0.05220221884232143,0.05446180925730513,0.8940698543788949,0.04869266187188995,0.04766785239117025,0.8718701208483343,0.04156017622487017,0.03525664140723767,0.8396836176432226,0.02960442420277917
5721.567555063246,0.05691903464207281,0.9074230818226928,0.051649645829282324,0.054818223271720416,0.8937144272780141,0.048991837015683916,0.04782266707134313,0.8715308741082824,0.04167893083487705,0.03513697360031953,0.8394096904747187,0.02949431613406258
5828.1545812308395,0.05723094992875054,0.90709501739894,0.05191390952137784,0.05463624975310828,0.8933595086347597,0.048809813233082824,0.04747462441032705,0.8711987804519976,0.04135983488869356,0.03497897674149254,0.8391385940810365,0.029352209365249328
5936.72721606912,0.05770503929877006,0.9067633672053935,0.0523248157392723,0.0543765713296494,0.8930164786169831,0.04855917424806871,0.04758293827226357,0.8708671650931129,0.04143841855996676,0.03496320003876985,0.8388718404603849,0.029329643964907462
6047.322449462643,0.05748205660897124,0.9064111332563872,0.05210237607284542,0.054718788795128676,0.8926623865178465,0.04884540459322556,0.04742245565837634,0.8705323307732886,0.04128278085527928,0.034778039723267484,0.8386069318626289,0.029165105188525976
6159.977960380163,0.05716185633832484,0.9060795605452645,0.05179318967098091,0.05465799677487229,0.8923098486270638,0.048771868828444837,0.04731978957375755,0.8701985333673757,0.041177611486336654,0.03469549617245273,0.8383449555441885,0.029086794196278448
6274.732129711576,0.0575839539443712,0.9057337970169123,0.05215573325328233,0.054339892760058094,0.8919619720266755,0.048469117905979485,0.04738516889182436,0.8698707978909823,0.04121897467213021,0.03463842757810728,0.8380869465046399,0.029030014000658036
6391.624053344,0.0577923502225861,0.9053815393925426,0.052324127009637955,0.05462586658182876,0.8916168341490545,0.04870534222433879,0.047126959337172494,0.8695470680794429,0.04097910931913747,0.034457924252868165,0.83783076967611,0.028869909198221633
6510.6935554814545,0.057334523511618274,0.9050335124381942,0.051889665197690116,0.05453565956817377,0.8912774337071059,0.04860640270544629,0.04726082155701,0.8692220855435687,0.04108014987828668,0.034385859923802053,0.8375776781647545,0.028800828716676604
6631.981202212669,0.057453212848419054,0.9047114643649863,0.05197858032856645,0.05428857502844726,0.8909367906007319,0.04836768880213184,0.04695585104845698,0.8688966447711319,0.040799781428377306,0.03432824477274931,0.8373281595213187,0.02874400601516351
6755.52831533164,0.05781557480650001,0.904378831170511,0.05228718196695372,0.054566291946477434,0.8905948724958322,0.048596459818643425,0.0470788797107347,0.8685760895534524,0.040891589239707316,0.03416303945133917,0.8370805033287271,0.02859721425916615
6881.376986415664,0.05750652923950381,0.9040293576523323,0.051987590689203694,0.05431853935103829,0.8902568776241716,0.048357453239761046,0.04678986777912654,0.8682608254811941,0.040625809222060334,0.03405453765176699,0.8368363052085178,0.028498073464089044
7009.570091165618,0.057406638845645896,0.9036977291751365,0.05187824916438737,0.05425399785204269,0.8899196965100239,0.04828170130294532,0.046874722035521774,0.8679465214661272,0.040684751935422744,0.034014805950508285,0.8365949475957244,0.028456614801644214
7140.151304013397,0.0577971845680949,0.9033619776620871,0.052211778954734875,0.05448035091611054,0.8895820272981293,0.04846474101586711,0.046606271238717176,0.8676329154293396,0.04043713499213876,0.03390359459511846,0.836355819981578,0.028355468657923294
7273.165113001455,0.05758280478015797,0.9030280274420963,0.051998886615209364,0.054095324597281794,0.8892435188499184,0.04810391679821541,0.04668030772086897,0.8673234309434548,0.04048692464996032,0.033749810172439824,0.836120171723398,0.028218897077012473
7408.656834939561,0.05742971735049585,0.9026956751930042,0.05184155747984924,0.05423386357873574,0.8889046073590489,0.04820873121002031,0.04641649032547051,0.8670175921654222,0.040243913678759055,0.033655623717129435,0.8358866505814962,0.02813228658214249
7546.6726308438865,0.05775461179898041,0.9023612043878747,0.05211552106188212,0.05417833313740302,0.888568810998216,0.04814117705776745,0.04650224723213481,0.8667124835399739,0.04030407818875344,0.033606393085184705,0.8356561750317751,0.028083389902179748
7687.259521663728,0.057549064529385664,0.9020264784845616,0.05191078001752255,0.05401118601871277,0.8882379855268219,0.047974787065175876,0.046239311728841714,0.8664093339802178,0.040062171278689426,0.033524730245093524,0.8354284002932887,0.028007511758922514
7830.465404301183,0.05744623703810941,0.9016969089684984,0.05179909436913492,0.05421920728880621,0.8879085734130665,0.04814169899539126,0.04632628929972913,0.8661106264066142,0.040123691444482426,0.0333921601528552,0.8352030255339963,0.027889233188780414
7976.339067929273,0.0577411064360261,0.9013702079581305,0.05204611311597339,0.053869943308838236,0.8875784729511464,0.04781380202002347,0.0460935012025852,0.8658144322981726,0.03990841857635144,0.03325795965831179,0.8349807089736736,0.027769754734515015
8124.930210614048,0.057398550132261084,0.9010488893384923,0.051718899846313615,0.0540326878712079,0.8872510407944952,0.04794055855065331,0.0461182699325587,0.8655188474050969,0.039916231836345344,0.033157951750618746,0.8347605245394504,0.02767894919600029
8276.289456246344,0.057474573854145034,0.9007277915898005,0.051768945980208946,0.05377621809136711,0.8869287998498177,0.047695676572238284,0.04597708207021265,0.8652271917664852,0.03978062160522731,0.033090558347015984,0.8345433977732257,0.027615506997131896
8430.468371788967,0.057654399097868216,0.9004016775743003,0.05191211766725877,0.05379544145661984,0.8866087293355986,0.0476955079939013,0.04584731876336507,0.8649389988877652,0.03965513399287324,0.0330316107610977,0.8343284131369917,0.027559211389665425
8587.51948484517,0.05730800626282407,0.9000740894518796,0.05158145155531399,0.053718776128915256,0.8862884664362444,0.047610331714128235,0.04585704274513187,0.8646506766227975,0.03965032303749882,0.03296203249082746,0.8341163074627874,0.027494168827717425
8747.496301554416,0.05753668396506278,0.8997486029948458,0.05176855101852118,0.053615254611251204,0.8859712597309444,0.04750157466872555,0.04562868981486816,0.8643666874645627,0.03943991946862562,0.032874108986123404,0.8339064200732006,0.0274139305377144
8910.453324821512,0.057323571269002796,0.899425661939595,0.05155829103336439,0.053665081700880385,0.8856589835847856,0.0475289617131962,0.0456552405446237,0.8640861115241972,0.03945005927290576,0.03277125242781935,0.8336992681751659,0.02732136916625662
9076.446072885357,0.05729830327013415,0.8991039654811381,0.05151713168551848,0.05348862149761168,0.8853468778767677,0.04735598404484266,0.045531742364173296,0.8638067627061602,0.039330626971967465,0.03266007845574784,0.8334943386576363,0.02722199049298006
9245.531098233572,0.057475608460006544,0.8987818845491311,0.051658035687292665,0.053575840086889995,0.8850322764716239,0.04741634771597993,0.045358620652647556,0.8635302572894573,0.039168541362475634,0.03254587549743007,0.8332920326566468,0.02712021874784366
9417.766006869519,0.05718720594625885,0.8984607862214169,0.05138046201628181,0.05338406158710736,0.8847206976431551,0.04722998421037078,0.04539431990023848,0.8632574659637264,0.03918698556622663,0.03243229516605725,0.8330919264108598,0.027019083257816254
9593.209477938242,0.05742967398271605,0.8981445799473043,0.05158015041571714,0.05345506904811055,0.8844153787495734,0.04727648513826929,0.04523979901182658,0.8629855631010243,0.03904129342479832,0.03232030272297132,0.8328943871178366,0.02691939872791214
9771.921283717997,0.05709820477985667,0.8978333793732671,0.05126467415364555,0.05328422911466021,0.8841105438519736,0.0471091487812954,0.045085451733372806,0.8627172900021031,0.038895998737936005,0.03221085903932575,0.832698984343863,0.026821949606889894
9953.962309984234,0.05724003965716406,0.897522615534046,0.051374230106370405,0.05329100425277116,0.8838040829729302,0.04709880714432694,0.04510315255197978,0.8624520757716212,0.038899307542299054,0.03210470913947134,0.8325060909954015,0.026727365908245624
10139.394576752919,0.057029085864637515,0.8972104532030186,0.05116709197436529,0.053182516110357146,0.8835026763287653,0.04698689531739822,0.04499268368727814,0.8621880673667053,0.03879215499397583,0.03200326011496419,0.832315293564617,0.026636802837611218
10328.281259410274,0.05706064672180717,0.8969004704438363,0.05117772088861839,0.053066544254969664,0.8832052727514258,0.046868651692686086,0.044809994014396046,0.8619280040553229,0.03862298870255935,0.0319093159475157,0.8321268994912102,0.026552600144291668
10520.686710236228,0.05697591076415114,0.8965939389693552,0.05108425625839676,0.05307562656591407,0.8829060401803592,0.04686079128140267,0.04476553956767329,0.8616697981599409,0.03857311344379789,0.03182514385968824,0.8319406360617558,0.026476630425385915
10716.676480328644,0.05692347549528993,0.8962869348429364,0.051019767372280415,0.052842440723996575,0.8826099564345542,0.04663926430530213,0.04475293234507325,0.8614141519407249,0.03855080926289191,0.03175082710786755,0.83175659001676,0.02640895968545162
10916.317341936148,0.056882236795960224,0.895979313336123,0.050965307465467194,0.05296241027568056,0.8823180002795006,0.04672968792442095,0.044608809332472195,0.8611619499422284,0.03841540922935283,0.03168200893639421,0.8315747627575892,0.026345959064965837
11119.677311206979,0.05680324143487936,0.8956763746345993,0.050877321355886594,0.05271979846453624,0.8820272030561158,0.04650029638535701,0.04444495397911934,0.8609111687380608,0.03826315727467296,0.03160882107716693,0.8313949759753887,0.02627941504006156
11326.825671361537,0.056752372703193096,0.8953774242207413,0.05081479328940054,0.05274494647822293,0.8817378917848557,0.04650721791001333,0.04437679507317689,0.860663972777491,0.03819350874681301,0.03152314250189912,0.8312174015403444,0.026202584598814575
11537.83299629662,0.05670328164757566,0.8950759795627297,0.050753745365125134,0.052670317296804915,0.8814519892856766,0.04642635595757647,0.04436550523907317,0.8604186118422921,0.03817290643148527,0.03143017115835427,0.8310418623123011,0.026119787972233105
11752.771174629454,0.05657072039884115,0.8947748154580503,0.050618055905202054,0.0524650675917193,0.881167621083684,0.04623051879978998,0.0443028341227869,0.8601761155041224,0.03810823976156232,0.031346032722451775,0.8308683601445239,0.026044426805140092
11971.713434189656,0.05659718239265082,0.8944791225011686,0.050624998042616894,0.052558875491415094,0.8808840703203338,0.04629827617433736,0.04416323764803588,0.8599362484211356,0.037977568901183034,0.03127549017274553,0.830696955214558,0.025980454459342543
12194.734366967383,0.05636351232154966,0.8941837887768072,0.05039933899645153,0.052386294943601315,0.8806047637719484,0.04613162088369765,0.04400657476104731,0.8596985699755871,0.03783238939159614,0.03120030358150494,0.8305275018391536,0.025912710190170496
12421.909954526162,0.05650877246967913,0.8938882436486721,0.050512527373663914,0.05224354252865464,0.8803274264722255,0.045991423344042805,0.043888675282878875,0.8594639468115088,0.037720734078951795,0.03111359172356553,0.8303600183400135,0.025835482594203565
12653.317593889404,0.056233439133872375,0.8935960892534208,0.050249981295298625,0.052319771743858635,0.8800509223150945,0.046044063378498014,0.04381956817490047,0.8592312285801206,0.037651141398770085,0.031036861016379032,0.8301945328170114,0.025766632331599305
12889.036123908916,0.056379375884970946,0.8933066830291628,0.050364073263057765,0.05215428218882289,0.8797783834843239,0.04588421007586787,0.04378138193010658,0.8590016716824813,0.037608280266530736,0.030966312685811768,0.8300309473236211,0.02570299785372381
13129.145852124653,0.05619888655697744,0.8930187184726481,0.05018665765270173,0.05199019837388173,0.8795072699817684,0.0457257574376233,0.04375007440113924,0.8587739176756886,0.0375714227920692,0.030883856722771278,0.8298692350633423,0.02562956255433206
13373.728582124952,0.05610622415056005,0.8927298479243758,0.05008770095354041,0.05203800221309683,0.8792382376849036,0.04575380135848637,0.04370952589546349,0.8585492062016644,0.03752677876100127,0.03081124006728817,0.8297094241262708,0.02556437625284595
13622.86764141644,0.05617820629476011,0.8924460606564485,0.05013601890250396,0.05197351410453069,0.8789722510022978,0.045683276684959015,0.04365498719596757,0.858326452337544,0.03747023028675575,0.030737445453333335,0.8295514735764092,0.02549829316978717
13876.647909813071,0.05592435708611942,0.8921617878752495,0.049893574403726174,0.05176780916061262,0.8787075924224607,0.045488766952507316,0.04358754787648757,0.8581066253872435,0.03740276361719766,0.03066046154970303,0.8293953238472459,0.025429643436321977
14135.155848353957,0.055986510211322206,0.8918802168943233,0.0499332608704303,0.05168210705126607,0.878446471165798,0.045399964561597686,0.0435127207220699,0.8578887335294101,0.037329072872675464,0.03059092254487357,0.8292409613474476,0.025367246019616266
14398.479528760066,0.05593369672424095,0.8916015430328175,0.04987057030686288,0.051718350523417535,0.8781869244720983,0.04541837918492998,0.043435716187491466,0.8576736712024761,0.03725367016383462,0.030514647990239084,0.8290883856507654,0.025299340240928694
14666.708663439656,0.05570648991304855,0.8913241397380673,0.049652539199575324,0.051659646755086934,0.8779295971942941,0.045353532866893,0.04336140046765293,0.857460597999011,0.037180692375068276,0.030445999032563058,0.8289375720859895,0.025237832517785205
14939.934636052563,0.05577636595294598,0.8910479778734871,0.04969941809550413,0.051476911915250334,0.8776751078835684,0.04518000421873029,0.04329417939659464,0.8572502030849661,0.03711394408012771,0.030372478911338492,0.8287884821276514,0.025172360695382333
15218.250532643871,0.05573257893925009,0.8907748789571511,0.04964518125858037,0.05132534882209644,0.877422053594369,0.045033992964931185,0.043235957511300396,0.857041942243305,0.0370550290002339,0.030302819979196698,0.8286410851691476,0.025110161631246877
15501.75117335769,0.05550468501122389,0.8905031334531792,0.04942709592382658,0.051277936908726236,0.8771723238333436,0.044979587079606975,0.04318605430558513,0.8568360766697375,0.03700336933804379,0.030234005841106887,0.8284953621515734,0.025048733618620634
15790.533144741727,0.05548907032680909,0.8902337359348389,0.049398242380586266,0.05128935340940741,0.8769240710575563,0.0449768685936873,0.04313834075078454,0.8566325821344484,0.03695370822634026,0.030162283156500592,0.8283512971276958,0.024984966377020117
16084.694832653553,0.055549419700351335,0.8899666390086712,0.049437130349603745,0.05127296158143326,0.8766788520299006,0.04494992109938411,0.04307991398654476,0.8564311837809927,0.036894981732679875,0.030095872945355314,0.828208871174602,0.024925668959086968
16384.33645577985,0.055375004885680784,0.8897001620181626,0.04926715081854674,0.05118176255940797,0.8764355459132144,0.04485751600955524,0.042997920217668184,0.8562322883498474,0.0368162076222582,0.030028325945038868,0.8280680620002292,0.024865497670419536
16689.560099780236,0.05519700986639448,0.8894372668219497,0.049094277592310095,0.05103302202682281,0.8761949121275837,0.04471487425039706,0.04289370061749414,0.856035428958174,0.03671852740770009,0.029959000425976167,0.8279288461113128,0.024803920653326775
17000.469752067147,0.055199575182373534,0.8891757979708608,0.04908212631043951,0.05086793922447358,0.8759564669093145,0.04455810032202761,0.04279091832364293,0.8558408759520625,0.036622217020899725,0.02989241982440294,0.8277912005601175,0.024744682094089566
17317.17133723353,0.05524765232095585,0.8889166023907452,0.049110555391209246,0.05071809427880316,0.875720171741075,0.044414858232213535,0.04271599835458766,0.8556485779145053,0.03654988324630128,0.029828038651866045,0.8276551035075613,0.02468732841783773
17639.772753140453,0.05514208543531164,0.8886601236168111,0.049002572459432805,0.05059436132710447,0.8754863972880959,0.04429467512135886,0.04266252683604644,0.8554582889917067,0.03649601221122706,0.029763472945921316,0.8275205340304189,0.024629885026808733
17968.38390767719,0.05494262537602098,0.8884045621545449,0.04881127904080511,0.05049491283738624,0.8752548916684557,0.04419591946529461,0.042588489790762914,0.8552702778728287,0.03642466949752993,0.02969823100492948,0.8273874718604565,0.024571944269896426
18303.116756206095,0.05480809660004409,0.8881524795627869,0.04867794689544591,0.050411688780477144,0.8750256907850278,0.04411152279877685,0.042490638626623466,0.8550843996407997,0.0363330822204005,0.029633006306327866,0.82725589714791,0.024514079217130936
18644.085339704852,0.05478206444964218,0.8879011658647279,0.04864105889331396,0.050336138693233515,0.8747987878253213,0.04403399311264793,0.042417611617342914,0.8549005077692606,0.036262837710025746,0.029568373503300476,0.8271257903030218,0.024456764301892336
18991.405823619356,0.05481328099493509,0.887653151472243,0.04865518161768774,0.05026061412461259,0.8745740830762156,0.043956630512880554,0.0423588720616831,0.8547187758704533,0.036204923275814926,0.029504491311251824,0.8269971319382263,0.02440012969370158
19345.196537440443,0.05482157764617159,0.8874061911410924,0.04864900741133479,0.050177439425234144,0.8743518732999708,0.04387273815884928,0.04226898909726093,0.8545391436674172,0.03612050574686075,0.02944130665795426,0.8268699028369384,0.024344130375655148
19705.578015017963,0.054762733814744786,0.8871619251273541,0.048583412356325836,0.050080571491597344,0.8741316390762542,0.04377701204382552,0.04219755638714096,0.854361460797846,0.03605196591701723,0.029378764055915725,0.8267440839735491,0.024288719377683076
20072.673035625685,0.054639224866845935,0.8869194858890774,0.04846059322828069,0.0499663788711593,0.8739140899672893,0.04366632252014997,0.042132769763615324,0.854185779299162,0.035989212774565925,0.029316916254222513,0.8266196566425621,0.02423393924788416
20446.606665791176,0.05447932082328379,0.8866796131809285,0.048305703113948974,0.049838245447639554,0.8736983337724565,0.043543592005745396,0.04204679706510574,0.8540121515038999,0.035908475625418816,0.02925594314707098,0.8264966026836251,0.024179937619359448
20827.50630190515,0.05430999649728726,0.886441543747682,0.04814263713598652,0.049710694543776815,0.8734852253588387,0.043421557226315285,0.041988430198321346,0.8538404908820344,0.03585142185190073,0.029196027742603842,0.8263749046584921,0.02412686464220094
21215.501713624482,0.054145968640193276,0.8862058469269009,0.047984473996459893,0.04960587215520728,0.8732741297801946,0.043319524838326226,0.04190470206529572,0.8536707190887249,0.03577281714527978,0.029136993475885782,0.8262545456854724,0.024074573307058582
21610.725088083767,0.053990976798232115,0.8859721570677442,0.04783450217612424,0.04953991557898246,0.8730652717656427,0.04325157985821132,0.04184534450941403,0.8535028465014171,0.03571512065161732,0.02907817284722019,0.8261355088004796,0.02402251112012654
22013.311074930323,0.05384240137394935,0.8857409742749194,0.04769042105026315,0.049504951274149056,0.8728588186135517,0.04321083328467519,0.04176442452876735,0.8533368968489063,0.035639124426058676,0.02901943723557175,0.8260177764223826,0.023970571018355872
22423.39683219845,0.0536956903329031,0.8855114751094117,0.0475481499537072,0.049457923060648085,0.872654274247293,0.04315966795426831,0.041705152185341654,0.8531728457229841,0.03558170337127807,0.02896167111796445,0.8259013309231193,0.023919482722084506
22841.122073038212,0.053547381556224266,0.8852846446967191,0.047404674655441646,0.049361375785562815,0.8724521085631357,0.04306543638569159,0.04162830563623385,0.8530106405121275,0.03550938765419844,0.0289045611256954,0.8257861559351001,0.023868986420979135
23266.629113314582,0.05339851124097133,0.8850593850985979,0.04726085352411465,0.049251658046439176,0.872252107251637,0.04295986251664362,0.041563187362017015,0.8528502403794656,0.035447174332632975,0.02884757895534672,0.825672236062163,0.023818645021040922
23700.062920093307,0.053257317055089314,0.8848368161396392,0.04712403485916453,0.04919013929761155,0.8720540820382909,0.0428964617705143,0.04149948533252097,0.8526916248981357,0.035386263580623654,0.02879156277153763,0.825559555064151,0.02376914975127218
24141.571161030177,0.05313853230164457,0.8846159959488578,0.04700719567527986,0.04914619974509846,0.8718583600400986,0.04284852511196465,0.041424978676326,0.8525347830725203,0.03531623520960537,0.02873570191978288,0.8254480965054118,0.023719830451431688
24591.304254680414,0.05305745047674304,0.8843975883992936,0.04692388124824649,0.04904914494175447,0.8716647714766458,0.04275441171677929,0.04136141866451716,0.8523797020067708,0.035255633715838425,0.02868068724948783,0.8253378454879947,0.023671256621607288
25049.415421745023,0.053019386114716315,0.8841812852831508,0.04687874895983351,0.04896637931583648,0.8714731198317256,0.04267288334923569,0.04130121139942362,0.8522263628689118,0.03519798117301083,0.028625918489960378,0.8252287867578084,0.02362293198529792
25516.060737271866,0.05300477436719271,0.883966925546161,0.0468544674366353,0.04892220030223646,0.8712836342348484,0.04262511247409778,0.041233300861279826,0.852074742793212,0.03513385422589014,0.028571817214078494,0.8251209048283157,0.023575203672269694
25991.39918382933,0.05296242647331361,0.8837550588548571,0.04680581232501931,0.04882694649924367,0.8710962996377706,0.042532972418102555,0.04116347937217853,0.8519248180807418,0.03506818967571356,0.028518257265089216,0.8250141854369014,0.023527966787637574
26475.592705670642,0.052857554069308074,0.8835449708310212,0.04670202606836593,0.04876524341360568,0.8709109272329821,0.042470183358085396,0.04109842534913602,0.8517765652755321,0.035006675582119944,0.028465064030429647,0.824908613604012,0.02348107650549115
26968.80626390693,0.05273670313319612,0.8833371069105915,0.046584286773680185,0.04869737484867257,0.8707275078768647,0.04240214384213018,0.041037966730445144,0.8516299612304578,0.03494916201562581,0.028412382718958393,0.8248041752559204,0.023434651895566042
27471.207892708146,0.052674037045606845,0.8831315471860351,0.0465181038326213,0.048617078431944336,0.8705461668397032,0.04232341127187435,0.04097940297875512,0.8514849841552251,0.03489334629605589,0.028360262920359258,0.8247008560917062,0.023388733109406153
27982.96875655116,0.05264898448477174,0.8829277805487864,0.046485251019287,0.04855985836528225,0.8703668777520445,0.04226489230947221,0.04092110785431731,0.8513416123437842,0.034837841939588395,0.028308660956386757,0.8245986423506462,0.023343283391401265
28504.26320853432,0.05255902007081775,0.8827262181620924,0.04639522501741847,0.04847929949303089,0.8701895266661104,0.042186178678945155,0.040862808799793225,0.8511998245914245,0.03478241568269691,0.028257542300822475,0.8244975201920407,0.02329827355374982
29035.26884977814,0.052455477845498706,0.8825268716498376,0.04629336876388533,0.048418463654270175,0.8700140623768418,0.04212474425789706,0.04080481359973149,0.8510596005018741,0.03472732836074092,0.028206895486166193,0.8243974762844786,0.02325369345261546
29576.166589932567,0.052423541055893544,0.8823293931814531,0.04625483116826954,0.048350132421722446,0.8698405098100217,0.04205690383509311,0.04074734270057012,0.8509209204340755,0.03467276635601184,0.02815671467986055,0.8242984972100726,0.02320953759698184
30127.140708811643,0.05234349786259247,0.8821339517806037,0.04617397661954828,0.04827452927499933,0.869668895021584,0.04198285653227578,0.04069008949174568,0.8507837660871018,0.034618467580208596,0.028106988329797866,0.8242005699663356,0.023165795801456543
30688.37891917639,0.052253834269490804,0.881940726035873,0.0460847845337929,0.04822306683548568,0.8694992045568004,0.04192991825474422,0.040632087118629805,0.8506481203686792,0.03456360853411886,0.028057704238367433,0.8241036816726974,0.023122457362122248
31260.07243068704,0.05221710810718573,0.8817494892384417,0.04604240840301951,0.04814464291285081,0.8693313997390362,0.04185364981336466,0.04057246549460164,0.8505139659203864,0.03450744853498167,0.02800887352342123,0.8240078195889975,0.02307953080117833
31842.416015046496,0.052114888580056765,0.881560144368931,0.0459424087004056,0.04807697162451911,0.8691654388592511,0.04178684214104892,0.040512313678660254,0.8503812830919554,0.034450913287082885,0.02796052384211828,0.8239129712414528,0.02303703827622715
32435.60807235805,0.05207661955951924,0.8813728049034926,0.045898916251065555,0.048025114664052494,0.8690012901018229,0.041733886600349594,0.04045467779847998,0.8502500496190764,0.034396591805481345,0.027912626342112185,0.8238191243319417,0.02299495539096355
33039.85069871855,0.05198236183065647,0.8811875477113137,0.04580620994579837,0.04795897496877638,0.8688389328905494,0.04166862463439624,0.04039922615069009,0.8501202443133691,0.03434420000529571,0.027865160799005792,0.8237262667162658,0.02295326487641348
33655.34975507094,0.05194100037861468,0.8810042954217403,0.045760244442061775,0.04788368225158731,0.8686783535881556,0.04159551826204725,0.040341861248257,0.8499918514184627,0.0342902533320727,0.027818157117345334,0.8236343864335465,0.022911990769056718
34282.31493733968,0.05184765031500043,0.8808229335825228,0.04566859944981949,0.04781672923482041,0.8685195346004171,0.04152976342114038,0.04028550510534179,0.8498648571347028,0.03423723504095064,0.02777157835432048,0.8235434717087403,0.022871102052748393
34920.95984787264,0.0518063652237028,0.8806434442083811,0.04562293590251893,0.047760148098835574,0.8683624591172264,0.04147311965090779,0.040230922626918866,0.8497392418138295,0.034185793690468876,0.027725444632606934,0.8234535109417583,0.02283061472514151
35571.50206821382,0.05172277892450432,0.8804658661186985,0.04554014134382966,0.04770730518533393,0.8682071100678839,0.041419821564085336,0.04017498267750275,0.8496149843925429,0.03413326728051718,0.027679740643251502,0.8233644927008111,0.022790515612820795
36234.163233231506,0.05165859802081396,0.8802902277575393,0.04547455901737749,0.04765363122832203,0.8680534683609947,0.041365899867740745,0.040121416966376326,0.8494920713315912,0.03408282560352547,0.027634457875733005,0.8232764057195591,0.02275079715394203
36909.16910662775,0.05161093001516796,0.8801165163828355,0.045423631932227954,0.04759839767243678,0.8679015151113824,0.041310721456781975,0.040066813950929966,0.8493704865032295,0.03403156925813577,0.02758960015606033,0.8231892388950148,0.022711461953885084
37596.7496578546,0.05152870045053481,0.8799446985089605,0.04534240678250439,0.04754267297723138,0.8677512324082075,0.04125521306797291,0.040013623689713694,0.8492502097028569,0.03398157830946056,0.02754516347506816,0.8231029812850887,0.022672506176313736
38297.13914046277,0.05145962429827116,0.8797747388178125,0.04527287752667427,0.04748775012563548,0.8676026008520262,0.04120049551761248,0.03996104926747097,0.849131228045415,0.033932174838470955,0.02750114222774297,0.8230176221057519,0.0226339246814691
39010.57617190993,0.05141387365418357,0.8796066051084472,0.04522398286043104,0.04743426636241572,0.8674555994201045,0.041147119960462226,0.03990802211108219,0.8490135235498885,0.033882450470436754,0.027457531861730857,0.8229331507279516,0.022595713206187293
39737.303814856044,0.05135850638570983,0.8794402733479599,0.0451667388945916,0.04738131316076506,0.8673102046929131,0.041094296416082164,0.03985602688846793,0.8488970806976126,0.033833664873825976,0.027414327524078803,0.8228495566744058,0.022557867249715206
40477.56965997314,0.05128575335900686,0.8792757332042521,0.04509431838767319,0.047326004867728824,0.8671663916569436,0.041039520872687356,0.03980501237248723,0.848781884345109,0.03378577340790009,0.02737152587737051,0.8227668296172428,0.022520383567910456
41231.62591029749,0.051209156957273474,0.8791129651082045,0.04501863381340012,0.04726584588682582,0.8670241370066036,0.04098062923991228,0.03975436805900349,0.8486679183584133,0.03373825678628868,0.02732912426176648,0.8226849593763025,0.02248325948308128
41999.72946715306,0.05113883564857401,0.8789519588772872,0.04494857976801777,0.04720430539753487,0.8668834249443151,0.04092062993513245,0.03970396292961359,0.8485551681196952,0.033691002938756404,0.027287119045086166,0.8226039359168889,0.022446491526320576
42782.14201767613,0.051075872620595604,0.8787926945509493,0.044885103726794266,0.04714904897340041,0.8667442461420818,0.04086616690876603,0.03965391702089987,0.8484436185592021,0.03364411284725862,0.02724550478682893,0.8225237493451287,0.022410074750063184
43579.13012397021,0.0510173496765348,0.8786351591776921,0.04482563715386613,0.047096120822442855,0.8666065858712134,0.040813808473715366,0.03960434876082425,0.8483332545293721,0.03359768607778634,0.02720427940016321,0.8224443899062012,0.022374006974105066
44390.96531392167,0.05096010729205788,0.8784793330419312,0.04476740106567226,0.04703727543816733,0.8664704166105089,0.04075640764513211,0.03955533621847664,0.8482240623756185,0.0335517879758697,0.02716343776023072,0.8223658479833792,0.02233828352783588
45217.92417370702,0.050901544091960495,0.8783251944194278,0.04470810861082028,0.0469836301996043,0.866335712866569,0.040703596762033445,0.03950688964526274,0.8481160269419734,0.033506426282775226,0.027122977347315603,0.8222881140935168,0.022302901891525322
46060.28844202398,0.05083960277623792,0.8781727196975123,0.04464595223835005,0.04692913028877944,0.8662024665377701,0.04065012840861312,0.03945886468333513,0.8480091345066334,0.03346147768872938,0.027082894146895752,0.8222111788865387,0.022267858324178495
46918.34510607789,0.05077385183380214,0.8780218839482447,0.04458055304242399,0.046874622018463735,0.8660706635041248,0.04059673499303594,0.03941105955759009,0.847903371462457,0.033416770271788326,0.02704318443077324,0.8221350331418689,0.02223314932825543
47792.38649935595,0.05070803376075784,0.8778726664941774,0.044515196810233255,0.046821257171167835,0.8659402746362311,0.04054441229361468,0.039363675668087246,0.8477987238005341,0.03337247399550251,0.02700384476672691,0.8220596677670438,0.022198771657368346
48682.710401222845,0.05064996940430666,0.8777250549128792,0.04445674717673072,0.04676900372067344,0.8658112886313727,0.040493131379401734,0.039316955015545337,0.8476951779966473,0.03332879318018888,0.026964871703007553,0.8219850737949834,0.022164722056668924
49589.62013837212,0.05060073323371368,0.8775790450091897,0.04440614314800722,0.046714700270823035,0.8656836913874205,0.04044015417250302,0.03927046932177786,0.8475927209386857,0.03328536394498487,0.026926261806513863,0.8219112423821208,0.022130997294098058
50513.424688167564,0.0505465616855562,0.8774346246981019,0.044351303382345456,0.04666427210659137,0.8655574573496873,0.04039060871365516,0.03922456361976406,0.8474913396150837,0.033242477967930915,0.02688801166026544,0.8218381648062923,0.022097594158162738
51454.438783909245,0.05048471149525353,0.8772917627371094,0.044289821538945374,0.04661317216790159,0.865432579048626,0.04034055780690471,0.03917895521698177,0.8473910211126245,0.03319989486744397,0.026850117781175263,0.8217658324645762,0.022064509390219412
52412.983022060616,0.050433734115581115,0.8771504264864768,0.04423797138878755,0.046560690856246895,0.865309032070406,0.0402893863373484,0.03913390399087529,0.8472917526988091,0.03315783410237564,0.02681257677506648,0.8216942368713416,0.022031739811742508
53389.3839714735,0.05037925403567968,0.877010609093031,0.044183140267483975,0.04650917339320615,0.8651868063041107,0.04023912319191215,0.039089198044524646,0.8471935218457355,0.03311611535746627,0.026775385356182096,0.8216233696562785,0.021999282340191707
54383.974284647906,0.05032348538715113,0.8768723075562153,0.04412727075570269,0.04645916178714703,0.8650658804049213,0.04019023569427302,0.03904487538376573,0.8470963162192346,0.033074770104827025,0.026738540236392896,0.821553222562413,0.02196713389782333
55397.09281106401,0.05027239709822073,0.8767354872377413,0.04407559456451776,0.046410123596963324,0.8649462434083156,0.04014226206130905,0.039001004260027124,0.8470001236651983,0.0330338554313099,0.02670203807596335,0.8214837874443244,0.021935291371124932
56429.08471262542,0.050218106935225104,0.876600126965743,0.04402119891539758,0.04636161327473295,0.8648278748876252,0.04009481548474921,0.038957567006353826,0.8469049322013728,0.032993355644246526,0.026665875718013276,0.8214150562661424,0.021903751803297837
57480.30158125351,0.050165175008761546,0.8764662276504561,0.04396808169935417,0.04631336419892706,0.8647107634159494,0.04004766451281512,0.03891453820894783,0.8468107300136396,0.03295324850886278,0.026630049904675043,0.8213470210998748,0.02187251216094585
58551.10155867233,0.05011614440291608,0.8763337546895299,0.043918468995170115,0.04626511817009878,0.8645948916086643,0.0400005848295386,0.03887190361320559,0.8467175054592121,0.03291352125982437,0.026594557468196996,0.8212796741234685,0.021841569490938684
59641.84945842461,0.05006164280058047,0.8762026984567237,0.04386414651104523,0.04621676190954559,0.8644802440506933,0.039953477614796756,0.03882965142744382,0.8466252470723254,0.032874163233491904,0.02655939528209856,0.8212130076191866,0.021810920880158992
60752.91689016077,0.05001000835952479,0.8760730438130158,0.04381242024464324,0.046168861182219585,0.8643668078839406,0.039906831163711916,0.0387877802655872,0.8465339435564995,0.0328351725900305,0.026524560221504907,0.821147013971813,0.021780563422804284
61884.682386243825,0.049962158967151005,0.8759447668822644,0.043764091689415724,0.04612226398245135,0.8642545674440191,0.039861377307692354,0.03874631410792046,0.8464435837556047,0.03279656897082854,0.02649004919860421,0.8210816856670827,0.0217504942493939
63037.53153071269,0.04991403385072277,0.8758178599199097,0.04371560230710994,0.04607599728659434,0.8641435076356846,0.03981627391304992,0.03870524692467928,0.846354156652709,0.03275834661897179,0.026455859157035504,0.8210170152898977,0.021720710522039197
64211.85709064759,0.04986458945578238,0.8756922984328985,0.043666036950946945,0.04602953333810354,0.8640336149105319,0.03977106408276645,0.0386645425631146,0.846265651414588,0.03272047429882124,0.02642198707807116,0.8209529955228396,0.02169120943940828
65408.05914998259,0.04981467436243845,0.8755680719412197,0.04361613838589994,0.04598428973875905,0.863924875708264,0.03972697179709021,0.03862423509840834,0.8461780573581404,0.03268298022251527,0.026388429965056834,0.8208896191444659,0.021661988223835915
66626.5452458115,0.04976511667483641,0.875445162420318,0.04356663065026824,0.045938750385416185,0.8638172761550624,0.039682686227897536,0.038584290145119736,0.8460913639260418,0.03264583467500249,0.02635518484766588,0.8208268790278506,0.02163304412471168
67867.73050723289,0.049716502863527946,0.8753235517786521,0.04351802586851681,0.04589421729553621,0.8637108024722044,0.0396393312491613,0.038544721780109606,0.8460055607355356,0.03260904896297684,0.026322248785652883,0.820764768139035,0.021604374421454384
69132.03779678128,0.04966932318877255,0.8752032298666389,0.043470752080103675,0.04584983533415049,0.8636054411915806,0.039596167272310356,0.03850552725943102,0.8459206375234893,0.03257262016747599,0.02628961888072118,0.8207032795354992,0.02157597643314625
70419.89785449296,0.049623434280270155,0.8750841761734683,0.043424682106048454,0.04580567040873691,0.8635011791157702,0.039553250408132665,0.03846669650260237,0.8458365841870722,0.03253653917472198,0.026257292246615316,0.8206424063647936,0.02154784749388603
71731.74944465613,0.04957721483395006,0.8749663764856878,0.04337839601951377,0.045762158205636574,0.863398003258889,0.039510956019564,0.038428226190402634,0.8457533907485043,0.03250080260098351,0.026225266030030996,0.8205821418629881,0.021519984969849495
73068.03950529492,0.04952972599360195,0.8748498184790592,0.0433310717948202,0.04571917927527404,0.863295900811074,0.03946918005679068,0.03839011427521081,0.8456710473740057,0.03246540814792529,0.026193537405015305,0.8205224793533505,0.021492386254597887
74429.22330043757,0.04948394148426546,0.8747344859076591,0.043285310114923634,0.04567660159495256,0.8631948591152451,0.03942780767861825,0.038352357456883,0.84558954436371,0.03243035246723983,0.026162103577542294,0.8204634122449356,0.021465048772735786
75815.76457522118,0.049438843770086865,0.8746203628271516,0.043240219475948236,0.04563440230993339,0.8630948656744666,0.03938681833182653,0.03831495049273792,0.8455088721466627,0.03239563057747006,0.026130961771591875,0.8204049340312347,0.02143796996839555
77228.13571388643,0.04939316391688504,0.8745074352532123,0.04319468909599664,0.04559256958515342,0.8629959081838287,0.03934620099557388,0.03827789048134678,0.8454290212831057,0.03236123948642691,0.02610010924276155,0.8203470382888485,0.021411147316314837
78666.81790071575,0.049348899273409304,0.8743956896764634,0.043150464814947054,0.04555104582880247,0.8628979745902238,0.03930590518614011,0.0382411775071543,0.845349982461593,0.03232717873498355,0.026069543273865178,0.8202897186761577,0.021384578318134787
80132.30128396886,0.04930460019989323,0.8742851122927981,0.043106277922315174,0.045509810359160977,0.862801053047379,0.039265912301870605,0.038204804499341036,0.8452717464959463,0.03229344182369418,0.02603926117369101,0.8202329689321003,0.021358260501294943
81625.0851428722,0.04926025827694981,0.8741756892022914,0.04306212022953548,0.04546903251273011,0.8627051317371588,0.039226367683855984,0.03816877116347262,0.8451943043232234,0.03226002799038355,0.02600926027683866,0.8201767828748859,0.021332191418813096
83145.67805772049,0.049217188827820044,0.8740674066316295,0.043019140600431875,0.04542868308736395,0.8626101989447831,0.03918724535579052,0.038133072938958165,0.8451176470017969,0.03222693287512022,0.025979537942180636,0.8201211544007723,0.021306368647939847
84694.59808314577,0.04917455114114688,0.8739602510312962,0.04297660305966804,0.04538862104389558,0.862516243320607,0.03914842291228346,0.038097706435454404,0.8450417657095074,0.03219415311569885,0.025950091552765047,0.8200660774828569,0.021280789789997052
86272.37292461451,0.04913198572778993,0.8738542090852334,0.04293419252894484,0.04534900682604821,0.8624232535555434,0.03911003801243305,0.03806266883620388,0.8449666517416651,0.03216168584287901,0.025920918521120002,0.8200115461698704,0.021255452474646844
87879.54011821312,0.04908966061405044,0.8737492677098154,0.04289205501364994,0.0453097354272714,0.8623312184744854,0.039071999359755506,0.03802795723326471,0.8448922965089315,0.032129528118356454,0.025892016280926584,0.8199575545850607,0.02123035435298514
89516.64721378284,0.049047757052878685,0.8736454141092916,0.042850348021594126,0.04527079435597831,0.8622401271505024,0.03903429548170299,0.03799356863790743,0.8448186915355432,0.0320976769434428,0.025863382292360713,0.8199040969250302,0.021205493101844827
91184.25196146562,0.049006397872981354,0.8735426357444944,0.04280917796630752,0.045232240990178696,0.8621499687074025,0.03899697515424825,0.03795949977388315,0.8447458284576126,0.03206612908432548,0.02583501403885207,0.819851167458616,0.021180866421062605
92882.92250172498,0.048965568258897876,0.8734409201246939,0.04276853099448027,0.045194062428706154,0.8620607324851939,0.03896002656127201,0.03792574748903702,0.8446736990213367,0.03203488141971408,0.025806909028664345,0.8197987605257953,0.021156472034700984
94613.2375589076,0.04892493592672897,0.8733402546271001,0.042728115999864036,0.04515623943156138,0.8619724079529338,0.03892343243692218,0.03789230913934005,0.8446022950808386,0.032003931264999244,0.025779064793592613,0.8197468705365804,0.02113230768990728
96375.78663841069,0.048884431135453876,0.8732406269085592,0.04268787129079203,0.04511875944893919,0.8618849846932499,0.03888718129702738,0.03785918152902862,0.8445316085969128,0.031973275476873064,0.025751478889687072,0.8196954919700107,0.02110837115743739
98171.17022752184,0.048844640108059785,0.8731420252800828,0.04264830798802808,0.045081616500305455,0.8617984524695941,0.03885126733479096,0.03782636178514397,0.8444616316348915,0.03194291119189439,0.02572414889525214,0.8196446193730889,0.021084660229945602
100000.0,0.0488049573692044,0.873044437796608,0.042608896568084476,0.04504482723280247,0.861712801173276,0.03881570425314448,0.03779384705623981,0.8443923563632826,0.031912835571851844,0.02569707241354699,0.8195942473597424,0.021061172724129842
