Xdata,P_Band4_nterms2,omega_Band4_nterms2,P_times_omega_Band4_nterms2,P_Band5,omega_Band5,P_times_omega_Band5,P_Band5_robust_minus1,omega_Band5_robust_minus1,P_times_omega_Band5_robust_minus1,P_Band6,omega_Band6,P_times_omega_Band6,P_Band7_nterms2,omega_Band7_nterms2,P_times_omega_Band7_nterms2
5.0,0.9999999999508123,6.978795182021858e-05,6.978795181678587e-05,0.9999999999056933,9.891450223784344e-05,9.891450222851515e-05,0.9999999999056933,9.891450223784344e-05,9.891450222851515e-05,0.9999999997241701,0.0001807834474362866,0.0001807834473864211,0.9999999986244746,0.00045839588045145,0.0004583958798209148
6.993987975951905,0.9999999998445177,0.00013545236445556327,0.00013545236443450283,0.9999999997018924,0.0001919745047530481,0.00019197450469581902,0.9999999997018924,0.0001919745047530481,0.00019197450469581902,0.9999999991280536,0.0003508177438550179,0.00035081774354912365,0.9999999956511995,0.0008891383663227197,0.0008891383624560343
8.987975951903808,0.9999999996125489,0.0002380989983664455,0.0002380989982741938,0.9999999992571206,0.0003374288276588045,0.00033742882740813557,0.9999999992571206,0.0003374288276588045,0.00033742882740813557,0.9999999978270072,0.0006164995094042626,0.0006164995080646137,0.999999989160542,0.0015614897783045333,0.0015614897613788305
10.981963927855713,0.9999999991835746,0.00038637497755791047,0.0003863749772424641,0.9999999984345864,0.0005475073655810407,0.0005475073647239653,0.9999999984345864,0.0005475073655810407,0.0005475073647239653,0.9999999954207118,0.001000050985588305,0.0010000509810087833,0.9999999771527742,0.002530730879577554,0.0025307308217573745
12.975951903807616,0.9999999984704595,0.0005889391074500792,0.000588939106549273,0.9999999970671696,0.000834439590437849,0.0008344395879905792,0.9999999970671696,0.000834439590437849,0.0008344395879905792,0.9999999914199447,0.0015236088450414145,0.0015236088319687663,0.9999999571818002,0.0038512289359291054,0.0038512287710264154
14.96993987975952,0.9999999973702153,0.0008544364787337513,0.0008544364764867673,0.9999999949573172,0.0012104126502654382,0.001210412644161711,0.9999999949573172,0.0012104126502654382,0.001210412644161711,0.9999999852461778,0.002209118122468341,0.0022091180898754052,0.9999999263517132,0.005575931472769097,0.005575931062111297
16.963927855711425,0.9999999957639731,0.0011914784128914827,0.001191478407844348,0.9999999918769765,0.0016875362279067157,0.0016875362141988194,0.9999999918769765,0.0016875362279067157,0.0016875362141988194,0.9999999762312768,0.0030782346705027696,0.0030782345973370618,0.9999998813136617,0.007755857426806396,0.007755856506292078
18.95791583166333,0.9999999935169618,0.001608624274129391,0.0016086242637006183,0.9999999875675337,0.0022778092826989975,0.0022778092543802105,0.9999999875675337,0.0022778092826989975,0.0022778092543802105,0.9999999636171919,0.004152227629721291,0.00415222747865159,0.9999998182622062,0.010439571327616566,0.010439569430351904
20.95190380761523,0.9999999904784811,0.0021143636675200416,0.0021143636473880878,0.9999999817397471,0.002993086639033572,0.0029930865843790532,0.9999999817397471,0.002993086639033572,0.0029930865843790532,0.999999946555612,0.005451878695976521,0.0054518784046042,0.9999997329312393,0.013672641114731734,0.013672637463196417
22.945891783567134,0.9999999864818738,0.0027170983332100757,0.0027170982964799975,0.9999999740736701,0.0038450445193039164,0.003845044419616024,0.9999999740736701,0.0038450445193039164,0.003845044419616024,0.9999999241075438,0.006997377145384527,0.006997376614336389,0.9999996205892823,0.017497087147412625,0.017497080508830233
24.93987975951904,0.9999999813444954,0.003425123405493453,0.0034251233415960474,0.9999999642185682,0.004845144641960879,0.0048451444685946666,0.9999999642185682,0.004845144641960879,0.0048451444685946666,0.9999998952429543,0.008808210640481715,0.00880820971775959,0.9999994760341356,0.021950833869393477,0.021950822367905836
26.933867735470944,0.999999974867679,0.004246607887971392,0.00424660778124428,0.9999999517928257,0.006004596778766837,0.0060045964893021934,0.9999999517928257,0.006004596778766837,0.0060045964893021934,0.9999998588402079,0.010903052443256869,0.010903050904184253,0.9999992935868376,0.027067177997579742,0.027067158876968936
28.927855711422847,0.9999999668366971,0.005189574298441064,0.00518957412633764,0.9999999363838217,0.007334319825347348,0.007334319358765951,0.9999999363838217,0.007334319825347348,0.007334319358765951,0.9999998136855542,0.01329964605204944,0.013299643574133256,0.9999990670848787,0.03287428852582875,0.03287425785690788
30.92184368737475,0.9999999570207203,0.006261877500348096,0.006261877231217111,0.9999999175478718,0.008844901543695174,0.008844900814414218,0.9999999175478718,0.008844901543695174,0.008844900814414218,0.9999997584725343,0.016014688555181494,0.016014684687194355,0.9999987898746228,0.03939475443188494,0.03939470675929287
32.91583166332666,0.999999945172773,0.00747118278020879,0.007471182370584556,0.9999998948100558,0.010546557208666346,0.010546556099274582,0.9999998948100558,0.010546557208666346,0.010546556099274582,0.9999996918013324,0.019063714201525948,0.01906370832611463,0.9999984548028751,0.046645195785150105,0.046645123709127684
34.90981963927856,0.9999999310296636,0.008824943261401522,0.008824942652742217,0.9999998676641019,0.012449087448438586,0.012449085800977417,0.9999998676641019,0.012449087448438586,0.012449085800977417,0.9999996121780703,0.02246097984356856,0.022460971132708014,0.9999980542075366,0.054635952983538905,0.05463584667331336
36.90380761523046,0.9999999143119888,0.010330376769420838,0.010330375884231397,0.9999998355722439,0.014561835613764241,0.014561833219394287,0.9999998355722439,0.014561835613764241,0.014561833219394287,0.9999995180140392,0.026219354019365853,0.026219341382005313,0.999997579907277,0.06337086712023658,0.06337071375686222
38.897795591182366,0.9999998947240256,0.011994442282372338,0.01199444101964574,0.9999997979650682,0.016893645048418452,0.016893641635312026,0.9999997979650682,0.016893645048418452,0.016893641635312026,0.9999994076248696,0.03035021150768343,0.03035019352897293,0.9999970231901573,0.07284716204942945,0.07284694519728045
40.89178356713427,0.9999998719536873,0.013823816118448162,0.01382381434835948,0.9999997542413496,0.01945281666358127,0.0194528118828833,0.9999997542413496,0.01945281666358127,0.0194528118828833,0.9999992792296342,0.03486333521493523,0.034863310086476355,0.9999963748011249,0.08305543567921117,0.08305513458673917
42.88577154308617,0.9999998456724607,0.01582486802534325,0.01582486558313031,0.9999997037678751,0.02224706724289762,0.022247060652601618,0.9999997037678751,0.02224706724289762,0.022247060652601618,0.9999991309498792,0.039766827231907484,0.039766792672541476,0.9999956249283023,0.09397976450658398,0.09397935333837612
44.879759519038075,0.9999998155353387,0.018003637348863323,0.018003634027828456,0.9999996458792576,0.025283488922566853,0.025283479969158983,0.9999996458792576,0.025283488922566853,0.025283479969158983,0.9999989608085856,0.04506703083161869,0.04506698399834718,0.9999947631879832,0.105597921600365,0.10559736860390022
46.873747494989985,0.9999997811807483,0.020365809467783234,0.020365805011352045,0.999999579877735,0.02856851030190051,0.028568498299633253,0.999999579877735,0.02856851030190051,0.028568498299633253,0.9999987667290519,0.05076846506666713,0.05076840245539408,0.9999937786082498,0.11788170432236375,0.11788097093410098
48.86773547094189,0.9999997422304754,0.022916692689785006,0.022916686782560026,0.9999995050329594,0.032107859644010944,0.032107843751678675,0.9999995050329594,0.032107859644010944,0.032107843751678675,0.9999985465336956,0.05687377346603225,0.05687369080191891,0.9999926596111102,0.13079736428502411,0.1307964041815045
50.86172344689379,0.9999996982895831,0.02566119580889418,0.025661188066644094,0.9999994205817708,0.035906530623381075,0.03590650981848269,0.9999994205817708,0.035906530623381075,0.03590650981848269,0.9999982979427735,0.06338368812983254,0.06338358024716811,0.9999913939930658,0.1443061285597631,0.14430488666022007
52.855711422845694,0.9999996489463283,0.028603806528139833,0.028603796486668526,0.9999993257279598,0.0399687510667935,0.03996872411698217,0.9999993257279598,0.0399687510667935,0.03996872411698217,0.9999980185730115,0.07029701027989059,0.07029687099149722,0.999989968903994,0.15836479817713492,0.15836320960464045
54.849699398797604,0.9999995937720709,0.03174857095208697,0.03174855805493074,0.9999992196420132,0.04429795511628323,0.04429792054802016,0.9999992196420132,0.04429795511628323,0.04429792054802016,0.9999977059361412,0.07761060804947442,0.07761043000578344,0.999988370824244,0.17292640764132905,0.17292439664974174
56.84368737474951,0.9999995323211821,0.03509907435230202,0.03509905793720842,0.9999991014608473,0.048896759217463275,0.04889671528181067,0.9999991014608473,0.048896759217463275,0.04889671528181067,0.999997357437343,0.08531943199410427,0.08531920653215937,0.9999865855398241,0.1879409276247728,0.18793840649868376
58.83767535070141,0.999999464130942,0.038658423404659525,0.03865840268880659,0.9999989702875267,0.05376694230385346,0.053766886939362324,0.9999989702875267,0.05376694230385346,0.053766886939362324,0.9999969703735831,0.09341654848478244,0.09341626546753938,0.9999845981155631,0.20335599226634177,0.20335286020084933
60.83166332665332,0.9999993887214381,0.04242923009060482,0.04242920415452607,0.9999988251909658,0.05890943050806587,0.058909361300734715,0.9999988251909658,0.05890943050806587,0.058909361300734715,0.9999965419318491,0.10189319081438826,0.10189283846079031,0.9999823928661159,0.2191176325672915,0.21911377453379852
62.825651302605216,0.9999993055954552,0.04641359744506927,0.04641356521525626,0.9999986652056141,0.06432428668433252,0.06432420082463577,0.9999986652056141,0.06432428668433252,0.06432420082463577,0.9999960691872701,0.11073882751673247,0.11073839222313958,0.9999799533246824,0.23517099821005097,0.23516628381340574
64.81963927855712,0.9999992142383597,0.050613107321682345,0.05061306755184412,0.9999984893311258,0.07001070497456294,0.07001059921157007,0.9999984893311258,0.07001070497456294,0.07001059921157007,0.9999955491011226,0.11994124707523825,0.1199407132288763,0.9999772622092913,0.25146105162046595,0.25145533395170283
66.81362725450902,0.9999991141179815,0.0550288103313647,0.05502876158233112,0.9999982965320126,0.075967010592706,0.07596688118533534,0.9999982965320126,0.075967010592706,0.07596688118533534,0.999994978518715,0.12948665789664804,0.12948600768181875,0.9999743013865163,0.26793322012519327,0.26792633461292986
68.80761523046093,0.9999990046844855,0.05966121809340439,0.05966115871166841,0.9999980857372743,0.08219066494065122,0.08219050760612492,0.9999980857372743,0.08219066494065122,0.08219050760612492,0.999994354167143,0.13935980214402283,0.13935901534187295,0.9999710518324518,0.2845339944736275,0.2845257577358823
70.80160320641284,0.9999988853702423,0.06451029791889897,0.06451022601380123,0.99999785584002,0.08867827610431506,0.08867808596390434,0.99999785584002,0.08867827610431506,0.08867808596390434,0.9999936726529145,0.14954408178844608,0.14954313557113602,0.9999674935908042,0.30121146464141424,0.3012016733382901
72.79559118236473,0.9999987555896883,0.06957547002523698,0.06957538344480464,0.9999976056970565,0.0954256147121226,0.09542538623429242,0.9999976056970565,0.0954256147121226,0.09542538623429242,0.9999929304594316,0.1600216950351659,0.16002056375530102,0.999963605727915,0.31791578655805003,0.3179042162444139
74.78957915831664,0.9999986147391823,0.07485560735732684,0.07485550366278698,0.9999973341284688,0.10242763507109633,0.10242736201217999,0.9999973341284688,0.10242763507109633,0.10242736201217999,0.9999921239443322,0.17077378112897038,0.1707724361051636,0.999959366284546,0.33459957606645796,0.334585980042493
76.78356713426854,0.9999984621968558,0.08034903806688345,0.08034891450588008,0.9999970399171743,0.10967850142949348,0.10967817677204504,0.9999970399171743,0.10967850142949348,0.10967817677204504,0.9999912493366763,0.18178057144060814,0.18177898074002866,0.9999547522242369,0.35121822891162796,0.3512023370679623
78.77755511022045,0.9999982973224542,0.08605355067560844,0.08605340415415996,0.9999967218084547,0.11717161915068718,0.11717123503967593,0.9999967218084547,0.11717161915068718,0.11717123503967593,0.9999903027339755,0.19302154468455562,0.19301967290328836,0.9999497393780391,0.36773016777856643,0.3677116854316201
80.77154308617236,0.9999981194571732,0.09196640192190131,0.09196622897514387,0.9999963785094688,0.12489967052205286,0.12489921819907872,0.9999963785094688,0.12489967052205286,0.12489921819907872,0.9999892800990574,0.2044755841176887,0.2044733921596818,0.9999443023854213,0.3840970192950509,0.3840756260073094
82.76553106212425,0.9999979279234882,0.0980843272642238,0.09808412402599309,0.9999960086887395,0.1328546548659062,0.1328541246016262,0.9999960086887395,0.1328546548659062,0.1328541246016262,0.9999881772567595,0.21612113461625745,0.21611857947157403,0.9999384146311324,0.40028372544749324,0.40025907382660986
84.75951903807615,0.9999977220249754,0.10440355398781721,0.10440331615912875,0.9999956109756177,0.14102793257012156,0.1410273135950869,0.9999956109756177,0.14102793257012156,0.1410273135950869,0.9999869898904409,0.22793635762124248,0.2279333921442573,0.999932048177898,0.4162585950183907,0.41623030948839357
86.75350701402806,0.999997501046125,0.11091981683553728,0.11091953965203118,0.9999951839597233,0.14941027260813425,0.14940955304224363,0.9999951839597233,0.14941027260813425,0.14940955304224363,0.9999857135383085,0.2398992820746569,0.2398958547627537,0.9999251736942174,0.4319933014555187,0.4319609769926479
88.74749498997997,0.9999972642521495,0.11762837605854616,0.1176280542569692,0.9999947261903581,0.15799190308546343,0.1579910698662416,0.9999947261903581,0.15799190308546343,0.1579910698662416,0.999984343589551,0.2519879496356351,0.25198400440886737,0.9999177603779715,0.44746283404289405,0.4474260348685506
90.74148296593187,0.9999970108887799,0.12452403775886975,0.12452366554267132,0.9999942361758926,0.16676256431737713,0.1667616031272887,0.9999942361758926,0.16676256431737713,0.1667616031272887,0.9999828752802657,0.2641805526584101,0.2641760286404866,0.9999097758746535,0.4626454094208875,0.46260366764347693
92.73547094188378,0.999996740182057,0.13160117637374769,0.1316007473778716,0.9999937123831272,0.1757115639226212,0.17571045911562713,0.9999937123831272,0.1757115639226212,0.17571045911562713,0.9999813036891791,0.27645556362746554,0.2764503949283198,0.9999011861904008,0.47752235041818397,0.4774751646155704
94.72945891783567,0.999996451338112,0.13885375913162157,0.13885326638657852,0.999993153236624,0.18482783340541206,0.18482656793297142,0.999993153236624,0.18482783340541206,0.18482656793297142,0.9999796237331445,0.28879185497098175,0.2887859704710792,0.9998919555994543,0.49207793887961543,0.49202477261368743
96.72344689378758,0.9999961435429408,0.1462753722918049,0.14627480818711283,0.9999925571180078,0.1940999856938227,0.1940985410305345,0.9999925571180078,0.1940999856938227,0.1940985410305345,0.9999778301624129,0.30116880840526394,0.3011621315416953,0.9998820465457465,0.5062992487396574,0.5062395289943826
98.71743486973948,0.9999958159621666,0.15385924896434836,0.15385860521142966,0.9999919223652416,0.20351637310686282,0.20351472917593352,0.9999919223652416,0.20351637310686282,0.20351472917593352,0.9999759175556677,0.3135664131935526,0.3135588617478624,0.9998714195383053,0.5201759650494062,0.5201090805836577
100.71142284569139,0.9999954677407951,0.16159829829564648,0.16159756589027152,0.9999912472718648,0.21306514523456296,0.21306328033327165,0.9999912472718648,0.21306514523456296,0.21306328033327165,0.9999738803148113,0.3259653529266545,0.32595683881425364,0.9998600330401491,0.5337001940551903,0.5336254936615566
102.7054108216433,0.9999950980029602,0.16948513579187188,0.16948430497623793,0.9999905300862031,0.22273430623469093,0.22273219696001126,0.9999905300862031,0.22273430623469093,0.22273219696001126,0.9999717126594942,0.3383470806450985,0.33833750970601917,0.9998478433503213,0.546866268784434,0.5467830594451535
104.6993987975952,0.9999947058516584,0.17751211455053814,0.17751117477507128,0.999989769010545,0.23251177107564075,0.23250939225016273,0.999989769010545,0.23251177107564075,0.23250939225016273,0.9999694086213812,0.35069388231888265,0.3506831541095493,0.9998348044787224,0.559670553947568,0.5595780988786649
106.6933867735471,0.9999942903684736,0.18567135716320984,0.18567029704817545,0.9999889622002828,0.24238542028675178,0.24238274488502828,0.9999889622002828,0.24238542028675178,0.24238274488502828,0.9999669620381355,0.36298892887810036,0.3629769364637109,0.9998208680133528,0.572111253336242,0.5720087699108487
108.687374749499,0.9999938506132953,0.19395478805302538,0.1939535953500304,0.9999881077630179,0.2523431528139497,0.25234015188937564,0.9999881077630179,0.2523431528139497,0.25234015188937564,0.9999643665471217,0.3752163171435642,0.37520294689060807,0.9998059829795816,0.5841882223046249,0.5840748798463697
110.68136272545091,0.9999933856240173,0.2023541660126085,0.2023528275660728,0.9999872037576296,0.26237293661918215,0.26236957923149373,0.9999872037576296,0.26237293661918215,0.26236957923149373,0.999961615578806,0.3873611001396067,0.38734623150798475,0.9997900956910404,0.5959027873738613,0.5957777048110704
112.6753507014028,0.9999928944162372,0.21086111671283597,0.21085961842150885,0.9999862481933085,0.2724628567057157,0.27245910984917965,0.9999862481933085,0.2724628567057157,0.27245910984917965,0.9999587023498463,0.3994093073810021,0.39939281271515775,0.9997731495917149,0.6072575745070243,0.6071198178783133
114.66933867735473,0.9999923759829328,0.21946716496040292,0.21946549173899157,0.9999852390285474,0.28260116029694754,0.2825969888292879,0.9999852390285474,0.28260116029694754,0.2825969888292879,0.9999556198558626,0.4113479558126287,0.4113297001310591,0.9997550850887962,0.6182563471667536,0.618104926968386
116.66332665330664,0.999991829294137,0.22816376649196055,0.22816190223293595,0.9999841741700941,0.29277629894306995,0.29277166551516237,0.9999841741700941,0.29277629894306995,0.29277166551516237,0.9999523608638755,0.42316505214488687,0.4231448929273646,0.9997358393758415,0.6289038548908557,0.6287377232560121
118.65731462925854,0.9999912532965928,0.23694233910454723,0.23694026664018247,0.9999830514718626,0.3029769673767493,0.3029718323630927,0.9999830514718626,0.3029769673767493,0.3029718323630927,0.9999489179043919,0.4348495873713673,0.43482737434317004,0.9997153462457663,0.6392056928009286,0.6390237405007453
120.65130260521045,0.9999906469134018,0.24579429293583271,0.24579199400052554,0.999981868733801,0.3131921389851739,0.31318646041513054,0.999981868733801,0.3131921389851739,0.31318646041513054,0.9999452832631397,0.4463915242795262,0.44636709919195555,0.9996935358931871,0.6491681721924097,0.6489692254483475
122.64529058116234,0.9999900090436568,0.254711059723039,0.25470851491596114,0.9999806237007139,0.3234110978105842,0.3234048313003606,0.9999806237007139,0.3234110978105842,0.3234048313003606,0.9999414489724224,0.45778177877217197,0.4577549751786186,0.9996703347056013,0.6587982021371113,0.6585810192338544
124.63927855711425,0.9999893385620628,0.26368412088599263,0.2636813096341028,0.9999793140610458,0.33362346703409823,0.3336165657194255,0.9999793140610458,0.33362346703409823,0.3336165657194255,0.9999374068020938,0.469012195809573,0.46898283883638026,0.9996456650429006,0.6681031818564774,0.6678664495441964
126.63326653306615,0.9999886343185447,0.2727050342973066,0.2727019348187555,0.9999779374456085,0.34381923393772795,0.34381164840717837,0.9999779374456085,0.34381923393772795,0.34381164840717837,0.9999331482501981,0.48007552076090737,0.48004342687230744,0.9996194450046657,0.6770909034903164,0.6768332331646978
128.62725450901803,0.99998789513784,0.2817654596208565,0.28176204888880635,0.9999764914262659,0.3539887713764849,0.3539804496053519,0.9999764914262659,0.3539887713764849,0.3539804496053519,0.9999286645329242,0.4909653669239771,0.4909303436802095,0.9995915881847066,0.6857694647864955,0.6854893884345092
130.62124248496994,0.999987119819079,0.29085718211824113,0.29085343582511325,0.9999749735145697,0.364122855826059,0.3641137431107128,0.9999749735145697,0.364122855826059,0.3641137431107128,0.9999239465745281,0.5016761799283387,0.5016380257363775,0.9995620034122896,0.6941471911670609,0.693843157065961
132.61523046092185,0.9999863071353515,0.29997213484147756,0.29996802736363687,0.999973381160342,0.37421268210149305,0.37420272099411017,0.999973381160342,0.37421268210149305,0.37420272099411017,0.9999189849965476,0.5122031996958881,0.5121617035518965,0.9995305944794698,0.7022325665807743,0.7019029347373251
134.60921843687376,0.9999854558332543,0.30910241914857534,0.3090979235114497,0.999971711750205,0.38424987486839446,0.3842390051119505,0.999971711750205,0.38424987486839446,0.3842390051119505,0.9999137701066229,0.5225424205783673,0.5224973618011558,0.999497259853956,0.7100341725268783,0.7096772098432859
136.60320641282567,0.99998456463243,0.31824032349654163,0.31823541134017286,0.9999699626060563,0.3942264970904974,0.3942146555539012,0.9999699626060563,0.3942264970904974,0.3942146555539012,0.9999082918868314,0.532690550239056,0.5326416981937908,0.9994618923769208,0.7175606346261859,0.717174509778672
138.59719438877755,0.9999836322250844,0.3273783404836548,0.3273729820286655,0.999968130983492,0.4041350555758276,0.40412217618907,0.999968130983492,0.4041350555758276,0.40412217618907,0.9999025399815366,0.5426449677906002,0.5425920816020202,0.9994243789451536,0.7248205761197576,0.7244033541351571
140.5911823647295,0.9999826572754895,0.3365091821292618,0.33650334614322086,0.9999662140701673,0.4139685037984163,0.41395451748759404,0.9999662140701673,0.4139685037984163,0.41395451748759404,0.9998965036847137,0.5524036816456859,0.5523465099000849,0.9993846001769762,0.7318225776907737,0.731372214205978
142.58517034068137,0.9999816384194748,0.3456257933947834,0.3456194471589464,0.9999642089841015,0.4237202421836347,0.4237050768057102,0.9999642089841015,0.4237202421836347,0.4237050768057102,0.9998901719267496,0.561965287482944,0.5619035679181862,0.9993424300613067,0.7385751430251285,0.7380894782136092
144.57915831663328,0.999980574263893,0.35472136396389686,0.354714473240289,0.9999621127719217,0.43338411605296573,0.43336769633011535,0.9999621127719217,0.43338411605296573,0.43336769633011535,0.9998835332606887,0.5713289266779125,0.5712623858607481,0.9992977355893059,0.7450866695566457,0.7445634217057335
146.5731462925852,0.9999794633860766,0.3637893383129367,0.3637818673117463,0.9999599224070399,0.4429544114286533,0.4429366588820522,0.9999599224070399,0.4429544114286533,0.4429366588820522,0.9998765758479117,0.580494245498735,0.5804225984886922,0.9992503763680045,0.7513654238720519,0.7508021825940531
148.56713426853707,0.9999783043332723,0.372823424114303,0.37281533546154516,0.9999576347877736,0.45242584890042864,0.4524066817833232,0.9999576347877736,0.45242584890042864,0.4524066817833232,0.9998692874432206,0.5894613553191097,0.5893843053182333,0.9992002042153564,0.7574195212852616,0.7568137403449309
150.56112224448898,0.9999770956220585,0.3818175990260951,0.38180885373150225,0.9999552467353923,0.4617935757557124,0.46177290898562245,0.9999552467353923,0.4617935757557124,0.46177290898562245,0.9998616553793188,0.5982307940570782,0.5981480320447946,0.9991470627361692,0.7632569091251511,0.7626058988654819
152.5551102204409,0.9999758357377425,0.3907661159302399,0.3907566733553332,0.9999527549920998,0.47105315657163355,0.4710309016615299,0.9999527549920998,0.47105315657163355,0.4710309016615299,0.9998536665506506,0.6068034890078894,0.6067146933602656,0.999090786878393,0.7688853533159818,0.7681862726637355
154.5490981963928,0.9999745231337431,0.39966350668907674,0.39965332451536906,0.9999501562189476,0.4802005624621787,0.48017662745048206,0.9999501562189476,0.4802005624621787,0.48017662745048206,0.9998453073965969,0.6151807212024253,0.6150855572950991,0.9990312024692629,0.7743124278641534,0.7735622758960196
156.54308617234472,0.9999731562309478,0.40850458449673094,0.40849361869400796,0.9999474469936709,0.4892321591671031,0.489206448546346,0.9999474469936709,0.4892321591671031,0.489206448546346,0.999836563883987,0.6233640913895897,0.623262211183631,0.9989681257308763,0.7795455068984662,0.7787411139482867
158.53707414829663,0.9999717334170547,0.4172844449066775,0.41727264970130373,0.9999446238084568,0.49814469416118967,0.4981171088051896,0.9999446238084568,0.49814469416118967,0.4981171088051896,0.999827421488914,0.6313554877115768,0.6312465293215416,0.9989013627747719,0.7845917589431995,0.7837297772302174
160.53106212424854,0.9999702530458904,0.4259984656207428,0.42598579346393517,0.9999416830676338,0.5069352829532854,0.5069057200426753,0.9999416830676338,0.5069352829532854,0.5069057200426753,0.9998178651778303,0.6391570551149368,0.639040642358365,0.9988307090751918,0.7894581431337518,0.7885350368914696
162.52505010020042,0.9999687134367086,0.4346423051274659,0.43462870666347736,0.999938621085279,0.5156013947345658,0.5155697476805283,0.999938621085279,0.5156013947345658,0.5155697476805283,0.9998078793878874,0.6467711665176743,0.6466469084452662,0.9987559489207407,0.7941514071132173,0.7931634421981029
164.51903807615233,0.999967112873468,0.4432119002793442,0.44319732431349923,0.9999354340827509,0.5241408375248917,0.5241069958909492,0.9999354340827509,0.5241408375248917,0.5241069958909492,0.9997974480065125,0.6542003957330673,0.6540678861387713,0.9986768548442562,0.7986780863749517,0.797621319333966
166.51302605210424,0.9999654496040836,0.4517034628990858,0.4516878563656058,0.9999321181861948,0.5325517429549267,0.5325155923766698,0.9999321181861948,0.5325517429549267,0.5325155923766698,0.9997865543501804,0.6614474921342506,0.6613063090444704,0.9985931870307793,0.8030445048409027,0.8019147714166311
168.50701402805615,0.9999637218396626,0.46011347550470183,0.4600967834342641,0.9999286694237368,0.5408325508118146,0.5407939729143033,0.9999286694237368,0.5408325508118146,0.5407939729143033,0.9997751811423607,0.6685153570296426,0.6683650621707609,0.9985046927036481,0.8072567764882412,0.8060496795403288
170.50100200400803,0.9999619277537087,0.46843868624214713,0.4684208517291122,0.9999250837229222,0.5489819934618299,0.5489408657746969,0.9999250837229222,0.5489819934618299,0.5489408657746969,0.9997633104906201,0.6754070217077744,0.6752471599511747,0.998411105488818,0.8113208078576802,0.8100317046792674
172.49498997995994,0.99996006548131,0.4766761031124161,0.4766570672816673,0.9999213569078451,0.556999080256535,0.5569552761265362,0.9999213569078451,0.556999080256535,0.5569552761265362,0.9997509238628336,0.6821256271007535,0.681955725884493,0.9983121447576913,0.8152423012958837,0.8138662903038896
174.48897795591185,0.9999581331182955,0.4848229875775516,0.48480268955088307,0.9999174846962456,0.5648830820150449,0.5648364705159468,0.9999174846962456,0.5648830820150449,0.5648364705159468,0.9997380020624989,0.6886744050082427,0.6884939737345207,0.9982075149488681,0.8190267588016235,0.8175586655799945
176.48296593186373,0.9999561287203753,0.49287684762706846,0.49285522448906566,0.9999134626965024,0.5726335156657366,0.5725839615053986,0.9999134626965024,0.5726335156657366,0.5725839615053986,0.9997245252031038,0.6950566608182329,0.6948651902257627,0.9980969048694126,0.8226794863609596,0.8211138490364319
178.47695390781564,0.9999540503022462,0.5008354303828907,0.5008124171462401,0.9999092864045384,0.5802501291204877,0.5801974925450081,0.9999092864045384,0.5802501291204877,0.5801974925450081,0.9997104726815356,0.7012757576568083,0.7010727191671898,0.9979799869764151,0.8262055986707859,0.8245366526013121
180.47094188376755,0.9999518958366744,0.5086967143171548,0.5086722438873261,0.9999049512006161,0.587732886444957,0.587677023139742,0.9999049512006161,0.587732886444957,0.587677023139742,0.999695823150483,0.7073351018963663,0.7071199469335187,0.9978564166398656,0.8296100241627236,0.8278316859195276
182.46492985971946,0.9999496632535556,0.5164589011532053,0.5164329042924489,0.9999004523460375,0.5950819533794057,0.5950227143670314,0.9999004523460375,0.5950819533794057,0.5950227143670314,0.9996805544898206,0.7132381299501641,0.7130102892318628,0.9977258313880697,0.8328975102506615,0.8310033608758945
184.45891783567134,0.999947350438939,0.5241204075158868,0.524092812806488,0.9998957849797359,0.6022976832561104,0.6022349147908449,0.9998957849797359,0.6022976832561104,0.6022349147908449,0.9996646437769249,0.7189882962804537,0.7187471790809778,0.9975878501371065,0.8360726287353544,0.8340558962585813
186.45290581162325,0.999944955234034,0.5316798563928812,0.5316505901996172,0.9998909441147575,0.6093806033515643,0.6093141468104162,0.9998909441147575,0.6093806033515643,0.6093141468104162,0.9996480672558977,0.7245890625476772,0.7243340559305483,0.997442072406134,0.8391397813084843,0.8369933225067647
188.44689378757516,0.9999424754341758,0.5391360684644038,0.5391050548961451,0.9998859246346348,0.6163314017044256,0.6162610934745901,0.9998859246346348,0.6163314017044256,0.6162610934745901,0.999630800305673,0.7300438878291077,0.7297743558488758,0.9972880775206338,0.8421032051065938,0.8398194864947188
190.44088176352707,0.9999399087877713,0.5464880533541344,0.5464552142245399,0.999880721289642,0.6231509144235292,0.6230765857860984,0.999880721289642,0.6231509144235292,0.6230765857860984,0.9996128174069536,0.7353562198367735,0.7350715027087643,0.9971254238060508,0.8449669782723787,0.8425380563119638
192.43486973947896,0.9999372529952105,0.5537350008498306,0.5537002556370803,0.9998753286929385,0.6298401135042417,0.6297615905140515,0.9998753286929385,0.6298401135042417,0.6297615905140515,0.9995940921079646,0.7405294870664336,0.7402289003033484,0.9969536477746487,0.8477350254870977,0.8451525260056968
194.42885771543087,0.9999345057077916,0.5608762721375535,0.5608395379430934,0.9998697413165842,0.6364000951659687,0.6363171985274467,0.9998697413165842,0.6364000951659687,0.6363171985274467,0.9995745969889736,0.7455670918116382,0.7452499253258592,0.99677226330879,0.8504111234433753,0.8476662202576241
196.42284569138278,0.9999316645264393,0.5679113910902145,0.5678725825963639,0.9998639534874356,0.6428320687187447,0.6427446136576309,0.9998639534874356,0.6428320687187447,0.6427446136576309,0.9995543036255544,0.7504724039794592,0.7501379211498841,0.9965807608443038,0.8529989062325476,0.8500822989725912
198.41683366733469,0.999928727000651,0.5748400356445161,0.5747990650710298,0.9998579593829182,0.649137345962456,0.6490451420932647,0.9998579593829182,0.649137345962456,0.6490451420932647,0.9995331825505499,0.7552487556472195,0.7548961923494079,0.9963786065580404,0.8555018706249653,0.8524037617610999
200.4108216432866,0.9999256906272365,0.5816620292997357,0.5816188063591781,0.9998517530266586,0.6553173311184133,0.6552201823074968,0.9998517530266586,0.6553173311184133,0.6552201823074968,0.9995112032147035,0.7598994363024245,0.7595279999008113,0.9961652415642043,0.8579233812254231,0.8546334523020025
202.40480961923848,0.9999225528490696,0.5883773327655641,0.5883317646174694,0.9998453282839934,0.6613735112896044,0.661271215513692,0.9998453282839934,0.6613735112896044,0.661271215513692,0.9994883339459272,0.7644276887110696,0.7640365570119628,0.9959400811243526,0.8602666754891165,0.8567740625752078
204.3987975951904,0.9999193110538027,0.5949860357836046,0.5949380269873752,0.9998386788573342,0.6673074474430466,0.6671997966431157,0.9998386788573342,0.6673074474430466,0.6671997966431157,0.9994645419071574,0.7688367053624867,0.7684250255265259,0.9957025138778913,0.862534868586684,0.858828136959098
206.3927855711423,0.9999159625725444,0.6014883491435997,0.6014378016100932,0.999831798281393,0.6731207659051387,0.6730075458354834,0.999831798281393,0.6731207659051387,0.6730075458354834,0.9994397930527804,0.7731296254418958,0.7726965128546219,0.9954519010969837,0.8647309581086887,0.8607980761867103
208.3867735470942,0.9999125046785047,0.6078845969122855,0.6078314098540466,0.9998246799182652,0.6788151503587997,0.678696140431156,0.9998246799182652,0.6788151503587997,0.678696140431156,0.9994140520835711,0.7773095322846972,0.7768540693838347,0.9951875759749599,0.8668578286030212,0.8626861411623579
210.3807615230461,0.9999089345855986,0.6141752088898272,0.6141192787699146,0.9998173169523615,0.6843923343293955,0.6842673074519798,0.9998173169523615,0.6843923343293955,0.6842673074519798,0.9993872824001334,0.7813794512699981,0.7809006863280309,0.9949088429545505,0.8689182559399182,0.86449445663927
212.374749498998,0.9999052494470158,0.6203607133060388,0.6203019337854033,0.9998097023851878,0.6898540941450106,0.6897228165563265,0.9998097023851878,0.6898540941450106,0.6897228165563265,0.9993594460547783,0.7853423481123403,0.7848392939729073,0.9946149771042302,0.8709149115012379,0.8662250147625364
214.3687374749499,0.9999014463537459,0.6264417297660732,0.626379991649439,0.9998018290299742,0.6952022423554548,0.695064473452723,0.9998018290299742,0.6952022423554548,0.695064473452723,0.999330503701832,0.7892011275151257,0.7886727602817443,0.994305223551359,0.8728503661920417,0.8678796784834636
216.36272545090182,0.999897522333072,0.6324189624529538,0.6323541536331606,0.9997936895061368,0.7004386215934879,0.7002941137555461,0.9997936895061368,0.7004386215934879,0.7002941137555461,0.9993004145463128,0.7929586321505369,0.7924038898261087,0.9939787969814791,0.874727094273811,0.8694601848533875
218.35671342685373,0.9998934743470134,0.6382931935921972,0.6382251989929528,0.9997852762335792,0.70556509886108,0.7054135972655975,0.9997852762335792,0.70556509886108,0.7054135972655975,0.9992691362909679,0.7966176419338007,0.7960354230093366,0.9936348812137373,0.8765474770197522,0.8709681482067226
220.3507014028056,0.999889299290733,0.6440652771818725,0.6439939786988742,0.9997765814268262,0.7105835602230598,0.7104248026579141,0.9997765814268262,0.7105835602230598,0.7104248026579141,0.999236625081613,0.8001808735619549,0.7995700355529047,0.9932726288630384,0.8783138061936275,0.8724050632446456
222.34468937875752,0.9998849939909036,0.6497361329897107,0.6496614094300898,0.9997675970889864,0.7154959058902203,0.7153296225588731,0.9997675970889864,0.7154959058902203,0.7153296225588731,0.9992028354507555,0.8036509802895575,0.8030103382181051,0.9928911611001524,0.8800282873544298,0.8737723080323184
224.33867735470943,0.9998805552040245,0.6553067408173318,0.6552284678373734,0.9997583150055322,0.720304045673833,0.7201299589945392,0.9997583150055322,0.720304045673833,0.7201299589945392,0.9991677202594653,0.8070305519159328,0.8063588767375806,0.9924895675215408,0.8816930429900027,0.8750711469238991
226.33266533066134,0.9998759796146962,0.6607781350302872,0.6606961850713804,0.999748726737907,0.725009894793539,0.7248277191922246,0.999748726737907,0.725009894793539,0.7248277191922246,0.9991312306374647,0.8103221149605798,0.8096181319333172,0.9920669061412285,0.8833101154834073,0.8763027334308752
228.32665330661328,0.9998712638338522,0.6661513993514007,0.6660656415741741,0.9997388236169418,0.7296153700207264,0.7294248117173607,0.9997388236169418,0.7296153700207264,0.7294248117173607,0.9990933159213969,0.8135281330052795,0.812790519999588,0.9916222035174818,0.8848814699164759,0.8774681130503641
230.32064128256513,0.9998664043969411,0.6714276619138244,0.6713379621304206,0.9997285967360826,0.734122386139735,0.7339231429280219,0.9997285967360826,0.734122386139735,0.7339231429280219,0.9990539235912659,0.8166510071832211,0.8158783929311562,0.9911544550274574,0.8864089967155709,0.878568226071057
232.31462925851704,0.9998613977620604,0.6766080905693165,0.6765143111737555,0.9997180369444261,0.7385328527095713,0.7383246137297795,0.9997180369444261,0.7385328527095713,0.7383246137297795,0.9990129992049968,0.8196930767971504,0.818884039078693,0.9906626253033056,0.8878945141451026,0.8796039103753903
234.30861723446898,0.9998562403080419,0.6816938884464415,0.6815958883430288,0.9997071348395509,0.7428486711091992,0.7426311166139453,0.9997071348395509,0.7428486711091992,0.7426311166139453,0.9989704863311113,0.8226566200500882,0.8218096838149449,0.9901456488433651,0.8893397706548476,0.8805759042572535
236.3026052104209,0.9998509283324906,0.6866862897527425,0.6865839242824732,0.9996958807601519,0.747071731849945,0.7468445329627428,0.9996958807601519,0.747071731849945,0.7468445329627428,0.9989263264794882,0.8255438548736355,0.8246574902966364,0.9896024308121824,0.8907464470875782,0.8814848492751823
238.29659318637275,0.9998454580497687,0.6915865558143593,0.69147967667927,0.9996842647784605,0.7512039121390451,0.7509667306054246,0.9996842647784605,0.7512039121390451,0.7509667306054246,0.9988804590301913,0.8283569398402175,0.8274295603084411,0.9890318480429933,0.8921161587539228,0.8823312931614087
240.29058116232468,0.9998398255889277,0.696395971346124,0.6962844265315404,0.9996722766924514,0.7552470736789217,0.7549995616099193,0.9996722766924514,0.7552470736789217,0.7549995616099193,0.9988328211603433,0.8310979751468732,0.8301279351766003,0.9884327502560676,0.8934504573817901,0.8831156928074243
242.2845691382766,0.9998340269915899,0.701115840944787,0.7009994746394214,0.9996599060178363,0.7592030606873316,0.7589448602951515,0.9996599060178363,0.7592030606873316,0.7589448602951515,0.9987833477690434,0.8337690036593557,0.8327545967409511,0.9878039615058682,0.8947508329480474,0.8838384173467565
244.2785571142285,0.9998280582097728,0.7057474857977607,0.7056261383116043,0.9996471419798282,0.7630736981241244,0.7628044414497591,0.9996471419798282,0.7630736981241244,0.7628044414497591,0.9987319714003078,0.836372012006373,0.8353114683751668,0.9871442818693494,0.8960187154004828,0.8844997513555066
246.27254509018042,0.9998219151036591,0.7102922405995444,0.7101657482795055,0.9996339735046776,0.7668607901109552,0.7665800987435507,0.9996339735046776,0.7668607901109552,0.7665800987435507,0.9986786221640314,0.8389089317147854,0.8378004160460214,0.9864524893868676,0.8972554762783844,0.8850998981908118
248.2665330661323,0.99981559343931,0.7147514506678744,0.7146196458111086,0.9996203892109812,0.7705661185308952,0.7702736033186485,0.9996203892109812,0.7705661185308952,0.7702736033186485,0.9986232276549677,0.8413816403774822,0.8402232494033925,0.9857273422660477,0.8984624302403409,0.8856389834867056
250.2605210420842,0.9998090888863184,0.7191264692515473,0.7189891800164245,0.9996063774007415,0.7741914417955034,0.7738867025478602,0.9996063774007415,0.7741914417955034,0.7738867025478602,0.998565712869735,0.8437919628464946,0.8425817228935628,0.9849675813576333,0.8996408365080889,0.8861170588259303
252.25450901803612,0.9998023970154076,0.7234186550218573,0.7232757053365152,0.9995919260501914,0.777738493767525,0.7774211189484551,0.9995919260501914,0.777738493767525,0.7774211189484551,0.9985060001218459,0.8461416724446662,0.8448775368891327,0.9841719329106863,0.9007919002354241,0.8865341056049875
254.24849699398803,0.999795513295963,0.7276293697395909,0.7274805792080123,0.9995770228003646,0.7812089828279806,0.780878549240094,0.9995770228003646,0.7812089828279806,0.780878549240094,0.9984440089547851,0.8484324921899021,0.8471123388295854,0.9833391116126343,0.9019167738113151,0.8868900391081518
256.2424849699399,0.9997884330935061,0.7317599760896041,0.7316051598951667,0.9995616549474134,0.7846045910770041,0.7842606635362688,0.9995616549474134,0.7846045910770041,0.7842606635362688,0.9983796560531479,0.8506660960266634,0.8492877243671744,0.9824678239174786,0.9030165581064409,0.8871847128042863
258.2364729458918,0.9997811516671052,0.7358118356750906,0.7356508044815289,0.9995458094326616,0.7879269736583605,0.7875691046591734,0.9995458094326616,0.7879269736583605,0.7875691046591734,0.9983128551518619,0.8528441100599555,0.8514052385134029,0.9815567716630003,0.9040923036723747,0.887417922878021
260.2304609218437,0.9997736641667194,0.7397863071637912,0.7396188670135098,0.9995294728323986,0.7911777581981385,0.7908054875685043,0.9995294728323986,0.7911777581981385,0.7908054875685043,0.9982435169435382,0.8549681137875985,0.8534663767819155,0.9806046559751332,0.905145011902589,0.8875894130043461
262.2244488977956,0.9997659656304766,0.7436847445785371,0.7435106967882155,0.9995126313473951,0.7943585443486555,0.7939713988952111,0.9995126313473951,0.7943585443486555,0.7939713988952111,0.9981715489839749,0.8570396413270494,0.8554725863240911,0.9796101814546133,0.9061756361643137,0.887698879372673
264.2184368737475,0.9997580509818899,0.7475084957247055,0.7473276367781359,0.9994952707921498,0.7974709034291416,0.7970683965717703,0.9994952707921498,0.7974709034291416,0.7970683965717703,0.998096855595871,0.8590601826335011,0.8574252670541122,0.9785720606378645,0.9071850829100641,0.8877459759632333
266.2124248496994,0.999749915026995,0.7512589007473601,0.751071022185447,0.9994773765838478,0.8005163781552765,0.8000980095510393,0.9994773765838478,0.8005163781552765,0.8000980095510393,0.9980193377708093,0.861031184706371,0.8593257727606678,0.9774890187206176,0.9081742127773695,0.8877303200751203
268.20641282565134,0.9997415524514266,0.7549372908110502,0.7547421791189134,0.9994589337310302,0.803496482450135,0.8030617376062454,0.9994589337310302,0.803496482450135,0.8030617376062454,0.9979388930695672,0.862954052781672,0.8611754122028387,0.9763597985291705,0.9091438416848303,0.8876514981014371
270.2004008016032,0.9997329578174191,0.7585449868954757,0.7583424233865893,0.999439926821981,0.8064127013295754,0.8059610512051469,0.999439926821981,0.8064127013295754,0.8059610512051469,0.9978554155208331,0.864830151508085,0.8629754501880452,0.9751831657204862,0.9100947419321698,0.8875090715429823
272.1943887775551,0.9997241255607345,0.7620832987004412,0.7618730593977386,0.9994203400127988,0.8092664908554794,0.8087973914517478,0.9994203400127988,0.8092664908554794,0.8087973914517478,0.9977687955184196,0.8666608061048489,0.8647271086302576,0.9739579141885195,0.9110276433113795,0.8873025832476338
274.1883767535071,0.9997150499875165,0.765553523653771,0.7653353791676492,0.9994001570151806,0.8120592781510514,0.811572170089795,0.9994001570151806,0.8120592781510514,0.811572170089795,0.9976789197170661,0.8684473034998628,0.8664315675869422,0.9726828716503817,0.911943234235388,0.8870315638582139
276.1823647294589,0.999705725271068,0.7689569460160872,0.768730661419238,0.9993793610838847,0.8147924614718747,0.8142867695617279,0.9993793610838847,0.8147924614718747,0.8142867695617279,0.9975856709269425,0.8701908934466328,0.8680899662734747,0.9713569053821643,0.9128421628900724,0.8866955384472622
278.17635270541086,0.9996961454485513,0.7722948360765998,0.7720601707755976,0.99935793500388,0.8174674103280198,0.8169425431183794,0.99935793500388,0.8174674103280198,0.8169425431183794,0.9974889280069708,0.8718927896189212,0.869703404053985,0.9699789280707221,0.9137250384143283,0.8862940333125094
280.1703406813628,0.9996863044176069,0.7755684494343033,0.7753251570378722,0.9993358610771821,0.8200854656519624,0.8195408149741856,0.9993358610771821,0.8200854656519624,0.8195408149741856,0.9973885657571147,0.8735541706821506,0.8712729414078159,0.9685479037441987,0.914592432112432,0.8858265829028045
282.1643286573146,0.9996761959328978,0.7787790263592073,0.7785268545430982,0.9993131211093519,0.8226479400077701,0.8220828805033435,0.9993131211093519,0.8226479400077701,0.8220828805033435,0.997284454809764,0.8751761813407947,0.8727996008709455,0.9670628537411077,0.915444878701703,0.885292736839951
284.15831663326657,0.9996658136025626,0.7819277912284817,0.7816664815968748,0.9992896963956714,0.8251561178372899,0.8245700064726563,0.9992896963956714,0.8251561178372899,0.8245700064726563,0.9971764615204033,0.8767599333611484,0.8742843679519345,0.9655228626749606,0.916282877597617,0.8846920669981017
286.1523046092185,0.9996551508845941,0.7850159520326184,0.7847452399759804,0.999265567706981,0.8276112557393739,0.827003431307093,0.999265567706981,0.8276112557393739,0.827003431307093,0.9970644478577235,0.8783065065690062,0.8757281920220722,0.9639270843492638,0.9171068942374921,0.8840241745989544
288.14629258517033,0.999644201083123,0.788044699946961,0.7877643144962693,0.9992407152751707,0.8300145827784673,0.829384365384378,0.9992407152751707,0.8300145827784673,0.829384365384378,0.9969482712933909,0.8798169498219148,0.8771319871795821,0.9622747475759551,0.917917361442845,0.8832886972780004
290.14028056112227,0.9996329573446223,0.791015208964166,0.7907248726414237,0.9992151187783302,0.8323673008191667,0.8317139913552217,0.9992151187783302,0.8323673008191667,0.8317139913552217,0.9968277846916753,0.8812922819557674,0.8784966330878389,0.9605651618492982,0.9187146808194943,0.8824853160747038
292.1342685370742,0.9996214126540179,0.793928635583391,0.7936280642483463,0.9991887573255437,0.834670584883602,0.8339934644860311,0.9991887573255437,0.834670584883602,0.8339934644860311,0.9967028361991691,0.8827334927056174,0.8798229757876874,0.9587977228268396,0.919499224193487,0.881613762297761
294.1282565130261,0.9996095598307112,0.7967861185522195,0.796475021245205,0.9991616094413315,0.836925583528744,0.8362239130212054,0.9991616094413315,0.836925583528744,0.8362239130212054,0.996573269134866,0.8841415436006709,0.8811118284840672,0.9569719175694122,0.9202713350799501,0.8806738242156229
296.12224448897797,0.9995973915245088,0.7995887786575393,0.7992668574383441,0.999133653049723,0.8391334192409647,0.8384064385623299,0.999133653049723,0.8391334192409647,0.8384064385623299,0.9964389218808494,0.8855173688335012,0.8823639723072204,0.9550873294932675,0.9210313301810631,0.8796653535222634
298.1162324649299,0.9995849002114551,0.8023377185617968,0.8020046683444801,0.999104865457978,0.8412951888453875,0.8405421164618151,0.999104865457978,0.8412951888453875,0.8405421164618151,0.9962996277738843,0.8868618761035932,0.8835801570488586,0.9531436429893765,0.9217795009084984,0.8785882715288554
300.1102204408818,0.9995720781895783,0.8050340226812434,0.8046895310648066,0.9990752233399188,0.8434119639277634,0.8426319962286898,0.9990752233399188,0.8434119639277634,0.8426319962286898,0.9961552149982482,0.8881759474353904,0.8847611018737741,0.9511406476677101,0.9225161149249215,0.8774425750335895
302.10420841683367,0.9995589175745276,0.8076787571029822,0.8073225041977967,0.999044702718908,0.8454847912667968,0.844677101944495,0.999044702718908,0.8454847912667968,0.844677101944495,0.996005506480102,0.8894604399710653,0.8859074960073953,0.9490782421878187,0.923241417698486,0.8762283418242688
304.0981963927856,0.9995454102951181,0.8102729695378014,0.8099046277877054,0.9990132789504341,0.8475146932750114,0.8466784326873406,0.9990132789504341,0.8475146932750114,0.8466784326873406,0.9958503197836085,0.8907161867382595,0.8870199993997321,0.9469564376413965,0.9239556340637098,0.8749457357716683
306.0921843687375,0.9995315480887762,0.8128176893059542,0.8124369233059223,0.9989809267043239,0.8495026684464183,0.848636962962399,0.9989809267043239,0.8495026684464183,0.848636962962399,0.9956894670100398,0.8919439973932403,0.8880992433672797,0.9447753604575307,0.9246589697816971,0.873595011475792
308.0861723446894,0.9995173224968743,0.8153139273532176,0.8149203936624991,0.9989476199465663,0.8514496918093857,0.8505536431372233,0.9989476199465663,0.8514496918093857,0.8505536431372233,0.9955227546985619,0.8931446589395418,0.8891458312118001,0.9425352548069995,0.9253516130923707,0.8721765184320857
310.0801603206413,0.9995027248599718,0.8177626762947147,0.8173560232453504,0.9989133319207503,0.8533567153832615,0.8524293998804411,0.9989133319207503,0.8533567153832615,0.8524293998804411,0.9953499837308157,0.8943189364227433,0.890160338818538,0.9402364844882173,0.9260337362512185,0.8706907046903347
312.0741482965932,0.9994877463129423,0.8201649104841433,0.8197447779847525,0.9988780351291124,0.8552246686374216,0.854265136602494,0.9988780351291124,0.8552246686374216,0.854265136602494,0.9951709492389265,0.8954675736016463,0.8911433152338286,0.9378795342840441,0.9267054970430206,0.8691381199851719
314.0681362725452,0.9994723777799952,0.8225215861061939,0.8220876054409306,0.998841701313191,0.8570544589515416,0.8560617338972143,0.998841701313191,0.8570544589515416,0.8560617338972143,0.994985440517567,0.8965912935963032,0.8920952832231329,0.9354650107856697,0.9273670402651216,0.8675194183238866
316.06212424849707,0.9994566099695883,0.8248336412900854,0.8243854349126601,0.9988043014340889,0.8588469720760031,0.8578200499831548,0.9988043014340889,0.8588469720760031,0.8578200499831548,0.9947932409406053,0.897690799513336,0.8930167398104346,0.9329936426868368,0.9280184991730367,0.8658353600242228
318.05611222444895,0.9994404333692258,0.8271019962422697,0.8266391775649258,0.9987658056523321,0.8606030725914431,0.8595409211436651,0.9987658056523321,0.8606030725914431,0.8595409211436651,0.9945941278828473,0.8987667750490064,0.8939081567999457,0.9304662805588659,0.9286599968815177,0.8640868132021537
320.0501002004009,0.999423838240151,0.8293275533964409,0.8288497265737848,0.9987261833073451,0.8623236043665602,0.8612251621648477,0.9987261833073451,0.8623236043665602,0.8612251621648477,0.9943878726474387,0.8998198850705019,0.8947699812811192,0.9278838961239116,0.9292916477146482,0.8622747547168773
322.0440881763528,0.999406814611913,0.8315111975793883,0.8310179572869535,0.998685402896515,0.8640093910133734,0.8628735667705634,0.998685402896515,0.8640093910133734,0.8628735667705634,0.9941742403995246,0.9008507761759272,0.8956026361180246,0.9252475810505839,0.9299135584990786,0.8604002705874132
324.03807615230465,0.9993893522768236,0.8336537961906262,0.833144727398065,0.9986434320538656,0.8656612363392153,0.8644869080537865,0.9986434320538656,0.8656612363392153,0.8644869080537865,0.9939529901067475,0.9018600772334845,0.8964065204241242,0.9225585453023866,0.9305258297951285,0.8584645559020899
326.0320641282566,0.9993714407842985,0.8357561993947967,0.8352308771335875,0.9986002375283358,0.867279924794817,0.8660659389036615,0.9986002375283358,0.867279924794817,0.8660659389036615,0.9937238744872547,0.902848399900344,0.8971820100235882,0.9198181150750794,0.9311285570611639,0.8564689142485783
328.0260521042085,0.999353069435068,0.8378192403252258,0.8372772294507713,0.9985557851616546,0.8688662219179117,0.8676113924276807,0.9985557851616546,0.8688662219179117,0.8676113924276807,0.9934866399658416,0.9038163391217116,0.8979294579002569,0.917027730364092,0.9317218317473918,0.8544147566979851
330.0200400801604,0.9993342272752738,0.8398437352973971,0.8392845902454039,0.998510039865831,0.8704208747718479,0.8691239823684893,0.998510039865831,0.8704208747718479,0.8691239823684893,0.9932410266389434,0.9047644736105976,0.8986491946354332,0.9141889422072654,0.9323057423159649,0.8523036003815913
332.0140280561123,0.9993149030904415,0.8418304840311438,0.8412537485681619,0.9984629656002437,0.8719446123787665,0.8706044035148582,0.9984629656002437,0.8719446123787665,0.8706044035148582,0.9929867682491678,0.9056933663088087,0.8993415288356936,0.9113034096514352,0.9328803751850764,0.8501370667030702
334.0080160320642,0.9992950853993259,0.8437802698804533,0.8431854768484538,0.9984145253483495,0.8734381461469456,0.872053332106445,0.9984145253483495,0.8734381461469456,0.872053332106445,0.9927235921700975,0.9066035648296702,0.9000067475519261,0.9083728964936078,0.9334458155954861,0.8479168792323097
336.0020040080161,0.9992747624476265,0.84569386006985,0.8450805311247157,0.9983646810940031,0.874902170291973,0.8734714262319969,0.9983646810940031,0.874902170291973,0.8734714262319969,0.9924512194021308,0.9074956018830104,0.9006451166908642,0.9053992678486281,0.9340021483986845,0.8456448613292146
337.995991983968,0.9992539222015813,0.8475720059364019,0.8469396512802115,0.9983133937973935,0.8763373622514461,0.874859326220697,0.9983133937973935,0.8763373622514461,0.874859326220697,0.9921693645801082,0.9083699956829212,0.9012568814203595,0.9023844865953097,0.934549458766626,0.8433229335470463
339.9899799599199,0.9992325523414232,0.8494154431764643,0.8487635612834395,0.9982606233706192,0.8777443830929481,0.8762176550264259,0.9982606233706192,0.8777443830929481,0.8762176550264259,0.9918777359935284,0.909227250338825,0.9018422665696948,0.8993306097519285,0.93508783282365,0.8409531108649025
341.9839679358718,0.9992106402547074,0.8512248920963486,0.8505529694323367,0.9982063286528748,0.8791238779150838,0.877547018604694,0.9982063286528748,0.8791238779150838,0.877547018604694,0.9915760356201503,0.910067856230372,0.9024014770262412,0.8962397848298067,0.9356173582018439,0.8385374997978527
343.9779559118237,0.9991881730295071,0.8530010578661513,0.8523085686015166,0.9981504673852987,0.880476476241395,0.8788480062821092,0.9981504673852987,0.880476476241395,0.8788480062821092,0.9912639591737924,0.9108922903667007,0.9029346981297794,0.8931142462104347,0.9361381245216763,0.836078295431027
345.9719438877756,0.9991651374474727,0.8547446307760553,0.8540310364918466,0.9980929961854493,0.8818027924070065,0.880121191118205,0.9980929961854493,0.8818027924070065,0.880121191118205,0.9909411961671617,0.9117010167305875,0.9034420960658258,0.8899563115873009,0.9366502238002468,0.8335777784206876
347.9659318637275,0.9991415199767495,0.8564562864944539,0.8557210358817111,0.9980338705214531,0.8831034259378903,0.881367130259548,0.9980338705214531,0.8831034259378903,0.881367130259548,0.9906074299905382,0.9124944866080207,0.9039238182593069,0.8867683785082671,0.9371537507899315,0.8310383120009281
349.9599198396794,0.9991173067647655,0.8581366863273152,0.8573792148793875,0.9979730446858143,0.884378961922649,0.8825863652860259,0.9979730446858143,0.884378961922649,0.8825863652860259,0.9902623380071425,0.9132731389037331,0.9043799937699325,0.8835529210482027,0.9376488032505821,0.8284623390294034
351.9539078156313,0.9990924836308801,0.859786477478236,0.8590062071759765,0.9979104717688987,0.8856299713767579,0.8837794225492568,0.9979104717688987,0.8856299713767579,0.8837794225492568,0.9899055916660324,0.9140374004432266,0.9048107336906344,0.8803124866346508,0.9381354821587254,0.8258523790993446
353.9478957915832,0.9990670360588804,0.8614062933086969,0.8606026322983864,0.9978461036321239,0.8868570115992198,0.8849468135031108,0.9978461036321239,0.8868570115992198,0.8849468135031108,0.9895368566333415,0.9147876862618267,0.9052161315504154,0.8770496930411237,0.938613891857493,0.8232110257377487
355.9418837675351,0.999040949189348,0.8629967535980573,0.862169095861929,0.9977798908808447,0.888060626521606,0.8860890350263027,0.9977798908808447,0.888060626521606,0.8860890350263027,0.9891557929426829,0.9155243998813071,0.9055962637229682,0.8737672255556914,0.93908414015104,0.8205409437031264
357.935871743487,0.9990142078118803,0.864558464802881,0.8637061898221056,0.9977117828369629,0.8892413470494818,0.8872065697370809,0.9977117828369629,0.8892413470494818,0.8872065697370809,0.9887620551655242,0.9162479335746224,0.9059511898424083,0.8704678343220711,0.9395463383474908,0.8178448663865722
359.9298597194389,0.9989867963571624,0.8660920203152095,0.8652144927251935,0.997641727511278,0.8903996913962204,0.8882998863000342,0.997641727511278,0.8903996913962204,0.8882998863000342,0.9883552926023064,0.9169586686192922,0.9062809532274418,0.8671543318427757,0.9400006012543614,0.8151255933125331
361.9238476953908,0.998958698888898,0.8675980007194424,0.8666945699573033,0.9975696715756026,0.8915361654092379,0.8893694397250655,0.9975696715756026,0.8915361654092379,0.8893694397250655,0.9879351494950687,0.9176569755399786,0.9065855813152813,0.8638295906241704,0.9404470471304461,0.8123859877264031
363.9178356713427,0.9989298990955925,0.8690769740475135,0.8681469739915855,0.9974955603346403,0.8926512628886787,0.8904156716585668,0.9974955603346403,0.8926512628886787,0.8904156716585668,0.9875012652623029,0.9183432143408023,0.9068650861065926,0.8604965409342491,0.9408857975981005,0.8096289742473275
365.9118236472946,0.9989003802821924,0.8705294960320773,0.8695722446333073,0.9974193376976802,0.8937454658986086,0.8914390106668948,0.9974193376976802,0.8937454658986086,0.8914390106668948,0.9870532747567176,0.919017734727941,0.9071194646227145,0.8571581686349364,0.941316977519751,0.8068575365558034
367.9058116232465,0.9988701253615716,0.8719561103574578,0.8709709092625423,0.9973409461501053,0.8948192450707712,0.8924398725122058,0.9973409461501053,0.8948192450707712,0.8924398725122058,0.9865908085465619,0.9196808763230564,0.9073486993763747,0.8538175130420247,0.9417407148423425,0.8040747150771074
369.8997995991984,0.9988391168458721,0.8733573489081257,0.8723434830742445,0.997260326724745,0.8958730599009783,0.8934186604207467,0.997260326724745,0.8958730599009783,0.8934186604207467,0.9861134932210919,0.9203329688680947,0.9075527588570552,0.8504776647577088,0.9421571404132841,0.8012836046134907
371.8937875751503,0.9988073368376963,0.8747337320145046,0.8736904693155064,0.9971774189731202,0.8969073590382135,0.8943757653437233,0.9971774189731202,0.8969073590382135,0.8943757653437233,0.9856209517207095,0.9209743324220062,0.9077315980321229,0.84714176341315,0.9425663877712828,0.7984873518705273
373.8877755511022,0.9987747670211485,0.8760857686959225,0.8750123595198138,0.997092160936574,0.8979225805665307,0.8953115662108272,0.997092160936574,0.8979225805665307,0.8953115662108272,0.9851128036922412,0.9216052775499276,0.9078851588647753,0.8438129952518628,0.9429685929152748,0.7956891528162725
375.88176352705415,0.9987413886527252,0.8774139569005471,0.8763096337381349,0.997004489117348,0.8989191522798416,0.896226430176563,0.997004489117348,0.8989191522798416,0.896226430176563,0.984588665869747,0.9222261055053688,0.9080133708497836,0.8404945904791101,0.9433638940544816,0.7928922498061002
377.87575150300603,0.9987071825520613,0.8787187837421663,0.8775827607667129,0.9969143384496228,0.8998974919496887,0.8971207128594987,0.9969143384496228,0.8998974919496887,0.8971207128594987,0.9840481524811621,0.9228371084059435,0.9081161515679266,0.8371898202981276,0.943752431342424,0.790099928401485
379.8697394789579,0.9986721290925181,0.8800007257336852,0.8788321983714205,0.9968216422705677,0.9008580075861007,0.8979947585745685,0.9968216422705677,0.9008580075861007,0.8979947585745685,0.9834908756810058,0.9234385694031801,0.9081934072599489,0.8339019935510409,0.9441343465975475,0.7873155138077043
381.86372745490985,0.9986362081916242,0.8812602490172371,0.8800583935085802,0.9967263322914179,0.9018010976916432,0.8988489005585661,0.9967263322914179,0.9018010976916432,0.8988489005585661,0.9829164460092598,0.9240307628469427,0.9082450334207421,0.8306344528810283,0.9445097830129356,0.7845423668537286
383.85771543086173,0.998599399301375,0.8824978095908134,0.8812617825421655,0.9966283385686494,0.902727151508766,0.8996834611889909,0.9966283385686494,0.902727151508766,0.8996834611889909,0.9823244728764589,0.9246139544449892,0.9082709154143921,0.8273905703327054,0.9448788848574208,0.781783879437512
385.85170340681367,0.9985616813983679,0.8837138535313337,0.8824427914572796,0.996527589475261,0.9036365492605637,0.9004987521963724,0.996527589475261,0.9036365492605637,0.9004987521963724,0.9817145650748869,0.9251884014181811,0.9082709291105795,0.8241737423101467,0.9452417971702475,0.7790434693617715
387.84569138276555,0.9985230329738007,0.8849088172140936,0.8836018360698754,0.9964240116722269,0.9045296623850587,0.9012950748702453,0.9964240116722269,0.9045296623850587,0.9012950748702453,0.9810863313156681,0.9257543526518611,0.9082449415427257,0.8209873838164462,0.9455986654513101,0.776324574489194
389.83967935871743,0.9984834320233165,0.8860831275285338,0.8847393222326444,0.9963175300801658,0.9054068537631276,0.9020727202589331,0.9963175300801658,0.9054068537631276,0.9020727202589331,0.9804393807914326,0.9263120488438897,0.9081928115881465,0.8178349219054726,0.9459496353488615,0.7736306461520464
391.83366733466937,0.9984428560367065,0.8872372020902898,0.8858556460370455,0.9962080678512703,0.9062684779401827,0.902831969363301,0.9962080678512703,0.9062684779401827,0.902831969363301,0.9797733237640657,0.9268617226498377,0.9081143906703191,0.8147197882854811,0.9462948523464854,0.7709651417593691
393.82765531062125,0.9984012819874588,0.8883714494494892,0.886951194011427,0.9960955463415437,0.9071148813417291,0.9035730933246343,0.9960955463415437,0.9071148813417291,0.9035730933246343,0.9790877721769617,0.927403598825804,0.9080095234832533,0.8116454110256609,0.9466344614510327,0.7683315165554786
395.8216432865732,0.9983586863221732,0.8894862692952745,0.888026343315241,0.9959798850832884,0.9079464024828989,0.9042963536067028,0.9959798850832884,0.9079464024828989,0.9042963536067028,0.978382340291015,0.9279378943693227,0.9078780487377747,0.8086152053303787,0.946968606883156,0.7657332144962459
397.8156312625251,0.9983150449498253,0.8905820526565353,0.8890814619293167,0.9958610017585139,0.908763372172166,0.9050020021728183,0.9958610017585139,0.908763372172166,0.9050020021728183,0.9776566453434674,0.9284648186588033,0.9077197999293964,0.8056325633618922,0.9472974317720052,0.7631736582246177
399.80961923847696,0.9982703332308919,0.8916591820988425,0.8901169088421961,0.9957388121720938,0.9095661137091913,0.9056902816567778,0.9957388121720938,0.9095661137091913,0.9056902816567778,0.9769103082285646,0.9289845735919308,0.9075346061272748,0.8027008431103606,0.9476210778556082,0.7606562381438454
401.8036072144289,0.9982245259663418,0.892718031917588,0.8911330342325399,0.9956132302259572,0.9103549430770841,0.906361425529143,0.9956132302259572,0.9103549430770841,0.906361425529143,0.9761429541988137,0.9294973537234317,0.9073222927835703,0.7998233563300216,0.9479396851884175,0.7581843006058241
403.7975951903808,0.9981775973864836,0.8937589683273324,0.8921301796475989,0.9954841678937757,0.911130169129117,0.9070156582584142,0.9954841678937757,0.911130169129117,0.9070156582584142,0.975354213585511,0.9300033464025936,0.9070826825623953,0.7970033555819596,0.9482533918574718,0.7557611352523799
405.7915831663327,0.9981295211396829,0.8947823496473751,0.8931086781777748,0.995351535196329,0.9118920937700271,0.9076531954673913,0.995351535196329,0.9118920937700271,0.9076531954673913,0.974543722537013,0.930502731910899,0.9068155961873079,0.7942440204467206,0.9485623337085954,0.7533899615690387
407.7855711422846,0.998080270280954,0.8957885264835643,0.8940688546272935,0.9952152401776349,0.9126410121320215,0.9082742440849296,0.9952152401776349,0.9126410121320215,0.9082742440849296,0.9737111237730987,0.930995683600111,0.9065208533061683,0.791548442993587,0.9488666440840332,0.7510739147332666
409.7795591182365,0.9980298172604108,0.8967778419063694,0.8950110256809996,0.9950751888818993,0.9133772127456024,0.9088790024932529,0.9950751888818993,0.9133772127456024,0.9088790024932529,0.9728560673536032,0.931482368031113,0.9061982733719702,0.7889196126170898,0.949166453572884,0.7488160308618566
411.7735470941884,0.99797813391161,0.8977506316252412,0.8959355000673275,0.9949312853313839,0.9141009777053276,0.9094676606710362,0.9949312853313839,0.9141009777053276,0.9094676606710362,0.9719782114593682,0.9319629451138396,0.9058476765381552,0.786360400374719,0.9494618897756698,0.746619231784533
413.7675350701403,0.997925191439761,0.8987072241592933,0.896842578717459,0.994783431505254,0.9148125828306223,0.9100404003324308,0.994783431505254,0.9148125828306223,0.9100404003324308,0.971077223183393,0.9324375682484463,0.9054688845665767,0.7838735429820651,0.9497530770843321,0.7444863094922138
415.7615230460922,0.9978709604098254,0.8996479410043356,0.8977325549207184,0.9946315273195021,0.9155122978217523,0.9105973950622364,0.9946315273195021,0.9155122978217523,0.9105973950622364,0.9701527793299413,0.9329063844680465,0.905061721746322,0.7814616266422233,0.9500401364788935,0.742419910428196
417.7555110220441,0.9978154107345066,0.9005730967962999,0.8986057144762466,0.9944754706080349,0.9162003864110727,0.911138810447415,0.9944754706080349,0.9162003864110727,0.911138810447415,0.9692045672192421,0.9333695345831603,0.9046260158212973,0.7791270709042913,0.9503231853419601,0.7404225198079174
419.749498997996,0.9977585116621305,0.9014829994710953,0.8994623358409932,0.9943151571050032,0.9168771065096635,0.9116648042051367,0.9943151571050032,0.9168771065096635,0.9116648042051367,0.9682322854952735,0.9338271533280417,0.904161598924355,0.7768721127607688,0.9506023372921604,0.7384964461674857
421.74348697394794,0.9977002317644227,0.9023779504209377,0.9003026902740743,0.994150480428481,0.9175427103494576,0.9121755263075638,0.994150480428481,0.9175427103494576,0.9121755263075638,0.9672356449340324,0.9342793695090146,0.9036683085156129,0.7746987912046778,0.9508777020375154,0.7366438063519449
423.7374749498998,0.9976405389242007,0.9032582446471963,0.9011270419775564,0.9939813320655767,0.9181974446209743,0.9126711191035647,0.9939813320655767,0.9181974446209743,0.9126711191035647,0.9662143692495871,0.9347263061549094,0.9031459883224623,0.7726089324739327,0.951149385249629,0.7348665111609533
425.7314629258517,0.9975794003229564,0.9041241709098042,0.9019356482336927,0.993807601359093,0.9188415506067619,0.9131517174375756,0.993807601359093,0.9188415506067619,0.9131517174375756,0.9651681958951386,0.9351680806696621,0.9025944892786572,0.7706041362122436,0.9514174884594471,0.7331662518715144
427.72545090180364,0.9975167824283839,0.9049760118732826,0.9027287595387078,0.9936291754958125,0.9194752643106547,0.9136174487657902,0.9936291754958125,0.9194752643106547,0.9136174487657902,0.9640968768562262,0.9356048049870989,0.9020136704597406,0.7686857627723949,0.9516821089751951,0.7315444878544393
429.7194388777555,0.9974526509818045,0.9058140442494234,0.9035066197331368,0.9934459394965424,0.9200988165829505,0.914068433269906,0.9934459394965424,0.9200988165829505,0.914068433269906,0.9630001794331846,0.9360365857279006,0.9014034000119938,0.7668549218788361,0.951943339822933,0.7300024354929936
431.71342685370746,0.9973869709855407,0.9066385389366876,0.9042694661288191,0.9932577762080006,0.9207124332416092,0.914504783968618,0.9932577762080006,0.9207124332416092,0.914504783968618,0.9618778870099239,0.9364635243587047,0.9007635560720173,0.7651124628521526,0.9522012697099925,0.7285410585987592
433.70741482965934,0.9973197066902243,0.9074497611563636,0.9050175296325786,0.9930645662966767,0.9213163351895756,0.9149266068270795,0.9930645662966767,0.9213163351895756,0.9149266068270795,0.9607297998060763,0.9368857173532679,0.9000940276739773,0.763458966578337,0.9524559830113685,0.7271610605012134
435.7014028056112,0.9972508215820497,0.9082479705855441,0.9057510348666631,0.9928661882447505,0.9219107385283256,0.9153340008645214,0.9928661882447505,0.9219107385283256,0.9153340008645214,0.9595557356095799,0.9373032563555876,0.8993947156415405,0.7618947393811808,0.952707559778935,0.7258628779642524
437.69539078156316,0.9971802783699911,0.9090334214869685,0.9064702002860008,0.9926625183482248,0.9224958546677348,0.9157270582602716,0.9926625183482248,0.9224958546677348,0.9157270582602716,0.9583555304867865,0.9377162283448395,0.8986655334614873,0.7604198089269809,0.9529560757731799,0.724646677055247
439.68937875751504,0.9971080389729774,0.9098063628357913,0.907175238292333,0.9924534307173495,0.9230718904323676,0.9161058644583525,0.9924534307173495,0.9230718904323676,0.9161058644583525,0.9571290394672437,0.9381247158019677,0.8979064081360183,0.7590339222581993,0.9532016025168669,0.7235123510611786
441.683366733467,0.9970340645070529,0.9105670384433214,0.9078663553452947,0.992238797279481,0.9236390481642833,0.9164704982708931,0.992238797279481,0.9236390481642833,0.9164704982708931,0.9558761372003386,0.9385287968777316,0.8971172810107673,0.7577365460168396,0.9534442073699334,0.7224595205122567
443.67735470941886,0.9969583152725179,0.9113156870777946,0.9085437520704952,0.99201848778449,0.9241975258224548,0.9168210319805588,0.99201848778449,0.9241975258224548,0.9168210319805588,0.9545967185811478,0.9389285455619881,0.8962981085756436,0.7565268688809396,0.9536839536246544,0.721487535337655
445.67134268537075,0.9968807507410692,0.9120525425822278,0.9092076233646722,0.9917923698128434,0.9247475170788936,0.9171575314422187,0.9917923698128434,0.9247475170788936,0.9171575314422187,0.9532906993428832,0.9393240318539641,0.8954488632356421,0.7554038061991184,0.9539209006199411,0.7205954791411945
447.6653306613227,0.9968013295429515,0.9127778339894098,0.9098581584979792,0.9915603087864879,0.9252892114115746,0.9174800561840668,0.9915603087864879,0.9252892114115746,0.9174800561840668,0.9519580166135231,0.9397153219332534,0.8945695340489181,0.7543660067699031,0.9541551038734644,0.7197821755481474
449.65931863727457,0.9967200094541343,0.9134917856340852,0.9104955412134794,0.9913221679826518,0.9258227941942543,0.9177886595084046,0.9913221679826518,0.9258227941942543,0.9177886595084046,0.9505986294343268,0.9401024783312497,0.8936601274295,0.7534118616756745,0.9543866152301318,0.7190461965388792
451.6533066132265,0.9966367473835144,0.9141946172623808,0.9111199498238961,0.9910778085507027,0.9263484467832727,0.9180833885923131,0.9910778085507027,0.9263484467832727,0.9180833885923131,0.9492125192381637,0.940485560102716,0.8927206678122145,0.7525395150464305,0.9546154830253045,0.7183858726516766
453.6472945891784,0.9965514993601782,0.9148865441385319,0.9117315573057058,0.9908270895321842,0.9268663466014279,0.9183642845884215,0.9908270895321842,0.9268663466014279,0.9183642845884215,0.9477996902857392,0.9408646229971666,0.8917511982775232,0.7517468765971971,0.954841752261029,0.7177993049068232
455.64128256513027,0.9964642205207166,0.9155677771489573,0.9123305313906209,0.9905698678841568,0.9273766672190171,0.9186313827259914,0.9905698678841568,0.9273766672190171,0.9186313827259914,0.9463601700580527,0.9412397196297413,0.8907517811341958,0.7510316357555645,0.9550654647934632,0.7172843782774833
457.6352705410822,0.9963748650966304,0.9162385229037407,0.9129170346545507,0.9903059985059773,0.9278795784321291,0.9188847124125349,0.9903059985059773,0.9278795784321291,0.9188847124125349,0.944894009603632,0.9416108996512258,0.88972249845793,0.7503912771731563,0.9552866595296101,0.7168387765109023
459.6292585170341,0.9962833864018158,0.9168989838355653,0.9134912246040808,0.9900353342696443,0.9283752463382782,0.9191242973361806,0.9900353342696443,0.9283752463382782,0.9191242973361806,0.9434012838393712,0.941978209916879,0.8886634525842962,0.7498230973973455,0.9555053726314378,0.7164599980863094
461.62324649298597,0.9961897368201706,0.9175493582961559,0.914053253760564,0.9897577260538255,0.928863833409466,0.9193501555689925,0.9897577260538255,0.928863833409466,0.9193501555689925,0.9418820918040294,0.9423416946537213,0.887574766554601,0.7493242224674601,0.9557216377254487,0.7161453730839494
463.6172344689379,0.9960938677933217,0.918189840650281,0.914603269741872,0.9894730227817058,0.9293454985627604,0.919562299671466,0.9894730227817058,0.9293454985627604,0.919562299671466,0.9403365568637371,0.9427013956259347,0.886456584513531,0.7488916261931766,0.9559354861157813,0.7158920807330122
465.6112224448898,0.9959957298083895,0.9188206213673481,0.9151414153417697,0.9891810714627789,0.929820397228472,0.9197607367984066,0.9891810714627789,0.929820397228472,0.9197607367984066,0.9387648268691406,0.943057352298031,0.8853090720577312,0.7485221488717544,0.9561469469989629,0.7156971674048311
467.6052104208418,0.995895272386347,0.9194418871107121,0.9156678286075395,0.9888817172386953,0.9302886814160221,0.9199454688063975,0.9888817172386953,0.9302886814160221,0.9199454688063975,0.9371670742640974,0.9434096019954527,0.884132416534735,0.7482125162048229,0.9563560476785014,0.715557564821231
469.5991983967936,0.9957924440699266,0.9200538208246113,0.916182642914814,0.9885748034332934,0.9307504997775772,0.9201164923630579,0.9885748034332934,0.9307504997775772,0.9201164923630579,0.935543496146134,0.9437581800622696,0.8829268272919684,0.7479593581843792,0.9565628137775851,0.7154701082561264
471.5931863727455,0.9956871924121423,0.9206566018189132,0.9166859870407773,0.988260171606929,0.9312059976695439,0.9202737990583051,0.988260171606929,0.9312059976695439,0.9202737990583051,0.9338943142791519,0.9441031200156604,0.8816925358758331,0.7477592277307172,0.9567672694482672,0.7154315545206633
473.58717434869743,0.9955794639649419,0.9212504058516497,0.9171779852352706,0.9879376616152216,0.9316553172120003,0.9204173755178111,0.9879376616152216,0.9316553172120003,0.9204173755178111,0.9322197750591884,0.94444445369686,0.8804297961811849,0.7476086188818657,0.9569694375756288,0.7154385995380717
475.5811623246493,0.9954692042680955,0.921835405209405,0.9176587572899637,0.9876071116723067,0.9320985973461517,0.9205472035188413,0.9876071116723067,0.9320985973461517,0.9205472035188413,0.9305201494342825,0.9447822114182913,0.8791388845518003,0.7475039843537686,0.9571693399755452,0.715487895332987
477.5751503006013,0.9953563578383567,0.9224117687856005,0.9181284186056717,0.9872683584187253,0.9325359738898913,0.9206632601086803,0.9872683584187253,0.9325359738898913,0.9206632601086803,0.9287957327798153,0.9451164221065992,0.877820099832736,0.7474417523124012,0.9573669975848256,0.7155760662808643
479.56913827655313,0.9952408681589157,0.9229796621567222,0.9185870802578789,0.986921236994026,0.9329675795915489,0.9207655177258138,0.986921236994026,0.9329675795915489,0.9207655177258138,0.9270468447309228,0.9454471134413334,0.8764737633757469,0.7474183422224903,0.9575624306426359,0.7156997244854573
481.563126252505,0.9951226776691653,0.9235392476565387,0.9190348490605412,0.9865655811141865,0.9333935441819081,0.9208539443240542,0.9865655811141865,0.9333935441819081,0.9208539443240542,0.9252738289738592,0.9457743119890397,0.8751002189992161,0.747430179661775,0.9577556588622721,0.7158554841755098
483.557114228457,0.9950017277548097,0.9240906844483485,0.9194718276282314,0.9862012231539301,0.9338139944245742,0.9209285034997724,0.9862012231539301,0.9338139944245742,0.9209285034997724,0.9234770529984002,0.9460980433325515,0.8736998329042974,0.7474737100141935,0.9579467015924922,0.7160399750351997
485.55110220440883,0.9948779587383343,0.9246341285953056,0.9198981144366961,0.9858279942340257,0.9342290541647736,0.9209891546224097,0.9858279942340257,0.9342290541647736,0.9209891546224097,0.9216569078136301,0.9464183321952812,0.8722729935492358,0.7475454109793989,0.9581355779677669,0.7162498544058982
487.54509018036083,0.994751309869878,0.9251697331288635,0.9203138038819025,0.9854457243136326,0.9346388443766613,0.9210358529684156,0.9854457243136326,0.9346388443766613,0.9210358529684156,0.9198138076295973,0.9467352025603494,0.8708201114840131,0.7476418038591314,0.9583223070469492,0.7164818183190255
489.5390781563127,0.9946217193185145,0.9256976481153795,0.920718986337624,0.9850542422877553,0.9350434832092208,0.9210685498587624,0.9850542422877553,0.9350434832092208,0.9210685498587624,0.917948189507568,0.9470486777844032,0.869341619147729,0.7477594636026795,0.9585069079399932,0.7167326113406722
491.53306613226454,0.9944891241639917,0.9262180207209213,0.9211137482116549,0.9846533760898712,0.9354430860308303,0.9210871928001849,0.9846533760898712,0.9354430860308303,0.9210871928001849,0.916060512981701,0.9473587807060059,0.8678379706312626,0.7478950276137558,0.9586893999224818,0.7169990352280395
493.52705410821653,0.9943534603889423,0.9267309952743176,0.9214981720007063,0.984242952799748,0.9358377654725751,0.9210917256302454,0.984242952799748,0.9358377654725751,0.9210917256302454,0.9141512596551012,0.9476655337484984,0.8663096414079137,0.748045203339138,0.9588698025378379,0.7172779564151761
495.5210420841684,0.9942146628716068,0.927236713328489,0.9218723363440604,0.9838227987565141,0.9362276314703836,0.9210820886663751,0.9838227987565141,0.9362276314703836,0.9210820886663751,0.9122209327733465,0.9479689590172671,0.8647571280349097,0.7482067746754614,0.9590481356871899,0.7175663123610266
497.51503006012024,0.9940726653790912,0.9277353137201042,0.9222363160760514,0.983392739676973,0.936612791306061,0.9210582188589643,0.983392739676973,0.936612791306061,0.9210582188589643,0.91027005677858,0.9482690783913649,0.8631809478286794,0.7483766072442137,0.9592244197069715,0.717861116806103
499.50901803607223,0.9939274005611946,0.9282269326275943,0.9225901822774358,0.9829526007792024,0.9369933496472987,0.9210200499486288,0.9829526007792024,0.9369933496472987,0.9210200499486288,0.9082991768473786,0.9485659136094656,0.8615816385169592,0.7485516525965733,0.9593986754343988,0.7181594639953827
501.5030060120241,0.9937787999448487,0.928711703627567,0.9229340023257396,0.982502206911397,0.9373694085867303,0.9209675126276936,0.982502206911397,0.9373694085867303,0.9209675126276936,0.9063088584155253,0.948859486350152,0.8599597578707481,0.7487289514189159,0.9595709242610557,0.7184585319340603
503.49699398797605,0.9936267939291767,0.9291897577496563,0.9232678399446194,0.9820413826859673,0.9377410676801102,0.9209005347059906,0.9820413826859673,0.9377410676801102,0.9209005347059906,0.9042996866928827,0.9491498183065548,0.858315883319224,0.7489056358170403,0.9597411881748675,0.7187555847499009
505.49098196392794,0.9934713117812363,0.9296612235298448,0.923591755252344,0.9815699526188477,0.938108423983685,0.9208190412810076,0.9815699526188477,0.938108423983685,0.9208190412810076,0.9022722661714419,0.9494369312553891,0.8566506115506594,0.7490789307622613,0.9599094897908025,0.719047974241042
507.4849699398798,0.9933122816324591,0.9301262270622946,0.9239058048094386,0.981087741273972,0.9384715720908287,0.9207229549124247,0.981087741273972,0.9384715720908287,0.9207229549124247,0.9002272201295594,0.9497208471204515,0.8549645581023343,0.7492461547857838,0.9600758523706769,0.7193331406914135
509.47895791583176,0.9931496304758359,0.9305848920497227,0.9242100416655777,0.9805945734128578,0.9388306041680119,0.9206121958010672,0.9805945734128578,0.9388306041680119,0.9206121958010672,0.8981651901353005,0.9500015880306557,0.8532583569423913,0.74940472000936,0.9602402998324836,0.7196086130376662
511.47294589178364,0.9929832841638724,0.9310373398523542,0.924504515405786,0.980090274149207,0.9391856099901712,0.9204866819722571,0.980090274149207,0.9391856099901712,0.9204866819722571,0.896086835551626,0.9502791763727081,0.8515326600464255,0.7495521316002879,0.960402856749682,0.71987200847173
513.4669338677355,0.992813167407358,0.9314836895354899,0.9247892721960218,0.9795746691084561,0.9395366769755464,0.9203463294635793,0.9795746691084561,0.9395366769755464,0.9203463294635793,0.893992833046034,0.9505536348385378,0.8497881369715098,0.749685986737505,0.9605635483409264,0.7201210315620464
515.4609218436874,0.9926392037749904,0.9319240579157204,0.9250643548282187,0.9790475845921423,0.93988389022005,0.9201910525170062,0.9790475845921423,0.93988389022005,0.9201910525170062,0.8918838761069925,0.9508249864676106,0.8480254744301112,0.7498039731731292,0.9607224004507156,0.7203534729743726
517.4549098196393,0.9924613156938857,0.9323585596058211,0.9253298027648494,0.9785088477469673,0.94022733253123,0.9200207637753386,0.9785088477469673,0.94022733253123,0.9200207637753386,0.8897606745694019,0.9510932546842671,0.8462453758662815,0.7499038674704119,0.9608794395214786,0.7205672078699585
519.4488977955912,0.9922794244510101,0.9327873070583584,0.9255856521830755,0.9779582867384096,0.9405670844618899,0.9198353744828908,0.9779582867384096,0.9405670844618899,0.9198353744828908,0.8876239541509156,0.9513584633302412,0.8444485610361275,0.749983532994837,0.9610346925576176,0.720760194054969
521.4428857715432,0.992093450195588,0.9332104106080431,0.9258319360185748,0.977395730928736,0.9409032243434216,0.9196347946903429,0.977395730928736,0.9409032243434216,0.9196347946903429,0.8854744560008255,0.9516206366925218,0.84263576559447,0.7500409177303021,0.9611881870820538,0.720930469950549
523.436873747495,0.9919033119425075,0.93362797851286,0.926068684009094,0.9768210110592163,0.941235828318911,0.9194189334636375,0.9768210110592163,0.941235828318911,0.9194189334636375,0.8833129362628251,0.9518797995267283,0.8408077406892237,0.7500740519874795,0.96133995108583,0.7210761524483938
525.4308617234469,0.9917089275767764,0.9340401169940052,0.9262959227378117,0.9762339594363396,0.9415649703760667,0.9191876990967874,0.9762339594363396,0.9415649703760667,0.9191876990967874,0.8811401656526976,0.9521359770761806,0.8389652525647988,0.7500810460625538,0.961490012971367,0.7211954347082614
527.4248496993988,0.9915102138590599,0.934446930274664,0.9265136756765742,0.9756344101218383,0.9418907223800284,0.9189409993284711,0.9756344101218383,0.9418907223800284,0.9189409993284711,0.8789569290516924,0.952389195086842,0.8371090821755439,0.750060087906549,0.961638401489931,0.7212865839558509
529.4188376753507,0.9913070864323485,0.934848520617657,0.9267219632290808,0.9750221991262611,0.9422131541061005,0.9186787415622208,0.9750221991262611,0.9422131541061005,0.9186787415622208,0.8767640251156938,0.9526394798183497,0.8352400248096571,0.750009440848797,0.9617851456739674,0.7213479393236111
531.4128256513027,0.9910994598297937,0.935244988361987,0.9269208027740871,0.9743971646058484,0.9425323332724602,0.9184008330900197,0.9743971646058484,0.9425323332724602,0.9184008330900197,0.8745622659007429,0.9528868580512713,0.8333588897243593,0.7499274414197674,0.9619302747649197,0.7213779097786701
533.4068136272546,0.9908872474837535,0.935636431958314,0.927110208708694,0.9737591470624422,0.942848325572884,0.9181071813191033,0.9737591470624422,0.942848325572884,0.9181071813191033,0.8723524765040025,0.9531313570908341,0.8314664997918099,0.7498124973092183,0.9620738181371965,0.721374972173266
535.4008016032064,0.9906703617360781,0.9360229480033914,0.92729019249179,0.9731079895461413,0.9431611947095259,0.9177976940017234,0.9731079895461413,0.9431611947095259,0.9177976940017234,0.8701354947197534,0.9533730047672914,0.8295636911556449,0.7496630854901196,0.9622158052189764,0.7213376694478179
537.3947895791583,0.9904487138497015,0.9364046312734859,0.927460762687728,0.9724435378603858,0.9434710024258202,0.9174722794676492,0.9724435378603858,0.9434710024258202,0.9174722794676492,0.8679121707092499,0.953611829433127,0.8276513128973242,0.7494777505328378,0.9623562654105506,0.7212646090110821
539.3887775551102,0.9902222140215553,0.936781574756819,0.9276219250102964,0.9717656407691592,0.9437778085394786,0.9171308468590792,0.9717656407691592,0.9437778085394786,0.9171308468590792,0.8656833666830085,0.9538478599572847,0.825730226711205,0.7492551031284214,0.9624952280009393,0.7211544613164572
541.3827655310623,0.9899907713968538,0.937153869685047,0.9277736823670463,0.9710741502059625,0.9440816709756772,0.9167733063677309,0.9710741502059625,0.9440816709756772,0.9167733063677309,0.8634499565936513,0.9540811257166153,0.8238013065868335,0.7489938188343414,0.9626327220835295,0.7210059586482399
543.3767535070141,0.9897542940848,0.9375216055638195,0.9279160349040664,0.9703689214842011,0.9443826458004333,0.9163995694737627,0.9703689214842011,0.9443826458004333,0.9163995694737627,0.8612128258371587,0.9543116565847216,0.8218654384966683,0.7486926370508983,0.9627687764715009,0.7208178941267148
545.370741482966,0.9895126891757432,0.9378848702024335,0.9280489800512528,0.969649813508624,0.9446807872542012,0.9160095491862164,0.969649813508624,0.9446807872542012,0.9160095491862164,0.8589728709599288,0.9545394829183863,0.8199235200870122,0.7483503602316782,0.9629034196138213,0.720589120936318
547.3647294589179,0.9892658627598211,0.9382437497426193,0.9281725125681419,0.968916688987415,0.9449761477857116,0.9156031602846139,0.968916688987415,0.9449761477857116,0.9156031602846139,0.8567309993687572,0.9547646355417558,0.8179764603696357,0.7479658533269683,0.9630366795125969,0.7203185517768096
549.3587174348697,0.9890137199471496,0.9385983286864772,0.9282866245903902,0.9681694146445635,0.9452687780860725,0.9151803195613746,0.9681694146445635,0.9452687780860725,0.9151803195613746,0.8544881290404881,0.9549871457284534,0.8160251794112221,0.7475380434549785,0.9631685836425685,0.7200051585334685
551.3527054108217,0.9887561648895699,0.9389486899235995,0.9283913056769442,0.9674078614320669,0.9455587271231483,0.9147409460646322,0.9674078614320669,0.9455587271231483,0.9147409460646322,0.8522451882277926,0.9552070451817856,0.8140706080174644,0.7470659197920406,0.963299158873533,0.719647972158755
553.3466933867737,0.9884931008040118,0.9392949147573993,0.9284865428579816,0.9666319047415934,0.9458460421762298,0.9142849613411066,0.9666319047415934,0.9458460421762298,0.9142849613411066,0.850003115157194,0.9554243660132027,0.8121136874083094,0.7465485336697851,0.9634284313964553,0.7192460827548048
555.3406813627255,0.9882244299974986,0.9396370829306738,0.9285723206836775,0.9658414246151319,0.9461307688710018,0.9138122896785784,0.9658414246151319,0.9461307688710018,0.9138122896785784,0.847762857715242,0.9556391407191677,0.8101553688806198,0.745984998864482,0.9635564266540148,0.7187986398433596
557.3346693386774,0.9879500538938387,0.9399752726504299,0.9286486212738679,0.9650363059542123,0.9464129512148167,0.9133228583475709,0.9650363059542123,0.9464129512148167,0.9133228583475709,0.8455253731184358,0.9558514021565796,0.808196613454222,0.7453744920615148,0.963683169276289,0.7183048528075447
559.3286573146293,0.9876698730620244,0.9403095606119952,0.9287154243686572,0.9642164387272574,0.9466926316322749,0.9128165978418075,0.9642164387272574,0.9466926316322749,0.9128165978418075,0.843291627562336,0.9560611835168942,0.8062383914971349,0.7447162534760833,0.9638086830222383,0.7177639914880393
561.3226452905811,0.9873837872463848,0.9406400220224433,0.9287727073800429,0.9633817181746033,0.9469698510011101,0.9122934421169975,0.9633817181746033,0.9469698510011101,0.9122934421169975,0.8410625958450759,0.9562685182990769,0.8042816823255461,0.7440095876100137,0.963932990727596,0.7171753869149258
563.3166332665331,0.9870916953985193,0.9409667306233558,0.9288204454446101,0.9625320450107423,0.9472446486883762,0.9117533288275049,0.9625320450107423,0.9472446486883762,0.9117533288275049,0.8388392609603815,0.9564734402815174,0.8023274737739816,0.7432538641235877,0.9640561142597063,0.7165384321554977
565.3106212424851,0.9867934957110333,0.9412897587129478,0.9288586114773448,0.9616673256233422,0.9475170625869271,0.9111961995604552,0.9616673256233422,0.9475170625869271,0.9111961995604552,0.836622613655082,0.9566759834930286,0.8003767617309836,0.742448518801082,0.9641780744797767,0.7158525832579895
567.3046092184369,0.9864890856531264,0.941609177167583,0.9288871762266416,0.9607874722685709,0.9477871291521786,0.9106220000668072,0.9607874722685709,0.9477871291521786,0.9106220000668072,0.8344136519460406,0.9568761821830486,0.7984305496355424,0.7415930545886791,0.9642988912129282,0.7151173602710718
569.2985971943888,0.9861783620080313,0.9419250554627006,0.9289061083305301,0.9598924032623034,0.9480548834391378,0.9100306804889569,0.9598924032623034,0.9480548834391378,0.9100306804889569,0.8322133805914467,0.9570740707911558,0.7964898479295254,0.7406870426839952,0.9644185832263413,0.7143323483194073
571.2925851703407,0.9858612209123485,0.9422374616931801,0.9289153743741908,0.9589820431667304,0.948320359139684,0.9094221955843818,0.9589820431667304,0.948320359139684,0.9094221955843818,0.8300228105114169,0.9572696839160069,0.7945556734613397,0.7397301236573539,0.9645371682156939,0.7134971987163092
573.2865731462927,0.9855375578972894,0.9425464625931705,0.9289149389488021,0.9580563229719585,0.9485835886200783,0.9087965049448972,0.9580563229719585,0.9485835886200783,0.9087965049448972,0.8278429581529977,0.9574630562837951,0.7926290488361871,0.7387220085862088,0.9646546627999945,0.7126116300956639
575.2805611222445,0.9852072679318513,0.9428521235554015,0.9289047647117614,0.9571151802721565,0.9488446029586824,0.908153573211062,0.9571151802721565,0.9488446029586824,0.908153573211062,0.8256748447947398,0.9576542227163313,0.7907110017083341,0.7376624801857086,0.9647710825248096,0.7116754295467019
577.2745490981965,0.984870245467943,0.9431545086500095,0.928884812448332,0.9561585594358202,0.9491034319838588,0.9074933702812794,0.9561585594358202,0.9491034319838588,0.9074933702812794,0.8235194957863335,0.9578432180988357,0.7888025640111123,0.736551393920177,0.9648864418737839,0.7106884537368153
579.2685370741483,0.9845263844874611,0.943453680642894,0.9288550411347363,0.9551864117697513,0.9493601043120232,0.9068158715151582,0.9551864117697513,0.9493601043120232,0.9068158715151582,0.8213779397189483,0.9580300773475329,0.7869047711205013,0.7353886790823791,0.9650007542882503,0.7096506300095359
581.2625250501002,0.9841755785513568,0.9437497010136334,0.9288154080027627,0.9541986956763684,0.9496146473858225,0.9061210579307263,0.9541986956763684,0.9496146473858225,0.9061210579307263,0.8192512075223578,0.9582148353771337,0.7850186609485541,0.7341743398295568,0.9651140321946354,0.7085619574467381
583.2565130260522,0.9838177208506643,0.9440426299729798,0.9287658686058841,0.9531953768039434,0.9498670875124012,0.9054089163950476,0.9531953768039434,0.9498670875124012,0.9054089163950476,0.8171403314852553,0.9583975270682864,0.7831452729632286,0.7329084561674817,0.9652262870392708,0.7074225078862225
585.2505010020041,0.9834527042595325,0.9443325264799578,0.928706376886951,0.9521764281894181,0.9501174499017264,0.9046794398078642,0.9521764281894181,0.9501174499017264,0.9046794398078642,0.8150463441956736,0.958578187235078,0.7812856471316663,0.7315911848760016,0.9653375293301405,0.7062324268879094
587.2444889779559,0.983080421390241,0.9446194482585888,0.9286368852474705,0.9511418303934673,0.9503657587049289,0.9039326272778824,0.9511418303934673,0.9503657587049289,0.9039326272778824,0.812970277398926,0.9587568505926599,0.7794408227844354,0.7302227603717651,0.9654477686850214,0.7049919346439377
589.2384769539079,0.9827007646502002,0.9449034518142635,0.9285573446184903,0.9500915716274566,0.9506120370526288,0.90316848429131,0.9500915716274566,0.9506120370526288,0.90316848429131,0.8109131607710968,0.9589335517250757,0.7776118373988351,0.7288034955058603,0.9655570138854047,0.7037013268298835
591.2324649298597,0.9823136263009344,0.9451845924497846,0.9284677045331187,0.9490256478720484,0.9508563070932018,0.9023870228723492,0.9490256478720484,0.9508563070932018,0.9023870228723492,0.8088760206067193,0.959108325053362,0.7757997252999392,0.7273337822960192,0.9656652729355396,0.7023609753961237
593.2264529058117,0.9819188985190416,0.945462924281101,0.9283679132006907,0.9479440629871311,0.9510985900309474,0.901588261735268,0.9479440629871311,0.9510985900309474,0.901588261735268,0.8068598784200556,0.9592812048039931,0.7740055162787943,0.7258140925946567,0.9657725531258922,0.7009713292998943
595.2204408817636,0.9815164734591136,0.9457385002527545,0.9282579175825947,0.9468468288128699,0.9513389061641162,0.9007722264277978,0.9468468288128699,0.9513389061641162,0.9007722264277978,0.8048657494600748,0.9594522249777423,0.7722302341278469,0.7242449786954593,0.9658788611002872,0.6995329151799721
597.2144288577155,0.9811062433185911,0.9460113721530615,0.9281376634697558,0.9457339652616337,0.951577274922755,0.8999389494655569,0.9457339652616337,0.951577274922755,0.8999389494655569,0.8028946411401281,0.9596214193190238,0.7704748950945279,0.7226270738822242,0.9659842029259802,0.6980463379768538
599.2084168336673,0.9806881004045528,0.946281590629048,0.9280070955617998,0.9446055004006352,0.951813714906327,0.8990884704572786,0.9446055004006352,0.951813714906327,0.8990884704572786,0.8009475513840872,0.9597888212857879,0.7687405062546712,0.7209610929244268,0.9660885841658999,0.6965122815020592
601.2024048096193,0.9802619372023953,0.9465492052011601,0.9278661575478768,0.9434614705251088,0.9520482439210621,0.8982208362206127,0.9434614705251088,0.9520482439210621,0.8982208362206127,0.7990254668917289,0.9599544640200326,0.7670280638084059,0.7192478325242456,0.9661920099523089,0.6949315089604425
603.1963927855712,0.9798276464463759,0.9468142642777679,0.9277147921891423,0.9423019202219144,0.9522808790169949,0.8973361008883268,0.9423019202219144,0.9522808790169949,0.8973361008883268,0.7971293613269274,0.9601183803189987,0.7653385513019273,0.7174881717197611,0.9662944850611395,0.693304863429405
605.1903807615231,0.979385121191996,0.9470768151694839,0.9275529414028947,0.9411269024234702,0.9525116365246479,0.8964343260047521,0.9411269024234702,0.9525116365246479,0.8964343260047521,0.795260193433337,0.9602806026071143,0.7636729377796152,0.7156830722485239,0.9663960139862922,0.6916332682984371
607.184368737475,0.9789342548901676,0.9473369041033122,0.9273805463483341,0.9399364784519576,0.9527405320913164,0.8955155806123563,0.9399364784519576,0.9527405320913164,0.8955155806123563,0.7934189050830583,0.9604411629087517,0.7620321758717611,0.7138335788748031,0.9664966010132099,0.6899177276715923
609.1783567134269,0.9784749414631393,0.9475945762366501,0.9271975475139445,0.938730718053779,0.9529675807169097,0.8945799413283572,0.938730718053779,0.9529675807169097,0.8945799413283572,0.7916064192648766,0.9606000928218612,0.7604171998242216,0.7119408196825419,0.9665962502910849,0.6881593267343064
611.1723446893789,0.9780070753821141,0.947849875671157,0.9270038848064487,0.9375096994242669,0.9531927967893132,0.8936274924113253,0.9375096994242669,0.9531927967893132,0.8936274924113253,0.7898236380195239,0.9607574234925436,0.7588289234771451,0.7100060063343475,0.966694965903094,0.686359232084374
613.1663326653307,0.9775305517465136,0.9481028454665095,0.9267994976413165,0.9362735092227008,0.9534161941192226,0.8926583258177563,0.9362735092227008,0.9534161941192226,0.8926583258177563,0.7880714403304332,0.9609131855906246,0.7572682382009084,0.7080304342947974,0.9667927519341125,0.684518692024972
615.1603206412826,0.9770452663648413,0.948353527654058,0.926584325034796,0.9350222425777015,0.9536377859744176,0.891672541248634,0.9350222425777015,0.9536377859744176,0.891672541248634,0.7863506799792883,0.9610674092862873,0.755736010798205,0.7060154830139623,0.9668896125353984,0.6826390368153622
617.1543086172345,0.9765511158370561,0.9486019632504032,0.9263583056974034,0.9337560030831296,0.9538575851134309,0.8906702461860433,0.9337560030831296,0.9538575851134309,0.8906702461860433,0.7846621833766129,0.9612201242278281,0.7542330813821466,0.7039626160643254,0.9669855519858132,0.6807216788723388
619.1482965931864,0.9760479976384069,0.9488481922709056,0.9261213781288394,0.9324749027846075,0.9540756038185783,0.8896515559198945,0.9324749027846075,0.9540756038185783,0.8896515559198945,0.7830067473783568,0.961371359520585,0.7527602612409221,0.701873381221323,0.9670805747491568,0.678768112912651
621.1422845691383,0.9755358102046578,0.9490922537431433,0.925873480714282,0.9311790621568816,0.9542918539283145,0.8886165935649197,0.9311790621568816,0.9542918539283145,0.8886165935649197,0.7813851371002628,0.9615211437071003,0.751318330700374,0.6997494104745609,0.9671746855272984,0.6767799160236458
623.1362725450903,0.9750144530186036,0.9493341857203361,0.9256145518219749,0.9298686100722047,0.9545063468688783,0.8875654900680615,0.9298686100722047,0.9545063468688783,0.8875654900680615,0.7797980837423506,0.9616695047485664,0.7499080369963874,0.697592419953366,0.9672678893087973,0.6747587476461084
625.1302605210423,0.9744838266978153,0.9495740252947413,0.9253445299020676,0.9285436837599991,0.9547190936851967,0.8864983842064602,0.9285436837599991,0.9547190936851967,0.8864983842064602,0.7782462824364841,0.9618164700076055,0.7485300921696011,0.695404209746915,0.9673601914127751,0.6727063494500253
627.1242484969941,0.9739438330835148,0.9498118086110442,0.9250633535866262,0.92720442875807,0.9549301050710185,0.8854154225762574,0.92720442875807,0.9549301050710185,0.8854154225762574,0.7767303901303677,0.9619620662324304,0.7471851709953303,0.693186663595601,0.967451597527844,0.6706245450805604
629.118236472946,0.9733943753304908,0.9500475708797463,0.9247709617907408,0.9258509988556726,0.9551393913982476,0.8843167595724667,0.9258509988556726,0.9551393913982476,0.8843167595724667,0.7752510235216997,0.9621063195424298,0.7458739089619641,0.6909417484268341,0.9675421137459362,0.6685152397482119
631.1122244488979,0.972835357997951,0.9502813463905653,0.9244672938146404,0.9244835560287546,0.9553469627454498,0.8832025573601836,0.9244835560287546,0.9553469627454498,0.8832025573601836,0.7738087570563236,0.9622492554152181,0.7445969003112227,0.6886715137050546,0.9676317465909255,0.6663804196338385
633.1062124248499,0.9722666871412183,0.9505131685258762,0.9241522894467562,0.9231022703677474,0.9555528289255134,0.8820729858374652,0.9231022703677474,0.9555528289255134,0.8820729858374652,0.7724041210043764,0.9623908986751849,0.7433546961538181,0.6863780905624536,0.967720503041968,0.6642221510760831
635.1002004008018,0.971688270404155,0.9507430697741583,0.9238258890675888,0.9217073199982674,0.955756999512435,0.8809282225901918,0.9217073199982674,0.955756999512435,0.8809282225901918,0.7710375996282477,0.9625312734835756,0.7421478026738966,0.6840636906739662,0.9678083905515199,0.662042579505904
637.0941883767537,0.9711000171122087,0.950971081743504,0.9234880337543323,0.9202988909951322,0.9559594838672185,0.8797684528392802,0.9202988909951322,0.9559594838672185,0.8797684528392802,0.7697096294560193,0.9626704033301294,0.7409766794355106,0.6817306048374004,0.96789541705803,0.6598439280903187
639.0881763527055,0.9705018383659636,0.9511972351751747,0.9231386653861289,0.9188771772901214,0.9561602911628662,0.8785938693806351,0.9188771772901214,0.9561602911628662,0.8785938693806351,0.7684205976735958,0.9628083110262957,0.7398417378039315,0.6793812012173996,0.9679815909933254,0.657628496045375
641.0821643286574,0.9698936471350743,0.9514215599572159,0.9227777267498459,0.9174423805739069,0.9563594304084485,0.8774046725182326,0.9174423805739069,0.9563594304084485,0.8774046725182326,0.7671708406482656,0.9629450187000447,0.738743339494173,0.6770179232102734,0.9680669212847407,0.6553986565767584
643.0761523046093,0.9692753583524605,0.9516440851381371,0.9224051616462673,0.9159947101926178,0.9565569104722421,0.8762010699907673,0.9159947101926178,0.9565569104722421,0.8762010699907673,0.7659606425957209,0.9630805477922817,0.737681795258415,0.6746432868857217,0.9681514173520689,0.6531568544054699
645.0701402805613,0.9686468890086445,0.9518648389406655,0.9220209149965901,0.9145343830394984,0.9567527401039231,0.8749832768922908,0.9145343830394984,0.9567527401039231,0.8749832768922908,0.7647902344017437,0.9632149190548693,0.7366573637232301,0.6722598779612273,0.9682350890994283,0.6509056028357598
647.0641282565132,0.9680081582460747,0.9520838487755734,0.9216249329490771,0.9130616234421288,0.9569469279558126,0.8737515155872921,0.9130616234421288,0.9569469279558126,0.8737515155872921,0.7636597926088249,0.9633481525502554,0.7356702503866226,0.6698703482655103,0.9683179469021744,0.6486474803231035
649.0581162324651,0.9673590874533415,0.9523011412555896,0.9212171629857828,0.9115766630457037,0.9571394826031657,0.8725060156206852,0.9115766630457037,0.9571394826031657,0.8725060156206852,0.76256943857687,0.9634802676526966,0.7347206067838092,0.6674774116489854,0.9684000015890003,0.6463851265014993
651.052104208417,0.9666996003591118,0.9525167422093943,0.9207975540291846,0.9100797406928545,0.957330412563504,0.8712470136231771,0.9100797406928545,0.957330412563504,0.8712470136231771,0.7615192378259825,0.9636112830510618,0.7338085298295617,0.6650838393018155,0.9684812644193956,0.6441212376319284
653.0460921843688,0.9660296231256619,0.9527306766957006,0.9203660565486044,0.9085711023004874,0.9575197263149903,0.8699747532124718,0.9085711023004874,0.9575197263149903,0.8699747532124718,0.7605091995679254,0.9637412167532048,0.7329340613435983,0.6626924544439097,0.9685617470566624,0.6418585614374608
655.0400801603208,0.9653490844418754,0.9529429690174253,0.9199226226662939,0.907051000734159,0.9577074323138463,0.8686894848908161,0.907051000734159,0.9577074323138463,0.8686894848908161,0.7595392764316132,0.9638700860918539,0.7320971877642835,0.660306126356157,0.9686414615367034,0.6395998912952671
657.0340681362727,0.9646579156155414,0.95315364273595,0.9194672062630219,0.9055196956804277,0.9578935390108193,0.8673914659393249,0.9055196956804277,0.9578935390108193,0.8673914659393249,0.7586093643863681,0.9639979077320057,0.7312978400543655,0.6579277637284616,0.9687204202328309,0.637348059761882
659.0280561122246,0.9639560506648281,0.9533627206854713,0.9189997630830427,0.9039774535177194,0.9580780548667028,0.8660809603096119,0.9039774535177194,0.9580780548667028,0.8660809603096119,0.7577193028652217,0.9641246976797754,0.730535893801062,0.655560307307581,0.9687986358168701,0.6351059314152726
661.0220440881765,0.9632434264087807,0.9535702249874404,0.9185202508382939,0.9024245471861119,0.9582609883669185,0.8647582385131325,0.9024245471861119,0.9582609883669185,0.8647582385131325,0.7568688750890302,0.9642504712926518,0.7298111695113366,0.6532067218365477,0.9688761212168542,0.632876395005771
663.0160320641284,0.9625199825566942,0.9537761770650911,0.918028629311682,0.9008612560565551,0.9584423480351699,0.8634235775087571,0.9008612560565551,0.9584423480351699,0.8634235775087571,0.7560578085905117,0.9643752432911096,0.7291234331016179,0.6508699872874368,0.9689528895716445,0.6306623549176215
665.0100200400803,0.9617856617962249,0.953980597658052,0.9175248604593077,0.8992878657999247,0.9586221424461797,0.8620772605889764,0.8992878657999247,0.9586221424461797,0.8620772605889764,0.7552857759358277,0.964499027771515,0.7284723965797602,0.6485530894002839,0.969028954182832,0.6284667219536019
667.0040080160322,0.9610404098800822,0.9541835068370423,0.9170089085114854,0.8977046682563726,0.9588003802375237,0.8607195772652101,0.8977046682563726,0.9588003802375237,0.8607195772652101,0.7545523956397391,0.9646218382202658,0.7278577189155104,0.6462590095530818,0.9691043284643103,0.6262924034669496
668.9979959919841,0.9602841757111693,0.9543849240186446,0.9164807400724111,0.8961119613053462,0.9589770701205745,0.8593508231526026,0.8961119613053462,0.9589770701205745,0.8593508231526026,0.753857233268908,0.9647436875290905,0.727279007094324,0.643990714000684,0.9691790258899344,0.6241422928773462
670.991983967936,0.959516911426022,0.9545848679801527,0.9159403242183332,0.8945100487366919,0.9591522208905758,0.8579712998547353,0.8945100487366919,0.9591522208905758,0.8579712998547353,0.7531998027264447,0.9648645880114378,0.7267358173479473,0.6417511425339081,0.9692530599397106,0.6220192586207958
672.9859719438879,0.9587385724764065,0.9547833568744876,0.9153876325940775,0.8928992401231824,0.9593258414358579,0.8565813148486101,0.8928992401231824,0.9593258414358579,0.8565813148486101,0.7525795677094883,0.964984551419876,0.7262276565539048,0.6395431966239669,0.9693264440449855,0.6199261325966727
674.9799599198398,0.9579491177089225,0.954980408245176,0.9148226395077731,0.8912798506948207,0.95949794074622,0.8551811813702789,0.8912798506948207,0.95949794074622,0.8551811813702789,0.7519959433302966,0.9651035889644214,0.7257539837947549,0.6373697271311918,0.9693991915331253,0.617865698188666
676.9739478957918,0.9571485094425098,0.955176039041385,0.9142453220236623,0.8896522012151917,0.959668527920495,0.853771218301411,0.8896522012151917,0.959668527920495,0.853771218301411,0.7514482978902404,0.9652217113317104,0.7253142120669187,0.6352335216704912,0.9694713155721965,0.6158406779494504
678.9679358717436,0.9563367135436751,0.955370265633005,0.9136556600528158,0.8880166178601784,0.9598376121733193,0.8523517500571406,0.8880166178601784,0.9598376121733193,0.8523517500571406,0.7509359547950082,0.9653389287049302,0.7249077101278271,0.6331372917387955,0.9695428291161675,0.6138537210513801
680.9619238476955,0.9555136994993508,0.9555631038257747,0.9130536364416483,0.8863734320992487,0.9600052028411287,0.8509231064754266,0.8863734320992487,0.9600052028411287,0.8509231064754266,0.7504581945984683,0.9654552507844175,0.7245338044692854,0.6310836597214287,0.9696137448511651,0.6119073906168728
682.9559118236474,0.9546794404872323,0.9557545688764365,0.9124392370580723,0.8847229805795404,0.9601713093874027,0.849485622708183,0.8847229805795404,0.9601713093874027,0.849485622708183,0.7500142571619031,0.9655706868088347,0.7241917814042368,0.6290751459045834,0.9696840751433199,0.6100041510521349
684.9498997995993,0.9538339134434867,0.955944675507917,0.9118124508751804,0.8830656050128919,0.9603359414071824,0.8480396391143586,0.8830656050128919,0.9603359414071824,0.8480396391143586,0.7496033439146559,0.9656852455768355,0.7238808892534416,0.6271141556294229,0.9697538319887248,0.6081463555160064
686.9438877755512,0.9529770991276965,0.9561334379245215,0.911173270052302,0.8814016520659727,0.9604991086308827,0.8465855011551542,0.8814016520659727,0.9604991086308827,0.8465855011551542,0.7492246202018877,0.965798935469123,0.7236003406182412,0.6252029667294746,0.9698230269660275,0.6063362336617196
688.9378757515032,0.9521089821849503,0.9563208698271317,0.9105216900133367,0.8797314732536374,0.9606608209274219,0.8451235592915296,0.8797314732536374,0.9606608209274219,0.8451235592915296,0.7488772177047154,0.9659117644708164,0.7233493147251573,0.6233437173966226,0.9698916711921497,0.6045758797929374
690.931863727455,0.9512295512049508,0.9565069844283975,0.9098577095222254,0.8780554248353318,0.9608210883067082,0.8436541688838926,0.8780554248353318,0.9608210883067082,0.8436541688838926,0.7485602369179778,0.9660237401940304,0.7231269598280344,0.6215383946218327,0.9699597752816008,0.6028672415762798
692.9258517034069,0.950338798778055,0.9566917944679126,0.909181330755458,0.8763738677150111,0.9609799209214769,0.8421776900944202,0.8763738677150111,0.9609799209214769,0.8421776900944202,0.7482727496707563,0.9661348699005824,0.7229323956533072,0.6197888233546652,0.9700273493098219,0.6012121094505793
694.9198396793588,0.9494367215481414,0.9568753122273614,0.9084925593715002,0.8746871673440948,0.9611373290685334,0.8406944877916246,0.8746871673440948,0.9611373290685334,0.8406944877916246,0.7480138016750082,0.9662451605247397,0.7227647158741891,0.6180966565204729,0.9700944027809443,0.5996121068681266
696.9138276553107,0.9485233202622205,0.9570575495456277,0.9077914045770434,0.8729956936275903,0.9612933231894129,0.8392049314573128,0.8729956936275903,0.9612933231894129,0.8392049314573128,0.7477824150878912,0.9663546186959219,0.7226229905997748,0.6164633660259936,0.9701609446003078,0.5980686814952633
698.9078156312626,0.9475985998167179,0.9572385178338514,0.907077879189988,0.8712998208332359,0.9614479138704836,0.8377093950958407,0.8712998208332359,0.9614479138704836,0.8377093950958407,0.7475775910737914,0.9664632507612788,0.7225062688654624,0.6148902348729105,0.9702269830520184,0.5965830974888909
700.9018036072146,0.9466625693003335,0.9574182280904239,0.9063519996990534,0.8695999275035016,0.9616011118425188,0.8362082571455409,0.8695999275035016,0.9616011118425188,0.8362082571455409,0.747398312352532,0.9665710628080645,0.7224135811115405,0.6133783504850463,0.9702925257817722,0.5951564289519927
702.8957915831664,0.9457152420334418,0.9575966909159084,0.9056137863199613,0.8678963963702324,0.961752927979762,0.8347019003921551,0.8678963963702324,0.961752927979762,0.8347019003921551,0.7472435457209423,0.9666780606857334,0.7223439416374516,0.6119285993385126,0.9703575797850994,0.5937895546554048
704.8897795591183,0.9447566356039494,0.9577739165278747,0.9048632630480927,0.8661896142716851,0.9619033732985109,0.8331907118840699,0.8661896142716851,0.9619033732985109,0.8331907118840699,0.7471122445355864,0.9667842500276882,0.7222963510198397,0.6105416629656334,0.9704221514011266,0.5924831540951315
706.8837675350702,0.9437867718995858,0.9579499147756351,0.90410045770758,0.8644799720716574,0.9620524589552417,0.8316750828490966,0.8644799720716574,0.9620524589552417,0.8316750828490966,0.7470033511453265,0.9668896362726127,0.7222697984833275,0.6092180153834158,0.9704862463118717,0.5912377049350194
708.8777555110221,0.9428056771365667,0.9581246951548684,0.9033254019967523,0.8627678645804012,0.9622001962443006,0.8301554086125382,0.8627678645804012,0.9622001962443006,0.8301554086125382,0.7469157992632008,0.9669942246853271,0.7222632642137403,0.6079579219768351,0.9705498695470318,0.5900534818647019
710.871743486974,0.9418133818846147,0.9582982668221253,0.9025381315299107,0.8610536904768966,0.9623465965951831,0.8286320885161637,0.8610536904768966,0.9623465965951831,0.8286320885161637,0.7468485162680284,0.9670980203771102,0.7222757216043922,0.6067614398407245,0.970613025494153,0.5889305568769941
712.865731462926,0.9408099210883121,0.9584706386091939,0.9017386858753798,0.8593378522320987,0.9624916715694253,0.8271055258377524,0.8593378522320987,0.9624916715694253,0.8271055258377524,0.746800425427124,0.9672010283254319,0.7223061394269843,0.6056284195736407,0.9706757179139959,0.5878688009587624
714.8597194388778,0.9397953340847603,0.9586418190373237,0.900927108589804,0.8576207560326801,0.9626354328571316,0.8255761277107795,0.8576207560326801,0.9626354328571316,0.8255761277107795,0.7467704480324349,0.9673032533930516,0.722353483919561,0.6045585084806168,0.97073794996087,0.5868678871538752
716.8537074148297,0.9387696646175759,0.9588118163312876,0.9001034472486917,0.8559028117047722,0.9627778922731541,0.8240443050437869,0.8559028117047722,0.9627778922731541,0.8240443050437869,0.7467575054434816,0.9674047003464376,0.7224167207850045,0.6035511551325655,0.9707997242076446,0.5859272949479
718.8476953907816,0.9377329608471847,0.9589806384332763,0.8992677534731597,0.8541844326371686,0.9629190617529547,0.8225104724389624,0.8541844326371686,0.9629190617529547,0.8225104724389624,0.7467605210314219,0.9675053738734676,0.7224948170944513,0.6026056152069124,0.9708610426750919,0.5850463159016481
720.8416833667335,0.9366852753574741,0.9591482930166106,0.8984200829529152,0.8524660357034145,0.9630589533481607,0.8209750481093862,0.8524660357034145,0.9630589533481607,0.8209750481093862,0.7467784220195718,0.9676052786003778,0.7225867430909982,0.6017209585179297,0.9709219068651886,0.5842240604449774
722.8356713426855,0.9356266651587924,0.959314787499262,0.8975604954654501,0.8507480411821718,0.9631975792218419,0.8194384537943917,0.8507480411821718,0.9631975792218419,0.8194384537943917,0.7468101412166918,0.9677044191079308,0.7226914738900104,0.6008960771307363,0.9709823177979554,0.5834594657281014
724.8296593186374,0.9345571916873572,0.9594801290571701,0.8966890548914919,0.8490308726752238,0.963334951643524,0.8179011146724458,0.8490308726752238,0.963334951643524,0.8179011146724458,0.7468546186403106,0.9678027999467776,0.7228079910732754,0.6001296944409905,0.9710422760513955,0.582751304416008
726.8236472945893,0.9334769208011031,0.9596443246373455,0.8958058292267235,0.8473149570224594,0.9634710829839593,0.8163634592709359,0.8473149570224594,0.9634710829839593,0.8163634592709359,0.7469108030282209,0.9679004256519917,0.722935284175086,0.5994203750931273,0.9711017818040731,0.5820981943026018
728.8176352705411,0.9323859227720172,0.9598073809707518,0.8949108905898074,0.8456007242131283,0.9636059857096727,0.8148259193722046,0.8456007242131283,0.9636059857096727,0.8148259193722046,0.7469776532372261,0.9679973007567612,0.7230723520592548,0.5987665356036386,0.9711608348798599,0.5814986086149511
730.811623246493,0.9312842722750397,0.9599693045849507,0.8940043152267717,0.843888607292656,0.9637396723772996,0.81328892991516,0.843888607292656,0.9637396723772996,0.81328892991516,0.7470541395289605,0.9680934298052244,0.7232182041867821,0.5981664555523964,0.9712194347943746,0.5809508868745529
732.8056112224449,0.9301720483735871,0.960130101816508,0.893086183511802,0.8421790422642899,0.9638721556277349,0.8117529288917823,0.8421790422642899,0.9638721556277349,0.8117529288917823,0.7471392447434574,0.9681888173644414,0.7233718617747299,0.5976182892042209,0.9712775808026444,0.5804532461816907
734.7995991983969,0.9290493345017818,0.9602897788231461,0.8921565799445073,0.840472467984813,0.9640034481801069,0.8102183572378042,0.840472467984813,0.9640034481801069,0.8102183572378042,0.7472319653617868,0.9682834680354963,0.7235323588474908,0.5971200774247495,0.971335271947526,0.5800037927906968
736.7935871743488,0.9279162184434796,0.9604483415956375,0.8912155931437353,0.838769326053557,0.9641335628255943,0.8086856587168385,0.838769326053557,0.9641335628255943,0.8086856587168385,0.7473313124597774,0.9683773864637275,0.7236987431823065,0.5966697597588061,0.9713925071084377,0.5796005338478959
738.7875751503007,0.926772792308181,0.9606057959694305,0.8902633158380119,0.8370700606939525,0.964262512421102,0.8071552797972349,0.8370700606939525,0.964262512421102,0.8071552797972349,0.7474363125554602,0.9684705773480898,0.7238700771515139,0.5962651865457324,0.971449285049974,0.5792413891700411
740.7815631262525,0.9256191525039333,0.9607621476360003,0.8892998448526935,0.835375118626827,0.9643903098828055,0.8056276695209111,0.835375118626827,0.9643903098828055,0.8056276695209111,0.7475460083533074,0.9685630454496484,0.7240454384644077,0.5959041309542179,0.9715056044699949,0.5789242029488445
742.7755511022044,0.9244553997073427,0.9609174021539177,0.8883252810939414,0.8336849489346613,0.9645169681795853,0.8041032793634119,0.8336849489346613,0.9645169681795853,0.8041032793634119,0.747659459388966,0.9686547955992145,0.7242239208122382,0.5955843008285994,0.9715614640468118,0.5786467552763308
744.7695390781563,0.9232816388307968,0.9610715649596303,0.887339729529606,0.8320000029160571,0.9646425003263602,0.8025825630844844,0.8320000029160571,0.9646425003263602,0.8025825630844844,0.7477757425784318,0.9687458327041324,0.7244046344200938,0.5953033502492704,0.9716168624851144,0.5784067733960733
746.7635270541083,0.92209797898704,0.9612246413779496,0.8863432991671497,0.8303207339296184,0.964766919377333,0.8010659765684042,0.8303207339296184,0.964766919377333,0.8010659765684042,0.7478939526761158,0.9688361617542264,0.7245867065099251,0.5950588907211763,0.9716717985603147,0.5782019425963512
748.7575150300602,0.9209045334512027,0.9613766366322386,0.8853361030286981,0.828647597226499,0.9648902384191629,0.7995539776533431,0.828647597226499,0.9648902384191629,0.7995539776533431,0.7480132026464238,0.9689257878269216,0.7247692816791249,0.5948485019162428,0.9717262711610141,0.578029916672786
750.7515030060121,0.9197014196204514,0.9615275558542966,0.8843182581233795,0.8269810497709135,0.9650124705640769,0.798047025949103,0.8269810497709135,0.9650124705640769,0.798047025949103,0.7481326239538073,0.9690147160915553,0.7249515221994289,0.5946697419075592,0.971780279329324,0.5778883278996249
752.7454909819639,0.9184887589713814,0.9616774040939359,0.8832898854170588,0.8253215500478481,0.9651336289429304,0.796545582642484,0.8253215500478481,0.9651336289429304,0.796545582642484,0.7482513667763631,0.969102951812894,0.7251326082410058,0.594520156845083,0.9718338222988059,0.5777747964604426
754.7394789579158,0.9172666770152884,0.961826186328246,0.8822511097995979,0.8236695578573382,0.9652537266982281,0.7950501102896774,0.8236695578573382,0.9652537266982281,0.7950501102896774,0.7483686001482143,0.9691905003538723,0.7253117380267748,0.5943972900341177,0.9718868995298164,0.5776869393001837
756.7334669338678,0.916035303251494,0.9619739074705463,0.8812020600498065,0.822025534094651,0.9653727769771203,0.7935610725950537,0.822025534094651,0.9653727769771203,0.7935610725950537,0.7484835120360337,0.9692773671775765,0.7254881279221126,0.5942986903888737,0.9719395107420747,0.5776223783712177
758.7274549098197,0.9147947711188337,0.96212057237902,0.8801428687981869,0.8203899405157574,0.9654907929243793,0.792078934175743,0.8203899405157574,0.9654907929243793,0.792078934175743,0.748595309355032,0.969363557848488,0.7256610124650834,0.5942219202437149,0.971991655944287,0.5775787482560825
760.7214428857716,0.9135452179455014,0.9622661858650308,0.8790736724876559,0.8187632394875719,0.9656077876753725,0.7906041603115155,0.8187632394875719,0.9656077876753725,0.7906041603115155,0.7487032179298141,0.9694490780330118,0.7258296443424074,0.5941645625141505,0.9720433354606953,0.5775537031587997
762.7154308617235,0.912286784897392,0.9624107527011196,0.8779946113323834,0.8171458937223995,0.9657237743490369,0.7891372166794126,0.8171458937223995,0.9657237743490369,0.7891372166794126,0.7488064824054416,0.9695339334993094,0.7259932943163292,0.5941242272082192,0.9720945499544259,0.577544923264995
764.7094188376753,0.9110196169250798,0.9625542776286813,0.8769058292748781,0.8155383659962223,0.9658387660408679,0.7876785690727771,0.8155383659962223,0.9658387660408679,0.7876785690727771,0.7489043661139564,0.9696181301164575,0.7261512511074653,0.5940985572965003,0.9721453004475418,0.5775501204784574
766.7034068136273,0.9097438627096114,0.9626967653653218,0.8758074739414963,0.8139411188503698,0.9659527758159322,0.7862286831042403,0.8139411188503698,0.9659527758159322,0.7862286831042403,0.7489961509015567,0.9697016738529586,0.7263028212386626,0.5940852339555525,0.9721955883377174,0.5775670435481688
768.6973947895792,0.9084596746072688,0.9628382206118938,0.8746996965965228,0.8123546142763004,0.9660658167019126,0.7847880238924013,0.8123546142763004,0.9660658167019126,0.7847880238924013,0.7490811369214498,0.9697845707746251,0.7264473288447364,0.5940819812052215,0.9722454154114688,0.5775934826053389
770.6913827655311,0.9071672085934479,0.9629786480592153,0.8735826520949707,0.8107793133832574,0.9661779016821946,0.7833570557319661,0.8107793133832574,0.9661779016821946,0.7833570557319661,0.7491586423973133,0.96986682704186,0.7265841154528697,0.594086569964868,0.9722947838538915,0.577627273134491
772.685370741483,0.9058666242058192,0.9631180523944683,0.8724564988342604,0.809215676048639,0.9662890436890049,0.781936241747191,0.809215676048639,0.9662890436890049,0.781936241747191,0.7492280033620492,0.9699484489063608,0.7267125397382292,0.5940968215572412,0.9723436962548735,0.5776662994062399
774.6793587174349,0.9045580844869145,0.9632564383072845,0.871321398704925,0.8076641605509972,0.9663992555966084,0.7805260435285434,0.8076641605509972,0.9663992555966084,0.7805260435285434,0.7492885733763882,0.9700294427072715,0.7268319772592244,0.5941106106915814,0.9723921556117633,0.577708497402208
776.6733466933869,0.9032417559262966,0.9633938104955151,0.870177517040495,0.8061252231857183,0.9665085502145754,0.7791269207526297,0.8061252231857183,0.9665085502145754,0.7791269207526297,0.7493397232317044,0.9701098148668064,0.7269418201766527,0.5941258679595097,0.9724401653284908,0.5777518572644788
778.6673346693387,0.9019178084024642,0.963530173670692,0.8690250225667162,0.8045993178634666,0.9666169402811248,0.7777393307854642,0.8045993178634666,0.9666169402811248,0.7777393307854642,0.7493808406410775,0.9701895718853734,0.7270414769606681,0.5941405818785553,0.9724877292111588,0.5777944253032729
780.6613226452906,0.9005864151246221,0.9636655325631802,0.8678640873502342,0.8030868956916414,0.9667244384565541,0.7763637282693192,0.8030868956916414,0.9667244384565541,0.7763637282693192,0.749411329922938,0.9702687203362218,0.7271303720897953,0.5941528005187701,0.9725348514601342,0.5778343055971448
782.6553106212425,0.8992477525744688,0.9637998919270278,0.8666948867468955,0.8015884045391282,0.9668310573167637,0.7750005646934229,0.8015884045391282,0.9668310573167637,0.7750005646934229,0.7494306116791011,0.9703472668596498,0.7272079457437712,0.5941606327479114,0.9725815366586926,0.5778696612200648
784.6492985971944,0.8979020004481353,0.9639332565445149,0.8655175993498055,0.8001042885848125,0.9669368093468831,0.7736502879489564,0.8001042885848125,0.9669368093468831,0.7736502879489564,0.7494381224741457,0.9704252181567805,0.7272736534969808,0.5941622491302232,0.9726277897582873,0.5778987151293419
786.6432865731464,0.8965493415983998,0.9640656312304086,0.8643324069372685,0.7986349878503549,0.9670417069350093,0.7723133418688277,0.7986349878503549,0.9670417069350093,0.7723133418688277,0.7494333145157939,0.970502580982956,0.7273269660121894,0.5941558825129339,0.9726736160605429,0.5779197507474986
788.6372745490983,0.8951899619773012,0.9641970208359266,0.8631394944207402,0.7971809377178797,0.9671457623660643,0.7709901657528527,0.7971809377178797,0.9671457623660643,0.7709901657528527,0.7494156553409488,0.970579362140766,0.7273673687391222,0.5941398283333782,0.9727190211960863,0.5779311122700544
790.6312625250501,0.89382405057927,0.9643274302524155,0.8619390497929125,0.7957425684333691,0.9672489878157787,0.7696811938791043,0.7957425684333691,0.9672489878157787,0.7696811938791043,0.749384627509665,0.9706555684727431,0.7273943616201287,0.5941124446781403,0.9727640111003695,0.5779312047297541
792.625250501002,0.8924517993848947,0.9644568644147488,0.8607312640760559,0.7943203045965787,0.9673513953448136,0.7683868550022177,0.7943203045965787,0.9673513953448136,0.7683868550022177,0.7493397283095172,0.9707312068537581,0.7274074588053648,0.5940721521238903,0.9728085919866526,0.5779184938461223
794.6192384769539,0.8910734033054064,0.9645853283044499,0.8595163312707089,0.792914564638522,0.967452996893023,0.7671075718396646,0.792914564638522,0.967452996893023,0.7671075718396646,0.749280469472453,0.9708062841831411,0.7274061883795515,0.5940174333877833,0.972852770316354,0.5778915056875152
796.6132264529059,0.889689060127985,0.9647128269525471,0.858294448304823,0.7915257602875726,0.9675538042738699,0.7658437605470081,0.7915257602875726,0.9675538042738699,0.7658437605470081,0.7492063769060908,0.9708808073765648,0.7273900921022564,0.5939468328132956,0.9728965527669983,0.577848826170932
798.6072144288578,0.8882989704619849,0.9648393654421654,0.8570658149834703,0.7901542960254361,0.9676538291690012,0.7645958301833498,0.7901542960254361,0.9676538291690012,0.7645958301833498,0.7491169904411114,0.9709547833577199,0.7273587251633364,0.5938589557154632,0.9729399461980267,0.5777891004230191
800.6012024048097,0.8869033376861254,0.9649649489108617,0.8558306339391647,0.7888005685342847,0.9677530831229888,0.7633641821682204,0.7888005685342847,0.9677530831229888,0.7633641821682204,0.7490118635961552,0.9710282190498161,0.7273116559549584,0.5937524676075046,0.9729829576147632,0.5777110320238137
802.5951903807616,0.8855023678967401,0.9650895825527099,0.8545891105829011,0.7874649661364984,0.967851577538246,0.7621492097313115,0.7874649661364984,0.967851577538246,0.7621492097313115,0.7488905633614528,0.9711011213669442,0.7272484658614293,0.5936260933289538,0.9730255941308541,0.5776133821529831
804.5891783567134,0.8840962698571319,0.9652132716201433,0.8533414530559673,0.7861478682285526,0.9679493236701273,0.7609512973565399,0.7861478682285526,0.9679493236701273,0.7609512973565399,0.7487526700021271,0.971173497205331,0.7271687490677948,0.5934786160935807,0.9730678629295297,0.5774949686565554
806.5831663326654,0.8826852549480658,0.9653360214255589,0.852087872182571,0.7848496447106343,0.9680463326222145,0.7597708202219776,0.7848496447106343,0.9680463326222145,0.7597708202219776,0.7485977768819284,0.9712453534345257,0.7270721123879887,0.5933088764737834,0.9731097712240623,0.5773546650506087
808.5771543086173,0.8812695371194624,0.965457837342694,0.8508285814233532,0.7835706554137876,0.9681426153418021,0.7586081436373943,0.7835706554137876,0.9681426153418021,0.7586081436373943,0.7484254903079633,0.9713166968885499,0.7269581751131244,0.5931157713365046,0.9731513262177994,0.5771913994768125
810.5711422845692,0.8798493328433286,0.9655787248077745,0.8495637968298323,0.7823112495263026,0.9682381826155858,0.7574636224810752,0.7823112495263026,0.9682381826155858,0.7574636224810752,0.7482354293967196,0.9713875343570499,0.726826568880268,0.5928982527444706,0.9731925350641885,0.5770041536235193
812.5651302605211,0.8784248610677613,0.9656986893204598,0.848293736999644,0.7810717650213104,0.9683330450655595,0.7563376006378166,0.7810717650213104,0.9683330450655595,0.7563376006378166,0.7480272259615671,0.9714578725764882,0.726676937561916,0.5926553268352976,0.9732334048271997,0.5767919616248935
814.559118236473,0.8769963431724076,0.965817736444562,0.8470186230329331,0.7798525280874666,0.9684272131451311,0.7552304104399304,0.7798525280874666,0.9684272131451311,0.7552304104399304,0.7478005244216798,0.971527718221408,0.7265089371761668,0.5923860526900401,0.9732739424425679,0.5765539089496261
816.5531062124248,0.8755640029249807,0.9659358718085745,0.8457386784895465,0.7786538525647838,0.9685206971354596,0.7541423721132559,0.7786538525647838,0.9685206971354596,0.7541423721132559,0.7475549817321842,0.9715970778958115,0.7263222358174469,0.5920895412019528,0.973314154680268,0.5762891312900064
818.5470941883768,0.8741280664390148,0.9660531011060025,0.844454129347204,0.7774760393876655,0.9686135071420219,0.7530737932301754,0.7774760393876655,0.9686135071420219,0.7530737932301754,0.7472902673351663,0.9716659581246861,0.7261165136074773,0.5917649539555618,0.9733540481086294,0.5759968134614628
820.5410821643287,0.872688762132772,0.966169430095506,0.8431652039605729,0.7763193760372049,0.9687056530914135,0.7520249681716392,0.7763193760372049,0.9687056530914135,0.7520249681716392,0.7470060631310118,0.971734365345717,0.7258914626660163,0.5914115021257611,0.973393629060479,0.5756761883223038
822.5350701402806,0.8712463206892683,0.9662848646008626,0.8418721330212293,0.7751841360049208,0.968797144728389,0.7509961776003103,0.7751841360049208,0.968797144728389,0.7509961776003103,0.7467020634694519,0.9718023059012206,0.725646787100813,0.5910284454062349,0.9734329036016794,0.5753265357229779
824.5290581162325,0.8698009750173601,0.9663994105107558,0.8405751495184575,0.7740705782700459,0.9688879916131464,0.7499876879468916,0.7740705782700459,0.9688879916131464,0.7499876879468916,0.7463779751594923,0.9718697860303376,0.7253822030160124,0.5906150909764425,0.973471877502399,0.5749471814940877
826.5230460921844,0.8683529602138076,0.9665130737783982,0.8392744887008183,0.7729789467925198,0.9689782031188614,0.7489997509117258,0.7729789467925198,0.9689782031188614,0.7489997509117258,0.7460335174974034,0.9719368118615174,0.7250974385382598,0.5901707925162193,0.973510556211415,0.5745374964821962
828.5170340681364,0.8669025135262551,0.9666258604209931,0.8379703880384379,0.7719094700238122,0.9690677884294732,0.7480326029837424,0.7719094700238122,0.9690677884294732,0.7480326029837424,0.7456684223117128,0.9720033894053305,0.7247922338595102,0.5896949492771745,0.9735489448337096,0.5740968956425611
830.5110220440882,0.8654498743170177,0.9667377765190445,0.8366630871859202,0.7708623604377111,0.9691567565377276,0.7470864649788288,0.7708623604377111,0.9691567565377276,0.7470864649788288,0.7452824340241774,0.9720695245476401,0.7244663412955901,0.589187005220025,0.973587048111576,0.5736248371978638
832.5050100200401,0.8639952840275846,0.9668488282155208,0.8353528279458062,0.7698378140831138,0.9692451162434793,0.7461615415996137,0.7698378140831138,0.9692451162434793,0.7461615415996137,0.7448753097255588,0.9721352230431662,0.7241195253594037,0.5886464482271471,0.9736248704094,0.5731208218721097
834.498997995992,0.8625389861437049,0.9669590217148789,0.8340398542324604,0.7688360101608736,0.9693328761522555,0.7452580210186643,0.7688360101608736,0.9693328761522555,0.7452580210186643,0.7444468192650167,0.9722004905094698,0.7237515628476637,0.5880728093996709,0.9736624157022308,0.572584392208881
836.4929859719439,0.8610812261609367,0.9670683632819551,0.8327244120362761,0.767857110626658,0.9694200446740847,0.7443760744870084,0.767857110626658,0.9694200446740847,0.7443760744870084,0.7439967453518364,0.9722653324213868,0.723362242939933,0.5874656624484509,0.9736996875682091,0.5720151319831076
838.4869739478959,0.859622251550531,0.9671768592407302,0.8314067493880875,0.7669012598216854,0.9695066300225894,0.7435158559698005,0.7669012598216854,0.9695066300225894,0.7435158559698005,0.743524883668235,0.9723297541059378,0.722951367308781,0.5868246231882193,0.9737366891848608,0.5714126657154501
840.4809619238478,0.8581623117254821,0.9672845159729733,0.8300871163236307,0.7659685841331563,0.9695926402143463,0.7426775018109116,0.7659685841331563,0.9695926402143463,0.7426775018109116,0.7430310429919287,0.9723937607377372,0.7225187502398048,0.5861493491440086,0.9737734233292158,0.570776658298153
842.4749498997996,0.8567016580065833,0.967391339916773,0.8287657648479095,0.7650591916860332,0.9696780830685124,0.7418611304280582,0.7650591916860332,0.9696780830685124,0.7418611304280582,0.7425150453271191,0.972457357334922,0.7220642187602301,0.5854395392787448,0.9738098923816704,0.5701068147410092
844.4689378757515,0.8552405435883406,0.9674973375649595,0.8274429488993281,0.7641731720678065,0.9697629662067172,0.7410668420400722,0.7641731720678065,0.9697629662067172,0.7410668420400722,0.7419767260426346,0.9725205487556204,0.7215876127748817,0.5846949338503823,0.9738460983334524,0.5694028800455309
846.4629258517034,0.8537792235045425,0.9676025154634252,0.8261189243134053,0.7633105960876182,0.969847297053221,0.7402947184276595,0.7633105960876182,0.969847297053221,0.7402947184276595,0.7414159340158938,0.9725833396949765,0.7210887852082483,0.5839153144064361,0.9738820427975207,0.5686646392148965
848.4569138276554,0.8523179545932827,0.9677068802093487,0.824793948785879,0.7624715155711114,0.9699310828353357,0.7395448227289876,0.7624715155711114,0.9699310828353357,0.7395448227289876,0.740832531781439,0.9726457346827414,0.7205676021514331,0.5831005039230133,0.973917727022687,0.5678919174064845
850.4509018036073,0.8508569954612875,0.9678104384493287,0.823468281835067,0.761655963192162,0.9700143305841058,0.7388171992712373,0.761655963192162,0.9700143305841058,0.7388171992712373,0.7402263956828068,0.9727077380814464,0.7200239430128047,0.5822503670944859,0.9739531519107192,0.5670845802328478
852.4448897795592,0.8493966064472702,0.9679131968774316,0.822142184763219,0.7608639523424512,0.9700970471352555,0.7381118734390716,0.7608639523424512,0.9700970471352555,0.7381118734390716,0.739597416026568,0.9727693540851579,0.7194577006712164,0.5813648107789008,0.9739883180361578,0.5662425342159507
854.438877755511,0.8479370495841669,0.9680151622331605,0.8208159206167248,0.760095477039817,0.9701792391303803,0.7374288515809331,0.760095477039817,0.9701792391303803,0.7374288515809331,0.7389454972373855,0.9728305867188249,0.7188687816306796,0.5804437846029418,0.9740232256685626,0.5653657273982257
856.4328657314629,0.8464785885599734,0.9681163412993485,0.819489754144918,0.759350511875967,0.970260913018396,0.7367681209537621,0.759350511875967,0.970260913018396,0.7367681209537621,0.7382705580130668,0.9728914398382159,0.7182571061754958,0.5794872817288323,0.9740578747968861,0.5644541501126108
858.4268537074149,0.8450214886769875,0.9682167408999831,0.8181639517572847,0.7586290120040997,0.9703420750572331,0.7361296497066767,0.7586290120040997,0.9703420750572331,0.7361296497066767,0.7375725314786014,0.9729519171304418,0.7176226085248584,0.5784953397840386,0.9740922651556679,0.5635078359122319
860.4208416833668,0.8435660168092298,0.9683163678979642,0.8168387814788663,0.7579309131667554,0.9704227313157711,0.7355133869039393,0.7579309131667554,0.9704227313157711,0.7355133869039393,0.736851365338279,0.973012022115064,0.7169652369860446,0.5774680419528275,0.9741263962527351,0.5625268626586312
862.4148296593187,0.8421124413577536,0.9684152291928043,0.815514512903581,0.7572561317639864,0.9705028876760095,0.7349192625873135,0.7572561317639864,0.9705028876760095,0.7349192625873135,0.7361070220250882,0.9730717581457728,0.7162849541054017,0.5764055182270253,0.974160267398101,0.56151135376578
864.4088176352706,0.8406610322036667,0.9685133317182716,0.8141914171452944,0.7566045649618646,0.9705825498354655,0.7343471878778396,0.7566045649618646,0.9705825498354655,0.7343471878778396,0.735339478846633,0.9731311284126293,0.7155817368163787,0.5753079468112382,0.9741938777337545,0.5604614795950847
866.4028056112224,0.8392120606585703,0.9686106824399822,0.8128697667863616,0.7559760908410347,0.9706617233097947,0.7337970551167606,0.7559760908410347,0.9706617233097947,0.7337970551167606,0.7345487281269444,0.9731901359448508,0.7148555765839782,0.5741755556757799,0.9742272262640445,0.5593774589946315
868.3967935871744,0.8377657994121854,0.9687072883529452,0.8115498358234156,0.7553705685849114,0.9707404134356241,0.7332687380452193,0.7553705685849114,0.9707404134356241,0.7332687380452193,0.7337347773436269,0.9732487836141287,0.7141064795450685,0.573008624248424,0.974260311886373,0.5582595609738511
870.3907815631263,0.83632252247691,0.9688031564790666,0.8102318996101655,0.7547878387069507,0.9708186253735912,0.7327620920221857,0.7547878387069507,0.9708186253735912,0.7327620920221857,0.732897649259896,0.973307074138451,0.713334466644098,0.5718074852337424,0.9742931334219277,0.5571081065024955
872.3847695390782,0.8348825051290653,0.9688982938646128,0.8089162347969652,0.7542277233161512,0.9708963641115809,0.7322769542798065,0.7542277233161512,0.9708963641115809,0.7322769542798065,0.7320373820511223,0.9733650100864116,0.712539573763821,0.5705725265465705,0.9743256896461963,0.5559234704206599
874.3787575150301,0.8334460238465676,0.9689927075776407,0.8076031192669044,0.7536900264199328,0.970973634468149,0.7318131442153574,0.7536900264199328,0.970973634468149,0.7318131442153574,0.7311540294256192,0.9734225938819806,0.7117218518507482,0.5693041933436213,0.9743579793190215,0.5547060834441363
876.372745490982,0.8320133562427957,0.9690864047053955,0.8062928320682003,0.7531745342631769,0.9710504410961246,0.7313704637186261,0.7531745342631769,0.9710504410961246,0.7313704637186261,0.7302476607394945,0.9734798278097041,0.7108813670351224,0.5680029901348488,0.9743900012139741,0.5534564342470363
878.366733466934,0.8305847809963841,0.9691793923516828,0.8049856533426311,0.7526810157022215,0.9711267884863806,0.7309486975335653,0.7526810157022215,0.9711267884863806,0.7309486975335653,0.7293183611054432,0.9735367140203106,0.7100182007452716,0.5666694829536044,0.9744217541468393,0.5521750716011337
880.3607214428858,0.8291605777767288,0.9692716776342156,0.8036818642498055,0.7522092226123809,0.9712026809717627,0.7305476136528297,0.7522092226123809,0.9712026809717627,0.7305476136528297,0.7283662314954676,0.973593254536687,0.7091324498162943,0.5653043015619779,0.9744532370030163,0.5508626065487986
882.3547094188377,0.8277410271649532,0.9693632676819423,0.8023817468870263,0.7517588903273963,0.9712781227311654,0.7301669637436575,0.7517588903273963,0.9712781227311654,0.7301669637436575,0.7273913888375688,0.9736494512601964,0.708224226593091,0.5639081416651127,0.9744844487636652,0.5495197145838702
884.3486973947896,0.8263264105700995,0.9694541696323559,0.8010855842045209,0.7513297381091718,0.9713531177937451,0.729806483603502,0.7513297381091718,0.9713531177937451,0.729806483603502,0.7263939661065159,0.9737053059773002,0.7072936590278096,0.5624817671055756,0.9745153885304293,0.5481471378121725
886.3426853707415,0.8249170101403468,0.9695443906287914,0.799793659915847,0.7509214696459446,0.9714276700432581,0.7294658936436192,0.7509214696459446,0.9714276700432581,0.7294658936436192,0.7253741124088586,0.9737608203664537,0.7063408907718384,0.5610260120061422,0.9745460555485869,0.54674568706074
888.3366733466935,0.8235131086690243,0.9696339378177113,0.7985062584032508,0.7505337735770035,0.9715017832225139,0.7291448993987814,0.7505337735770035,0.9715017832225139,0.7291448993987814,0.7243319930623973,0.9738159960052375,0.7053660812625172,0.5595417828267282,0.9745764492284944,0.5453162439022541
890.3306613226454,0.8221149894952252,0.9697228183459845,0.7972236646177893,0.750166324041946,0.9715754609379302,0.7288431920611664,0.750166324041946,0.9715754609379302,0.7288431920611664,0.7232677896703622,0.9738708343776897,0.704369405804783,0.5580300602984911,0.9746065691651911,0.5438597625585572
892.3246492985973,0.8207229363988257,0.9698110393581593,0.7959461639740255,0.7498187812523711,0.9716487066641799,0.7285604490363781,0.7498187812523711,0.9716487066641799,0.7285604490363781,0.7221817001905902,0.9739253368818043,0.7033510556479948,0.5564919011956918,0.9746364151560466,0.5423772716447419
894.3186372745491,0.8193372334897455,0.9698986079937367,0.7946740422391434,0.7494907920838744,0.971721523748918,0.7282963345195259,0.7494907920838744,0.971721523748918,0.7282963345195259,0.7210739389999733,0.973979504837158,0.7023112380581731,0.5549284399034081,0.9746659872163457,0.5408698757128818
896.312625250501,0.8179581650912787,0.9699855313844428,0.7934075854163077,0.7491819906861228,0.9717939154175753,0.7280505000892007,0.7491819906861228,0.9717939154175753,0.7280505000892007,0.719944736954513,0.9740333394926317,0.7012501763859486,0.553340889737178,0.974695285592705,0.5393387565525002
898.306613226453,0.8165860156173361,0.9700718166515071,0.7921470796221252,0.7488919991087816,0.9718658847782108,0.727822585317179,0.7488919991087816,0.9718658847782108,0.727822585317179,0.7187943414452582,0.9740868420341924,0.7001681101304585,0.5517305439686804,0.9747243107742316,0.5377851742029639
900.3006012024049,0.8152210694434979,0.9701574709029456,0.7908928109580985,0.7486204279410001,0.971937434826407,0.7276122183916228,0.7486204279410001,0.971937434826407,0.7276122183916228,0.7176230164504255,0.9741400135926981,0.6990652949994505,0.5500987765102248,0.9747530635013414,0.5362104676316813
902.2945891783568,0.8138636107717482,0.9702425012308553,0.7896450653759562,0.7483668769622027,0.9720085684502002,0.7274190167515778,0.7483668769622027,0.9720085684502002,0.7274190167515778,0.7164310425839555,0.9741928552516964,0.6979420029658133,0.5484470422097865,0.9747815447721584,0.5346160550309768
904.2885771543087,0.8125139234887855,0.9703269147087191,0.7884041285367495,0.7481309358018747,0.9720792884350323,0.7272425877305212,0.7481309358018747,0.9720792884350323,0.7272425877305212,0.715218717140724,0.9742453680551812,0.6967985223207193,0.5467768767086989,0.9748097558464365,0.5330034336868839
906.2825651302605,0.8111722910178761,0.9704107183887256,0.7871702856636856,0.7479121846060995,0.9721495974687144,0.7270825292067665,0.7479121846060995,0.9721495974687144,0.7270825292067665,0.7139863541385857,0.9742975530152787,0.6956351577235242,0.5450898958107665,0.9748376982469521,0.5313741793698386
908.2765531062124,0.809838996164166,0.9704939192991062,0.7859438213886153,0.7477101947085836,0.9722194981463911,0.7269384302585195,0.7477101947085836,0.9722194981463911,0.7269384302585195,0.7127342843573623,0.9743494111198318,0.6944522302485107,0.5433877943218951,0.9748653737583216,0.5297299452073243
910.2705410821644,0.8085143209534499,0.9705765244414922,0.7847250195921726,0.7475245293040034,0.9722889929754928,0.7268098718214686,0.7475245293040034,0.9722889929754928,0.7268098718214686,0.7114628553748082,0.9744009433398535,0.6932500774284789,0.5416723443096003,0.9748927844232325,0.5280724599890462
912.2645290581163,0.8071985464643847,0.9706585407882928,0.7835141632375506,0.7473547441214643,0.9723580843806705,0.7266964273467532,0.7473547441214643,0.9723580843806705,0.7266964273467532,0.7101724315995375,0.974452150636826,0.6920290532951535,0.539945392743847,0.9749199325360765,0.5264035258669967
914.2585170340682,0.80589195265418,0.9707399752800989,0.7823115341979493,0.7472003880960384,0.9724267747086973,0.7265976634573176,0.7472003880960384,0.9724267747086973,0.7265976634573176,0.7088633943007479,0.9745030339698154,0.6907895284162203,0.5382088584815234,0.9749468206340048,0.5247250154136184
916.2525050100201,0.8045948181778062,0.9708208348231128,0.7811174130777284,0.7470610040363203,0.972495066233331,0.7265131406006401,0.7470610040363203,0.972495066233331,0.7265131406006401,0.7075361416345587,0.9745535943023828,0.6895318899287989,0.536464728563106,0.9749734514854425,0.5230388680073725
918.2464929859719,0.8033074202008216,0.9709011262866072,0.7799320790273665,0.7469361292860526,0.9725629611601275,0.7264424136959271,0.7469361292860526,0.9725629611601275,0.7264424136959271,0.7061910886665914,0.9746038326092646,0.688256541568969,0.5347150537968559,0.9749998280761268,0.5213470855216514
920.2404809619239,0.8020300342058997,0.970980856500417,0.7787558095523032,0.7468252963780043,0.9726304616311946,0.726385032773992,0.7468252963780043,0.9726304616311946,0.726385032773992,0.7048286673903632,0.974653749882812,0.6869639036969227,0.5329619436140273,0.975025953592763,0.5196517273009194
922.2344689378758,0.800762933793216,0.9710600322524631,0.7775888803158172,0.7467280336782659,0.9726975697298801,0.7263405436080212,0.7467280336782659,0.9726975697298801,0.7263405436080212,0.7034493267409025,0.9747033471391539,0.685654413317142,0.5312075601878418,0.9750518314044155,0.5179549044170264
924.2284569138277,0.7995063904748422,0.9711386602863156,0.7764315649360861,0.7466438660193658,0.9727642874853836,0.7263084883336606,0.7466438660193658,0.9727642874853836,0.7263084883336606,0.7020535326029167,0.9747526254240838,0.6843285240929456,0.5294541118194095,0.9750774650417867,0.5162587732088205
926.2224448897796,0.7982606734633714,0.9712167472987915,0.7752841347776382,0.7465723153205929,0.9728306168772877,0.7262884060568373,0.7465723153205929,0.9728306168772877,0.7262884060568373,0.7006417678126297,0.9748015858186458,0.6829867063545308,0.5277038456052163,0.9751028581745655,0.5145655281193561
928.2164328657315,0.7970260494549598,0.971294299937597,0.7741468587373838,0.7465129011941093,0.9728965598399965,0.7262798334479241,0.7465129011941093,0.9728965598399965,0.7262798334479241,0.6992145321523722,0.9748502294444068,0.6816294470996036,0.5259590394129144,0.9751280145870584,0.5128773938568317
930.2104208416835,0.7958027824071034,0.9713713247990116,0.7730200030255276,0.7464651415354848,0.9729621182670793,0.7262823053209005,0.7464651415354848,0.9729621182670793,0.7262823053209005,0.6977723423367557,0.9748985574684056,0.6802572499854536,0.5242219932050343,0.975152938152344,0.5111966169179673
932.2044088176353,0.7945911333113743,0.9714478284256165,0.7719038309415841,0.7464285530974483,0.9730272940155118,0.7262953551963238,0.7464285530974483,0.9730272940155118,0.7262953551963238,0.6963157319892126,0.974946571107767,0.6788706353112777,0.5224950197631315,0.9751776328052248,0.5095254565251297
934.1983967935872,0.7933913599614875,0.9715238173040737,0.7707986026458546,0.7464026520457314,0.9730920889098064,0.7263185158470001,0.7464026520457314,0.9730920889098064,0.7263185158470001,0.6948452516074802,0.9749942716339692,0.6774701399893572,0.5207804348779925,0.9752021025142688,0.5078661750413135
936.1923847695391,0.7922037167170287,0.9715992978629512,0.7697045749266854,0.7463869544960273,0.9731565047460297,0.7263513198253878,0.7463869544960273,0.9731565047460297,0.7263513198253878,0.6933614685164852,0.9750416603767634,0.6760563175035846,0.5190805470840084,0.9752263512532636,0.5062210279392855
938.186372745491,0.7910284542632283,0.9716742764706034,0.7686220009638822,0.7463809770311851,0.9732205432957014,0.7263932999718664,0.7463809770311851,0.9732205432957014,0.7263932999718664,0.6918649668069432,0.9750887387277298,0.674629737853685,0.517397647027673,0.9752503829724152,0.5045922534127646
940.180360721443,0.7898658193671948,0.9717487594331051,0.7675511300886847,0.7463842371978854,0.9732842063095689,0.7264439899031169,0.7463842371978854,0.9732842063095689,0.7264439899031169,0.6903563472578506,0.9751355081434747,0.6731909874833572,0.5157339965708281,0.9752742015696413,0.5029820617279345
942.1743486973949,0.7887160546310502,0.9718227529922409,0.7664922075407259,0.7463962539821518,0.9733474955212535,0.7265029244799729,0.7463962539821518,0.9733474955212535,0.7265029244799729,0.6888362272408788,0.9751819701484561,0.6717406691903898,0.5140918177383516,0.9752978108623143,0.5013926244224421
944.1683366733467,0.7875793982424475,0.9718962633235534,0.7654454742224475,0.7464165482631767,0.9734104126507676,0.7265696402542204,0.7464165482631767,0.9734104126507676,0.7265696402542204,0.6873052406046267,0.9752281263374428,0.6702794020167554,0.5124732816272858,0.9753212145598061,0.499826063466174
946.1623246492986,0.7864560837229425,0.9719692965344537,0.7644111664514299,0.7464446432450522,0.9734729594078954,0.7266436758939316,0.7464446432450522,0.9734729594078954,0.7266436758939316,0.6857640375364649,0.975273978377598,0.6688078211164725,0.5108804973995215,0.9753444162371876,0.4982844405031003
948.1563126252505,0.7853463396747834,0.972041858662392,0.7633895157111827,0.7464800648660803,0.9735351374954386,0.7267245725870034,0.7464800648660803,0.9735351374954386,0.7267245725870034,0.6842132843996942,0.9753195280101923,0.6673265775990133,0.5093155014828287,0.9753674193104133,0.49676974629609555
950.1503006012026,0.7842503895266326,0.9721139556730957,0.762380748400901,0.7465223421854745,0.973596948612322,0.7268118744227018,0.7465223421854745,0.973596948612322,0.7268118744227018,0.6826536635435501,0.9753647770519434,0.6658363383458471,0.5077802471051904,0.975390227013308,0.4952838904968053
952.1442885771544,0.7831684512788114,0.972185593458871,0.7613850855847561,0.7465710077473474,0.9736583944565578,0.7269051287510966,0.7465710077473474,0.9736583944565578,0.7269051287510966,0.6810858730835744,0.9754097273959843,0.6643377857977052,0.5062765942849136,0.975412842376647,0.4938286918602161
954.1382765531063,0.7821007372486647,0.972256777836976,0.76040274274131,0.746625597921973,0.9737194767280668,0.7270038865203636,0.746625597921973,0.9737194767280668,0.7270038865203636,0.6795106266497616,0.9754543810124622,0.6628316177100335,0.5048063003938302,0.9754352682095823,0.4924058690185427
956.1322645290581,0.781047453816653,0.9723275145480628,0.759433929513639,0.7466856532244062,0.9737801971313582,0.7271077025920192,0.7466856532244062,0.9737801971313582,0.7271077025920192,0.6779286530997891,0.9754987399487709,0.6613185468740117,0.503371011403221,0.9754575070836407,0.4910170319215569
958.12625250501,0.7800088011738191,0.9723978092546909,0.7584788494607995,0.7467507186106347,0.9738405573780621,0.7272161360342488,0.7467507186106347,0.9738405573780621,0.7272161360342488,0.676340696194744,0.9755428063294194,0.6597993008006138,0.501972253912047,0.97547956131947,0.48966367404066924
960.1202404809621,0.778984973071238,0.9724676675399165,0.7575376998112315,0.746820343751506,0.9739005591893185,0.7273287503935507,0.746820343751506,0.9739005591893185,0.7273287503935507,0.6747475142345489,0.9755865823555419,0.6582746213649809,0.5006114280449252,0.9755014329764737,0.4883471654222234
962.114228456914,0.7779761565721823,0.9725370949059569,0.7566106712188121,0.7468940832847695,0.9739602042980214,0.7274451139450175,0.7468940832847695,0.9739602042980214,0.7274451139450175,0.6731498796504508,0.9756300703040556,0.6567452644085359,0.49928980129334816,0.9755231238454218,0.4870687466618469
964.1082164328658,0.776982531807604,0.9726060967729295,0.7556979475221423,0.7469714970456021,0.9740194944509161,0.7275647999216013,0.7469714970456021,0.9740194944509161,0.7275647999216013,0.671548578551903,0.9756732725264681,0.6552119992962331,0.4980085033583758,0.9755446354440878,0.4858295238568025
966.1022044088177,0.7760042717356535,0.9726746784776737,0.7547997055077781,0.7470521502761234,0.9740784314105552,0.7276873867228486,0.7470521502761234,0.9740784314105552,0.7276873867228486,0.6699444102251991,0.9757161914473443,0.6536756084263686,0.496768522036771,0.9755659690159093,0.4846304645774036
968.0961923847696,0.7750415419059221,0.972742845272649,0.7539161146780677,0.7471356138143599,0.9741370169571074,0.727812458103538,0.7471356138143599,0.9741370169571074,0.727812458103538,0.6683381865813834,0.9757588295624405,0.6521368866905347,0.4955707001758243,0.975587125531631,0.48347239488223015
970.0901803607217,0.7740945002290711,0.972810602324917,0.7530473370242483,0.7472214642632872,0.974195252890026,0.7279396033428286,0.7472214642632872,0.974195252890026,0.7279396033428286,0.6667307315509708,0.9758011894365101,0.6505966408813119,0.494415733705341,0.9756081056938458,0.4823559973855006
972.0841683366735,0.7731632967525686,0.9728779547152043,0.7521935268055034,0.7473092841405327,0.9742531410295742,0.7280684173944765,0.7473092841405327,0.9742531410295742,0.7280684173944765,0.665122880423259,0.975843273700792,0.6490556890455335,0.49330417073889293,0.9756289099443142,0.48128181036896994
974.0781563126254,0.7722480734431852,0.9729449074370504,0.7513548303346204,0.7473986620094144,0.9743106832182109,0.7281985010187693,0.7473986620094144,0.9743106832182109,0.7281985010187693,0.6635154791280916,0.9758850850501939,0.6475148597810378,0.4922364117208567,0.9756495384739065,0.48025022791550565
976.0721442885772,0.7713489639769645,0.9730114653960394,0.750531385770943,0.747489192592033,0.9743678813218379,0.7283294608968705,0.747489192592033,0.9743678813218379,0.7283294608968705,0.6619093834582419,0.9759266262401728,0.6459749914751148,0.4912127105813724,0.9756699912349871,0.47926150102744186
978.0661322645291,0.7704660935372983,0.9730776334091168,0.7497233229212414,0.7475804768651014,0.9744247372309098,0.7284609097282347,0.7475804768651014,0.9744247372309098,0.7284609097282347,0.6603054582307317,0.9759679000833322,0.6444369314830097,0.4902331768484007,0.9756902679560343,0.478315739680154
980.0601202404812,0.7695995786217904,0.9731434162039938,0.7489307630491633,0.7476721221393339,0.9744812528614085,0.7285924663118861,0.7476721221393339,0.9744812528614085,0.7285924663118861,0.6587045763857686,0.9760089094457439,0.6429015352451948,0.48929777865482943,0.9757103681582725,0.47741291575032857
982.0541082164331,0.768749526858545,0.9732088184186385,0.748153818693892,0.7477637421231231,0.9745374301556856,0.7287237556122672,0.7477637421231231,0.9745374301556856,0.7287237556122672,0.6571076180222268,0.9760496572430064,0.6413696653423628,0.48840634656921067,0.9757302911740798,0.47655286674924446
984.048096192385,0.7679160368324748,0.9732738446008525,0.7473925934985927,0.7478549569713313,0.9745932710831745,0.7288544088104565,0.7478549569713313,0.9745932710831745,0.7288544088104565,0.6555154693689991,0.9760901464360547,0.6398421904874855,0.4875585781712926,0.9757500361669276,0.4757353002841345
986.0420841683368,0.7670991979222697,0.9733384992079382,0.7466471820492752,0.7479453933200044,0.9746487776409722,0.7289840633415385,0.7479453933200044,0.9746487776409722,0.7289840633415385,0.6539290216918967,0.9761303800267371,0.6383199844546236,0.48675404328811656,0.9757696021526009,0.47495979916541536
988.0360721442886,0.7662990901485657,0.9734027866064521,0.7459176697246026,0.7480346843078253,0.9747039518542973,0.729112362918919,0.7480346843078253,0.9747039518542973,0.729112362918919,0.6523491701362054,0.9761703610531718,0.6368039249445966,0.485992189803014,0.9757889880214564,0.4742258270742146
990.0300601202405,0.7655157840338771,0.9734667110720459,0.7452041325571969,0.7481224695851342,0.9747587957768231,0.7292389575463883,0.7481224695851342,0.9747587957768231,0.7292389575463883,0.6507768125054441,0.9762100925849011,0.6352948923880464,0.4852723499482154,0.9758081925614691,0.47353273470302476
992.0240480961926,0.7647493404747987,0.9735302767893982,0.7445066371069405,0.7482083953113495,0.9748133114908906,0.7293635035187419,0.7482083953113495,0.9748133114908906,0.7293635035187419,0.649212847977357,0.976249577717861,0.6337937686869047,0.4845937469920353,0.9758272144818355,0.4728797662825531
994.0180360721445,0.7639998106269599,0.9735934878522314,0.7438252403467461,0.7482921141416105,0.9748675011076036,0.7294856634117575,0.7482921141416105,0.9748675011076036,0.7294856634117575,0.6476581757586708,0.9762888195691826,0.6323014358957629,0.4839555022332387,0.9758460524369037,0.4722660664094251
996.0120240480964,0.7632672358031865,0.9736563482634172,0.7431599895612431,0.7483732852034589,0.9749213667668081,0.7296051060623224,0.7483732852034589,0.9749213667668081,0.7296051060623224,0.6461136936806545,0.976327821271845,0.6308187748451377,0.48335664221842733,0.9758647050502137,0.47169068709254725
998.0060120240482,0.7625516473852565,0.9737188619351688,0.74251092225876,0.7484515740643837,0.9749749106369585,0.7297215065395134,0.7484515740643837,0.9749749106369585,0.7297215065395134,0.6445802967380776,0.9763665859692009,0.6293466637091713,0.4827961061024457,0.9758831709384461,0.47115259493998923
1000.0,0.7618530667496314,0.9737810326893199,0.7418780660969815,0.7485266526910237,0.9750281349148768,0.7298345461074046,0.7485266526910237,0.9750281349148768,0.7298345461074046,0.6430588755747395,0.9764051168093939,0.6278859765208711,0.4822727530771331,0.9759014487350834,0.47065067841343133
