Xdata,P_Band4_nterms2,omega_Band4_nterms2,P_times_omega_Band4_nterms2,P_Band5,omega_Band5,P_times_omega_Band5,P_Band6,omega_Band6,P_times_omega_Band6,P_Band7_nterms2,omega_Band7_nterms2,P_times_omega_Band7_nterms2
10.0,0.9999999987979202,0.0006693427888802556,0.0006693427880756521,0.9999999976950884,0.0009483414198304324,0.0009483414176445893,0.9999999932575481,0.0017314832976376574,0.0017314832859632145,0.9999999663616367,0.0043757591230089805,0.004375758975815605
10.186289902446877,0.9999999987503738,0.0006884662071883059,0.0006884662063279805,0.9999999976039178,0.0009754250752099468,0.0009754250728727481,0.9999999929908234,0.0017808783647133564,0.0017808783522308654,0.9999999650305275,0.004500141014397173,0.004500140857029615
10.37605019766912,0.9999999986993309,0.0007083763139572198,0.0007083763130358566,0.9999999975060418,0.0010036222662439336,0.0010036222637409417,0.9999999927044805,0.0018323012098840517,0.0018323011965164625,0.9999999636014816,0.004629603624332133,0.00462960345582142
10.569345535579885,0.9999999986445285,0.0007291092719578005,0.0007291092709695137,0.9999999974009567,0.0010329841327009085,0.0010329841300161379,0.9999999923970444,0.0018858447215633015,0.0018858447072253078,0.9999999620671366,0.004764377725646236,0.004764377544919747
10.766241770454934,0.9999999985856838,0.0007507030103478899,0.0007507030092861585,0.9999999972881205,0.0010635643082338127,0.0010635643053495546,0.999999992066929,0.001941606297638185,0.0019416062822352844,0.9999999604195687,0.0049047051273643765,0.004904704933234033
10.966805983368687,0.999999998522493,0.0007731973140836527,0.0007731973129412483,0.9999999971669495,0.0010954190462480356,0.0010954190431446582,0.9999999917124267,0.001999688071215942,0.0019996880546433804,0.9999999586502485,0.005050839212074463,0.005050839003223517
11.171106505048241,0.9999999984546277,0.0007966339179448419,0.000796633916713746,0.9999999970368159,0.0011286073522350337,0.0011286073488907622,0.9999999913316996,0.0020601971477980673,0.0020601971299396594,0.9999999567499953,0.005203045499063474,0.005203045274031731
11.37921293915315,0.9999999983817365,0.0008210566054240574,0.0008210566040953714,0.9999999968970432,0.001163191122903851,0.0011631911192945192,0.9999999909227691,0.002123245854446464,0.002123245835173271,0.9999999547089256,0.005361602234369256,0.00536160199153653
11.591196185988858,0.9999999983034394,0.0008465113127237554,0.0008465113112875977,0.9999999967469041,0.0011992352924640626,0.0011992352885628352,0.9999999904835057,0.002188952001546348,0.002188951980715199,0.9999999525164007,0.005526801008939318,0.005526800746506913
11.807128466661904,0.9999999982193276,0.0008730462381334124,0.0008730462365788031,0.9999999965856152,0.001236807986425515,0.0012368079822025766,0.9999999900116178,0.0022574391577883856,0.0022574391352402205,0.999999950160969,0.00569894740612597,0.005698947122095953
12.027083347685123,0.9999999981289623,0.0009007119570611544,0.0009007119553758884,0.9999999964123337,0.0012759806833025171,0.0012759806787247243,0.9999999895046366,0.002328836939028903,0.0023288369145869135,0.9999999476302995,0.005878361679785509,0.005878361371937468
12.251135766041191,0.9999999980318702,0.0009295615430184812,0.0009295615411889835,0.9999999962261518,0.0013168283846271155,0.001316828379657605,0.9999999889599068,0.0024032813117134864,0.002403281285181037,0.9999999449111197,0.006065379464295535,0.006065379130160572
12.47936205471311,0.999999997927541,0.0009596506948625358,0.0009596506928736991,0.9999999960260922,0.0013594297936972168,0.0013594297882949683,0.9999999883745684,0.002480914911583542,0.0024809148827418352,0.999999941989139,0.006260352517838654,0.006260352154670214
12.711839968690285,0.9999999978154266,0.000991037870625126,0.000991037868460131,0.9999999958111035,0.0014038675035075447,0.0014038674976268892,0.9999999877455429,0.002561887378416248,0.002561887347021709,0.9999999388489723,0.006463649500340634,0.0064636491050818244
12.948648711459043,0.9999999976949373,0.0010237844282647123,0.001023784425904825,0.9999999955800533,0.0014502281943309097,0.0014502281879209783,0.999999987069516,0.002646355707585441,0.002646355673366781,0.9999999354740553,0.006675656787490096,0.006675656356737035
13.1898689619867,0.9999999975654373,0.0010579547737047717,0.0010579547711291146,0.9999999953317228,0.0014986028414448794,0.001498602834448986,0.9999999863429205,0.002734484619262452,0.0027344845819173786,0.9999999318465533,0.006896779322299753,0.0068967788522604715
13.435582902208258,0.999999997426242,0.0010936165165323236,0.0010936165137176194,0.9999999950647995,0.001549086933516886,0.0015490869258718315,0.9999999855619142,0.0028264469461156184,0.0028264469053071346,0.9999999279472646,0.007127441505706292,0.007127440992154635
13.685874245025188,0.9999999972766148,0.0011308406337537883,0.0011308406306740737,0.999999994777871,0.001601780702192936,0.0016017806938282307,0.9999999847223625,0.0029224240404042085,0.0029224239957564733,0.9999999237555139,0.007368088127734536,0.007368087565958443
13.940828262825782,0.9999999971157634,0.0011697016420233752,0.001169701638649679,0.9999999944694159,0.0016567893634563677,0.0016567893542933547,0.9999999838198127,0.0030226062013995023,0.003022606152493168,0.9999999192490405,0.007619185340779954,0.007619184725523428
14.200531816536829,0.999999996942833,0.0012102777787817583,0.0012102777750817371,0.999999994137797,0.0017142233713537006,0.0017142233613045752,0.9999999828494711,0.0031271931241085293,0.0031271930704755133,0.9999999144038735,0.007881221676589882,0.007881221001987834
14.465073385216465,0.9999999967569053,0.001252651192762843,0.0012526511887003765,0.9999999937812517,0.001774198684710541,0.001774198673677246,0.9999999818061771,0.003236394370316439,0.003236394311434053,0.9999999091942041,0.008154709108542288,0.008154708368047436
14.734543096198351,0.9999999965569906,0.0012969081443502508,0.0012969081398849838,0.9999999933978815,0.0018368370474937193,0.0018368370353667033,0.9999999806843737,0.0033504298630042,0.003350429798288549,0.9999999035922329,0.008440184160794123,0.008440183347094813
15.009032755797362,0.9999999963420239,0.0013431392162897636,0.0013431392113765924,0.9999999929856436,0.0019022662835046394,0.0019022662701614656,0.9999999794780786,0.003469530405244274,0.003469530334042844,0.9999998975680421,0.008738209066124422,0.008738208171052558
15.288635880587305,0.9999999961108574,0.0013914395352873212,0.0013914395298758144,0.9999999925423375,0.001970620606121788,0.0019706205914255645,0.9999999781808502,0.0035939382247179817,0.0035939381463013054,0.9999998910894061,0.009049372973702962,0.009049371988130377
15.573447729261346,0.9999999958622567,0.0014419090050502026,0.0014419089990839534,0.9999999920655948,0.002042040943844047,0.0020420409276416663,0.9999999767857534,0.0037239075450472567,0.0037239074585995484,0.999999884121626,0.009374293208789951,0.009374292122512097
15.863565335085905,0.9999999955948925,0.0014946525513542647,0.0014946525447701595,0.9999999915528652,0.002116675282421558,0.002116675264541717,0.9999999752853204,0.0038597051851755305,0.0038597050897841534,0.9999998766273337,0.009713616585781574,0.009713615387386796
16.159087538959184,0.9999999953073332,0.0015497803797511556,0.0015497803724785527,0.9999999910014025,0.002194679024398174,0.002194679004649141,0.9999999736715112,0.004001611188082248,0.0040016110827258726,0.9999998685662929,0.01006802077621571,0.010068019452938415
16.460115023085507,0.999999994998037,0.001607408246555943,0.0016074082385157465,0.9999999904082517,0.0022762153669233843,0.0022762153450904994,0.9999999719356689,0.004149919480160415,0.0041499193636957005,0.9999998598951716,0.010438215733280415,0.01043821427083599
16.766750345277,0.999999994665346,0.0016676577437895654,0.0016676577348931883,0.9999999897702284,0.002361455698736715,0.0023614556745795625,0.9999999700684719,0.004304938562633879,0.004304938433780489,0.999999850567307,0.010824945174314126,0.010824943556713417
17.079097973894278,0.9999999943074727,0.001730656598780808,0.0017306565889289981,0.9999999890839066,0.0024505800172612753,0.002450579990510515,0.9999999680598839,0.004466992236439981,0.00446699209376373,0.9999998405324488,0.011228988122721674,0.011228986332062436
17.397264323438016,0.9999999939224942,0.0017965389891675336,0.0017965389782490574,0.9999999883455963,0.0025437773667892124,0.002543777337143004,0.9999999658990987,0.004636420362049208,0.004636420203943095,0.9999998297364797,0.011651160510649301,0.011651158526881698
17.721357790803594,0.9999999935083393,0.0018654458740691923,0.0018654458619593508,0.9999999875513247,0.002641246298783867,0.002641246265903849,0.9999999635744792,0.004813579655739017,0.004813579480401871,0.999999818121123,0.01209231684365438,0.012092314644317372
18.051488792211092,0.9999999930627781,0.0019375253422426637,0.0019375253288016205,0.9999999866968142,0.0027431953553647697,0.0027431953188715324,0.9999999610734968,0.004998844523888518,0.00499884432930098,0.9999998056236148,0.012553351928488438,0.012553349488413268
18.38776980082328,0.99999999258341,0.002012932978067791,0.0020129329631386923,0.9999999857774597,0.0028498435770905797,0.002849843536558565,0.9999999583826603,0.005192607936900496,0.0051926077207979674,0.9999997921763619,0.013035202664961769,0.013035199955938529
18.730315385064376,0.999999992067651,0.0020918322462491565,0.002091832229656013,0.9999999847883017,0.00296142103619983,0.002961420991151587,0.999999955487443,0.005395282344405976,0.005395282104248163,0.9999997777065701,0.013538849902682105,0.013538846893084723
19.079242247652665,0.9999999915127177,0.0021743948961620106,0.002174394877707307,0.9999999837240012,0.003078169396516763,0.003078169346416482,0.999999952372203,0.00560730063344186,0.005607300366378483,0.9999997621358389,0.01406532036326244,0.01406531701762681
19.434669265360213,0.9999999909156134,0.0022608013868101466,0.002260801366272153,0.9999999825788097,0.0032003425012780288,0.003200342445524253,0.9999999490200959,0.00582911713133616,0.005829116834168328,0.9999997453797319,0.014615688628353326,0.014615684906902768
19.796717529513337,0.9999999902731126,0.0023512413334078144,0.002351241310537555,0.9999999813465368,0.003328206990187114,0.0033282069281045275,0.9999999454129868,0.006061208655067054,0.006061208324203777,0.9999997273473085,0.015191079193584894,0.015191075051696265
20.16551038724748,0.9999999895817413,0.0024459139766428916,0.002445913951160727,0.9999999800205183,0.003462042947050235,0.003462042877880411,0.9999999415313451,0.006304075608893877,0.006304075240303056,0.9999997079406243,0.015792668588193417,0.015792663975796487
20.54117348353066,0.9999999888377592,0.0025450286757215898,0.002545028647313367,0.9999999785935773,0.0036021445794030644,0.0036021445022940348,0.9999999373541402,0.006558243132087886,0.006558242721241106,0.9999996870541862,0.016421687559752714,0.016421682420654338
20.923834803969786,0.99999998803714,0.0026488054263471687,0.00264880539465988,0.9999999770579875,0.0037488209315832493,0.0037488208455777527,0.99999993285873,0.006824262298607004,0.006824261840417367,0.9999996645743706,0.017079423323029443,0.017079417594153126
21.313624718414392,0.9999999871755476,0.0027574754048260625,0.0027574753694629504,0.9999999754054291,0.0039023966327609255,0.0039023965367831546,0.9999999280207281,0.007102711370578543,0.00710271085933055,0.9999996403787964,0.017767221871527353,0.01776721548205764
21.710676025372653,0.999999986248313,0.002871281539553117,0.0028712815000681517,0.9999999736269433,0.00406321268148542,0.0040632125743260816,0.9999999228138762,0.0073941971074576104,0.007394196536728197,0.9999996143356429,0.018486490349772317,0.0184864832201919
22.115123997254894,0.9999999852504108,0.0029904791111702296,0.002990479067061891,0.9999999717128845,0.004231627268361435,0.004231627148660905,0.9999999172098933,0.007699356132707181,0.007699355495276666,0.9999995863029253,0.01923869948382269,0.019238691524828995
22.52710642645981,0.9999999841764287,0.0031153363827494725,0.003115336333453725,0.9999999696528673,0.004408016638517093,0.004408016504746428,0.9999999111783359,0.008018856359959041,0.008018855647710875,0.9999995561277017,0.02002538606684341,0.020025377178129272
22.946763672319367,0.9999999830205385,0.003246135261402014,0.0032461352062843852,0.9999999674357071,0.00459277599557387,0.004592775846013367,0.9999999046864153,0.00835339848028841,0.008353397684096056,0.9999995236452294,0.020848155495874456,0.020848145564756126
23.374238708918153,0.9999999817764661,0.0033831719927674545,0.003383171931114105,0.9999999650493626,0.00478632044887945,0.0047863202815945,0.9999998976988218,0.008703717512592477,0.008703716622191921,0.9999994886780469,0.02170868435512889,0.021708673255002007
23.80967717380359,0.9999999804374564,0.0035267578898909076,0.003526757820898553,0.9999999624808679,0.004989086005807321,0.004989085818621144,0.9999998901775314,0.00907058441872311,0.009070583422569138,0.9999994510349897,0.022608723040282455,0.022608710628884577
24.253227417603533,0.9999999789962343,0.0036772200980521377,0.0036772200208166684,0.9999999597162605,0.005201530610972475,0.005201530401435371,0.9999998820815976,0.009454807785069281,0.009454806670173453,0.9999994105101273,0.023550098417246923,0.023550084534702406
24.70504055456826,0.9999999774449675,0.003834902397158871,0.003834902310662523,0.999999956740507,0.005424135234251313,0.005424134999605972,0.999999873366924,0.009857235572177407,0.009857234323925344,0.9999993668816157,0.024534716507856755,0.02453470097447668
25.16527051405392,0.9999999757752221,0.004000166043376955,0.004000165946473821,0.9999999535374196,0.0056574050095303235,0.0056574047466726885,0.9999998639860231,0.010278756933892151,0.010278755535837543,0.9999993199104649,0.02556456519372669,0.02556454780753343
25.634074092965154,0.9999999739779183,0.004173390651716983,0.0041733905431166705,0.9999999500895664,0.005901870426139805,0.005901870131574893,0.9999998538877553,0.010720304107362353,0.010720302540994656,0.999999269339203,0.026641716928262414,0.02664169746220429
26.1116110091746,0.9999999720432775,0.004354975121351258,0.004354974999600427,0.9999999463781774,0.006158088574954868,0.006158088244746935,0.999999843017046,0.01118285437510205,0.011182852619584537,0.9999992148904434,0.027768331445404817,0.02776830964422243
26.598043955937587,0.9999999699607723,0.004545338605486128,0.004545338468947667,0.9999999423830412,0.006426644451163295,0.0064266440808795865,0.9999998313145844,0.011667432100101911,0.011667430131976278,0.9999991562653308,0.028946658452175332,0.028946634028876036
27.09353865732052,0.9999999677190653,0.00474492152766081,0.004744921374490308,0.9999999380823943,0.006708152315714165,0.006708151900361435,0.999999818716493,0.01217511083476735,0.01217510862762056,0.9999990931418771,0.030179040290432457,0.030179012922324628
27.59826392466181,0.999999965305951,0.004954186646389695,0.004954186474508901,0.9999999334527997,0.007003257117460977,0.007003256651413823,0.9999998051539807,0.012707015504194903,0.012707013028283514,0.9999990251731513,0.03146791455147343,0.031467883875705455
28.112391714084644,0.9999999627082851,0.005173620170109793,0.005173619977176624,0.9999999284690211,0.007312635978005407,0.007312635454925397,0.9999997905529592,0.013264324663999284,0.013264321885825735,0.9999989519853436,0.03281581662518652,0.03281578223372973
28.636097185081162,0.9999999599119158,0.0054037329244302325,0.005403732707804932,0.9999999231038833,0.007636999741228181,0.007636999153972557,0.999999774833635,0.013848272832557207,0.013848269714391952,0.9999988731756629,0.0342253821633921,0.03422534359739853
29.169558760187968,0.9999999569016023,0.005645061573715871,0.005645061330422762,0.9999999173281156,0.007977094589440287,0.007977093929958845,0.9999997579100717,0.014460152897133881,0.014460149396476503,0.9999987883100773,0.03569934943479878,0.03569930617825682
29.712958185773346,0.9999999536609363,0.005898169899064475,0.005898169625748804,0.999999911110211,0.008333703728145653,0.008333702987364487,0.9999997396897106,0.015101318592910423,0.01510131466188181,0.9999986969208728,0.03724056154663411,0.03724051301923568
30.26648059395691,0.9999999501722476,0.006163650134757503,0.00616364982763667,0.9999999044162345,0.008707649141079033,0.00870764830876914,0.9999997200728645,0.0157731870534144,0.01577318263807133,0.99999859850402,0.038851968505500385,0.03885191405462271
30.83031456568276,0.9999999464165086,0.00644212436527737,0.006442124020085854,0.9999998972096423,0.009099793417431763,0.009099792482060743,0.9999996989521642,0.016477241430280478,0.016477236469842605,0.9999984925163307,0.04053662908734618,0.04053656797903982
31.404652194967515,0.9999999423732322,0.00673424598498621,0.00673424559691338,0.9999998894510808,0.009511041652822317,0.00951104060138694,0.9999996762119625,0.01721503357961838,0.01721502800559644,0.9999983783723932,0.04229771248364356,0.04229764389250529
31.989689154345363,0.9999999380203564,0.0070407012225563404,0.007040700786176188,0.9999998810981708,0.009942343425527871,0.009942342243365052,0.9999996517276981,0.017988186811534527,0.0179881805467473,0.9999982554412583,0.044138499687924354,0.04413842268571888
32.58562476153225,0.9999999333341244,0.007362210732219215,0.00736221024141099,0.9999998721052746,0.010394694849314559,0.010394693519887916,0.9999996253652039,0.018798398698545,0.018798391656010736,0.999998123042868,0.04606238458376957,0.04606229812664831
33.19266204733188,0.9999999282889537,0.0076995312538686,0.007699530701727157,0.9999998624232438,0.010869140704007123,0.010869139208666003,0.9999995969799641,0.019647443937710295,0.019647436019396735,0.9999979804441945,0.04807287469217233,0.04807277760631916
33.81100782480684,0.9999999228572923,0.008053457343984341,0.008053456722718835,0.9999998519991495,0.011366776644706478,0.011366774962413867,0.9999995664163105,0.02053717726031869,0.0205371683557336,0.999997826855075,0.050173591532934186,0.05017348249844838
34.44087275973822,0.9999999170094793,0.008424823179366653,0.008424822480186191,0.9999998407759904,0.011888751490293914,0.011888749597319233,0.999999533506563,0.021469536381836234,0.021469526366438417,0.9999976614237107,0.05236827055141932,0.0523681480842235
35.08247144239791,0.9999999107135719,0.008814504435361664,0.008814503648346047,0.9999998286923797,0.012436269591544797,0.012436267461117048,0.9999994980700954,0.022446544983616513,0.02244653371702433,0.9999974832318078,0.0546607605586252,0.05466062299016166
35.736022460657864,0.9999999039351689,0.009223420240426525,0.009223419354380218,0.9999998156822059,0.01301059327881208,0.013010590880728227,0.9999994599123323,0.02347031571651523,0.023470303040487157,0.9999972912893277,0.057055022629149535,0.05705486808360083
36.4017484744614,0.999999896637228,0.009652535208538728,0.009652534210825932,0.9999998016742677,0.013613045388822648,0.013613042689005454,0.9999994188236687,0.024543053215081625,0.02454303895124,0.999997084528812,0.0595551283983006,0.059554954767039654
37.079876291681714,0.9999998887798559,0.010102861550861807,0.010102860427220089,0.9999997865918847,0.014245011869653545,0.01424500882965241,0.9999993745782997,0.025667057109380338,0.02566704105664584,0.9999968617992553,0.06216525769635041,0.06216506260929241
37.77063694539367,0.9999998803200921,0.010575461267865235,0.010575460002195005,0.9999997703524695,0.014907944462417649,0.014907941038845017,0.9999993269329669,0.0268447250197431,0.026844706951443677,0.9999966218594794,0.06488969545482907,0.06488947624831949
38.474265772585035,0.9999998712116756,0.011071448422855127,0.011071446996981836,0.9999997528670734,0.015603363457574331,0.015603359601469455,0.9999992756255985,0.02807855551783512,0.028078535178448272,0.9999963633709715,0.06773282781687595,0.06773258149770814
39.19100249433404,0.9999998614047833,0.01159199149759034,0.011591989890995765,0.9999997340398992,0.01633286052309626,0.016332856179207027,0.9999992203738503,0.029371151035350828,0.029371128136833433,0.9999960848901409,0.07069913738106576,0.07069886058617597
39.92109129748052,0.9999998508457614,0.012138315830332121,0.012138314019850865,0.9999997137677645,0.017098101600948813,0.01709809670692097,0.9999991608735251,0.030725220699418722,0.030725194917072585,0.9999957848599469,0.07379319750590961,0.07379288645724716
40.66478091781857,0.9999998394768278,0.012711706136296894,0.012711704095773501,0.9999996919395374,0.017900829867475758,0.017900824352937827,0.9999990967968725,0.03214358307139266,0.0321435540392079,0.9999954616008404,0.07701966560048908,0.07701931605450345
41.422324724838965,0.9999998272357535,0.013313509110047257,0.013313506809948888,0.9999996684355176,0.018742868752325847,0.01874286253785627,0.9999990277907564,0.03362916876312351,0.033629136068534786,0.9999951133009642,0.08038327532551673,0.0803828825166427
42.19398080805027,0.9999998140555221,0.013945136108862525,0.013945133515841472,0.9999996431267766,0.019626125009480317,0.019626118005441822,0.999998953474673,0.035185022902057765,0.03518498608004017,0.99999473800555,0.08388882762865131,0.08388838620610592
42.98001206490797,0.999999799863956,0.014608065915563946,0.014608062991963424,0.9999996158744414,0.020552591832761376,0.020552583937985557,0.9999988734386174,0.03681430741357716,0.036814265940000104,0.9999943336054431,0.08754118053815955,0.08754068449529065
43.780686290381695,0.9999997845833221,0.015303847578636476,0.015303844281932471,0.9999995865289266,0.021524352006891033,0.021524343107194106,0.9999987872407793,0.03852030308589565,0.0385202563700429,0.9999938978246695,0.09134523764089482,0.09134468023623914
44.59627626819094,0.9999997681299001,0.016034103326767503,0.01603409960893836,0.9999995549291023,0.022543581083731303,0.022543571050239433,0.9999986944050593,0.04030641137956203,0.040306358755715255,0.999993428206984,0.0953059351716467,0.09530530884076756
45.42705986374045,0.9999997504135228,0.016800531554116753,0.016800527360931267,0.9999995209014032,0.023612550571752596,0.02361253925901275,0.9999985944183855,0.04217615594019304,0.04217609665816368,0.9999929221012839,0.0994282276463314,0.09942752390340659
46.27332011878691,0.9999997313370765,0.017604909871733354,0.017604905141946802,0.9999994842588602,0.024733631125051676,0.02473361836890057,0.9999984867278211,0.04413318376949164,0.04413311698397248,0.9999923766458176,0.1037170719753325,0.10371628130335808
47.135345347869105,0.9999997107959637,0.018449098219522397,0.01844909288396873,0.9999994448000645,0.02590929571634586,0.02590928133150655,0.9999983707374392,0.04618126600591061,0.0461811907645029,0.9999917887510561,0.10817741000045421,0.10817652172881059
48.013429236534535,0.9999996886775261,0.019335042032052125,0.019335036012619006,0.999999402308047,0.027142122776321453,0.02714210655369308,0.9999982458049519,0.04832429826252577,0.048324213492281054,0.9999911550811205,0.11281414940725992,0.11281315157525995
48.907870941395934,0.9999996648604208,0.020264775450247942,0.020264768658719626,0.9999993565490672,0.028434799279484148,0.02843478098308603,0.9999981112380717,0.05056630046580784,0.05056620495810466,0.9999904720336461,0.11763214297483372,0.11763102217973333
49.81897519205163,0.9999996392139476,0.02124042456965262,0.02124041690640369,0.9999993072713144,0.029790123754253887,0.029790103117780613,0.9999979662905801,0.052911416135078604,0.05291130852863319,0.9999897357179209,0.12263616613727958,0.12263490736507725
50.747052394904685,0.9999996115973248,0.022264210714420307,0.022264202066941303,0.9999992542034989,0.031211009192453204,0.031210985915391752,0.9999978101580859,0.055363911038534046,0.055363789800321125,0.9999889419311631,0.12783089284568327,0.1278294792828707
51.69241873891602,0.9999995818589121,0.02333845372456123,0.0233384439657948,0.9999991970533432,0.03270048583055851,0.032700459573812735,0.999997641973439,0.05792817115787794,0.05792803456171172,0.9999880861327559,0.13322086973591465,0.13321928256015847
52.6553963033276,0.9999995498353644,0.024465575242132265,0.024465564228595502,0.9999991355059412,0.034261703772110574,0.03426167415307122,0.9999974608017855,0.06060869988989698,0.06060854599239444,0.9999871634162568,0.13881048862660217,0.13880870677414048
53.63631316739243,0.9999995153507293,0.025648101980095147,0.02564808954976123,0.9999990692220024,0.03589793541751724,0.0358979020045088,0.9999972656352147,0.06341011440978436,0.06340994102340049,0.9999861684789744,0.14460395739290846,0.1446019573002314
54.635503522148795,0.9999994782154659,0.026888668955406148,0.02688865492531454,0.9999989978359496,0.03761257766413007,0.03761253997015689,0.9999970553869866,0.06633714111778334,0.06633694578057434,0.9999850955888887,0.15060526928536627,0.15060302460251732
55.6533077842765,0.9999994382253937,0.02819002266556945,0.028190006829130566,0.9999989209538672,0.03940915383594029,0.03940911131164525,0.9999968288852842,0.06939461008785429,0.06939439002958504,0.9999839385486597,0.15681817078892707,0.1568156520615077
56.690072712074375,0.9999993951605568,0.029555024185355556,0.029555006309311186,0.9999988381512921,0.04129131529853647,0.04129126732427514,0.9999965848664668,0.07258744843469091,0.07258720053886167,0.9999826906564574,0.1632461281454101,0.16324330246209603
57.746151523598236,0.9999993487839961,0.030986652157673444,0.030986631978669653,0.9999987489708264,0.04326284271109753,0.043262788588019165,0.9999963219677745,0.07592067251363248,0.0759203932749524,0.9999813446632977,0.16989229269251901,0.1698891232945957
58.82190401699955,0.9999992988404309,0.03248800564966158,0.03248798287038554,0.9999986529195648,0.04532764686319805,0.045327585803211785,0.9999960387194404,0.07939937886697254,0.0793990643437566,0.9999798927265605,0.17675946520424393,0.17675591105334404
59.91769669310623,0.999999245054835,0.03406230684195058,0.03406228112677672,0.9999985494663132,0.04748976904008061,0.04748970015457083,0.9999957335361584,0.08302873383001043,0.08302837959091973,0.9999783263593078,0.1838500594504339,0.18384607475030412
61.033902880286185,0.9999991871308987,0.03571290351572464,0.03571287448580886,0.9999984380385939,0.04975338085586463,0.049753303143003906,0.9999954047078592,0.08681396171105805,0.08681356277554209,0.9999766363749929,0.1911660652271578,0.19116159889489573
62.170902861638304,0.9999991247493745,0.037443271298699836,0.03744323852645321,0.999998318019407,0.05212278348992139,0.052122695820411104,0.9999950503897211,0.09076033146170236,0.09075988223343284,0.9999748128271104,0.1987090111436439,0.1987040062254255
63.32908400455113,0.9999990575662889,0.03925701562742581,0.03925697863029089,0.9999981887437379,0.05460240625742582,0.054602307358475564,0.9999946685913698,0.09487314175699672,0.09487263594950998,0.9999728449432662,0.20647992748545974,0.20647432051131448
64.50884089267699,0.9999989852110169,0.04115787337943509,0.04115783161287862,0.9999980494947868,0.05719680444094325,0.057196692878278006,0.9999942571651813,0.09915770441074617,0.09915713496442874,0.9999707210531183,0.21447930950645924,0.214473029778149
65.71057546036268,0.9999989072842033,0.04314971412471336,0.04314966697433911,0.999997899499894,0.059910656305894774,0.05991053046355486,0.9999938137936166,0.10361932605670579,0.1036186850461695,0.9999684285095491,0.22270708153307484,0.22270005033857687
66.93469712958665,0.9999988233555188,0.0452365409417729,0.04523648771444665,0.999997737926147,0.06274875921894792,0.06274861727662037,0.99999333597551,0.10826328803666119,0.10826256656745833,0.9999659536023817,0.23116256229291182,0.23115469204040154
68.18162294944477,0.999998732961241,0.04742249073930693,0.047422430653173114,0.9999975638756243,0.06571602478490231,0.06571586469249245,0.9999928210112065,0.11309482444614616,0.11309401253966885,0.9999632814638498,0.23984443190436572,0.23983562516792242
69.451777738237,0.9999986356016448,0.049711834020016624,0.049711766193272056,0.9999973763802721,0.06881747291457717,0.0688172923636976,0.9999922659864601,0.11811909830207866,0.11811818476737307,0.9999603959649628,0.2487507009841875,0.2487408494527102
70.74559422819875,0.9999985307381835,0.05210897401878499,0.05210889745705916,0.9999971743963562,0.0720582247336803,0.07205802112569792,0.9999916677549814,0.12334117581209673,0.12334014810319899,0.9999572796017849,0.2578786823445832,0.2578676656645823
72.06351321293057,0.9999984177904498,0.05461844514297221,0.05461835872514669,0.9999969567984747,0.07544349424079384,0.0754432646510371,0.9999910229195019,0.1287659987435284,0.12876484280079226,0.999953913370547,0.2672249657595903,0.2672126502616127
73.40598369757208,0.9999982961328923,0.05724491063828364,0.05724481310056331,0.9999967223730876,0.07897857862157569,0.0789783197592609,0.9999903278112462,0.13439835491074875,0.13439705498449186,0.999950276630367,0.27678539628122006,0.27677163357865175
74.77346305177586,0.999998165091274,0.05999315939950494,0.05999304931753326,0.9999964698115157,0.08266884712623343,0.08266855528962129,0.9999895784676432,0.14024284682324792,0.14024138527788194,0.9999463469522134,0.28655505657837604,0.286539682026232
76.16641716552888,0.9999980239388451,0.0628681018414765,0.06286797761026257,0.9999961977023806,0.08651972841842526,0.08651939944466785,0.9999887706081386,0.14630385856303754,0.1463022156596789,0.9999420999525788,0.29652825375512265,0.2965110847551685
77.58532060787832,0.999997871892217,0.06587476474210294,0.06587462455350339,0.999995904523422,0.09053669630619941,0.09053632551528025,0.9999878996079197,0.15258552098902808,0.15258367464439834,0.9999375091101255,0.3066985110789905,0.30667934521610996
79.03065678861347,0.9999977081068969,0.06901828496608058,0.06901812678354928,0.9999955886326545,0.09472525376955636,0.09472483590166508,0.999986960469371,0.15909167539757837,0.1590896009168042,0.99993254556337,0.3170585650142589,0.31703717800737713
80.50291812295978,0.9999975316724761,0.07230390197548801,0.07230372350577668,0.9999952482587928,0.09909091520495183,0.0990904443505668,0.9999859477910454,0.165825835802347,0.16582350558305223,0.9999271778872028,0.32760036790950814,0.3275765113585638
82.00260619934127,0.9999973416074217,0.07573694903158859,0.07573674769304538,0.9999948814909004,0.10363918681471483,0.10363865633659405,0.9999848557339183,0.17279115003257853,0.17278853323742588,0.9999213718457679,0.33831509663328013,0.338288495541683
83.53023195026778,0.9999971368534554,0.07932284299127178,0.07932261587834796,0.9999944862671775,0.10837554507908957,0.1083749475252895,0.9999836779846764,0.1799903598866138,0.1799874220812016,0.999915090118905,0.3491931673868876,0.3491635174365656
85.0863158264058,0.9999969162694811,0.08306707260171052,0.08306681644524362,0.9999940603628281,0.11330541326128615,0.11330474026824178,0.9999824077157476,0.18742576061626076,0.18742246336900378,0.9999082919990622,0.36022425684985987,0.36019122140337484
86.67138797389231,0.9999966786250158,0.08697518519819478,0.08697489632099041,0.9999936013769213,0.11843413590938841,0.11843337809399307,0.9999810375417738,0.19509916005703493,0.19509546049736237,0.9999009330546957,0.3713973297334161,0.37136053653446527
88.28598841495146,0.9999964225930936,0.09105277171293268,0.0910524459801183,0.9999931067181553,0.12376695133796395,0.12376609817748532,0.999979559472169,0.20301183775851958,0.20300768808939984,0.9998929647568385,0.382700672728011,0.38265971026844753
89.9306672318762,0.9999961467425907,0.0953054499070919,0.0953050826706609,0.9999925735894374,0.12930896209131507,0.12930800178987314,0.9999779648593952,0.21116450450730592,0.21115985146775834,0.9998843340634743,0.39412193474193447,0.3940763482592472
91.60598475443705,0.9999958495299308,0.09973884574469882,0.09973843178160482,0.999991998971167,0.1350651034139372,0.13506402275415047,0.999976244342521,0.21955726267127892,0.21955204694414987,0.9998749829567964,0.40564817323135877,0.40559746029616045
93.31251175078248,0.9999955292901043,0.10435857283542978,0.1043581062785255,0.9999913796031167,0.14104010977986814,0.14103889395814537,0.9999743877856077,0.22818956782735397,0.22818372338722068,0.9998648479272944,0.41726590632772365,0.41720951197561407
95.05082962189509,0.9999951842269638,0.10917020988405628,0.10916968414510315,0.9999907119647702,0.14723847956178032,0.14723711200559497,0.9999723842103891,0.23706019216407062,0.2370536455596787,0.9998538593978098,0.42896117037444154,0.4288984817306868
96.82153059967082,0.9999948124027113,0.1141792760975283,0.11417868378142519,0.999989992254004,0.15366443795275145,0.1536629001180878,0.9999702217226818,0.24616719017456315,0.2461598597397075,0.9998419410797583,0.4407195823949032,0.4406499227335805
98.62521794868779,0.99999441172653,0.11939120451650007,0.11939053732579932,0.9999892163639345,0.1603218982884907,0.16032016943548622,0.9999678874318682,0.255507867173194,0.2554996621594012,0.9998290092525777,0.4525264069298116,0.45244902910126233
100.46250617173409,0.999993979942268,0.1248113132574482,0.12481056188613678,0.999988379857791,0.16721442195513483,0.1672124788997723,0.9999653673627505,0.2650787511794103,0.26506957080317817,0.999814971956177,0.4643666266061672,0.46428070575762953
102.33402121916419,0.9999935146151052,0.13044477467199228,0.13044392868742102,0.9999874779416119,0.1743451771072132,0.17434299394672578,0.9999626463589661,0.274875568714073,0.27486530111075025,0.9997997280846742,0.4762250157348275,0.47612964123880025
104.24040070215565,0.9999930131171098,0.13629658245663306,0.1362956301683731,0.9999865054345791,0.18171689646155365,0.18171444427100628,0.9999597079770729,0.2848932250456175,0.28488174612126216,0.9997831663679693,0.48808621618027703,0.48798038267327853
106.18229410993843,0.9999924726115834,0.1423715167729253,0.1423704450872191,0.9999854567367603,0.189331834475148,0.18932908097243958,0.9999565343703133,0.29512578940509265,0.2951129615768194,0.9997651642257249,0.49993481470656437,0.49981741212726566
108.16036303107101,0.9999918900360991,0.14867410746973841,0.14867290172809383,0.9999843257940247,0.19719172425764012,0.1971886334339375,0.9999531061609324,0.30556648565971584,0.3055521564741128,0.9997455864759857,0.5117554209785014,0.5116252234784168
110.17528137883872,0.9999912620841043,0.1552085955333628,0.15520723933370875,0.9999831060598632,0.20529773461128747,0.20529426632364872,0.9999494022998037,0.31620768889367756,0.31619168951183513,0.9997242838780079,0.5235327453878462,0.523388398969552
112.22773562085078,0.9999905851849703,0.1619788929282395,0.16197736792692385,0.9999817904538074,0.21365042763203182,0.21364653715470078,0.9999453999119522,0.3270409282923652,0.3270230718288852,0.9997010914857468,0.5352516758807108,0.5350916845975218
114.31842501291499,0.9999898554823426,0.16898854103063357,0.16898682672339518,0.9999803713161418,0.22224971734363497,0.22224535487419567,0.999941074126401,0.3380568966621477,0.3380369763641857,0.99967582678483,0.5468973529846405,0.5467200635113555
116.44806183726863,0.9999890688106395,0.1762406678992761,0.17623874137916226,0.9999788403585271,0.23109482987155563,0.23108993998780933,0.9999363978885597,0.34924546684286345,0.3492232540937613,0.9996482875816628,0.5584552422711853,0.558258826627393
118.61737164524789,0.9999882206695428,0.18373794467029272,0.18373578036032492,0.9999771886101503,0.24018426569309959,0.2401787867561791,0.9999313417531592,0.3605957151851052,0.3605709573154823,0.999618249608397,0.5699112035412824,0.5696936397161516
120.82709350447767,0.9999873061962672,0.19148254140801207,0.19148011076621319,0.999975406358953,0.24951576452415042,0.24950962802300214,0.9999258736554716,0.37209595217050256,0.37206837005775434,0.9995854638018545,0.5812515560850726,0.581010606274847
123.07798025066654,0.9999863201354408,0.19947608278768772,0.19947335398189237,0.999973483087445,0.25908627341915813,0.2590794032511017,0.999919958658265,0.3837337601521071,0.38370304558707546,0.9995496532078553,0.592463139443106,0.5921963255687939
125.37079874409204,0.999985256806347,0.2077196040298863,0.20771654157953856,0.9999714074025644,0.2688919186688175,0.26888423035043335,0.9999135586716191,0.3954960380856104,0.3954618508827089,0.9995105094547216,0.6035333691803475,0.6032379453023737
127.70633013086442,0.999984110067287,0.21621350754823634,0.21621007193014977,0.9999691669589633,0.27892798207781666,0.27891938187989895,0.9999066321424106,0.40736905301254955,0.4073310178368216,0.9994676887307844,0.6144502872757589,0.6141232084634692
130.08537010905712,0.9999828732767974,0.22495752081128081,0.22495366802608951,0.9999667483750657,0.2891888821921641,0.2891792661919183,0.9998991337093668,0.4193384979475418,0.41929620082873414,0.9994208071902871,0.6252026068262441,0.6248404939717566
132.5087291997953,0.9999815392514171,0.23395065595405043,0.23394633704981005,0.9999641371411196,0.2996681610210208,0.29965741406405116,0.9998910138202843,0.43138955571147103,0.4313425402118248,0.9993694356999657,0.6357797508620775,0.6353788508484992
134.97723302339412,0.9999801002196703,0.24319117170442162,0.2431863322535266,0.9999613175184191,0.310358476761081,0.31034647132502025,0.999882218305857,0.44350696815212487,0.4434547311500517,0.9993130938244833,0.646171885169288,0.64572802571092
137.49172258064198,0.9999785477719004,0.2526765382119446,0.25267111773721146,0.9999582724287526,0.3212516029819898,0.32123819793283803,0.999872687905078,0.4556751100959703,0.45561709714310017,0.9992512429325179,0.6563699451106465,0.655878483475362
140.05305453932192,0.9999768728055478,0.2624034053813306,0.2623973367267494,0.9999549833330243,0.3323384346690581,0.3323234739004214,0.9998623577359231,0.4678780672898015,0.4678136674933078,0.9991832782862745,0.6663656565287794,0.6658214212278114
142.66210152607377,0.9999750654654191,0.27236757531785555,0.2723607839591301,0.9999514300978716,0.34360900144498707,0.34359231238941645,0.9998511567042897,0.4800997175175138,0.4800282578932889,0.9991085199551419,0.6761515509014789,0.6755487752865504
145.3197524236895,0.9999731150784492,0.282563979486379,0.28255638277595746,0.9999475908489611,0.35505248820618485,0.35503388020670373,0.999839006843106,0.49232381401840564,0.49224455325337274,0.9990262023687141,0.6857209749960408,0.6850532215348666
148.02691267395096,0.9999710100823939,0.29298666116846867,0.29297816750930167,0.9999434418094802,0.36665726331269677,0.3666365258413429,0.9998258225723965,0.5045340702907543,0.5044461918442527,0.998935462294921,0.6950680953407279,0.6943281691456402
150.78450458610504,0.9999687379478464,0.30362876377240394,0.30361927171415554,0.9999389571221515,0.378410914365342,0.3783878150741199,0.9998115098697463,0.516714245339215,0.5166168498038071,0.998835324995135,0.7041878978892262,0.7033677478458262
153.59346765108978,0.9999662850928683,0.31448252550806627,0.3144719227589242,0.9999341086529013,0.39030029149129025,0.3902745740793109,0.9997959653390621,0.5288482284176227,0.5287403250486499,0.9987246882692447,0.7130761833028156,0.7121667888813273
156.45475886160952,0.9999636367894907,0.3255392808826246,0.32552744322922483,0.999928865774064,0.4023115579422992,0.4022829398210399,0.9997790751637404,0.5409201223302612,0.5408006196408058,0.9986023040593515,0.7217295583116655,0.7207207998377673
159.3693530381776,0.9999607770612063,0.33678946940363585,0.3367762595308911,0.9999231951247345,0.4144302476907882,0.41439841742730804,0.9997607139282891,0.5529143243843151,0.5527820196876405,0.9984667572304419,0.7301454236415015,0.7290259334499772
162.33824316122775,0.9999576885705046,0.34822265179416756,0.3482079179959875,0.99991706034557,0.4266413295905911,0.4266059441061493,0.9997407432900414,0.5648156041331812,0.5646691718979203,0.9983164410897941,0.738321959004536,0.7370789504918532
165.36244070941814,0.9999543524953751,0.3598275339307869,0.35981110870176763,0.9999104217850716,0.4389292775544942,0.43888995905333106,0.999719010479837,0.5766091771132971,0.5764471559772985,0.9981495291437956,0.7462581056538561,0.7448771767781374
168.44297600423147,0.9999507483935745,0.3715919986110593,0.3715736971081928,0.9999032361735123,0.45127814609347855,0.4512344786932523,0.9996953466073023,0.5882807738543531,0.5881015521207396,0.997963942521433,0.7539535469882753,0.7524184542304377
171.58089856100057,0.999946854053311,0.3835031451443802,0.3834827635066733,0.9998954562613049,0.4636716504623122,0.46362317649444595,0.9996695647426279,0.5998167035320937,0.599618502945286,0.9977573124186514,0.7614086876698815,0.7597010858617133
174.77727744646805,0.9999426453288277,0.3955473366406936,0.3955246501532675,0.9998870304166704,0.4760932505725401,0.4760394665163969,0.9996414577423725,0.6112039117319341,0.610984769301551,0.9975269368384071,0.7686246316788669,0.7667237744171689
178.0332016430115,0.9999380959591871,0.4077102547484417,0.40768501583619193,0.9998779021778604,0.4885262377608269,0.4884665897711382,0.9996107957817747,0.622430031897764,0.6221877795037993,0.9972697308201527,0.7756031596793578,0.7734855542766931
181.34978041964945,0.9999331773683298,0.4199769614687868,0.4199488975029806,0.9998680097541267,0.5009538234468518,0.5008877024285239,0.9995773235501401,0.6334834301508218,0.6332156716235205,0.9969821692736635,0.7823467060052245,0.7799857160771937
184.72814370996355,0.9999278584442551,0.4323319675507414,0.43230077845000403,0.9998572854688309,0.5133592286788458,0.5132859648572036,0.9995407570590434,0.6443532432757447,0.6440573285972879,0.9966602214619115,0.7888583354953803,0.7862237233569006
188.1694424970555,0.9999221052948742,0.44475930685446846,0.4447246624594091,0.9998456551372171,0.5257257735483983,0.5256446304760186,0.9995007800050675,0.655029409782186,0.6547024060035539,0.9962992761253574,0.7951417203126517,0.7921991203645663
191.67484920568162,0.999915880977777,0.45724261596079624,0.4572041531590229,0.9998330373702489,0.5380369654597518,0.5379471333930953,0.9994570396195488,0.6655026940583021,0.6651413524623448,0.9958940562189723,0.8012011167674571,0.7979114300247133
195.24555810168602,0.999909145200877,0.4697652182067857,0.46972253778225054,0.9998193427947105,0.5502765852623418,0.550177173832312,0.9994091419269432,0.6757647037347267,0.6753654227040382,0.9954385222623625,0.8070413420355387,0.8033600409204905
198.88278569888112,0.9999018539899985,0.4823102112438683,0.48226287442105176,0.9998044731783168,0.5624287702981725,0.5623188003882928,0.9993566463208812,0.6858079004724432,0.6853666834365055,0.9949257634083776,0.812667750506109,0.8085440820696593
202.58777117350164,0.999893959320148,0.4948605571453524,0.4948080817954407,0.9997883204469422,0.5744780934764797,0.5743564882104111,0.9992990593523099,0.6956256044736348,0.6951380122118852,0.9943478755509557,0.8180862093214379,0.8134622842563063
206.36177678638603,0.9998854087051757,0.5073991740432469,0.5073410305149004,0.9997707655791574,0.5864096375652844,0.5862752122916407,0.9992358276071273,0.7052119930898773,0.7046730895536352,0.9936958261677484,0.8233030724708339,0.8181128267853509
210.20608831301575,0.9998761447409956,0.5199090282429591,0.5198446347756074,0.999751677361057,0.5982090639806769,0.5980605151272695,0.9991663295309628,0.7145620939659307,0.713966384649898,0.992959306174859,0.8283251525807394,0.8224931687937551
214.1220154815731,0.999866104596388,0.532373225756367,0.5323019434284322,0.9997309109817728,0.6098626754574715,0.6096985681088792,0.999089866035873,0.7236717732100917,0.7230131349504132,0.9921265699543211,0.8331596893045343,0.8265998647739156
218.11089241915192,0.9998552194446387,0.5447751022058661,0.5446962293640217,0.9997083064471238,0.6213574720964062,0.6211762261277642,0.9990056496972213,0.7325377191206918,0.7318093200178872,0.9911842659613171,0.8378143129656146,0.830428364808708
222.1740781062884,0.9998434138283306,0.5570983100849269,0.5570110761933073,0.9996836867853536,0.6326812004004317,0.6324810749760867,0.9989127923184884,0.7411574220280562,0.740351629985618,0.9901172620471214,0.8422970018624087,0.8339728013145072
226.3129568399529,0.9998306049484879,0.5693269024132876,0.5692304612533261,0.99965685601492,0.6438223950328404,0.6436014712505251,0.9988102906065742,0.7495291508260236,0.7486374289546394,0.9889084719402224,0.8466160314267434,0.837225765958316
230.52893870517073,0.9998167018680078,0.5814454118956895,0.5813388340378336,0.9996275968396179,0.6547704131501279,0.654526574578946,0.9986970096598741,0.7576519267723562,0.756664713630594,0.9875386923104975,0.8507799132731031,0.8401780829977588
234.82346005542755,0.9998016046178524,0.593438924779933,0.59332118923767,0.9995956680308724,0.665515461279809,0.6652463721028649,0.9985716639255128,0.7655254951312002,0.7644320674505646,0.9859864635625184,0.8547973221356409,0.8428185887152314
239.19798400202387,0.9997852031927627,0.6052931487105119,0.6051631336747262,0.999560801450729,0.6760486148254335,0.6757516952545656,0.9984327952300525,0.7731502952145121,0.7719386103839655,0.9842279719565331,0.8586770088276764,0.845133930964166
243.6540009125465,0.9997673764213044,0.616994473985401,0.6168509465228271,0.9995226986617038,0.6863618303855485,0.6860342289653502,0.9982787474295381,0.7805274293536155,0.7791839445095247,0.9822370157075241,0.8624276977548195,0.8471084081062045
248.19302891862543,0.9997479906927684,0.6285300277426593,0.6283716323257936,0.9994810270610784,0.6964479511685111,0.6960865135284873,0.9981076371596903,0.7876586312974113,0.7861680953726949,0.9799850630363903,0.8660579682565629,0.8487238726150759
252.81661443314997,0.9997268985208204,0.6398877207272724,0.6397129664442329,0.9994354154672571,0.7063007058694152,0.7059019394154159,0.997917320095639,0.7945462344907246,0.7928914490150651,0.9774414351379733,0.8695761202274295,0.8499597309168095
257.52633267712,0.999703936920721,0.6510562864140002,0.6508635326850605,0.9993854490741844,0.7159147014478959,0.7154747354053161,0.997705352053673,0.8011931406351874,0.7993546844404176,0.9745736507288713,0.8729900261378497,0.8507930768230569
262.32378821631227,0.9996789255733801,0.6620253123858675,0.6618127529882853,0.9993306636763126,0.7252854103055644,0.7247999504354063,0.9974689441864935,0.8076027888760401,0.8055587011422513,0.9713479698876811,0.876306973740962,0.8511989999417009
267.21061550794343,0.9996516647453868,0.6727852639876393,0.6725509091614081,0.9992705390508994,0.7344091524090303,0.7338734296116858,0.9972049114413788,0.8137791258911617,0.8115045411671385,0.9677301715908961,0.8795335063233535,0.8511511109942413
272.1884794575178,0.9996219329293391,0.6833275003866007,0.6830691567602275,0.9992044913661436,0.7432830729388427,0.7426917848369206,0.9969096133718188,0.8197265770830827,0.8171933050305005,0.9636865898024575,0.8826752701092211,0.8506223209545183
277.2590759860483,0.9995894841632104,0.6936442832771306,0.6933595313137467,0.9991318644625219,0.7519051160672328,0.7512523605151632,0.9965788863245215,0.8254500189899188,0.8226260606415284,0.959185415546722,0.8857368809708517,0.8495858982390838
282.42413260784343,0.9995540449809802,0.7037287785591678,0.7034149471783407,0.9990519198301184,0.7602739954767164,0.7595531947779283,0.9962079659752975,0.8309547529360617,0.8278037442399399,0.9541982462927909,0.8887218243915618,0.848016806276558
287.6854090190593,0.9995153109391921,0.7135750514024084,0.7132291893809283,0.9989638250764112,0.7683891622324042,0.7675929766509416,0.9957913991737036,0.8362464798366518,0.8327270522106238,0.9487018300638134,0.8916324030345065,0.8458932925030319
293.0446976972143,0.999472942655265,0.7231780551770606,0.7227968988715283,0.9988666406462737,0.7762507706090793,0.7753709995373723,0.9953229440977815,0.8413312759498667,0.8373963225399643,0.9426799132320459,0.8944697446968486,0.8431986613195155
298.5038245118732,0.9994265612831373,0.7325336147877589,0.7321135516516363,0.998759304518418,0.7838596424547533,0.7828871113381651,0.9947954578445828,0.846215569236289,0.8418114046336284,0.936125064033351,0.8972338795032546,0.8399231229028762
304.06464934670674,0.999375743339857,0.7416384049896891,0.7411754322759565,0.9986406145595508,0.7912172306445622,0.7901416614609914,0.9942007708262277,0.8509061158338452,0.8459715162627603,0.9290403168490724,0.8999238889828627,0.8360655749606882
309.7290667331409,0.9993200147828372,0.7504899242954135,0.7499796022412629,0.9985092081686855,0.79832558214408,0.7971354448874902,0.9935295477574263,0.8554099759899582,0.849875086592494,0.921440474462837,0.9025381218217945,0.831635155192272
315.4990064958087,0.9992588442213272,0.7590864650978085,0.758523863777689,0.998363538788892,0.8051873011602096,0.8038696433741842,0.9927711356590819,0.859734488609677,0.8535195846223091,0.9133529241715862,0.9050744627995086,0.8266524071909588
321.37643441002785,0.9991916351268629,0.7674270806397289,0.7668067195450455,0.9982018488020068,0.8118055128116046,0.8103457637562049,0.9919134002639406,0.8638872433857064,0.8569013330313585,0.9048178712999835,0.9075306342606143,0.8211499366312129
327.3633528715247,0.9991177168856981,0.7755115494560281,0.7748273287109969,0.9980221382535064,0.8181838276996409,0.816565573205234,0.9909425535581026,0.8678760492786256,0.8600153084440789,0.8958879656130695,0.909904504947409,0.8151724958395015
333.4618015786364,0.9990363345109613,0.7833403378974999,0.7825854598476961,0.9978221287802791,0.8243263077057444,0.8225310311645333,0.9898429770509755,0.8717088979290912,0.8628549306479566,0.886627379993169,0.9121943801019691,0.8087765132743018
339.6738582272208,0.9989466368031718,0.7909145613243338,0.7900814410335992,0.9975992220344945,0.8302374332815464,0.8282442175455862,0.9885970478317532,0.8753939204292112,0.8654118454261828,0.8771104786232253,0.914399249547313,0.8020291634231618
346.0016392185107,0.9988476627141387,0.7982359445250895,0.7973161074832985,0.9973504518142956,0.8359220724347881,0.8337072566243783,0.9871849776389742,0.8789393357898432,0.8676757085477111,0.8674202643409025,0.916518976138576,0.7950071325555769
352.4473003801587,0.9987383256307383,0.8053067818810239,0.804290746954932,0.9970724290300461,0.8413854515457557,0.8389222359232689,0.9855846790949193,0.8823533894582647,0.8696339821975382,0.8576468053525337,0.9185544140139299,0.7877952587215156
359.0130377007067,0.9986173952510125,0.8121298977540087,0.8110070431005793,0.9967612785588253,0.8466331280756068,0.8438911192108995,0.9837716779112865,0.885644280423037,0.871271759784305,0.847885800215705,0.9205074527565918,0.7804851981850431
365.70108807774915,0.998483476674973,0.8187086075307979,0.817467016831077,0.9964125669780377,0.8516709651482658,0.8486156526040464,0.9817190950897122,0.8888200758571723,0.8725716405680726,0.8382373453674067,0.9223809885517086,0.7731741912609486
372.51373008002076,0.9983349862760655,0.8250466797077363,0.8236729656631363,0.9960212201332745,0.856505107900379,0.8530972626213175,0.9793977285382521,0.8918886129687253,0.8735136816507019,0.8288048293151762,0.9241788261317199,0.7659638742488
379.453284723694,0.9981701238561459,0.8311482993488192,0.8296274009038359,0.9955814295029768,0.8611419613976382,0.857336944933258,0.9767762684208955,0.8948573888139502,0.8740754610145566,0.8196937110831803,0.9259055161970187,0.758958928683922
386.52211626312607,0.9979868405171883,0.837018033196701,0.8353329824058867,0.9950865463964951,0.8655881698091072,0.8613351424970075,0.9738216838951177,0.8977334403192118,0.8742322905406119,0.8110097824431551,0.9275661334636721,0.7522652081020114
393.72263299634824,0.9977828016072731,0.842660796661038,0.8407924504970672,0.9945289631948399,0.8698505964125801,0.8650916117846164,0.970499819210595,0.90052321863608,0.8739576208812587,0.8028564192222762,0.9291660025112525,0.7459868896392607
401.05728808554943,0.9975553440179269,0.8480818228513451,0.8460085545498242,0.9938999811566078,0.8739363038725418,0.8686052759509948,0.9667762326407189,0.903232464114123,0.873223678855045,0.7953303710000329,0.930710384092041,0.740222235073506
408.52858039285644,0.9973014270269579,0.8532866337620777,0.8509839775139493,0.9931896648244668,0.8778525340884112,0.871874064096578,0.9626173004905787,0.9058660903945931,0.8720023705415978,0.7885158947292149,0.9322041443245405,0.7350577849323472
416.1390553316706,0.9970175757992417,0.8582810136553053,0.8557212555891283,0.9923866838356441,0.8816066867552427,0.8748947363163647,0.9579915889090609,0.9084280880488508,0.8702664674795388,0.782477533019125,0.9336514417314986,0.7305612768258124
423.89130573387814,0.9966998165834494,0.8630709846202924,0.8602226920695425,0.9914781440742292,0.8852062956188277,0.8776626951029788,0.9528714678983228,0.9109214593356096,0.8679910680972047,0.77725248794907,0.9350554778716517,0.7267741965461478
431.78797273320197,0.9963436025842447,0.8676627842184228,0.8644902642564595,0.9904494116697502,0.888659001248533,0.8801717849616374,0.9472349060912885,0.913348195508158,0.8651552922008179,0.7728441153917815,0.9364183596251416,0.7237054187811157
439.8317466650227,0.9959437294597752,0.872062845044876,0.8685255222172957,0.9892839354771238,0.8919725190111468,0.8824140839447909,0.9410673454797874,0.9157093062196672,0.86174412603528,0.7692182420608484,0.9377411091614711,0.721327567497377
448.02536798294886,0.9954942394114743,0.8762777759538084,0.8723294780863148,0.9879630764599107,0.8951546008290704,0.8843796933423317,0.9343635190874771,0.9180049067397725,0.857750295200945,0.7663035507688553,0.939023830628921,0.7195772956675143
456.37162819247624,0.9949883129221484,0.8803143446000041,0.8759024845747249,0.9864659559262885,0.8982129892787589,0.8860565350942801,0.927129050527178,0.9202343630996719,0.8531760113230812,0.7639962372370463,0.9402660079111304,0.7183596920460025
464.8733708020255,0.9944181473929145,0.8841794608457535,0.8792441014171002,0.9847693388597083,0.9011553626729887,0.8874301707093597,0.9193816717118325,0.9223964886028876,0.848034425672847,0.7621679042096362,0.9414668782091884,0.717555837447486
473.5334922917119,0.9937748222737918,0.887880160466312,0.882352948667835,0.9828475735627952,0.9039892700260602,0.8884836605719157,0.9111519204116777,0.9244897784847953,0.8423506370673878,0.7606747681592002,0.9426258130453258,0.7170316717991307
482.3549431001465,0.993048150838742,0.8914235884612906,0.8852265461355203,0.9806726142395894,0.9067220552840931,0.8891974883441451,0.9024832339664848,0.9265126641883825,0.8361621454876351,0.7593660886839246,0.9437426443991064,0.7166461606015734
491.34072862963654,0.992226519581166,0.8948169811438199,0.8878611388624583,0.9782141584686618,0.909360770972112,0.889549581320898,0.8934314327066055,0.9284637658982483,0.8295187125826424,0.7580903070627876,0.9448178920862644,0.7162572859300919
500.49391027009517,0.9912967174161363,0.8980676460412,0.8902515095382783,0.9754399359194149,0.9119120825105543,0.8895154633282353,0.8840636723921584,0.9303421222559364,0.8224816731826976,0.7566984076367318,0.9458528676919378,0.7157253588411256
509.8176064420428,0.990243758537323,0.9011829385065301,0.8923907801564156,0.9723161868862961,0.9143821658967538,0.8890685809015643,0.8744570202185026,0.9321473794148849,0.8151228198076262,0.7550451050399356,0.9468496424642127,0.7149141877514169
519.314993659021,0.9890507050239671,0.9041702338269294,0.8942702072282097,0.9688083676147003,0.9167766031821823,0.88818084439628,0.8646968541246574,0.9338799268819833,0.807523034905016,0.7529892936081523,0.9478108728073474,0.7136914395893308
528.9893076098153,0.9876984982160619,0.9070368935412826,0.8958789775772869,0.9648821120588933,0.919100282065938,0.8868234213537068,0.854875284789957,0.9355409735691652,0.7997708562126138,0.7503955586088976,0.9487394878441715,0.7119298979551465
538.8438442608222,0.9861658115519937,0.9097902246796571,0.8972040152632847,0.9605044648014057,0.9213573077221417,0.8849678077445199,0.845089745577279,0.9371325627542101,0.7919611190301389,0.7471382962351742,0.949638271864555,0.7095111204805988
548.8819609789674,0.98442894200222,0.9124374307474751,0.8982298145939608,0.9556453761613565,0.9235509363264504,0.8825871819498636,0.8354417882963823,0.9386575282570503,0.784193724004932,0.7431090763668157,0.9505094224562667,0.7063321789994317
559.1070776755291,0.9824617623284908,0.9149855535486305,0.8989383194444972,0.9502794182225796,0.9256835402109618,0.8796580160498906,0.8260359723095,0.9401193958385176,0.7765724392284895,0.7382265339699169,0.9513542109964804,0.7023149217616167
569.5226779712822,0.9802357618564209,0.9174414054263939,0.8993088750067667,0.9443876420648006,0.927756613729965,0.8761618808504656,0.8169785636538806,0.9415222342154064,0.7692034825574952,0.7324469134682177,0.9521728747869145,0.6974160832258351
580.1323103833375,0.9777202087042156,0.9198114922498648,0.8993182841710738,0.937959457152482,0.9297708264620936,0.8720873396645998,0.8083756090160406,0.9428704604699298,0.7621934827056142,0.7257731695302102,0.9529648025355489,0.6916362851869563
590.9395895340969,0.974882470541381,0.9221019285216082,0.8989410061681173,0.9309943816083869,0.9317261262865373,0.8674317887705125,0.8003298775105121,0.9441686066919547,0.755646345343043,0.7182614568548603,0.9537289624904565,0.6850267540430697
601.9481973827271,0.9716885326288843,0.9243183473286363,0.8981495385977181,0.9235034964606934,0.9336218895206092,0.8622030793445218,0.7929362494151196,0.9454210598573062,0.7496586293213197,0.710025176471239,0.9544644334694198,0.6776937778096459
613.1618844795772,0.9681037494011746,0.9264658094447595,0.8969150238154658,0.915510446503849,0.9354571094742548,0.856420755979975,0.7862754451400473,0.9466317954994364,0.7443133363900416,0.7012372830786844,0.9551708827246839,0.669801434677726
624.5844712439615,0.9640938572531553,0.9285487175751307,0.8952081147744785,0.9070518697386248,0.937230609535059,0.8501167767550463,0.7804065379677945,0.9478041358730809,0.7396725443482681,0.6921305549888923,0.9558488771801029,0.6615722138481742
636.2198492657486,0.9596262597021777,0.930570743272017,0.8930001217544012,0.8981772042115556,0.9389412633434769,0.8433356388287101,0.7753593629230042,0.9489405707856919,0.7357699564161861,0.682993091405282,0.9564999631315321,0.6532828667482433
648.0719826311969,0.9546715706780335,0.9325347751085957,0.8902644384648098,0.8889479051828638,0.9405882035458334,0.8361339131817818,0.7711284564306125,0.9500426784812176,0.732604944200426,0.6741533685970104,0.9571264730227919,0.6452500359616907
660.1449092734887,0.949205367895626,0.9344428968824947,0.8869782137128029,0.8794361899083828,0.9421710022328998,0.8285792764458638,0.7676702101878402,0.9511111708571061,0.7301397124438774,0.6659480767063609,0.9577310440778555,0.6377991468056228
672.4427423484249,0.9432100690222521,0.9362964035672656,0.883124195433967,0.8697234918456952,0.9436898100130257,0.8207491967837294,0.7649043055457172,0.9521460629084675,0.7283006230270901,0.6586707666240793,0.9583159255259044,0.6312146853342115
684.9696716357445,0.9366768044876175,0.9380958602136127,0.8786926326479494,0.8598988323944066,0.94514544571213,0.8127294652107515,0.7627193433569495,0.9531469380650103,0.7269836067236316,0.6525122946607921,0.9588823144112751,0.6256824992861523
697.7299649665534,0.929607130720714,0.9398412050724324,0.873683085980482,0.8500572937750921,0.9465394336994661,0.8046127494619764,0.7609813574504023,0.9541132598345414,0.7260624036303177,0.6475175209082331,0.9594300563553347,0.6212477715760527
710.7279696773417,0.9220144159184898,0.9415318932777699,0.8681059786491329,0.840298696977037,0.9478739897473348,0.7964972784831108,0.7595431416168346,0.9550446738337162,0.7253976319480858,0.6435806029328893,0.9599579053905256,0.617810287541428
723.9681140910874,0.9139247453103301,0.9431670722553548,0.8619837262960648,0.8307264587278542,0.9491519585959107,0.7884856453589878,0.7582523401896281,0.9559412530027247,0.7248446921731213,0.6404796228066748,0.9604642206551799,0.6151577617645365
737.4549090259551,0.9053772378205989,0.9447457755957438,0.8553513207515538,0.8214464366894182,0.9503767071549131,0.780683559605026,0.7569569806686446,0.9568036552532337,0.7242592059732106,0.6379295924049591,0.9609477724209637,0.6130170207829587
751.1929493320966,0.8964237373462742,0.9462671193986749,0.8482563076992533,0.812565402274411,0.9515519773605275,0.7731982152689683,0.7555082222982374,0.9576331776302436,0.7234997396452376,0.6356300703854408,0.9614083659382798,0.6111000673105005
765.1869154570823,0.887127927818317,0.9477304846726138,0.840758180997865,0.8041886549329585,0.9526817034421077,0.7661358176703483,0.7537611669619805,0.9584316993390248,0.7224285961471374,0.6332960935788471,0.9618471074299384,0.6091340157554936
779.4415750404949,0.8775640038153112,0.9491356713205564,0.8329272998880007,0.796416281324999,0.9537698011531975,0.7595977982745133,0.7515753315511237,0.959201510741004,0.7209121934595087,0.6306738123892064,0.9622661710967242,0.6068760746587354
793.9617845382281,0.8678150875153681,0.9504830130172742,0.8248434991234566,0.7893377474748879,0.9548199422508471,0.7536754224603862,0.7488166165902168,0.9599450363957228,0.7188227942664177,0.6275468091862296,0.9626679892569622,0.6041192249639302
808.7524908770455,0.8579716005338823,0.9517734469018899,0.8165945875840646,0.7830249423526527,0.9558353356632057,0.7484429086063101,0.7453621906487419,0.9606644869751322,0.7160429864902342,0.6237369910158442,0.9630541323873416,0.600692486720655
823.8187331399607,0.8481297644636587,0.9530085363667689,0.8082749054806038,0.7775244251687835,0.9568185448395818,0.7439497890672278,0.7411086406184347,0.9613615152655993,0.7124733257213669,0.6191027671351688,0.9634245923582949,0.5964588310550923
839.1656442830159,0.8383903139926195,0.9541904484429342,0.7999840296788301,0.7728502769478827,0.9577713743600551,0.7402138719269228,0.7359823325056661,0.9620369829844141,0.708042222693583,0.6135430158820129,0.9637780232578737,0.5913192750304406
854.798452884041,0.8288573680403323,0.9553218889909005,0.7918255865403163,0.7689793044063032,0.9586948534662463,0.7372165015563769,0.7299498995824746,0.9626909339450425,0.7027161505621424,0.6070208960413355,0.9641127199416193,0.5852365671438109
870.7224849239918,0.8196372353102728,0.9564059993624663,0.7839059691516104,0.7658500935721234,0.9595893280286993,0.7349015766615904,0.723026841059839,0.963322801623527,0.6965082421787727,0.5996146056788263,0.964427693051294,0.5782849308746918
886.9431656014709,0.8108367640295016,0.9574462182508557,0.7763325933388078,0.7633665006532573,0.9604546491086472,0.7331789045262201,0.7152833737286148,0.9639317873527085,0.689484380901899,0.5915827775830723,0.9647233862369694,0.5707137404294135
903.4660211810532,0.8025607350374122,0.9584461133252091,0.7692112172040307,0.7614048988234565,0.9612904239680425,0.7319312380013451,0.7068479749523379,0.9645172863224326,0.6817670906435357,0.5834001900366415,0.9650016949965377,0.5629821722466611
920.2966808760407,0.7949078171895583,0.9594091901672867,0.7626418651474797,0.7598234170749226,0.962096282910515,0.731023285236149,0.6979092814482527,0.9650792412691643,0.6735377598147874,0.5756853749921198,0.9652649234478324,0.5556888994218052
937.4408787662996,0.787964832977015,0.960338691586821,0.7567131167175745,0.7584709874824529,0.9628721166154797,0.7303105651086624,0.6887156040252408,0.9656183449011477,0.6650364216664473,0.5689887267885263,0.9655140768486534,0.5493666252825147
954.9044557518074,0.7817995591567405,0.9612374078249397,0.7514949816825058,0.7571943982363598,0.9636182503837795,0.7296463412289198,0.679568592435653,0.9661360479909437,0.6565557142345502,0.5635731922457029,0.9657480596906699,0.5442697169049645
972.6933615426176,0.7764529453243723,0.9621075248512977,0.7470312213895318,0.7558425081083584,0.9643355361143792,0.7288857902747108,0.6708047316215167,0.9666343454939108,0.6484228927051833,0.55936212425334,0.9659646239003888,0.5403240239785001
990.8136566858664,0.7719322543820429,0.9629505398470632,0.7433325810825488,0.7542679189646356,0.9650253530373882,0.7278876647836237,0.6627581696325737,0.9671153410937086,0.6409635932868485,0.556046614519063,0.9661621043492579,0.5372311672000185
1009.2715146305715,0.7682068846464651,0.9637672662770044,0.7403726491508977,0.752327367267954,0.9656895130580461,0.7265146489572323,0.6557051895365524,0.9675806799421447,0.6344476731333702,0.5532308630598554,0.9663408145409841,0.5346095628384723
1028.0732238308642,0.7652082525922428,0.9645579349366236,0.7380876919168359,0.7498826357665038,0.9663300716902251,0.7246341411795006,0.6498051764850037,0.9680310705985005,0.6290316006732256,0.5505432219888129,0.9665033484190474,0.5321018675015986
1047.2251898884351,0.7628341002962914,0.9653223761125553,0.7363808262776994,0.7468037343009605,0.966949060216403,0.7221211690484141,0.6450645011609757,0.9684661564132294,0.6247231380779873,0.5476926032263013,0.966652809468324,0.5294285936337242
1066.7339377348567,0.7609563074463955,0.9660602493431291,0.7351296401108917,0.7429753601725748,0.9675481837425902,0.7188644603004716,0.6413423565375026,0.968884832829327,0.6213868819002049,0.5444504612825767,0.9667898237658684,0.526369165512628
1086.6061138545974,0.7594302961218098,0.9667712785309711,0.734195398336836,0.738306342285456,0.9681285637299152,0.7147754587495057,0.6383930410431732,0.9692858525011316,0.618785343018322,0.5405733588834628,0.9669118680431841,0.5226867962523876
1106.8484885494115,0.7581038476389276,0.9674554536086982,0.7334317018000182,0.7327404186343259,0.9686906165471045,0.7097987678958687,0.6359205040298813,0.9696684453529432,0.616632046510715,0.5357621726564193,0.9670155591188866,0.5180903569460968
1127.4679582449469,0.75682366850491,0.9681131715640984,0.7326909620310642,0.7262661033567831,0.969234126977059,0.7039218926400422,0.6336230644841379,0.9700327467325923,0.6146351216346707,0.5297821537674463,0.9670994672089052,0.5123520386452836
1148.4715478402886,0.7554390716132273,0.9687453021602552,0.7318280516936186,0.7189240462829793,0.9697585031122761,0.6971827069748028,0.6312204813032788,0.9703799127217356,0.6125236755552477,0.5227852500796031,0.9671659130703499,0.5056200737329506
1169.8664131013077,0.7538032761472663,0.9693531717570639,0.7307015966142185,0.7108116954418802,0.9702631287374867,0.6896743795626361,0.6284669002618252,0.9707118173116267,0.6100602468733611,0.5155372379372881,0.9672193582807241,0.4986375964475208
1191.6598430985582,0.7517737342458037,0.9699384624025268,0.7291742598689807,0.7020860200104043,0.9707477039335282,0.6815483918889291,0.6251556882708353,0.9710303128447905,0.6070451235583295,0.5090203401655794,0.9672613279746675,0.4923556901946753
1213.8592626906284,0.7492133348368865,0.9705030288220328,0.7271138106930541,0.692964534967928,0.9712124873964391,0.673015809683718,0.6211191734696786,0.9713363630649008,0.6033156389879148,0.5037775801042977,0.9672889231630668,0.4872984729727818
1236.4722350537145,0.7459941568891932,0.9710486512224769,0.7243966198670999,0.6837227441835848,0.9716583912994539,0.6643449417082701,0.6162265061188078,0.9716296488649391,0.5987439437614854,0.49977267762051797,0.9672982585084626,0.48342924071243837
1259.5064642583584,0.742004575697156,0.9715767694584287,0.7209144085792151,0.6746830771176722,0.9720869010683896,0.6558505816386032,0.6103902572589285,0.971908955202231,0.5932437571981461,0.49664878451782934,0.9672885697190726,0.48040269242896705
1282.969797894147,0.7371591492145295,0.9720882726186638,0.7165837640049959,0.666188258619712,0.9724998045743789,0.6478679513174157,0.6035961380192436,0.9721730192235847,0.5867998798898636,0.4940362329022512,0.9672640679833255,0.47786349636818914
1306.8702297433474,0.7314094282248872,0.9725834229840582,0.7113566853057736,0.6585545731945656,0.9728987587073246,0.6407069268020248,0.5959596747054319,0.9724213318785421,0.5795239006229588,0.49166851751974217,0.9672283685837985,0.47555573808463497
1331.2159025043072,0.7247534581161638,0.9730619559961218,0.7052300175694677,0.6520114373446577,0.9732848207341573,0.6345928349126154,0.5877912432387458,0.9726545858225175,0.571717848242485,0.48921981798882347,0.9671792410715706,0.4731632522796022
1356.0151105656344,0.7172426059619477,0.9735233303606227,0.6982524104326071,0.6466491493810038,0.9736581636572463,0.6296152233168285,0.5796150899272344,0.9728744956914271,0.5638927383080994,0.4860889226039998,0.967112443462756,0.47010264567973276
1381.2763028320087,0.708985781521402,0.9739670455201863,0.6905287869442203,0.6424010611076508,0.9740181502082206,0.6257102932318721,0.5720613961282385,0.973082768423702,0.5566630870527943,0.48144812456620656,0.9670275145491675,0.4655735832836167
1407.008085602686,0.7001518540356926,0.9743929307550473,0.6822230170274186,0.6390689369166922,0.9743637418158265,0.6226856006524106,0.5656312293873959,0.9732797964592337,0.5505174478091508,0.475233401084878,0.9669305735804954,0.4595177050956107
1433.2192255035734,0.6909702267112758,0.9748013359538489,0.6735587001024855,0.6363748925283866,0.9746940401393328,0.6202708150417269,0.5605024966519526,0.9734643709515511,0.545629210320067,0.46883938676543624,0.9668248037889904,0.45328554811804345
1459.9186524739794,0.6817271420381771,0.9751931861457256,0.6648156637262296,0.634013840955021,0.9750087449652001,0.618169039360121,0.5565247315790756,0.9736347027133567,0.5418517915836238,0.4635495023955359,0.9667047863187763,0.4481155226614516
1487.115462808953,0.6727522134283241,0.9755698778287347,0.6563167946632811,0.6316903525725608,0.9753083968440274,0.6160929050693826,0.5533490790668727,0.9737897926060882,0.5388456849432999,0.45958147210549,0.9665652723239841,0.44421549074070044
1514.8189222583467,0.6643880590425084,0.9759330077728728,0.6483982367897363,0.629138445319879,0.9755943163533572,0.6137838914534613,0.5505713460398497,0.9739303738542664,0.5362181568820374,0.4565975424549577,0.9664106375611885,0.4412607221127675
1543.0384691835638,0.6569398419835834,0.9762839724938622,0.6413598386212229,0.6261301873781856,0.9758681673058941,0.6110205184516461,0.5478333503664852,0.9740588119557495,0.5336219024077165,0.4544013328803225,0.9662512089824683,0.4390658372588566
1571.783717773164,0.6506140744820201,0.9766235703149138,0.6354050403177637,0.6224779550310839,0.9761312333037907,0.6076201739489135,0.5448653732927716,0.974177293622695,0.5307954747430718,0.4528167256650147,0.9660839649830318,0.43745897774109116
1601.0644613183172,0.6454709221333873,0.9769518043201565,0.630593982014408,0.6180323648480892,0.976383817375102,0.6034367996517391,0.5414490841028857,0.9742856441221319,0.5275260696645184,0.45116492951236525,0.9658991505767269,0.4357798221860025
1630.8906755493335,0.6414147293191281,0.9772680141651428,0.6268340987779769,0.6126819116806802,0.9766252253919628,0.598360610088723,0.5373333999221208,0.974381488945078,0.5235677182760372,0.44772360542313056,0.9656974263233252,0.4323655334613172
1661.2725220342925,0.6382265447741733,0.9775712773615549,0.6239119386209402,0.6063683830061329,0.9768543326505346,0.5923335821218397,0.5322167350601906,0.9744623483897935,0.5186251694991019,0.4422231141909277,0.9654937182871115,0.42696363883270466
1692.2203516410386,0.6356183769541478,0.9778608858798782,0.6215463491699134,0.5991296906180225,0.9770703206833954,0.5853918389430947,0.5259171984298073,0.9745277450836852,0.5125209014865292,0.4369717156846357,0.9652869520713871,0.42180309557462675
1723.7447080636193,0.6332836695393531,0.9781367189721116,0.6194380107018418,0.5911649736208423,0.9772732291077889,0.5777297027058614,0.5187243053888398,0.9745801950867592,0.5055384347420991,0.4329807993018865,0.9650648503013358,0.4178545502616278
1755.85633141447,0.6309307808814262,0.9783994094446425,0.6173023034148345,0.5828884838504795,0.9774641134040251,0.5697525750803254,0.5115222941691905,0.9746230435052913,0.4985414151639853,0.42999196457490674,0.9648296698918902,0.4148690052369726
1788.566161883461,0.628300170963726,0.9786502278144794,0.6148861054495268,0.574899212263028,0.9776445593992389,0.5620470870718575,0.5052456106926523,0.9746565542591628,0.4924409459722669,0.42790488735695204,0.9645993665346911,0.4127567832816143
1821.8853434651646,0.6251715769999172,0.9788906334854036,0.6119746010465178,0.5678021865574935,0.9778155915538673,0.5552058309342949,0.5002917357425694,0.9746779363725021,0.4876233165777846,0.42676065751110953,0.9643662875743766,0.4115535909667887
1855.8252277555182,0.621365308228139,0.9791216219943931,0.6083922084433815,0.5619631137805827,0.977976860245617,0.5495869215889847,0.49651205008437416,0.9746844402617928,0.48394256961972343,0.4257553682516956,0.9641164284762029,0.4104777450433953
1890.3973778192185,0.6167396588670563,0.9793432721282666,0.6039998355661338,0.557394674625484,0.9781269798642754,0.5452027696838552,0.49351209535637547,0.9746764328930575,0.4810146086915305,0.422096384606207,0.9638671384162315,0.4068448343662218
1925.613572129198,0.6111920706383654,0.979554849551133,0.5986961568010095,0.5538313496025861,0.9782646371188422,0.5417936242440125,0.4909435934479629,0.9746577651772719,0.47850198561809065,0.41771114033095835,0.9636286441111147,0.40251841978722896
1961.4858085794287,0.6046790054203148,0.9797553699232344,0.5924375026403941,0.5508789993636192,0.9783896210167274,0.5389742954134454,0.4885524663607493,0.9746302709694045,0.47615802267194796,0.41434519239100487,0.9633797766320089,0.39917177889419303
1998.02630857255,0.5972640889672689,0.9799442352385969,0.5852855008985076,0.5481424365515057,0.9785032825497204,0.5363591734704503,0.48597406622534983,0.9745913512007631,0.4736261218510928,0.41167907374064616,0.9631212507105946,0.3964968643924702
2035.247521183575,0.5891850022668326,0.9801216646553088,0.5774729852117099,0.5453031743252137,0.9786078030725442,0.533637941434882,0.48252924230685224,0.9745379675372567,0.47024306707501223,0.40970534740279074,0.962881766576087,0.3944978086828686
2073.16212740123,0.5808984333088276,0.9802887394032216,0.569448192909617,0.5421271104135041,0.9787042360343428,0.5305820994307544,0.47742255272662193,0.9744710426373515,0.4652344527340972,0.40874992437951624,0.9626417662804347,0.39347974917169165
2111.783044448241,0.5730240844181186,0.9804468485164828,0.5618196576917873,0.5383943042136666,0.97879141541559,0.5269757230729866,0.47094767959585926,0.9743959242984895,0.4588894995560362,0.40738202819236446,0.9623866732307481,0.3920590348460445
2151.1234301821664,0.5661401474400154,0.9805966921192416,0.5551551558555788,0.5338259832033438,0.9788670728594846,0.5225446775945936,0.4646808722712912,0.9743132998704475,0.45274475404931963,0.4040994673017614,0.9621537200102622,0.38880580571855505
2191.1966875781463,0.5605473343800134,0.9807377294883246,0.549749919990587,0.5281398124985245,0.9789297321365169,0.5170117651798108,0.4596843726984714,0.974218113030516,0.44783284215992125,0.4016800494109193,0.9619245198867363,0.38638588867767903
2232.0164692952335,0.5561938040607015,0.9808686694926284,0.5455530765690639,0.5213237109954039,0.9789801757104994,0.5103655781923301,0.45595978373269563,0.9741073820811128,0.44415379126612653,0.39958725800615386,0.9616792639573614,0.3842747801660983
2273.596682327714,0.5527756156521789,0.9809884850108137,0.5422665137495508,0.5139670649270381,0.9790212566178966,0.5031846817650809,0.45314436974390837,0.9739868550448865,0.4413566595681665,0.39766128853194466,0.9614601095506458,0.38233546603597446
2315.9514927431537,0.5498877204671634,0.9810972507843796,0.5394933307904234,0.5070788263417475,0.9790548585616036,0.4964579886036035,0.4510879792904358,0.9738632253427828,0.4392979944251422,0.3964292759685782,0.9612397793175457,0.3810635897470505
2359.0953305086327,0.5471436546689737,0.9811963946119917,0.5368553812960257,0.5013869962246762,0.9790797611939769,0.49089786052942136,0.4495607281708298,0.9737315665628017,0.43775147210689597,0.39451704850233077,0.9610079589531585,0.3791340235534491
2403.0428944069686,0.5442427175976684,0.9812877962896309,0.5340587369980959,0.4970063065345247,0.9790933015519712,0.48661554555703884,0.4476618566243905,0.9735847766083292,0.43583676867772714,0.39261493305660194,0.9608035412207494,0.3772258180169306
2447.809157044439,0.5409620153512998,0.98137202152043,0.530884986571071,0.49362679664542414,0.9790941186502653,0.48330709340370526,0.4435561821689279,0.9734270224596066,0.43176957370225033,0.3915422288831712,0.9605805384808989,0.37610784505860795
2493.4093699518794,0.5370762201708336,0.981447734174065,0.5271122393654358,0.4908434031466596,0.979084155223852,0.4805769987170478,0.4378220611804185,0.9732693163198364,0.4261187781548075,0.3901655563938138,0.9603650911656724,0.37470138013585025
2539.859068780723,0.5322971541301162,0.9815129462075896,0.5224565480081658,0.48836648507168956,0.97906653909544,0.47814328434934394,0.4327949015463524,0.9731070010934711,0.4211557487323151,0.3883757246725806,0.9601654434688893,0.3729049499127996
2587.1740785959237,0.5263660856569425,0.9815666633281747,0.5166634023873973,0.48592608194861,0.9790408595260153,0.4757414889370761,0.429053306565448,0.9729308793140891,0.4174392108293387,0.38662972483585073,0.9599361686172335,0.3711398567324618
2635.370519267392,0.519365260087642,0.9816100155723955,0.5098141410423914,0.4830338840014449,0.9790042742786627,0.4728922370588383,0.4262548968327934,0.9727480457402398,0.4146386178813073,0.38526357458015714,0.9597331905094911,0.3697502396189055
2684.4648109619648,0.5120030719081784,0.9816456132351842,0.5026055695016018,0.47887183931507055,0.9789553586756062,0.46879415321633217,0.4243706046605043,0.9725697202015368,0.41273000023642364,0.3850556368932243,0.9595045125053943,0.3694626211646873
2734.4736797375785,0.5052922491536556,0.9816746268017299,0.49603258011372153,0.47295418893119456,0.9788971101970679,0.46297348880034445,0.4234170964353761,0.9723859227246113,0.41172482401468896,0.38442535342963097,0.9592833112805047,0.3687728259781547
2785.4141632417677,0.49984992247711096,0.9816955544690137,0.49070044679746094,0.46633622970218863,0.978833199069999,0.4564653835616352,0.42198510975487924,0.9721887010039261,0.4102491556955952,0.38269746269709487,0.9590659231854415,0.36703209536231535
2837.3036165162107,0.4956849190016793,0.9817060909020103,0.48661690415221825,0.46057168959509587,0.9787612745365146,0.450789733923532,0.41771962198657603,0.9719971996313663,0.40602230280202484,0.3799078700417104,0.9588246768801009,0.3642650407369503
2890.15971790951,0.49244083380277376,0.9817055100081173,0.48343187989717457,0.4561930654718293,0.9786770787024361,0.4464656966402791,0.41346734049745304,0.9718113810974596,0.4018122672075234,0.37965572234295375,0.9586023076865233,0.3639388515643494
2944.0004751000333,0.4897236490675505,0.9816960372602702,0.48075976564225353,0.4529109007650367,0.9785810779790374,0.4432100374991064,0.4102844236857046,0.971613253974467,0.3986377839523063,0.3799058826728341,0.9583420193494497,0.36407977076341896
2998.84423123103,0.4872637374445375,0.981680061057688,0.4783370955257508,0.45044190554922564,0.9784804994495638,0.4407486207148196,0.40776004919796105,0.9714142962201606,0.3961039412183354,0.3794125011393352,0.9581047746034264,0.36351692888582504
3054.709671159967,0.48477012491249005,0.9816565652081254,0.4758777757371089,0.44866535598075863,0.9783764203905762,0.4389636049377182,0.40597024953406446,0.97122990253144,0.39429044588563383,0.376968479957552,0.9578244846873262,0.3610696400587069
3111.6158278243615,0.48169289487179706,0.9816230303146596,0.47284083914509417,0.4471446055777231,0.9782624058800894,0.43742475762876704,0.4053003251194722,0.9710387567317059,0.3935623238069685,0.3762571339047245,0.9575711192138405,0.3602929648253389
3169.582088726114,0.47718458665810964,0.9815788028181597,0.46839427529514566,0.44441203899010745,0.9781355221772626,0.43469520181945076,0.4031177937688601,0.9708417856914177,0.39136359874654475,0.37652249465349025,0.9572746595517584,0.36043544288299867
3228.6282025367323,0.4709855089023317,0.9815271966408448,0.46228508621136727,0.4391927822590266,0.9780046717582966,0.42953259285185236,0.3998566109077913,0.9706635070480237,0.38812622026009375,0.37679089704507424,0.9570077892623968,0.3605918233953019
3288.7742858255087,0.46441101013697145,0.9814706347576618,0.4558057689075803,0.43353945939469707,0.9778736126699669,0.42394679739327684,0.39757248553967467,0.9704803303099593,0.385836277088695,0.3745425556366441,0.9567034965098884,0.35832617256932686
3350.040829913135,0.45889023853053085,0.9814062328844331,0.4503577403036872,0.429114677684811,0.9777346009164195,0.41956026813353664,0.39550368070574426,0.9702920068344453,0.38375406006238627,0.3739451384352684,0.9564292689138341,0.3576520753675262
3412.448707852888,0.45474534914425646,0.9813305960027487,0.4462555245052113,0.4258287599226226,0.977584084957399,0.41628341861750096,0.39364146541419437,0.9701244626670587,0.3818812151184189,0.3740204691675356,0.9561254677245241,0.3576104960213559
3476.0191815419794,0.45162159227158155,0.9812454835228379,0.443151647677882,0.42343585611076484,0.9774345609129331,0.4138808400924174,0.3927587385817828,0.9699456997469003,0.3809546495254172,0.37448221618340266,0.9558490733918351,0.3579484793406263
3540.773908965268,0.44928633582501265,0.9811573184582651,0.440820576478009,0.421986318521703,0.9772862736504747,0.4124014367595574,0.3902104890437435,0.9697697327057087,0.378414321658915,0.3719351258079746,0.9555426518324113,0.3553998764241736
3606.7349515740307,0.44760082754489433,0.9810652169946287,0.43912560300230713,0.4212205051061717,0.9771283376671063,0.4115864919456924,0.3886039050631176,0.9696118095227051,0.37679493557583893,0.37152673510468187,0.9552577285746974,0.35490378508087167
3673.9247818020726,0.44599944871403147,0.980963303384818,0.437509092518324,0.4183500079666975,0.9769646539182901,0.40871317074989855,0.3874894019287004,0.9694302617973027,0.3756439523554203,0.3714990879813354,0.9549528414382064,0.35476410965947847
3742.3662907219828,0.44278838894012357,0.9808507365231001,0.4343093174157971,0.41366828660389326,0.9768097542919701,0.4040752173959293,0.3859982176765065,0.9692671589584658,0.3741353958103389,0.3711623677003156,0.954643226431593,0.35432764023141855
3812.0827958438863,0.4372394015568002,0.980736371700779,0.42881658424743613,0.40992604389342413,0.9766525543265375,0.400355317853485,0.3842910602212396,0.9691058225421151,0.3724187040112859,0.37074103689995375,0.9543728314905329,0.35382517313594497
3883.098049059608,0.43173468285625405,0.9806209335017905,0.4233680677275993,0.4070547139847494,0.9764836155919744,0.39748225885558514,0.3818765832596873,0.9689300397639447,0.3700116930027282,0.37025867777663596,0.9540910358525345,0.3532604854133004
3955.4362447347003,0.42755094254183407,0.980497073855091,0.41921244808625446,0.4048481771110923,0.9763252021605575,0.39526347836232034,0.380974297955797,0.9687736031377758,0.36907784333352206,0.37048907827554606,0.9538228959175026,0.35338096554658766
4029.1220279513504,0.42443031505403495,0.9803642798895773,0.4160963201812554,0.4035203157871536,0.9761725261421512,0.3939054460116243,0.3807456603453093,0.9685849199779927,0.3687845049575294,0.37025790994929636,0.9535430477808504,0.3530568559180197
4104.180502904707,0.4222056927047825,0.9802339988829724,0.4138603745111643,0.4028709473776679,0.9760068968171374,0.3932048231678579,0.3798840344973724,0.9684167054385784,0.3678860451366606,0.3697943859217233,0.9532740415628926,0.3525153888148692
4180.63724145576,0.42093529614011327,0.9801031241077534,0.41255999879414734,0.3995039267087228,0.9758512171009032,0.3898563931152972,0.3780727310080446,0.9682317169021728,0.36606200945781237,0.36940463978434485,0.9530163897971192,0.3520486761815816
4258.518291843413,0.4200804275484204,0.9799624206396292,0.4116630326436804,0.39671911474240446,0.9757051299924705,0.38708087542023556,0.37539232338056305,0.9680449105591202,0.3633966281115175,0.36956377988028544,0.952733752419873,0.3520958867638163
4337.850187558992,0.41656155543244777,0.9798200217002205,0.4081553522832986,0.3945755448024619,0.975544835008497,0.3849261347527055,0.37541393481303825,0.9678629658681575,0.36334924437638233,0.36928033041355435,0.9524653509943036,0.35172671952263845
4418.659956385939,0.4119141186275849,0.979684904751458,0.4035460440734463,0.39258940052560726,0.9753976669899928,0.38293078535767716,0.3756512936678188,0.967660048428072,0.36350274902266944,0.3686767046429653,0.9521920822513877,0.351051039071565
4500.975129608049,0.4083736655033461,0.9795449083002875,0.4000203447277274,0.3910026604952991,0.9752591252351204,0.3813289126392501,0.3747662623326855,0.9674710508517204,0.36257550964277474,0.36907850484572663,0.9519127267322554,0.35133052592595954
4584.823751389095,0.4056136364571009,0.9793966884414842,0.3972566523327927,0.38991005730398964,0.9751035002917354,0.3802026616760714,0.37153108435789806,0.967253636739441,0.35936479250692493,0.36896158565341475,0.9516188831160395,0.3511108120522255
4670.234388327329,0.4035432993333969,0.9792598075838674,0.3951737336569813,0.38736128027162603,0.9749668851654965,0.3776644208601461,0.3712972376937392,0.9670544313722653,0.3590646390680118,0.36826860194143607,0.9513254624238862,0.35034329803813474
4757.236139187888,0.4024525678908826,0.9791245549187435,0.3940511914120658,0.3862082228403692,0.9748300446790269,0.3764873791268847,0.37168311882800026,0.9668246672207301,0.3593524076724444,0.36848143369707587,0.9510331573282202,0.35043806130575933
4845.858644816489,0.4013955331728947,0.9789780973639286,0.39295743535598016,0.3849520387325388,0.9746831627341979,0.37520627061280837,0.3717147288896398,0.9666153447005069,0.3593051607959147,0.3684441096607828,0.950730603031682,0.35029109056126717
4936.132098237915,0.39785646757185283,0.9788442331502301,0.3894395089042297,0.3832277412232177,0.9745543741191232,0.3734762714928782,0.36852568611994635,0.9663771991755034,0.3561348203768244,0.3676046823994915,0.9504145669245647,0.3493768450221549
5028.087254942474,0.39526338784402176,0.9787149830627386,0.38685019993908243,0.3819783035269874,0.9744035036595112,0.3722009972786128,0.368232151276208,0.9661589707117307,0.3557707962599875,0.36772448759792337,0.9501173014080148,0.34938139781818395
5121.75544336424,0.3931356822895435,0.978573328204036,0.3847120930538431,0.3796466628788772,0.9742660872960965,0.36987686879802395,0.36847018972544776,0.9659128966962114,0.35591010830390984,0.3675675871139886,0.9498067707705117,0.34911818295664626
5217.168575554342,0.3911851994618658,0.9784471752450877,0.3827540534111488,0.3793430516991107,0.9741286734394532,0.3695289437301286,0.3687788986828538,0.965682621477084,0.3561233736254902,0.36701186598201024,0.9495013948557596,0.3484782786785338
5314.359158053239,0.38982094841990833,0.9783234013770032,0.38137095618617406,0.3789495893369052,0.9739781096711734,0.36908860468302634,0.36646976208221904,0.9654346250769101,0.3538025973578716,0.36720950506810324,0.9492006195101906,0.34855548970067407
5413.360302965373,0.3881047976020567,0.9781881930918307,0.3796395306966265,0.37753438827259994,0.9738424614338119,0.3676590179512972,0.36607643218645103,0.9651764997956717,0.35332836947540636,0.3670681110142351,0.9489030186602991,0.3483120385953415
5514.205739240301,0.3858384362656749,0.9780709222869362,0.37737735521211785,0.37522410355381675,0.9736769829069333,0.365347073062239,0.36624088667539273,0.9649518289226663,0.3534048134236792,0.36688953631419174,0.9486047552374816,0.34803315879451696
5616.929824163803,0.3847496064822767,0.9779454812790638,0.37626413908324047,0.37427566917916727,0.9735308082643165,0.36436889472966266,0.3649658625733294,0.9647198947911542,0.3520898285441052,0.3670788478257506,0.9483144877480746,0.3481061895390301
5721.5675550632495,0.38342145494304847,0.9778198569044084,0.3749171122064917,0.3745029840130811,0.9733519594744334,0.3645232133181549,0.36459094205744635,0.9645090594911656,0.35165126662282564,0.3665839949062215,0.9480261572357482,0.3475312159950743
5828.154581230838,0.38163521297535463,0.9777069960319689,0.37312741765815466,0.37442259974563763,0.9731908154911323,0.3643846351847669,0.3641357584993302,0.9642650543789026,0.3511233869706596,0.36665127906332146,0.9477339445089512,0.34748786296593387
5936.727216069125,0.38015521159119187,0.977572304582631,0.37162920629429913,0.3726413293805676,0.97300404138466,0.3625815194742445,0.3640615608877628,0.964020641089375,0.3509628593230196,0.36619774370829267,0.9474347943752286,0.3469484840109389
6047.322449462641,0.3783125746694408,0.9774547747538116,0.3697834324600528,0.37053992524248197,0.9728281603949934,0.3604716738265421,0.3640799474492395,0.9638147071319254,0.35090560792339553,0.36601210806175977,0.9471280589241853,0.34666033745128366
6159.977960380166,0.37810028357682357,0.9773260851521172,0.3695272699430423,0.37067304828345415,0.9726332709123838,0.360528939391,0.36354770806892617,0.9635892146956917,0.35031065052255517,0.3658260696565661,0.9468145020490242,0.3463694279784333
6274.732129711572,0.37757922259452814,0.9771964221615321,0.3689690654019056,0.37113373205094086,0.9724453302491517,0.36090726463087736,0.36343868287748615,0.9633509839928643,0.35011901277109686,0.36557416951584104,0.9464948999687639,0.3460140870070599
6391.624053344004,0.3759460779761332,0.9770745245087654,0.3673273353794656,0.3699633013046122,0.9722379656965427,0.3596923674427733,0.3638470800263852,0.9631431552419559,0.3504368246821851,0.36552424045994686,0.9461708010807099,0.345848363410406
6510.693555481453,0.3729937683692973,0.9769324025445539,0.3643896982671645,0.36821988295080305,0.9720446285236264,0.35792615933792654,0.3634408179828045,0.9629078626746712,0.3499600212525565,0.3653698406167181,0.9458443074051163,0.3455829838448375
6631.981202212673,0.3725318781553808,0.9768051641918093,0.36389106240824987,0.36811712181871936,0.9718242384980741,0.3577451415895797,0.36276849939945244,0.9626740439585454,0.34922781833764405,0.3652532213189326,0.9455171866175673,0.34535319822448085
6755.528315331637,0.3727931727703641,0.97664907463336,0.3640881072158104,0.3686007282144825,0.9716345065919472,0.3581451866881111,0.36317801994598786,0.9624559833508695,0.34954285831853743,0.365229056664603,0.9451910797569604,0.3452112464274322
6881.376986415668,0.3724778996278195,0.9765110147852258,0.3637287717506315,0.36679821531687656,0.9714249894007804,0.356316952426422,0.36291046600934457,0.9622117163780451,0.3491967023904077,0.36511568722561644,0.944869361821442,0.34498662637986544
7009.570091165616,0.3702929559681942,0.9763406062509257,0.3615320491204341,0.36630496636038457,0.9712422114252225,0.35577084558390165,0.36184323754568726,0.9619799667735113,0.34808594563142,0.3651554032465174,0.9445546152334584,0.3449092214139326
7140.151304013401,0.3691736204004983,0.9761912826784173,0.36038407002979755,0.36606617795371144,0.971040159002457,0.35546495964559366,0.3620599027945124,0.9617265002915413,0.34820260321046204,0.3651769510816275,0.9442458502210821,0.34481682065521385
7273.165113001451,0.369392260756072,0.9760094202818733,0.36053032627714443,0.36668797575559453,0.9708538013132756,0.3560004151581892,0.3618460564252454,0.9614863480720883,0.34791004335659603,0.3651956175317149,0.943939214907577,0.34472246450057475
7408.656834939566,0.3697728974782213,0.9758509363592646,0.36084322824440057,0.36515489987216576,0.9706483396933075,0.3544369972917937,0.36148224792966266,0.961238231237674,0.3474705566237273,0.3652380834441555,0.9436276797759935,0.34464876524623916
7546.672630843884,0.36778114019122166,0.975662257635484,0.35883017755471974,0.36464936514927115,0.9704399824574461,0.35387032351857756,0.3616634456541114,0.9609786644109223,0.3475508549709401,0.3650040958879909,0.9433069560556304,0.34431090263993813
7687.259521663733,0.36694444868484033,0.9754996652474485,0.3579541868564713,0.3644678036417008,0.9702663711909105,0.3536308532553543,0.36135940361958274,0.9607400342706858,0.3471724458175125,0.3650507037151078,0.9429810678478924,0.3442359024078969
7830.46540430118,0.36695301913024925,0.9753144940173696,0.3578945981811652,0.36305917176837815,0.9700718761666,0.35219349191684246,0.36099310001399004,0.9604922449537808,0.346731073045262,0.36496999253198115,0.9426549815468729,0.344040781575397
7976.339067929278,0.36747345879824095,0.9751525807407867,0.3583426917008478,0.36268928184939353,0.9698688113017007,0.3517610226591388,0.36114626695686514,0.9602425141991294,0.3467879993762902,0.36507761114380594,0.9423298590342692,0.3440235338457104
8124.930210614044,0.3648446222809483,0.9749724545051411,0.3557134568982573,0.3621024725506071,0.9696940295207408,0.35112860570702165,0.3605276324299343,0.9600003104176821,0.34610663904688893,0.36492255539566565,0.9419986796283739,0.3437565653493292
8276.289456246348,0.3644458813113565,0.9748096103725502,0.35526534756300415,0.3610950513212365,0.9695074045821719,0.35008432601391815,0.3605366523539016,0.959762656355627,0.3460296151767458,0.3650570628174983,0.9416661362067622,0.3437618738383429
8430.468371788964,0.3643249585887126,0.9746202823232442,0.3550784939971353,0.3609833904636925,0.9692991511245512,0.3499008939465196,0.36076268412979134,0.9595276693305134,0.34616177748447885,0.36492186967579604,0.9413405959323035,0.3435157702693442
8587.519484845176,0.36473844292084695,0.9744294524488801,0.355411881222418,0.36036504573335937,0.969120723280273,0.3492372337660419,0.36042664447131156,0.9592895213582256,0.34575350325963583,0.36500588048957483,0.9410158940470538,0.34347633496132934
8747.49630155441,0.36420272213076316,0.9742642211223768,0.35482968140737736,0.35943463918152374,0.9689064345064484,0.34825853468748197,0.3607073227625966,0.9590477829633782,0.34593555819412397,0.36498195300394076,0.940691558698828,0.34333544226821944
8910.453324821518,0.36370237277041834,0.9740970686593835,0.3542814151801269,0.3594761349080379,0.9687143000562212,0.3482296724143557,0.3603288190151786,0.9588047454368629,0.34548498158941376,0.364915152678567,0.9403677940589432,0.3431544571430265
9076.446072885352,0.3637950283392591,0.9739434437858369,0.3543157827329041,0.35887917159615057,0.9685209032006948,0.3475819794142209,0.36029584072995463,0.9585575660183188,0.34536430413662916,0.36507389281082836,0.9400437048120186,0.3431854147280369
9245.531098233576,0.3628270927610313,0.9737601460325243,0.35330656283153805,0.35898604467199174,0.9683195567395779,0.3476132076524774,0.3600324116757578,0.9583047182423239,0.34502075882904143,0.36492212774096194,0.9397138986350825,0.34292239535766894
9417.766006869515,0.36236999131594416,0.9735890343530963,0.35279944992382994,0.35907815464323717,0.9680989981598959,0.3476232017712221,0.3597995639098637,0.958046006499753,0.34470453534419754,0.36497116823406955,0.939382695284726,0.3428475997169354
9593.209477938248,0.3618458923671731,0.9734385582700648,0.35223474378184605,0.3584644185951457,0.9678984315874468,0.3469571485381475,0.3596968719088668,0.9577825906706187,0.3445114018329921,0.3651126819361508,0.9390468591534057,0.3428579172092188
9771.921283717993,0.3612189819695344,0.9732499215710878,0.35155634587183754,0.3583831829331502,0.9676739162377999,0.34679805814268927,0.3594487065439366,0.9575184691297962,0.34417877522063556,0.36503320256768246,0.9387132629904069,0.3426615086821474
9953.96230998424,0.3609603067090022,0.9730846509725094,0.35124493406885937,0.3584805928154703,0.9674658497793979,0.34681773135764127,0.35949380381541163,0.9572569351129665,0.34412793683244297,0.36497313145399224,0.9383772414341978,0.34248248029139805
10139.394576752913,0.36028422214413225,0.9729267961770084,0.3505301739638162,0.3579960402795367,0.9672570559860935,0.3462741959754636,0.3592585887233382,0.95699877707326,0.34381003006129995,0.3651445775177856,0.9380487650751664,0.3425234200144522
10328.281259410292,0.36067961874535187,0.9727499697623136,0.35085108822842387,0.3580708819175511,0.967034721114346,0.34626697543430696,0.35940946492699277,0.9567441896179659,0.34386291726260243,0.3650831177956899,0.93771719348103,0.34234471660667865
10520.686710236225,0.36058800973777994,0.9725808752701813,0.35070100212270267,0.3580034625765516,0.9668336672329761,0.3461298006049909,0.3591724755792132,0.9564914725352128,0.3435454100608794,0.36507824959568314,0.9373864857719322,0.34221941742026574
10716.676480328639,0.3599976428329673,0.9723799885206298,0.35005450380537456,0.35748458426024027,0.9666357707135593,0.3455573866246137,0.3593268817885472,0.9562374497141256,0.3436018210552095,0.36521895470014054,0.9370553870239146,0.34223038894500973
10916.317341936143,0.36020605934050215,0.9722052465287531,0.35019422072228357,0.35759314004524206,0.9664331943246808,0.3455898806025162,0.3589074714543253,0.9559748673967635,0.3431065224312563,0.3652837971264102,0.9367177731391778,0.34216782500807413
11119.677311206997,0.3602023313366489,0.9720141509283357,0.3501217632565998,0.3568749433468408,0.9662212102769575,0.34482013967810515,0.3590368652919294,0.9557098694723773,0.3431350756639214,0.3651678160223036,0.9363779341189783,0.34193508517370375
11326.825671361534,0.35912978241076665,0.9718304161262449,0.3490132458835831,0.3568199811710262,0.9660069873383901,0.34469059503316407,0.358667196795895,0.9554407484927543,0.3426852549664679,0.36512639135797964,0.9360409290444257,0.34177324658536185
11537.832996296618,0.35917782425259875,0.9716481742175864,0.34899447715448273,0.35674279400907843,0.9657947536919369,0.34454031887137126,0.3588111363976413,0.9551753978513307,0.34272756996210507,0.3652501303151871,0.9357061447124049,0.3417667912929272
11752.771174629446,0.35905667207721453,0.9714513145390845,0.34880607608343905,0.35648889527315597,0.9655826713952478,0.3442194998205947,0.35862622593040216,0.9549085545304893,0.342455251019925,0.3653861589515148,0.935372386089788,0.34177212334266094
11971.71343418965,0.35839004292301047,0.9712660789072316,0.3480920917092268,0.35676802979074285,0.9653691455450416,0.3444128480768774,0.35863913472988895,0.9546326724547997,0.34236863563407083,0.3654394791156544,0.9350385457930704,0.3416999991276786
12194.734366967377,0.3585601384815951,0.9710827420981619,0.34819156248380406,0.35659609400897685,0.9651527227956365,0.3441696910710528,0.3585001038414749,0.9543531906242397,0.34213571794023284,0.36541186649675644,0.9347031392663926,0.3415516187397102
12421.909954526156,0.3586466691876806,0.9708902172246566,0.3482065425545268,0.3566797703444021,0.9649327372186413,0.3441719871089403,0.3586958512432399,0.9540816466429345,0.3422251283981394,0.36538091996695415,0.9343655117888303,0.3413993302827968
12653.317593889426,0.35833478426702725,0.9707086962972161,0.3478386912737902,0.356679823692637,0.9647084279451574,0.3440920319942798,0.35860889261010415,0.9538074322961302,0.34204382705900216,0.3654116316792145,0.9340264404736948,0.3413041256450215
12889.03612390891,0.35849008104258046,0.9705337957733813,0.3479267391013627,0.35651094347659074,0.9644810404656451,0.34384804570169103,0.35857762686629935,0.9535337172175776,0.34191585745687997,0.36550873729010325,0.9336879689512578,0.3412711105543354
13129.145852124648,0.35781418659174,0.97035647526683,0.34720731290162865,0.35665012360460213,0.9642518646767446,0.3439005467229291,0.35873721585633755,0.9532644366614572,0.3419714299827912,0.3656398974619913,0.9333516985829908,0.34127061936586023
13373.728582124944,0.35780084518726335,0.9701741754699429,0.3471291399620019,0.3562872312430578,0.9640211813344407,0.3434684375573096,0.3585515149766396,0.9529959944658034,0.3416981575823831,0.36577296381411967,0.9330172983980006,0.34127250252487956
13622.867641416462,0.35723399982334636,0.9699854966198114,0.3465117987281302,0.35647738283438585,0.9637921050130016,0.34357008719147836,0.35870215627298985,0.9527232173290094,0.341743872387256,0.36588851891168706,0.9326823020074614,0.3412577460966528
13876.647909813068,0.356992341080472,0.9697909459120645,0.34620794013979334,0.35588668108973964,0.9635634544990705,0.3429193998410386,0.35869778849611034,0.9524462963774113,0.3416403801718883,0.36597948273732284,0.9323442521927545,0.3412188671506204
14135.15584835395,0.35688562099357124,0.9695919571206257,0.3460334277273666,0.356095285501749,0.963338409379191,0.3430402659226838,0.3585632191691128,0.9521676290069119,0.34141229024533987,0.3660483798480282,0.9320047902878171,0.3411588434954567
14398.47952876006,0.3566532614901166,0.9693895250135676,0.34573593575044387,0.355948760849161,0.9631188555107925,0.3428209631695287,0.3587244161623472,0.9518858409116975,0.34146469253425354,0.36610910777030287,0.9316667371784786,0.3410916778876821
14666.70866343968,0.3566925880736963,0.9691845011261417,0.3457009280275977,0.35615149757993037,0.9629005156914179,0.3429384606839857,0.3587294858151124,0.9516045298694116,0.34136860369938576,0.3661707020725028,0.9313305529724927,0.3410259624435099
14939.934636052556,0.35660251127742026,0.9689776210681492,0.34553985304452256,0.35606249842565835,0.9626729071353421,0.3427717204813017,0.35864229692031274,0.9513248855023184,0.341185342054005,0.36623616678963805,0.930994809866709,0.3409639704666314
15218.250532643864,0.3564180158711413,0.96876988005764,0.34528703848586756,0.35588056972268,0.9624396029363407,0.34251355421665486,0.35869852421727527,0.9510425037585681,0.34113754256610085,0.3663332845804587,0.9306603530396914,0.3409318639578395
15501.751173357683,0.3564569231107885,0.9685626641020763,0.3452508670858143,0.3558308513579081,0.962199719827961,0.342380345482724,0.3587557215491668,0.9507669143482081,0.34109307038206627,0.3664444199025854,0.9303237525989901,0.3409119478427333
15790.533144741752,0.35601748562638436,0.9683555774475325,0.344751517875156,0.3558584828882912,0.9619666602373876,0.34232399630119303,0.3586691712321484,0.9504852475929711,0.34090975602255436,0.36656462553779,0.9299863679003204,0.3409001047046304
16084.694832653546,0.3561473781881887,0.9681518422857849,0.34480474031814706,0.3559010436797115,0.9617270348829249,0.34227965544982725,0.3587163938049359,0.950199618301139,0.34085218047181115,0.3666691121542264,0.9296502095041382,0.3408740169328729
16384.33645577984,0.35601855947795724,0.9679541083221449,0.3446096272856206,0.3557672291257627,0.9614887334376438,0.3420661825307496,0.3588859429660264,0.9499159638545615,0.3409114864264261,0.3667507671110772,0.929316205287299,0.3408274311778722
16689.560099780225,0.3561487740106441,0.967760579718965,0.3446667440027396,0.35603358197677865,0.96125606082725,0.34223943853321404,0.3589408754185566,0.9496285470572025,0.34086050200316426,0.36678851478261476,0.9289832886922317,0.34074040071729267
17000.469752067176,0.35614598581074536,0.9675673839996446,0.34459523981287743,0.3558838976941239,0.9610202434782008,0.34201163001197804,0.35880919414716256,0.9493383637101996,0.34063133325584266,0.3667906300600396,0.9286486311625368,0.3406196165285002
17317.17133723352,0.3560665626959176,0.967363618235609,0.34444583842223914,0.3559757212787356,0.9607845333933267,0.34201596726814293,0.35874079646756424,0.9490507394280752,0.34046321815055847,0.36681219002434784,0.9283136081751205,0.3405167476441203
17639.772753140445,0.35606322029860077,0.9671561247231517,0.3443687243004406,0.3559986579000117,0.9605487295667343,0.3419540585733187,0.3588245175261431,0.9487650555352821,0.34044016329811194,0.366902082359997,0.9279804571970233,0.3404779621349699
17968.383907677187,0.3558942164863074,0.9669419229437499,0.34412903805382933,0.35584720773360423,0.9603113333893892,0.34172410654154844,0.35895932655366547,0.9484800272090034,0.34046575181654615,0.3670090225345936,0.9276492315487943,0.3404556377256899
18303.116756206124,0.3559247260299553,0.966734052001244,0.3440845526023713,0.35603433049185595,0.9600688632937346,0.341817474968862,0.3590242609640858,0.9481931318740455,0.34042433842230113,0.36704091878277867,0.9273180708893565,0.3403636767431033
18644.085339704845,0.35575314789206786,0.9665208893202939,0.34384284887913547,0.3560061550766095,0.9598260225077812,0.3417039718154704,0.35900379471454885,0.947903134682404,0.34030082237279907,0.36706376168167365,0.9269859820761708,0.34026296160705977
18991.40582361935,0.3556644021741961,0.9663083554564579,0.3436814835593517,0.35576281009063543,0.9595784050242057,0.34138230987370133,0.358952195538316,0.9476109720415515,0.3401470389305127,0.36715245815914543,0.9266541824858644,0.34022336096313843
19345.196537440435,0.3555126578723307,0.9660971279723695,0.3434597577282823,0.35598975168133457,0.9593352512193027,0.34151351786071027,0.35893075065327035,0.9473186608496069,0.34002179804660027,0.36722299108365836,0.9263245677760953,0.3401676784930147
19705.578015017996,0.3556352677069129,0.9658864443258128,0.34350328420228865,0.35596486500198965,0.9590884309043176,0.3414017838318255,0.3589657213135263,0.9470273550545266,0.3399503576107891,0.3672379566221655,0.9259967009670593,0.3400611363020093
20072.673035625678,0.35538542846792903,0.965676354806053,0.343187305114097,0.355917188543208,0.9588489307903345,0.34127081568455686,0.3590513642798755,0.9467371579730212,0.33992726818466523,0.3673324268978234,0.9256685875779611,0.3400280887780929
20446.606665791172,0.35537062820459325,0.9654666375176093,0.34309848548520916,0.3559826345560396,0.9586055352232641,0.34124692392878,0.3591761965669997,0.9464471546776289,0.33994128926876954,0.3673702823816279,0.925340245588677,0.3399425073209972
20827.506301905134,0.35547306376313104,0.9652558776124148,0.34312246413025493,0.35602376730408086,0.9583567952037209,0.3411977966498942,0.35932728031490196,0.9461554748035211,0.339979473516204,0.36741881308091195,0.9250138952052317,0.3398675074596573
21215.50171362452,0.3552712932006976,0.9650423507848768,0.3428518439567844,0.3558751604515887,0.9581105224153265,0.34096773589490975,0.35947785481327793,0.9458617786285912,0.34001636313127753,0.36749381721100294,0.9246897698658862,0.3398177732639784
21610.725088083756,0.35535072102854365,0.9648234141454981,0.34285069588182393,0.3558663333128236,0.9578614486428491,0.34087064155024016,0.3595840333077067,0.9455656689963591,0.3400103170150108,0.36752630418242405,0.924365316818351,0.33972856860466405
22013.311074930316,0.35544175406719486,0.9646051473912277,0.342860945570983,0.35599167834296924,0.9576069370387973,0.34090010070931154,0.3597091011957036,0.9452723368696253,0.3400230626805353,0.36760771690725824,0.9240412976243098,0.3396847117476928
22423.39683219844,0.3552816158499124,0.9643846206749264,0.3426281263341927,0.3561218371811803,0.957353761255191,0.34093458029051166,0.35984024250389507,0.9449811836198311,0.3400422582753778,0.36765060156776386,0.9237192911931027,0.3396059530868926
22841.12207303825,0.3553557347571883,0.9641640801969256,0.3426212351448671,0.3561402247132323,0.9571025537871154,0.3408627185793518,0.35994683474580524,0.9446867814336731,0.340037016803253,0.36771374217183733,0.923398985679597,0.3395464965419234
23266.62911331457,0.35546636453741515,0.9639448111346242,0.34264995762873013,0.3560439620472322,0.9568535550033227,0.34068193082236226,0.3600432508937951,0.9443917596434415,0.3400218792593362,0.367779221616615,0.9230788269659451,0.33948921247231334
23700.062920093293,0.35538276258432705,0.9637209859987877,0.34248982636474073,0.3559987944906972,0.9566034113495725,0.34054966124613634,0.36009177788899055,0.9440951253687895,0.33996089219037684,0.36780887989989364,0.9227596088977612,0.3393991781655495
24141.57116103017,0.3554173441916796,0.9635042101470463,0.34244610748796517,0.3560905141396364,0.9563503189230277,0.34054727676290614,0.36010449244139386,0.9437998870084872,0.33986657927743613,0.36789232401763977,0.9224426233181025,0.339359560465425
24591.304254680457,0.3555423462630094,0.9632810425788001,0.34248720198914445,0.35624768800597495,0.9560943882095839,0.34060641531515135,0.3601037220612704,0.9435059150756573,0.3397599918055691,0.36794546766997804,0.9221267270525592,0.3392923498363401
25049.41542174502,0.35546018689393666,0.9630526968214226,0.3423268916008526,0.3563821072695364,0.9558370112838596,0.3406432082875575,0.3601026076532193,0.9432109964693991,0.339652739395822,0.3679776276215297,0.9218113657296516,0.33920595947575943
25516.06073727186,0.35527777214820566,0.9628252263414023,0.34207040138266526,0.35645354122641243,0.9555798209521318,0.3406198111028885,0.36015959882162196,0.9429150395596254,0.3395999023706685,0.36804259665009226,0.9214980917796296,0.3391505505066799
25991.39918382932,0.3553224009384415,0.962599348811173,0.3420331117613663,0.3564631952126291,0.9553231249146991,0.34053753356760724,0.36026417623197604,0.9426185207982695,0.3395916848963923,0.36812134393178014,0.9211864994107718,0.33910841217490534
26475.592705670686,0.3554671246494579,0.9623715987505689,0.34209146505216653,0.3564421018631856,0.9550663251344839,0.34042584834968403,0.36036055362587743,0.9423223765422668,0.3395758133048238,0.3681772790602486,0.920875464973605,0.33904542304732316
26968.806263906914,0.35557506439540015,0.9621421486233527,0.3421137564542773,0.3564225520715721,0.9548093883026902,0.3403155989207415,0.3603573386412493,0.9420266717892142,0.3394662243750349,0.3682124843677062,0.9205662796578312,0.33896399685794665
27471.207892708135,0.35557479167667105,0.9619141134265614,0.34203241049249933,0.3564030666948777,0.9545506909133579,0.3402047935572351,0.36038348709930335,0.9417307960710309,0.339384228196881,0.36824524532569125,0.9202591000863111,0.3388810380744835
27982.96875655115,0.3555011114794182,0.9616847497882577,0.3418799974425318,0.35638067361800785,0.9542900190917522,0.3400905198308602,0.3604753166910985,0.9414338535680177,0.3393636665086524,0.36828547893046476,0.9199526579429859,0.3388052052238866
28504.26320853437,0.3554622397244083,0.961452659543952,0.3417601157504822,0.35636535522162094,0.9540274137774561,0.3399823182019675,0.36053895547534315,0.9411370786971793,0.33931657931259684,0.368331360513969,0.9196480489314461,0.33873521705693665
29035.26884977813,0.3555061683947992,0.9612186000448563,0.3417191414917598,0.3563473142019885,0.9537681966606805,0.33987273525130746,0.36054472761460005,0.9408418940702773,0.3392155844259725,0.36838028101189596,0.9193455060476572,0.33866875586485967
29576.166589932553,0.3556031548103027,0.960984388054782,0.34172908011572867,0.35629826531435665,0.9535087960113766,0.3397335299808342,0.36063151048788394,0.9405472799829374,0.3391909862655174,0.3684276058297182,0.9190438609852191,0.3386011293552846
30127.140708811632,0.3557115464405447,0.9607516102995949,0.3417504410449124,0.3562655499751735,0.9532456208877811,0.33960857538701106,0.36069020767512994,0.9402516147541572,0.3391395501925532,0.36847004340388495,0.9187443040810049,0.3385297536018
30688.378919176444,0.3558071783592089,0.9605192312298863,0.34175963742366233,0.35626635543420604,0.9529823443574834,0.33951554661738614,0.36071633358683175,0.9399555057847256,0.33905730378142224,0.36850634810584415,0.9184466587434156,0.33845342414355056
31260.072430687025,0.35587876405220403,0.9602867491775294,0.34174566143300805,0.3563160541716923,0.9527176240814578,0.3394685845525347,0.3608014474251525,0.939660241931534,0.33903077537676646,0.3685430047215003,0.9181501585522707,0.33837781821837576
31842.41601504649,0.35592457824207624,0.9600521082929288,0.34170614173457675,0.35641384155783684,0.9524544514125877,0.33946794993682244,0.36081317590543505,0.9393663907891385,0.3389357707994551,0.36859285827133415,0.9178559783254552,0.33831515853241123
32435.608072358104,0.3559489577582665,0.9598120779554374,0.341644108792034,0.35654288594454125,0.9521918519472977,0.3394972308661669,0.36090650066904056,0.9390716916463336,0.33891707810943456,0.36865784339383934,0.9175633250203162,0.33826691657927027
33039.85069871853,0.3559497998132898,0.9595721807248985,0.3415595256354295,0.35662521487200227,0.9519278804514134,0.339481484908635,0.36092054594954587,0.9387766183939595,0.3388237696354164,0.3687142149344325,0.9172723206602388,0.338211343593325
33655.34975507093,0.35594273739283916,0.95933522394188,0.3414684056872451,0.35666138975715156,0.951660687954607,0.33942062354313707,0.3610105063444284,0.938483408030541,0.3388023703289504,0.3687511613752647,0.916983610336868,0.33813877127380326
34282.31493733966,0.35593852251806923,0.9590969892266555,0.34137956529686436,0.35662412214021993,0.9513946310328344,0.339290275101003,0.361037025656283,0.9381906723165515,0.3387215698316362,0.36880652408891035,0.9166962670166716,0.3380835638836983
34920.9598478727,0.3559549307437164,0.9588574123777298,0.34131002381601394,0.3566719916681786,0.951130313788885,0.3392415433550613,0.36110601796657277,0.9378972027444751,0.3386803241450448,0.36886082831359257,0.9164112549140349,0.33802821456348975
35571.50206821381,0.35603524337519266,0.9586180991806856,0.34130182824565997,0.3567784333942692,0.9508655693625374,0.3392483282057159,0.3611728714476455,0.9376042839112239,0.33863723150183017,0.3689009775265104,0.9161278824790936,0.3379604713858297
36234.163233231484,0.35613595619093913,0.9583749174220261,0.3413117676055056,0.3568495139441948,0.9505987264773995,0.33922069349943057,0.36119098656606274,0.9373129221597404,0.3385489790759958,0.3689598845421378,0.9158465102239973,0.3379106226705659
36909.169106627734,0.356261991401465,0.9581327751814863,0.34134629051316845,0.35685662283361674,0.9503304917101405,0.3391317298474911,0.3612645196083579,0.9370215938290242,0.3385126559573003,0.3689991025081415,0.9155672190909989,0.33784348213045357
37596.74965785466,0.3563800470016693,0.9578908477186032,0.34137318533242467,0.35692403330322736,0.9500628672764871,0.33910027047995256,0.361339157190029,0.9367303850928748,0.3384773678637507,0.36905354960475667,0.9152896607604043,0.3377908982201608
38297.13914046276,0.35642060179608637,0.9576487845758722,0.34132575610782306,0.3570123778751226,0.9497963048267103,0.3390890372831886,0.3613652528706924,0.9364406985868735,0.3383971298432534,0.3691020993531656,0.9150144083815899,0.33773373907203963
39010.57617190992,0.356438139453398,0.9574051455154378,0.3412557087706324,0.3570061504612842,0.9495288291982649,0.3389876320640828,0.3613970138549766,0.9361514902091385,0.338322353077469,0.36914100398058625,0.9147408390557572,0.33766835171108606
39737.30381485602,0.356415472495571,0.9571605915171366,0.34114684447972043,0.35710044147433395,0.9492596527637462,0.33898104107570676,0.3614594986585881,0.9358621589844751,0.3382762668000723,0.3691947586030201,0.9144696112263638,0.33761738736651503
40477.56965997321,0.35646468267314535,0.9569153795025793,0.3411065370994394,0.3571391459516115,0.9489911794884541,0.33892189935811895,0.36153867903863696,0.9355743855946826,0.33824632751028594,0.36924785070755156,0.9142001175781186,0.3375664285323112
41231.625910297465,0.35655956796768357,0.9566694601325516,0.3411096493927397,0.35718537427312747,0.9487243675007115,0.3388704682877778,0.3616136896909165,0.9352874554457223,0.3382127476853563,0.3692907813492842,0.9139329941085526,0.33750702949523814
41999.72946715305,0.3566012086379568,0.9564234300663023,0.3410617511313037,0.3572495645355954,0.9484558543623836,0.33883544095219764,0.36167694250929794,0.9350005352029055,0.33816813481674407,0.36932897525799246,0.9136676586369267,0.3374439400907454
42782.14201767611,0.35659763247113535,0.9561763815598606,0.3409702338890633,0.35728960801838444,0.9481867571673264,0.33877727479653713,0.36173335889843555,0.9347151009289343,0.3381176330721136,0.3693671208124184,0.9134047076637738,0.33738166700627686
43579.13012397028,0.35664333778711677,0.9559284238709318,0.3409255037749069,0.35734623294998863,0.947917944994536,0.338734906789492,0.3617850850294641,0.9344306962535937,0.3380630888982477,0.369405839199227,0.9131435856186896,0.3373205725548632
44390.96531392165,0.3567382632463849,0.9556810693884887,0.3409280049110973,0.357402799795821,0.9476501811074991,0.338692827954837,0.3618401177214861,0.9341464657973765,0.3380116671532329,0.36944423693052175,0.9128847964139748,0.3372600270166356
45217.924173707004,0.35674351778540303,0.9554343209404594,0.34084500066520723,0.35743787992558274,0.947381611325722,0.3386300746327485,0.3619041993091078,0.933863927756362,0.33796927703832463,0.3694821770050568,0.9126279181166265,0.33719974998132385
46060.288442023964,0.3567990203025171,0.9551864719516431,0.340809597398564,0.3575221767504253,0.9471122535434031,0.3386136345138382,0.36197548670813257,0.933582179327102,0.33793386374396683,0.36952273025770616,0.9123733633544775,0.33714269624115273
46918.34510607797,0.3568856518081193,0.9549375303677022,0.3408035029613132,0.357540557205054,0.9468439536289083,0.33853511476671616,0.36204255650984846,0.9333010565569537,0.3378947005092222,0.3695699172629946,0.9121208011399492,0.3370924090111474
47792.38649935594,0.35689361658199886,0.954687898162318,0.3407220166822167,0.35759333184197317,0.9465764094346638,0.3384894120927532,0.36209283213370885,0.9330216695355582,0.33784045876425167,0.36961761657546904,0.9118704486684307,0.33704338186242894
48682.71040122282,0.3569801233961573,0.9544391142763675,0.3407157927884968,0.3576826443266051,0.9463080075503632,0.3384779504880549,0.3621238329239804,0.9327427598751696,0.33776838333808834,0.3696558528280936,0.9116222407251526,0.3369864968523139
49589.6201383721,0.35697777668442177,0.9541903765131912,0.34062475914135026,0.3577122955970301,0.9460399122743733,0.3384101087460791,0.3621722910565351,0.9324652640548271,0.33771308101337366,0.3696996977921209,0.9113761141435136,0.33693547397381446
50513.42468816764,0.35706467853034796,0.9539390608338575,0.3406179440941834,0.35773558383859716,0.9457727765153352,0.3383365763853645,0.36223918724002696,0.9321891212779805,0.33767542964573055,0.36974228989315605,0.9111322561575175,0.33688412678719815
51454.43878390923,0.3570650597215084,0.9536892393828987,0.3405291052160147,0.3577914614017342,0.9455049221494413,0.3382935878583815,0.362276362751396,0.9319137060235101,0.33761030781637097,0.36978364577595646,0.9108904251308712,0.33683238230730445
52412.98302206061,0.3571512756817991,0.9534394725231116,0.3405221238970109,0.35786725355747395,0.9452370839197033,0.33826939918301974,0.3623267789428195,0.9316400760984502,0.3375581479067947,0.36982362786154915,0.9106508227387622,0.33678019098035356
53389.383971473486,0.3571804704197489,0.9531886269081455,0.34046036215780595,0.35794260743403267,0.9449706059265727,0.3382452426338752,0.36237943818858875,0.9313672264689196,0.33750833227507115,0.3698683500219383,0.9104133904376954,0.3367330985590691
54383.974284647986,0.3572329213786956,0.9529371839075614,0.34042053409768547,0.35800543504349497,0.9447036208147641,0.3382090307569545,0.36242131945782335,0.9310959536688209,0.33744902407049443,0.36990657337653693,0.9101780112019029,0.33668082928636717
55397.09281106398,0.35731404914979514,0.9526870785686323,0.34040847761604703,0.35805404405029806,0.9444368871538147,0.3381594467956983,0.3624732691712409,0.9308259168524547,0.33739951311082694,0.3699438072428519,0.9099448591364677,0.3366284655700055
56429.0847126254,0.3573373123253802,0.9524365419576141,0.340341114063613,0.35809842864243646,0.9441712130521905,0.33810622776341254,0.3625231086805967,0.9305571953448151,0.33734848726149963,0.36998367283582767,0.9097138500421642,0.33657927146822125
57480.301581253494,0.3573860476617263,0.9521848261812426,0.34029757167238217,0.35813904800388785,0.9439055530124136,0.3380494361614491,0.3625601302020994,0.9302900295618446,0.33728607424365725,0.3700248720688168,0.9094849217190516,0.3365320418076099
58551.10155867242,0.35747595547792904,0.9519335452114172,0.3402933536259437,0.3581850780914973,0.9436402601456964,0.33799786027056705,0.36261880480172887,0.9300239998330193,0.3372441912563727,0.3700658611828983,0.9092581917739917,0.33648541577644714
59641.84945842457,0.35753155570564377,0.9516828935657113,0.3402566654749974,0.3582443476563239,0.9433759915150318,0.33795911667494033,0.3626668572750676,0.9297597490765313,0.33719304621844104,0.3701054071550908,0.909033604731513,0.3364382523968165
60752.916890160755,0.35754756216210387,0.9514312017795595,0.34018190676124227,0.35831487459005806,0.9431115180350449,0.3379308853091664,0.36270225697201963,0.9294966275634663,0.33713052466515,0.3701423690980939,0.9088110755186188,0.3363894845550483
61884.68238624381,0.35757208596992446,0.9511794999009319,0.34011523791140574,0.3583800824999367,0.9428480521582271,0.33789796271737005,0.362741012502439,0.929235322075426,0.33707176158267005,0.37017813347451844,0.9085906588730098,0.3363403941939937
63037.5315307128,0.3576257874733372,0.9509286714187513,0.3400766149471052,0.35842795599689803,0.942585344617683,0.3378489384239478,0.3627876227598543,0.9289752185916674,0.33702071115568705,0.3702173090975446,0.9083724012387537,0.33629518604508646
64211.85709064756,0.35769325135268376,0.9506772135867191,0.34005082351474336,0.3584559074787284,0.9423227983662734,0.33778117382627737,0.3628381167921352,0.9287169256346294,0.3369739003302504,0.3702551702277786,0.9081562359090298,0.3362495417199165
65408.05914998257,0.3577688613953735,0.9504258499104664,0.3400327741631977,0.35851060883175334,0.9420614887057429,0.3377390378728438,0.3628888996195787,0.9284599812521042,0.33692782093739077,0.37029127728803063,0.9079421207336433,0.3362030475900641
66626.54524581149,0.35784530368264716,0.9501752451726044,0.34001574916052435,0.35857331638465345,0.9418003003134392,0.3377044570554525,0.3629371153464922,0.9282048181899198,0.33687997916456475,0.370328549636649,0.9077300739431488,0.33615836174493446
67867.73050723299,0.35792274391667184,0.9499241766085523,0.33999946780451823,0.35860308234603583,0.9415400528024742,0.3376391650872166,0.3629800060654745,0.9279511348682536,0.33682770856294264,0.3703658354020411,0.9075201264647162,0.3361144497822706
69132.03779678125,0.3579897784537084,0.9496733778235592,0.3399733621304409,0.35866509759034004,0.941280774410703,0.33760456081392565,0.3630166602495989,0.927699176851911,0.33677025689708273,0.37040022072037415,0.9073122535664763,0.3360686589833229
70419.89785449293,0.3580412386363986,0.9494231675953444,0.33993264691593017,0.35870444178915806,0.9410217801615772,0.33754869236429835,0.3630543839702867,0.9274488881160602,0.3367143847389036,0.37043521911121474,0.907106404448309,0.3360241596889955
71731.7494446561,0.35807918299265457,0.9491724931847327,0.3398789108786901,0.3587626803073006,0.9407642083484447,0.33751108892426374,0.36310307972971845,0.927200167230704,0.3366692362473786,0.37047102958633943,0.9069025791567141,0.33598113223469456
73068.03950529505,0.35810503885639566,0.9489227339558838,0.33981401251498894,0.3587964867190308,0.9405069930320704,0.33745060483458683,0.3631468766872419,0.9269533100244364,0.3366201993702747,0.37050671047065425,0.9067007543223184,0.33593871386522306
74429.22330043756,0.35815036364615416,0.948673176848655,0.3397676432696981,0.35885765473600756,0.9402511043214802,0.33741630615974755,0.36318400939967227,0.9267079797531935,0.33656551962943515,0.3705414927156498,0.9065009339464056,0.3358962092126318
75815.76457522115,0.3582184610564815,0.9484237342093492,0.3397428904979145,0.35889549336225524,0.9399957080071544,0.3373602233836301,0.36323173429487576,0.9264645375004891,0.3365213207190026,0.37057489935973786,0.906303097798137,0.3358531792559633
77228.1357138864,0.35826520976679593,0.9481751552790195,0.33969817090170223,0.35893532256552674,0.9397415927989551,0.33730645173953483,0.363267779733949,0.9262227754383233,0.3364668911724958,0.37060845586713403,0.9061072407779521,0.3358110053547463
78666.81790071589,0.3582971209263687,0.9479262739892448,0.33963925482080654,0.35899402589272217,0.9394882482660608,0.33727066852393445,0.3633117274689448,0.925982723959332,0.336420383048064,0.37064334082462363,0.9059133536598067,0.33577075189810957
80132.30128396885,0.3583646513696505,0.9476782681495204,0.33961439217599704,0.3590473536196932,0.9392361241353524,0.33723024479481595,0.3633548448688638,0.9257445982601186,0.33637378488899405,0.37067585481590243,0.9057214074236528,0.33572905692182475
81625.08514287217,0.3584016598774452,0.9474307213446761,0.3395607431488172,0.3590884185836653,0.9389848664277372,0.33717859075953033,0.36339020309533054,0.9255081043403856,0.3363205780026271,0.3707099614848991,0.9055313912144546,0.3356895071604776
83145.67805772061,0.3584580523987229,0.9471833350972605,0.33952549356349093,0.3591227689818761,0.9387348609165264,0.3371210625921593,0.363427912942212,0.9252734685222472,0.3362702055658418,0.3707425333843665,0.9053432857363625,0.3356492633364254
84694.59808314573,0.3584961465662376,0.946936955964646,0.33947324975448856,0.35915639473971606,0.9384858083474577,0.337063179440461,0.3634694552588712,0.9250407150103752,0.3362240447770978,0.37077433803188425,0.9051570788265851,0.33560901671680116
86272.37292461446,0.3585553024700121,0.9466906836749733,0.3394409644306226,0.3591907422140753,0.9382380738950202,0.33700643013585674,0.3635122219279608,0.9248096884169515,0.3361796246969512,0.37080626458338095,0.9049727453475419,0.33556956325208925
87879.54011821306,0.35858503074786663,0.9464454465812088,0.3393811695635011,0.3592263129164879,0.9379913032114289,0.336951157400373,0.3635544833414912,0.9245804946034155,0.3361353840231651,0.370837990543865,0.9047902725569977,0.33553060653867295
89516.64721378298,0.35864153164993534,0.9462003283605223,0.33934673501088947,0.359268140559696,0.9377460148485722,0.3369022670719116,0.36359446641581145,0.9243532325840521,0.3360897203811289,0.3708691480274506,0.9046096414915236,0.33549180703737885
91184.25196146559,0.35869412087948327,0.9459564309574031,0.33930901039255934,0.35931921946167594,0.9375016352504374,0.336862355822232,0.36363048169695655,0.9241277640022839,0.3360410239736819,0.3709000744589045,0.9044308385032982,0.3354534653438027
92882.92250172496,0.35872711811147323,0.9457128023430406,0.3392528281456442,0.35936791242016825,0.9372587984855226,0.33682073780917743,0.36366516058914333,0.9239041060584725,0.3359917350987233,0.3709316687389449,0.9042538414468597,0.33541638637148496
94613.23755890757,0.35876251441680185,0.9454701913543039,0.33919926315640486,0.35940209556955877,0.9370169844316695,0.33676586778901063,0.36370549509480415,0.9236823649650837,0.33594835185996536,0.3709621281107643,0.9040786384755857,0.33537893570838556
96375.78663841085,0.3588071314107331,0.9452279858172927,0.3391545421202479,0.35944608314218685,0.9367765787408043,0.3367206720077205,0.3637420844467063,0.9234625452296993,0.3359021911103116,0.37099307470332443,0.9039052172179011,0.3353425757760455
98171.1702275218,0.358858615986978,0.9449869457017299,0.33911670746028433,0.35948917722407864,0.9365375371568745,0.3366751086719898,0.363779083281264,0.9232445630378082,0.33585706078630506,0.3710229889577768,0.9037335563393974,0.3353059252944846
99999.99999999997,0.35891282858192924,0.9447463341089184,0.3390815790674403,0.35952780687207403,0.9362996472201908,0.3366257587401718,0.3638146196641256,0.9230283914392957,0.335811223170677,0.3710526017124507,0.9035636380558024,0.3352696387133726
