Xdata,P_Band4_nterms2,omega_Band4_nterms2,P_times_omega_Band4_nterms2,P_Band5,omega_Band5,P_times_omega_Band5,P_Band5_robust_minus1,omega_Band5_robust_minus1,P_times_omega_Band5_robust_minus1,P_Band6,omega_Band6,P_times_omega_Band6,P_Band7_nterms2,omega_Band7_nterms2,P_times_omega_Band7_nterms2
66.66666666666666,0.9999705660150361,0.3259342300936702,0.32592463655044235,0.9999433161976592,0.4042814784203765,0.40425856220896367,0.9999433161976592,0.4042814784203765,0.40425856220896367,0.9998322640204979,0.5475239286593474,0.5474320891968729,0.9991242750666361,0.7408271724431686,0.7401784116169468
68.49371766444936,0.999968795319502,0.3349928060639589,0.33498235272047655,0.9999398966313915,0.4141156350729967,0.41409074532833534,0.9999398966313915,0.4141156350729967,0.41409074532833534,0.9998220581142153,0.5574192087094784,0.557320020484308,0.9990689731638035,0.7480860639317942,0.7473895757304891
70.32076866223208,0.9999668699562464,0.34415973536964284,0.3441483333425518,0.9999361768521658,0.42400208813552903,0.42397502698757594,0.9999361768521658,0.42400208813552903,0.42397502698757594,0.9998109424687935,0.5672508305420993,0.5671435875005022,0.9990084204502768,0.7551898909876587,0.7544410601355976
72.14781966001478,0.9999647812719693,0.35342310904663565,0.3534106619342784,0.9999321398200497,0.4339265010699787,0.4338970547395309,0.9999321398200497,0.4339265010699787,0.4338970547395309,0.9997988631315063,0.5770050805026873,0.57688902350769,0.9989422457705669,0.7621333220158973,0.7613271722711431
73.97487065779748,0.9999625203745665,0.3627709528186,0.36275735629917016,0.9999277679925113,0.4438748189420316,0.44384275697278575,0.9999277679925113,0.4438748189420316,0.44384275697278575,0.9997857642321952,0.586669170221844,0.5865434847017141,0.9988700553912135,0.7689120364417111,0.7680432084315028
75.80192165558019,0.999960078129799,0.37219128470994267,0.37217642613778457,0.9999230433143786,0.45383333087669897,0.4537984053677302,0.9999230433143786,0.45383333087669897,0.4537984053677302,0.9997715879126933,0.596231255789776,0.5960950693641235,0.9987914311449091,0.7755226601018191,0.7745853875684028
77.6289726533629,0.9999574451577414,0.3816721706822713,0.3816559286832534,0.9999179472071226,0.4637887266654261,0.46375067150509813,0.9999179472071226,0.4637887266654261,0.46375067150509813,0.9997562742510031,0.6056804468766601,0.6055328269560923,0.9987059283865959,0.7819626982145788,0.7809507824840783
79.4560236511456,0.9999546118290202,0.3912017778445913,0.39118402191141094,0.9999124605574726,0.4737281472686346,0.4736866773707132,0.9999124605574726,0.4737281472686346,0.4736866773707132,0.9997397611800484,0.6150068066123134,0.6148467579666984,0.9986130737435107,0.7882304671841964,0.7871372496530938
81.2830746489283,0.9999515682608556,0.4007684248427356,0.40074901493092635,0.9999065637053826,0.4836392290643694,0.48359403960687397,0.9999065637053826,0.4836392290643694,0.48359403960687397,0.9997219844007766,0.6242013431052059,0.6240278053947665,0.9985123626390848,0.7943250263301588,0.7931433587442801
83.11012564671101,0.9999483043129141,0.41036062909135396,0.4103394152166801,0.9999002364313371,0.4935101417925581,0.4934609074596415,0.9999002364313371,0.4935101417925581,0.4934609074596415,0.999702877289356,0.63325599352056,0.6330678387832336,0.9984032565683163,0.8002461104706212,0.7989683227499969
84.93717664449372,0.9999448095829783,0.41996715057097056,0.4199439724087951,0.9998934579430006,0.5033296202444282,0.5032759944713386,0.9998934579430006,0.5033296202444282,0.5032759944713386,0.9996823707981691,0.6421636016528146,0.6419596317405768,0.998285180100246,0.8059940641318475,0.8046119294715907
86.76422764227642,0.9999410734024328,0.4295770319719892,0.42955171845910206,0.9998862068611925,0.5130869898094192,0.5130286040303675,0.9998862068611925,0.5130869898094192,0.5130286040303675,0.9996603933502742,0.6509178899221937,0.6506968338783506,0.9981575175772563,0.8115697780120005,0.8100744749611833
88.59127864005912,0.999937084831574,0.43917963502596685,0.4391520039652599,0.9998784612051729,0.522772186091565,0.5227086489900983,0.9998784612051729,0.522772186091565,0.5227086489900983,0.9996368707269598,0.6595134267016736,0.6592739380704752,0.9980196094855641,0.8169746281853602,0.8153566993811671
90.41832963784182,0.999932832654734,0.44876467292097033,0.44873453058924107,0.9998701983772135,0.532375768849268,0.5323066656105391,0.9998701983772135,0.532375768849268,0.5323066656105391,0.9996117259479879,0.6679455898425568,0.667686243901865,0.9978707484576815,0.8222104184208918,0.8204597256193589
92.24538063562454,0.9999283053752186,0.4583222387515387,0.45828937951060245,0.9998613951464329,0.5418889305722233,0.5418138221363518,0.9998613951464329,0.5418889305722233,0.5418138221363518,0.9995848791440775,0.6762105272172301,0.6759298181243878,0.9977101748714835,0.8272793258736367,0.825385000884949
94.07243163340725,0.9999234912100563,0.4678428300038972,0.46780703591508976,0.9998520276318573,0.5513035000489378,0.5512219223644702,0.9998520276318573,0.5513035000489378,0.5512219223644702,0.9995562474211463,0.6843051150394492,0.6840014528799278,0.9975370720033204,0.832183850316107,0.8301342414127788
95.89948263118994,0.9999183780845461,0.4773173691230827,0.47727840956513545,0.9998420712846761,0.5606119413092358,0.5605234045855495,0.9998420712846761,0.5606119413092358,0.5605234045855495,0.9995257447157814,0.6922269146583608,0.6918986223862057,0.9973505606885539,0.8369267669956207,0.8347093803183411
97.72653362897265,0.9999129536266,0.48673722024926,0.48669485153943853,0.9998315008696539,0.5698073483475019,0.5697113363048405,0.9998315008696539,0.5698073483475019,0.5697113363048405,0.9994932816413782,0.6999741284547896,0.6996194387133412,0.9971496934378042,0.8415110831355741,0.8391125185731523
99.55358462675538,0.9999072051608712,0.4960942022515909,0.4960481672699002,0.9998202904456527,0.5788834360449298,0.5787794051606191,0.9998202904456527,0.5788834360449298,0.5787794051606191,0.9994587653243338,0.7075455553992079,0.7071626072100123,0.996933447951609,0.845939998042624,0.8433458790088105
101.38063562453807,0.9999011197026558,0.505380598208111,0.5053306260242882,0.9998084133452255,0.5878345277135595,0.587721906462834,0.9998084133452255,0.5878345277135595,0.587721906462834,0.999422099229647,0.7149405467619778,0.7145273820692475,0.9967007199699724,0.8502168667365848,0.8474117632069682
103.20768662232078,0.999894683951555,0.5145891615214337,0.5145349670243697,0.9997958421532208,0.5966555396823101,0.5965337277720597,0.9997958421532208,0.5966555396823101,0.5965337277720597,0.9993831829752146,0.7221589623993574,0.7217135224567481,0.9964503153864609,0.8543451669843859,0.8513125110904899
105.03473762010348,0.9998878842848984,0.5237131188701755,0.5236544023993452,0.9997825486843641,0.6053419633364998,0.6052103309301626,0.9997825486843641,0.6053419633364998,0.6052103309301626,0.9993419121340857,0.7292011279745387,0.7287212495604077,0.9961809415489259,0.8583284695925685,0.8550504629969735
106.86178861788619,0.9998807067508944,0.5327461702168824,0.5326826171952886,0.9997685039597444,0.6138898450084683,0.6137477319401957,0.9997685039597444,0.6138898450084683,0.6137477319401957,0.9992981780238605,0.7360677934124635,0.7355512048591181,0.9958911976606165,0.862170411793366,0.8586279239884421
108.68883961566888,0.999873137061516,0.5416824861042904,0.5416137666723779,0.9997536781821594,0.6222957640987832,0.6221424790749359,0.9997536781821594,0.6222957640987832,0.6221424790749359,0.9992518674823764,0.7427600928309838,0.7422044098527437,0.9955795641862653,0.8658746735463713,0.862047130129221
110.51589061345159,0.9998651605850974,0.5505167024792255,0.5504424711291691,0.999738040710255,0.6305568097860569,0.6303916295720214,0.999738040710255,0.6305568097860569,0.6303916295720214,0.999202862628771,0.7492795061394657,0.7486822274436259,0.9952443911576485,0.8694449565701133,0.8653102164467106
112.3429416112343,0.9998567623386257,0.5592439132869765,0.5591638084966996,0.9997215600313952,0.638670556659437,0.6384927252496919,0.9997215600313952,0.638670556659437,0.6384927252496919,0.9991510406089233,0.7556278224493959,0.7549863251133686,0.9948838852620611,0.8728849659146618,0.8684191862760204
114.16999260901699,0.9998479269797195,0.5678596610789434,0.5677733049451876,0.9997042037331981,0.6466350395821342,0.6464437673514425,0.9997042037331981,0.6466350395821342,0.6464437673514425,0.9990962733242394,0.7618071053999941,0.7611186399970602,0.9944960955850352,0.8761983938868112,0.8713758816783125
115.9970436067997,0.9998386387982753,0.5763599258731742,0.5762669237429093,0.9996859384736674,0.6544487280676118,0.6542431909011684,0.9996859384736674,0.6544487280676118,0.6542431909011684,0.9990384271426469,0.7678196604651878,0.7670813459203424,0.9940788978654206,0.879388906142755,0.8741819546134677
117.82409460458241,0.9998288817077665,0.5847411125015206,0.5846410526009507,0.9996667299498445,0.6621105004228733,0.661889838823189,0.9996667299498445,0.6621105004228733,0.661889838823189,0.9989773625906047,0.7736680042764014,0.7728768224327761,0.9936299771065829,0.8824601297688042,0.8768388385396491
119.65114560236512,0.9998186392361764,0.593000036668929,0.5928924897293313,0.9996465428649101,0.6696196178861921,0.669382936054454,0.9996465428649101,0.6696196178861921,0.669382936054454,0.9989129340248362,0.7793548359682043,0.7785076258434439,0.9931468083719199,0.8854156431781,0.8793477201049007
121.47819660014781,0.9998078945165534,0.6011339099403,0.6010184288199147,0.9996253408936445,0.6769756989600232,0.6767220638496264,0.9996253408936445,0.6769756989600232,0.6767220638496264,0.9988449892824197,0.784883010530677,0.7839764622414673,0.9926266355761627,0.8882589676599606,0.8817095105886622
123.30524759793053,0.9997966302771634,0.6091403238587483,0.6090164431599165,0.9996030866461822,0.6841786941141513,0.6839071344540598,0.9996030866461822,0.6841786941141513,0.6839071344540598,0.9987733693077591,0.7902555141330245,0.7892861624646763,0.9920664480660099,0.8909935604280892,0.8839248167435821
125.13229859571322,0.9997848288312315,0.6170172333863586,0.6168844690671006,0.9995797416299462,0.691228861009563,0.6909383662951011,0.9995797416299462,0.691228861009563,0.6909383662951011,0.9986979077548641,0.7954754413672016,0.7944396589638013,0.9914629547646848,0.8936228090240677,0.8859939106801198
126.95934959349593,0.9997724720662416,0.624762939844984,0.6246207888241923,0.999555266209695,0.6981267403703744,0.6978162598190162,0.999555266209695,0.6981267403703744,0.6978162598190162,0.9986184305635248,0.8005459743475225,0.7994399644968707,0.9908125556350615,0.8961500269430952,0.8879166984279174
128.78640059127864,0.9997595414327849,0.6323760735205877,0.6322240132760077,0.999529619565572,0.7048731326095057,0.7045415740791722,0.999529619565572,0.7048731326095057,0.7045415740791722,0.9985347555062664,0.8054703635935571,0.804290152578436,0.9901113101954409,0.8985784503596036,0.889692686798936
130.61345158906136,0.9997460179329307,0.6398555760803406,0.6396930642385019,0.9995027596490592,0.7114690752938011,0.7111153041611185,0.9995027596490592,0.7114690752938011,0.7111153041611185,0.9984466917067238,0.8102519106136397,0.8089933396012406,0.9893549028011349,0.9009112358410567,0.891320948167979
132.44050258684405,0.999731882108105,0.6472006829373914,0.6470271568546493,0.9994746431367291,0.7179158215159801,0.7175386595118959,0.9994746431367291,0.7179158215159801,0.7175386595118959,0.9983540391248563,0.8148939521048029,0.8135526685422472,0.988538604384364,0.9031514589487767,0.8928000827769259
134.26755358462674,0.9997171140264454,0.6544109056841481,0.6542257820179889,0.9994452253816826,0.7242148192242124,0.7238130432242974,0.9994452253816826,0.7242148192242124,0.7238130432242974,0.9982565880080088,0.8193998456790487,0.817971294161856,0.9876572303252965,0.9053021136349724,0.8941281781603536
136.09460458240943,0.9997016932696211,0.6614860147011712,0.6612886889709343,0.999414460362562,0.7303676915451996,0.7299400323118959,0.999414460362562,0.7303676915451996,0.7299400323118959,0.998154118305236,0.8237729570253042,0.8222523696032896,0.9867050941094516,0.9073661123551937,0.8953027652831587
137.92165558019215,0.9996855989190839,0.6684260220355748,0.6682158681717344,0.9993823006300007,0.7363762181233828,0.7359213589973655,0.9993823006300007,0.7363762181233828,0.7359213589973655,0.9980463990423296,0.8280166484159291,0.8263990342986167,0.9856759564125643,0.9093462868251786,0.896320770976622
139.7487065779749,0.9996688095417373,0.6752311646302147,0.6750075345113676,0.9993486972504043,0.7422423174872148,0.7417588930249691,0.9993486972504043,0.7422423174872148,0.7417588930249691,0.9979331876548407,0.8321342684674691,0.8304144030885704,0.984562969245235,0.9112453893603877,0.8971784662596936
141.57575757575756,0.9996513031749864,0.6819018879730452,0.6816641109497382,0.9993135997469013,0.7479680304432638,0.7474546249978578,0.9993135997469013,0.7479680304432638,0.7474546249978578,0.9978142292761893,0.8361291430670493,0.8343015564648085,0.9833586147888871,0.913066094745833,0.8978714101399611
143.40280857354028,0.9996330573111528,0.68843883022487,0.6881862126294004,0.9992769560373411,0.7535555044901329,0.753010650732083,0.9992769560373411,0.7535555044901329,0.753010650732083,0.9976892559777378,0.8400045673782568,0.8380635318455145,0.9820546385648181,0.9148110025916596,0.8983943885052712
145.22985957132298,0.9996140488812206,0.6948428068733625,0.6945746315146739,0.9992387123691795,0.7590069792367339,0.7584291566117345,0.9992387123691795,0.7590069792367339,0.7584291566117345,0.9975579859574907,0.8437637988433511,0.8417033157980146,0.9806419766039692,0.916482640139081,0.8987413477492127
147.0569105691057,0.9995942542378876,0.7011147959516912,0.7008303215944796,0.9991988132510975,0.7643247728031877,0.7637124059233599,0.9991988132510975,0.7643247728031877,0.7637124059233599,0.997420122673852,0.8474100511020701,0.845223837125282,0.9791106763316308,0.9180834654881936,0.8989053228230327
148.8839615668884,0.9995736491378951,0.7072559238513714,0.7069543846785086,0.999157201381182,0.7695112691774748,0.7688627261426472,0.999157201381182,0.7695112691774748,0.7688627261426472,0.9972753539205935,0.8509464887510308,0.8486279607366707,0.9774498109557821,0.9196158712265636,0.8988783594823415
150.71101256467108,0.9995522087235965,0.7132674517510633,0.7129480568084267,0.999113817571504,0.7745689064968041,0.7738824971422072,0.999113817571504,0.7745689064968041,0.7738824971422072,0.9971233508389467,0.854376222871651,0.8519184822269034,0.9756473872587431,0.9210821884438284,0.8986514306057864
152.5380635624538,0.9995299075037455,0.7191507626759289,0.7188126952987193,0.9990686006689,0.7795001662193922,0.7787741402859831,0.9990686006689,0.7795001662193922,0.7787741402859831,0.9969637668624116,0.8577023072585799,0.8550981230910953,0.9736902468502195,0.9224846911230958,0.8982143466151957
154.36511456023652,0.9995067193334589,0.7249073491958269,0.724549766415435,0.9990214874717697,0.7843075631498878,0.7835401083733599,0.9990214874717697,0.7843075631498878,0.7835401083733599,0.9967962365895887,0.8609277352847136,0.8581695265074002,0.9715639611590581,0.9238256009044153,0.8975556602348409
156.1921655580192,0.9994826173933279,0.7305388017650128,0.7301608336954806,0.9989724126426821,0.7889936362798975,0.788182876394252,0.9989724126426821,0.7889936362798975,0.788182876394252,0.9966203745799831,0.8640554373429706,0.8611352536226226,0.9692527207374082,0.9251070922187284,0.896662566106475
158.0192165558019,0.999457574167635,0.7360467977011125,0.7356475469042099,0.998921308616583,0.7935609404039217,0.7927049330552917,0.998921308616583,0.7935609404039217,0.7927049330552917,0.9964357740673968,0.8670882788090225,0.8639977802798351,0.9667392198441827,0.9263312977921307,0.8955207961448137
159.84626755358462,0.999431561421643,0.7414330907968664,0.741011631624787,0.9988681055043649,0.7980120384703818,0.7971087730365867,0.9988681055043649,0.7980120384703818,0.7971087730365867,0.9962420055851324,0.8700290584731161,0.8667594941306016,0.9640045377877339,0.9275003145194936,0.8941145119963422
161.67331855136734,0.999404550177917,0.7466995015545072,0.746254879469157,0.9988127309915772,0.8023494946272576,0.8013968899383629,0.9988127309915772,0.8023494946272576,0.8013968899383629,0.9960386154968274,0.8728805073929273,0.8694226920778195,0.9610280191671529,0.9286162097029209,0.8924261965773075
163.50036954915004,0.9993765106916325,0.7518479080295284,0.7513791388973535,0.998755110232012,0.8065758679220747,0.8055717698769925,0.998755110232012,0.8065758679220747,0.8055717698769925,0.9958251244263215,0.875645288123051,0.8719895779984594,0.9577871559871955,0.9296810276434191,0.8904365474418438
165.32742054693273,0.9993474124248382,0.7568802372680384,0.7563863066293117,0.9986951657361016,0.8106937066164218,0.8096358856905019,0.9986951657361016,0.8106937066164218,0.8096358856905019,0.9956010255794732,0.8783259942802294,0.8744622606985069,0.9542574756652433,0.930696796562646,0.8881243756975992
167.15447154471545,0.9993172240196111,0.761798457319773,0.7612783196312177,0.9986328172529094,0.8147055430766513,0.8135916917141979,0.9986328172529094,0.8147055430766513,0.8135916917141979,0.9953657829503817,0.880925150406744,0.8768427520552915,0.9504124402315938,0.9316655358147076,0.8854665153733315
168.98152254249814,0.9992859132700799,0.7666045698071725,0.7660571476567771,0.9985679816472625,0.8186138892018155,0.8174416190886727,0.9985679816472625,0.8186138892018155,0.8174416190886727,0.995118829403942,0.8834452120975443,0.8791329653050256,0.9462233635749636,0.9325892633244927,0.8824377495767989
170.80857354028086,0.9992534470932439,0.7713006030296117,0.7707247863224372,0.9985005727699057,0.8224212323532741,0.8211880715628759,0.9985005727699057,0.8224212323532741,0.8211880715628759,0.9948595646260934,0.8858885663596419,0.8813347134357873,0.9416593554226076,0.9334700031578559,0.879010761479966
172.6356245380636,0.9992197914985563,0.7758886055809128,0.7752832506946653,0.9984305013212423,0.8261300317501357,0.8248334217568218,0.9984305013212423,0.8261300317501357,0.8248334217568218,0.9945873529325744,0.8882575321750847,0.8834497076484386,0.9366873028709548,0.9343097930888377,0.8751561201343032
174.46267553584624,0.9991849115562073,0.7803706404576068,0.7797345693666947,0.998357674708144,0.8297427152967802,0.828380007849715,0.998357674708144,0.8297427152967802,0.828380007849715,0.9943015209263485,0.8905543612414151,0.8854795558499318,0.9312719026713651,0.9351106919791347,0.8708423133277455
176.289726533629,0.9991487713640509,0.7847487796350131,0.7840807790017617,0.9982819968934666,0.8332616768101289,0.8318301306608139,0.9982819968934666,0.8332616768101289,0.8318301306608139,0.9940013549932276,0.892781238865943,0.8874257611452797,0.9253757600551729,0.9358747867246048,0.866035842081754
178.11677753141169,0.9991113340131318,0.7890250990880259,0.788323919319681,0.998203368237897,0.8366892736158764,0.8351860510918873,0.998203368237897,0.8366892736158764,0.8351860510918873,0.9936860986245548,0.894940284992409,0.8892897202960541,0.9189595725164511,0.9366041984529955,0.860701393827478
179.9438285291944,0.9990725615517273,0.7932016742335404,0.7924660285036219,0.9981216853337145,0.8400278244844988,0.8384499879016816,0.9981216853337145,0.8400278244844988,0.8384499879016816,0.993354949555046,0.8970335553407041,0.8910727221146486,0.9119824194347993,0.9373010875777681,0.8548021135880416
181.77087952697707,0.9990324149478641,0.7972805757716402,0.7965091390041653,0.9980368408300586,0.8432796078794245,0.8416241157843914,0.9980368408300586,0.8432796078794245,0.8416241157843914,0.9930070567031889,0.8990630426422368,0.8927759457647811,0.9044021803732761,0.9379676572282422,0.8482999943168359
183.5979305247598,0.9989908540502302,0.8012638659030145,0.8004552737180416,0.9979487232492547,0.8464468604913452,0.8447105637256779,0.9979487232492547,0.8464468604913452,0.8447105637256779,0.99264151690078,0.9010306779553189,0.8944004589397059,0.896176105847782,0.9386061544921609,0.8411564084575464
185.42498152254248,0.9989478375474159,0.8051535949005365,0.8043064425194191,0.9978572167937092,0.8495317760341863,0.8477114136112899,0.9978572167937092,0.8495317760341863,0.8477114136112899,0.9922573713973828,0.9029383320465819,0.8959472158904785,0.8872615636973127,0.9392188688323815,0.83333280221424
187.25203252032523,0.9989033229254138,0.8089517980135023,0.8080646391221756,0.9977622011429041,0.8525365042797814,0.8506286990648717,0.9977622011429041,0.8525365042797814,0.8506286990648717,0.9918536021246455,0.9047878168259441,0.8974170552773065,0.8776169811029614,0.9398081269877496,0.8247915712230174
189.0790835181079,0.9988572664232996,0.812660492683663,0.8117318382522155,0.997663551239948,0.8554631503097686,0.8534644044929571,0.997663551239948,0.8554631503097686,0.8534644044929571,0.9914291277045597,0.9065808868240264,0.8988106978175706,0.867202995911734,0.940376283656489,0.8154971304712498
190.9061345158906,0.9988096229870129,0.8162816760528987,0.8153099931096027,0.9975611370671428,0.8583137739646467,0.8562204643165635,0.9975611370671428,0.8583137739646467,0.8562204643165635,0.9909827991848591,0.9083192407021923,0.9001287437045243,0.8559838203129695,0.9409257073094072,0.8054171815733893
192.73318551367336,0.998760346221165,0.8198173227431285,0.8188010331010356,0.9974548234099759,0.8610903894713132,0.8588987623701362,0.9974548234099759,0.8610903894713132,0.8588987623701362,0.9905133954838726,0.9100045227865422,0.901371669770979,0.8439288043459949,0.9414587606126528,0.7945241661848983
194.56023651145603,0.9987093883389291,0.8232693828897626,0.8222068618240024,0.9973444696089355,0.8637949652317031,0.8615011314498818,0.9973444696089355,0.8637949652317031,0.8615011314498818,0.9900196185262556,0.9116383246182544,0.9025398263724791,0.831014165863434,0.9419777751771945,0.7827968751007697
196.38728750923877,0.9986567001091508,0.8266397804113126,0.8255293552845144,0.9972299292984933,0.8664294237564164,0.8640293529947454,0.9972299292984933,0.8664294237564164,0.8640293529947454,0.989500088050168,0.9132221865136418,0.9036334339646155,0.8172248278649795,0.9424850207098053,0.7702221588148923
198.21433850702147,0.9986022308021363,0.8299304114973495,0.8287703603317881,0.9971110501325803,0.8689956417283986,0.8664851568844391,0.9971110501325803,0.8689956417283986,0.8664851568844391,0.9889533360655975,0.914757599128174,0.9046525793491642,0.8025562750977476,0.9429826691201628,0.7567966584108097
200.04138950480413,0.998545928132477,0.833143143299496,0.8319316932932045,0.9969876734958347,0.8714954501828807,0.8688702213400353,0.9969876734958347,0.8714954501828807,0.8688702213400353,0.9883778009427608,0.9162460050195247,0.9055972115637876,0.7870163124514662,0.9434727547218626,0.7425284483196269
201.86844050258685,0.9984877381995718,0.836279812809721,0.8350151387943396,0.9968596341998703,0.8739306347908411,0.8711861729136583,0.9968596341998703,0.8739306347908411,0.8711861729136583,0.9877718211087746,0.9176888002054465,0.9064671373900604,0.7706265824180178,0.9439571323053305,0.7274384588175695
203.69549150036957,0.9984276054255854,0.8393422259115196,0.8380224487494193,0.996726760163755,0.8763029362342647,0.8734345865547642,0.996726760163755,0.8763029362342647,0.8734345865547642,0.9871336283301768,0.9190873357129425,0.9072620164546322,0.7534236833929028,0.9444374354809502,0.7115615313742044
205.52254249815223,0.9983654724907344,0.8423321565902874,0.8409553415084015,0.9965888720778867,0.8786140506624149,0.8756169857414393,0.9965888720778867,0.8786140506624149,0.8756169857414393,0.9864613405584031,0.920442919115821,0.9079813558984825,0.7354597309156797,0.9449150381882128,0.6949469597240822
207.34959349593493,0.9983012802657784,0.8452513462899806,0.8438155011476604,0.9964457830503494,0.880865630219223,0.8777348426659332,0.9964457830503494,0.880865630219223,0.8777348426659332,0.9857529543149997,0.9217568160582545,0.9086245045894121,0.7168022251110242,0.9453910225254205,0.6776583885462079
209.17664449371765,0.9982349677415902,0.8481015034039244,0.8466045768920106,0.9962972982348408,0.8830592836327295,0.8797895784644824,0.9962972982348408,0.8830592836327295,0.8797895784644824,0.9850063365933148,0.92303025176262,0.9091906468535034,0.6975331320369581,0.9458661559704519,0.6597729822618272
211.0036954915004,0.9981664719556851,0.8508843028883706,0.8493241826565574,0.9961432144391822,0.885196576858283,0.8817825634821707,0.9961432144391822,0.885196576858283,0.8817825634821707,0.9842192162536082,0.9242644125199938,0.9096787957015299,0.6777471524491753,0.9463408805715482,0.6413798370536118
212.83074648928306,0.9980957279155684,0.8536013859881205,0.8519758966975512,0.9959833197133807,0.8872790337679313,0.883715117564265,0.9959833197133807,0.8872790337679313,0.883715117564265,0.9833891748891136,0.9254604471625859,0.9100877855277255,0.6575492317679162,0.9468153157927649,0.6225776835256296
214.6577974870658,0.9980226685187509,0.8562543600642232,0.8545612613621114,0.9958173929161434,0.8893081368791057,0.8855885103660638,0.9958173929161434,0.8893081368791057,0.8855885103660638,0.9825136371416463,0.926619468517414,0.9104162642593036,0.6370514482651769,0.9472892754890144,0.6034720048763468
216.4848484848485,0.997947224469304,0.8588447985144061,0.8570817829273502,0.9956452032587195,0.8912853281163259,0.8874039616738938,0.9956452032587195,0.8912853281163259,0.8874039616738938,0.9815898604469361,0.9277425548410114,0.9106626849370724,0.6163694886763429,0.9477622981257515,0.5841717630824851
218.31189948263122,0.9978693241907806,0.8613742407775417,0.8595389315200321,0.9954665098248445,0.8932120096002347,0.8891626417303812,0.9954665098248445,0.8932120096002347,0.8891626417303812,0.9806149241921391,0.9288307512352526,0.9108252967098849,0.5956189683052722,0.9482336880607497,0.564785970995047
220.1389504804139,0.9977888937353516,0.8638441924140352,0.8619341411085084,0.9952810610655276,0.8950895444588053,0.8908656715576194,0.9952810610655276,0.8950895444588053,0.8908656715576194,0.9795857182711059,0.9298850710446535,0.9109021352288551,0.574911867162291,0.9487025646819383,0.5454203628429473
221.96600147819663,0.997705856688985,0.8662561252546042,0.8642688095592256,0.9950885942673514,0.8969192576560601,0.8925141232722852,0.9950885942673514,0.8969192576560601,0.8925141232722852,0.9784989310270452,0.9309064972357562,0.9108910124313185,0.5543533323818931,0.949167915605871,0.52617439700609
223.7930524759793,0.9976201340724847,0.8686114776104507,0.8665442987506369,0.994888834992873,0.8987024368341014,0.8941090203871351,0.994888834992873,0.8987024368341014,0.8941090203871351,0.9773510365774996,0.9318959837594214,0.9107895057096792,0.5340390450490331,0.9496286500563427,0.5071387774272916
225.62010347376201,0.9975316442382205,0.8709116545383447,0.8687619347378641,0.9946814964916523,0.9004403331646725,0.8956513380936785,0.9946814964916523,0.9004403331646725,0.8956513380936785,0.9761382815232289,0.9328544568970294,0.9105949464667513,0.5140532773480009,0.9500836489311097,0.4883936134877845
227.4471544715447,0.9974403027623302,0.8731580281546156,0.870923007961899,0.9944662790803735,0.90213416220686,0.8971420035211463,0.9944662790803735,0.90213416220686,0.8971420035211463,0.9748566710509108,0.9337828165917434,0.9103044080671702,0.4944676871228771,0.9505318088110776,0.4700072650395383
229.27420546932743,0.9973460223322177,0.8753519379925072,0.8730287734976251,0.9942428694904045,0.9037851047679047,0.8985818959671275,0.9942428694904045,0.9037851047679047,0.8985818959671275,0.97350195444987,0.9346819377660985,0.9099146932042886,0.4753408243219385,0.9509720781076486,0.4520358515148366
231.1012564671101,0.9972487126291155,0.8774946913977774,0.8750804513353165,0.9940109401811127,0.9053943077644179,0.8999718470955367,0.9940109401811127,0.9053943077644179,0.8999718470955367,0.9720696100756218,0.9355526716272462,0.9094223207139034,0.45671826683618977,0.951403484512415,0.4345233505084219
232.9283074648928,0.9971482802054994,0.8795875639578282,0.8770792266906932,0.9937701486171235,0.9069628850815977,0.9013126410977546,0.9937701486171235,0.9069628850815977,0.9013126410977546,0.9705548298082586,0.9363958469612178,0.9088235118806048,0.43863326669827885,0.9518251537721655,0.4175021765246765
234.75535846267556,0.9970446283571206,0.8816317999600238,0.8790262503389612,0.9935201365076595,0.9084919184283266,0.9026050148130165,0.9935201365076595,0.9084919184283266,0.9026050148130165,0.9689525030720603,0.9372122714175428,0.9081141762998792,0.42110777170396685,0.9522363204748542,0.40099411505075033
236.58240946045822,0.9969376569894176,0.8836286128752159,0.8809226389686269,0.9932605290059714,0.9099824581862673,0.9038496578042461,0.9932605290059714,0.9099824581862673,0.9038496578042461,0.967257200504605,0.9380027327854793,0.9072898973797517,0.4041536890990578,0.9526363319657971,0.3850114879337716
238.40946045824097,0.9968272624780428,0.8855791858628143,0.8827694755511629,0.9929909338668084,0.9114355242513258,0.9050472123857081,0.9929909338668084,0.9114355242513258,0.9050472123857081,0.9654631573896484,0.9387680002629738,0.906345917590257,0.38777427208649495,0.953024646728734,0.36955843866572385
240.23651145602366,0.9967133375232556,0.8874846722940616,0.8845678097229469,0.992710940559766,0.912852106866041,0.9061982735989517,0.992710940559766,0.912852106866041,0.9061982735989517,0.9635642569986926,0.9395088257192441,0.9052771235978776,0.3719655312538908,0.9534008286023891,0.3546322457089873
242.06356245380638,0.9965957709978888,0.8893461962904456,0.8863186581761164,0.9924201193362442,0.9142331674416703,0.907303389133615,0.9924201193362442,0.9142331674416703,0.907303389133615,0.9615540140219967,0.9402259449515866,0.904078031455823,0.3567175969843428,0.9537645381108439,0.34022459412378186
243.89061345158908,0.996474447788611,0.8911648532744605,0.8880230050552866,0.9921180202476639,0.9155796393689036,0.9083630591897468,0.9921180202476639,0.9155796393689036,0.9083630591897468,0.9594255583115475,0.9409200789366027,0.9027427720602954,0.3420159820742681,0.9541155220161863,0.3263227572746689
245.71766444937177,0.9963492486301754,0.8929417105301704,0.8896818023572788,0.9918041721124735,0.9168924288163044,0.9093777362783498,0.9918041721124735,0.9168924288163044,0.9093777362783498,0.9571716192067234,0.9415919350755413,0.9012650771282479,0.3278427140164287,0.9544536019973886,0.3129106592815802
247.54471544715446,0.996220049932341,0.894677807771265,0.8912959703312471,0.9914780814293775,0.9181724155157184,0.9103478249569017,0.9914780814293775,0.9181724155157184,0.9103478249569017,0.9547845107686872,0.9422422084328136,0.8996382660041313,0.3141773227108333,0.9547786631519385,0.2999698041705046
249.3717664449372,0.9960867235991355,0.896374157714506,0.892866397876777,0.991139231234113,0.9194204535340232,0.9112736814966312,0.991139231234113,0.9194204535340232,0.9112736814966312,0.9522561183125591,0.942871582965973,0.8978552336623954,0.3009976815652566,0.9550906428268802,0.28748006917556146
251.19881744271987,0.9959491368401151,0.8980317466566663,0.8943939429377277,0.9907870798969807,0.9206373720307133,0.9121556134783406,0.9907870798969807,0.9206373720307133,0.9121556134783406,0.9495778866974836,0.9434807327445167,0.8959084403393315,0.288280708388206,0.9553895201246884,0.27542036764821337
253.0258684405026,0.9958071519732591,0.8996515350532459,0.8958794328897435,0.9904210598582692,0.9218239760009163,0.9129938793135912,0.9904210598582692,0.9218239760009163,0.9129938793135912,0.9467408109142402,0.9440703231537726,0.8937899033026715,0.27600293777455137,0.9556753063008414,0.26376919209762645
254.85291943828534,0.995660626219125,0.901234458097421,0.897323664919532,0.9900405762985427,0.9229810470035442,0.9137886876880212,0.9900405762985427,0.9229810470035442,0.9137886876880212,0.9437354295979832,0.9446410120788377,0.8914911913500955,0.2641409795340215,0.9559480361734997,0.25250505065849244
256.679970436068,0.9955094114858659,0.9027814262978348,0.8987274063941281,0.9896450057407239,0.9241093438743647,0.9145401969236022,0.9896450057407239,0.9241093438743647,0.9145401969236022,0.9405518221898105,0.9451934510620491,0.8890034227182857,0.25267187877793423,0.9562077605982109,0.2416068113723911
258.5070214338507,0.9953533541447052,0.9042933260539894,0.9000913952185098,0.9892336945807584,0.9252096034238548,0.9152485142565782,0.9892336945807584,0.9252096034238548,0.9152485142565782,0.9371796105743159,0.9457282864257601,0.886317267181609,0.24157339312830187,0.956454540017776,0.23105396860506333
260.33407243163344,0.9951922947954337,0.9057710202281295,0.9014163401800334,0.9888059575435724,0.9262825411197821,0.9159136950278396,0.9888059575435724,0.9262825411197821,0.9159136950278396,0.9336079661296671,0.9462461603502766,0.8834229532226286,0.2308242015983828,0.956688439074872,0.2208268451278604
262.1611234294161,0.9950260680214847,0.9072153487126298,0.9027029212782681,0.9883610760609433,0.9273288517545119,0.9165357417824482,0.9883610760609433,0.9273288517545119,0.9165357417824482,0.9298256232398558,0.9467477118946703,0.8803102812633693,0.22040405835299415,0.9569095222687367,0.2109067421846544
263.9881744271988,0.9948545021341217,0.9086271289920139,0.9039517900389065,0.9878982965678113,0.9283492100971033,0.9171146032750014,0.9878982965678113,0.9283492100971033,0.9171146032750014,0.9258209004322644,0.9472335779458565,0.8769686440535084,0.2102939030281359,0.9571178506437509,0.2012760484697748
265.8152254249815,0.9946774189052461,0.9100071566988379,0.905163569810502,0.9874168287135193,0.929344271530307,0.9176501733775315,0.9874168287135193,0.929344271530307,0.9176501733775315,0.9215817304131209,0.947704394078808,0.8733870554152661,0.20047593772797054,0.9573134795144173,0.1919183175052791
267.6422764227642,0.994494633288316,0.9113562061627597,0.9063388560428646,0.9869158434843562,0.9303146726726267,0.9181422898865781,0.9869158434843562,0.9303146726726267,0.9181422898865781,0.9170957003727231,0.9481607953081523,0.8695541886390882,0.19093367931396313,0.9574964572558881,0.18281832151395153
269.46932742054696,0.9943059531268554,0.9126750309522136,0.907478216546023,0.9863944712338242,0.9312610319856456,0.9185907332261463,0.9863944712338242,0.9312610319856456,0.9185907332261463,0.9123501040136963,0.9486034167087045,0.8654584259019342,0.18165199419827702,0.9576668252200631,0.17396208857875728
271.29637841832965,0.9941111788499907,0.9139643644081787,0.908582191728697,0.9858517996169254,0.9321839503668408,0.9189952250431646,0.9858517996169254,0.9321839503668408,0.9189952250431646,0.9073320068093808,0.9490328938798424,0.8610879201321114,0.17261712155722686,0.9578246188726728,0.16533692866644864
273.12342941611234,0.9939101031544456,0.9152249201696133,0.9096512948152996,0.985286871424872,0.9330840117282426,0.9193554266922888,0.985286871424872,0.9330840117282426,0.9193554266922888,0.902028326013851,0.9494498632261542,0.8564306707599676,0.1638166896690637,0.9579698702846099,0.15693145295272715
274.95048041389504,0.9937025106723826,0.9164573926901843,0.9106860120405018,0.9846986823165685,0.9339617835610793,0.919670937606627,0.9846986823165685,0.9339617835610793,0.919670937606627,0.8964259269061273,0.9498549620246478,0.8514746147593293,0.15523972891085047,0.9581026121481933,0.14873558977866325
276.7775314116777,0.9934881776244952,0.9176624577459876,0.9116868028204765,0.9840861784433437,0.9348178174868973,0.9199412935514278,0.9840861784433437,0.9348178174868973,0.9199412935514278,0.8905117366430201,0.950248828247214,0.8462077342854215,0.1468766837623032,0.9582228835216364,0.1407405994368097
278.6045824094605,0.9932668714576636,0.9188407729340132,0.9126540998999088,0.9834482539634808,0.9356526497954306,0.9201659647576204,0.9834482539634808,0.9356526497954306,0.9201659647576204,0.8842728769001406,0.9506321001062328,0.8406181820345608,0.13871942488855252,0.9583307375259349,0.13293908876262006
280.4316334072432,0.9930383504665271,0.9199929781611492,0.9135883094739353,0.9827837484432635,0.9364668019696093,0.920344353932368,0.9827837484432635,0.9364668019696093,0.920344353932368,0.8776968161807113,0.9510054152914753,0.834694425171943,0.1307612609313058,0.958426251218,0.12532502511893015
282.25868440502586,0.9928023633982601,0.9211196961235764,0.9144898112841738,0.982091444141463,0.9372607811980956,0.9204757941439935,0.982091444141463,0.9372607811980956,0.9204757941439935,0.8707715422487703,0.9513694098681154,0.8284254082791612,0.12299694795518867,0.9585095378280155,0.11789374773878437
284.08573540280855,0.9925586490398246,0.9222215327764389,0.9153589586880185,0.9813700631744555,0.93803508087576,0.9205595465789002,0.9813700631744555,0.93803508087576,0.9205595465789002,0.8634857545811236,0.951724716809042,0.8218007352473619,0.11542269252236727,0.9585807614596171,0.11064197248781008
285.91278640059124,0.9923069357869362,0.9232990777937167,0.916196078700387,0.9806182645595168,0.938790181092511,0.9205947981684527,0.9806182645595168,0.938790181092511,0.9205947981684527,0.855829076018948,0.9520719641400925,0.8148108693735604,0.10803614210460873,0.9586401541864789,0.10356778392487445
287.739837398374,0.9920469411939686,0.9243529050182593,0.9170014720071231,0.9798346411342608,0.9395265491109123,0.9205806590842012,0.9798346411342608,0.9395265491109123,0.9205806590842012,0.8477922819301914,0.952411772684609,0.8074473501014634,0.10083635408352978,0.9586880352149303,0.09667060617457618
289.5668883961567,0.9917783715039737,0.9253835729019709,0.9177754129492455,0.9790177163507325,0.9402446398330266,0.9205161601003468,0.9790177163507325,0.9402446398330266,0.9205161601003468,0.8393675441726307,0.9527447534040662,0.7997030238881296,0.09382373218334047,0.9587248314003989,0.08995114181882928
291.39393939393943,0.991500921157976,0.9263916249361638,0.9185181494772405,0.9781659409432869,0.9409448962569302,0.9204002498229437,0.9781659409432869,0.9409448962569302,0.9204002498229437,0.8305486859930166,0.9530715043445653,0.7915722855907663,0.08699991728203016,0.9587510979010804,0.08341126621144959
293.2209903917221,0.9912142722826704,0.9273775900721228,0.919229903074596,0.9772776894701753,0.9416277499233492,0.9202317917860908,0.9772776894701753,0.9416277499233492,0.9202317917860908,0.821331442745111,0.9533926072146388,0.7830513255861222,0.08036761886125063,0.9587675371493708,0.07705386400216059
295.04804138950476,0.9909180941556207,0.9283419831319465,0.9199108686497578,0.9763512567296639,0.9422936213528686,0.9200095614162194,0.9763512567296639,0.9422936213528686,0.9200095614162194,0.8117137220129867,0.9537086236378343,0.7741383766089492,0.0739303748117929,0.9587750136904077,0.07088259612231372
296.8750923872875,0.990612042647022,0.9292853052097445,0.9205612143956863,0.9753848540525942,0.9429429204741666,0.9197322428666219,0.9753848540525942,0.9429429204741666,0.9197322428666219,0.8016958554609787,0.9540200911433416,0.7648339530961221,0.0676922319231251,0.9587745619081842,0.06490159000668147
298.7021433850702,0.9902957596370797,0.9302080440632989,0.9211810816161867,0.9743766054745512,0.9435760470437217,0.919398425725557,0.9743766054745512,0.9435760470437217,0.919398425725557,0.7912808335933632,0.9543275189786907,0.7551410747385445,0.06165734793434868,0.9587673834250681,0.05911505414794451
300.5291943828529,0.9899688724079917,0.9311106744963032,0.92177058451815,0.9733245437923195,0.9441933910574359,0.919006601602702,0.9733245437923195,0.9441933910574359,0.919006601602702,0.7804745137073967,0.9546313838490831,0.7450654650794323,0.05582952857730486,0.9587548312466797,0.0535268302497156
302.35624538063564,0.9896309930095474,0.9319936587313102,0.9223298099688678,0.9722266065109681,0.9447953331546106,0.9185551606003067,0.9722266065109681,0.9447953331546106,0.9185551606003067,0.7692857907840753,0.9549321257067929,0.7346157154694681,0.05021172840544076,0.9587383787267775,0.04813991108450155
304.18329637841833,0.9892817175972649,0.932857446773534,0.9228588172175208,0.9710806316899597,0.9453822450146951,0.9180423876773425,0.9710806316899597,0.9453822450146951,0.9180423876773425,0.7577267210079665,0.9552301437296636,0.7238034046162465,0.044805559569658766,0.9587195732118667,0.042955966948142126
306.010347376201,0.9889206257420271,0.9337024767656594,0.9233576375799765,0.9698843536988969,0.9459544897472197,0.917466458917052,0.9698843536988969,0.9459544897472197,0.917466458917052,0.7458125881319553,0.9555257926381182,0.712643164434273,0.03961086387426935,0.9586999766261317,0.03797493427040291
307.8373983739837,0.9885472797100925,0.9345291753338218,0.9238262740859656,0.9686353988961781,0.9465124222752973,0.9168254377108204,0.9686353988961781,0.9465124222752973,0.9168254377108204,0.7335619041135835,0.9558193795039297,0.7011526840175665,0.0346254058677722,0.958681097828261,0.03319472211006497
309.6644493717664,0.9881612237123872,0.9353379579249301,0.9242647010877443,0.9673312812468118,0.9470563897130646,0.9161172708741186,0.9673312812468118,0.9470563897130646,0.9161172708741186,0.7209963373376493,0.9561111611994649,0.6893526453124611,0.029844735238834453,0.9586643236568405,0.028611082922454706
311.4915003695492,0.9877619831219167,0.9361292291355111,0.9246728638292836,0.9659693978990165,0.9475867317373944,0.9153397847134677,0.9659693978990165,0.9475867317373944,0.9153397847134677,0.7081405643062614,0.9564013426226122,0.6772665864680426,0.02526224542985567,0.9586508565152647,0.02421767321882997
313.31855136733185,0.9873490636581659,0.9369033830322603,0.9250506779750701,0.9645470247430957,0.9481037809541848,0.9144906810670387,0.9645470247430957,0.9481037809541848,0.9144906810670387,0.695022043806923,0.9566900758097486,0.6649206917790916,0.02086942617273873,0.9586416657255742,0.02000630146897115
315.14560236511454,0.9869219505372988,0.9376608034644884,0.9253980290975438,0.9630613119804092,0.9486078632594876,0.9135675333456148,0.9630613119804092,0.9486078632594876,0.9135675333456148,0.6816707160952207,0.9569774600175345,0.6523435104571381,0.0166562776783584,0.9586374577619908,0.015967331689359293
316.9726533628973,0.9864801075869865,0.9384018643686591,0.9257147721222235,0.9615092797351243,0.9490992981956902,0.9125677826052501,0.9615092797351243,0.9490992981956902,0.9125677826052501,0.6681186333179167,0.9572635428155445,0.6395656099509885,0.012611831127225718,0.9586386673962831,0.012090188985230626
318.79970436068004,0.9860229763246814,0.9391269300652032,0.9260007307295526,0.959887813746901,0.9495783993029124,0.9114887336881544,0.959887813746901,0.9495783993029124,0.9114887336881544,0.6543995309787888,0.9575483221880683,0.6266191729293981,0.008724709260429904,0.9586454685637107,0.00836390299704697
320.6267553584627,0.9855499749981568,0.9398363555478678,0.9262556967125599,0.9581936611887379,0.9500454744657174,0.9103275514740974,0.9581936611887379,0.9500454744657174,0.9103275514740974,0.6405483534224103,0.9578317495978376,0.6135375500606013,0.004983663502887172,0.9586578011702036,0.0047776278954500115
322.45380635624537,0.9850604975871292,0.9405304867656881,0.9264794292892735,0.9564234266609676,0.9505008262551571,0.9090812572910383,0.9564234266609676,0.9505008262551571,0.9090812572910383,0.6266007488072246,0.9581137339203134,0.6003547831169543,0.0013780374074093733,0.9586754085887021,0.0013210905745986968
324.2808573540281,0.9845539127648089,0.9412096608979025,0.9266716543690688,0.9545735684198274,0.9509447522661015,0.9077467255407613,0.9545735684198274,0.9509447522661015,0.9077467255407613,0.6125925506376733,0.9583941461178728,0.5871051144865626,0.0021018748065216543,0.958697880315558,0.0020150629217009835
326.10790835181086,0.9840295628182493,0.9418742066219574,0.9268320637719901,0.9526403949072746,0.9513775454496929,0.906320680603109,0.9526403949072746,0.9513775454496929,0.906320680603109,0.5985592634851085,0.9586728244917473,0.5738224997509689,0.005464586499025665,0.9587246949306459,0.005239034024200507
327.9349593495935,0.9834867625263825,0.9425244443748236,0.9269603144001728,0.9506200616576603,0.9517994944406708,0.9047996940909204,0.9506200616576603,0.9517994944406708,0.9047996940909204,0.584535570006961,0.9589495803281958,0.560540139545078,0.008717289640669592,0.9587552597234821,0.008357747293524995
329.7620103473762,0.9829247979946965,0.943160686607826,0.9270560273605366,0.9485085686666452,0.9522108838791915,0.9031801825370531,0.9485085686666452,0.9522108838791915,0.9031801825370531,0.5705548748352763,0.9592242037454085,0.5472900455069292,0.011865824000197502,0.9587889447158537,0.011376820871333413
331.5890613451589,0.9823429254455526,0.9437832380351988,0.9271187870379735,0.9463017583183052,0.9526119947266274,0.9014584056049156,0.9463017583183052,0.9526119947266274,0.9014584056049156,0.5566488985057108,0.9594964695492891,0.53410265289473,0.014914724503805904,0.9588251100422203,0.014300612363611095
333.41611234294163,0.981740369963227,0.9443923958765701,0.9271481401183223,0.9439953139776707,0.953003104574693,0.8996304649246822,0.9439953139776707,0.953003104574693,0.8996304649246822,0.5428473315654387,0.9597661429186868,0.5210064896102626,0.017867325631248116,0.9588631265929201,0.017132319718632386
335.2431633407243,0.9811163241928401,0.9449884500935829,0.9271435945605052,0.941584759368011,0.9533844879470715,0.8976923036688378,0.941584759368011,0.9533844879470715,0.8976923036688378,0.5291775556043927,0.9600329847621158,0.5080279081760056,0.02072590333485835,0.9589023904473876,0.019874118251977154
337.070214338507,0.9804699469924618,0.9455716836208555,0.9271046185173131,0.9390654588648573,0.9537564165925445,0.8956397069927797,0.9390654588648573,0.9537564165925445,0.8956397069927797,0.5156644344786111,0.960296756616144,0.49519088393210836,0.023491838028872586,0.9589423319627621,0.022527317941498575
338.8972653362897,0.9798003620377975,0.9461423725914893,0.9270306392044418,0.9364326188520073,0.954119159768428,0.8934683034788258,0.9364326188520073,0.954119159768428,0.8934683034788258,0.5023301756946211,0.9605572249877584,0.4825168795928384,0.026165785707012012,0.9589824205066972,0.02509252851176992
340.7243163340725,0.979106656379032,0.9467007865573206,0.9269210417175379,0.9336812902983807,0.9544729845129067,0.891173567734957,0.9336812902983807,0.9544729845129067,0.891173567734957,0.48919425900991037,0.9608141650764674,0.4700247735308082,0.028747847591845118,0.9590221658045786,0.027569823059751242
342.5513673318552,0.9783878789495831,0.9472471887041198,0.9267751677971793,0.9308063727283998,0.9548181559046378,0.8887508243128157,0.9308063727283998,0.9548181559046378,0.8887508243128157,0.4762734269246802,0.9610673638442415,0.4577308468835654,0.031237731597021944,0.959061116771916,0.02995889375086123
344.3784183296378,0.9776430390267256,0.9477818360619358,0.9265923145419207,0.9278026197722647,0.9551549373077504,0.8861952531225441,0.9278026197722647,0.9551549373077504,0.8861952531225441,0.4635817299748862,0.9613166224307166,0.4456488228800461,0.03363490120278237,0.9590988585670739,0.03225919535160487
346.20546932742053,0.9768711046443141,0.9483049797107781,0.9263717330697717,0.9246646464957566,0.9554835906001162,0.8835018965347528,0.9246646464957566,0.9554835906001162,0.8835018965347528,0.4511306186027715,0.9615617579359863,0.4337899506824299,0.03593870913725713,0.959135008456766,0.03447007409228837
348.0325203252033,0.9760710009581042,0.9488168649818318,0.926112627128747,0.921386938721578,0.9558043763825127,0.8806656683717703,0.921386938721578,0.9558043763825127,0.8806656683717703,0.4389290728424913,0.9618026046130405,0.42216312550029506,0.03814851460581605,0.9591692109535012,0.0365908806535087
349.8595713229859,0.9752416085644968,0.9493177316543929,0.9258141516574295,0.9179638645651881,0.9561175541660258,0.8776813650008606,0.9179638645651881,0.9561175541660258,0.8776813650008606,0.4269837610393935,0.9620390145262177,0.41077503668903614,0.04026378381426697,0.9592011325684473,0.03862106703613599
351.6866223207686,0.974381761773932,0.9498078141487082,0.9254754112968656,0.9143896884170438,0.956423382534783,0.8745436787507553,0.9143896884170438,0.956423382534783,0.8745436787507553,0.41529921922293156,0.9622708577411428,0.39963033590087726,0.04228417427467524,0.9592304564277023,0.040560267789165244
353.51367331855135,0.9734902468405536,0.9502873417149021,0.9250954588554936,0.9106585876092674,0.9567221192808399,0.8712472138788347,0.9106585876092674,0.9567221192808399,0.8712472138788347,0.40387804346637807,0.9624980221160614,0.38873181801249357,0.0442096039317225,0.9592568769244403,0.04240836659761058
355.3407243163341,0.9725658001502777,0.9507565386181653,0.9246732937292844,0.9067646720072772,0.9570140215078106,0.8677865053188951,0.9067646720072772,0.9570140215078106,0.8677865053188951,0.39272108848495507,0.9627204127649931,0.3780806084077533,0.04604030654703815,0.9592800945223774,0.04416554961628198
357.1677753141168,0.9716071063699394,0.951215624320378,0.9242078602797978,0.9027020067647945,0.9572993456995988,0.8641560404376526,0.9027020067647945,0.9572993456995988,0.8641560404376526,0.3818276667519099,0.9629379512605574,0.36767635115668296,0.04777687506781698,0.9592998107855764,0.04583234721248295
358.9948263118995,0.970612796560803,0.9516648136583278,0.923698046173425,0.8984646384727764,0.9575783477504153,0.8603502840209354,0.8984646384727764,0.9575783477504153,0.8603502840209354,0.3711957434693643,0.9631505746394872,0.3575173936262499,0.049420294883781246,0.9593157236844627,0.047409665951134154
360.8218773096822,0.9695814462604262,0.9521043170186878,0.9231426806857747,0.8940466249181162,0.9578512829521177,0.8563637066968284,0.8940466249181162,0.9578512829521177,0.8563637066968284,0.36082212375530315,0.9633582342675361,0.3476009640255712,0.050971968972923484,0.9593275232170979,0.04889881274829345
362.64892830746487,0.9685115735376588,0.9525343405098993,0.9225405329758987,0.8894420686449915,0.9581184059348482,0.8521908169815331,0.8894420686449915,0.9581184059348482,0.8521908169815331,0.3507026293556108,0.9635608946133611,0.33792333928515034,0.05243373693397683,0.9593348873884586,0.05030151311691272
364.4759793052477,0.9674016370263793,0.9529550861311039,0.9218903103358442,0.8846451544793383,0.9583799705569405,0.8478261971032484,0.8846451544793383,0.9583799705569405,0.8478261971032484,0.3408322630326056,0.9637585319735626,0.32848000146953116,0.053807889803430826,0.9593374786097729,0.05161992533333584
366.3030303030303,0.9662500339446278,0.9533667519382598,0.9211906564220231,0.879650191133698,0.958636229740182,0.8432645427186388,0.879650191133698,0.958636229740182,0.8432645427186388,0.3312053595046431,0.9639511331838211,0.31926578161105557,0.05509718233813587,0.9593349406171376,0.052856652146527176
368.130081300813,0.9650550981067746,0.9537695322075628,0.920440149475822,0.8744516569543267,0.95888743524673,0.8385007065841877,0.8744516569543267,0.95888743524673,0.8385007065841877,0.32181572241145223,0.9641386943442618,0.31027499042523293,0.056304844082940474,0.9593268960671595,0.054014751307632655
369.95713229859575,0.9638150979376267,0.9541636175962845,0.9196373005420831,0.8690442498040024,0.9591338373943473,0.8335297461800046,0.8690442498040024,0.9591338373943473,0.8335297461800046,0.31265674726111364,0.964321219581023,0.3015015358290728,0.057434589991920686,0.9593129450517835,0.055097745672991125
371.7841832963785,0.9625282344986728,0.9545491953011273,0.9187805516953228,0.8634229409913411,0.9593756847071292,0.8283469752054111,0.8634229409913411,0.9593756847071292,0.8283469752054111,0.3037215306864719,0.9644987198605757,0.2929390275411967,0.05849063056693448,0.9592926648900396,0.056109632867653386
373.6112342941612,0.961192639538112,0.954926449214177,0.9178682742849317,0.8575830330603086,0.9596132234995861,0.8229480187735548,0.8575830330603086,0.9596132234995861,0.8229480187735548,0.29500296661379954,0.9646712118687264,0.2845808693082034,0.05947768033109774,0.9592656117059846,0.05705489340566348
375.4382852919439,0.9598063735779203,0.955295560076527,0.9168987672121397,0.851520221141814,0.959846697392817,0.8173288720261714,0.851520221141814,0.959846697392817,0.8173288720261714,0.2864938301386159,0.9648387169623788,0.27642033948857986,0.06040096185957227,0.959231324491698,0.05793849464513005
377.2653362897266,0.9583674240529537,0.9556567056296186,0.9158702552531894,0.8452306574435033,0.9600763467625865,0.8114859617700978,0.8452306574435033,0.9600763467625865,0.8114859617700978,0.2781868500268081,0.9650012601990244,0.26845066084666686,0.06126620043156882,0.9591893325768072,0.05876588590147339
379.09238728750927,0.9568737035189938,0.9560100607643313,0.914780887444984,0.8387110183154112,0.9603024081203922,0.8054162106053958,0.8387110183154112,0.9603024081203922,0.8054162106053958,0.2700747708268759,0.965158869446507,0.26066506047729204,0.06207960156095437,0.9591391676620968,0.059542977369968386
380.9194382852919,0.9553230479487355,0.9563557976678349,0.9136287355514802,0.8319585731803926,0.9605251134300946,0.7991171028732362,0.8319585731803926,0.9605251134300946,0.7991171028732362,0.26215040560332936,0.9653115745737786,0.2530568208081046,0.06284780022705552,0.9590803817788238,0.06027609223572366
382.74648928307465,0.9537132151369381,0.9566940859681836,0.9124117926312106,0.8249712544624447,0.9607446893643427,0.7925867516030335,0.8249712544624447,0.9607446893643427,0.7925867516030335,0.25440668029262964,0.965459406722081,0.24561932262145633,0.06357776681532966,0.9590125726205986,0.06097187771504182
384.57354028085734,0.9520418832384424,0.9570250928766164,0.9111279717286992,0.81774772748774,0.9609613565068716,0.7858239654870303,0.81774772748774,0.9609613565068716,0.7858239654870303,0.24683667065044787,0.9656023976551511,0.23834608100928734,0.0642766512773122,0.958935417516997,0.061637157429203795
386.4005912786401,0.9503066494653177,0.9573489833274894,0.9097751047149748,0.8102874591779788,0.9611753285087078,0.77882831476188,0.8102874591779788,0.9611753285087078,0.77882831476188,0.23943363270987578,0.9657405791866115,0.23123077512998985,0.0649515452027503,0.9588487166688723,0.06227870576331738
388.22764227642284,0.948505028972277,0.9576659201157439,0.9083509413051459,0.8025907842103224,0.9613868112083626,0.7716001947371809,0.8025907842103224,0.9613868112083626,0.7716001947371809,0.23219102761047514,0.965873982682605,0.22426727258129633,0.06560914362105578,0.9587524448939073,0.06290292685408273
390.0546932742055,0.9466344539624055,0.9579760640317697,0.9068531482837687,0.7946589671904627,0.9615960017281568,0.7641408855877755,0.7946589671904627,0.9615960017281568,0.7641408855877755,0.22510254159226814,0.9660026386378932,0.2174496491422271,0.06625529746843159,0.9586468088274274,0.06351542948602387
391.88174427198817,0.9446922730485117,0.9582795739934938,0.9052793089718731,0.7864942592837865,0.961803087560817,0.7564526069280035,0.7864942592837865,0.961803087560817,0.7564526069280035,0.2181621018805075,0.9661265763240633,0.2107722045734762,0.06689446684765177,0.9585323032937446,0.06412050738508669
393.70879526977086,0.942675750908663,0.9585766071754789,0.903626922972623,0.7780999476831229,0.9620082456623273,0.7485385656205897,0.7780999476831229,0.9620082456623273,0.7485385656205897,0.21136388911881135,0.9662458235090825,0.20422947510168826,0.06752911569476076,0.9584097568873754,0.0647205633558351
395.5358462675536,0.9405820682780178,0.9588673191347754,0.9018934062359852,0.7694803962684709,0.9622116415686177,0.7404029952483558,0.7694803962684709,0.9622116415686177,0.7404029952483558,0.20470234694172285,0.9663604062482286,0.19781624315056912,0.06815912671675313,0.9582803538671187,0.06531555206940398
397.36289726533624,0.9384083223226817,0.959151863933221,0.900076091486247,0.7606410758462565,0.96241342855493,0.7320511857049062,0.7606410758462565,0.96241342855493,0.7320511857049062,0.19817218921410173,0.9664703487473446,0.19152754482177767,0.06878135054545123,0.9581456191082057,0.06590254970146989
399.18994826311894,0.9361515274450386,0.959430394255836,0.8981722290597964,0.7515885824374176,0.962613746857437,0.7234895014353522,0.7515885824374176,0.962613746857437,0.7234895014353522,0.19176840540442985,0.9665756733004246,0.18535867557153557,0.06938941716904792,0.9580073569256404,0.06647557214073026
401.0169992609017,0.933808616573836,0.9597030615249024,0.896178988204244,0.7423306422444608,0.9628127229769939,0.71472538700865,0.7423306422444608,0.9628127229769939,0.71472538700865,0.18548626450228406,0.9666764003046855,0.1793051944750307,0.0699739129229184,0.9578675436614839,0.06702574009185841
402.84405025868443,0.9313764429960882,0.959970016009268,0.8940934588936099,0.7328761021388664,0.9630104690844534,0.7057673589015355,0.7328761021388664,0.9630104690844534,0.7057673589015355,0.17932131783662794,0.9667725483575336,0.17336292741974804,0.07052295685283144,0.957728186097537,0.06754182354489711
404.67110125646707,0.9288517827917065,0.960231406928349,0.8919126542179856,0.7232349047950116,0.9632070825459076,0.6966249826429703,0.7232349047950116,0.9632070825459076,0.6966249826429703,0.17326940110064837,0.9668641344411224,0.16752796952031004,0.0710231127719386,0.9575911685741294,0.06801110555505285
406.4981522542498,0.9262313379353815,0.9604873825502486,0.8896335134095693,0.7134180479378015,0.9634026455844154,0.6873088347909472,0.7134180479378015,0.9634026455844154,0.6873088347909472,0.16732663583982973,0.966951174201547,0.16179668700051802,0.0714604844299022,0.957458116199931,0.06842042080498867
408.3252032520325,0.9235117401337637,0.9607380902833462,0.8872529055703621,0.7034375275627893,0.963597225092259,0.6778304495852633,0.7034375275627893,0.963597225092259,0.6778304495852633,0.16148943061180998,0.9670336823310125,0.15616571874207713,0.07182179883471139,0.9573302972796135,0.06875718402959086
410.15225424981526,0.9206895554691532,0.9609836767606446,0.8847676341698703,0.6933062654162123,0.9637908726045982,0.6682022505277264,0.6933062654162123,0.9637908726045982,0.6682022505277264,0.15575448197811392,0.9671116730625687,0.15063197765284747,0.07209530319528547,0.9572085768911799,0.06901024257209734
411.979305247598,0.9177612899236748,0.9612242879161031,0.8821744423838486,0.6830380214715444,0.9639836244416395,0.6584374675695858,0.6830380214715444,0.9639836244416395,0.6584374675695858,0.15011877543781102,0.9671851607880751,0.1451926519591282,0.07227136974421264,0.9570934203889557,0.06917045246468337
413.80635624538064,0.914723395860117,0.9614600690521162,0.8794700193472543,0.6726472925895627,0.9641755020222439,0.6485500410164448,0.6726472925895627,0.9641755020222439,0.6485500410164448,0.14457958635996132,0.9672541608108474,0.13984520647498383,0.07234278627823434,0.9569849355329545,0.06923095666275039
415.63340724316333,0.9115722795371122,0.961691164897239,0.876651007396077,0.6621491989796959,0.9643665123474083,0.6385545136736794,0.6621491989796959,0.9643665123474083,0.6385545136736794,0.13913448091406938,0.9673186902448557,0.13458738384569546,0.07230477704009626,0.9568829374903167,0.06918720744870972
417.4604582409461,0.9083043097368994,0.9619177196532013,0.8737140103732932,0.6515593604703733,0.9645566486474839,0.6284659131302012,0.6515593604703733,0.9645566486474839,0.6284659131302012,0.1337813169340628,0.9673787690721088,0.12941720570051934,0.07215483327384076,0.9567870217007248,0.06903680802939045
419.28750923872883,0.904915827583468,0.9621398770302004,0.8706556030738399,0.6408937649252573,0.9647458911825081,0.6182996263961302,0.6408937649252573,0.9647458911825081,0.6182996263961302,0.12851824458034422,0.967434421368805,0.12433297358091987,0.0718924372323608,0.9566966334202063,0.06877925266857307
421.11456023651147,0.9014031576269991,0.9623577802694152,0.8674723419017606,0.6301686313933079,0.9649342081808602,0.608071269353918,0.6301686313933079,0.9649342081808602,0.608071269353918,0.12334370658533565,0.9674856767086644,0.1193332694334684,0.07151874869264152,0.9566111273939859,0.06841563081667495
422.9416112342942,0.8977626202672231,0.9625715721516491,0.8641607768096049,0.6194002707403208,0.9651215568977781,0.5977965536398037,0.6194002707403208,0.9651215568977781,0.5977965536398037,0.11825643778029908,0.9675325717482248,0.11441695537135671,0.07103630111036573,0.9565298150680888,0.0679483399642192
424.76866223207685,0.8939905455831356,0.9627813949909821,0.8607174645852805,0.6086049465695267,0.9653078847722568,0.5874911536349622,0.6086049465695267,0.9653078847722568,0.5874911536349622,0.11325546350579399,0.9675751519934387,0.10958317231570597,0.07044873370042665,0.9564519994465449,0.06738083220625025
426.5957132298596,0.8900832886292733,0.9629873906123096,0.8571389835447272,0.5977987391966354,0.9654931306586372,0.5771705762107456,0.5977987391966354,0.9654931306586372,0.5771705762107456,0.10834009640695018,0.9676134737392582,0.10483133702957519,0.06976056982169096,0.9563769991738359,0.06671740442672566
428.42276422764223,0.886037246249259,0.9631897003116413,0.8534219496797757,0.5869974153034221,0.9656772261078418,0.5668500357426814,0.5869974153034221,0.9656772261078418,0.5668500357426814,0.10350993101184663,0.9676476061636861,0.10016113695778169,0.06897704175110142,0.9563041639840077,0.06596303224587705
430.249815225425,0.8818488754451382,0.9633884647980749,0.8495630342990005,0.5762163056626012,0.9658600966727886,0.5565443366917171,0.5762163056626012,0.9658600966727886,0.5565443366917171,0.09876483539307511,0.9676776335446998,0.09557252219060274,0.06810395632222052,0.9562328836596362,0.06512324254262684
432.0768662232077,0.877514713326088,0.9635838241164013,0.8455589831851595,0.5654701930188836,0.9660416632129598,0.5462677657613157,0.5654701930188836,0.9660416632129598,0.5462677657613157,0.09410493912856006,0.9677036575524323,0.09106569378845657,0.0671475935746018,0.9561625923643737,0.06420401714332062
433.9039172209904,0.8730313986419829,0.9637759175493865,0.8414066372756013,0.55477321184409,0.9662218431743973,0.536033995291777,0.55477321184409,0.9662218431743973,0.536033995291777,0.08953061672064763,0.967725799550133,0.08664108765020524,0.0661146302355712,0.9560927698344222,0.0632117199485059
435.73096821877317,0.8683956948860259,0.963964883498881,0.8371029548517377,0.5441387612776811,0.9664005518233958,0.5258559991672501,0.5441387612776811,0.9664005518233958,0.5258559991672501,0.08504246561863515,0.967744202816317,0.08229935309564013,0.06501208058961527,0.9560229405383013,0.06215304045579701
437.5580192165558,0.8636045149258876,0.9641508593450541,0.8326450352000632,0.533579432138568,0.9665777034147635,0.5157459821058507,0.533579432138568,0.9665777034147635,0.5157459821058507,0.08064127803829975,0.9677590345781899,0.07804132538149636,0.0638472484723188,0.9559526715870001,0.06103494775059218
439.3850702143385,0.8586549470946159,0.9643339812832367,0.8280301436802979,0.5231069484695241,0.9667532122785384,0.5057153227981362,0.5231069484695241,0.9667532122785384,0.5057153227981362,0.07632800590315983,0.9677704877246854,0.07386799149995366,0.06262768540804092,0.955881569911926,0.05986465024778838
441.21212121212125,0.8535442826409372,0.9645143841380696,0.823255738105994,0.5127321236701068,0.9669269938123469,0.4957745309713568,0.5127321236701068,0.9669269938123469,0.4957745309713568,0.07210371846566517,0.967778782048723,0.06978044883788546,0.061361151124025584,0.9558092790239174,0.05864955761593253
443.039172209904,0.8482700444036407,0.9646922011549267,0.8183194963095356,0.502464830903066,0.9670989653699827,0.4859332181011585,0.502464830903066,0.9670989653699827,0.4859332181011585,0.06796955251702887,0.9677841648557617,0.06577985661831262,0.06005557376092606,0.9557354755140766,0.05739724234566937
444.86622320768663,0.8428300165367552,0.9648675637688786,0.8132193447271027,0.492313987134711,0.9672690470401404,0.4762000811803238,0.492313987134711,0.9672690470401404,0.4762000811803238,0.06392665556726995,0.9677869107730953,0.06186738050750388,0.05871900806469216,0.9556598653464884,0.05611539934038307
446.6932742054694,0.8372222750716797,0.9650406013518142,0.8079534878003078,0.48228754989975436,0.9674371623124202,0.4665828986936281,0.48228754989975436,0.9674371623124202,0.4665828986936281,0.05997612296238151,0.9677873206053762,0.05804413134206178,0.05735959072214945,0.9555821799151507,0.05481180274131243
448.52032520325207,0.8314452190598943,0.9652114409387221,0.8025204379504121,0.47239252567013557,0.9676032386306296,0.457088537743326,0.47239252567013557,0.9676032386306296,0.457088537743326,0.05611893057366641,0.9677857191099128,0.05431109958091502,0.055985492836895724,0.955502171785858,0.053494259994155455
450.34737620103476,0.8254976019961427,0.9653802069345525,0.7969190458390132,0.4626349885561745,0.9677672078359606,0.4477229711222306,0.4626349885561745,0.9677672078359606,0.4477229711222306,0.05235586539209368,0.9677824516123498,0.0506690877654466,0.05460487037496838,0.9554196100134912,0.05217056395848953
452.1744271988174,0.8193785631780375,0.9655470208035425,0.7911485305868413,0.4530201079748933,0.9679290065047734,0.43849130303882367,0.4530201079748933,0.9679290065047734,0.43849130303882367,0.04868745701235594,0.9677778794492624,0.04711864390319495,0.05322581427247633,0.9553342749129532,0.05084844468464769
454.00147819660015,0.8130876586151781,0.9657120007433574,0.7852085095809955,0.4435521838799934,0.9680885761874547,0.4293978021572189,0.4435521838799934,0.9680885761874547,0.4293978021572189,0.04511391350457867,0.9677723743058958,0.043659999186556914,0.05185630280780663,0.955245952165782,0.049535523351440354
455.8285291943829,0.8066248910602756,0.9658752613469012,0.7790990274617593,0.4342346881543692,0.9682458635561154,0.4204459406180477,0.4342346881543692,0.9682458635561154,0.4204459406180477,0.04163506544869404,0.9677663116083771,0.040293013722856014,0.05050415980403804,0.9551544261631922,0.04823927177648011
457.6555801921656,0.7999907386982873,0.9660369132551405,0.7728205838447931,0.4250703108118499,0.9684008204698031,0.4116384377475497,0.4250703108118499,0.9684008204698031,0.4116384377475497,0.038250321861863196,0.9677600632208037,0.037017133903252813,0.04917702323908497,0.9550594725197614,0.04696698187481254
459.48263118994834,0.7931861819985834,0.9661970628047815,0.76637415930437,0.41606100973209503,0.9685534039664279,0.4029773072337297,0.41606100973209503,0.9685534039664279,0.4029773072337297,0.034958641329211074,0.9677539897771944,0.03383136462353394,0.047882329896430285,0.9549608497415206,0.04572575044549888
461.30968218773097,0.7862127282117439,0.9663558116750957,0.7597612391203512,0.4072080627533503,0.9687035761908054,0.3944639066429003,0.4072080627533503,0.9687035761908054,0.3944639066429003,0.031758520847810036,0.967748433034697,0.03073425878596792,0.046627322787494825,0.9548582901017676,0.044522485708890495
463.13673318551366,0.7790724329783064,0.9665132565386161,0.7529838342773256,0.3985121210646769,0.9688513042681435,0.3860989882601765,0.3985121210646769,0.9688513042681435,0.3860989882601765,0.028648003767969377,0.9677437086578519,0.0277239254120588,0.04541908922366316,0.9547514898759275,0.04336394310510008
464.96378418329647,0.7717679185135731,0.9666694887207892,0.7460444992006233,0.38997326296547813,0.968996560131993,0.3778827503569974,0.38997326296547813,0.968996560131993,0.3778827503569974,0.025624706876491186,0.9677400998284349,0.02479805639072996,0.044264638612510704,0.9546400992289183,0.04225679899737943
466.79083518107916,0.7643023878415665,0.9668245938739464,0.73894634572181,0.38159104718991926,0.9691393203151999,0.36981488811200375,0.38159104718991926,0.9691393203151999,0.36981488811200375,0.022685865268184755,0.967737852021292,0.021953970525877546,0.043171030257481015,0.9545237122610424,0.04120777206350456
468.6178861788618,0.7566796345769001,0.9669786516711674,0.7316930527902025,0.37336456512228555,0.9692795657117901,0.36189464353390033,0.37336456512228555,0.9692795657117901,0.36189464353390033,0.019828392365402105,0.9677371691994826,0.019188672297470864,0.04214556248934129,0.9544018580419601,0.04022380314805086
470.44493717664454,0.7489040477857792,0.9671317355256462,0.7242888714772422,0.3652924913526872,0.9694172813170161,0.35412085385264164,0.3652924913526872,0.9694172813170161,0.35412085385264164,0.01704895142670553,0.9677382115728113,0.01649892176287174,0.041196034916681744,0.9542739939537112,0.039312304774998426
472.27198817442724,0.7409806115189845,0.9672839123411718,0.7167386248790374,0.3573731321379404,0.9695524559520505,0.3464919979556168,0.3573731321379404,0.9695524559520505,0.3464919979556168,0.014344034247759069,0.9677410949463672,0.013881311408874551,0.04033109450027931,0.9541395033931144,0.03848149047779727
474.09903917220987,0.732914898673222,0.9674352422991099,0.7090477025825561,0.3496044714380214,0.9696850819790499,0.3390062405466202,0.3496044714380214,0.9696850819790499,0.3390062405466202,0.011710042551374132,0.9677458915742676,0.01133234556925217,0.03956067170019854,0.9539977009175363,0.037740789848742844
475.92609016999256,0.7247130589237905,0.9675857786869528,0.7012220494433793,0.341984214292987,0.9698151550115529,0.3316614737960573,0.341984214292987,0.9698151550115529,0.3316614737960573,0.009143367774606833,0.967752632340591,0.008848518232333893,0.03889650195629492,0.9538478492715332,0.03710134473519789
477.7531411677753,0.716381800569004,0.967735567773023,0.6932681485159057,0.3345098273881974,0.9699426736244605,0.324455356330565,0.3345098273881974,0.9699426736244605,0.324455356330565,0.00664046551777018,0.9677613100227088,0.006426385608637895,0.03835270544130728,0.9536891942671184,0.03657656075028447
479.58019216555806,0.7079283662362746,0.9678846487312824,0.6851929980815074,0.3271785767270171,0.9700676390671474,0.31738534947892705,0.3271785767270171,0.9700676390671474,0.31738534947892705,0.0041979217151984815,0.9677718833553393,0.00406263060449591,0.03794635836198283,0.9535210247274198,0.03618265050999177
481.40724316334075,0.6993605025181177,0.9680330536194405,0.6770040828334398,0.31998756239030535,0.9701900549826399,0.31044875074921124,0.31998756239030535,0.9701900549826399,0.31044875074921124,0.00181250849916318,0.9677842816056008,0.0017541172357666839,0.03769792737932093,0.9533427645506581,0.03593904630563176
483.23429416112344,0.6906864237304063,0.9681808074126653,0.6687093393962711,0.3129337504116239,0.9703099271352108,0.30364272456005104,0.3129337504116239,0.9703099271352108,0.30364272456005104,0.000518771356924947,0.9677984093856591,0.0005020660940668037,0.03763135824181603,0.9531541004840786,0.03586848341497227
485.06134515890614,0.6819147701111171,0.9683279280942149,0.6603171164785409,0.3060140018370007,0.9704272631482435,0.2969643302877222,0.3060140018370007,0.9704272631482435,0.2969643302877222,0.002798651701989988,0.9678141514636465,0.00270857472220373,0.037773533798177744,0.9529551399031161,0.03599648318527755
486.8883961566889,0.6730545609014253,0.9684744268032489,0.6518361300763204,0.29922509906934985,0.9705420722537612,0.2904105477211038,0.29922509906934985,0.9705420722537612,0.2904105477211038,0.005029581581415647,0.9678313773782949,0.004867786869578009,0.03815280177836354,0.9527465761531485,0.036349951264985615
488.71544715447163,0.6641151428681781,0.9686203080389725,0.6432754142583209,0.29256376962117076,0.9706543650546451,0.283978300039631,0.29256376962117076,0.9706543650546451,0.283978300039631,0.00721371421754395,0.967849945711529,0.006981792913828397,0.038796405737568235,0.9525298174158595,0.036954733273597475
490.5424981522543,0.655106134933016,0.9687655699191595,0.634644268165921,0.28602670741609737,0.9707641533002237,0.2776644744460386,0.28602670741609737,0.9707641533002237,0.2776644744460386,0.009352905159058405,0.9678697079208497,0.009052393584509266,0.03972700025771959,0.9523070191410267,0.03783230119484374
492.36954915003696,0.646037369665002,0.9689102044900096,0.625952199950305,0.27961059179106434,0.9708714496756621,0.2714659405968604,0.27961059179106434,0.9708714496756621,0.2714659405968604,0.01144871818602383,0.9678905116759744,0.011081105703104638,0.040958936808328086,0.9520809672178083,0.0389962241726861
494.1966001478197,0.6369188324667926,0.9690541980832809,0.6172088684402472,0.2733121043573921,0.9709762676053421,0.26537956698030235,0.2733121043573921,0.9709762676053421,0.26537956698030235,0.01350243751043938,0.9679122036797772,0.013069174045777865,0.042495410065433274,0.9518548013872044,0.04044946010770079
496.02365114560246,0.6277605993365455,0.969197531715707,0.6084240233853527,0.26712794388166633,0.9710786210702624,0.25940223539394297,0.26712794388166633,0.9710786210702624,0.25940223539394297,0.01551508486146483,0.9679346319812726,0.015017587955540174,0.04432750157727961,0.9516316343354024,0.042183452771991724
497.85070214338504,0.6185727741167282,0.9693401815249203,0.5996074451486828,0.26105483934676754,0.9711785244393473,0.25353085367454453,0.26105483934676754,0.9711785244393473,0.25353085367454453,0.017487440158402118,0.9679576478084183,0.016927101441917388,0.04643552034003047,0.9514141731098031,0.044179412187233535
499.6777531411677,0.6093654261458493,0.969482119235453,0.5907688847286929,0.25508956135038907,0.971275992314457,0.24776236682965871,0.25508956135038907,0.971275992314457,0.24776236682965871,0.019420064625717846,0.9679811069616586,0.01879825565366931,0.04879214230191471,0.9512044490336811,0.04641130283546575
501.5048041389505,0.6001485292097967,0.96962331264792,0.58191800497318,0.2492289319934895,0.9713710393888323,0.2420937667162845,0.2492289319934895,0.9713710393888323,0.2420937667162845,0.021313325371296928,0.9680048708165729,0.02063140277271387,0.05136625086644974,0.9510037101987056,0.048849495152991175
503.3318551367332,0.5909319026468869,0.9697637261442045,0.5730643238083293,0.24346983340483114,0.9714636803186628,0.23652210040602897,0.24346983340483114,0.9714636803186628,0.23652210040602897,0.02316742061601937,0.9680288069869517,0.02242673053989014,0.054126381949103804,0.9508124640741958,0.05146403859244846
505.1589061345159,0.5817251553969419,0.969903321201367,0.5642171602458753,0.2378092150404859,0.9715539296074661,0.23104447736945102,0.2378092150404859,0.9715539296074661,0.23104447736945102,0.024982404919414513,0.9680527896992787,0.024184286775636204,0.057043125423993764,0.9506306155007408,0.05422694143189715
506.9859571322986,0.5725376337022837,0.9700420569070893,0.555385583853281,0.23224409988926345,0.9716418015029692,0.22565807560483947,0.23224409988926345,0.9716418015029692,0.22565807560483947,0.02675821388669791,0.9680766999270075,0.025904003395375536,0.06009035981359917,0.9504576389178849,0.05711334151015962
508.8130081300813,0.5633783730710055,0.9701798904697295,0.5465783682790425,0.226771589706764,0.971727309906217,0.22036014682891017,0.226771589706764,0.971727309906217,0.22036014682891017,0.028494687964387293,0.9681004253290095,0.02758571953794075,0.06324554065536371,0.9502927405384427,0.06010177815622108
510.64005912786405,0.5542560550041036,0.9703167777164871,0.5378039493214338,0.22138886939231428,0.9718104682926814,0.21514802083893222,0.22138886939231428,0.9718104682926814,0.21514802083893222,0.030191595034757487,0.9681238600318042,0.02922920352556647,0.06648937951699303,0.9501349884889465,0.06317388584201537
512.4671101256467,0.5451789688720601,0.9704526735737364,0.5290703879180635,0.21609321061468523,0.971891289645199,0.21001910914787802,0.21609321061468523,0.971891289645199,0.21001910914787802,0.03184865160482007,0.968146904290151,0.0308341734570221,0.06980521836261921,0.9499834059817243,0.066313799095419
514.2941611234294,0.5361549792074841,0.9705875325242559,0.5203853383195858,0.21088197478423282,0.9719697863986511,0.20497090798635648,0.21088197478423282,0.9719697863986511,0.20497090798635648,0.033465542455339586,0.9681694640556019,0.03240031630331612,0.07317831548484874,0.9498370318622735,0.06950747397680977
516.1212121212121,0.5271914985624225,0.9707213090368318,0.5117560215976038,0.20575261546112955,0.9720459703963721,0.20000100075750527,0.20575261546112955,0.9720459703963721,0.20000100075750527,0.03504193867195784,0.9681914504779102,0.033927305430360835,0.07659517207903953,0.9496949561634728,0.0727420485899371
517.9482631189949,0.5182954659655375,0.9708539579645218,0.5031892045277082,0.2007026802816697,0.9721198528583845,0.19510706002370015,0.2007026802816697,0.9721198528583845,0.19510706002370015,0.03657751402606228,0.9682127793599046,0.035414816517249655,0.08004296452140595,0.9495563382346917,0.07600530429239558
519.7753141167775,0.5094733309087204,0.9709854349086884,0.49469118378678195,0.19572981247726476,0.9721914443616481,0.19028684909690655,0.19572981247726476,0.9721914443616481,0.19028684909690655,0.03807195970972129,0.9682333705825885,0.03686254187442795,0.08350910773052986,0.9494204135876728,0.07928525159985718
521.6023651145603,0.5007310426973682,0.971115696546744,0.4862677753116322,0.19083175205375563,0.9722607548326387,0.1855382232978194,0.19083175205375563,0.9722607548326387,0.1855382232978194,0.03952499745858931,0.9682531475138895,0.03827020319475758,0.08698095329370602,0.9492864939229665,0.08256984419025949
523.4294161123429,0.49207404491554735,0.9712447009223435,0.4779243085856486,0.1860063366919724,0.9723277935526847,0.1808591309425233,0.1860063366919724,0.9723277935526847,0.1808591309425233,0.04093639112062565,0.968272036411594,0.03963756279370969,0.09044561527207456,0.9491539633486199,0.08584681420299403
525.2564671101256,0.4835072746876762,0.9713724076975139,0.4696656255526312,0.18125150242408863,0.9723925691766195,0.17624761410928183,0.18125150242408863,0.9723925691766195,0.17624761410928183,0.04230595674786223,0.9682899658285802,0.04096443341373291,0.0938899114347033,0.9490222727069356,0.08910361713401502
527.0835181079083,0.4750351663630163,0.9714987783669039,0.4614960838029893,0.1765652841342226,0.9724550897654419,0.17170180923220618,0.1765652841342226,0.9724550897654419,0.17170180923220618,0.04363357130442202,0.9683068660264452,0.042250686683326315,0.09730040483995644,0.9488909331624786,0.09232747194567323
528.910569105691,0.4666616592080513,0.9716237764349394,0.4534195636371215,0.17194581592578564,0.9725153628338064,0.1672199475628203,0.17194581592578564,0.9725153628338064,0.1672199475628203,0.04491918009537736,0.9683226684019964,0.04349626033238565,0.10066352851433169,0.9487595097034386,0.09550547995827545
530.7376201034738,0.4583902086643671,0.9717473675572085,0.4454394785835982,0.16739133139231618,0.9725733954133114,0.1628003555349798,0.16739133139231618,0.9725733954133114,0.1628003555349798,0.046162803034141046,0.9683373049297791,0.04470116427808437,0.10396577397685364,0.9486276148943193,0.09862480419830456
532.5646711012564,0.4502238007150211,0.971869519647835,0.43755878893493017,0.1629001638228112,0.9726291941326783,0.15844145506306215,0.1629001638228112,0.9726291941326783,0.15844145506306215,0.0473645398695563,0.9683507076228801,0.045865485698916963,0.10719392265431028,0.9484949030291665,0.10167288927331601
534.3917220990392,0.4421649688993733,0.9719902029549502,0.4297800178600711,0.1584707463668093,0.9726827653160484,0.1541417637977662,0.1584707463668093,0.9726827653160484,0.1541417637977662,0.048524574502239286,0.9683628080135831,0.04698939322265275,0.11033529831733903,0.9483610647248585,0.10463770098896653
536.2187730968219,0.43421581352353156,0.9721093901066411,0.4221052696590193,0.15410161217861193,0.9727341151007499,0.14989989535816103,0.15410161217861193,0.9727341151007499,0.14989989535816103,0.049643178521620944,0.9683735366551074,0.04807314035578294,0.11337801905074636,0.9482258219301888,0.10750796530321056
538.0458240946045,0.42637802262937297,0.9722270561299298,0.41453624973945585,0.1497913945539508,0.9727832495759894,0.14571455955271143,0.1497913945539508,0.9727832495759894,0.14571455955271143,0.050720714096212795,0.9683828226456188,0.04911706828309197,0.11631122928609894,0.948088923285637,0.1102733881398864
539.8728750923873,0.41865289430790553,0.9723431784454538,0.4070742859167375,0.14553882706595922,0.9728301749439944,0.14158456259572086,0.14553882706595922,0.9728301749439944,0.14158456259572086,0.05175763634813101,0.9683905931759575,0.05012160816455209,0.1191252960859794,0.947950139735604,0.11292484107074938
541.69992609017,0.4110413599709536,0.9724577368405558,0.39972035066521777,0.14134274370050798,0.9728748977052105,0.1375088073190055,0.14134274370050798,0.9728748977052105,0.1375088073190055,0.052754495338874406,0.9683967731031263,0.051087283052849895,0.12181195884170667,0.9478092602603219,0.11545450260061878
543.5269770879527,0.40354400822728875,0.9725707134234666,0.39247508397937947,0.137202078983572,0.9729174248691442,0.1334862933713898,0.137202078983572,0.9729174248691442,0.1334862933713898,0.053711937786442884,0.9684012845525559,0.05201470954819826,0.12436442721028879,0.9476660875541751,0.11785595016529038
545.3540280857354,0.3961611090439631,0.9726820925612161,0.3853388165362541,0.13311586808529274,0.9729577641924123,0.12951611739079852,0.13311586808529274,0.9729577641924123,0.12951611739079852,0.054630708623637905,0.9684040465535368,0.05290459929721815,0.12677742771216308,0.9475204334301612,0.1201242032549897
547.1810790835181,0.38889263790954776,0.9727918608037818,0.3783115928849203,0.1290832468767259,0.9729959244454395,0.1255974731252388,0.1290832468767259,0.9729959244454395,0.1255974731252388,0.05551165249318089,0.9684049747140872,0.05375776042899603,0.12904720421282415,0.947372113678717,0.12225572261943224
549.0081300813009,0.3817382997521216,0.9729000067968641,0.3713931944234624,0.12510345190579378,0.9730319157090478,0.12172965146970925,0.12510345190579378,0.9730319157090478,0.12172965146970925,0.05635571525625346,0.9684039809439436,0.05457509900309919,0.13117148097923545,0.9472209420572326,0.12424837378419377
550.8351810790834,0.3746975524003487,0.9730065211855065,0.3645831619577873,0.12117582024873941,0.9730657497018753,0.11791204037607929,0.12117582024873941,0.9730657497018753,0.11791204037607929,0.057163945566057306,0.9684009732374357,0.05535762052026169,0.1331493988756472,0.9470667230395873,0.1261013648678501
552.6622320768662,0.36776962941011376,0.9731113965106123,0.35788081766946617,0.11729978918240215,0.9730974401391238,0.11414412458225442,0.11729978918240215,0.9730974401391238,0.11414412458225442,0.057937496525547555,0.968395855531828,0.05610643151522994,0.13498143557883466,0.9469092429197677,0.12781516897217773
554.4892830746489,0.36095356211134766,0.9732146271002177,0.35128528635069045,0.11347489561101151,0.9731270031225504,0.11042548509558787,0.11347489561101151,0.9731270031225504,0.11042548509558787,0.05867762740679833,0.96838852766138,0.05682274121113247,0.13666931973053337,0.9467482588494117,0.129391440493016
556.3163340724316,0.35424820075958713,0.9733162089571994,0.3447955157932302,0.10970077516912091,0.9731544575608537,0.10675579835371103,0.10970077516912091,0.9731544575608537,0.10675579835371103,0.05938570535627038,0.9683788854329733,0.057507863163556064,0.13821594713462484,0.9465834854111037,0.13083293297809004
558.1433850702143,0.34765223470409073,0.9734161396449057,0.33841029624458074,0.10597716091004203,0.9731798256186457,0.10313483497399385,0.10597716091004203,0.9731798256186457,0.10313483497399385,0.060063206943047134,0.9683668208557673,0.058163216757840606,0.13962530491092015,0.9464145784151005,0.13214342408334834
559.9704360679971,0.34116421150891524,0.9735144181720153,0.332128278868216,0.1023038814771809,0.9732031331910208,0.0995624579911953,0.1023038814771809,0.9732031331910208,0.0995624579911953,0.060711719323055344,0.9683522225649223,0.05879032834221838,0.14090240731338916,0.9462411158093664,0.13332765111644718
561.7974870657797,0.3347825549851894,0.9736110448777614,0.32594799316597683,0.09868085864453735,0.9732244103993231,0.09603862047202881,0.09868085864453735,0.9732244103993231,0.09603862047202881,0.06133294068862022,0.9683349764879079,0.05939083167964931,0.14205324488401572,0.9460625760101913,0.13439125878557842
563.6245380635625,0.3285055821118755,0.9737060213184878,0.31986786333906814,0.09510810410312792,0.973243692102063,0.09256336238615558,0.09510810410312792,0.973243692102063,0.09256336238615558,0.061928679547061626,0.968314966810953,0.05996646728025912,0.1430847465943022,0.9458783147725387,0.1353407589782743
565.4515890613452,0.3223315188387763,0.9737993501563531,0.31388622358011065,0.09158571536317077,0.9732610184130591,0.08913680660644814,0.09158571536317077,0.9732610184130591,0.08913680660644814,0.06250085222326289,0.9682920773122387,0.06051908003304848,0.14400475199882873,0.9456875432333401,0.13618350013169878
567.2786400591278,0.3162585147794833,0.9738910350508627,0.3080013323022396,0.0881138706386392,0.9732764352167961,0.08575915390832867,0.0881138706386392,0.9732764352167961,0.08575915390832867,0.0630514778103887,0.9682661931365378,0.06105061439109795,0.1448219858993639,0.9454893124617698,0.1369276398773377
569.1056910569106,0.31028465681357337,0.9739810805537782,0.30221138532254244,0.08469282258262303,0.9732899946687564,0.08243067683992311,0.08469282258262303,0.9732899946687564,0.08243067683992311,0.06358266960532047,0.968237203091625,0.061563106183754365,0.14554601947419646,0.9452825143909968,0.1375821072481694
570.9327420546933,0.3044079816268665,0.9740694920078383,0.2965145280264132,0.08132289075021028,0.9733017556661692,0.07915171234302773,0.08132289075021028,0.9733017556661692,0.07915171234302773,0.06409662187221744,0.9682050025477698,0.062058669943093725,0.14618718646018264,0.9450659159702088,0.13815652727510022
572.759793052476,0.2986264872261253,0.974156275449633,0.29090886654680964,0.07800445268185216,0.9733117842723378,0.07592265302096067,0.07800445268185216,0.9733117842723378,0.07592265302096067,0.06459559059915508,0.9681694970149602,0.06253948045976827,0.1467563986058918,0.9448382524179538,0.13866105918994343
574.5868440502586,0.29293814347042174,0.9742414375168734,0.28539247799814776,0.07473793352581277,0.9733201540756033,0.0727439369746363,0.07473793352581277,0.9733201540756033,0.0727439369746363,0.0650818667813098,0.9681306064543398,0.06300774715617001,0.14726477401498506,0.944598413169135,0.13910607185026613
576.4138950480414,0.2873409016657393,0.9743249853602358,0.2799634198088684,0.07152379415449728,0.9733269464622546,0.0696160361637917,0.07152379415449728,0.9733269464622546,0.0696160361637917,0.06555774072655313,0.9680882703461217,0.06346567982776831,0.14772297246048152,0.9443457503491903,0.1395015612720062
578.2409460458241,0.2818327032724175,0.9744069265598827,0.2746197381997397,0.06836251777705067,0.973332250781508,0.06653944329702759,0.06836251777705067,0.973332250781508,0.06653944329702759,0.06602545599831942,0.9680424534812003,0.06391544441682817,0.14814016744260752,0.9440805050524115,0.1398562440977657
580.0679970436067,0.2764114877769381,0.9744872690467183,0.26935947585688874,0.06525459510965388,0.9733361643803052,0.06351465731222034,0.06525459510965388,0.9733361643803052,0.06351465731222034,0.06648715196225995,0.9679931523637103,0.06435910781963305,0.1485227412362769,0.9438042620441996,0.14017639618928593
581.8950480413895,0.271075199780499,0.9745660210283874,0.2641806788495561,0.062200508234758055,0.9733387924863226,0.060542167577254974,0.062200508234758055,0.9733387924863226,0.060542167577254974,0.06694479456833931,0.9679404020051467,0.06479857136663031,0.14887308449922337,0.9435202253363837,0.14046476623322973
583.7220990391722,0.2658217953569828,0.9746431909199895,0.25908140284281017,0.05920071335911091,0.9733402479195011,0.057622437017968334,0.05920071335911091,0.9733402479195011,0.057622437017968334,0.0674000960469511,0.9678842827600485,0.06523549362036164,0.1491891503773538,0.9432330535668055,0.14072013786946877
585.5491500369549,0.26064924773240833,0.9747187872794576,0.25405971865503596,0.056255622764760406,0.9733406506157571,0.054755884462646495,0.056255622764760406,0.9733406506157571,0.054755884462646495,0.06785442565421455,0.9678249267084644,0.06567120453563514,0.14946529391203697,0.9429481436744966,0.14093802143811832
587.3762010347376,0.2555555523369353,0.9747928187475242,0.24911371720910158,0.053365586332736935,0.9733401269514188,0.05194286657594307,0.053365586332736935,0.9733401269514188,0.05194286657594307,0.06830871541862714,0.9677625229506358,0.06610661477304759,0.14969425648623036,0.9426705873080324,0.141112372678514
589.2032520325205,0.2505387312790252,0.9748652939921911,0.2442415139247575,0.050530873100008936,0.9733388088633596,0.04918365983398827,0.050530873100008936,0.9733388088633596,0.04918365983398827,0.06876336685437824,0.9676973210737916,0.06654212589299618,0.14986941263328182,0.9424042648154002,0.1412375736309838
591.030303030303,0.24559683728961795,0.974936221657601,0.23944125259819674,0.047751653379911205,0.9733368327676042,0.046478443060219234,0.047751653379911205,0.9733368327676042,0.046478443060219234,0.06921816651206573,0.967629632016751,0.06697754899094437,0.14998630655519118,0.9421514324094769,0.14130981356278027
592.8573540280858,0.24072795718215306,0.9750056103172179,0.23471110881280224,0.045027982027244395,0.9733343382880899,0.04382728109093593,0.045027982027244395,0.9733343382880899,0.04382728109093593,0.06967221960267957,0.9675598256331727,0.06741204065024475,0.15004309961025938,0.9419128217301631,0.14132751933503934
594.6844050258685,0.23593021487210877,0.9750734684312162,0.23004929292306922,0.042359783454625495,0.9733314668167826,0.04123011016393191,0.042359783454625495,0.9733314668167826,0.04123011016393191,0.07012391126022473,0.9674883244663344,0.06784406541018075,0.15004018418615664,0.941688030196209,0.14129104549653823
596.5114560236511,0.23120177399745345,0.975139804307985,0.22545405265153573,0.03974683900044019,0.9733283599359014,0.03868672561693477,0.03974683900044019,0.9733283599359014,0.03868672561693477,0.07057090387187633,0.9674155936003941,0.06827139286012758,0.14997944096904103,0.9414759626854495,0.14120203856935346
598.3385070214338,0.226540840179067,0.9752046260696691,0.2209236753363357,0.037188777206748014,0.9733251577418747,0.036196772440985445,0.037188777206748014,0.9733251577418747,0.036196772440985445,0.07101017610387758,0.9673421269123771,0.06869113478474739,0.14986349935078294,0.9412751888563413,0.1410627936540804
600.1655580192165,0.22194566295784326,0.9752679416216747,0.21645648986475377,0.03468506748641269,0.973321997118088,0.03375973915605086,0.03468506748641269,0.973321997118088,0.03375973915605086,0.07143810496971159,0.9672684305444574,0.06909982367512314,0.14969516129326144,0.9410841810956951,0.14087574827965693
601.9926090169993,0.21741453744284284,0.975329758626087,0.21205086832593026,0.03223501754443273,0.9733190100088034,0.031374955363963675,0.03223501754443273,0.9733190100088034,0.031374955363963675,0.07185058714492366,0.9671950048493579,0.06949352898206367,0.14947701161014276,0.9409014507014938,0.14064313707050735
603.8196600147819,0.2129458057025813,0.9753900844789619,0.20770522741368136,0.029837774774382278,0.9733163217492293,0.0290415931925837,0.029837774774382278,0.9733163217492293,0.0290415931925837,0.07224319069155828,0.9671223263330858,0.06986800264334457,0.1492111788096939,0.9407256141304231,0.14036677782087367
605.6467110125647,0.20853785792928253,0.9754489262914771,0.20341802960824323,0.02749233168570856,0.9733140495062441,0.026758672683385828,0.02749233168570856,0.9733140495062441,0.026758672683385828,0.07261132446927893,0.967050831158678,0.07021884167954863,0.14889919985730166,0.9405554174049194,0.14004794907304288
607.4737620103474,0.20418913340377043,0.9755062908749516,0.19918778416368277,0.025197535242677763,0.973312300880603,0.024525071003570778,0.025197535242677763,0.973312300880603,0.024525071003570778,0.07295041060970803,0.9669809015664943,0.07054165382102141,0.14854195110708657,0.9403897383967478,0.13968732654253563
609.30081300813,0.19989812128658066,0.9755621847297614,0.19501304792571145,0.022952099823604678,0.9733111727147743,0.022339535195579234,0.022952099823604678,0.9733111727147743,0.022339535195579234,0.07325604585942051,0.9669128561566905,0.0708322125326778,0.148139620938349,0.9402275792281749,0.13928495718264333
611.1278640059129,0.19566336125885647,0.9756166140382141,0.19089242600270143,0.02075462335253906,0.9733107501413154,0.020200698024160257,0.02075462335253906,0.9733107501413154,0.020200698024160257,0.0735241401216248,0.9668469444601702,0.07108659022065433,0.14769171144642534,0.9400680557719266,0.13884026003306948
612.9549150036955,0.19148344403467513,0.9756695846614638,0.18682457231085814,0.018603606026070918,0.9733111058956123,0.018107096354881363,0.018603606026070918,0.9733111058956123,0.018107096354881363,0.07375102444616312,0.9667833457046378,0.0713012621632061,0.14719706546175065,0.9399103879112815,0.13835205089755634
614.7819660014782,0.18735701176459763,0.975721102140587,0.18280819001272014,0.016497470964282984,0.9733122999047167,0.016057191406857556,0.016497470964282984,0.9733122999047167,0.016057191406857556,0.07393352511674978,0.9667221712558912,0.07147317792946631,0.14665392124249682,0.9397538922198873,0.13781859329694518
616.6090169992609,0.18328275834846827,0.9757711717019621,0.17884203186645248,0.014434586062300164,0.9733143791518342,0.014049390171541403,0.014434586062300164,0.9733143791518342,0.014049390171541403,0.07406900451283545,0.9666634699374455,0.07159980091718982,0.1460600005627135,0.9395979774994345,0.13723768112229187
618.4360679970437,0.17925942967375907,0.9758197982671327,0.17492490050172885,0.012413286308825596,0.9733173778046009,0.012082067280043882,0.012413286308825596,0.9733173778046009,0.012082067280043882,0.0741553724960014,0.966607235316683,0.07167911959223872,0.14541263646687771,0.9394421428106572,0.1366067587941907
620.2631189948263,0.17528582379413,0.9758669864673669,0.17105564863642753,0.010431895868079155,0.9733213175853829,0.010153586631232316,0.010431895868079155,0.9733213175853829,0.010153586631232316,0.07419107394059882,0.9665534140705394,0.07170963581084562,0.14470894432800352,0.9392859770519871,0.1359230821612904
622.0901699926089,0.17136079106123378,0.9759127406631553,0.16723317924677497,0.008488749286091281,0.9733262083539644,0.008262322156298648,0.008488749286091281,0.9733262083539644,0.008262322156298648,0.07417505874528797,0.9665019146659036,0.0716903362977767,0.14394603381984086,0.9391291587161127,0.13518391764174825
623.9172209903917,0.16748323422121766,0.9759570649689272,0.16345644570204299,0.00658221127346307,0.9733320488674722,0.006406677184878383,0.00658221127346307,0.9733320488674722,0.006406677184878383,0.07410674046682873,0.9664526157629015,0.0716206531698291,0.14312125045887786,0.9389714542221517,0.13438676867346533
625.7442719881745,0.16365210848581077,0.9759999632832969,0.15972445187338544,0.0047106946254098685,0.9733388276792895,0.004585101984251571,0.0047106946254098685,0.9733388276792895,0.004585101984251571,0.07398594892541817,0.9664053739334085,0.07150041863708681,0.142232425119196,0.938812713267923,0.1335296089408291
627.5713229859571,0.15986642158628223,0.9760414393251807,0.15603625222484105,0.002872675956908166,0.9733465241379212,0.00279610915763114,0.002872675956908166,0.9733465241379212,0.00279610915763114,0.07381288104278111,0.966360030455021,0.07132981797247478,0.14127810125251428,0.9386528600494027,0.13261109380302163
629.3983739837398,0.15612523381697677,0.9760814966761651,0.1523909518929909,0.001066709047595139,0.9733551094479821,0.0010382867017711193,0.001066709047595139,0.9733551094479821,0.0010382867017711193,0.07358805302566941,0.9663164170774289,0.07110934373946871,0.14025770593069287,0.9384918799444176,0.13163071811558724
631.2254249815226,0.15242765807346523,0.9761201388295208,0.1487877067601296,0.0007085642993453015,0.9733645477583108,0.0006896913687899238,0.0007085642993453015,0.9733645477583108,0.0006896913687899238,0.07331225595318072,0.9662743607589799,0.07083975325695842,0.13917163493334886,0.9383298022119018,0.13058889268051624
633.0524759793052,0.14877285988865882,0.9761573692462999,0.14522572352416158,0.0024544058829821455,0.9733747972462224,0.0023890568287076815,0.0024544058829821455,0.9733747972462224,0.0023890568287076815,0.07298651594784225,0.9662336874382355,0.0705220304375532,0.13802123422401033,0.9381666801539221,0.12948692310268667
634.879526977088,0.14516005746840907,0.9761931914189517,0.1417042597666447,0.004171975132564666,0.9733858111716439,0.004060941398599385,0.004171975132564666,0.9733858111716439,0.004060941398599385,0.07261205943389233,0.9661942249441461,0.07015735248632787,0.13680867750313302,0.9380025707346017,0.12832689119673985
636.7065779748707,0.14158852172625172,0.9762276089429249,0.1382226240185821,0.005862325391203011,0.9733975388799441,0.005706373107910416,0.005862325391203011,0.9733975388799441,0.005706373107910416,0.07219028350243563,0.9661558051658738,0.0697470614824484,0.13553675706612198,0.9378375156581911,0.1271114555272596
638.5336289726534,0.1380575763148952,0.9762606255967202,0.13478017582154653,0.007526402262567313,0.97340992673732,0.007326274675001247,0.007526402262567313,0.97340992673732,0.007326274675001247,0.07172273108425586,0.9661182656058085,0.06929264055963308,0.1342086178091272,0.9376715253776036,0.12584359937990414
640.3606799704362,0.1345665976499044,0.9762922454308461,0.1313763257796144,0.009165043797837525,0.9734229189873702,0.008921463686338097,0.009165043797837525,0.9734229189873702,0.008921463686338097,0.0712110704424702,0.9660814504323899,0.0687956942199047,0.1328274689314187,0.9375045666167996,0.1245263586953561
642.187730968219,0.13111501491868635,0.9763224728661231,0.12801053559529046,0.010778982284474036,0.9734364585217893,0.010492654341467511,0.010778982284474036,0.9734364585217893,0.010492654341467511,0.07065707840505386,0.9660452111371375,0.06825793222614354,0.1313963048580364,0.9373365530139095,0.12316255947439667
644.0147819660015,0.127702310065388,0.9763513128017334,0.12468231808015556,0.012368847394728759,0.9734504875618415,0.012040460526976724,0.012368847394728759,0.9734504875618415,0.012040460526976724,0.07006262673212772,0.9660094068857809,0.06768115649436256,0.12991765891565155,0.9371673376614279,0.12175458652118663
645.8418329637841,0.12432801773963625,0.9763787707333702,0.1213912371283427,0.013935170457626003,0.9734649482503662,0.013565399988392929,0.013935170457626003,0.9734649482503662,0.013565399988392929,0.06942967103130279,0.9659739046384826,0.0670672504238729,0.12839340417663414,0.9369967057591035,0.12030419675470332
647.6688839615668,0.1209917251941728,0.9764048528817492,0.11813690763812532,0.015478389630947489,0.9734797831565253,0.01506789938154697,0.015478389630947489,0.9734797831565253,0.01506789938154697,0.06876024167863644,0.9659385791000646,0.06641817014563912,0.12682460914262605,0.936824365311787,0.11881238396595611
649.4959349593496,0.11769307211341987,0.9764295663316523,0.11491899536394645,0.01699885576731376,0.973494935697371,0.016548300002129996,0.01699885576731376,0.973494935697371,0.016548300002129996,0.06805643626031935,0.9659033125484544,0.0657359372240852,0.12521145412268728,0.9366499337379222,0.11727930020724392
651.3229859571322,0.11443175035181072,0.9764529191815283,0.11173721667807746,0.018496838788857994,0.9735103504816399,0.018006864012143537,0.018496838788857994,0.9735103504816399,0.018006864012143537,0.06732041311266326,0.9658679945785549,0.06502263240732792,0.12355321915145505,0.936472918347273,0.11570424370996328
653.1500369549151,0.11120750355743675,0.9764749207035051,0.1085913382178828,0.019972534406665982,0.9735259735820417,0.019443781003150327,0.019972534406665982,0.9735259735820417,0.019443781003150327,0.06655438559996789,0.9658325217893846,0.0642803900801601,0.12184836816017314,0.9362926889233563,0.11408573626561158
654.9770879526978,0.10802012665319578,0.9764955815134597,0.10548117639136999,0.021426071042890942,0.9735417527427864,0.02085917475748751,0.021426071042890942,0.9735417527427864,0.02085917475748751,0.0657606168285881,0.9657967974345504,0.06351139313037098,0.12009478020313213,0.9361084413135281,0.11242173750584478
656.8041389504805,0.104869465144293,0.9765149137505335,0.10240659671044386,0.022857516834401292,0.9735576375292606,0.022253110089085027,0.022857516834401292,0.9735576375292606,0.022253110089085027,0.06494141454930363,0.9657607310497317,0.06271786799053916,0.11829022234987817,0.9359191525456797,0.11071008465613799
658.6311899482631,0.10175541421772612,0.9765329312651743,0.09936751291813807,0.024266886616358563,0.9735735794266881,0.023625599664629796,0.024266886616358563,0.9735735794266881,0.023625599664629796,0.06409912604902258,0.9657242380656634,0.061902079664367254,0.11643322768998021,0.9357235317723036,0.10894931102971706
660.4582409460459,0.09867791759641449,0.9765496498144484,0.09636388587319757,0.02565414880192379,0.9735895318943502,0.024976610723212986,0.02565414880192379,0.9735895318943502,0.024976610723212986,0.06323613287700218,0.9656872394109312,0.061066326589015056,0.11452464023158948,0.9355199796563802,0.10714008909961086
662.2852919438285,0.0956369661080785,0.9765650872629458,0.09339572215289907,0.027019232090179236,0.9736054503815721,0.026306071628123182,0.027019232090179236,0.9736054503815721,0.026306071628123182,0.062354845291123395,0.9656496611055796,0.06021293522366415,0.11257020045700052,0.935306585619936,0.1052876498319889
664.1123429416112,0.09263259592700875,0.9765792637871682,0.09046307233309243,0.028362031948301555,0.9736212923112118,0.027613878198077233,0.028362031948301555,0.9736212923112118,0.027613878198077233,0.06145769634727835,0.9656114338439248,0.05934425429063999,0.11058458624370611,0.9350812223259165,0.10340557007517044
665.939393939394,0.08966488644576148,0.9765922020807829,0.08756602890338955,0.029682416826115523,0.9736370170358942,0.028899899776995152,0.029682416826115523,0.9736370170358942,0.028899899776995152,0.0605471355906811,0.965572492562959,0.0584626486298414,0.10859704014590117,0.9348418386186977,0.10152105667854279
667.7664449371766,0.08673395773374838,0.9766039275575988,0.08470472377539344,0.030980234071512326,0.973652585771702,0.03016398501154056,0.030980234071512326,0.973652585771702,0.03016398501154056,0.059625622342962835,0.9655327759912423,0.05757049266100635,0.10665758324484628,0.9345870777838166,0.09968079904828504
669.5934959349594,0.08383996754105803,0.9766144685485559,0.08187932534323857,0.03225531552401627,0.973667961513522,0.03140596731424438,0.03225531552401627,0.973667961513522,0.03140596731424438,0.058695618614111864,0.9654922261721287,0.0566701634822891,0.10484031708515248,0.9343172666171308,0.09795411849027294
671.4205469327421,0.08098310780881235,0.97662385648845,0.07909003505866222,0.03350748277122601,0.9736831089357407,0.032625669997298115,0.03350748277122601,0.9736831089357407,0.032625669997298115,0.05775958170442929,0.9654507879545179,0.055764033668464615,0.10323741748564391,0.9340354956340516,0.09642741240918291
673.2475979305249,0.07816360065235517,0.9766321260875539,0.07633708348776815,0.03473655205909911,0.97369799428151,0.03382291106820006,0.03473655205909911,0.97369799428151,0.03382291106820006,0.056819956599203914,0.9654084084440396,0.05485446386829686,0.10193882439990637,0.9337480076629657,0.09518517418691749
675.0746489283074,0.07538169379076849,0.976639315482768,0.07362072582374776,0.035942338852300186,0.9737125852433604,0.03499750768356609,0.035942338852300186,0.9737125852433604,0.03499750768356609,0.055879168298069284,0.965365036407608,0.05394379533849251,0.10100344383674702,0.9334630751792404,0.09428298528754357
676.9016999260901,0.07263765540593459,0.9766454663624717,0.0709412368394055,0.03712466204523859,0.9737268508375394,0.0361492802617181,0.03712466204523859,0.9737268508375394,0.0361492802617181,0.054939614262115244,0.9653206216246454,0.05303434259132332,0.10044021993012994,0.9331886273947535,0.09372967097182512
678.7287509238729,0.06993176842674415,0.9766506240588995,0.06829890527552211,0.038283347828127534,0.9737407612740854,0.03727805625828151,0.038283347828127534,0.9737407612740854,0.03727805625828151,0.054003657204777115,0.9652751141789245,0.05212838637442073,0.10021262371276997,0.9329301381829332,0.09349137688802878
680.5558019216555,0.06726432424915739,0.9766548376016471,0.06569402767594534,0.03941823321551195,0.9737542878243164,0.03838367361206366,0.03941823321551195,0.9737542878243164,0.03838367361206366,0.053073618497196516,0.9652284636859364,0.05122816724430249,0.10025995972994882,0.9326899787610047,0.09351145971110515
682.3828529194383,0.06463561592063022,0.9766581597258954,0.0631269016977925,0.04052916924737201,0.9737674026871309,0.03946598387108058,0.04052916924737201,0.9737674026871309,0.03946598387108058,0.05215177250508952,0.9651806184519374,0.050335880039827044,0.1005188981415286,0.9324680524978919,0.09373066118926514
684.209903917221,0.062045930837627564,0.976660646829143,0.06059781894499361,0.04161602387513528,0.9737800788552539,0.04052485501077136,0.04161602387513528,0.9737800788552539,0.04052485501077136,0.051240342222198025,0.9651315245624192,0.04945366960801008,0.10093590952417776,0.9322628374279657,0.09409879741138238
686.0369549150038,0.05949554302715242,0.9766623588707175,0.05810705739519295,0.04267868454686093,0.9737922899823466,0.04156017395832189,0.04267868454686093,0.9737922899823466,0.04156017395832189,0.05034149661542207,0.9650811248997009,0.04858362818274601,0.10147104176746093,0.9320722336425272,0.09457834055023148
687.8640059127866,0.05698470510673488,0.9766633592091114,0.0556548735130843,0.04371706050761991,0.973804010251702,0.04257184883873658,0.04371706050761991,0.973804010251702,0.04257184883873658,0.049457350149271814,0.9650293580917911,0.04772779486747273,0.10209696752870816,0.9318940665195072,0.09514355824963792
689.691056910569,0.05451364004123879,0.9766637143732873,0.05324149416668464,0.04473108483155733,0.9738152142470927,0.04355981095874788,0.04473108483155733,0.9738152142470927,0.04355981095874788,0.048589965013206025,0.9649761573977415,0.04688815772653425,0.1027964443774083,0.931726320970367,0.0957781529285976
691.518107908352,0.052082532838032956,0.9766634937655293,0.05086710848575118,0.045720716205581394,0.9738258768261877,0.04452401654802159,0.045720716205581394,0.9738258768261877,0.04452401654802159,0.04774135663577526,0.9649214495386935,0.046066659047935984,0.10355975399524836,0.9315672178756625,0.09647287191324154
693.3451589061344,0.04969152234320486,0.9766627692951523,0.0485318598222064,0.04668594048250764,0.9738359729968662,0.045464448275056614,0.04668594048250764,0.9738359729968662,0.045464448275056614,0.046913503135244,0.9648651534890427,0.045265204403295886,0.10438264832657616,0.931415213416707,0.09722358666809901
695.1722099039172,0.04734069331913402,0.9766616149443998,0.04623583798965299,0.04762677202452922,0.9738454777966483,0.0463811165581397,0.04762677202452922,0.9738454777966483,0.0463811165581397,0.04610835942793712,0.9648071792491595,0.0444856761994744,0.10526485575877499,0.9312689672765341,0.0980298935129877
696.9992609016999,0.04503006899638456,0.9766601062700906,0.043979071971358454,0.04854325485755298,0.9738543661754139,0.04727406069139384,0.04854325485755298,0.9738543661754139,0.04727406069139384,0.045327876791909104,0.964747426630604,0.043729952489623386,0.10620903970833294,0.931127302496853,0.0988941366444012
698.8263118994827,0.04275960429912825,0.9766583198469243,0.04176152329210592,0.049435463657475406,0.9738626128815293,0.048143349806478886,0.049435463657475406,0.9738626128815293,0.048143349806478886,0.044574028760867766,0.9646857840976966,0.042999931885571,0.1072200729828382,0.9309891671152353,0.09982072644432727
700.6533628972654,0.04052917994194299,0.9766563326607335,0.039583080247844994,0.05030350458966747,0.9738701923514888,0.048989083690693457,0.05030350458966747,0.9738701923514888,0.048989083690693457,0.04384884429295902,0.9646221277268421,0.04229756548023713,0.1083045038192453,0.930853601628966,0.1008156374527826
702.4804138950482,0.038338597585985214,0.9766542214622276,0.037443553177294024,0.051147516022955954,0.9738770786031741,0.04981139348224538,0.051147516022955954,0.9738770786031741,0.04981139348224538,0.043154449204680846,0.9645563203685493,0.04162489673239843,0.10947010749522885,0.9307197138248632,0.1018859871203364
704.3074648928307,0.03618757622377769,0.9766520620937978,0.03534267094112897,0.051967669139189585,0.9738832451328704,0.050610442263265276,0.051967669139189585,0.9738832451328704,0.050610442263265276,0.04249311685364289,0.9644882111282254,0.040984110259432674,0.11072542966196681,0.9305866618115242,0.10303960796677641
706.1345158906134,0.03407574993433663,0.9766499288035971,0.033280078747299054,0.052764168459065675,0.9738886648162141,0.05138642557073726,0.052764168459065675,0.9738886648162141,0.05138642557073726,0.041867328949788445,0.9644176353220801,0.04037759038300664,0.1120792334678953,0.9304536462425815,0.10428453144827676
707.9615668883962,0.03200266711483132,0.9766478935622597,0.031255337426074205,0.0535372523042482,0.9738933098133413,0.05213957184489621,0.0535372523042482,0.9738933098133413,0.05213957184489621,0.041279847104035754,0.9643444151148951,0.03980799001157365,0.1135397671035333,0.9303199131748163,0.10562830627364797
709.7886178861788,0.029967791252776082,0.9766460253981813,0.029267924216986145,0.054287193214887175,0.9738971514785985,0.05287014283374692,0.054287193214887175,0.9738971514785985,0.05287014283374692,0.04073379518655746,0.9642683611068642,0.03927830992620444,0.11511378137324144,0.930184769312801,0.10707708617139279
711.6156688839616,0.027970503255839437,0.9766443897671899,0.027317235083780506,0.055014298340444905,0.9739001602753236,0.05357843397119376,0.055014298340444905,0.9739001602753236,0.05357843397119376,0.04023275162899026,0.9641892752045308,0.038791987632640024,0.11680526311511129,0.9300476110144574,0.10863445591412438
713.4427198817443,0.02601010530703104,0.9766430479716546,0.025402588525122505,0.05571890982015402,0.9739023056963801,0.05426477474473668,0.05571890982015402,0.9739023056963801,0.05426477474473668,0.039780849296351894,0.9641069551789361,0.03835299348953795,0.11861392725455391,0.9299079666942225,0.11030003591489865
715.2697708795271,0.024085826163944817,0.9766420566426646,0.023523230800692765,0.05640140516748587,0.9739035561913414,0.054929529066803186,0.05640140516748587,0.9739035561913414,0.054929529066803186,0.03938287828744431,0.9640212013681976,0.03796592963999956,0.12053363877925885,0.9297655485549843,0.11206802477892593
717.0968218773098,0.022196827774499408,0.9766414672968912,0.021678342447023487,0.05706219767053413,0.9739038791014838,0.05557309566138884,0.05706219767053413,0.9739038791014838,0.05557309566138884,0.03904438383426913,0.9639318259971791,0.037636124204301784,0.12255110044068944,0.9296203039729566,0.11392599124389405
718.9238728750926,0.020342213040808233,0.976641325977262,0.019867045917486906,0.05770173681722131,0.973903240604071,0.05619590847477506,0.05770173681722131,0.973903240604071,0.05619590847477506,0.03877174731210479,0.9638386655257936,0.037369709189402356,0.12464527812708416,0.9294724509904021,0.11585435216516127
720.750923872875,0.018521034529472912,0.9766416729837496,0.01808841414825422,0.05832050875051526,0.9739016056677723,0.056798437115488175,0.05832050875051526,0.9739016056677723,0.056798437115488175,0.0385722334556785,0.9637415962483626,0.03717366584144009,0.12678803105450911,0.9293224798738642,0.11782696743790091
722.5779748706578,0.0167323039023996,0.9766425426975723,0.016341479828428058,0.05891903675434726,0.9738989380215094,0.05738118732430907,0.05891903675434726,0.9738989380215094,0.05738118732430907,0.03845398188850091,0.9636405529905698,0.03705581637172437,0.1289461668693433,0.9291711077864968,0.11981305271481019
724.4050258684404,0.01497500182808492,0.9766439634990868,0.014625245138786927,0.05949788176541951,0.9738952001395312,0.0579447014698114,0.05949788176541951,0.9738952001395312,0.0579447014698114,0.0384259173932832,0.9635355501395569,0.0370247374551543,0.13108467350165673,0.9290191874322913,0.12178017686133634
726.2320768662232,0.013248088129499723,0.9766459577767752,0.012938691719946384,0.06005764289947974,0.9738903532461088,0.058489559058502984,0.06005764289947974,0.9738903532461088,0.058489559058502984,0.03849755317031674,0.9634267033928804,0.037089570739570386,0.13317039783104295,0.9288675878576214,0.12369766620736068
728.0591278640059,0.01155051193073706,0.976648542022135,0.011280790636763625,0.06059895797264046,0.973884357343913,0.05901637724089575,0.06059895797264046,0.973884357343913,0.05901637724089575,0.038678667413195894,0.9633142496124125,0.03725971147515088,0.13517523616815752,0.9287170767111717,0.1255395501778335
729.8861788617887,0.009881221579555425,0.9766517270030768,0.009650512120572876,0.06112250398878774,0.973877171270899,0.059525811285594844,0.06112250398878774,0.973877171270899,0.059525811285594844,0.038978848373247096,0.9631985612475017,0.037544370672196126,0.13707811364683453,0.9285682312106953,0.12728638152673982
731.7132298595714,0.008239174145249805,0.9766555180067016,0.008046834892776371,0.06162899755275678,0.9738687527913593,0.060018554982484984,0.06162899755275678,0.9738687527913593,0.060018554982484984,0.03940692734462718,0.96308015131983,0.03795202955011309,0.1388655203523324,0.9284213916437238,0.1289257196568423
733.5402808573542,0.006623344319244757,0.9766599151410987,0.006468754900783863,0.06211919515560094,0.9738590587277224,0.06049534092315722,0.06211919515560094,0.9738590587277224,0.06049534092315722,0.03997034962249891,0.9629596653736325,0.03848983449734865,0.14053084766518018,0.9282766550610719,0.1304515052035305
735.3673318551366,0.005032732577407721,0.9766649136850891,0.004915293328314048,0.06259389326266071,0.9738480451406488,0.06095694059158456,0.06259389326266071,0.9738480451406488,0.06095694059158456,0.040674562655852675,0.9628378583886457,0.039163008798455974,0.1420730160290617,0.928133895963805,0.13186278187838116
737.1943828529196,0.0034663724964845346,0.9766705044746111,0.0033855037748384675,0.06305392811720428,0.9738356675659693,0.06140416418067427,0.06305392811720428,0.9738356675659693,0.06140416418067427,0.04152251713464318,0.9627155573444796,0.039974373225623715,0.14349488378722003,0.9279927977468645,0.1331622186680635
739.0214338507021,0.0019233371504441632,0.9766766743146468,0.0018784785316816148,0.06350017515204208,0.9738218813179933,0.06183786003058371,0.06350017515204208,0.9738218813179933,0.06183786003058371,0.04251437048793914,0.9625936132956379,0.04092406150497477,0.1448017819307015,0.9278528811448334,0.13435475055930726
740.848484848485,0.0004027445444345917,0.9766834064061596,0.0003933539135698739,0.06393354787891949,0.9738066418695969,0.06225891356277967,0.06393354787891949,0.9738066418695969,0.06225891356277967,0.04364745011548507,0.9624728494420841,0.04200948568353214,0.14600034925954972,0.9277135202787768,0.13544649797350777
742.6755358462675,0.0010962379267580296,0.9766906807783773,0.001070685366980377,0.06435499610102542,0.9737899053202029,0.06266824556009958,0.06435499610102542,0.9737899053202029,0.06266824556009958,0.044916483163604796,0.9623540127656127,0.04322555781181416,0.14709771333878785,0.9275739406124094,0.13644400561673403
744.5025868440503,0.0025743899832024386,0.9766984747178141,0.002514402769922641,0.06476550326837802,0.9737716289631392,0.06306680961826598,0.06476550326837802,0.9737716289631392,0.06306680961826598,0.046314046866448605,0.9622377359005782,0.044565123597164774,0.1481009901128936,0.9274331953780147,0.13735377449904868
746.329637841833,0.004032435893163603,0.9767067631866337,0.003938507408969425,0.06516608277043758,0.9737517719637472,0.0634555885696498,0.06516608277043758,0.9737517719637472,0.0634555885696498,0.04783115559011867,0.9621245133757501,0.04601952729634271,0.14901704741647792,0.9272901183570128,0.1381820355360384
748.1566888396158,0.005471042783906838,0.9767155192241984,0.005343652393381371,0.06555777293690063,0.9737302961587929,0.06383558965735915,0.06555777293690063,0.9737302961587929,0.06383558965735915,0.04945788787046048,0.9620146931640424,0.047579214824242655,0.14985247664406381,0.9271432530190623,0.13893471266874038
749.9837398373985,0.006890819765579636,0.976724714326911,0.006730433967014002,0.06594163049897157,0.9737071669859314,0.0642078382195867,0.06594163049897157,0.9737071669859314,0.0642078382195867,0.05118396833388814,0.9619084816674127,0.04923429326576328,0.15061372664668587,0.9269907646461244,0.1396175336304137
751.810790835181,0.008292317794765653,0.9767343188026519,0.008099391372565538,0.0663187222530339,0.9736823545489288,0.06457336963401049,0.0663187222530339,0.9736823545489288,0.06457336963401049,0.052999246527663524,0.9618059585328961,0.05097499110806068,0.1513073604025766,0.9268303611242085,0.14023625548267085
753.6378418329638,0.009676030198931313,0.9767443020972255,0.009451007363726843,0.06669011467119165,0.9736558348196946,0.06493321927440028,0.06669011467119165,0.9736558348196946,0.06493321927440028,0.05489404590652741,0.9617070971853191,0.052791993541524126,0.1519403785552718,0.926659294913832,0.1407969640609689
755.4648928307465,0.011042393780725236,0.9767546330912301,0.010785709285741159,0.06705686122416653,0.973627590971641,0.0652884102518049,0.06705686122416653,0.973627590971641,0.0652884102518049,0.05685938261081927,0.9616117873958122,0.05467665254261228,0.15252047892729861,0.9264746132994829,0.1413063517344209
757.2919438285292,0.012391790421459666,0.9767652803666318,0.012103870645261593,0.06741998722782036,0.9735976148301936,0.06563993875688802,0.06741998722782036,0.9735976148301936,0.06563993875688802,0.05888707099684637,0.9615198571402123,0.056621088092293256,0.15305594442974357,0.9262739519328616,0.14177173451375502
759.1189948263119,0.013724549105523544,0.9767762124430602,0.013405813092782078,0.0677804721017741,0.9735659084153014,0.0659887568945817,0.0677804721017741,0.9735659084153014,0.0659887568945817,0.060969741029602224,0.9614310920420122,0.05861820469960914,0.15355463622740573,0.9260571412886205,0.14220036745636538
760.9460458240947,0.015040948291499715,0.9767873979844451,0.014691808744872593,0.06813922904322468,0.973532485537601,0.06633575301306642,0.06813922904322468,0.973532485537601,0.06633575301306642,0.06310079382182521,0.9613452515906212,0.060661648512210474,0.15402178618674864,0.9258282199615636,0.14259771614057803
762.7730968218774,0.0163412185608627,0.9767988059770866,0.01596208277846129,0.06849708227548647,0.9734973733948965,0.0666817296804002,0.06849708227548647,0.9734973733948965,0.0666817296804002,0.06527431860634367,0.9612620819745218,0.06274572740300217,0.15445767524285534,0.9255960217530038,0.14296540973400432
764.6001478196602,0.017625545480965392,0.9768104058806137,0.017216816235129023,0.06885474222988176,0.9734606140996047,0.0670273796547707,0.06885474222988176,0.9734606140996047,0.0670273796547707,0.0674849896371599,0.9611813257693168,0.06486531180897397,0.15485778398195177,0.925371464455943,0.1433009743457808
766.4271988174429,0.018894072625218153,0.976822167753543,0.01845614897945847,0.06921277925704124,0.9734222660521344,0.06737326042415524,0.06921277925704124,0.9734222660521344,0.06737326042415524,0.06972795651417416,0.9611027289217621,0.06701572928791073,0.15521616296117266,0.9251630930608828,0.14360026541820053
768.2542498152254,0.020146904699658175,0.9768340623553108,0.0196801827616524,0.06957159672784435,0.9733824050616512,0.06771976814692844,0.06957159672784435,0.9733824050616512,0.06771976814692844,0.07199873705972261,0.9610260455347568,0.06919266156000196,0.1555290121486937,0.9249747477948103,0.14386040878701392
770.0813008130082,0.021384110731289648,0.9768460612267518,0.020888984340697008,0.0699314046548931,0.9733411251066738,0.06806711208708374,0.0699314046548931,0.9733411251066738,0.06806711208708374,0.07429311845352947,0.9609510409399489,0.07139204951259406,0.15579585573644067,0.9248063287730233,0.14408099338166924
771.9083518107909,0.022605727279490354,0.9768581367510197,0.022082588630144645,0.0702921952132527,0.9732985386260424,0.06841529087787535,0.0702921952132527,0.9732985386260424,0.06841529087787535,0.07660706985536078,0.9608774934848561,0.07361000926583834,0.15601879532794374,0.9246556860927753,0.14426366623732811
773.7354028085736,0.023811761637312273,0.9768702621969297,0.023261001834012033,0.07065372172728902,0.9732547762385239,0.06876407213011161,0.07065372172728902,0.9732547762385239,0.06876407213011161,0.07893666806430219,0.9608051953868341,0.07584276078270753,0.15620132334865652,0.9245200643156961,0.14441125750849676
775.5624538063563,0.025002194994613102,0.9768824117466407,0.024424204545297437,0.07101548277801424,0.9732099858086144,0.06911297698658314,0.07101548277801424,0.9732099858086144,0.06911297698658314,0.08127803668926267,0.9607339529321495,0.0780865694750396,0.15634743541740603,0.9243968223646359,0.14452707248471028
777.389504804139,0.0261769855395617,0.976894560509516,0.02557215478413408,0.07137671303403677,0.9731643308077383,0.06946127117502436,0.07137671303403677,0.9731643308077383,0.06946127117502436,0.08362729865630372,0.9606635862325251,0.08033770063410316,0.1564611227268494,0.9242836800514549,0.1446144622989547
779.2165558019218,0.027336071479210782,0.9769066845238831,0.026704790956663685,0.07173638219117669,0.9731179879631001,0.06980796390162983,0.07173638219117669,0.9731179879631001,0.06980796390162983,0.08598054150625807,0.9605939286966041,0.08259238615695787,0.1565461229167995,0.924178743090256,0.14467659911290048
781.0436067997044,0.02847937396349182,0.9769187607483083,0.027822034719302065,0.07209320301237897,0.9730711442379467,0.07015181554703419,0.07209320301237897,0.9730711442379467,0.07015181554703419,0.08833379472953713,0.9605248263300131,0.08484680284165969,0.15660581388844785,0.9240804482573033,0.1447163706977367
782.870657797487,0.02960679990020636,0.9769307670438622,0.028923793736222742,0.07244564890795453,0.9730239932419589,0.07049135459342287,0.07244564890795453,0.9730239932419589,0.07049135459342287,0.09068301826411437,0.960456136943972,0.08709706140837095,0.15664317965428265,0.9239874911053594,0.1447363385675267
784.6977087952697,0.030718244651393972,0.9769426821487317,0.03000996432063376,0.07279198083221412,0.9729767312224298,0.07082490356933346,0.07279198083221412,0.9729767312224298,0.07082490356933346,0.09302410120420006,0.9603877293270389,0.08933920532819035,0.15666081102450005,0.92389875879447,0.14473872885727063
786.5247597930525,0.031813594603887684,0.9769544856464025,0.03108043395280426,0.07313028256699547,0.972929552828797,0.07115061311615047,0.07313028256699547,0.972929552828797,0.07115061311615047,0.09535286968782353,0.9603194824159881,0.09156921846548985,0.15666092285478,0.9238132737338062,0.14472544000863358
788.3518107908351,0.03289272960896273,0.976966157928513,0.03213508366984976,0.07345850280132178,0.9728826468687438,0.07146650264036497,0.07345850280132178,0.9728826468687438,0.07146650264036497,0.09766510285607242,0.9602512844884411,0.09378304046723926,0.15664537886541266,0.9237301475582578,0.14469805893366683
790.1788617886178,0.03395552528778384,0.9769776801533576,0.03317379032404773,0.07377450188551726,0.9728361922792744,0.07177050550160677,0.07377450188551726,0.9728361922792744,0.07177050550160677,0.09995655568924322,0.9601830323904705,0.0959765887490045,0.15661571903603363,0.923648543232303,0.14465788073491215
792.0059127864006,0.03500185520090268,0.9769890342009104,0.034196428707970024,0.07407610080737594,0.9727903545197029,0.07206051636584448,0.07407610080737594,0.9727903545197029,0.07206051636584448,0.10222298743882026,0.9601146308059247,0.0981457858447016,0.1565731857308792,0.9235676430594983,0.1446059281117852
793.8329637841833,0.036031592881380047,0.9770002026251301,0.0352028735460145,0.07436112984746648,0.972745282557497,0.07233443826476851,0.07436112984746648,0.972745282557497,0.07233443826476851,0.10446019429782304,0.960045991569897,0.10028659081423762,0.15651874415337585,0.9234866210479719,0.14454296616887308
795.6600147819661,0.037044613732244554,0.9770111686042129,0.036193001353031926,0.07462747452312282,0.9727011065674123,0.07259022704897293,0.07462747452312282,0.9727011065674123,0.07259022704897293,0.10666404489874091,0.959977033025889,0.10239503335243351,0.15645309088759315,0.923404619180733,0.14446950681070655
797.4870657797488,0.03804079678997401,0.9770219158893705,0.03716669216169862,0.07487311679287743,0.9726579364062473,0.0728259312720641,0.07487311679287743,0.9726579364062473,0.0728259312720641,0.10883051721054007,0.9599076794243803,0.1044672492261246,0.1563766412883064,0.923320728783291,0.14438579439900232
799.3141167775314,0.03902002635653346,0.9770324287526259,0.038123831121115365,0.07509617000407169,0.9726158608672697,0.07303972603634502,0.07509617000407169,0.9726158608672697,0.07303972603634502,0.1109557354342095,0.9598378603592612,0.10649951569375991,0.15628948259223588,0.9232339806996303,0.1442917611551155
801.1411677753141,0.039982193503221186,0.9770426919340536,0.039064309969815456,0.07529490665118455,0.9725749476665041,0.07322993989583013,0.07529490665118455,0.9725749476665041,0.07322993989583013,0.11303600557623404,0.9597675102376737,0.10848828563911395,0.1561912759142713,0.9231433517596941,0.14418693796312357
802.9682187730969,0.040927197450224016,0.9770526905888177,0.039988028387001176,0.07546777859640767,0.9725352440724365,0.07339507447686194,0.07546777859640767,0.9725352440724365,0.07339507447686194,0.11506784851246266,0.9596965677780022,0.1104302192790095,0.15608108988831124,0.9230478000623354,0.14407030665273732
804.7952697708795,0.04185494682630558,0.9770624102343064,0.04089489522633886,0.07561342992507873,0.9724967780637599,0.07353381698048896,0.07561342992507873,0.9724967780637599,0.07353381698048896,0.11704802953701043,0.9596249755298968,0.11232221248027627,0.15595715856188294,0.9229463465274882,0.14394008970949804
806.6223207686622,0.04276536081356256,0.9770718366976091,0.04178482963714353,0.0757307030244835,0.9724595598868314,0.07364504613310956,0.0757307030244835,0.9724595598868314,0.07364504613310956,0.1189735836129342,0.959552679409215,0.11416142093470728,0.15581658780537425,0.9228382203225962,0.14379350258705112
808.449371766445,0.04365837018257326,0.9770809560635367,0.042657762078164484,0.0758186387649906,0.9724235838839919,0.07372783243305792,0.0758186387649906,0.9724235838839919,0.07372783243305792,0.12084183579036,0.9594796282395519,0.11594527967991959,0.15565509851490789,0.9227230715278176,0.14362655060064086
810.2764227642277,0.04453391822377762,0.9770897546233444,0.04351363522968696,0.07587647182699687,0.9723888304731326,0.07378143370028109,0.07587647182699687,0.9723888304731326,0.07378143370028109,0.12265041651773663,0.9594057732905937,0.11767151770361252,0.15546697998245368,0.9226012146858669,0.14343402457535512
812.1034737620105,0.04539196158042897,0.9770982188242847,0.04435240480917751,0.0759036222699197,0.9723552681747366,0.07380528698770168,0.0759036222699197,0.9723552681747366,0.07380528698770168,0.12439727182636452,0.9593310678018588,0.11933816761282437,0.15524546688299,0.9224738058123145,0.14320987667066143
813.9305247597932,0.04623247099073135,0.9771063352200868,0.045174040297922484,0.07589968440343291,0.9723228556020251,0.07379899787843837,0.07589968440343291,0.9723228556020251,0.07379899787843837,0.12608066860162853,0.9592554664785511,0.12094357057338279,0.1549836341220257,0.9223428171632476,0.14294804171030723
815.7575757575758,0.04705543194433716,0.9771140904224349,0.04597852558372579,0.07586441392244436,0.9722915433502117,0.07376232809801272,0.07586441392244436,0.9722915433502117,0.07376232809801272,0.1276991953532033,0.9591789249442663,0.12248637691513337,0.15467559072058443,0.9222107307077089,0.14264348954107667
817.5846267553585,0.04786084526055489,0.9771214710535016,0.0467658595268574,0.0757977141310026,0.9722612757402506,0.0736951822392034,0.0757977141310026,0.9722612757402506,0.0736951822392034,0.12925175905133612,0.9591013991332453,0.12396554294656958,0.15431745859941892,0.9220800316308797,0.14229304710654916
819.4116777531412,0.048648727594962055,0.9771284636995746,0.047536056455804374,0.07569962192768835,0.9722319923896293,0.07359759424989812,0.07569962192768835,0.9722319923896293,0.07359759424989812,0.13073757870177227,0.9590228446028245,0.12538032462305929,0.153907672720975,0.9219527214717043,0.14189559772047927
821.2387287509239,0.049419111881348454,0.9771350548658043,0.04828914659960074,0.07557029407239153,0.9722036295970111,0.07346971418689255,0.07557029407239153,0.9722036295970111,0.07346971418689255,0.1321561763871395,0.9589432157447765,0.12673026876521745,0.15344654592044424,0.9218300464836628,0.14145163655860063
823.0657797487066,0.05017204771598702,0.9771412309320988,0.04902517646358355,0.07540999411283801,0.9721761215386935,0.07331179560187456,0.07540999411283801,0.9721761215386935,0.07331179560187456,0.13350736651074935,0.9588624648724406,0.12801520253112544,0.15293542272821614,0.9217124820623728,0.14096248807808232
824.8928307464894,0.050907601691225886,0.9771469781101849,0.049744209155418315,0.07521908022540212,0.9721494012830875,0.0731241838061892,0.07521908022540212,0.9721494012830875,0.0731241838061892,0.13479124394639122,0.9587805411590274,0.12923522181441946,0.15237580994897335,0.9215998822343145,0.14042952850433213
826.7198817442721,0.051625857685387716,0.9771522824018632,0.05044632466823038,0.07499799412158055,0.9721234016350258,0.07290730516127455,0.07499799412158055,0.9721234016350258,0.07290730516127455,0.13600817173367652,0.9586973894013655,0.13039067917832828,0.15176869816832808,0.921491675555953,0.13985359197207833
828.5469327420549,0.052326917115872756,0.9771571295584907,0.05113162012759128,0.0747472510893094,0.9720980558251786,0.07266165746219412,0.0747472510893094,0.9720980558251786,0.07266165746219412,0.13715876887309877,0.9586129485828577,0.13148217185343591,0.1511140990850359,0.921387029942338,0.1392345709383734
830.3739837398373,0.05301089916224773,0.977161505041736,0.0518002100089977,0.0744674311756961,0.9720732980615912,0.07238780142113346,0.0744674311756961,0.9720732980615912,0.07238780142113346,0.1382438986785948,0.9585271502098412,0.13251053023429152,0.15041072722956642,0.9212849575956978,0.13857114045762917
832.20103473762,0.05367794096591399,0.9771653939856774,0.05245222633229727,0.07415917147230981,0.972049063960825,0.07208635321376908,0.07415917147230981,0.972049063960825,0.07208635321376908,0.13926465804762614,0.958439916397432,0.13347680721628374,0.14965573995687864,0.9211843595285835,0.1378605269619535
834.0280857354028,0.054328197812713225,0.9771687811603289,0.053087818839286226,0.07382315943316849,0.9720252908757465,0.07175797802139221,0.07382315943316849,0.9720252908757465,0.07175797802139221,0.14022236791719392,0.9583511576851366,0.13438226862679395,0.14884447553581667,0.9210840181308649,0.13709826760311125
835.8551367331854,0.054961843304523354,0.9771716509367223,0.05370715516040652,0.07346012713615152,0.9720019181359597,0.07140338448285075,0.07346012713615152,0.9720019181359597,0.07140338448285075,0.14111856509343737,0.9582607705704189,0.1352283849282291,0.14797017671916338,0.920982545266066,0.13627794997828468
837.6821877309682,0.055579069525506716,0.9771739872537012,0.054310420976090075,0.0730708463881404,0.9719788872154754,0.07102331996023765,0.0730708463881404,0.9719788872154754,0.07102331996023765,0.14195499557314098,0.9581686347622199,0.13601682430599346,0.1470237720826073,0.9208782910308564,0.13539099997634155
839.509238728751,0.056180087208209106,0.9771757735866368,0.05489782017784645,0.072656124570489,0.9719561418406398,0.07061856651862541,0.072656124570489,0.9719561418406398,0.07061856651862541,0.14273360941272198,0.9580746101795552,0.1367494471976145,0.1459939695186446,0.920769223191006,0.1344267539042538
841.3362897265337,0.05676512590413686,0.9771769929183283,0.05546957503363476,0.07221680112250702,0.9719336280496984,0.07018993752114178,0.07221680112250702,0.9719336280496984,0.07018993752114178,0.1434565571321587,0.9579785337579165,0.13742830225942418,0.14486832011032436,0.9206528152317416,0.13337342674746325
843.1633407243164,0.05733443416274521,0.9771776277124136,0.056025926361384926,0.07175374456501225,0.9719112942137953,0.06973827474486714,0.07175374456501225,0.9719112942137953,0.06973827474486714,0.14412618754638595,0.9578802161858972,0.13805562368498134,0.14363670503269732,0.9205260656248957,0.1322213309630725
844.9903917220992,0.0578882797219649,0.9771776598896977,0.056567133713749905,0.07126784997245365,0.9718890910277018,0.0692644459292266,0.07126784997245365,0.9718890910277018,0.0692644459292266,0.14474504676086877,0.9577794387870301,0.1386338296538273,0.14229973794836573,0.9203859576812741,0.13097068058940092
846.8174427198817,0.0584269497124008,0.9771770708078877,0.05709347557620357,0.07076003680971232,0.9718669714772027,0.0687693426758705,0.07076003680971232,0.9718669714772027,0.0687693426758705,0.1453158778010517,0.9576759509018186,0.13916552145425465,0.14088388511352523,0.9202308843927481,0.12964570219470564
848.6444937176644,0.05895075087618312,0.9771758412453331,0.057605249579478296,0.07023124705785254,0.9718448907888341,0.06825387862690233,0.07023124705785254,0.9718448907888341,0.06825387862690233,0.14584161989710848,0.9575694683304301,0.13965348242532283,0.1394567744336557,0.9200631777685361,0.1283090430467792
850.4715447154472,0.059460009800072565,0.9771739513894796,0.05810277272599409,0.06968244356128746,0.971822806366586,0.06771898785621162,0.06968244356128746,0.971822806366586,0.06771898785621162,0.1463254057259232,0.9574596736867171,0.14010067521841893,0.13811945323931415,0.9198908389780639,0.12705481971950416
852.2985957132298,0.05995507316079901,0.9771713808308806,0.05858638162835444,0.06911460853678751,0.9718006777192323,0.06716562341634955,0.06911460853678751,0.9718006777192323,0.06716562341634955,0.14677055382040743,0.9573462199025069,0.1405102348929645,0.13696043729019125,0.9197249943051488,0.12596593740675183
854.1256467110126,0.06043630797869089,0.9771681085637622,0.059056432756114385,0.06852874219236338,0.9717784663811272,0.06659475599072252,0.06852874219236338,0.9717784663811272,0.06659475599072252,0.1471805518107485,0.9572287385990346,0.14088545395611263,0.1360112604008078,0.9195741954993135,0.12507244536192047
855.9526977087953,0.06090410187342199,0.9771641129942988,0.059513302684856814,0.06792586141101047,0.9717561358286151,0.06600737260759357,0.06792586141101047,0.9717561358286151,0.06600737260759357,0.14755902417429428,0.9571068555493188,0.14122975363538473,0.13525005684784178,0.9194415717789739,0.12435452485137521
857.7797487065781,0.06135886331306586,0.9771593719579488,0.05995738833904906,0.06730699846085661,0.9717336513935905,0.06540447537871097,0.06730699846085661,0.9717336513935905,0.06540447537871097,0.14790967598732627,0.9569802158284323,0.141546633649465,0.13463346863447317,0.9193262307916745,0.12377207925813936
859.6067997043608,0.061801021844607264,0.9771538627474015,0.060389107217194524,0.06667319969917954,0.9717109801752496,0.0647870802311099,0.06667319969917954,0.9717109801752496,0.0647870802311099,0.14823620250328723,0.9568485211594108,0.14183959114755734,0.1341200728747997,0.9192256504994528,0.12328661123337178
861.4338507021436,0.06223102829053108,0.9771475621529065,0.060808897584361005,0.06602552424324387,0.9716880909506339,0.06415621560593243,0.06602552424324387,0.9716880909506339,0.06415621560593243,0.148542154669439,0.9567115808729184,0.14211199962006857,0.1336782916645529,0.9191371296928847,0.12286868130280543
863.2609016999261,0.06264935489205985,0.9771404465169978,0.06121721861322922,0.0653650425859652,0.9716649540842224,0.06351292110300512,0.0653650425859652,0.9716649540842224,0.06351292110300512,0.14883075520859143,0.956569375128507,0.1423669425097861,0.13328625346570466,0.9190583269563937,0.12249784111647635
865.0879526977088,0.06305649537500055,0.9771324918058675,0.061614550450319445,0.06469283513912834,0.9716415414365156,0.06285824605448104,0.06469283513912834,0.9716415414365156,0.06285824605448104,0.14910467119838655,0.9564221241036687,0.14260700634133996,0.13292945159712125,0.9189873517236513,0.12216048468931574
866.9150036954916,0.0634529649089516,0.9771236736999024,0.06200139417898577,0.0640099906913559,0.9716178262713177,0.0621932480151825,0.0640099906913559,0.9716178262713177,0.0621932480151825,0.14936576824463024,0.9562703501602701,0.1428340555012503,0.13259847898294894,0.91892270183611,0.1218477525663701
868.7420546932742,0.06383929992482465,0.9771139677061476,0.06237827164512818,0.06331760477232719,0.9715937831612145,0.06151899116145194,0.06331760477232719,0.9715937831612145,0.06151899116145194,0.14961489484532298,0.9561149137742675,0.14304903228438207,0.13228735749579412,0.918863171323246,0.12155398083455737
870.569105691057,0.06421605774924113,0.9771033492956887,0.06274572510534887,0.06261677791895799,0.971569387890584,0.06083654459440265,0.06261677791895799,0.971569387890584,0.06083654459440265,0.14985176274659467,0.9559570025106361,0.14325184193616966,0.13199241846610502,0.9188077682463883,0.12127565943628532
872.3961566888397,0.06458381600747769,0.977091794069158,0.06310431665057878,0.061908613843451844,0.971544617355347,0.06014698054753636,0.061908613843451844,0.971544617355347,0.06014698054753636,0.15007498458430762,0.9557980599778526,0.14344137911688737,0.13171158457442184,0.9187556504867459,0.12101076256231298
874.2232076866225,0.0649431717393369,0.977079277953712,0.06345462735109522,0.061194217507383214,0.9715194494585732,0.05945137250282112,0.061194217507383214,0.9715194494585732,0.05945137250282112,0.15028229398597415,0.9556396590960222,0.1436157201929245,0.13144392366265534,0.9187060773445224,0.12075833149889093
876.0502586844052,0.06529474016483847,0.9770657774348962,0.06379725606156744,0.06047469311032095,0.9714938630009843,0.058750793223544706,0.06047469311032095,0.9714938630009843,0.058750793223544706,0.15047091424370404,0.9554833446716265,0.14377245241737183,0.13118938524771587,0.9186583726610688,0.12051822716207268
877.877309682188,0.06563915302925209,0.9770512698267737,0.06413281781758468,0.059751142005988654,0.9714678375653644,0.05804631271661881,0.059751142005988654,0.9714678375653644,0.05804631271661881,0.1506379883189492,0.955330482930766,0.14390906212846083,0.1309486641149151,0.9186118954112132,0.12029100054416848
879.7043606799704,0.06597705645013931,0.9770357335834823,0.06446194174844068,0.05902466056362228,0.9714413533938674,0.05733899614153886,0.05902466056362228,0.9714413533938674,0.05733899614153886,0.15078096558457807,0.9551821524330417,0.14402328725300967,0.1307231593369367,0.9185660144424831,0.12007785146745963
881.5314116777531,0.066309108183313,0.9770191486549832,0.06478526842533164,0.05829633799701743,0.9714143912572208,0.05662990168789788,0.05829633799701743,0.9714143912572208,0.05662990168789788,0.1508978672892317,0.9550390938534412,0.1441133624403247,0.130515013775833,0.9185200846941248,0.11988066150723299
883.3584626755357,0.06663597422068208,0.9770014968890967,0.06510344656026965,0.05756725418879993,0.9713869323148641,0.055920078448248374,0.05756725418879993,0.9713869323148641,0.055920078448248374,0.15098740373823324,0.9549017157596784,0.1441781308877382,0.13032723118165676,0.9184734227181991,0.11970209809680228
885.1855136733186,0.0669583246317631,0.976982762480932,0.06541712896983494,0.05683847754266449,0.9713589579651072,0.05521056431816573,0.05683847754266449,0.9713589579651072,0.05521056431816573,0.1510489626606949,0.954770139700896,0.14421703918122708,0.13016387692805828,0.9184252797515742,0.1195457950812014
887.0125646711014,0.06727682856327163,0.9769629324694625,0.06572696772041915,0.0561110629017127,0.9713304496844758,0.05450238396059451,0.0561110629017127,0.9713304496844758,0.05450238396059451,0.15108251258433167,0.9546442641555736,0.1442300540528445,0.13003037398659797,0.9183748112243612,0.119416620163375
888.839615668884,0.06759214831896042,0.9769419972791931,0.06603360837911665,0.05538604957660245,0.9713013888555061,0.053796546876973876,0.05538604957660245,0.9713013888555061,0.053796546876973876,0.1510884669209839,0.9545238305808039,0.14421754220199864,0.12993390453556639,0.9183210430036778,0.11932103873464163
890.6666666666667,0.06790493245610874,0.9769199513025937,0.06633768330822766,0.05466445953293747,0.9712717565823723,0.05309404563318219,0.05466445953293747,0.9712717565823723,0.05309404563318219,0.15106754331045363,0.9544084813497634,0.14418014459216966,0.12988390985481363,0.9182628380019691,0.11926756767407308
