Xdata,P_Band4_nterms2,omega_Band4_nterms2,P_times_omega_Band4_nterms2,P_Band5,omega_Band5,P_times_omega_Band5,P_Band6,omega_Band6,P_times_omega_Band6,P_Band7_nterms2,omega_Band7_nterms2,P_times_omega_Band7_nterms2
10.0,0.9999999987979202,0.0006693427888802556,0.0006693427880756521,0.9999999976950884,0.0009483414198304324,0.0009483414176445893,0.9999999932575481,0.0017314832976376574,0.0017314832859632145,0.9999999663616367,0.0043757591230089805,0.004375758975815605
210.3807615230461,0.9997319630689253,0.8131817634714545,0.8129638007271678,0.9994489431288959,0.8529789542521651,0.8525089143385172,0.9979893311732846,0.9004913468417766,0.8986807569619548,0.975766358537446,0.9340930537243889,0.9114565775677699
410.7615230460922,0.99313682302556,0.9397515717084631,0.9333018903598198,0.9798480274462537,0.9466769460571034,0.9275995382228962,0.8558028369138825,0.9556449586694863,0.8178436667117963,0.6844888658131506,0.9646551331463855,0.6602956979882032
611.1422845691384,0.913255444820173,0.9638636030883787,0.8802536835844519,0.7742850494663901,0.9676621828606098,0.7492463611229823,0.6494856282620177,0.9705639150298986,0.6303673141216373,0.40518749410457233,0.9728627542421593,0.3941918214990529
811.5230460921844,0.7000643775551318,0.9745850210047049,0.6822722561042138,0.6430253302925923,0.9757021619420375,0.6274012049499751,0.5979150136277296,0.9766144365872315,0.583932434161092,0.3645987700387729,0.9755006705533968,0.3556663446557667
1011.9038076152304,0.6518305084846686,0.9796316058287877,0.6385537677550311,0.6373252193310318,0.9798669508665283,0.6244939193762395,0.4613791199414647,0.9795039891693452,0.4519226885021065,0.33972341000767636,0.9757280969530004,0.33147767633717395
1212.2845691382768,0.63559327802572,0.9825114017985686,0.6244776425667974,0.48695001628222156,0.9822485941208652,0.47830596890034455,0.4204266213456151,0.9808861114015791,0.4123906337414045,0.24802384085551382,0.9745502610044995,0.24171169884107943
1412.665330661323,0.511071507807188,0.9843277204649689,0.5030618522744439,0.4655639406353049,0.9836713856671482,0.45796192660138824,0.33480473243155306,0.9813869895683357,0.328573008454234,0.1478074247039,0.9721777646155193,0.14369509174221418
1613.0460921843687,0.46675016057633445,0.9854858590400065,0.4599756829526299,0.4213020382095126,0.9844423692304699,0.41474757665659856,0.30851481268017905,0.9812718276822621,0.30273689410573,0.15607591221205191,0.969004572746281,0.15123827262902542
1813.426853707415,0.45227570707739373,0.9861704340892533,0.44602093037653734,0.33825127806366584,0.9847759224939713,0.3331017143899113,0.2497531695671868,0.9806626650222718,0.24492360886551676,0.15624094823377144,0.9656396413369362,0.15087245321460188
2013.807615230461,0.37571406622488956,0.9865780931348488,0.37067126702009184,0.32786072999307964,0.9847799056576507,0.32287065875143345,0.23995726378747648,0.9796317308631952,0.23506974965732189,0.12601730275168382,0.9622447940173101,0.12125949352891101
2214.188376753507,0.33976588412503833,0.986757863618395,0.335266657949638,0.2734308917737218,0.9845322578703058,0.2692015332494736,0.19834685424294143,0.9782453804573458,0.19403189389140396,0.09830923192550671,0.9591920388455424,0.09429743260796607
2414.5691382765535,0.32841269270419315,0.9867299879424372,0.32405465231215186,0.24493721928235745,0.9840894095357888,0.24104012349691317,0.19670691413656188,0.9765825766308823,0.19210054504859334,0.08413219109679862,0.9568609677168557,0.08050280978902216
2614.9498997995997,0.27910622432311893,0.9865340071237814,0.2753477818946755,0.23951761197041124,0.9834581636810958,0.2355555508377019,0.16801775629084673,0.9747506240004924,0.1637754127876655,0.06433561887022436,0.9545783695158878,0.06141339016293436
2815.330661322646,0.2488501002886895,0.9862269282224096,0.24542266999555282,0.1879566077620167,0.9826650316580187,0.18469838591679594,0.1506004578311821,0.9728927537374475,0.1465180941334991,0.05252963617616205,0.9520338566609551,0.05000999211778838
3015.7114228456917,0.24357238928911296,0.9857853562340678,0.24011009454415125,0.18011651728255468,0.9817199735496831,0.17682398258249063,0.1314033805878454,0.9711462581783474,0.12761190136987136,0.04478744273126594,0.9496640308172972,0.04253302339417287
3216.0921843687374,0.206718254774091,0.9852149900353291,0.20366192331737668,0.15178333138556857,0.9806385867701125,0.14884459158520363,0.10554611524561136,0.9695885240216223,0.10233630209720837,0.058955755017242935,0.947010524934412,0.055831720506783825
3416.4729458917836,0.18231028893649776,0.9845557919369348,0.17949465090212494,0.13017411714080993,0.9794799227914037,0.12750293420651965,0.09218144756546448,0.9682274234796203,0.08925260546893139,0.0650298572046039,0.9441664879650856,0.06139901188974189
3616.85370741483,0.1841549945303959,0.9838464357776343,0.18118023499937977,0.14363433531271858,0.9783100249209594,0.14051891015929116,0.08376602204885267,0.9670038105265298,0.08100206251388985,0.06130362180838335,0.9414232366933345,0.05771265406387234
3817.2344689378756,0.15038287259511585,0.9830500425244864,0.14783388929958305,0.11781173969894788,0.9771936883917336,0.11512488845226171,0.0761344586605638,0.9657998473776079,0.07353064855454931,0.05817909540286556,0.9391916901520619,0.05464132294293536
4017.615230460922,0.13177201596396565,0.9821860414348587,0.12942463473153842,0.11419042386536744,0.9761523996588904,0.11146725627424427,0.07890864186391892,0.9644942068183835,0.07610692794565638,0.054135003839802714,0.9368299975231372,0.0507152955131574
4217.995991983968,0.14047047269892818,0.981339774044995,0.1378492619383598,0.09415524590709955,0.9751716501341576,0.09181752652001365,0.0680902121421399,0.9631541327062494,0.06558136922154728,0.05019041306301248,0.9348038157133698,0.046918189643534225
4418.376753507014,0.11342662687113136,0.9805161150512971,0.11121663552305479,0.08135956961770324,0.9742368018149015,0.07926348690138803,0.07529608688524307,0.9618102636629315,0.07242054917988264,0.04497144127145919,0.9327907267405785,0.04194894338617566
4618.75751503006,0.09965295902378958,0.9796623045376641,0.09762624749124311,0.07554613686833825,0.9733278946900767,0.07353116235002806,0.058754937735028163,0.9604300272599391,0.05643000645050912,0.042379239938302234,0.930680552115775,0.03944153442402603
4819.138276553107,0.11204663428488014,0.9788348853150866,0.1096751544201821,0.06985486444827893,0.9724431461022943,0.06792988415463368,0.06753518088883935,0.9590694431250881,0.06477092832641125,0.046993693685709576,0.928367672557844,0.043627426031898446
5019.519038076152,0.09786375770568542,0.9781207540293935,0.0957225724792349,0.07132330424689134,0.9716170844689485,0.06929894092705634,0.06546569973876139,0.957709842198495,0.06269714496622322,0.05176734469953981,0.9262003806715078,0.04794693436706693
5219.8997995991995,0.08756573045293355,0.9774459820665775,0.08559077139794484,0.07286459672121406,0.9708758420187359,0.07074247669506432,0.07446161879972553,0.9562661120811567,0.0712051227088827,0.04737299914882699,0.9240555350349444,0.04377528207467929
5420.280561122245,0.08632319051042811,0.9767510246782992,0.0843162647845607,0.06469682196900114,0.9701690596042902,0.06276685492905203,0.07226873498064175,0.9546971040689346,0.068994752000744,0.04603792013444048,0.9220744455162883,0.04245038968068737
5620.661322645292,0.0823495076500374,0.9761199388366222,0.08038299637058045,0.06189975289029251,0.9694263448746849,0.06000725119308248,0.06365438862521389,0.9533642221198594,0.06068581669619226,0.05203490147428681,0.9202085635926139,0.047882961942336655
5821.042084168337,0.07369375618922913,0.9755813968307104,0.07189425760078996,0.06570352366133694,0.9686022594531541,0.06364058147240474,0.06080657734756667,0.9520246920068243,0.05788936307130629,0.054467220859837163,0.9183824877462967,0.05002174179388424
6021.422845691383,0.06396483000003438,0.9750165081194404,0.06236676518908714,0.04794985240113178,0.9676912086142102,0.0464006506229242,0.062499186865690365,0.9508314652424416,0.059426193423965525,0.05267378447846661,0.9164624992707767,0.048273548169185755
6221.803607214429,0.06531821126149558,0.9743882158799956,0.0636452953355613,0.05416718120074853,0.9667325334003081,0.05236517630935317,0.059218134306503016,0.9498002133209461,0.056245396596785,0.05243032993925393,0.9145850556443803,0.047951996224945774
6422.184368737475,0.05831826071962563,0.9738038067340281,0.05679054429087898,0.04217736799548236,0.9657069732937711,0.040730978388414836,0.06278031446272125,0.9487659180669538,0.059563822687755785,0.05381510508961375,0.9126005216024832,0.04911169297487395
6622.565130260523,0.057029280227638056,0.9732526539737412,0.05550389833576094,0.0427625701302365,0.9646529118394703,0.0412510377938722,0.06103218730274584,0.9475331914233318,0.057830023214517315,0.05576443700713804,0.9105899614874572,0.05077853654669956
6822.945891783567,0.06147723664627397,0.9726136005674618,0.059793596487470436,0.05097741074584973,0.9637397184075565,0.04912895547735156,0.06296061779252889,0.9464280532875126,0.05958769493116224,0.05228524479260596,0.9087179284353522,0.04751253933567217
7023.326653306613,0.05156103433364426,0.9718959796272549,0.05011196197429171,0.04872899353602078,0.9629031688819416,0.04692130229226206,0.05527977083449562,0.9452097624004572,0.052250979056025326,0.052978113551551916,0.9069572964511841,0.04804888663779936
7223.70741482966,0.053514241483385676,0.9712315426728367,0.051974719310875384,0.054042470714339395,0.9620830021695707,0.051993342469512746,0.05724454787381521,0.9439351536264348,0.05403514109154556,0.05745467579869114,0.9051879037936933,0.05200727754936347
7424.088176352707,0.05922846337160628,0.9705847901823547,0.05748624569435376,0.05076795497896489,0.9612366163257082,0.048800017261756104,0.0560047033922769,0.9427392277121357,0.052797830824282355,0.059978255217103225,0.9034567313381172,0.054187758409807454
7624.468937875751,0.04297267160634763,0.9698364707249375,0.041676464168321915,0.04885576585839307,0.9603421454486897,0.04691825100198804,0.05795259657007123,0.9415523858085123,0.05456540556434877,0.05895402411364066,0.9017569690552899,0.05316220209832907
7824.849699398798,0.04448755305645995,0.969061807818676,0.04311118859032234,0.04430675608432348,0.9595612150082969,0.042515044701349695,0.05641691699980158,0.9403637637127752,0.05305242440700466,0.05936614762326013,0.8999673130479324,0.05342759236251232
8025.230460921844,0.0517993843131185,0.9683793679514087,0.05016145504140981,0.04187095430526258,0.9588493513811068,0.04014793737730899,0.0588114145229784,0.9393026132613629,0.05524171535103088,0.0613720378191625,0.8981718497682297,0.05512263673208293
8225.611222444892,0.048716295435101295,0.9677295529684525,0.04714419880368964,0.04032896531047609,0.9580797130084356,0.03863836351058809,0.05770127470122278,0.9382484410523341,0.05413813103515475,0.06326664608699185,0.8964150665142863,0.05671317476020661
8425.991983967937,0.049489015884123876,0.9669948232402598,0.04785562216720277,0.041334615304577924,0.9572860644761395,0.03956905121155461,0.06208595682770942,0.937242893074345,0.058189621796491266,0.06238507408459352,0.894725680462812,0.055817527861060874
8626.372745490982,0.04492328315081793,0.9663113179483245,0.04340987694803263,0.03822500203192941,0.9566043950075328,0.03656620494291555,0.061420003248506,0.9362482719296028,0.05750437190332434,0.0630033329470728,0.8930823925400865,0.05626716732637144
8826.753507014027,0.04310881457798465,0.9657181975545795,0.04163096671296592,0.04403589264494302,0.9559160119889433,0.04209461488152717,0.06243453588041335,0.9352006556940816,0.058388818893318234,0.06616793183725415,0.891504402220742,0.058989002518754066
9027.134268537075,0.04326089361367959,0.9651635605155355,0.041753838111262785,0.04256692739524807,0.9551842433213198,0.040659258334543584,0.06136450208485274,0.9341490115997612,0.05732358896987667,0.068096073210156,0.8899191757551168,0.06060000134334212
9227.51503006012,0.038371635148115944,0.9645144667944668,0.03700999721491687,0.04399163599377124,0.9543787577250322,0.04198468291002721,0.0600290860792326,0.9330936914960816,0.05601276152680719,0.06678366535793324,0.8883201019713381,0.05932527242077898
9427.895791583167,0.03642475989239861,0.9639593094721606,0.03511198639356581,0.0459813713462412,0.9534843998658119,0.04384252026307783,0.059208720871549526,0.9320147028837923,0.05518339839122662,0.06804866169471521,0.8866975683041048,0.06033858285105267
9628.276553106214,0.037621444542902206,0.9634319716669324,0.03624570249292643,0.040791281128218844,0.9527022654408727,0.03886194594108961,0.060583862233032935,0.9309601800566507,0.05640116329299166,0.07114505852113309,0.8850611722086467,0.06296772889156682
9828.65731462926,0.04257123690764816,0.9629287337659692,0.04099306725033274,0.04342217995111948,0.9519556380713349,0.04133598902181627,0.05918585023564135,0.9299038059361892,0.055037147391692194,0.07256811109324225,0.8834524645848549,0.06411047659559242
10029.038076152307,0.04085491407474165,0.9622890344184222,0.039314235816230746,0.04373004629306773,0.9512053394466735,0.04159625352821624,0.06154520301098473,0.9288297979759326,0.057165018479080704,0.072391161181265,0.8819199806887779,0.06384321147101943
10229.418837675352,0.03693597949657473,0.9617630080635972,0.035523658746401066,0.042417471326712974,0.9504073409799779,0.04031387613471574,0.060739737977175974,0.9277583518737963,0.056351799198951016,0.07312037530061302,0.8804227098775501,0.0643768389694292
10429.799599198397,0.04047371251321547,0.9611938630078346,0.03890308408084611,0.04488702321641877,0.9496583954615899,0.04262733844475138,0.06335856452263561,0.9267205464942156,0.058715683539505896,0.07537695310553931,0.878934245931297,0.06625138543841592
10630.180360721444,0.03903101015846517,0.9606481960047665,0.03749506949697328,0.04149598148417353,0.948955133437788,0.039377824646445875,0.06179590325780214,0.9257245628214672,0.05720598552748657,0.07668408418340182,0.8774637727743777,0.06728750581931575
10830.561122244491,0.036233931724787186,0.9599584555753262,0.03478306913794852,0.04291136118860934,0.9482818832493357,0.040692066400726916,0.06449007595593721,0.9247780644703247,0.059639007620075846,0.0761859391023718,0.8759795640325972,0.06673732572030965
11030.941883767535,0.03879481545870214,0.9593990965617826,0.03721971090235991,0.04601012983328001,0.9476346450006492,0.04360079305099408,0.06455652954669686,0.9238558913568976,0.05964093014727152,0.0777205299117504,0.874463474924036,0.06796376465956673
11231.322645290582,0.036804152104151173,0.9587491561726429,0.035285949773504535,0.04455621846478104,0.9469813005506991,0.042193905709399425,0.06707491625644428,0.9229267712036904,0.061905235889318046,0.08035240631622857,0.8729589171397477,0.07014434960738791
11431.703406813629,0.03639067915896326,0.9581660298363855,0.034868312572793526,0.04752689477947806,0.9463205886788542,0.04497567904579364,0.0672025591527105,0.921948038282376,0.061957267578396785,0.08174012981463435,0.8715024403950606,0.07123672261166289
11632.084168336674,0.03883808390715033,0.9575113909178847,0.03718790774252103,0.04552991680507057,0.9456747247435728,0.04305649154223288,0.06721552975071124,0.9209487629613605,0.06190205897571004,0.08144022914180409,0.8700782636563159,0.07085937316347339
11832.464929859721,0.038341525434125646,0.9569591856149465,0.03669127495467564,0.04516111554236868,0.9450025161528413,0.04267736781980759,0.06719120720987752,0.9199314102539241,0.06181130200524626,0.0826432819970618,0.8686861969365641,0.07179107834038363
12032.845691382767,0.03714457798849331,0.9563369247831516,0.035522731485883634,0.044766573861730545,0.9442982132378417,0.04227299571041202,0.06940538511505755,0.91891135403182,0.06377739641317745,0.08499592930316421,0.8673142768977022,0.07371818296282209
12233.226452905812,0.039628174982246966,0.9557879406457478,0.03787613175783117,0.043918506244914376,0.9435670977674996,0.04144005747579767,0.06921344429828076,0.9179243914417617,0.06353270873708763,0.08605189393870763,0.8659403903920708,0.07451581063126156
12433.60721442886,0.04095184864357469,0.9552436456873665,0.039118993195925524,0.0471377821454055,0.9428423743669627,0.04444349844036675,0.07131316225775833,0.9169636336430043,0.06539157639044722,0.08608847812073137,0.864548554001609,0.07442766927547746
12633.987975951906,0.03968748498384819,0.9547443002772069,0.0378914000806663,0.048131126649944976,0.942147258971902,0.04534660904447512,0.07117535730587736,0.9160176280962461,0.0651978819782326,0.08740853525193677,0.8631546244611318,0.07544708142008308
12834.36873747495,0.04106041977508162,0.9542274507775603,0.03918097968983266,0.04665549887666064,0.9414611833615787,0.04392434118274573,0.07249121568369467,0.9150912303994942,0.06633607575314728,0.08972270334841112,0.8617720141706309,0.07732051478139426
13034.749498997997,0.04025501691807127,0.9537211662863682,0.03839206168398041,0.04820307087874759,0.9407740804247224,0.04534819967960148,0.07148024553043358,0.9141968900162256,0.0653470181615186,0.09056337079118623,0.8604225784633635,0.07792276901048611
13235.130260521044,0.03928434770214929,0.9532413521451366,0.037447464721736476,0.04797318940891482,0.9400790248039823,0.04509858911626938,0.07306593594280243,0.913296779250461,0.06673088396948196,0.09058695828042655,0.8591087668974591,0.07782405002528882
13435.511022044091,0.04132351683789824,0.9527565292618551,0.039371250479369756,0.04731418182494398,0.9393767686927471,0.04444584323605698,0.07271764908897191,0.9124082306113789,0.066348181539488,0.0921828166574256,0.857815887494329,0.07907588468271656
13635.891783567136,0.0390492936584645,0.9522531923543923,0.03718481454545695,0.049391331806310085,0.9386918573403917,0.04636324098978078,0.07445627998160745,0.911509659577458,0.0678676184194389,0.0943189374314101,0.8565300507112383,0.0807870042611558
13836.272545090182,0.038192474153722324,0.9517293879532696,0.03634890005074321,0.04719269219409698,0.9380213665956857,0.0442677536252364,0.07430260836605214,0.9105926254656016,0.06765940723098579,0.09516257233330623,0.855245527566041,0.08138736437974002
14036.653306613225,0.04078411203043759,0.951238150102811,0.03879540328141925,0.04909165031776602,0.9373803179115161,0.04601754678166849,0.07573008048962263,0.9096630250812843,0.06888885410783926,0.09543152793273856,0.8539498608875341,0.08149374000244691
14237.034068136274,0.0402514485781429,0.9507038838224926,0.0382672084927218,0.04916648758194848,0.9367727101913027,0.046057823822728904,0.07573836004473457,0.90874139237383,0.06882658276316254,0.09657901401033334,0.852648218040549,0.08234792419602394
14437.414829659321,0.039135033383494264,0.950158704969018,0.037184492638580195,0.049485608772840015,0.9361707316742246,0.046326978572214066,0.0777707241902231,0.9078187140681381,0.07060171882651617,0.09874932490738968,0.851371082052139,0.08407231959832259
14637.795591182365,0.04221978976085785,0.9495964839114309,0.04009176390839045,0.051872965449680876,0.9355548268792159,0.048530003210987736,0.07784377941011479,0.9069133536603234,0.07059756304642165,0.09933306613395963,0.8501235575546136,0.08444537956460947
14838.176352705412,0.04320543854389249,0.9490771894615625,0.04100529618269175,0.05096098341259249,0.9349138759491292,0.047644130524446125,0.07962891241415247,0.9060202214810285,0.07214540486176384,0.09977692568183258,0.8488972332925481,0.08470035615774386
15038.557114228459,0.04218777748888951,0.9485307073396444,0.040016402422623894,0.052037362134515035,0.9342470607983996,0.0486157526258726,0.07967121477064268,0.9051330008056954,0.07211304570318684,0.10122074745681846,0.8476886171880958,0.0858036754424159
15238.937875751504,0.04225030620106559,0.9479730828666509,0.04005215302148413,0.05171204851968131,0.9335819550561735,0.04827743535696378,0.08000369569387149,0.9042608749162645,0.07234421186467481,0.10323272083546078,0.8464904993307172,0.08738551740727774
15439.318637274551,0.04382807156416171,0.9474303526993152,0.041524045300164555,0.051375788436971055,0.932914570228749,0.04792922158983998,0.0798222578226297,0.903409675372678,0.0721122000270561,0.10378781862407642,0.8452829901672686,0.08773007766949745
15639.699398797597,0.04228938517998641,0.9469270893881011,0.040044964420496834,0.052819023668489985,0.9322347716453747,0.0492397304681264,0.08098603031831349,0.9025689307072914,0.07309547478662848,0.10420657002577956,0.8440700494146457,0.08795764471099049
15840.08016032064,0.04266775097398286,0.9464120574741455,0.04038127398708159,0.05229639355768386,0.931575898315276,0.04871805980714856,0.08072187217617324,0.9017348845532653,0.07278972808770502,0.10564951286148684,0.8428656445967723,0.08904834475933208
16040.460921843689,0.04444855146643735,0.9458891279149693,0.042043401583672056,0.052638561733045354,0.930931343443958,0.04900288699110163,0.08215984437684774,0.9008940439406754,0.07401731445019492,0.10742014509466262,0.8416787490500971,0.09041325334605556
16240.841683366736,0.042387797654232645,0.9453924067053201,0.04007310203927312,0.05495480497165769,0.9302929651534656,0.05112406846651384,0.08192985558032134,0.9000324252238557,0.07373952661619687,0.10804490372730582,0.8405151899091382,0.090813382775071
16441.22244488978,0.0434903500296476,0.9449259740178454,0.041095161362141794,0.054426139545086585,0.9296591364684955,0.05059775789079903,0.08327371637650047,0.8991554287254955,0.0748760141500776,0.10855674236593445,0.8393745994418046,0.09111977214011341
16641.603206412827,0.04542971765990323,0.9444405830610061,0.04290566903501589,0.056042052211725576,0.9290252106677137,0.052064479362249366,0.08295392370574851,0.8982776967932284,0.07451565952636097,0.10995910135617266,0.8382445354089557,0.09217261583029122
16841.983967935874,0.04301131640744783,0.9439465441835622,0.040600383483596125,0.05641474108861185,0.9284068342297819,0.05237583117797093,0.0844167788003047,0.8974091846381168,0.0757563926329577,0.11164505362996544,0.8371167033016267,0.09345993923464997
17042.364729458917,0.043941849310309616,0.9434700710312843,0.04145781969004381,0.05552503546327274,0.9278152872108623,0.05151697672574971,0.08448426972684958,0.8965620938394302,0.07574539376279944,0.11214721480559582,0.8359865714718728,0.0937535656054497
17242.745490981964,0.0460448239865514,0.9430067412177396,0.04342057941750225,0.05705798969012596,0.9272229626400494,0.05290547824276399,0.08598643636944765,0.8957347836955406,0.07702104198213756,0.1127458840659195,0.8348527160116082,0.09412620753156278
17443.12625250501,0.0450289788691112,0.942510052395648,0.04244026523324852,0.05663658839901643,0.9266220281341333,0.05248071040889473,0.08621765764377852,0.894920961236877,0.07715798905416225,0.11427064662989148,0.8337274919729332,0.09527057962086473
17643.507014028055,0.045589136253438564,0.9420121379884205,0.04294551971114707,0.057638765456114176,0.9260265195760184,0.05337502536798385,0.08725383997479856,0.8941133375517889,0.07801482207407684,0.11574171894859019,0.8326235274580354,0.0963692783050317
17843.887775551102,0.04754118585680577,0.9415149895600613,0.04476073910564342,0.0588424164874662,0.9254275307047919,0.05445439219069878,0.08753517308822231,0.8933135428353921,0.07819635559414914,0.11634227544473848,0.8315391219334377,0.09674315356705598
18044.26853707415,0.04711801258220491,0.941024778682687,0.04433921736213744,0.05796299944880221,0.9248255163851307,0.05360566089646955,0.08888204955987133,0.8925135140560628,0.0793284303891859,0.1168338515031836,0.8304684464223154,0.09702682714738438
18244.649298597193,0.04737453832317223,0.9405038925375983,0.04455593770011511,0.05960587062326464,0.924219016352512,0.05508887911626874,0.08912422634767742,0.891713463558063,0.07947327256342021,0.11837075091684564,0.8294095226935073,0.09817782801881299
18445.03006012024,0.047648869344954894,0.9399950728850637,0.04478970241280175,0.060081136448855994,0.9236006474639425,0.05549097652453287,0.0907337973306649,0.8909097436517867,0.08083562412041584,0.1197030757894054,0.8283504891159726,0.0991561013788403
18645.410821643287,0.04709433049708971,0.939485099966842,0.04424442179492983,0.06031201145259015,0.9229832774113029,0.05566697799777969,0.09094785443118322,0.8900994802204778,0.08095263795636387,0.12028361380948753,0.8272865747859524,0.09950901887132722
18845.791583166338,0.04710369260806159,0.9389907609892723,0.04422993216744851,0.06196622890507018,0.9223692173602397,0.05715574205793504,0.09202882831848029,0.889284083326251,0.08183977223078867,0.12092576182226153,0.8262260884007955,0.09991201917729339
19046.17234468938,0.04915956078521903,0.9384792507925215,0.04613522777500177,0.061391432583975676,0.921752382032248,0.056587699220651745,0.0921804873407909,0.8884713279440718,0.0818997199982042,0.12241901407970143,0.8251778304404632,0.10101745644294854
19246.55310621243,0.04887315819934666,0.9379925756813369,0.04584265954108662,0.06238609934611916,0.9211332385298888,0.05746590972993812,0.09342840323226892,0.8876675800004883,0.08293336460049795,0.12367696500958757,0.8241447728162868,0.1019277242304344
19446.93386773547,0.04896594771091015,0.9375068939922567,0.04590591354984263,0.06212418680409403,0.9205247341569918,0.057186850542557954,0.09350365883524721,0.8868750921107358,0.08292606604220068,0.1241903592090991,0.8231296098545392,0.10222476192348082
19647.31462925852,0.05127068386507643,0.9370393653594611,0.048042649070476784,0.062033183199529246,0.9199352004135043,0.057066508818946565,0.09489321094813569,0.8860975364553559,0.08408464044748144,0.12488145041221606,0.8221278643002894,0.10266852011811768
19847.69539078157,0.051335690823636135,0.9365636493667302,0.04807914194054682,0.06421513020643295,0.9193651570305488,0.05903715326597436,0.09503187878284401,0.8853292858358193,0.08413450537445144,0.1263320346252624,0.8211304463244781,0.10373507997692114
20048.076152304613,0.05053947190192888,0.9361113478920716,0.04731057316386813,0.0643914189775142,0.9188056034380765,0.059163196569868945,0.09633562687311703,0.8845673254168025,0.08521534780550417,0.12751047715278044,0.8201334523389646,0.10457560783669849
20248.456913827657,0.05197940906037663,0.9356491786668519,0.048634491394929716,0.06490204237747409,0.9182453052813382,0.05959599571628604,0.09665235795697606,0.883810682232583,0.08542238642534283,0.12805642088947677,0.8191356823512528,0.10489558370476078
20448.837675350707,0.05226410618803692,0.9351978655997498,0.0488772805545308,0.06578473409991038,0.9176808704268721,0.06036939204960609,0.09804380103216272,0.8830573849415956,0.08657830254919571,0.12874861282340713,0.8181413932873239,0.10533456947915253
20649.218436873747,0.051912233236435706,0.9347401655806074,0.04852444949108502,0.06550505107479969,0.9171118419829608,0.06007545805039747,0.09835518524026973,0.8823013935165146,0.08677891699706491,0.1301702881840634,0.8171595443937016,0.10636989338608609
20849.599198396794,0.05313160299996828,0.9342912139429247,0.049640389865573904,0.06629099199612719,0.9165352104391151,0.06075802829938813,0.09984396263614048,0.8815419012852752,0.08801663665411925,0.13126361681131624,0.8161938980074172,0.10713656307178013
21049.979959919845,0.053298086935721835,0.9338208232928009,0.04977086342224704,0.06684734770452154,0.915951833565058,0.06122895069891748,0.10015540715180485,0.8807755665416216,0.0882144354763377,0.13176765061440063,0.8152409804118339,0.10742238867344796
21250.360721442885,0.052663493427298584,0.9333562222829133,0.04915379927752444,0.06687339003712957,0.9153668391686747,0.06121368366278123,0.10115959479029936,0.8800034014864193,0.0890207875084513,0.13258519716492612,0.8142984101049915,0.10796391525485616
21450.741482965932,0.053957128552532645,0.9328883991030889,0.05033597927557174,0.06822517858872865,0.9147878723096368,0.062411565959128064,0.10143333697069572,0.8792342996835937,0.08918366899599962,0.1339168097285298,0.8133602068963793,0.10892260406770006
21651.12224448898,0.05466765881439217,0.9324205559356722,0.0509732488234172,0.06792716551077214,0.9142118131797758,0.062099817145765734,0.10244079369952849,0.8784768580942218,0.08999186658984014,0.1349661085986518,0.8124204628597372,0.10964922841809426
21851.503006012023,0.05419702792012761,0.9319343052560792,0.05050806956168845,0.06905101390718332,0.9136346347621964,0.06308739787104878,0.1026297774590271,0.877733838131227,0.09008162847566553,0.13544604977316324,0.81148125859428,0.10991193094155
22051.883767535073,0.05544881227075001,0.9314557961777729,0.05164811758076331,0.0700663392444092,0.9130555020798824,0.06397445655770341,0.10387377473416365,0.8770049092048012,0.09109781037949517,0.13626789043118254,0.810549673961673,0.11045189416043999
22252.264529058117,0.05662489495227478,0.9309858526211104,0.05271697610672435,0.06975187319278596,0.912474999447145,0.0636468404530247,0.10397726924661975,0.8762852190024465,0.09111374415305053,0.13757147590527233,0.8096292113276743,0.11138188553836978
22452.645290581168,0.05643295334427893,0.9305177668528714,0.05251186572283071,0.07101189447741822,0.9119003207464552,0.06475576935077111,0.10504272897664671,0.8755675756431206,0.09197200754901994,0.13854136944671006,0.8087220091717685,0.11204145465235162
22653.02605210421,0.057272889746315225,0.9300412112221375,0.05326614774985495,0.07090276157336735,0.9113374718153477,0.06461634347699899,0.10519579463362352,0.8748485341880504,0.09203038673797272,0.13906147015371448,0.8078273368335888,0.11233765709043876
22853.406813627258,0.057837747176541644,0.9295766546346796,0.05376461953197597,0.07150994254218587,0.9107823761363746,0.06512999538594767,0.10627329078931576,0.8741274765439303,0.09289640350168389,0.13989782129697487,0.8069395520265102,0.11288908524686568
23053.787575150305,0.057724559568078655,0.9291306686773877,0.05363365863059662,0.07259663062777083,0.9102387505033023,0.06608026635337189,0.10641726475326552,0.8734043384710307,0.0929453007237224,0.14116803562355523,0.8060537466391634,0.11378902402005758
23254.16833667335,0.058572260011015176,0.9286841854371735,0.054395131577543956,0.07224491534841038,0.9097028929245625,0.06572140849153905,0.10754313799494451,0.8726804806420269,0.09385079735518,0.14205831826254273,0.8051682226504586,0.11438084362816471
23454.5490981964,0.05845051491223252,0.928233221979973,0.054255709783370056,0.073308787954358,0.9091686268612782,0.06665005008132827,0.10772964440327787,0.8719564736472896,0.09393556084115863,0.14257408764244833,0.8042851354732594,0.11467021939448292
23654.929859719443,0.058324581735313574,0.9277923946418579,0.05411310335469135,0.07416835476395771,0.9086326559722608,0.06739178917826778,0.10877511852153851,0.8712340020479032,0.094768581832755,0.14344736142733616,0.8034090477909257,0.11524690805245691
23855.310621242486,0.059147517066403615,0.9273665742598448,0.054851430277846426,0.07432292181483016,0.9080904644386798,0.0674919365892688,0.10906078086694762,0.8705156382853253,0.0949391152682869,0.1446644202876438,0.8025447849560075,0.11609967607053259
24055.691382765537,0.059869188952617655,0.9269311252048281,0.05549461468095035,0.07550339221318421,0.9075415849004573,0.06852246823451405,0.11003080091640158,0.8698055019738289,0.0957053960236731,0.14551542446631335,0.8016921455525443,0.11665857285138795
24256.072144288577,0.0597949880150535,0.9264885870500249,0.05539937395874009,0.07553185084753833,0.9069921172965127,0.06850679332353318,0.11030680885915242,0.8691047391292613,0.09586817033771496,0.14603427678771885,0.8008489667876765,0.11695139968103022
24456.452905811624,0.0607251835724175,0.9260485855729832,0.05623447035589698,0.07601887483471562,0.9064391048878191,0.06890648085975878,0.11147562992005948,0.8684139817191368,0.0968069956435278,0.14690546433790588,0.8000114421077517,0.11752605237847696
24656.833667334675,0.06183836985242094,0.9256165638142251,0.05723861941467104,0.07672596866526589,0.9058837924487251,0.06950481147379312,0.11173231341556432,0.8677298189965138,0.09695346009614937,0.14809104927977065,0.79917520390569,0.11835069450476829
24857.214428857715,0.06182863797160184,0.9251702376884727,0.05720201568814141,0.07664009528918395,0.9053305341139433,0.06938461840270041,0.11268810589348963,0.8670483611826187,0.09770603753972358,0.148874939323699,0.7983393024270085,0.11885271520854507
25057.595190380765,0.06197185669362216,0.9247155895588883,0.05730634199850176,0.07790818434914373,0.9047800146906553,0.07048976817994054,0.1129571931559872,0.8663671373696872,0.09786240007986746,0.1494281818703566,0.7975074276628815,0.11917008494376934
25257.97595190381,0.06296955228050483,0.9242624313258639,0.058200391490280494,0.0783285691212639,0.904235617289242,0.07082748205074912,0.1138749028349018,0.8656851337186191,0.09857981048782673,0.1503089222201649,0.7966835959136793,0.11974865265227051
25458.356713426852,0.06287461258573236,0.9238183181388789,0.05808471885258486,0.07856231708740503,0.9036988358452278,0.07099667449319158,0.1140831557506019,0.8650013808567067,0.09868208725676139,0.15144015435565428,0.7958699945242206,0.12052667481778169
25658.737474949903,0.06318913647420009,0.9233637905716882,0.05834656057776911,0.07973947398442488,0.9031677908942201,0.07201812456558015,0.1151348187535978,0.8643161628351066,0.09951288475382512,0.15219125750816953,0.7950669439173113,0.1210022379979529
25859.118236472947,0.06421936481982442,0.9229071423146926,0.05926851046712886,0.0796567969189483,0.9026434293751457,0.07190168434395904,0.11532577829493652,0.8636308018565685,0.09959889438358888,0.15272805758096178,0.7942716224499552,0.12130756208846069
26059.498997995997,0.06386583113646194,0.9224584036851408,0.05891357264016544,0.08036884113575278,0.9021251914442338,0.07250275619574219,0.11635348513457507,0.8629464149854786,0.10040682286794773,0.15363361153687877,0.7934798827608948,0.12190518007041541
26259.87975951904,0.06430347295167496,0.9220217059475215,0.059289197829253654,0.08112619168286808,0.9016081722362086,0.073144037403675,0.11665322789314024,0.8622667421456739,0.10058619877619489,0.1547086662791374,0.7926892201957912,0.12263589203034034
26460.260521042088,0.06540183227859804,0.9215810230106424,0.060273087498080836,0.08123934793410678,0.9010902955373221,0.07320398803920362,0.11767465137965535,0.8615960483018626,0.10138801461401038,0.1554381434908614,0.7919001955672388,0.12309149622902167
26660.641282565135,0.06525783344893617,0.9211447873149745,0.060111913112956335,0.08237523824326472,0.9005722885517012,0.07418485682472853,0.11800792402601953,0.8609358975170063,0.10159725798545982,0.15598090298352457,0.7911157963037502,0.12339895627198905
26861.02204408818,0.06560008859740712,0.9207171041615909,0.06039912360614849,0.08216693773213012,0.9000545891478078,0.07395472938202588,0.1191150381278969,0.8602843246529133,0.1024728001318638,0.15689047399574768,0.7903396300504406,0.1239967591762375
27061.40280561123,0.06674085970836885,0.9202988555024206,0.06142153680485947,0.08268191586270854,0.8995377949098545,0.07437550827406296,0.11944748557405857,0.8596381672151747,0.10268161757734473,0.15791765789845671,0.7895729889641235,0.1246875171570984
27261.783567134273,0.0671825019348423,0.9198775014058277,0.06179967201801492,0.08392788465881518,0.8990197713259893,0.07545282767384202,0.12048953584233567,0.8589926156413484,0.10349962155061992,0.1586062608656688,0.7888151596588971,0.12511102298765323
27462.164328657316,0.06740680532048493,0.9194582803163357,0.0619777453015911,0.08401405858576307,0.8984978467695082,0.07548645073767543,0.12086288465344223,0.8583441230070588,0.10374194673196217,0.15916852068687448,0.7880633015864872,0.1254348699211354
27662.545090180367,0.06846621981263833,0.9190407682093857,0.06292324725299979,0.08492607283054279,0.8979733092507588,0.07626134666131347,0.12176615020941027,0.8576924902929906,0.10443791260649944,0.16007936652674895,0.7873141909558795,0.12603275694573704
27862.92585170341,0.06872309851007079,0.918626525379513,0.0631308611976203,0.08525862968313906,0.897446687633827,0.07651507480133223,0.12210963648818951,0.8570395491130122,0.10465278779819176,0.16106050858512,0.7865660400343736,0.12668472644372006
28063.30661322645,0.06883233097158643,0.9182054921328684,0.063202224334418,0.08546848284871382,0.8969191676876361,0.0766583205001934,0.12315363947343902,0.8563874376795632,0.10546722974957115,0.1617274463637152,0.7858203896112487,0.127088724912367
28263.6873747495,0.06944660325951087,0.917782640482891,0.06373688691208163,0.0863363887302326,0.8963950888677357,0.07739151484835623,0.12345604054134489,0.8557384201474153,0.10564607709050573,0.16228566377750062,0.7850801510087534,0.12740725342499595
28464.068136272545,0.06960333536932063,0.9173569885339843,0.06385110612632093,0.08646298874136785,0.8958787421195616,0.07746035359351444,0.12443356193556604,0.8550941654587353,0.10640241279835069,0.16319995330232098,0.7843477504129109,0.12800551624016757
28664.448897795595,0.0696175796869203,0.9169313028240499,0.06383453804178493,0.08715073908206433,0.8953726886448321,0.07803239156929219,0.12473635219046714,0.8544555032454206,0.10658166258390363,0.16413884405883505,0.7836240386529595,0.12862314388121265
28864.82965931864,0.0706736892041088,0.9165009138841113,0.06477250074312736,0.08790220158875293,0.8948746594072826,0.07866145270788558,0.12565214084210996,0.8538232116355381,0.10728471444269129,0.16477864626693037,0.7829076812605452,0.12900646787009404
29065.210420841686,0.07114321836577317,0.9160716380791112,0.06517228458655373,0.08791541433533752,0.8943810470255151,0.07862988032292115,0.12594213574882523,0.8531976207987784,0.10745353057921446,0.1653589991415306,0.7821959857413282,0.12934314533470898
29265.591182364733,0.07114658840845836,0.9156403907853902,0.06514469001336812,0.0890441295533303,0.8938888901194799,0.0795955581380816,0.12690222805708468,0.8525776271602211,0.10819400047825449,0.16625401826174394,0.7814861109881144,0.1299252061675172
29465.971943887776,0.072263337217742,0.9152125821812156,0.0661363154520816,0.08942653301136233,0.8933953940152716,0.07989325269510573,0.12716030153771898,0.8519609131948085,0.10833560662020228,0.1671635303653241,0.7807777465822076,0.1305175645493642
29666.352705410827,0.07295468906906356,0.9147880746986915,0.06673807955373033,0.08964579205420045,0.8928998739538399,0.08004471642568772,0.12810137486568612,0.8513446697905053,0.10905842268473728,0.1677664503194561,0.7800725518776661,0.13087000302015583
29866.73346693387,0.07280615390598433,0.9143685652227858,0.06657165848640421,0.09052142332984472,0.8924033537632101,0.08078162176697272,0.12841853535817138,0.8507273776828206,0.10924916383112572,0.16836645099059222,0.7793731246393303,0.13122028699297253
30067.114228456918,0.07355196027820556,0.9139490182143181,0.06722274188400448,0.09052076023328451,0.8919058583128485,0.08073599635099919,0.12929380902726897,0.8501087143740209,0.1099137937686918,0.16924906268649909,0.778681132729092,0.13179105184606021
30267.49498997997,0.07431164217999962,0.9135365288538085,0.06788639965054312,0.09142715887846058,0.8914088836344316,0.08149898162971636,0.12962579573745744,0.849489647174624,0.11011577148574261,0.1701248427294277,0.7779968874943748,0.13235659812896478
30467.875751503005,0.07416377701064353,0.9131304231401363,0.06772120108339963,0.09197536242676818,0.8909112880289781,0.08194188860656412,0.1305509403974914,0.8488715724586459,0.11082098206117348,0.1707090376586159,0.777318671133644,0.13269532230329847
30668.256513026052,0.07477987680066513,0.912727690660317,0.0682536642601341,0.0920587993318225,0.8904121325530482,0.0819702718333212,0.13085287895864048,0.8482564219722342,0.11099679491022221,0.1713159785712402,0.7766437998400952,0.13305149257089233
30868.637274549103,0.0755007772176379,0.912322585080793,0.06888106424680444,0.09307634670047901,0.8899125556669141,0.08282980956436302,0.13175319390582665,0.8476452701108186,0.11167997163626749,0.17218691099075867,0.7759706719681051,0.1336119930256113
31069.018036072146,0.07514691563895504,0.9119213055998934,0.06852807342128092,0.09336055070729751,0.8894137949833932,0.083036161706317,0.1320555515698953,0.8470392655570533,0.11185623741449569,0.17302597945169854,0.7752994930111737,0.13414695414666364
31269.398797595197,0.07577787182897872,0.9115237101751867,0.06907332687873044,0.09391803518062634,0.8889175486267744,0.08348538960460553,0.13284114311252426,0.8464395720040317,0.11244200032069136,0.1735931793621842,0.7746319584251748,0.13447082449858141
31469.77955911824,0.07671905505598445,0.9111244680296083,0.06990060822561807,0.09464251067332917,0.8884265370548091,0.08408291801567865,0.1331279940330725,0.8458462422392319,0.11260581348972125,0.17421476778271444,0.7739702259453124,0.13483704318379763
31670.16032064128,0.07655302387632437,0.9107176542604528,0.06971819033119057,0.09474710615266958,0.8879410813566198,0.08412984789261187,0.13396836348811786,0.8452577732520051,0.11323780060818173,0.1750681998862732,0.7733155769722738,0.13538296600455071
31870.54108216433,0.07712090508615962,0.9103112258434602,0.07020402564713911,0.09561058101855219,0.8874606585635579,0.08485062919636874,0.1342204396249032,0.8446717892375132,0.11337221889021261,0.17587666116909745,0.772667523504127,0.135894184227701
32070.921843687374,0.07823567808466132,0.9099078751502034,0.07118725960694952,0.09587639424241393,0.886984597991894,0.08504088500401985,0.13506003554433318,0.8440857819321698,0.11400225571022511,0.17642548422912138,0.7720242706612261,0.1362047557880411
32271.302605210425,0.07832076246254792,0.9095000880921249,0.07123274035912971,0.09617910225451162,0.8865112731264263,0.08526385838780384,0.13532266259075695,0.8434976831341813,0.11414435237085203,0.17705388895117388,0.7713837931972073,0.13657650045947362
32471.68336673347,0.07872553652526139,0.9090848527450834,0.07156819277934494,0.09716653257177624,0.8860397585392124,0.08609341105798914,0.13612907116322634,0.8429076019037364,0.11474422892357819,0.17789842732279515,0.7707449544405119,0.13711431526194648
32672.064128256516,0.07968217518318309,0.9086731523009977,0.0724050533059033,0.09732629407722304,0.8855694509655266,0.0861891928104758,0.1364349754908321,0.8423173816048976,0.11492155131476607,0.17866845662718797,0.7701083719601867,0.13759407425380296
32872.44488977956,0.07976556131321977,0.9082674603646124,0.0724484637985159,0.09800552791875099,0.8850985406100585,0.08674454973260484,0.13727403171618408,0.8417294326988852,0.1155475928407524,0.1792141030452413,0.7694759260491724,0.13790093790180885
33072.825651302606,0.08007123415083436,0.9078595998873004,0.07269343859865883,0.09869195062533492,0.8846259676407963,0.0873054623202946,0.1375679111939564,0.8411456980632255,0.11571465669234027,0.17984213169884872,0.7688491489875934,0.13827146990877454
33273.20641282565,0.08065670426000669,0.9074496361813906,0.07319189693633309,0.09878029107830441,0.8841513160016083,0.08733672435190477,0.13842058039793548,0.840567575601447,0.1163518516784378,0.1806758206353526,0.7682288355543404,0.1388003752995218
33473.5871743487,0.0807518086994947,0.9070472129201033,0.07324570301913402,0.09952679504003889,0.8836733115698281,0.08794917256296271,0.13874676323399823,0.8399950748582192,0.11654659776907797,0.18141007831860753,0.7676141543809083,0.13925294386471226
33673.96793587175,0.08096948510664445,0.906653071951573,0.07341123240627632,0.09984270439650489,0.8831931597669135,0.08818039357562306,0.1395419668059426,0.8394274590035098,0.11713535862026452,0.18194864016320267,0.7670033673113338,0.13955521968289464
33874.348697394795,0.08190264983274118,0.9062586963063637,0.07422498866145663,0.10037188884405375,0.8827135249910257,0.0885996238115421,0.13988590129877257,0.8388638336756703,0.11734522344066478,0.1825830106873717,0.7663947818979621,0.1399306666540215
34074.729458917835,0.08211560740541268,0.9058639682684151,0.07438556998103839,0.1011808493122125,0.8822370376103515,0.08926549276010573,0.14070707625176265,0.8383030771510553,0.11795517499878082,0.1834002001683125,0.7657880046918486,0.14044567334697766
34275.11022044088,0.08232015259978123,0.9054759090271316,0.0745389150065391,0.10113798663372701,0.8817656843543975,0.0891800059983142,0.14103417408598343,0.8377434324014614,0.118150453084697,0.18410665705633397,0.7651838425474541,0.14087543928493199
34475.49098196393,0.08338941868696087,0.905093843891972,0.07547524949929846,0.10189640922089752,0.8812991082283639,0.08980121457804942,0.14187543766470717,0.8371833853901309,0.11877575920784604,0.18463590665017204,0.7645839062997707,0.14116964274978835
34675.871743486976,0.08368846039034321,0.9047081967434074,0.07571363608797949,0.10251257109924854,0.8808365162402495,0.09029681599789297,0.14219882201792422,0.8366223816090144,0.1189667171386321,0.1852737393378872,0.7639896038018892,0.14154721071164694
34876.25250501002,0.08376047876748124,0.9043198674524089,0.07574626505675895,0.10278761796340477,0.8803775058143566,0.09049190673122125,0.14298039813854999,0.8360610207426822,0.1195403376139112,0.18607562759068344,0.7634009249227559,0.14205030620831002
35076.63326653307,0.0846592499765734,0.9039346503325797,0.07652642952499233,0.10361160146602864,0.8799205051889312,0.09116997270542213,0.14331305595793828,0.8355005592454522,0.11973813840003221,0.18675263250231797,0.7628170530997324,0.14245809278403548
35277.01402805611,0.08498049581177729,0.9035504627230161,0.0767841663131627,0.10373078064104567,0.8794645219281214,0.09122754140570806,0.1441134697451497,0.8349427202720823,0.12032649245686373,0.1872796172123087,0.7622363867341074,0.14275133873285695
35477.39478957916,0.08504531824199556,0.9031601133843462,0.07680953926624852,0.10428188662779397,0.8790099990887122,0.09166482106966638,0.14442550943713836,0.8343889764977355,0.12050705299941791,0.18791908426364776,0.7616576598072793,0.14313000995337688
35677.775551102204,0.08587333536406613,0.9027673165235041,0.0775236405275409,0.104904005847655,0.8785576788568737,0.09216421988030368,0.14523682642068597,0.8338401048522364,0.12110429057103084,0.18870282415067613,0.7610807615992521,0.14361808912052632
35878.15631262525,0.08612696865042095,0.9023759089858735,0.07771890162412144,0.10507762225361546,0.8781070507174881,0.09226940097352856,0.14555521967009924,0.8332958760412239,0.12129056428736813,0.1893550451352345,0.7605068672431978,0.1440058121724915
36078.5370741483,0.08615555659353746,0.9019846606536364,0.07771099047744705,0.10589060265032103,0.8776558177238375,0.09293550345833745,0.146339669301581,0.8327557918482634,0.12186520718805108,0.18987434078862703,0.7599372849166609,0.14429259101425002
36278.917835671346,0.08699950381974599,0.901590861281498,0.07843795757990776,0.10624245146787797,0.8772023750709015,0.09319613076097755,0.14669562194125124,0.832218959510873,0.1220828778567485,0.19052044822348962,0.7593728176723874,0.1446760495916775
36479.298597194385,0.0873763614554627,0.9011980746506493,0.07874340871364219,0.10657818838978309,0.8767464984799016,0.09344205348507362,0.14748026043808404,0.8316842364782859,0.12265700779806668,0.19128225313023833,0.7588135406215036,0.14514756375581483
36679.67935871744,0.08745893621539681,0.9008083077719498,0.0787837363317265,0.10742215796132544,0.8762889608276091,0.09413285116978914,0.14781983231347612,0.8311502354891347,0.12286048843731008,0.1919144455198545,0.7582582927385024,0.14552071981174122
36880.06012024048,0.08828788670830547,0.9004217652111935,0.07949633479665828,0.10762233032963339,0.8758310983445811,0.09425898377900613,0.14862088977297558,0.8306160144052734,0.12344689112059444,0.19242834575952342,0.75770559011683,0.1458040332789251
37080.44088176353,0.08891110587643514,0.9000370383540762,0.08002328840981238,0.10816514560689683,0.875374781442644,0.09468504069534908,0.14895710183337407,0.8300810380162603,0.12364646570974094,0.1930756928202022,0.7571547052737128,0.1461881692927981
37280.821643286574,0.0890066695984321,0.8996559249674468,0.08007537766584936,0.10865718178266828,0.8749220249502013,0.09506656151067426,0.14970326959055205,0.8295457304856045,0.12418570812857789,0.19381900350522416,0.7566058905549633,0.14664459975354568
37481.20240480962,0.0897686759734269,0.8992783117053095,0.08072702337340432,0.10886528887028309,0.8744740337290121,0.09519986829147058,0.15004125452080433,0.829011756081514,0.1243859638949654,0.19442830577424086,0.7560600413360148,0.14699947290056387
37681.58316633267,0.0902752438094397,0.8989037076039719,0.08114875136515785,0.1097179545161767,0.874030359110076,0.09589682318659691,0.15077352111485032,0.8284808537360882,0.1249129754940273,0.19494195930941932,0.7555185747023793,0.1472822712471417
37881.963927855715,0.09033737894151123,0.898531308425186,0.08117096330001793,0.10997452576400783,0.8735900119822216,0.09607264727991874,0.1510882597170054,0.8279543118328041,0.1250941761000092,0.19558829182029752,0.7549820144450523,0.14766564256035497
38082.34468937876,0.09090210723955182,0.8981611265544701,0.08164473904445112,0.1103929120063032,0.8731523590635638,0.09638983154220006,0.15183381222998563,0.8274326234380969,0.12563224958006441,0.19631325632793012,0.754449917709048,0.14810852008180211
38282.72545090181,0.09129948229505727,0.8977902962523544,0.08196778925736606,0.11112562730335052,0.8727170883865919,0.09698123390531362,0.15213075423218533,0.826915506165852,0.12579927963930035,0.19690183436287703,0.7539211665421496,0.14844846065714937
38483.106212424864,0.09133886118261822,0.8974192399580315,0.08196925138113739,0.1113029611461947,0.8722834031669638,0.09708772573116306,0.15284100523816882,0.8264016928190513,0.1263080654609882,0.19741311770555184,0.7533946199179148,0.1487299807805848
38683.4869739479,0.09196307769645497,0.8970490758985223,0.08249539386438894,0.11198601909786558,0.8718505485191373,0.0976350721769487,0.15315242365896672,0.8258899232590203,0.126487043422637,0.19805943979746712,0.7528697683452669,0.1491129645589124
38883.86773547094,0.0925529570750276,0.8966776304564709,0.08299016624177522,0.11237539291656608,0.8714173638576618,0.09792586865782298,0.1538565658469178,0.8253791734821474,0.1269900051535306,0.19876498921065092,0.7523470579777782,0.14954025486161804
39084.24849699399,0.09261025397041442,0.8963020279379214,0.08300675844152838,0.11268478752080419,0.8709827005717082,0.09814650054821916,0.1541618448697409,0.8248687349960047,0.1271632859623535,0.19933551820353287,0.7518276471933454,0.14986595365302838
39284.62925851704,0.09326510747658179,0.8959261232768048,0.08355864617848846,0.11345797337924798,0.8705465625451438,0.09877044871864277,0.15487627898511205,0.8243579995557192,0.12767349952280044,0.19984707143291075,0.7513124371784056,0.1501475903012271
39485.010020040085,0.09397415508543348,0.8955515651302676,0.08415870166855445,0.11359410356640243,0.8701093783191266,0.0988392948348809,0.15517826310976057,0.8238471753987736,0.12784317374626397,0.20048890524755456,0.7508017111594415,0.15052741312834708
39685.39078156313,0.09406090671965756,0.8951755808751751,0.08420102681041512,0.11414496778493535,0.869672219954574,0.09926870753016806,0.1558742055612888,0.8233371115827773,0.12833701817709162,0.2011775827856186,0.7502948780165964,0.15094250993580943
39885.77154308618,0.09459053849603302,0.8947970192529375,0.08463933189578059,0.11476405999334613,0.8692361797114233,0.09975707307678879,0.15619946244393193,0.822829135214188,0.12852546860366154,0.20172878250617923,0.7497907966295828,0.15125438453842396
40086.15230460922,0.0952870064869699,0.8944213462635981,0.08522673262350383,0.11495944974969419,0.8688016917447269,0.09987696442457723,0.15688031804953842,0.8223244115315348,0.1290065152209667,0.20224231124037997,0.7492886278545062,0.1515378638834283
40286.533066132266,0.09536990079696703,0.8940498829208361,0.08526544864170012,0.11570123697108702,0.8683694760003379,0.10047142252117375,0.1571992010022262,0.8218238436997264,0.12919005159417543,0.2028797162082776,0.7487881188173481,0.15191392104579363
40486.91382765531,0.09578986676615224,0.893679570959968,0.08560544703388742,0.11606766910897791,0.8679399384549179,0.10073976558305206,0.15789978851699032,0.8213275527583281,0.12968744688371722,0.2035502187459065,0.7482899830282685,0.15231458973077472
40687.29458917837,0.09645747358559181,0.8933087920687593,0.08616630921474928,0.11641117116631738,0.8675127399021374,0.10098817405370869,0.15821214384943075,0.82083498081962,0.12986606206207846,0.20408645671981096,0.7477952142897992,0.15261487563643686
40887.67535070141,0.09642423457384769,0.892943282965637,0.08610137257782023,0.11699682172983604,0.8670881891743005,0.10144656229287198,0.1588886629166498,0.8203449442754459,0.13034351132635918,0.20459889691046762,0.7473044937925557,0.1528976750861923
41088.056112224454,0.09682353052919179,0.8925832293819357,0.08642305955990645,0.11719846416941539,0.8666668331192984,0.10157202178815279,0.15920688103598357,0.8198563259664121,0.13052676855473314,0.205233372177043,0.7468177898939319,0.153271933421738
41288.4368737475,0.09756062263652972,0.892223571641575,0.08704588718034043,0.11788899704017003,0.866249077863024,0.10212123497624405,0.15987025260818397,0.8193682202791828,0.13099260435515106,0.20588416093557416,0.7463343874898354,0.15365842914571043
41488.81763527054,0.09761664575229478,0.8918625657034546,0.08706063213600686,0.11837095170808573,0.865834069726008,0.10248960285475262,0.16018393964278024,0.8188802756831166,0.1311714686546876,0.20640779280237034,0.745853347248017,0.15394994315972307
41689.19839679359,0.09799727136131843,0.8915059451813273,0.08736515003016321,0.11854940575627271,0.8654197398569486,0.10259499588978938,0.16086272866610443,0.8183923965968266,0.13164883403615824,0.20692014601542755,0.7453738943400555,0.15423287505293215
41889.57915831664,0.09878967622205542,0.8911517421811378,0.08803659207479521,0.11926854486442086,0.8650045905495384,0.10316783881588762,0.16116779891438712,0.8179049704401845,0.1318199438069814,0.20754943185560476,0.7448962905908331,0.15460280190347486
42089.95991983968,0.09904841228555661,0.8907946267525938,0.08823179345234942,0.11957828166081705,0.8645879741880506,0.10338594429801393,0.1618368360223786,0.8174187214590194,0.1322884595863857,0.20818199030360193,0.7444212208905062,0.15497509138922289
42290.34068136273,0.0993580158142816,0.890434672186884,0.08847182224072907,0.12004393285184008,0.8641697426388113,0.10373833455792539,0.1621632591794776,0.8169348527276529,0.13247681825562274,0.2086932269424417,0.7439494907487356,0.15525721990653982
42490.72144288578,0.1001140188660126,0.8900768451567512,0.08910917006822397,0.12063150162723403,0.86375018308103,0.10419548161586296,0.16282547568372815,0.8164543166114645,0.1329395624762949,0.2092058975330716,0.7434815441739886,0.1555407237481933
42691.10220440882,0.10036473559993518,0.8897187277748098,0.08929638487142949,0.12078022511193326,0.8633303551830822,0.10427323464497797,0.1631591878419863,0.815977650663682,0.13313425077949836,0.20983013272889056,0.7430171807151291,0.15590739364930162
42891.482965931864,0.1006021536599607,0.8893573468729791,0.08947126446873041,0.12143021489157238,0.8629118642821482,0.10478357311226859,0.16383417155921606,0.8155046931555932,0.13360753580579932,0.2104439406003376,0.7425556245454547,0.15626633174429025
43091.86372745491,0.10118970085134166,0.8889940028195645,0.08995703720394851,0.12180211634571775,0.8624955926369672,0.10505378852203666,0.16416333864966612,0.8150347088375487,0.13379881891813053,0.21094582081000335,0.7420959595946931,0.1565420413164896
43292.244488977965,0.10143022466881543,0.8886331287770228,0.09013425790000583,0.12214470768947272,0.8620815896604183,0.10529870377354776,0.1648308216014912,0.8145667350171285,0.13426570418211747,0.211457043283512,0.7416379652731376,0.15682457132345765
43492.625250501005,0.1016106069831387,0.8882733670994188,0.09025799599792833,0.12283240490011733,0.8616697847942004,0.1058409718960382,0.1651707075189939,0.8140995935917805,0.13446540586447978,0.21207588031039296,0.7411818788043384,0.15718679941754105
43693.00601202405,0.10228622932363585,0.8879128729280392,0.09082125973972575,0.12302999501622154,0.8612604109913774,0.10596086407193808,0.16581713877106197,0.8136326676845388,0.1349142409661165,0.21267148083161586,0.74072839701495,0.15753180508719847
43893.3867735471,0.10263338410282516,0.8875534562041177,0.09109261478238723,0.12355214564182466,0.8608538089873445,0.1063603351843239,0.16615310082209445,0.8131658055876688,0.1351100200808876,0.21316415750024498,0.7402781916747267,0.157800777044148
44093.76753507014,0.10279126458236014,0.8871985021101828,0.0911962559674814,0.12408820948433501,0.860449855993118,0.10677168198123992,0.16680849256289929,0.812699368410234,0.13556515655133147,0.2136758882795691,0.7398314869472371,0.1580841501506453
44294.14829659319,0.10351997250694872,0.8868460281312242,0.091806276450041,0.12433729673437817,0.8600481775737349,0.10693606546084664,0.1671323738246206,0.812233819856562,0.13575056641326647,0.21428695432250672,0.7393879090856706,0.15844118310085487
44494.52905811624,0.10395128894730206,0.8864947455300726,0.09215227144286159,0.12495247758952456,0.8596481616613217,0.1074151676548623,0.1677756218793022,0.8117699945567496,0.13619521565971643,0.21486668152405358,0.7389466413093692,0.15877501264148927
44694.90981963928,0.10410954532897809,0.8861460405537687,0.09225626137712704,0.12521815258877209,0.8592489339303075,0.107593564120625,0.16809937463954544,0.8113087000942237,0.13638048512546153,0.2153499585210225,0.7385071439598377,0.15903748281922986
44895.29058116233,0.10473174773167897,0.8858004419225974,0.09277142842404722,0.1256242624498651,0.8588497474212099,0.10789236607504243,0.16872511466976478,0.8108506888827515,0.1368108754618,0.21586243627899238,0.7380692688153808,0.15932143050914263
45095.671342685375,0.10518946496990912,0.8854558046450918,0.09314062234511758,0.12626930939866216,0.8584499456418643,0.10839588178951727,0.1690497296706664,0.81039611467805,0.1369972441124827,0.21646504168614103,0.7376333916143504,0.15967184286488995
45296.05210420843,0.10531817372206063,0.8851119147603952,0.09321837040220103,0.126461026014932,0.858049394831261,0.10850980684185275,0.1696786776891726,0.8099447213195479,0.13743034931482628,0.21702905219439803,0.737200154497874,0.1599938508082374
45496.43286573147,0.10585347900528966,0.8847685556355482,0.09365582972850796,0.12702298614094962,0.8576482659534075,0.10894104380000916,0.16999207865241114,0.8094957207845734,0.13760786023640145,0.21750479699250386,0.736770060854096,0.16025102251622486
45696.813627254516,0.10629937881239623,0.8844246820059857,0.09401379430358735,0.12747828306196826,0.8572467840739277,0.10928034819413815,0.1706141621004777,0.8090482476749408,0.13803508887591978,0.2180170670000578,0.7363431618691412,0.16053537645625895
45897.19438877757,0.10636544248440913,0.8840800016686836,0.0940355605691067,0.12775649793388774,0.8568457162560636,0.10946760797852836,0.17093596407986217,0.8086013169133558,0.13821904566283064,0.2186109313378539,0.7359188881270428,0.16087991352257072
46097.5751503006,0.10688677333054823,0.8837350059551337,0.09445958326579706,0.12837472304356928,0.8564456703570847,0.10994597573395479,0.17154249149145565,0.8081544504174736,0.13863282793452147,0.2191599933634244,0.7354966877722341,0.16119144921098344
46297.95591182365,0.10737923631289881,0.8833888187515091,0.09485761672489083,0.12860353845429975,0.8560471613120781,0.11009069402849199,0.17186795688336526,0.8077076795220706,0.13881906863846222,0.2196287213054269,0.7350761130143421,0.1614438267635034
46498.336673346705,0.10751742095866058,0.8830411327693956,0.09494230519577959,0.12907496166588864,0.8556509031643748,0.11044310752532466,0.17247530578574968,0.8072616241948519,0.13923269548210804,0.22014141973316043,0.7346571580428333,0.16172846978867814
46698.717434869744,0.1080121881843361,0.8826934071796063,0.09534164640535644,0.12962600515338904,0.8552575088065248,0.11086361424402927,0.17279148473498665,0.806816874164775,0.13941108559617235,0.2207255085536592,0.7342402646003418,0.16206555580448373
46899.09819639279,0.10862413867691685,0.882346658337765,0.09584414577639556,0.12981426054669182,0.8548674768958122,0.11097398937864601,0.17339424359959615,0.8063741580695556,0.13982063719673177,0.22126078921678355,0.7338260031424708,0.16236692060310098
47099.47895791584,0.10883546254816732,0.8820002346022587,0.09599290350052893,0.13042701825165892,0.8544803875091954,0.11144732909734642,0.1737103339389756,0.805934122654337,0.13999908557910018,0.2217229929945105,0.7334147181097604,0.16261490640552131
47299.85971943888,0.10927575366692881,0.8816537407696422,0.09634337699586973,0.13077860522079032,0.8540951606520035,0.11169737383589586,0.17429307037013653,0.8054973066176644,0.14039259874526802,0.22223522112809824,0.7330062016498088,0.16289979531191262
47500.240480961926,0.10986279870415992,0.8813097758628836,0.09682315850163228,0.13110525771364473,0.8537109612820292,0.11192599559184381,0.1746075909799745,0.8050635596559053,0.1405702087372806,0.22280985189928298,0.7326000741727943,0.16323051402784403
47700.62124248497,0.11006457751037753,0.880969327662798,0.0969635168488072,0.13172507745763282,0.8533269935053298,0.1124045643161785,0.1751910283700639,0.8046323770630166,0.1409643735975189,0.22333120342828175,0.7321957550171173,0.16352215911305218
47901.00200400803,0.11041062700977475,0.8806302224867382,0.09723093502851819,0.13196914357803533,0.8529427928781939,0.11256212989719282,0.17549626217407133,0.8042029640438695,0.14113461421900816,0.22378902627185754,0.7317929538923048,0.16376723258416523
48101.38276553107,0.11089513464168604,0.8802916857021669,0.09762006500989857,0.1324609514841417,0.8525579951078226,0.1129306432273944,0.17607671515483833,0.8037746074444321,0.14152599260368526,0.22429970210415742,0.7313918004810335,0.16405096296931915
48301.763527054114,0.1110970297664977,0.8799569040479803,0.09776059836225363,0.132855130010765,0.8521727067942582,0.11321551575277668,0.1763825816093253,0.8033465440914723,0.14169633737378357,0.22486511998440167,0.7309927474342612,0.1643747718595326
48502.14428857716,0.11141283736724893,0.8796250133943132,0.09800151856146477,0.1331139972963076,0.8517875044269627,0.11338483956131931,0.17695224932776113,0.8029185768953113,0.14207824820867027,0.22537297446037893,0.7305962734766592,0.16465665528310314
48702.5250501002,0.11196633096803049,0.8792928356716158,0.09845119265662618,0.13377230278724744,0.8514026509803535,0.11389409322080901,0.17726728105423775,0.8024909800987606,0.14225539411265772,0.22582671555318867,0.7302024901759328,0.16489923004519041
48902.90581162325,0.11221174294874622,0.8789600064295907,0.09862963430370555,0.13405757061123144,0.8510182176972166,0.11408543481038895,0.17783883468904907,0.8020643247195843,0.14263818485378993,0.22633587032486105,0.7298112699459967,0.16518246895611927
49103.2865731463,0.11251630137738693,0.8786292914676153,0.09886011815777014,0.13441763160939654,0.8506344356688968,0.1143402662080087,0.17815039801265536,0.8016394400522519,0.14281238530795085,0.22689129545525497,0.7294221205702961,0.16549952986991368
49303.66733466934,0.11313481247648498,0.8782988377122877,0.09936617430289438,0.1349652963025122,0.8502519210488645,0.1147545024561402,0.17872393796446753,0.801216815897138,0.14319662450048828,0.22738704471274357,0.7290345880661083,0.16577302047372477
49504.04809619239,0.11343667998164406,0.8779664167414187,0.09959359545052705,0.13520492382648763,0.8498714090571683,0.11490679912388416,0.1790409146375361,0.8007968303092355,0.14337539693740534,0.22783699215977513,0.7286485085990887,0.16601308454092242
49704.42885771544,0.11372121023752635,0.8776322112259921,0.09980539720405618,0.13575105795056144,0.8494932723617619,0.11531961044499361,0.17960472095923402,0.800379547426665,0.14375194527704416,0.228344150518027,0.7282641090793738,0.16629484934049737
49904.80961923848,0.11430529208252464,0.8772989961141043,0.10027991799452834,0.1361239622932842,0.8491177645892269,0.11558527456950168,0.17992769401637043,0.7999649041974002,0.1439358405062649,0.228889789684581,0.7278818296722882,0.16660471890891806
50105.19038076152,0.11462345651288205,0.8769656559556978,0.10052083472872901,0.1363962832986276,0.8487448089250931,0.11576563740638655,0.1804904789496176,0.7995523101105173,0.14431157939712044,0.2293737550432272,0.7275019597678142,0.16686985631325035
50305.57114228458,0.11485326188158061,0.8766309186527524,0.10068392047351517,0.13697790044063785,0.8483739223946613,0.11620847867820933,0.18080915175564852,0.7991410990965644,0.14449202426072646,0.229820968784391,0.7271246473496339,0.16710849088090154
50505.951903807625,0.11539173955077997,0.8762955928026432,0.10111727281417895,0.13722261210365053,0.8480044331861207,0.11636538339727508,0.181373411299835,0.7987305943553612,0.1448684926077766,0.23032546286336952,0.7267496129901679,0.1673889409977351
50706.332665330665,0.11566953304802273,0.8759629328503558,0.10132222341017715,0.13769169853810245,0.8476355329433451,0.11671237627221889,0.181690862952797,0.7983205034611881,0.14504754118677463,0.23086100728499462,0.7263763895522485,0.16769198496006973
50906.71342685371,0.11586554069535794,0.8756315196119902,0.10145551946974116,0.13817981674399119,0.8472666769362335,0.11707515415233913,0.18224350044279797,0.7979106231925888,0.14541402501111175,0.23133415132794388,0.7260046345974581,0.16794966600475697
51107.09418837676,0.116408595761174,0.8753006856172659,0.10189252368149876,0.13839236911881259,0.8468974369895473,0.11720414270563376,0.18256384789466473,0.7975012680329757,0.14559490019297444,0.23177829076597614,0.7256343124966805,0.1681862806716248
51307.4749498998,0.11671874739540516,0.8749714949904192,0.10212557690196675,0.13894891295894043,0.8465275551415431,0.11762408357670692,0.1831145271635078,0.7970930311421816,0.14595931350292776,0.2322803914276098,0.725265610823944,0.16846497997117024
51507.855711422846,0.11692745083913285,0.8746458065613792,0.10227010454835937,0.13927760171579892,0.8461572894314641,0.11785075794635544,0.18343064819679888,0.7966867097187089,0.14613675957347774,0.23280525954104653,0.7248990214336608,0.16876030482591406
51708.2364729459,0.1174754128167948,0.8743217881646868,0.10271131299936478,0.1396365122900014,0.8457868779535074,0.11810272977807684,0.18398152102764795,0.7962826856273035,0.14650129966969172,0.23326894491245775,0.724534813143055,0.16901147141422518
51908.61723446894,0.11790907883591102,0.8739990976846596,0.10305242851141562,0.14015843090016902,0.845416888301409,0.11849230452082896,0.1842968425407525,0.7958812127198038,0.14667839454176482,0.23371029473980554,0.7241729380873244,0.16924667080297953
52108.99799599199,0.11811036397093928,0.8736775878785787,0.10319037789759122,0.14035915673117969,0.8450478941122642,0.11861020981505663,0.18483967273393773,0.7954822522518231,0.14703667917188268,0.23420958001562223,0.7238130703984619,0.16952395522784175
52309.378757515035,0.11863747183337259,0.8733577690718418,0.10361295772871776,0.1408680798824376,0.8446805001773786,0.11898852017412433,0.18516207422701056,0.7950855965795539,0.14721969825069034,0.23472409753798784,0.7234548120878997,0.16981227787684686
52509.75951903809,0.11907388264800482,0.8730383581704321,0.10395606700799283,0.14129852796347409,0.8443153016757294,0.11930050926381712,0.1857008924371937,0.7946905422695606,0.14757474291085482,0.23517844322147147,0.7230979167374444,0.17005704235500138
52710.14028056113,0.11924429770241786,0.8727189007914103,0.10406675241649781,0.1415499612118741,0.8439523538054124,0.11946142294582598,0.18602005142143105,0.7942964504384555,0.14775506655442167,0.2356176567530875,0.7227423639103022,0.17029086222073264
52910.521042084176,0.11969180049071593,0.8723987312955768,0.10441897489458386,0.14209419969030732,0.8435914406377524,0.11986945062301482,0.18655890991860086,0.7939028091611945,0.14810964265842744,0.23611339917030089,0.7223885445157889,0.17056561476730914
53110.90180360722,0.120095573567167,0.8720783894633422,0.10473275437813133,0.14238427440837945,0.8432324149611256,0.12006303556186539,0.1868759720605357,0.7935095153682814,0.14828786202373218,0.23661767596357997,0.722036800160464,0.17084666961414882
53311.28256513026,0.12024522219641144,0.8717574279099959,0.10482466562040958,0.14278471754047092,0.8428750433608231,0.1203496749881873,0.18740480732138215,0.7931165592429323,0.1486338559683193,0.2370636646758954,0.7216872881772495,0.17108583328530777
53511.66332665331,0.12068005328344893,0.8714359120239433,0.10516493229616039,0.1432544274014056,0.842518980587998,0.12069457413894961,0.1877226511478552,0.7927243949720717,0.1488123250537368,0.23750067300071906,0.72133989008323,0.17131870935703183
53712.044088176364,0.1211463560650596,0.8711137876766101,0.10553226109505333,0.1434673536426181,0.8421636326864586,0.12082298771558007,0.188243731098022,0.7923336428175329,0.1491518411984599,0.23799285583915628,0.7209942657905244,0.1715914843591426
53912.424849699404,0.1212933701145748,0.8707917015074217,0.10562126014364005,0.14399212276990486,0.8418085486189463,0.12121379988149474,0.18855614930827155,0.7919450034848201,0.14932610032102336,0.23848688910013624,0.7206500805814151,0.1718655958476242
54112.80561122245,0.12174134769944092,0.8704700615880859,0.10597219842974892,0.14435061441881364,0.8414535202716056,0.12146433265607992,0.18907564979047134,0.7915587096435989,0.14966447737317048,0.23892520273499318,0.720307120208885,0.17209952472736695
54313.1863727455,0.12226736977088432,0.8701497312678227,0.1063909189489585,0.144649424661379,0.8410982717968859,0.12166438109909973,0.18938269443146277,0.7911747957134717,0.14983481457847939,0.23936038762196088,0.7199655947007985,0.1723312438220587
54513.56713426854,0.12243894286651233,0.8698302690957167,0.1065010986213735,0.14518733227212824,0.840742668116823,0.12206518511123281,0.189892866246824,0.7907929919677117,0.15016594785265044,0.2398481303226659,0.7196258019626465,0.17260090313268978
54713.947895791585,0.12285031094846281,0.8695119849533604,0.10681981772493544,0.14541981031726156,0.8403868149603537,0.12220889122466223,0.19020163907915333,0.7904128480834955,0.15033781925470266,0.24033249595931774,0.7192880194201485,0.1728682850208785
54914.32865731464,0.12338173888505177,0.8691961415787689,0.10724293138016616,0.1458471084672844,0.8400311821239786,0.12251611893513706,0.1907060993831012,0.7900340190703404,0.15066430615685922,0.24076319023498666,0.7189523144823453,0.17309725286159686
55114.70941883769,0.12355467062501087,0.8688825790111555,0.1073545008615333,0.14629438278276244,0.8396763987936977,0.1228399404987767,0.1910131594980276,0.7896559146412305,0.15083467117192623,0.24119695209125713,0.7186185036617556,0.17332859279959537
55315.09018036073,0.1238983975856614,0.8685700361472847,0.10761443566956858,0.14655219863612906,0.839322960701994,0.12300462525666257,0.19151709348025495,0.7892782234122327,0.15116027129517012,0.24167998060462537,0.7182862725483067,0.1735954124180434
55515.470941883774,0.1244179872835479,0.8682586806770429,0.1080269974913064,0.14706127618004886,0.8389713575125386,0.12338019851430194,0.1918218901094002,0.7889008855946994,0.15132845898375494,0.2421548614209189,0.7179552822641403,0.17385636188308962
55715.85170340683,0.12455327286258401,0.8679494087206621,0.10810593953530308,0.147322821919557,0.8386217886342501,0.123548128424824,0.19232070559027709,0.7885242694625448,0.1516495438780944,0.24257890914940397,0.7176255568776786,0.17408082476512082
55916.23246492987,0.12486617844003904,0.8676411474003427,0.1083390343332114,0.1476808119822456,0.8382744203436467,0.12379704706029603,0.1926297991065387,0.7881486696118308,0.15182091989341273,0.24301096638259156,0.7172972711965645,0.174311103057073
56116.61322645291,0.12539732308381704,0.8673325040701623,0.1087611742339822,0.14820649707401953,0.8379290749277861,0.12418653299152083,0.1931231100090494,0.787774595577976,0.15213747988413986,0.24348907781628246,0.7169707062941699,0.17457453609685614
56316.993987975955,0.12556812366744585,0.8670234740926072,0.10887051081743904,0.14843262762184092,0.8375853080643271,0.12432498813343718,0.19343135786753285,0.7874024772051584,0.1523083303540529,0.24395444483850312,0.7166460603968303,0.17482899180980913
56517.374749498995,0.12586678050921665,0.8667150009462666,0.10909062678814925,0.14888093539317326,0.8372426474332252,0.12464946850091534,0.19392490344210103,0.787032666086318,0.15262523377656856,0.2443723775755309,0.716323330742669,0.1750496354464094
56717.75551102204,0.12644381710378264,0.8664062937614084,0.1095517189459337,0.1492527615252469,0.836900508959328,0.12490971208406434,0.194230832082284,0.7866649770998275,0.1527945930720904,0.24480283562464014,0.7160023000757425,0.17527939337230625
56918.136272545096,0.1266929677196327,0.8660963751667383,0.10972832010109047,0.1495388902316327,0.8365584518927724,0.12509802250993787,0.19471928615748005,0.7862991189314267,0.1531076031445829,0.24527564431724716,0.7156826109973172,0.17553951353901673
57118.517034068136,0.12696267793488605,0.8657854476775171,0.10992243895419174,0.15005149918698307,0.8362163511556765,0.12547551713557795,0.19502654221866417,0.785934647661234,0.1532781167432146,0.24573196256716295,0.715364148234445,0.17578783609583706
57318.89779559118,0.1275365085707037,0.8654754459067094,0.11037971662461465,0.15030409720388424,0.8358741280731442,0.12563530619611785,0.19550921866663126,0.7855712263359462,0.1535864166679282,0.2461443288728414,0.7150469287842091,0.17600474639817557
57519.27855711424,0.1277965292948957,0.8651656637028053,0.11056516908633346,0.15068456409388647,0.8355318381071534,0.12590175081174013,0.19581577863044972,0.7852083461536614,0.1537561836892069,0.24657310356845563,0.7147311490700322,0.17623347764324634
57719.659318637285,0.12802000274125871,0.8648556644693105,0.11071882453615425,0.15112830782032438,0.8351896218476661,0.1262207942589344,0.1962985861827174,0.7848458283519568,0.15406412647689283,0.24704058822613809,0.7144170572511785,0.17649001006211773
57920.040080160325,0.12852781218717388,0.8645463385523439,0.11111824942856449,0.15136333580101263,0.8348477976444771,0.12636534753759684,0.19660262988804417,0.784483732313819,0.15423156487728526,0.24748790885764407,0.7141047846341038,0.17673229985433261
58120.42084168337,0.12878858447446373,0.8642393068781319,0.11130415698002627,0.15186153969169625,0.834506825508822,0.12672949140499942,0.19708204159640005,0.7841224830991895,0.15453645983082698,0.24789532730245503,0.7137942595357348,0.17694626159422452
58320.801603206426,0.1289794558150604,0.8639335142479406,0.11142967452809212,0.1521871371671832,0.8341669685492346,0.12694948286293575,0.19738937138075627,0.7837624026913884,0.15470636797912432,0.2483220892165621,0.713485195237791,0.17717413430653495
58521.18236472946,0.12948631769146707,0.8636290162760187,0.11182814116908575,0.15248153600746334,0.8338285084828728,0.12714345174028063,0.1978648134834419,0.7834039644979677,0.15500807931757932,0.24878407779055936,0.7131774101424172,0.17742718428334078
58721.563126252506,0.12978873653486758,0.863326020822922,0.11204999346028183,0.15296475503101065,0.8334917984762686,0.12749486877427893,0.19817410414477934,0.7830475046611839,0.15517973773903504,0.24922270728657006,0.7128707842481129,0.1776635867958151
58921.94388777556,0.12996214883631035,0.863025261495151,0.11216061748392848,0.15320801682701946,0.8331570810627784,0.12764634409501657,0.19864965822043845,0.7826932430443442,0.15548174522220554,0.2496257301077168,0.7125653883249202,0.17787465531009694
59122.3246492986,0.13049432749946532,0.8627257682076177,0.11258081893871268,0.15363983639812057,0.8328243327452101,0.12795499423134798,0.19895749911638047,0.7823408752696059,0.15565258400016094,0.250050614783509,0.712261428542338,0.17810140809359196
59322.70541082165,0.13084661857775842,0.8624270149502101,0.1128456586763449,0.1540212699201149,0.8324931427429544,0.1282216510450573,0.1994306870487199,0.7819900041403028,0.15595280379093193,0.2505068488495794,0.711959103953227,0.17835063164109305
59523.0861723447,0.1310305582709908,0.862128527013314,0.11296518219590151,0.15425934698122518,0.8321630779099821,0.12836893298028026,0.1997405814940421,0.7816401619563444,0.1561252604682575,0.25093722166717614,0.711658484364103,0.1785816028422015
59723.46693386775,0.13153361550187592,0.8618309247628587,0.11335973748538401,0.154762054571493,0.8318336203032239,0.12873628013977012,0.20020808562058687,0.781291093795814,0.15642079420127428,0.25133608196104384,0.7113593987229683,0.17879028414119483
59923.84769539079,0.13190670244847807,0.8615332804262804,0.1136420140706506,0.1550500165442766,0.8315044283922468,0.12892477537885713,0.20051751528804115,0.7809424534629114,0.1565926403513297,0.2517589575702267,0.711061682926773,0.17901614806177543
60124.228456913836,0.1320779343119087,0.8612351456467233,0.11375015899383505,0.15538678367554382,0.8311751531242857,0.12915363371501037,0.20098321243734937,0.7805942183030983,0.15688633360457827,0.2522091682755867,0.7107651390883835,0.1792614845687629
60324.60921843689,0.1325293427100316,0.8609362232549047,0.11409931178322956,0.15582848471352195,0.8308455983254046,0.1294694106179473,0.2012893181212278,0.7802465741056098,0.15705530086814223,0.25263170606110735,0.7104697098488653,0.17948717490385876
60524.98997995993,0.13289621325519882,0.86063734014516,0.11437544349131827,0.15607059851049426,0.8305158891542113,0.12961911189277306,0.20175096791185387,0.7798998660375525,0.15734555284740137,0.25302676489189213,0.7101755017552209,0.17969340971459982
60725.37074148298,0.1330379954191806,0.8603381519812847,0.11445766312223246,0.15652479544184064,0.8301863014624841,0.12994474101503356,0.20205618906920875,0.7795546371406252,0.1575138391518646,0.2534475301198868,0.7098827123541369,0.17991802012096206
60925.75150300602,0.1334674990402068,0.8600389553412698,0.11478724844655139,0.15685319528778294,0.8298571066577545,0.13016573881154328,0.2025114906167597,0.7792110941517544,0.15779920018178806,0.25389168867545564,0.7095914966931736,0.18015938336517384
61126.13226452906,0.13384394560344048,0.8597396731137193,0.11507095004135236,0.15712458730307904,0.8295286858206747,0.13033935241563904,0.20281640216150174,0.778869413015657,0.1579674921014763,0.2543067823381402,0.7093018113284758,0.1803802613455593
61326.513026052104,0.1340044222499355,0.8594410793728369,0.11516890529921796,0.15760349112389163,0.829201401933169,0.1306850357894927,0.20326923315582454,0.7785295526060404,0.158251105147377,0.25469836494612225,0.709013571088777,0.18058459728092272
61526.89378757516,0.13442096397692102,0.8591437136074923,0.11548692617783088,0.15785822656062265,0.8288756081560192,0.13084483354286677,0.20357101996962396,0.7781914083770909,0.15841721873492257,0.2551169030718744,0.708726568694179,0.180808127330015
61727.2745490982,0.13485680246637893,0.8588476534203717,0.11582144834602415,0.15824271731429448,0.8285515409545445,0.1311122472755931,0.20402066317304765,0.777854481390075,0.15869838714533013,0.2555547188202432,0.7084406555868712,0.18104535253933163
61927.655310621245,0.1350475770663336,0.8585525154447438,0.11594543699501861,0.1586523006146501,0.828229221895137,0.13140047148994502,0.20432279323372457,0.7775183822088605,0.15886472764348103,0.2559627302471609,0.7081558257381528,0.18126149859637028
62128.0360721443,0.13544005863907332,0.8582591537985551,0.11624267011799776,0.15888055298242487,0.8279085309882506,0.1315385652222803,0.2047672058991825,0.7771828122746032,0.15914155294233936,0.25635098975776893,0.7078722111741255,0.1814637419565075
62328.41683366735,0.13588837068090848,0.8579676205030542,0.11658782204713604,0.15932912511151429,0.8275891385473154,0.13185905339653556,0.2050699133659061,0.7768477887554827,0.15930810873858256,0.2567672428251862,0.7075899864577795,0.18168592987347487
62528.797595190386,0.13607812305372188,0.8576773512998883,0.11671112415057645,0.159639479461727,0.8272707243038193,0.1320650678017876,0.2055116760987654,0.7765132594560423,0.15958254146372675,0.2571987169903048,0.7073092105777326,0.18191902147601813
62729.17835671343,0.13642613635521178,0.8573878611920887,0.11697011326029527,0.15996138090118597,0.8269530217486659,0.1322805472993251,0.20581183095567782,0.7761794606971033,0.1597469159562614,0.2576000405262224,0.7070298989401184,0.1821309306202254
62929.55911823649,0.13684244300583434,0.8570994001644106,0.11728757581733315,0.16039919929208776,0.8266357226170862,0.13259170801401698,0.20625092534398312,0.7758467166664392,0.16001910323754417,0.2579854171263496,0.7067518958884358,0.1823316826656165
63129.93987975953,0.13702983949950143,0.8568117353469774,0.11740877457588561,0.16061332233523212,0.8263185810405952,0.13271777260826476,0.20655029587820303,0.775515493284672,0.16018295459607956,0.258398999148549,0.7064750203294807,0.18255243817658864
63330.32064128257,0.1373457338408311,0.856524232933193,0.11763994932466434,0.16103051584624664,0.8260013899178824,0.1330114299081933,0.20698372531990705,0.7751859235260725,0.16045087026697907,0.2588242192412618,0.7061991729815831,0.18278144957578304
63530.701402805615,0.13777789557520712,0.8562362686502066,0.11797043120979316,0.1614101998158484,0.8256840169945967,0.13327382216785022,0.20728256439174966,0.7748580971741164,0.1606145734219624,0.2592190565963706,0.7059243881576818,0.18298905392660442
63731.082164328654,0.1379799381493866,0.8559480020644749,0.11810365238394728,0.16166418459280835,0.8253667119949865,0.13343223648471678,0.2077130147735857,0.7745319013934719,0.16088035627675565,0.25960171646665786,0.7056508057436863,0.18318816039714111
63931.4629258517,0.13828634101071025,0.8556598226115874,0.1183260660188298,0.1621056605996684,0.8250496011278557,0.13374521061832398,0.20800927120270898,0.7742071829163705,0.16104227187833664,0.26001249192768155,0.705378531607876,0.18340722975565274
64131.843687374756,0.13874954770070316,0.8553713182638424,0.11868238352526235,0.16236641957173445,0.8247330232291061,0.13390894808428205,0.20843728588135102,0.773883450374234,0.16130616598450054,0.2604313808683973,0.70510767134744,0.18363216450991385
64332.224448897796,0.1389821834228932,0.8550822888261234,0.11884120350729963,0.16271864236328273,0.8244174652847142,0.13414809069170747,0.2087327510842351,0.7735603585157175,0.16146738176269293,0.2608202594347132,0.7048381560549871,0.18383607072174663
64532.60521042084,0.13928240220464444,0.8547932184420196,0.11905765285284386,0.16313311889191434,0.8241034015921833,0.13443855819116868,0.20915648887121102,0.7732376968156447,0.16172768172882224,0.26120040156535007,0.7045698285676991,0.18403392215271286
64732.9859719439,0.1397396139420088,0.854504968326076,0.1194081943854143,0.1633608236363059,0.823791078158821,0.13457518903226545,0.20945330257834988,0.7729155732502094,0.16188971943149486,0.26160829090466714,0.7043025387906704,0.1842513834528453
64933.366733466944,0.1399908825432435,0.8542172557546676,0.11958262751676345,0.16378284730957554,0.8234804081410813,0.13487196594899767,0.20987505003302817,0.7725940220401458,0.16214820903089408,0.2620209399905584,0.7040362307997017,0.18447223498154758
65133.747494989984,0.14025588750934148,0.8539303452147187,0.11976875843924872,0.1640992744006629,0.8231712290184946,0.13508180138943687,0.21017104114820692,0.7722733226428413,0.16230948827083108,0.26240414629785846,0.7037709265917281,0.18467240918155522
65334.12825651303,0.14069213527833752,0.853644541052458,0.12010107324936677,0.1643833238103645,0.8228633009403596,0.13526500445014455,0.21059172757326097,0.7719538007881231,0.1625670845147158,0.26278198818148296,0.7035068111480643,0.1848689185327034
65534.509018036086,0.1409326185730311,0.8533603413333688,0.12026630749048729,0.16482855112420775,0.8225563093229362,0.13558076468377522,0.2108881535023174,0.7716358541181271,0.1627288604511554,0.2631866585678228,0.7032440014048925,0.18508443888761894
65734.88977955912,0.14116810785999334,0.8530776016269279,0.12042735087941459,0.16507177283952548,0.8222499324737155,0.13573025407061634,0.2113057689427822,0.7713195140378107,0.1629842630143327,0.2635931281255233,0.7029825158994952,0.18530136038349837
65935.27054108217,0.14159621198195585,0.8527961295343355,0.12075270153493525,0.16543446352371927,0.821943873228075,0.13597784371409452,0.2116035727294837,0.771004752822746,0.16314736028870555,0.2639709014695342,0.702722261429625,0.1854982288322878
66135.65130260521,0.14184805113671756,0.8525155635465337,0.1209276712527963,0.1658050728077465,0.8216379919396265,0.13623174707516042,0.21201894369575056,0.7706913808566858,0.1634011724846539,0.2643464931274023,0.7024630891727541,0.18569365417425926
66336.03206412826,0.14208024018928445,0.8522364311531272,0.12108595683629489,0.16605163793187572,0.8213321739210281,0.13638355276573494,0.21231571851591285,0.7703790964561245,0.16356359139372179,0.26474797746676837,0.7022048836478807,0.18590732271306382
66536.4128256513,0.1425151986009399,0.8519580110137585,0.12141696513928753,0.1664865723581702,0.8210263418885321,0.13668986147678888,0.2127297565583177,0.7700677134279552,0.16381631721094927,0.2651482711221087,0.7019475852919344,0.18612018865849533
66736.79358717435,0.14282267541481763,0.8516797694337827,0.12163918326720786,0.1667593738673687,0.8207205792692475,0.13686284991900385,0.21302574407368954,0.7697568502269707,0.16397802577542003,0.2655211440225612,0.7016913248099524,0.18631388331424517
66937.1743486974,0.1430504496420287,0.8514014009220645,0.12179335322775448,0.1670641583952068,0.8204150871744176,0.13706195607352428,0.21343602434984849,0.7694463948747271,0.1642275794723854,0.2658945299264897,0.701436228839494,0.1865080563406869
67137.55511022045,0.14347820813142978,0.8511234163967284,0.12211766268330337,0.16748898988702446,0.8201102300110342,0.13735943402056341,0.21373229885331563,0.7691364091310199,0.16438929285535717,0.2662925708051363,0.7011823798915605,0.18671965854458736
67337.9358717435,0.14380589839089047,0.8508451953736212,0.12235655771227633,0.16772379577985808,0.8198063709105763,0.1375010363336321,0.21413976892794218,0.7688272370013971,0.1646364868769874,0.266686776230435,0.7009297633481392,0.18692869895127695
67538.31663326654,0.14401469030913955,0.8505664681455037,0.12249406649731333,0.16810834779952738,0.8195036572669563,0.13776540583881816,0.2144348441470883,0.7685190408543422,0.16479726074967066,0.2670549146097545,0.7006782731121974,0.18711957639488813
67738.69739478959,0.14440704571677457,0.8502872817769471,0.12278747437195559,0.1684361318257544,0.8192023726738485,0.13798327883566314,0.2148406030142974,0.7682120884938237,0.16504314833488587,0.2674262160342949,0.7004277757401246,0.18731274967149922
67939.07815631264,0.14472911720852039,0.850008375528084,0.12302096181002807,0.16870259994286604,0.8189025102276246,0.13815098257513972,0.21513473457730173,0.7679065606578426,0.1652033741072936,0.26782065049552417,0.7001781492468202,0.1875221673940356
68139.45891783567,0.14492129247994875,0.8497297503761752,0.12314393368317952,0.16913255624210702,0.8186040280542853,0.13845259181490677,0.2155372497251906,0.7676026372552975,0.16544696131580994,0.2682089148437609,0.699929451504247,0.18772731865514286
68339.83967935872,0.1452896401617452,0.8494514393158568,0.12341649395307737,0.16937673879756443,0.8183068072350643,0.1386021383453224,0.21583223917153888,0.7673001105751335,0.16560810098200043,0.2685727587004776,0.6996817763833006,0.18791546489571373
68540.22044088176,0.1456343170075176,0.8491733933149233,0.12366878715637497,0.16971093760439243,0.8180106081704088,0.13882534728293935,0.2162319133377164,0.7669987619872872,0.16584960983217087,0.2689419425546549,0.6994352334230333,0.18810747036795908
68740.60120240481,0.1458203612027719,0.8488967219081561,0.12378642661249634,0.17009403165196238,0.8177151334519265,0.13908846379166062,0.21652603780779162,0.7666983063002716,0.1660101464571424,0.2693327864314114,0.6991898737647239,0.18831475694567987
68940.98196392786,0.1461879840463034,0.8486213759922335,0.12405824817490467,0.17032896685309884,0.8174200375495473,0.13923031048083565,0.21692393312381147,0.7663986041249095,0.16625019954737433,0.26971516703992426,0.6989456556434971,0.1885162442637152
69141.3627254509,0.14656745668502616,0.8483470672556911,0.12434007203386747,0.17073795261374977,0.8171250873955149,0.13951426445124157,0.21721692410064947,0.7660993632647582,0.16640974724383686,0.27007492026843133,0.6987024685737859,0.18870201349142138
69341.74348697395,0.14676756277384964,0.8480738612833397,0.12446973367276362,0.1710352365504595,0.8168301192940906,0.13970673267500483,0.21761146496527034,0.7658005514410656,0.16664697987030216,0.2704420088716469,0.698460162870379,0.18889296956348298
69542.124248497,0.1471206936832079,0.8478022594613546,0.1247292565181455,0.17131016123539175,0.8165350432344479,0.13988074991084085,0.21790417136218512,0.7655022850470263,0.1668061410990315,0.2708290038293955,0.6982187279088048,0.18909788253456936
69742.50501002005,0.14751345439233146,0.8475316770308254,0.12502232538574287,0.17171128493155616,0.8162400049683263,0.14015762006565108,0.21829509605783856,0.7652049107268628,0.1670404794910503,0.27120574962465094,0.6979782018837708,0.189295701463554
69942.8857715431,0.14772090388289047,0.8472618043245813,0.12515827956027584,0.171954662715279,0.8159453110833976,0.14030560076145904,0.21858619343769736,0.764908578446274,0.16719845449041137,0.2715617150092682,0.6977386810882467,0.1894791128646291
70143.26653306614,0.14803672069587878,0.8469924056196063,0.12538597818224012,0.17232409783396083,0.8156513496115323,0.1405563829688599,0.21897475825571205,0.7646135112359128,0.16743105878193518,0.27192681136194313,0.6975002531987109,0.18966901977647344
70343.64729458919,0.14842655178226563,0.8467235089813928,0.12567625075108835,0.17266233038656195,0.8153584033522342,0.1407816820230631,0.2192638997375587,0.7643198266568006,0.16758774583950498,0.27230990860526655,0.6972629402025056,0.18987160752038373
70544.02805611222,0.14862020938545795,0.8464548159809673,0.12580029198642062,0.1728936486615282,0.815066598399128,0.14091983809936573,0.2196489210724438,0.7640276212133857,0.16781784266906596,0.2726811369824302,0.697026681621996,0.19006602805177625
70744.40881763527,0.14890891299507272,0.8461858419634919,0.12600461391860396,0.17330558022024076,0.8147760526647008,0.1412052365566134,0.21993758492289503,0.7637366373556256,0.16797439153712918,0.2730335735808077,0.696791336371549,0.19024742860967067
70944.78957915831,0.1492976008171832,0.84591650313386,0.12629330440954656,0.17358206046165903,0.8144868091197996,0.1413802985458568,0.22031925105722217,0.7634466392305859,0.16820199177743597,0.2733965770851161,0.6965568501299535,0.1904362585707195
71145.17034068136,0.14950241350996582,0.8456471192659615,0.12642628530801114,0.17388799145247844,0.814198829743399,0.1415793991470381,0.2206070741433742,0.7631573694925534,0.16835791439470615,0.2737756271718441,0.696323201987955,0.1906363213385591
71345.55110220441,0.14977745175019772,0.845377759030673,0.1266185265139069,0.17426270229103624,0.8139119833985988,0.14183450165409686,0.22098678004576433,0.7628687381933071,0.16858390605091414,0.27414155233552556,0.6960904458859315,0.1908273154010974
71545.93186372746,0.15018707016396282,0.8451082707805285,0.12692433515986054,0.1744882652525935,0.8136259433281702,0.14196817941583736,0.22127344532531262,0.7625805336660427,0.16873882202230084,0.2744906169004737,0.6958586725411254,0.19100667630135826
71746.3126252505,0.15042814291879356,0.844838887329804,0.12708754488660226,0.17487108888027722,0.8133406377567918,0.14222976295510928,0.22165067964990964,0.7622927892332817,0.1689627148257822,0.2748515700857045,0.6956279476493946,0.19119443360693236
71946.69338677355,0.15068676926812977,0.8445700734467925,0.12726553578824423,0.17518254966324973,0.8130557920848757,0.14243318667590157,0.22193768035180028,0.7620056649417611,0.16911776969210562,0.27522654538471014,0.6953982677435162,0.19139206289755967
72147.0741482966,0.15110478304932304,0.8443020682211447,0.12757808084665082,0.17544090165645893,0.812771132787622,0.14259330037660192,0.2223122195684728,0.7617193963159427,0.1693395296833544,0.2755873822420223,0.6951695294144538,0.19157995082574783
72347.45490981964,0.15135972175804913,0.8440350107815838,0.12775290438595252,0.17583667777243034,0.812486480736291,0.14286492350768315,0.22259884165859237,0.7614343419700194,0.1694944025215988,0.27593333910773954,0.6949416671514985,0.1917575747022123
72547.83567134269,0.15159427712662496,0.8437690782700008,0.12791056348213942,0.17607849676053489,0.8122017877998952,0.14301126986202448,0.22297174405107523,0.7611505485988938,0.16971506530652802,0.27629213929326796,0.6947146147610846,0.1919441871106386
72748.21643286574,0.1519891755780861,0.8435040941852444,0.1282034918719556,0.1764115334940932,0.8119172103483578,0.14323156014780003,0.2232573836663995,0.760868055812998,0.16986941145614995,0.27666292282673915,0.6944883743833706,0.192139183526094
72948.59719438877,0.1522468913490595,0.8432404931693882,0.1283807437446872,0.1767673265997188,0.8116329783405271,0.14347019176142245,0.22362805400858887,0.7605867775842827,0.17008854097583656,0.2770187599972765,0.694263010080584,0.19232387816450006
73148.97795591182,0.1524582434899787,0.8429780955590429,0.1285189597494591,0.1769996046056803,0.8113493522857157,0.14360851455164647,0.22391351994498626,0.7603066531399554,0.17024293894215914,0.2773617723723436,0.6940386018450225,0.19249977670255874
73349.35871743486,0.15284154949861495,0.8427165257072678,0.1288020995771882,0.17737886897774033,0.8110665790900949,0.14386607246464603,0.22428138937734185,0.7600273380091755,0.17045998733346052,0.27771840097957523,0.6938151926439338,0.19268524587640923
73549.73947895791,0.1531165263908022,0.8424555190960407,0.12899386272274588,0.177654984225277,0.8107848315253712,0.1440399664547337,0.22456638669197,0.7597486140228147,0.17061400104533567,0.2780849839789199,0.6935927305794833,0.19287772337109094
73750.12024048096,0.15331522721097446,0.8421951759931189,0.12912134476337164,0.17794160312916904,0.810504280434473,0.14422243100356372,0.22493260824268374,0.7594703399504672,0.1708296444480163,0.27843607304251333,0.6933711674686792,0.1930595450308819
73950.501002004,0.15370589009660415,0.8419351345889713,0.12941038926560205,0.1783233042531779,0.8102250097700209,0.14448200093075347,0.2252165728795051,0.759192611704429,0.17098275816351236,0.2787763778986691,0.6931504180726056,0.19323396288922917
74150.88176352705,0.1540077933961458,0.8416750516223903,0.12962451745695142,0.1785477716060074,0.8099469893207936,0.14461423006222238,0.22558077678812366,0.7589154103850925,0.1711967277911468,0.27913070352661584,0.6929304395694554,0.19341816109202925
74351.2625250501,0.1542090408817566,0.8414146964007115,0.12975375331576813,0.17889549801513552,0.8096700843403054,0.1448463329660157,0.22586481794756846,0.7586389164385399,0.1713498407493314,0.2794930885077545,0.692711252519232,0.19360800741067521
74551.64328657315,0.1545909458098553,0.8411544365609652,0.13003485992011554,0.17922405623781915,0.8093940584686962,0.14506288625355027,0.22622669678270682,0.7583633430486483,0.17156203405898643,0.27983956049991177,0.6924929236907889,0.1937869154149293
74752.0240480962,0.15491132860496576,0.8408941402769895,0.1302640284864389,0.17946891996754308,0.8091186772830496,0.14521165513755596,0.2265108667696322,0.7580889860539618,0.1717153933195945,0.28017725366219975,0.6922755198010824,0.19395985391543905
74952.40480961924,0.15510570188640135,0.8406335595802796,0.13038705828796326,0.17984514575036958,0.8088436658556905,0.14546660697507988,0.2268712290340702,0.7578158393493231,0.17192661085466643,0.2805292116867323,0.6920590371017825,0.19414277611884206
75152.78557114229,0.15546279177363098,0.8403728163916828,0.13064670416692,0.18009437926161656,0.8085687823120823,0.14561869294081564,0.2271547440720494,0.7575438854289166,0.17207968741795146,0.28088734501488394,0.6918434629312027,0.1943300734686488
75353.16633266534,0.15578453285358476,0.8401127605388723,0.13087657394488375,0.18040266769177796,0.8082938116590851,0.1458183599020545,0.2275134337848767,0.7572729970041548,0.17228977986097993,0.2812294744455467,0.6916287203847928,0.19450638154526126
75553.54709418838,0.1559624100761594,0.8398533570458461,0.13098555367542336,0.18076227479567483,0.8080189279567128,0.1460593394954179,0.2277969255175449,0.7570030918041938,0.17244297692027113,0.28156473577229424,0.6914147398582495,0.19467800853725759
75753.92785571143,0.1563005524248253,0.8395944316893696,0.13122907348585572,0.18098478500224738,0.8077442916970228,0.14618942696957826,0.22815314759936836,0.7567338596054882,0.17265121196401065,0.28191432988350146,0.6912014987011762,0.194859607320814
75954.30861723449,0.15662526728912018,0.8393362009107348,0.13146125681307852,0.18134429404228133,0.8074700434064042,0.14643008498182464,0.2284362768710252,0.756465136958644,0.1728040794695628,0.28226824368351033,0.6909890312764615,0.19504426026297697
76154.68937875752,0.15680531642397816,0.8390794509154618,0.13157211880565683,0.18163428599141668,0.8071963119757879,0.14661452578062706,0.22879055737926277,0.7561968445975408,0.1730106975639111,0.28260614488304225,0.6907774022671783,0.19521793862704975
76355.07014028057,0.157134682494826,0.8388237879065875,0.1318083095818089,0.1818958872923506,0.806923297868712,0.14677602924269909,0.2290724926703841,0.7559291182513463,0.17316256739996144,0.2829390751721984,0.6905666398110496,0.19538828641291103
76555.45090180362,0.15748717103518334,0.8385689949864044,0.13206385873822565,0.1822723003156235,0.8066511998978093,0.14703016975773153,0.2294246155033909,0.7556619767593287,0.1733674584685413,0.2832861642422678,0.6903567709398876,0.19556852159823865
76755.83166332667,0.15767943474077872,0.8383151683049515,0.13218506187294551,0.18250731093687864,0.806380199283915,0.14717028176405164,0.22970571663150574,0.7553956021715221,0.1735186881370973,0.28363583485891936,0.6901477465428661,0.1957506322666877
76956.21242484971,0.15799700541117145,0.8380623381234348,0.13241133977138733,0.1828248145631116,0.8061103857538992,0.14737698179285497,0.23005500718658942,0.7551301831545026,0.1737214797124197,0.2839698039052191,0.6899394941459167,0.19592198285908202
77156.59318637276,0.15836533311840403,0.8378101117045954,0.13268007743006555,0.18314861195773827,0.8058417513374397,0.14758879821504498,0.2303354838959373,0.7548659609441377,0.17387241639063966,0.2843004707219511,0.6897319609187562,0.19609112116117675
77356.97394789582,0.15855878915627575,0.8375581549427926,0.13280220689569358,0.1833857805803679,0.8055742148740187,0.14773085621008894,0.2306825683759936,0.754602883503302,0.17407373127047238,0.2846450718124455,0.6895251421941595,0.19626993361634323
77557.35470941884,0.15885481007440957,0.837306362143948,0.13301014313247167,0.1837574506730831,0.8053075574971263,0.14798126377343923,0.23096181330095036,0.7543408860328213,0.17422393888518595,0.28499053263112767,0.6893190803967403,0.19644941187506612
77757.73547094189,0.15921465064979504,0.8370548329649413,0.13327139280523567,0.18401557136308305,0.8050415081714863,0.14814017309717414,0.2313068510732004,0.7540798170805353,0.17442382794675357,0.28532075764703035,0.6891138132705912,0.1966184753073993
77958.11623246493,0.15940552112407677,0.8368030952455247,0.1333910334758533,0.18428786499917665,0.8047758016192492,0.14831041428341238,0.23158543087366612,0.7538194826581913,0.17457360969236133,0.285649263016985,0.6889093983713778,0.1967864619302586
78158.49699398798,0.15967779103597476,0.8365510903050323,0.1335786301886438,0.1846462752852228,0.8045102497954225,0.14854982105350895,0.23192797693018263,0.7535598185520975,0.1747716042126635,0.28599121237838876,0.6887058226356001,0.19696381318761086
78358.87775551103,0.16004000597304138,0.8362990527646629,0.13384130539970548,0.18487858125220127,0.8042448030078679,0.14868763815955072,0.23220622153171405,0.7533005985310919,0.17492108566248352,0.2863325146536053,0.688503031741931,0.19714080442529813
78559.25851703409,0.16023576957463753,0.8360471714216511,0.13396466191344716,0.18521549841997875,0.8039794709827613,0.148909458437503,0.23254672696335935,0.7530417976989777,0.17511740532150147,0.28665908914508326,0.6883009616502219,0.1973077267243375
78759.63927855712,0.1604966177704299,0.835795378324582,0.13414233136925227,0.1855097629034194,0.8037143368392474,0.14909685606912773,0.23282395512412563,0.752783489957584,0.17526602948406722,0.28698550271920886,0.6880995754981045,0.19747460259519775
78960.02004008017,0.16087451471608427,0.8355438217194837,0.13441770684314439,0.18575046933491404,0.8034495248246616,0.14924112632309455,0.2331625889219424,0.7525259334002297,0.17546089486249875,0.2873247328647417,0.6878988618750673,0.19765035672621356
79160.40080160322,0.16108584700546463,0.835292921928523,0.13455386782652556,0.18611549538640076,0.8031851920380464,0.14948520990318243,0.23343909387439724,0.7522692011189694,0.17560904065882893,0.287661930061084,0.6876988901143434,0.19782479003115733
79360.78156312626,0.1613417306103611,0.8350427283196397,0.13472723892068827,0.18635870134556265,0.8029214448474037,0.14963139774426495,0.233775300497453,0.7520134441785045,0.17580216889095446,0.2879851224304074,0.6874997098677167,0.19798968811712397
79561.16232464931,0.16172307505511058,0.8347934790091454,0.1350053684613129,0.18665615743005415,0.802658608606847,0.14982117161070785,0.2340512136544744,0.7517587448314974,0.1759500466031763,0.28830948485629593,0.6873013406315477,0.1981554954585231
79761.54308617236,0.16194941843746222,0.8345453177814159,0.13515412887440742,0.18698734735218425,0.802396825941259,0.15003805400656833,0.23438527960417038,0.7515051985618064,0.17614175608889657,0.28864600951347463,0.6871037576453657,0.1983297577660484
79961.92384769539,0.16218717142190966,0.8342980347825616,0.13531243838424167,0.18721072879090814,0.8021361507871125,0.1501684933783891,0.23466015676492516,0.7512526062010346,0.17628905434119338,0.2889791547227548,0.6869069052098474,0.19850177684076517
80162.30460921845,0.16255922668197137,0.8340516620200009,0.1355827931907843,0.18755872650409736,0.8018765433235492,0.15039894327927253,0.23499243114014107,0.7510008022573575,0.1764795043106528,0.28929905021503943,0.686710729637976,0.19866476185674317
80362.68537074148,0.162785857771859,0.8338063247632709,0.1357318777921903,0.18783299049863517,0.8016179158187613,0.1505702903655211,0.23526649991635146,0.7507496082830922,0.176626232654335,0.2896214066245832,0.6865151893605923,0.19882949481175682
80563.06613226453,0.16300260133297836,0.8335617504357783,0.13587273369270278,0.18809105656189978,0.8013600797427769,0.15072866408534716,0.23559658676445877,0.7504989937972572,0.1768150013087945,0.2899550751060174,0.6863203268145305,0.19900206190829361
80763.4468937876,0.16336563252297423,0.833317647194977,0.1361354645265641,0.1884377050503715,0.8011028141702315,0.15095797581163267,0.23587041446773896,0.7502487989270255,0.17696149515684084,0.2902842732466064,0.6861261879078595,0.1991716418122975
80963.82765531063,0.16359765425016018,0.8330737932013833,0.13628891838502935,0.18866458777914694,0.8008459336129707,0.1510912679396972,0.2361987308885431,0.7499990494747025,0.17714882365353837,0.2906011041532313,0.6859328119280449,0.1993328325212206
81164.20841683369,0.1638059508977431,0.8328301441460922,0.1364225336981551,0.1889833275612909,0.8005893040739203,0.1512980306938676,0.23647197307336623,0.7497498470530047,0.17729482564407859,0.29092150560045726,0.6857402045120801,0.1994965727474198
81364.58917835672,0.16416908991090473,0.832586593832421,0.13668498338148863,0.18929062854846757,0.8003328636619634,0.15149551081056806,0.23679885848349166,0.7495014396037929,0.17748108532991183,0.2912523399199574,0.6855483324619198,0.19966755595775904
81564.96993987977,0.16442725792280843,0.8323428943279246,0.13685985976587456,0.1895168657064442,0.8000765542487364,0.15162800088643238,0.23707171811590086,0.7492538845115823,0.17762690570617357,0.291577633497486,0.6853571426086749,0.19983481374243645
81765.35070140283,0.16463107910710695,0.8320989519423848,0.13698934838216753,0.1898639009144945,0.7998203847683794,0.15185701828305645,0.2373969116421418,0.7490072901605106,0.1778120174815548,0.29189156471289174,0.6851665737963679,0.19999434331439284
81965.73146292586,0.164992309473635,0.8318552287115115,0.13724971533283112,0.19011880507342574,0.7995644774883404,0.1520122430392413,0.23766968711987096,0.7487616904402022,0.17795795669426853,0.29220998871636533,0.6849766383540286,0.20015701576440453
82166.11222444891,0.1652679775749515,0.8316115426790196,0.13743875778654704,0.1903955334882746,0.7993090162410531,0.15218486656920324,0.23799319241053785,0.7485171326734052,0.17814198197892583,0.29253787723737956,0.6847873640414529,0.2003262418356673
82366.49298597194,0.1654628754459365,0.8313678900532275,0.13756052164162821,0.19072312555176704,0.7990542266918439,0.15239811960001867,0.23826543143500106,0.748273407321239,0.1782876862267333,0.2928593915520776,0.6845987935160263,0.20049118612638983
82566.87374749499,0.16580797730983626,0.8311245662756501,0.1378070832266805,0.1909424516294297,0.7988002901792218,0.15252488576912046,0.23858754099057908,0.7480303574683842,0.17847072357468563,0.2931704978579667,0.6844109548931577,0.20064910038547346
82767.25450901804,0.16608693542260797,0.830882147800549,0.1379986696255476,0.19127163195857308,0.7985473419291554,0.15273945328697022,0.23885913235571496,0.7477878344178779,0.17861595331521335,0.29348699370220754,0.6842238422414308,0.20081079847881106
82967.6352705411,0.1662710735231126,0.8306404408716763,0.13811147781544517,0.19155540753262207,0.798295457595756,0.15291781171119606,0.23917935800705617,0.7475458373345337,0.178797533454521,0.29381194728377524,0.6840374173384443,0.20097836560317275
83168.01603206413,0.16659723516765693,0.830399333734061,0.138342233085159,0.19179537836884136,0.7980445944765544,0.1530612649528393,0.23945056267674744,0.7473042530950428,0.17894242389433448,0.29412978619056984,0.6838516146449737,0.20114112920160207
83368.39679358718,0.16688627564459285,0.8301591895795717,0.13854217534106822,0.19213550004743862,0.7977945137061905,0.15328464782604204,0.23976893906717298,0.7470631392408298,0.17912253631196548,0.2944382687688804,0.6836664220355466,0.2012975577195611
83568.77755511024,0.16706467016116985,0.8299202320596967,0.13865034982913477,0.19236717593283675,0.7975451569034209,0.15342150951242225,0.2400394250727893,0.7468226148866929,0.17926687110875889,0.29475278575312314,0.6834818427484196,0.20145817716177472
83769.15831663327,0.16738369438755465,0.8296821282970314,0.13887525980168622,0.19266044231938959,0.7972963436490476,0.15360746622705754,0.24035626449840927,0.7465828226184408,0.17944585838324692,0.29507472704345805,0.6832979083836187,0.2016239438056621
83969.53907815632,0.16769083299616608,0.8294446910958608,0.13909027117411257,0.19297464653698293,0.797047932498295,0.1538100430468915,0.24062601349737353,0.7463439861045043,0.179589778074066,0.2953889349844441,0.6831146561890863,0.20178451076395887
84169.91983967938,0.16787505530601723,0.8292077653656396,0.1392032994709357,0.19319689149491634,0.7967997890535348,0.153939242388948,0.2409410201558818,0.7461060820548747,0.17976756055480958,0.29569487415311735,0.6829321033172765,0.2019395223455258
84370.30060120241,0.1681856691133281,0.8289715181672479,0.13942112945885002,0.19352440319778963,0.7965518279072341,0.15415221711185592,0.24121038810218437,0.7458691043541733,0.1799113761346988,0.29600744546038127,0.6827502343722074,0.2020991527639937
84570.68136272546,0.16850504056424473,0.8287355140975141,0.13964611142003183,0.19377938765538733,0.796304000943509,0.15430730169036813,0.24152362050026538,0.7456329723706614,0.18008797505133647,0.2963263481491865,0.6825689935641078,0.20226317722271767
84771.0621242485,0.16869603768676686,0.8284994977295144,0.13976458249244558,0.19403969718171712,0.7960563357473522,0.15446653032800356,0.24179240245343195,0.7453976538345846,0.18023148950381582,0.2966370879097109,0.6823883560740373,0.20242169476929728
84971.44288577154,0.16898643303606375,0.8282635528129407,0.13996530340363628,0.19437332947057478,0.7958089608356358,0.15468403734014077,0.24210407240569762,0.7451629096667377,0.18040697503599618,0.2969406386211116,0.6822083027124601,0.20257536908006252
85171.82364729459,0.16930757494619245,0.8280276181695506,0.14019134802075842,0.19459199134005928,0.795562034332487,0.15481000049530724,0.24237207681828501,0.7449286195030722,0.18054989659033763,0.2972512086189079,0.6820288453005459,0.20273389857854543
85372.20440881765,0.16949499830230746,0.8277915340128599,0.14030652465217416,0.19489309949286784,0.7953157352006833,0.1550015487087101,0.2426820040615151,0.7446947257240274,0.1807240084527473,0.2975670905817813,0.6818500163547454,0.2028961255798216
85572.58517034068,0.16976531082683666,0.8275554168936061,0.14049020257537542,0.1951828686129737,0.7950702162525453,0.15518408555690913,0.24294947683633658,0.7444613458400977,0.1808664944967268,0.2978744210999064,0.6816718460810665,0.20305260653150217
85772.96593186373,0.17008558900880608,0.8273195274484737,0.14071512912456074,0.19541621564381617,0.7948255943517792,0.15532180974507165,0.24325744706228877,0.7442284759750644,0.18103911909675208,0.2981756521763443,0.6814943415361,0.20320501974201494
85973.34669338679,0.1702767328805842,0.827083936620194,0.1408331505456988,0.1957463491493467,0.7945819449394771,0.15553651482188985,0.2435240835162727,0.7439962406156154,0.18118100263547005,0.298484192416785,0.6813174660738395,0.20336249364050027
86173.72745490982,0.1705351820038512,0.8268486220770943,0.14100678025555086,0.1959812674136772,0.7943392386273501,0.15567561074260344,0.24383038446211355,0.7437647648777012,0.18135244856950336,0.29879700908231754,0.6811411954629912,0.20352295196709602
86374.10821643288,0.17086396509974883,0.826613957716207,0.14123853842218725,0.19625145012288317,0.7940973835163818,0.15584276305387723,0.24409606418449414,0.7435342296315314,0.1814937790395067,0.29910109394575934,0.6809654963876647,0.20367752490886754
86574.48897795592,0.1710720868264845,0.8263800584455648,0.141370561110075,0.1965661485370892,0.7938562486877304,0.15604526529664883,0.2444004812385957,0.7433045785525989,0.18166399670510675,0.2994001330738437,0.6807903595961222,0.2038287242584689
86774.86973947896,0.1713198534997882,0.8261469879214588,0.14153538093999563,0.19678524117347776,0.7936156876717194,0.1561718544975347,0.2446654380342445,0.743075768099387,0.18180495829466922,0.2997066780754969,0.6806158029096846,0.20398510133574868
86975.25050100202,0.17165565260012763,0.8259148531398411,0.141772953107858,0.19709889368404898,0.7933755534525663,0.15637344386147087,0.24496797437346143,0.7428476965731483,0.18197389549751586,0.30001645039407326,0.6804418573843556,0.20414375075200458
87175.63126252506,0.17187532245542952,0.8256836158086979,0.14191463771328494,0.19736333634945788,0.7931356724131194,0.15653590248522392,0.24523225309352378,0.7426203263911986,0.18211445583396166,0.3003173528686504,0.6802685455247995,0.2042964488318148
87376.01202404809,0.17210946378883007,0.8254530797327233,0.14206828693563742,0.19760251239447327,0.7928958064268408,0.15667820341698568,0.24553318293619952,0.7423934517475811,0.18228222719857545,0.30061427618789943,0.6800958525463036,0.20444652245159942
87576.39278557114,0.17243725138158422,0.8252232198541876,0.14229922380791687,0.19792715693307744,0.7926560569129422,0.15688815977056228,0.24579665636078066,0.7421669911516008,0.18242216488640456,0.3009187444480044,0.6799237651399715,0.2046018057262801
87776.77354709418,0.17266097732578722,0.8249939703251131,0.14244426520421555,0.1981527985270634,0.792416482278505,0.15701954356245693,0.24609605204779395,0.7419409250815114,0.18258873251524801,0.3012254536885826,0.6797522471121376,0.20475867903218714
87977.15430861723,0.17287910650243832,0.824765168125552,0.14258466533987876,0.19843740160686238,0.7921772130350028,0.15719758776683182,0.24635908678870283,0.7417153887077405,0.18272832581916668,0.3015233404553756,0.6795812734301712,0.2049096156755832
88177.5350701403,0.17319781088586766,0.8245365700260696,0.14280792892385719,0.19872755002993658,0.7919383866700702,0.15737997535760365,0.24665683531820293,0.7414903974004861,0.18289367484164054,0.30181820653409297,0.6794108433666307,0.20505856224473204
88377.91583166333,0.17342975285063436,0.8243078659694528,0.14295950946791605,0.19894755149176094,0.7917001602170719,0.1575068083908213,0.24691935234239495,0.7412660687982959,0.1830329376210684,0.302120620784445,0.6792409783669917,0.20521270604646932
88578.29659318637,0.17363727521224914,0.824079328240792,0.1430908891144718,0.19926817391912655,0.7914626807079661,0.15771332310981312,0.24721574816007424,0.7410425043689556,0.18319737713598644,0.3024242977818083,0.6790717061385315,0.20536778387243987
88778.67735470943,0.17395642499302155,0.8238508320112231,0.14331414546419874,0.1995129519911155,0.7912260402567928,0.1578598429838739,0.24747762194563983,0.7408198429398285,0.18333633302089114,0.30271928069712645,0.6789030297802549,0.20551703683817857
88979.05811623247,0.17420312569291987,0.8236221952382468,0.1434775608005669,0.19976288041256268,0.7909902848356573,0.1580104976771243,0.2477725596983384,0.7405980022353309,0.18349986272132368,0.3030121722831084,0.6787349519798319,0.20566495220388012
89179.43887775551,0.1744091601351821,0.8233935688739012,0.14360738080800733,0.20007370610778752,0.7907553904800464,0.15820936159805357,0.24803390587114582,0.7403769167762576,0.18363857848485143,0.30331244597990414,0.6785674440470247,0.2058179512162348
89379.81963927858,0.17472539370613505,0.8231652197464246,0.14382786710539122,0.2002937202282007,0.7905212986580161,0.15833645182784256,0.2483272838551008,0.7401564794914657,0.1838010481798693,0.3036131011320374,0.6784004742634133,0.20597127180055982
89580.20040080161,0.17498631263639008,0.8229371557451691,0.1440027384153258,0.20059064631963433,0.7902879145690289,0.15852436356199748,0.2485880655374659,0.7399365707468635,0.18393940074238907,0.30390523276228715,0.6782340256842373,0.20611886944287117
89780.58116232466,0.17518857530449142,0.8227094337105737,0.14412929358132032,0.2008584679138718,0.7900550926708775,0.15868925548142446,0.24888001010258676,0.7397171851117816,0.18410082050367726,0.3041961980728262,0.6780681043760406,0.20626573938563986
89980.96192384772,0.17549255445832826,0.8224823529228985,0.14433952911133574,0.2010840982633622,0.7898226781629152,0.15882078102634353,0.24914013096340137,0.7394981869410095,0.184238675141681,0.30449435461961355,0.6779027332038766,0.20641755524178648
90181.34268537075,0.1757589428854998,0.8222561701261187,0.14451887524244633,0.20140093506713894,0.7895905160591921,0.15902426825446606,0.24943072280476675,0.739279587630234,0.18439904189741918,0.30479201971306286,0.67773792479993,0.20656911093591057
90381.72344689381,0.17595114765473321,0.8220306247081518,0.1446372318247366,0.20163150441634406,0.7893585157473682,0.15915954505399427,0.24969031818914972,0.7390614552620527,0.18453648992571797,0.30508146559554566,0.6775736971999553,0.20671517659075483
90582.10420841684,0.17624180680859558,0.8218058368325747,0.14483654552922284,0.20189734584371177,0.7891266671939032,0.15932257964094312,0.24997939802382887,0.738843979296415,0.1846957731780481,0.30537055668528024,0.6774100355741176,0.20686107966746378
90782.48496993989,0.1765106960324877,0.8215818832597526,0.14501799006186097,0.20219043434837392,0.7888950074229452,0.15950702420610893,0.25023859970096946,0.7386271842695196,0.1848330322926745,0.30566651293664326,0.6772469111431045,0.20701170172622546
90982.86573146295,0.17669972824468363,0.821358827226366,0.14513388156227092,0.20240392905516966,0.7886636289412822,0.15962861720062393,0.2505264087159562,0.7384111463524269,0.18499149265150586,0.30596122000169984,0.6770842975794692,0.20716153773140839
91183.24649298599,0.17698172711436233,0.8211363398273546,0.14532612761901115,0.20270732413804715,0.7884325275010952,0.15982104791314428,0.25078500312031465,0.738195890009251,0.18512845857937346,0.3062480303154113,0.6769221854102495,0.20730608595869257
91383.62725450903,0.17726372880671704,0.8209141187281574,0.14551829771583322,0.20296086837847568,0.7882019717232054,0.1599741566385685,0.251071511574064,0.73798146525478,0.1852861219951602,0.3065352915088882,0.6767605857033152,0.20745100342029163
91584.0080160321,0.17745702628595467,0.8206923011229773,0.14563761525306082,0.20319839951623245,0.7879721112709988,0.16011467187369358,0.2513296608914093,0.7377677112655302,0.18542290868899686,0.30682901917232586,0.6765995112603784,0.20760036441249696
91784.38877755513,0.17773159328078625,0.8204708249600464,0.14582358696055014,0.20350198462587463,0.7877430407755369,0.16030727217304305,0.2516147732592274,0.7375545185838324,0.18557961295978959,0.3071208131036255,0.6764389900322354,0.20774849263369535
91984.76953907816,0.17802620743196623,0.820249332888355,0.1460258778827142,0.20371787899591842,0.787514811343761,0.16043084704482183,0.25187239018296964,0.7373417838204701,0.1857160374726363,0.3074051446961249,0.6762790222364026,0.2078916506855352
92185.15030060122,0.1782213507004171,0.8200278243671894,0.14614646647064491,0.2039990930860142,0.7872874157472476,0.16060591881047032,0.25215609583064114,0.7371295231767954,0.1858717026857628,0.307690596692198,0.6761195893007586,0.20803563986723425
92385.53106212425,0.1784840321761351,0.819806400129404,0.14632235189889803,0.20427748690054712,0.7870607996613632,0.16077880219275825,0.2524130288809077,0.7369176421690788,0.18600761409567412,0.3079821238364221,0.6759606640352421,0.20818380093945205
92585.9118236473,0.17877945975198672,0.8195849218353968,0.1465249495466065,0.20449301822556581,0.7868348585087775,0.16090223506154594,0.2526953853245395,0.7367061785716864,0.1861622516651413,0.3082710350294646,0.67580222595986,0.20833025167186214
92786.29258517036,0.17897340637743805,0.8193634886569571,0.14664427462623694,0.20479394261625097,0.7866094305358485,0.16109284657856043,0.2529515926059286,0.7364952123048573,0.18629763689915513,0.30855298658910507,0.675644262388107,0.20847205503164337
92986.6733466934,0.17922042625629395,0.8191423017835934,0.14680703249021737,0.2050287352614304,0.7863843686616105,0.16123139253604843,0.25323236628839757,0.7362849198193643,0.1864511725083207,0.30883665035042995,0.6754867982089406,0.20861508011478602
93187.05410821644,0.1795167468379281,0.8189214799201336,0.14701011999096406,0.20528108630588782,0.7861595612769986,0.16138368874870246,0.2534879615904126,0.736075314194441,0.18658623097217136,0.3091259032765448,0.6753298537394133,0.20876195104681305
93387.4348697395,0.17971208706640943,0.8187011474061661,0.14713049188402622,0.20557477408742028,0.7859349482523659,0.16156839943438847,0.25376729452243146,0.7358664425547672,0.1867388362569695,0.30941199980650136,0.6751734409024687,0.20890676456586948
93587.81563126254,0.17994829504574505,0.81848133062866,0.14728431997340014,0.20578423382689098,0.7857105185262433,0.1616868370646522,0.25402208734634363,0.7356582989651582,0.18687345667679,0.30969161333229456,0.6750175543587703,0.20904727543698742
93788.19639278558,0.18025157437670936,0.8182622319432669,0.14749305556077397,0.2060704030114537,0.7854862859279811,0.16186547550114902,0.25430000341134923,0.7354509046806628,0.18702516756917242,0.30997352766166825,0.6748621734818628,0.20918940859959376
93988.57715430864,0.18045458496774952,0.8180439056825496,0.14761977348534133,0.20632853817020538,0.7852623244368218,0.162022027481187,0.254554146899647,0.7352440994961127,0.18715943451023215,0.31026053016543137,0.674707273892772,0.20933503650444435
94188.95791583168,0.18068450483827356,0.8178263760873135,0.14776855380701592,0.20655435379850343,0.7850387454170697,0.1621531707664107,0.25483063915191884,0.735037784594562,0.18731014844904267,0.3105438701911631,0.6745528318806703,0.20947824706063234
94389.33867735471,0.18099229548109685,0.8176096082694515,0.1479810398080884,0.20685364492100836,0.7848156746286856,0.16234198288808377,0.2550841767142051,0.7348318790643266,0.18744398489447606,0.3108212828107205,0.6743988597898225,0.20961751872595988
94589.71943887777,0.18120555775230412,0.8173934097389566,0.1481162287148053,0.2070732162223683,0.7845932385960765,0.16246824534241355,0.25535926483087557,0.7346264186700799,0.1875936621969306,0.31110143663206624,0.6742453733914048,0.20975870430458995
94790.1002004008,0.18142479926459476,0.8171777663614572,0.1482563122256173,0.20733383832516009,0.7843715262185225,0.1626267592038502,0.255612150350939,0.7344213415600087,0.18772701837977526,0.31138613201252513,0.6740923900630077,0.2099030219607983
94990.48096192385,0.1817297866155185,0.8169625180669601,0.14846642408118532,0.20761300357235032,0.7841506006740148,0.1627998614589949,0.25588598740968366,0.7342167026270658,0.18787576592440883,0.3116667459650221,0.6739399162967419,0.2100446606881449
95190.86172344691,0.1819470075050829,0.8167476315497036,0.14860478744733263,0.20782518730401725,0.7839303569478153,0.16292047326598483,0.25613818175819936,0.734012585170719,0.1880086489532634,0.31194199887399837,0.6737879423491618,0.21018275755359592
95391.24248496995,0.18215233674844866,0.8165329423409217,0.14873338347948517,0.2081154280065799,0.7837108550611495,0.16310232003445382,0.25641067575008286,0.7338090750437738,0.1881564808035173,0.31222042829632013,0.6736364470676315,0.2103230600194673
95591.623246493,0.1824517791225941,0.8163181430834842,0.14893869753563402,0.20835287397596666,0.7834919909665331,0.16324280805502928,0.2566623036572673,0.7336063128260513,0.18828908622744817,0.31250280241248984,0.6734854012191567,0.21046607526488656
95792.00400801604,0.182672789328497,0.8161033700011465,0.1490798789784959,0.20858809283842747,0.7832736216752054,0.16338155091587905,0.25693340184931146,0.7334042483282062,0.1884360484537032,0.3127807839232672,0.6733348049455027,0.21060618813367454
95992.38476953909,0.18286957015506794,0.8158887463607701,0.14920122434135127,0.20888136438302551,0.7830556228629159,0.16356572689140572,0.2571842967543473,0.7332028544231286,0.1885682604930924,0.31305399094153574,0.6731846647767462,0.2107431459490003
96192.76553106215,0.18316672443310206,0.8156741444568284,0.14940436124493017,0.20909239359080392,0.78283789663548,0.16368544960110284,0.2574541719567512,0.7330020624632696,0.1887144390340719,0.31333067161920075,0.6730349966653467,0.21088250752837961
96393.14629258518,0.1834008896105357,0.8154596147085791,0.14955601877901809,0.20936088174607914,0.7826203707702782,0.16385009089690883,0.2577044207408985,0.7328018604518008,0.18884627896558406,0.31361075102716346,0.6728858143262131,0.21102422558636816
96593.52705410823,0.18359303346452566,0.8152452537344486,0.14967334915066433,0.2096219240618697,0.7824030188987294,0.16400882621336707,0.25797293710730157,0.7326020901912179,0.18899151293757674,0.3138861304504483,0.6727371192799981,0.21116285118118028
96793.90781563128,0.18388892627350903,0.8150313628685857,0.14987524219713894,0.20983950537651141,0.782185852299601,0.16413349235905328,0.25822260455840446,0.7324026929351551,0.18912293095530508,0.31415733427619,0.6725888986401108,0.2112987354605358
96994.28857715431,0.18413549857205,0.8148179241824883,0.1500369047147853,0.21013075531523956,0.7819689462481464,0.16431572530818497,0.2584899061309927,0.7322036533996475,0.18926725363604482,0.31443226087780674,0.6724411241677519,0.2114371829792802
97194.66933867735,0.18432209940666472,0.8146050615540821,0.15014971513294376,0.21035242841841062,0.7817524140136394,0.1644435187097238,0.2587390234318479,0.7320050773857867,0.1893982788699527,0.3147100095611288,0.6722937875524443,0.21157758430851725
97395.05010020042,0.18461017350464964,0.8143929049736096,0.15034521548813373,0.21059680448216514,0.7815363697579327,0.16458906205761248,0.2590051487994287,0.7318069605441275,0.1895417707081894,0.31498288714109934,0.672146884887889,0.21171476638488343
97595.43086172345,0.18486177364214604,0.8141814512217872,0.150511027139396,0.21087675388803734,0.7813209282608043,0.16476242109642653,0.2592536812858294,0.731609383504704,0.18967242593685063,0.3152521809271231,0.6720004254391754,0.2118495997036546
97795.8116232465,0.18504156206111202,0.8139706970923086,0.15061840926193304,0.21108562893886007,0.7811061756470314,0.16488028835448135,0.259518691065684,0.7314124177665836,0.189815193287971,0.31552538778448885,0.6718544241720814,0.21198712772162046
97996.19238476956,0.18531735528871865,0.8137605736874145,0.1508039573539821,0.21136283666938277,0.7808921675762445,0.16505158367181805,0.2597667943155445,0.7312161747967234,0.1899456816786197,0.3158008290632527,0.671708890851357,0.21212622462001646
98196.57314629259,0.18557464454757294,0.813551093191374,0.1509744549402786,0.2116054697792657,0.7806789031157139,0.1651959260405625,0.2600306076263283,0.7310205870976971,0.19008772745036942,0.31607123802918563,0.6715638226747143,0.21226200884840943
98396.95390781564,0.1857496263423037,0.8133422021252409,0.15107801013318994,0.21182696088057862,0.7804663156867977,0.1653238077215966,0.26027813924007026,0.7308256084615862,0.1902179294793738,0.3163386804609569,0.6714191977877119,0.212395863064319
98597.3346693387,0.18601761699755798,0.81313360315203,0.1512571751589786,0.2121133377674212,0.7802543159396603,0.16550234726139734,0.26054090470449853,0.7306311626679776,0.1903593041268145,0.31661012343264144,0.6712750048828265,0.2125324621531987
98797.71543086173,0.1862846474191716,0.8129251159700925,0.1514354686066779,0.2123279359124173,0.7800427991112654,0.16562487745863935,0.2607878790025456,0.7304372374937992,0.19048917791048656,0.31688324080112645,0.6711312317675966,0.21267023972536792
98998.09619238478,0.1864612953925371,0.8127168466418296,0.15154023601217348,0.21258324290646635,0.7798316664680145,0.16577914457892437,0.2610494391504897,0.7302436991726079,0.19062970811218824,0.3171512832582141,0.6709878786719808,0.2128046667715256
99198.47695390783,0.18672335688935654,0.8125086865771308,0.15171434945944393,0.2128447163740167,0.7796207081133728,0.1659381484977009,0.26129583277230495,0.7300505127591095,0.19075915669723975,0.31741691115087706,0.6708449564356279,0.2129375339329417
99398.85771543086,0.18699963733379035,0.8123005086679784,0.1518999005269654,0.21305194659302293,0.7794099555183527,0.16605480821716645,0.26155622918478816,0.7298576854440776,0.1908988240462902,0.31768661886069377,0.6707024781488646,0.21307320254460116
99599.2384769539,0.18718040091242222,0.8120923947754584,0.15200778003199936,0.21333399029143954,0.7791993750628851,0.16622971191476127,0.2618020468534999,0.7296653309297773,0.19102787715545205,0.3179574357657907,0.6705604496255437,0.21320968108889357
99799.61923847697,0.18743148752822375,0.8118842737975713,0.1521726771386505,0.21356387736820248,0.778988979695171,0.16636390693080066,0.26206126421762477,0.7294734559473203,0.19116673607875456,0.31822318350070944,0.6704188582163707,0.21334282334052423
100000.0,0.18771130313836273,0.8116763463928476,0.15236082470798654,0.21379391711747156,0.7787788335362352,0.16649817738988706,0.2623064025146253,0.729282132437588,0.19129537257789822,0.31848706204411953,0.6702776949181414,0.21347477380818353
