Xdata,P_Band4_nterms2,omega_Band4_nterms2,P_times_omega_Band4_nterms2,P_Band5,omega_Band5,P_times_omega_Band5,P_Band6,omega_Band6,P_times_omega_Band6,P_Band7_nterms2,omega_Band7_nterms2,P_times_omega_Band7_nterms2
10.0,0.999999999892921,0.00022322050406555036,0.00022322050404164812,0.9999999997946966,0.0003163268056440996,0.00031632680557915657,0.9999999993994049,0.0005778687065397957,0.0005778687061927305,0.9999999970031006,0.0014630823375927934,0.001463082333208083
210.3807615230461,0.9999759619289451,0.5908713533980718,0.5908571499904945,0.9999509958801714,0.6578601180323603,0.6578278801763059,0.9998295199538082,0.750313893951659,0.7501859804043598,0.9984707583431403,0.8322179084397034,0.8309452461465328
410.7615230460922,0.9994901160143982,0.8387985676025353,0.8383708776457691,0.9987241690362463,0.8591802869572339,0.8580841181436871,0.9930612427159907,0.8833403651042789,0.8772110807116522,0.9492504786774739,0.9136841264192738,0.8673150943635052
611.1422845691382,0.9956195218617423,0.9027799845795553,0.898825376593448,0.9880145612232208,0.9119872226607009,0.9010566556382962,0.9595978727105094,0.9263951466941217,0.8889668120570196,0.9423651966042145,0.9413085243106621,0.8870563925772401
811.5230460921844,0.9801006272723062,0.9317082798479919,0.9131678695138182,0.9626401372962465,0.9376162240774792,0.9025870106771329,0.9610212271597596,0.945817084788066,0.9089502954916936,0.9323359761036241,0.9549010766241459,0.8902886273567746
1011.9038076152304,0.9606493174641239,0.9478501434323494,0.9105515933465583,0.9603796404603825,0.9514205728215334,0.9137249476529553,0.9348024323314168,0.9568633339786178,0.8944781720119607,0.8918163038525955,0.9628805883350995,0.858712607340421
1212.2845691382763,0.9602837745490874,0.9576536835649734,0.91961929396461,0.9526171459290644,0.9601217827418894,0.914628472419904,0.9287799205239613,0.9639166572270538,0.8952664362910655,0.8734418718497405,0.9680613315823042,0.8455453015226001
1412.665330661323,0.9547403087910936,0.9642902138026396,0.9206467364901618,0.929726242612179,0.9660091548824268,0.898124061897805,0.9095485890798901,0.9687685080359617,0.8811420296291391,0.8704017022244792,0.9716405496026023,0.8457175883244336
1613.0460921843687,0.9354040901940044,0.9690152133374196,0.906420794016038,0.9279434567526242,0.9702705291677963,0.9003561888211629,0.8971611071556008,0.9723010990700842,0.8723107305303243,0.8389572959651265,0.9742105811436598,0.8173210748568992
1813.4268537074147,0.9270031354142575,0.972553413502683,0.901560063674826,0.9170308103047157,0.973465778575841,0.8926981117313144,0.8839944053937452,0.9749704935904201,0.8618684617579097,0.8101734633629899,0.9760985001028766,0.7908091024117673
2013.807615230461,0.9260528472161672,0.9752911291564712,0.9031711270200208,0.8974469730361974,0.9759547192471554,0.8758676086087515,0.8669409149934658,0.9770408135724564,0.8470366569044656,0.8090723828170762,0.977498618215403,0.7908671362399354
2214.188376753507,0.9107639987976502,0.9774668140868952,0.8902415842897801,0.8968508450139406,0.9779346160822149,0.877061486801718,0.8591376341445304,0.9786811710538611,0.8408218258810126,0.789674691104999,0.9785349056870146,0.7727242493838526
2414.5691382765526,0.8969944060793,0.9792342373633971,0.8783676331562967,0.8820745039992581,0.9795437484775551,0.8640305660839135,0.8383392467606173,0.9799995181936536,0.8215720579082355,0.7567029789061183,0.9792880853702361,0.7410302114069267
2614.949899799599,0.896646883038473,0.9806926272874313,0.8793349874760862,0.8669983402140807,0.9808691379317044,0.8504119145540039,0.834690866499894,0.9810691152078687,0.8188894298691403,0.7498898871189014,0.9798138808474212,0.7347525205062053
2815.330661322646,0.8860129713676663,0.9819147089376795,0.8699891688954906,0.8662579709061579,0.9819757872383755,0.8506443529320922,0.8111485423291059,0.9819430824490203,0.7965016999786719,0.7419514143203548,0.9801512137445082,0.7272245792855503
3015.7114228456917,0.8695928989620129,0.9829486042954857,0.8547651263399758,0.8483295564804715,0.9829073312688209,0.8338293403966827,0.8098790109944801,0.9826588272207218,0.795834759134514,0.7126663912212914,0.9803285997476937,0.6986472453932107
3216.0921843687374,0.8672670036525278,0.9838326328537795,0.8532455795906749,0.8384632123584337,0.9836982896183855,0.8247948279049283,0.7857771821142497,0.9832440771361337,0.7726107602625572,0.6963630787603234,0.9803664211910458,0.6826909793738366
3416.472945891783,0.861358932469663,0.9845936923590649,0.8480885717667679,0.8358110216251287,0.9843724813967843,0.8227493693359093,0.7851714119302381,0.9837204452464715,0.7723891709388145,0.694978761186642,0.980280667719842,0.6812742440671501
3616.8537074148294,0.8443145566762533,0.9852528027187155,0.8318632833414884,0.8165469892080277,0.9849499499740583,0.8042579161719148,0.762599782665065,0.9841038123188323,0.7504773533942034,0.6747094530193039,0.9800835039104324,0.6612716048366506
3817.234468937876,0.8385573023143806,0.985826938368164,0.8266723779868528,0.8114329028526521,0.985445300875096,0.7996227410915843,0.7609663675119492,0.9844066068064071,0.7491003197362354,0.6513794842752697,0.9797852051247434,0.6382119816146947
4017.615230460922,0.8363660848788256,0.9863282597898205,0.8249315050457574,0.805509000491337,0.9858706478779845,0.7941276801859422,0.7410843791505161,0.9846391122404242,0.72970066518201,0.6491326209562154,0.9793940089024313,0.6357565999476502
4217.9959919839675,0.8210948822961879,0.9867677109290796,0.8102299174589913,0.7872869020770082,0.9862349313895091,0.7764498438537775,0.7373372888017378,0.984809023897511,0.7261364156680765,0.639330963140353,0.9789183926923786,0.6258528388358247
4418.376753507014,0.8112639101769188,0.9871533089938465,0.8008418533984321,0.7854055233277687,0.9865463597920613,0.7748389599995891,0.7206333877074264,0.9849226008777207,0.7097681105001212,0.6155627892853598,0.9783658504741269,0.6022456118593968
4618.75751503006,0.8107874601336714,0.9874918940682758,0.8006460446942059,0.7756820799921279,0.9868107551546482,0.76545141911696,0.7143597743620392,0.9849853599728194,0.7036339195000952,0.6065923877439122,0.9777446702365352,0.593092474122664
4819.138276553105,0.7992932775186932,0.9877892283866883,0.789533289854857,0.7606182903938314,0.9870335882549222,0.7507558004597479,0.7013739867655855,0.9850014295812635,0.6908543796352119,0.6046406680102085,0.9770634258431702,0.5907722824901572
5019.519038076152,0.7860409679137287,0.9880497593219436,0.7766475891643472,0.7600096863936475,0.9872188081919973,0.7502958568159103,0.6924734013034092,0.9849742213303536,0.6820684492408069,0.5861724770060643,0.9763318255755085,0.5722988445774485
5219.899799599198,0.7851579446508251,0.9882775997099836,0.7759540089327416,0.746916667954091,0.9873702073181848,0.7374832652872386,0.6832914457730177,0.984906982957596,0.6729785163370368,0.5707207008013733,0.9755598694421136,0.5567722123616993
5420.280561122245,0.7778116514295943,0.9884758233168704,0.7688480125323229,0.7362266381524992,0.9874905654588838,0.7270168592151045,0.6717063219116357,0.9848021746615702,0.6614978465525035,0.5699741493543835,0.9747586472305291,0.5555872307810504
5620.661322645292,0.7632266983234406,0.9886474490268774,0.7545621283266757,0.7349532642818244,0.9875827200742079,0.7258271438668623,0.6659390865747777,0.9846618897738578,0.6557248394609974,0.5601073426367188,0.9739396173737936,0.5455107309758582
5821.042084168337,0.7600891175080472,0.9887946055009579,0.7515720190919407,0.7198883849432651,0.9876484846481067,0.7109966725049888,0.6520686834986869,0.9844883845680473,0.6419540448450356,0.5417923805998606,0.9731140138894674,0.5272257581802603
6021.422845691383,0.7562886328907393,0.98891952505819,0.7479085956452177,0.7136665640736323,0.9876899044324257,0.7048812604665035,0.648970172848973,0.9842835100051426,0.6387706396204312,0.5374962530820022,0.972292861925677,0.522603770183428
6221.803607214429,0.7423609491431014,0.9890238785657612,0.7342127052172699,0.7100882225545654,0.9877084563705125,0.7013601421862508,0.6337509412760909,0.9840489256959131,0.6236419329215109,0.5345948905857588,0.9714859790152054,0.5193514406572325
6422.184368737475,0.7361822929198271,0.9891090997188854,0.7281646049789149,0.6950785232431143,0.9877056521784149,0.6865329861150496,0.6325261576024155,0.9837866044850965,0.6222707608356853,0.5188606210376022,0.9707018529343228,0.5036589662558539
6622.56513026052,0.7348072763827179,0.9891767099275465,0.7268542440830782,0.6924376030786958,0.9876825476894946,0.6839085359247733,0.6169489459685193,0.9834983390412698,0.6067682636333009,0.5089646786209909,0.9699463675784,0.4936684412541379
6822.945891783566,0.7228163927946337,0.9892275979983846,0.7150299240380924,0.685616580242724,0.9876402960602806,0.677142562294761,0.6165831773128813,0.9831858127846197,0.6062158323356884,0.5089744672345273,0.9692241129364463,0.4933103265126851
7023.326653306613,0.713895821999361,0.9892629881073894,0.7062307140684688,0.6725751125366536,0.9875797199141261,0.6642215412601602,0.6013990261897891,0.9828510998880153,0.5910856943622156,0.49966728110136066,0.9685359305430649,0.48394571506342954
7223.707414829659,0.713372603905595,0.9892836107953636,0.7057278254342177,0.671960555631129,0.9875018174676702,0.6635622699523254,0.6010307078449366,0.9824962727688261,0.5905104302772595,0.48572646224425403,0.9678818164564111,0.47012581057791497
7424.088176352706,0.7043372714558266,0.9892903418786889,0.6967940600764376,0.6620585753334561,0.9874073446101157,0.6537214998463642,0.5869402787468375,0.9821233593261863,0.5764477582866923,0.48409390968428506,0.9672578705751609,0.46824364423962583
7624.468937875752,0.6933033005165775,0.9892837950270328,0.6858737202398072,0.6522506702047364,0.9872969211626086,0.6439650785193842,0.5858844388176823,0.9817347928442534,0.5751831381733489,0.4807714150141747,0.9666607988806624,0.4647428801165886
7824.849699398798,0.6922087246076871,0.9892646545482006,0.6847776248242741,0.6517512087560104,0.9871712614016022,0.6433900628676897,0.573592062985651,0.9813330790697761,0.5628848652996938,0.46839603699108273,0.9660831897673442,0.45250953749072814
8025.230460921844,0.6865100753748297,0.989233459860222,0.6791187370919446,0.6399077013562093,0.9870311089210361,0.6316088080767305,0.5713400427043229,0.9809206377411278,0.5604392390565677,0.46161216626466534,0.9655202759400586,0.4456959061491479
8225.611222444892,0.6744924316424026,0.9891906317236592,0.6672015945491752,0.6338439284998983,0.9868771034212288,0.6255260601791122,0.5612898285560004,0.9805001731602305,0.5503447740922345,0.4616896347259275,0.964963391333279,0.4455135956685538
8425.991983967935,0.671659107613546,0.9891368283769296,0.6643627594553417,0.6316598217236821,0.986709788678325,0.6232649292095628,0.5573652192910614,0.9800744045904296,0.5462593854361012,0.4532280757910654,0.9644081124485331,0.43709683308234204
8626.372745490982,0.6688709212106928,0.9890722202791492,0.6615616471220198,0.6194479137949614,0.9865299128555552,0.6111038964146989,0.5496922732611211,0.9796458515065062,0.5385037551054381,0.44413013266355233,0.9638461797574094,0.42807313168291633
8826.753507014027,0.6573975123115695,0.9889974258849236,0.6501644474592946,0.6167873853990206,0.9863380597253184,0.6083608729775222,0.5439766672760802,0.979217143518845,0.5326712782709844,0.44305258313161233,0.9632751036581082,0.4267815229420965
9027.134268537073,0.6521151043381146,0.9889127157943919,0.6448849188415481,0.6119333442290887,0.986135071316468,0.6034489320522772,0.5386144972117638,0.9787908148185629,0.5271909225989928,0.4391511600984689,0.9626883466901648,0.4227657042622629
9227.51503006012,0.6512497418044336,0.9888184384867721,0.6439677527559735,0.6009359942607456,0.9859215748993304,0.5924757618752493,0.5312991125671506,0.9783690612949486,0.5198066140291623,0.4294104226206246,0.9620858883532689,0.4131297079151163
9427.895791583165,0.6416018114079507,0.9887150196755172,0.6343613475900595,0.600353750132333,0.985698347013287,0.5917676991286686,0.5280159337581244,0.9779539821987516,0.51637528508315,0.42655236977045446,0.9614636460086119,0.4101145966531148
9628.27655310621,0.6339368428359308,0.9886027410876175,0.6267117005040314,0.5929038542760394,0.9854660817611711,0.584286638134505,0.5194482935238824,0.9775474199193518,0.5077853391157814,0.4259044254762463,0.9608242710280098,0.40921930913581767
9828.657314629258,0.6337740841897636,0.9884819781701055,0.6264742604528445,0.5844559602018812,0.9852258416647619,0.575821115305885,0.517787992920197,0.977150730028171,0.5059569152817919,0.4174537046803701,0.9601661833085341,0.4008249303309589
10029.038076152307,0.6265593249646467,0.9883530438552259,0.6192618159846842,0.584133635268503,0.9849783427131726,0.575358979989791,0.5083063813654777,0.9767650032747196,0.4964958842590117,0.41149897576283373,0.9594940610002106,0.39483082335210856
10229.41883767535,0.6173602067880858,0.9882163829390083,0.6100854705226003,0.5748425765978472,0.9847245588433399,0.5660616026446839,0.507763291297985,0.976390981126773,0.49577549817059907,0.4123715727026953,0.9588089019982027,0.3953855348383433
10429.799599198395,0.6165866658950055,0.988072203542861,0.6092321456460239,0.5696262660087835,0.9844653003766803,0.5607772930687839,0.4978584647239713,0.9760288913807187,0.48592424538904433,0.40863933548116516,0.9581161925701485,0.39152396424560953
10630.180360721444,0.6120011629069881,0.9879210380283704,0.6046088241336416,0.568157431151364,0.9842016648346028,0.5591814896273236,0.4979225019361405,0.9756786837030611,0.48581237127518845,0.39940918442318163,0.9574189929669176,0.3824019391321804
10830.561122244491,0.6022449489837709,0.9877631979446866,0.5948753967542442,0.5581597659709685,0.983934591829749,0.5491927015064331,0.48816056179148754,0.975339999947364,0.47612252231201463,0.39852418205107865,0.9567222249084677,0.3812769421317352
11030.941883767535,0.5999925913264771,0.9875990475604718,0.5925521117373681,0.5558051586944724,0.9836651790671791,0.5467261809536601,0.4883106037904596,0.9750120512584699,0.476108723452998,0.39859777375207744,0.9560305477653448,0.38107164797824555
11231.322645290582,0.5977002369237598,0.9874291193307861,0.5901866185694304,0.5524539478916668,0.9833941601258979,0.5432799860951623,0.4792069192998584,0.9746938534819775,0.467080038787606,0.3924311132071284,0.9553464180486486,0.3749076583332739
11431.703406813627,0.5884048356445104,0.9872537576210414,0.5809048849924342,0.5431900787567644,0.9831226134282697,0.5340224498156578,0.4788943088350671,0.9743842261251862,0.4666270605100128,0.38652091225957586,0.9546757210543848,0.36900213061400916
11632.084168336674,0.5842674017474366,0.987073441668231,0.5767148350973973,0.5425616475906943,0.982851559189489,0.5332575612909319,0.4708183990825071,0.9740816969832732,0.45861558514923645,0.38756506369796084,0.954017135545831,0.36974371190676614
11832.464929859718,0.5834947624794043,0.9868886626259772,0.5758443657925616,0.5370707344828921,0.9825819533032875,0.5277160113502314,0.46968632385319814,0.9737847469171536,0.45737337800383476,0.3845946065698117,0.9533772155392003,0.36666373512292133
12032.845691382765,0.5756514714812896,0.9866999294886963,0.5679952663206528,0.5298916083337454,0.9823144278008981,0.5205201720368606,0.46293247278518185,0.9734918322937799,0.4506609811599371,0.37939166640873523,0.9527501193116149,0.3614654554367549
12233.22645290581,0.569581928297429,0.9865076401992123,0.5618969239848137,0.5297515261245266,0.982049815816473,0.5202423886590868,0.46079207168697295,0.9732012895118802,0.44844343836261286,0.37761279361602235,0.9521431023114006,0.3595414167860342
12433.60721442886,0.5694155394998617,0.9863124526518653,0.5616216373421936,0.5223785664112951,0.9817888546320277,0.5128654544012661,0.4555157794923385,0.972911562281004,0.44317656866954036,0.3765007246421338,0.951545803172641,0.3582576844246806
12633.987975951904,0.5636236915292009,0.9861148169421949,0.5557976733966021,0.5178469192191941,0.9815322888348472,0.5082834718872898,0.4522870962834586,0.9726212184847205,0.4399040266921336,0.3718305253367061,0.950966096964365,0.3535982234116568
12834.36873747495,0.5561166373889678,0.9859151929242373,0.5482838418397223,0.5171225353726785,0.9812805329566326,0.507442277114387,0.44849588829428455,0.9723288218303007,0.43608547866091585,0.37012367868355595,0.9503904298389156,0.3517620020776254
13034.749498997997,0.555592499843387,0.9857142814157932,0.5476554617431284,0.5088781807664614,0.9810338768906414,0.49922673454237826,0.4441485567826847,0.9720331293847083,0.4317271115611748,0.37006251909312604,0.9498270629988305,0.35149539563617255
13235.130260521042,0.551959626203857,0.9855124698990544,0.5439630945047219,0.5066983031890891,0.980792640716227,0.49696596683125815,0.44173112791124935,0.9717331159253061,0.42924476532639827,0.3652227212542265,0.9492611326406676,0.34669173404389386
13435.51102204409,0.543916034724572,0.9853102775610889,0.5359260591443948,0.5044455242247143,0.9805572453348519,0.4946377136552812,0.4364241781807054,0.9714278257678707,0.4239545905226124,0.3619507973262604,0.9487008578300642,0.34338303191569897
13635.891783567133,0.5422223493204718,0.9851083389508208,0.5341477578811017,0.4968226540808857,0.9803277337786203,0.4870490265649941,0.43518965958685024,0.9711165455143567,0.42261987886155084,0.36313971170120335,0.9481326279529896,0.34430460916935296
13836.27254509018,0.5404589941811936,0.9849070245169314,0.5323018598324128,0.4962954849985998,0.9801039154327961,0.4864211480587462,0.4292013209453058,0.9707988413216888,0.41666814506744115,0.36208110447461256,0.9475633679316054,0.3430947908203594
14036.653306613225,0.532807520965708,0.984706779540274,0.5246591780849794,0.49190285045306936,0.9798856236323885,0.4820085313827554,0.4288386915348298,0.9704743848606452,0.4161769653717079,0.35547134537130426,0.946983513536108,0.33662550360112503
14237.034068136274,0.529557636736968,0.9845082120240429,0.52135384210759,0.4859693942221142,0.9796728012890132,0.47609099777830344,0.4224962146009012,0.9701430806878669,0.4098817792118804,0.3552001021611013,0.9463971746558164,0.3361603731227236
14437.41482965932,0.5290487192937503,0.9843115544548676,0.5207487672703883,0.48618535971570875,0.9794652700425819,0.4762016746446965,0.42263543694333855,0.9698051093676422,0.4098740061474757,0.35662682573607235,0.9458011938375703,0.33729807753568036
14637.795591182365,0.5225318587410189,0.9841171968186108,0.5142325880726298,0.4801059689565088,0.9792625437592181,0.470149792434335,0.4162338945841921,0.9694607389230123,0.4035224190083941,0.3539132553849959,0.945195077261992,0.33451706676766435
14838.17635270541,0.5178024450681276,0.9839256364081004,0.5094791002973278,0.4762035288669943,0.9790639588411008,0.46623371218662185,0.4165498779954997,0.9691104163306923,0.40368282568671776,0.3489898845548518,0.9445839249578464,0.3296502349234076
15038.557114228457,0.5177217774668378,0.9837369458054742,0.5093020401422084,0.4758819593974019,0.9788690841463247,0.46582613775709325,0.41040586087457326,0.9687548299197206,0.39758265994960373,0.3502218713473441,0.9439611234850993,0.33059583114609287
15238.937875751506,0.512890149248096,0.9835514342373436,0.50445384189917,0.4693957111236082,0.9786776783030219,0.4593871047678488,0.4106227931243728,0.9683947259156204,0.39764494720238347,0.349836194870615,0.9433404517254534,0.3300146340991597
15439.318637274548,0.506978460026085,0.9833694295042681,0.49854711900680365,0.46746844459581727,0.9784891298912021,0.4574127916041548,0.4050034832835916,0.9680309625870829,0.3920559117741367,0.3470233590400136,0.942708748208047,0.32714195639956284
15639.699398797595,0.5066207861620414,0.9831908614754977,0.49810492718805144,0.4654849445031772,0.978302574952716,0.45538511980918034,0.40485379925122633,0.9676645744841456,0.3917626793807276,0.34540611807793203,0.9420872694976455,0.32540270664782034
15840.08016032064,0.5036134745541078,0.9830158958632587,0.4950600508576147,0.4595382612955048,0.9781173310534469,0.44948233765530066,0.399969082314667,0.9672965890303169,0.38688872904056343,0.3450500917433341,0.94145710844809,0.3248498616424275
16040.460921843689,0.4971090623771493,0.9828447250832887,0.4885810197484807,0.459139223301336,0.9779331013838642,0.4490074446100541,0.3992356388141623,0.9669280414330551,0.3860321343088525,0.3429901995423379,0.9408440231522804,0.3227002792392166
16240.841683366734,0.4958832573246737,0.9826770929984348,0.48729311777440515,0.4556442298012878,0.9777494501047126,0.44550589513159444,0.39519807754440484,0.9665600399281907,0.38198266961086413,0.34196769091852297,0.9402258748596375,0.3215268713675984
16441.22244488978,0.49449332641869603,0.9825130529191387,0.48584614778777324,0.45075618041424537,0.9775656352277223,0.4406437518394736,0.393805310121625,0.966193604336127,0.38049217199311913,0.3424244529863708,0.939628482969212,0.32175176929114585
16641.603206412823,0.4881405633673958,0.9823526624360481,0.4795261820669937,0.4507448336150444,0.9773807922742579,0.4405493425922007,0.3906535601662121,0.9658296690225836,0.3773047987178266,0.3391433079947424,0.9390300505858376,0.31846575766215124
16841.98396793587,0.4856772481563442,0.9821954834475827,0.4770299995524121,0.44638170389173965,0.9771946240269425,0.4362018013069945,0.38863005831970904,0.9654691573093274,0.37521033491100425,0.3372171782246941,0.9384518287506266,0.3164620775910902
17042.364729458917,0.48542697044938593,0.9820415073643878,0.47670943377544306,0.44298051677803507,0.9770070112933125,0.4327950707584751,0.38629085093493043,0.9651128458319557,0.3728142624646585,0.33824240173949205,0.9378764645206686,0.31722958789441447
17242.745490981964,0.47987785949177203,0.9818906508777168,0.47118758379818154,0.44245803145914864,0.9768175380808962,0.4322007649940453,0.38371804076512517,0.9647613578888735,0.3701963380550203,0.3385554528257068,0.9373161310839849,0.31733348719997806
17443.12625250501,0.4761900381733147,0.9817423521769856,0.4674959281595185,0.43760242149945516,0.9766254068092349,0.4273736429176117,0.3820762657986299,0.9644152359153322,0.36848017201783484,0.3342616517197425,0.9367622610552796,0.31312370064905837
17643.507014028055,0.47639699587304674,0.981596559653681,0.4676296521783315,0.43577367232842895,0.9764302900255124,0.4255026132571305,0.37908044772654587,0.9640748268921716,0.3654619170201766,0.333814166916591,0.9362145264989105,0.3125216722184445
17843.887775551102,0.47208574887976,0.9814530973618463,0.4633300204584272,0.43457925939608155,0.9762322608291656,0.4242502929097011,0.3779918958095037,0.9637402816250111,0.36428601611942296,0.33543563042118174,0.9356762972117708,0.3138591686253874
18044.268537074146,0.46751565609347634,0.9813113090236741,0.4587784004701511,0.4295930450555338,0.9760314474815271,0.41929632159354957,0.3747787253193037,0.9634116415117517,0.36106618696355225,0.3344740577800643,0.9351337216886705,0.3127779704601829
18244.649298597193,0.4674711619875604,0.9811711514649438,0.45866921828398993,0.428891246592377,0.9758273713688945,0.41852381776536757,0.37407550612823776,0.9630887564434091,0.36026791401298336,0.3315695516872599,0.9346028684521076,0.30988585409829245
18445.03006012024,0.46458121565948013,0.9810323961652673,0.4557692232117926,0.42686141861708027,0.9756196081340823,0.41645436995875434,0.37087633659426694,0.962771301889621,0.35706909342291565,0.3315768100438885,0.9340584851110494,0.3097121328875487
18645.410821643287,0.4596060724085301,0.9808943133463514,0.45082498280497857,0.4223538686159083,0.9754082774519736,0.4119674594618203,0.370340788876761,0.9624588779880519,0.35643778013553734,0.3321665134270475,0.9335264886925193,0.31008623894078824
18845.79158316633,0.45880606052704553,0.9807569529059632,0.4499772338972941,0.42237398331072734,0.9751940288157285,0.41189658645173544,0.36738160457426505,0.9621509409842592,0.35347655654143617,0.330548952965031,0.9329754737724688,0.3083940659975433
19046.172344689377,0.45721831606820396,0.9806200121056671,0.44835743063773487,0.4192598446197386,0.9749768711351684,0.4087686514999696,0.3668253186193855,0.9618468211203978,0.352829766620533,0.3298599034020376,0.9324357300965207,0.3075731598582467
19246.553106212425,0.45238291013642995,0.9804827808535975,0.44355365374121,0.4159924706134497,0.9747564459044191,0.40549134217816474,0.36430016989865555,0.9615458256300443,0.35029130764236815,0.3287107286590768,0.9318758140445639,0.3063175778543589
19446.933867735468,0.45055254802302386,0.9803453997739806,0.44169711781081694,0.41620564316002445,0.9745327252618341,0.40560601969809307,0.3635905309128216,0.9612471784318085,0.34950037194447303,0.3278517727348968,0.9313249177512544,0.30533652527693067
19647.314629258515,0.4499116781867211,0.9802075327690245,0.44100681603937725,0.4118466701653426,0.9743065241434108,0.4012648976888327,0.3616559604531216,0.9609500403537963,0.3475333097916182,0.32698350234321344,0.9307573475702875,0.30434229734021223
19847.695390781562,0.4457531814489377,0.9800685332789343,0.436868666747079,0.41028002415982173,0.9740785128939055,0.39964495580367476,0.3606962087332522,0.9606536238909904,0.3465041200433398,0.32776798617570596,0.9301953238629733,0.3048882480526254
20048.076152304613,0.44281840036814496,0.9799286258315018,0.43393042656566005,0.41006661318293225,0.9738486274161019,0.3993428083973682,0.35943449783645737,0.9603571402191526,0.3451854864383274,0.32608381099495026,0.9296246476291735,0.30313554789375863
20248.456913827653,0.44266586661588636,0.9797875102247577,0.433718487313064,0.40515329228507846,0.9736165596412757,0.3944639545619343,0.35813828688037064,0.9600598078320536,0.3438341748796695,0.3245850247649792,0.9290546166228407,0.30155721574454303
20448.8376753507,0.43952831479682414,0.9796445664078123,0.4305815253730912,0.4049683076601956,0.973382898479051,0.39418922510243726,0.35758414827259116,0.9597609638393457,0.3431953067997736,0.32510538873817624,0.92848670763162,0.3018560320228072
20649.218436873747,0.43573832341106283,0.9795001829423025,0.4268057674961082,0.4034805900314715,0.97314882403463,0.3926466617099252,0.35592313577354784,0.9594600051254973,0.3414940136735713,0.3258787351469966,0.9279143844021581,0.30238756591367927
20849.59919839679,0.4355070069308154,0.9793540519512258,0.42651555189084467,0.3996562568908429,0.97291475119178,0.3888314677351925,0.3560543714021348,0.9591563734024013,0.3415118196081433,0.32413542361198494,0.9273548386763938,0.30058855347299684
21049.97995991984,0.4335349007951318,0.9792056325537437,0.42451981676722156,0.40028155213960015,0.9726802804176337,0.38934597238115193,0.35407551784878705,0.9588496620621577,0.339505190633793,0.3224595551816384,0.9267881656771823,0.29885169965187075
21250.360721442885,0.4293508797707184,0.9790554692722834,0.4203583270763884,0.3967715686153528,0.9724454458471918,0.3858387049416464,0.35479917230804275,0.9585395625267623,0.34008904340900864,0.3237192787334693,0.9262412446096148,0.2998421476382154
21450.741482965932,0.42854809643471076,0.9789032486924633,0.4195071238209094,0.39451388249724517,0.9722113383328241,0.38355086969352525,0.3525914347286559,0.9582258324863736,0.3378622210704312,0.3234743700185916,0.9256872410582992,0.29943609713558145
21651.12224448898,0.4276509895323592,0.9787485317184975,0.4185627780927591,0.3952335338428778,0.9719790143902423,0.38415870067857283,0.35372894163220897,0.9579083974183825,0.33883992359940984,0.3220662434975143,0.9251550066164899,0.29796119763389084
21851.503006012023,0.42359475126325585,0.9785919919133359,0.4145264314027436,0.39116728875494355,0.9717483187916099,0.38011615521388864,0.3513995472291954,0.9575873010119916,0.3364957440080411,0.3205719925900899,0.9246165050604422,0.2964061554089109
22051.883767535073,0.42194037776401183,0.9784333511562342,0.4128405378037695,0.390221432676195,0.9715186231885231,0.37910738901222996,0.35276208345724125,0.9572626491550519,0.33768596653173427,0.32139071020318377,0.9240980307783344,0.2969965224092125
22252.264529058117,0.42181573682049517,0.9782722102870013,0.4126506131932258,0.3895146308338996,0.9712903373498093,0.37833179718534476,0.35044286937826047,0.9569346945928351,0.3353509401807225,0.3202861191649226,0.9235753977217134,0.2958083798924875
22452.645290581168,0.4183558700419096,0.9781094414325253,0.40919782636671037,0.3861941522083727,0.9710648680214691,0.3750195734448866,0.35183369668481046,0.9566037926988186,0.3365654486479354,0.31989392263849314,0.9230666695392664,0.2952834177757656
22653.02605210421,0.4157816880653645,0.9779447196069392,0.4066115063527827,0.3863360614286285,0.9708426351992347,0.3750715199498631,0.3496699174772945,0.956270332234324,0.33437896815836105,0.319650904083277,0.9225579112587351,0.2948964704030343
22853.406813627254,0.4160186138122862,0.9777777328908485,0.4067737370537706,0.38407642058127006,0.9706227006672098,0.37279329260718747,0.3508614466837819,0.9559348115829506,0.3354006709273825,0.3192752800680218,0.9220529385239782,0.29438871018478563
23053.787575150305,0.41350294108583513,0.9776095180314607,0.40424441093951474,0.3815389005671141,0.9704045063030734,0.37024706844024774,0.34898201786170086,0.9555978098429156,0.3334864519432026,0.318285353191844,0.9215525251053684,0.29331667093799785
23254.16833667335,0.41009944395966935,0.9774396816486892,0.40084746994824366,0.3819488425028366,0.9701889635075999,0.3705625516207546,0.34970424610972767,0.955259912423538,0.33405844751291786,0.3188647864489945,0.9210461205452126,0.29368917453732407
23454.54909819639,0.410307269917077,0.9772680145264497,0.40098017101762995,0.37963088178246873,0.9699772758058103,0.36823332852311663,0.34821700769539105,0.9549217717398683,0.33252000193843817,0.3188476701035653,0.9205472994823191,0.2935143616600664
23654.92985971944,0.40886512363617167,0.9770956626800623,0.39950033892605075,0.3778896505629196,0.9697688298497306,0.36646560423872615,0.34825215935519216,0.9545840807014381,0.33243596739036685,0.3170251632990323,0.9200372517653083,0.29167495998208975
23855.310621242483,0.4049253999551393,0.9769221941952978,0.39558061020958324,0.37728856496146135,0.969562231412593,0.36580474293048953,0.34723659557469216,0.9542474877282772,0.3313496489744698,0.31691621069257675,0.9195345520727175,0.2914154058437815
24055.69138276553,0.4047357358893244,0.9767474242069925,0.3953245875144192,0.3750214337167291,0.9693572357338197,0.3635297403285824,0.34644683585668096,0.9539126385396504,0.33048001530575966,0.3176414430331103,0.9190188163530439,0.29191846300096186
24256.072144288577,0.4043022617543612,0.9765726605670236,0.3948305354347217,0.3740750293919145,0.9691553197560849,0.36253680472308775,0.34593320971456815,0.9535801543121193,0.32987504350130464,0.31695979954738324,0.9185092845610798,0.2911305187168903
24456.45290581162,0.400245125115454,0.9763973370457806,0.39079827432828457,0.3734760779798166,0.9689568429798536,0.3618822014478207,0.34427188148421306,0.9532505524727033,0.3281773612256431,0.3150585560017229,0.917987412361576,0.2892197885663963
24656.83366733467,0.3993969896669229,0.9762213292218631,0.38989986013985417,0.37116304946739426,0.9687602429123082,0.3595680059621059,0.3442369218972756,0.9529242879589791,0.3280317236881521,0.31569128094278,0.917470691191342,0.28963749772965247
24857.214428857715,0.3997267442011319,0.9760460574732829,0.39015171274414623,0.3702000831936947,0.9685640834277518,0.3585625042633784,0.3417740762808273,0.9526017469578169,0.3255745821300102,0.3157165824731236,0.9169466339064559,0.2894952575671807
25057.595190380765,0.39595025032061854,0.9758707920424876,0.3863962843898032,0.36959675579683604,0.9683689791717566,0.35790603311617514,0.3421719928139121,0.952283182297923,0.3258446342100542,0.31471818917472116,0.9164245194144544,0.28841546526543116
25257.97595190381,0.39440417693533825,0.975695475131978,0.38481837080896153,0.3672663507749496,0.9681764349801147,0.35557862618144703,0.3391428377584303,0.9519687579477724,0.32285338602777575,0.31431848459022527,0.9159026345032213,0.2878851281092475
25458.356713426852,0.395087796249094,0.9755215736139676,0.38541666871259084,0.36704874231928863,0.967985746988007,0.3552979510149451,0.3399027681346887,0.9516585522700924,0.3234713762356548,0.3147053412457071,0.9153791931287126,0.28807472134279155
25658.737474949903,0.39191863991202935,0.9753482268262949,0.382257150498371,0.3660565352102553,0.9677947685574074,0.3542675997727355,0.3366286875780918,0.951352502222585,0.32025254424732247,0.31387242728758175,0.9148628231862124,0.2871502149486262
25859.118236472947,0.3897960335727672,0.9751753500359802,0.38011948348195995,0.3634754551721137,0.9676026459942612,0.3516998121785057,0.33763699672596637,0.9510504517214979,0.3211098182541202,0.31332064046614405,0.9143445541756134,0.28648302132103415
26059.498997995997,0.39042087821770866,0.975004521329023,0.3806621214835138,0.36394328977510587,0.9674109972936016,0.3520827409196494,0.3344206242046631,0.9507521656190997,0.3179511326902746,0.31372594043658986,0.9138366389604813,0.28669425896328943
26259.879759519037,0.3880391603415487,0.9748346464602647,0.3782740176842916,0.3622339174727595,0.9672208661023309,0.35036020338964274,0.33553251976569004,0.9504572846491908,0.3189093276479987,0.31294395545386483,0.9133280899781625,0.28582050510488954
26460.26052104208,0.3855698210460169,0.9746656503331622,0.37580166037865703,0.36072710152636767,0.9670303879429498,0.34883406893057917,0.33260296677900997,0.9501653823897227,0.3160278251135342,0.3118430460302752,0.9128304191812241,0.28465981842656585
26660.641282565128,0.38581416655584777,0.9744991988295071,0.37597559620574766,0.36127770470926446,0.9668375307974258,0.3492968439532668,0.33369575481280567,0.9498759908558545,0.3169695857472061,0.3120269718943845,0.9123328757850805,0.2846724645909143
26861.022044088175,0.3842319556914151,0.9743339099500946,0.374370223716588,0.35811681062781053,0.966642562615153,0.3461709515408322,0.3312066245692826,0.9495885603506282,0.3145100218033361,0.31229821318659884,0.9118453187656346,0.28476766375307233
27061.40280561122,0.38172020647155047,0.9741697750810224,0.37186028768227175,0.35804334595628484,0.9664479306824694,0.34603025079407895,0.3321794657242586,0.9493025191602594,0.3153388036253477,0.31111630837063425,0.9113596434249741,0.28353884786035555
27261.78356713427,0.38136777735988253,0.9740084636109846,0.3714554428970352,0.35820365330732445,0.9662534700599804,0.34611552299636444,0.33020154114560446,0.9490173075679404,0.31336697753278603,0.3104022069989086,0.9108798871116282,0.2827391272703661
27462.164328657313,0.38044545571037774,0.973848366815373,0.3704961857058817,0.35516778660854503,0.9660567413756618,0.34311223457265744,0.3309607888903644,0.9487323381961786,0.3139932030952073,0.3108878525384615,0.9104042915294899,0.2830336351354026
27662.545090180363,0.37821251405896755,0.9736894789051509,0.36826154572948316,0.3558667041369959,0.9658563021392823,0.3437160989122529,0.32950860764704454,0.9484470539782973,0.31252146818333004,0.31052254797666584,0.9099290020285603,0.28255347218777327
27862.925851703407,0.37717464046603394,0.9735335224179805,0.3671921562996334,0.35435022871885496,0.9656540649784912,0.3421797387884204,0.3299731002958149,0.94816096753965,0.3128676140385378,0.30964793329206514,0.9094588239892079,0.28161204526249023
28063.30661322645,0.37666274789520116,0.9733786273279313,0.36663546851179757,0.3528979779050962,0.9654523797613462,0.3407061925814421,0.32903747975648223,0.9478736136985197,0.3118859449790303,0.3092980548320611,0.9089854907793273,0.2811474441686123
28263.6873747495,0.3749472741862782,0.9732248003769344,0.3649079860718163,0.35398612967024246,0.9652497283309427,0.3416850154971234,0.3291798664388275,0.9475845916546001,0.31192576932035215,0.30940254972293824,0.9085158709228972,0.2810971269273002
28464.068136272545,0.37334273729916373,0.9730738561999407,0.36329005706793865,0.350808095861025,0.9650436054202708,0.33854510964034357,0.32873142749920997,0.9472935993078913,0.3114051771613477,0.308586197759528,0.9080413483503886,0.28020902709588147
28664.448897795595,0.3728928486222297,0.9729236059573874,0.3627962549172619,0.35037337151090814,0.9648338489566055,0.33805208860677216,0.32856672186294356,0.9470003730487666,0.3111528081756179,0.3082954101287861,0.9075685171298521,0.27979920820852194
28864.82965931864,0.3718350422144127,0.9727741594791303,0.3617115206550122,0.35098348863248374,0.9646237981764846,0.33856702590189947,0.32853642921965687,0.9467047125391632,0.3110269857830384,0.308134046613604,0.9070901416655919,0.27950535599472615
29065.210420841682,0.3699174515087322,0.9726273637234609,0.35979183565623934,0.3489132162025799,0.9644146700500287,0.3364970242801054,0.32810176090893145,0.9464065164494924,0.31051764458276604,0.307527682814423,0.9066119785716539,0.27880828098194005
29265.591182364733,0.3692101065896819,0.972480778000042,0.35904973170181226,0.34927556893678746,0.9642039261273293,0.33677287486920715,0.3283979465410237,0.9461057224570962,0.3106991764656221,0.3068476505333976,0.9061300960933589,0.27804389106384897
29465.971943887776,0.36880690660253,0.9723346002014506,0.35860371608290476,0.34733741385878475,0.9639894730513062,0.3348296105567334,0.32773275561529785,0.9458023235263335,0.30997040175663676,0.30706090404995895,0.9056464640304485,0.27808862199483814
29666.35270541082,0.3668810208419081,0.9721907355105863,0.3566783294971694,0.3459526153928647,0.9637729387297085,0.3334197687984098,0.32826580573136027,0.9454964122434301,0.3103741415811999,0.30684610216042596,0.9051625643901138,0.277745604704642
29866.73346693387,0.3657016289025941,0.9720465265673842,0.3554789981348011,0.3469697746080437,0.9635582693322288,0.33432559553192004,0.32740799521865716,0.9451881342358988,0.3094621521346386,0.3057389192937132,0.904675634409083,0.2765945507755874
30067.114228456914,0.3658098358744398,0.9719022283838991,0.35553139465111644,0.34555668231586634,0.9633447859022276,0.33289022814266234,0.3280837387772838,0.9448777123096203,0.30999901254186696,0.3055748965218458,0.9041917698751255,0.2762983065154961
30267.494989979965,0.36417780976945535,0.9717599019751253,0.35389339272308173,0.3446829088888605,0.963129469961434,0.3319742673428935,0.3270241333076657,0.9445655174721335,0.3088957197036312,0.30581169890006993,0.9037055798802449,0.27636373868865055
30467.87575150301,0.3624018466429947,0.9716166016141814,0.3521156506539702,0.3439425264109747,0.9629112200461282,0.33118611773213935,0.32773089315686477,0.944252047353575,0.30946056684438533,0.3052214031518957,0.9032245393948001,0.2756834612753056
30668.25651302605,0.3628138421160553,0.9714727348279877,0.35246375543393393,0.34285197529196076,0.9626935352118025,0.33006138014816727,0.3263912906304202,0.9439379274182985,0.30809311840506237,0.3041921816971868,0.9027425875690386,0.27460723722358954
30868.6372745491,0.36170813077893704,0.9713304949389858,0.35133813769296035,0.3426399080103075,0.9624795523007952,0.32978390526214646,0.32702410439114726,0.943623905541023,0.3085877625916296,0.3043869442615906,0.9022671291248303,0.2746383343419851
31069.018036072142,0.3593342424069497,0.9711866678803709,0.348980625538523,0.3421763827297152,0.9622667312012813,0.32926494930360156,0.325325184936473,0.9433107113228003,0.30688273161364593,0.3042127815492356,0.9017923111140335,0.27433674734371377
31269.398797595193,0.3598125514151799,0.9710418598533367,0.34939304912477065,0.3410716727267984,0.9620520749319209,0.32812871044731745,0.32581357053214827,0.9429989470829652,0.3072418539571572,0.30351733678946224,0.9013242238460316,0.27356752800557665
31469.779559118237,0.35935404695560097,0.9708983630639333,0.3488962559495928,0.34030028852927163,0.9618360502627769,0.327313085422278,0.3238206984372828,0.9426890811229649,0.3052622366584388,0.30307073046036215,0.9008587123188717,0.2730239079840617
31670.16032064128,0.3565273173809096,0.9707527738205487,0.34609988229031713,0.34026973869905436,0.9616235585214647,0.3272113969849536,0.3241166387048965,0.9423814371053482,0.30544150377247525,0.3031164612754525,0.9003983538851696,0.2729255627679152
31870.54108216433,0.35682475487891,0.9706058353725144,0.34633618929083715,0.339207009116186,0.9614153841638171,0.3261188369804974,0.3220492368434705,0.942076258447724,0.3033949400814416,0.30251636764147855,0.8999419905675737,0.2722471820745442
32070.921843687374,0.35700986386328826,0.9704600302828806,0.3464638032960538,0.33871562772222047,0.9612079342411779,0.3255761488180794,0.3221153473524047,0.9417738254206676,0.3033598029027813,0.3021228372060753,0.8994886083473279,0.271756050388439
32271.302605210425,0.3539707816620111,0.9703117085753665,0.34346199394022403,0.3385056576900696,0.9609986451276301,0.3253034784081942,0.32029486822954156,0.9414744600928396,0.30154943813691487,0.3020491173062115,0.8990393791819746,0.27155405090543977
32471.68336673347,0.35389933566364834,0.9701617986614087,0.3433396160325227,0.33699100218636757,0.9607900149606811,0.323777590032255,0.3201149958068105,0.9411784830817919,0.3012853461651881,0.3015834508714908,0.8985909114868552,0.2710001480079641
32672.064128256512,0.35459353204164606,0.9700129792309492,0.3439603284317421,0.33748669633222306,0.960586973054373,0.3241853240758905,0.31884003871134653,0.9408861650174484,0.2999921812771336,0.30091859004649224,0.8981458470734315,0.27026878195744947
32872.44488977956,0.3515922667696735,0.9698613295079913,0.34099574329396387,0.33692958512925264,0.9603876036998533,0.3235829968778687,0.3184339022449098,0.9405976134230868,0.2995181684845627,0.30092541453324706,0.8976992220146832,0.27014051051094196
33072.825651302606,0.3510929710965518,0.9697080204818452,0.34045767000712696,0.335355817092287,0.9601878381924727,0.32200457703911334,0.31779082511733164,0.9403127271239013,0.2988227574210329,0.3008240269922558,0.8972550801524083,0.2699158864507067
33273.206412825646,0.3520484741096726,0.9695558615348205,0.3413306616174226,0.33603734402811697,0.9599863136305601,0.3225912511357563,0.31720032235345585,0.9400312547797611,0.2981782170384638,0.3000121471385498,0.8968077548277827,0.2690532200963852
33473.58717434869,0.3493245426162454,0.9694007434034527,0.33863547130125937,0.33462180639595096,0.9597874725769291,0.3211658178298963,0.3170579797170442,0.9397528174123554,0.29795612972216173,0.2996249388796875,0.8963618209530212,0.26857235581713435
33673.96793587174,0.3484276595108473,0.9692439907717644,0.33771141519955916,0.33456225089438324,0.95959455260778,0.32104411346644757,0.3163398285228866,0.9394769451498133,0.2971939757298973,0.29977380954456306,0.8959121349670471,0.26857099371627446
33874.34869739479,0.349394957702401,0.9690886218143115,0.3385946780286894,0.3351105114912124,0.9594035873551413,0.3215062268850855,0.3165143635438291,0.9392031534675714,0.29727128835814565,0.29942668489520896,0.8954629534761771,0.2681255036058444
34074.729458917835,0.34711263254365177,0.9689302856878438,0.33632794221638007,0.3324692260122398,0.9592106166032519,0.3189080112848065,0.3157360734145039,0.9389309446051127,0.29645436965698935,0.29861269304102495,0.8950103013574864,0.2672614363878183
34275.11022044088,0.34593119257891536,0.968770459331088,0.33512792033162686,0.3330373779340163,0.9590161862725031,0.3193882360724746,0.3160765715201545,0.9386598093540285,0.29668837436438317,0.29853173636039515,0.8945579979542325,0.26705395240435587
34475.49098196393,0.3466908785231477,0.9686124033181809,0.3358090850547976,0.3329906099528065,0.958826058732473,0.31928007413597165,0.3153120210390688,0.9383892771127295,0.2958854194878055,0.2984839214456646,0.894103180404201,0.26687542346408644
34675.871743486976,0.34491381221037987,0.9684514507381597,0.33403228181477157,0.33199856205583794,0.9586403898346115,0.31826723095373893,0.31569833120811,0.9381188996403836,0.2961625710912575,0.2979893294364247,0.8936490131392861,0.26629787017689854
34876.25250501002,0.34363042402151417,0.9682892970998389,0.3327336617379116,0.3329044001773955,0.958454376158701,0.3190736791925121,0.3150138278754273,0.9378482356978151,0.2954351626933847,0.2974697776402143,0.8931940314167137,0.26569822991509645
35076.63326653306,0.3440046678831499,0.9681293590377581,0.3330410186237107,0.3302692055529337,0.9582646942334583,0.3164853192739092,0.31534172435515073,0.9375768941885686,0.2956571145289699,0.2974742911543975,0.8927401961984484,0.26556725704917117
35277.01402805611,0.34269669656081264,0.9679667190300832,0.3317189969924178,0.32998619632882153,0.958074325019468,0.3161513023134773,0.31479757954568494,0.9373045173397964,0.2950611933558044,0.2971072728095307,0.8922876459948157,0.26510514906315563
35477.39478957916,0.3415144944710177,0.9678032067689101,0.33051882290711415,0.33106896325738244,0.9578889325210367,0.3171272958054604,0.3149947706999522,0.937030758785756,0.29515978900252143,0.29672353028157805,0.8918368182394388,0.26462896914309636
35677.775551102204,0.34141919530902803,0.9676424341738449,0.33037170122250326,0.3297862977674198,0.9577055926595164,0.31583818175433453,0.3146342001117922,0.9367553252647784,0.2947352624651453,0.29653342650282244,0.8913891894175013,0.2643266906855451
35878.156312625244,0.3404469144180627,0.9674792063449891,0.3293753105637877,0.33004635808681876,0.957519484936724,0.31602581880053227,0.31466363076868026,0.936477963186856,0.29467555603123463,0.2963254651291733,0.8909435425392341,0.26400925964677197
36078.53707414829,0.33954154602993253,0.9673154419328243,0.3284437806524986,0.32848608901375104,0.9573288686314314,0.31446921595669797,0.3144929316017475,0.9361984334513034,0.2944277898970639,0.2958006447659512,0.8905026793515466,0.2634112667179946
36278.91783567134,0.3390260063109473,0.9671549964733236,0.3278906959380292,0.3276306521230383,0.9571388257163761,0.31358801764173544,0.3143391685740691,0.9359165652418662,0.29419523497282674,0.2956668661501589,0.8900634471125677,0.2631622700825806
36479.298597194385,0.3381875096735159,0.9669923109629978,0.3270247215180143,0.3285066655485764,0.9569532540925484,0.31436552258780265,0.31430049879987015,0.9356322912119847,0.29406969582119213,0.2955984298399651,0.8896299003842071,0.2629732016922562
36679.67935871744,0.33767804886335534,0.9668294484595616,0.3264770817394588,0.32774259823603785,0.9567673228718747,0.31357340830536634,0.3139640768806821,0.935345700927532,0.2936649495560272,0.2950981749240494,0.8891972192092754,0.262400476536197
36880.06012024048,0.3368820784132451,0.9666704252422698,0.32565394199623127,0.32716018387792206,0.9565765362367962,0.312953755488536,0.3139254550110271,0.935057172143479,0.29353824822646596,0.29467997058647427,0.8887701609978841,0.26190276490099246
37080.44088176353,0.33597598526713895,0.9665093754589539,0.32472393968974916,0.32670769426170587,0.9563817555235529,0.31245727818106245,0.313430608180294,0.9347673589110258,0.29298470181056996,0.2947104127664421,0.8883430354713531,0.2618039426619566
37280.821643286574,0.33588759465466017,0.9663484324127454,0.3245844505614185,0.3261859707564217,0.9561893228081014,0.31189554248708606,0.31326274199539755,0.9344769557679068,0.29273681349536634,0.2945531984750203,0.8879206459255409,0.2615398662493741
37481.20240480962,0.33499540107105613,0.966191785592001,0.32366980472595225,0.32605110980086,0.9559998761110482,0.3117048205754919,0.3126532631132313,0.9341864780024406,0.2920764507037199,0.2939621630857142,0.8874972717478311,0.26089061773566236
37681.58316633266,0.3338608252516772,0.9660332828233206,0.3225206690239807,0.32582871114953843,0.9558082060444334,0.3114297558816102,0.31235325772986927,0.9338961885495453,0.2917055168749587,0.29375449792177366,0.8870770638160786,0.2605828774992134
37881.96392785571,0.33412611826237,0.9658750354721518,0.322724076328839,0.32518357007662635,0.955610558327026,0.3107488529597005,0.3116804420024284,0.933606164572488,0.29098678203014494,0.29375248675584514,0.8866553558617966,0.2604572156797916
38082.344689378755,0.3333433683284532,0.9657214951320321,0.3219168560545015,0.32493800305444676,0.9554105297894164,0.310449189646964,0.31129188455005147,0.9333164785268877,0.29053384548225253,0.2934667092719284,0.8862348370704001,0.26008042127719394
38282.7254509018,0.3318598719751348,0.9655661367744921,0.32043265453350844,0.32515512493058724,0.9552147317607732,0.31059296544121157,0.3106117650188086,0.933027353187494,0.2898092729843948,0.29302715473143104,0.885812911456642,0.2595672370685049
38483.10621242484,0.3323678742445076,0.9654110905887903,0.320871631951068,0.32448536612218987,0.9550203041457138,0.3098901130448471,0.3102384703770545,0.9327392293560601,0.28937159177609667,0.2929365370980569,0.8853902519474129,0.2593631543858513
38683.48697394789,0.3318661058672818,0.9652610364503061,0.32033742131217946,0.32404853340230405,0.9548224232054809,0.3094088058993702,0.30960638048023303,0.9324527435210064,0.28869331889040184,0.2927748245157087,0.8849669122392626,0.2590960324330587
38883.867735470936,0.33000840091056377,0.965109098190514,0.3184941101980878,0.32407674696890565,0.954619073731088,0.3093698440092409,0.3093841741787844,0.9321685214431554,0.28839818820214913,0.292466350246212,0.8845414119457304,0.25869859839339887
39084.24849699398,0.330600786856792,0.964957408129674,0.3190156784109608,0.3233677466952019,0.9544156986011615,0.30862725386718454,0.30884340233514,0.9318869427924252,0.2878071340037046,0.2922528420813335,0.8841164902363627,0.25838555700255056
39284.62925851704,0.33049427331469683,0.9648108538694556,0.3188644620357179,0.323833897732937,0.9542175840213897,0.30900799951895297,0.30874116801343293,0.9316081308965797,0.28762578246382114,0.2921257396501875,0.883688705138267,0.2581482166090327
39485.01002004008,0.3283332331942148,0.9646622797942135,0.3167306852653364,0.3235711801392894,0.9540197884617663,0.30869330882880897,0.30832166309142994,0.9313320523063868,0.2871498472574598,0.29181087647626897,0.8832630451981096,0.25774576337835875
39685.390781563125,0.32883136341888336,0.9645137202077442,0.3171623616521319,0.32225833259231035,0.9538177355347507,0.307375713050402,0.30821409881235834,0.9310585758060276,0.2869653798835726,0.2915933790524746,0.8828347460795183,0.2574287667542602
39885.77154308617,0.329149742604486,0.9643703671730173,0.31742225813039227,0.32284952788533894,0.9536123344842657,0.30787329197388114,0.3079387825237683,0.9307875345371686,0.2866255801736756,0.2915256289355186,0.8824099062880545,0.2572451029095571
40086.15230460922,0.32681625612959786,0.964224744166144,0.3151243209558985,0.3222309390125582,0.9534097541040837,0.3072181203286911,0.30774762333803285,0.9305187526586757,0.28636493460217827,0.2912911599649719,0.8819834288653657,0.2569139760640757
40286.53306613226,0.32708340655623963,0.9640787956784638,0.31533417667914887,0.3221897839705712,0.9532121467107403,0.30711521562685784,0.3076240664619986,0.9302520208105123,0.2861679094762215,0.2909200831171642,0.8815612290947221,0.256463866041106
40486.91382765531,0.327756298169534,0.9639380438419214,0.31593676491441014,0.3226622215878363,0.9530141929986928,0.30750167671769724,0.30732262296595886,0.9299871108830491,0.28580607824111265,0.2908278437164519,0.8811388543600399,0.25625971302831513
40687.29458917835,0.3254128657172363,0.9637946851742629,0.31363119046559845,0.3206356815523887,0.9528116745133761,0.3055054206486691,0.3073341668696321,0.929723787257497,0.28573588557566193,0.29078148465148973,0.8807208878045973,0.25609732731939894
40887.6753507014,0.325387160012612,0.9636506055136745,0.31355953377252843,0.321010424670379,0.9526083542929382,0.30579721235612695,0.30692514281643857,0.9294617793648234,0.28527518937396956,0.29049070531201254,0.880304284563688,0.2557202125120923
41088.05611222445,0.3262690690095957,0.9635116142878732,0.31436403737363705,0.3212442974260221,0.9524106658554282,0.30595649521377694,0.3070396428576927,0.9292007963814484,0.28530148066404354,0.290164688755,0.8798914578159123,0.25531343099533743
41288.4368737475,0.3240895906787217,0.9633696867190062,0.31221808744105106,0.320588145995333,0.95221681645348,0.3052694237723994,0.3065449896346226,0.9289405419620786,0.2847620688069461,0.2901508778692079,0.8794812838190121,0.25518226656962434
41488.81763527054,0.3237645307646907,0.9632265570527235,0.3118585942642636,0.32120631295990526,0.9520219633649359,0.3057954647093011,0.3067300213395703,0.928680688755801,0.28485424747971366,0.29003928303588006,0.8790736268417558,0.2549658844649336
41689.19839679359,0.3246983410809833,0.9630883981647779,0.31271320519844487,0.31933193105581,0.9518230962330709,0.3039475073436266,0.30618675160485004,0.928420894828401,0.2842701779095762,0.289762018316859,0.8786693655574356,0.2546050087971165
41889.579158316636,0.32281405554977816,0.9629469811967184,0.31085282027952865,0.3190446601622164,0.9516254356378819,0.30361101371480914,0.30639940418240846,0.9281608255547317,0.28438792393542217,0.28953014057860305,0.8782660906896731,0.2542845047028012
42089.959919839675,0.3222472797275169,0.9628038436968338,0.31026091954250207,0.31984752227641183,0.951434988251031,0.30431412359917925,0.3058474817984184,0.9279001376243676,0.2837959204528187,0.28950848181110644,0.877866281822254,0.2541497344835217
42290.34068136272,0.32307121609477657,0.9626655993377966,0.31100954587066887,0.31914140812615216,0.9512470486512192,0.3035823225823965,0.30602068529469384,0.9276385190985419,0.2838765753202907,0.2893116116422026,0.8774659979144106,0.2538611020178517
42490.72144288578,0.32154937833984276,0.9625237798148574,0.30949892303678306,0.3192066155991514,0.9510570611297149,0.3035837057248916,0.30550047777369194,0.9273757704349405,0.28331374094361994,0.289097563106892,0.8770686496719736,0.25355840929761997
42691.10220440882,0.3208595553897678,0.9623797764140258,0.30878874717630844,0.31817196880976006,0.9508646802093035,0.30253848737385697,0.3055420168810472,0.9271118572546145,0.28327162673990847,0.28896448605734165,0.8766697615331726,0.2533264270834455
42891.482965931864,0.3214226611344945,0.962240594588984,0.30928593256442954,0.3175570451999559,0.9506749632442973,0.3018935322734358,0.30509395043181176,0.9268469227093976,0.28277538909497824,0.28885602781983777,0.876272845383636,0.25311669340390397
43091.86372745491,0.3202732365117443,0.9620976179948594,0.30813411795545337,0.318040111610606,0.9504918991454668,0.30229454968920116,0.304947499694976,0.9265811604450951,0.28255860814220113,0.2886106138867463,0.8758739425874383,0.2527865162575654
43292.244488977965,0.3195994773739199,0.9619520331763456,0.3074393670619397,0.31781516118934294,0.9503098819576462,0.30202288831419477,0.3046033110131904,0.9263146277306943,0.2821585026467203,0.28850056239767774,0.8754759038709342,0.25257529063237977
43492.625250501,0.3198243692107989,0.961811254006878,0.3076106776125972,0.3172909481698791,0.9501243498489478,0.30146585584286256,0.30428288265611164,0.92604724437405,0.28178032499388456,0.2884456640721729,0.8750761126720258,0.2524119104333781
43693.00601202405,0.3189822654825133,0.9616665803934128,0.3067545844527123,0.3169398857271303,0.9499381873928384,0.3010733005601235,0.3040554509730619,0.9257789082174944,0.28148812343941915,0.28821083896277216,0.8746762002563201,0.25209116149664373
43893.3867735471,0.31845983733297567,0.9615189159033646,0.3062051575511646,0.31668351856795024,0.9497560358592047,0.30077208321704124,0.30359026010951673,0.9255095604928564,0.28097568820387075,0.28799684370000234,0.874275395465523,0.25178855441864195
44093.76753507014,0.31835498760533565,0.9613761513189322,0.30605889273720394,0.3164277005694776,0.9495783231206457,0.30047288529568633,0.3034819275718306,0.9252392649272665,0.2807933955852705,0.28799115154996385,0.8738738370772106,0.25166793264925136
44294.14829659319,0.3177030995727219,0.9612294732211671,0.3053855830430195,0.3165482488370682,0.9494000707483179,0.3005309298411687,0.3029384507831337,0.9249682895294559,0.2802084606535784,0.2879360248356775,0.8734726365578029,0.2515042387731922
44494.52905811624,0.3174298865909739,0.9610795389345705,0.3050753690489062,0.31606938229774323,0.9492170953434489,0.3000184609916619,0.30294591765220824,0.9246970469054704,0.28013319542506476,0.2876049320501817,0.8730705835816082,0.25109940586600094
44694.90981963928,0.31706564787741437,0.9609346541816062,0.3046793686959501,0.3157521614331052,0.9490343069875794,0.2996596337054973,0.30240006700412986,0.924425931677844,0.2795464636797352,0.28750788222776136,0.8726702125543364,0.2508995646947476
44895.29058116233,0.3164765164255085,0.9607859678256037,0.30406619612795777,0.3160343723800109,0.9488565664616833,0.29987128946037017,0.3025060855544813,0.9241552314703583,0.27956258151679364,0.28753353638005397,0.8722693993418321,0.2508067050688625
45095.671342685375,0.31648659724586153,0.9606338568415488,0.30402774055094983,0.3154452738174816,0.9486808070691238,0.2992568769513092,0.30195418490930315,0.9238851267167035,0.27897098038757046,0.28739172126803564,0.8718713528328751,0.2505686088149308
45296.052104208415,0.3159772496555319,0.9604869946510635,0.3034920388997506,0.3153333216221839,0.948502855364112,0.2990945559500913,0.30212415902607936,0.9236157468036752,0.2790466307663046,0.2870751358948662,0.8714736079716967,0.2501784044372642
45496.43286573146,0.315337785142339,0.960336588798953,0.302830412903011,0.31540360468437967,0.9483203811827731,0.2991036666207116,0.3015557346473743,0.9233472317825904,0.27844065281481845,0.2871103170879451,0.8710792286206339,0.2500958335379928
45696.81362725451,0.3156060504205544,0.9601826428649322,0.30303945159697093,0.3147524642593403,0.9481379773786537,0.2984287648377979,0.3017525662469924,0.9230797253292361,0.2785416759686659,0.287051296080321,0.8706859722752274,0.24993153682055844
45897.19438877756,0.3150983072908308,0.9600342289369428,0.3025051604792886,0.3151203107058093,0.9479606119871403,0.29872164258625683,0.3011853010062276,0.922813358811495,0.27793781924620803,0.2868341318677653,0.8702960882286818,0.249630622934986
46097.5751503006,0.3143175733835783,0.959882602762722,0.301707970433492,0.3148857732065937,0.9477833672174525,0.2984434984186165,0.3013771679938663,0.9225482638554303,0.27803498309840774,0.2866788924980839,0.8699079909568221,0.24938425942273498
46297.95591182365,0.3147802194845206,0.9597274143005039,0.3021032061188241,0.3141573512743029,0.9476023474586438,0.29769624353891916,0.3008401006496356,0.9222845511297204,0.2774601771894691,0.2867508661586594,0.8695226772946787,0.2493363808588456
46498.336673346705,0.31441121907114783,0.9595780591267912,0.3017021073639804,0.31459266758054505,0.9474183793488347,0.29805087527418667,0.30099279977943544,0.9220222930848953,0.27752207145467783,0.2865415125421902,0.8691394934255015,0.24904454505629614
46698.717434869744,0.3134569809696122,0.9594258932790987,0.30073874397133965,0.3140327499608547,0.9472347142023273,0.2974627221593411,0.3005106498794571,0.9217615401102356,0.27699915945241615,0.28636554279955645,0.8687580986751648,0.2487823844886242
46899.098196392784,0.3139994418890151,0.9592702182119512,0.3012103131393064,0.3139553200390152,0.9470547627333891,0.2973328811284348,0.30058792590355315,0.9215023066500884,0.2769924670712901,0.2864032947908971,0.8683790975289615,0.24870663465984033
47099.47895791583,0.313875670876802,0.9591206439495692,0.3010446355714614,0.3142559968996172,0.9468737527898152,0.2975607551210451,0.3001838361905774,0.9212445576038307,0.2765427253712093,0.28635837223651905,0.8680004532601491,0.24855919689613704
47299.85971943887,0.3127756964024524,0.9589687357814412,0.2999421141622196,0.3131224201882065,0.9466878168353162,0.29642918037016375,0.30015842209263366,0.9209882263577127,0.27644237278942435,0.2860656392479653,0.8676237540222737,0.24819734382110112
47500.24048096192,0.31326412528542585,0.9588133803178229,0.3003618348972251,0.31330801533741665,0.9465007153601608,0.29654626064493705,0.2998521801449393,0.920733206157019,0.27608385919802203,0.2860445154918151,0.8672464777712857,0.2480710985460706
47700.62124248497,0.31343298281103404,0.9586643718356874,0.30047703357912575,0.31335573872067757,0.9463151509062532,0.29653328317479843,0.29970758409194886,0.9204793462161585,0.2758746410609814,0.286140251907342,0.8668704457132814,0.2480465277074282
47901.00200400801,0.31225739026194843,0.9585135064464352,0.29930292605379316,0.3128702237142172,0.94613164989897,0.29601642096699216,0.29950566509969484,0.9202264919039393,0.2756130475000483,0.2859030353145028,0.866493293595899,0.24773306271872814
48101.38276553106,0.31258991522429613,0.9583592727387025,0.2995734438198091,0.3132280266006375,0.9459465574636976,0.2962969734640205,0.2992251543359352,0.9199745104051059,0.27527951486109425,0.28569893657588047,0.8661166345779905,0.24744860144961234
48301.763527054114,0.3130236344576875,0.9582115612901646,0.2999428654944225,0.31222111597222985,0.9457564079546931,0.2952851211295017,0.29911809502555065,0.9197232980105808,0.27510588085154175,0.2858150991998021,0.8657391919620177,0.24744133303178056
48502.14428857716,0.31187687380339885,0.9580624382181391,0.29879751813993516,0.31188899689176314,0.9455662265167531,0.29491170188303983,0.29869870868970627,0.9194727630071055,0.27464532698557875,0.28579184987874606,0.8653612627051274,0.24731319608190588
48702.525050100194,0.31199107285824557,0.957910037510525,0.2988593803045909,0.31232138916018426,0.9453792140838595,0.29526214942583423,0.298673779884434,0.9192227569620113,0.2745477353776343,0.28548006492688266,0.8649830246968014,0.24693541005109423
48902.90581162325,0.31261306805392847,0.9577642039343542,0.2994096062641469,0.3119133364878832,0.945193296011417,0.2948183945849005,0.29814050364032785,0.9189730506004129,0.27398308813789557,0.2854887978145677,0.8646039543748237,0.24683474352018978
49103.286573146295,0.31160280307227367,0.957617387703106,0.2983962622790361,0.31180320361551017,0.9450056380571871,0.2946557853809502,0.29818265056734256,0.9187233893658477,0.2739473753793212,0.28557858088324645,0.8642254075844318,0.2468042654612073
49303.667334669335,0.3114746347751362,0.957467331308053,0.2982267873283001,0.31122361880848426,0.9448144386333206,0.2940485686939686,0.2975694356640505,0.9184735284683135,0.27330964953868525,0.2853815140381167,0.8638464376641812,0.24652580427703763
49504.04809619238,0.3121827933818176,0.9573237768121814,0.2988600108160585,0.3107276394868807,0.9446234744674635,0.2935206224251707,0.2976542216327769,0.9182232540769828,0.2733130279773998,0.28520318097556946,0.8634685534242893,0.24626397810898074
49704.42885771544,0.3113903204813238,0.9571796096251587,0.2980564653993666,0.31088949262085674,0.9444368440536449,0.29361549126028086,0.2970025310510794,0.9179724356435134,0.27264013682124755,0.28536327254252264,0.8630906884618761,0.24629438336045983
49904.80961923848,0.31104933093301146,0.9570321750447827,0.29768421772904435,0.31089901769917616,0.9442510072842635,0.29356671062613515,0.2970982152424279,0.9177210262331772,0.2726532789843263,0.28525886611770856,0.8627146883653284,0.24609701378618587
50105.19038076152,0.31171732592184304,0.9568910755849381,0.2982795272798131,0.31037992014902055,0.9440633391143678,0.2930183038099352,0.2964482940321786,0.9174690011849206,0.27198212022867657,0.28502281964218446,0.8623393845160312,0.2457864028632651
50305.57114228458,0.3111914092300082,0.9567496358408041,0.297732267457597,0.3100031597221698,0.9438745149521278,0.29260408201639004,0.29652907514014065,0.9172163328032842,0.2719813108695893,0.2850794911844268,0.8619663945881274,0.24572894118725824
50505.95190380761,0.31071843488578477,0.9566048634970578,0.2972347659899356,0.30985528602833823,0.9436864071156835,0.29240622159788493,0.29589683344932205,0.9169629912901082,0.27132644551296126,0.28518315096173896,0.8615948285339843,0.24571232805366083
50706.33266533066,0.3112211811150397,0.9564661268607991,0.2976725176981453,0.3094744717247152,0.9435025481105551,0.2919899526474367,0.29594309639576355,0.9167089500910081,0.2712936851836424,0.2848852094020407,0.8612259524887537,0.24535053581723054
50906.71342685371,0.3109701941891478,0.956327258583444,0.2973892733100689,0.3096937431588541,0.9433194740387904,0.2921401389097145,0.2953420248669315,0.9164542199238429,0.27066744501015194,0.28481135914352,0.8608587186675282,0.24518234169424782
51107.09418837676,0.3104665068065725,0.9561849275009119,0.2968633943023039,0.30929723835878387,0.9431342972059842,0.2917088335272634,0.2953350460793165,0.9161988565104342,0.27058563150532616,0.28500177580220176,0.8604937570674835,0.2452422488309412
51307.4749498998,0.310732652384802,0.9560482295330998,0.2970754021706141,0.30874320562622565,0.9429499070954964,0.29112937706161524,0.294781690594899,0.9159429396747523,0.27000320824578505,0.2848979063022344,0.860130733391077,0.24504944508932322
51507.855711422846,0.3107022916722977,0.9559115592845921,0.2970039121057622,0.30898160767551397,0.9427672774923483,0.2912977490634532,0.2947069558695501,0.9156865843485383,0.26985920580394374,0.28460238686809974,0.8597692149855172,0.24469237074059058
51708.2364729459,0.31027519608114806,0.955771215510243,0.2965521013011579,0.30839798452060474,0.9425879699461431,0.29069223016475887,0.29422170043216317,0.9154299406687367,0.26933935377006996,0.28475444108387843,0.8594096022002723,0.24472070093665682
51908.61723446894,0.3102838042863385,0.9556360588191056,0.29651839184359524,0.30839706362644187,0.9424093294306518,0.2906362699305771,0.2940751225069551,0.9151731679640398,0.2691296614841032,0.2848512523970525,0.8590506037410345,0.24470164034807776
52108.99799599199,0.31038669372486527,0.9555010186952889,0.2965748020435714,0.3084614544451708,0.9422283216280263,0.2906411185088132,0.2936748294497733,0.9149164396712761,0.2686879293812558,0.28457945037869375,0.8586935507660167,0.244366538720722
52309.37875751503,0.31011936505347487,0.9553620639696511,0.29627627667444545,0.30767188034798604,0.942048854689863,0.2898419425020968,0.29345926138537864,0.914659943375925,0.2684154314018912,0.28449787400830556,0.8583359318657071,0.2441947478007315
52509.75951903807,0.309891999452921,0.9552278078297906,0.2960174553014044,0.3078863644264178,0.9418721140324618,0.2899895809440791,0.2931474408663377,0.914403855202728,0.26805515007099295,0.28471799998889796,0.8579797512355504,0.2442822788027581
52710.140280561114,0.3100374763821687,0.9550937285729837,0.2961148493152039,0.3076349322659099,0.941697683978327,0.2896991032256368,0.2928688129858243,0.9141483439846757,0.267725540395749,0.28458470016907844,0.8576224494104758,0.2440662276237509
52910.52104208417,0.309970504335505,0.9549554781082266,0.2960080311671603,0.3072389456044863,0.9415234433797665,0.2892726700059047,0.2926366933815579,0.9138935772032348,0.26743879453539815,0.2843663662846233,0.8572660350951594,0.24377762733923683
53110.90180360721,0.30957476128838635,0.9548214139550437,0.2955886112981722,0.30752346584224,0.9413470725767958,0.2894863143192629,0.2923071572363742,0.9136397045303973,0.2670634247695613,0.2845324723391091,0.8569087358379794,0.24381836117696085
53311.282565130256,0.3096713781610989,0.954687613237352,0.295639428904541,0.3068209651205714,0.9411716392157771,0.28877119068829493,0.2921441182172714,0.91338686969815,0.26684060163919976,0.28457554234566096,0.8565514804666426,0.24375360210077365
53511.66332665331,0.3098073829952621,0.9545493526658376,0.2957264368892247,0.3066645821334549,0.9409993973090734,0.2885711869636199,0.2917814472976206,0.913135220078058,0.2664359160928071,0.28431122634476996,0.8561936586778615,0.24342546908731819
53712.04408817636,0.3093447738846896,0.9544148116538721,0.2952432341032657,0.3068311009548269,0.9408285195676065,0.28867545046862864,0.2916731474631292,0.9128848753578708,0.2662640048671166,0.2843386689755062,0.8558355902133451,0.2433471525831293
53912.4248496994,0.30931530700355886,0.9542806377425626,0.2951736084308927,0.3062895042777125,0.9406570066940837,0.2881133682756878,0.2912957047654417,0.9126359105984823,0.26584692077203553,0.2845581610651015,0.8554776278791542,0.24343314062162733
54112.805611222444,0.30961693651071054,0.954141731179489,0.2954184398048193,0.3063237177235561,0.940484014665879,0.28809255983202753,0.29122109991386547,0.9123883569807443,0.2657067408685369,0.2843300863248357,0.855119372188853,0.2431361649124959
54313.18637274549,0.3091943102378471,0.9540061343893587,0.29497326868519264,0.30605942238521033,0.9403109289895126,0.28779101978903077,0.2908461206884194,0.9121421939408527,0.2652930186239209,0.28418649342672453,0.8547620890195103,0.2429118407925564
54513.56713426853,0.30900560499301916,0.9538710441459904,0.29475149908165466,0.30564135579199403,0.9401407241537931,0.2873458855656324,0.2907830576988812,0.9118973660365883,0.26516430440367506,0.2844266772792887,0.8544050885408996,0.24301560038420456
54713.94789579158,0.3093888394191194,0.9537310059047555,0.2950737290349016,0.30581269879944567,0.9399710404036593,0.28745508065916586,0.29043101429387996,0.9116538043454016,0.26477253908090936,0.2844533536667649,0.8540495186982029,0.24293724979119025
54914.32865731463,0.30909870128707595,0.9535939088134513,0.29475463876950414,0.3054480168425897,0.9397996651266638,0.28705994394226936,0.29036397749611753,0.9114114219486483,0.2646410456124018,0.28411740376504524,0.8536945693883669,0.24254948466294105
55114.70941883767,0.30876276195318225,0.953457543084233,0.29439218440778303,0.30510000273906074,0.9396274252409502,0.2866803300147105,0.2900514551607567,0.9111701202015439,0.2642862192634594,0.2842482911283939,0.8533416906257455,0.24256091730898274
55315.09018036072,0.30912876479417395,0.9533160635218725,0.29469741717496073,0.30518445438827085,0.939454698150918,0.2867069694776856,0.2899682498320943,0.9109297882710828,0.2641407164248861,0.284459045585078,0.852989785379498,0.24264066024287254
55515.470941883774,0.3090270920214985,0.9531772234099015,0.29455758553148803,0.3048856078625761,0.939283964876304,0.28637416258688253,0.28969583264725224,0.9106902779322781,0.2638231783493489,0.28424525060242045,0.8526402417144251,0.24235893917982512
55715.85170340682,0.30858738577472644,0.9530394158168095,0.29409594186718174,0.30467137811559974,0.9391130515919185,0.2861208676348561,0.2895865284902705,0.9104514100605174,0.263654463198497,0.28408523687856474,0.8522919482690504,0.24212356001370663
55916.23246492985,0.30885697243224014,0.952896410785879,0.2943087004768748,0.304524118754868,0.9389395193645882,0.28592972969862057,0.28934864301532676,0.9102129977064163,0.26336889574126426,0.2843838778176711,0.851946285552537,0.24227978837779143
56116.61322645291,0.30894908529937837,0.9527557966695179,0.2943530318947281,0.3041252626761013,0.9387655054150165,0.2855023059256049,0.289209177754441,0.9099748432737885,0.26317307620043867,0.2843494687869859,0.8516015955896625,0.24215246132407015
56316.993987975955,0.3084774421959789,0.9526165823989939,0.2938607267319166,0.30406356978201365,0.9385913730969839,0.2853914434704708,0.2890037053434634,0.9097367496056659,0.262917291523156,0.2841001422626981,0.8512590729765619,0.24184282373505372
56517.374749498995,0.3085867383744614,0.9524722119669776,0.29392029328319824,0.3040720797961864,0.938418376114814,0.28534682734419137,0.28883566777919834,0.9094985388101199,0.2626956178014261,0.2842395727930366,0.8509174364501799,0.241864408618745
56717.75551102204,0.30884475547121426,0.9523299835264579,0.2941221208901344,0.30359662909708074,0.9382447107677553,0.284847931457256,0.288656580286094,0.9092600431649082,0.2624638946507686,0.2844228748698303,0.8505772448352171,0.24192362527489197
56918.136272545096,0.30841740751842195,0.952189607609991,0.2936718502450569,0.303392704014841,0.9380680767852031,0.2846030103658642,0.28846268901586664,0.9090211104053314,0.2622186738797109,0.28417257390590134,0.8502377254740726,0.24161424287986635
57118.517034068136,0.3083322662710571,0.9520442373636159,0.29354595729662386,0.3032918253670337,0.9378911606072613,0.28445472209618206,0.28829772498022976,0.9087816216818112,0.26199967403471003,0.28414568791379435,0.8498988487553488,0.24149509303673045
57318.89779559118,0.3086929419537823,0.9519007401516796,0.2938450399254048,0.3028428933407955,0.93771489070051,0.28398029062849023,0.2880833837255948,0.9085414821489046,0.26173570443252353,0.2844284594356315,0.8495607970317016,0.2416392686966341
57519.27855711423,0.3083750203258656,0.9517596100282527,0.29349888908780036,0.30295398594269046,0.9375393217641825,0.2840312745064657,0.28792063640111026,0.9083006234481088,0.2615184935467047,0.2843143791542568,0.8492222721520436,0.24144610307087555
57719.65931863727,0.308107825042105,0.9516137751680357,0.29319965054713015,0.3026469509392576,0.9373628297182348,0.2836900023380183,0.2876961048298963,0.9080590212896413,0.2612450433806777,0.2841035481225234,0.8488844021816243,0.24117107060566662
57920.04008016032,0.308475552936109,0.9514695025017587,0.2935050808860746,0.30215066279901076,0.9371838622501052,0.2831707251434061,0.28752854074953965,0.9078166846125739,0.26102320659473843,0.28434753371088595,0.8485455793300594,0.2412818427237773
58120.42084168337,0.30831341636779536,0.9513281293807239,0.293307225656155,0.30230323508967744,0.9370046825121563,0.28325954681760096,0.28730346970048,0.907573652102501,0.26074905925778485,0.2844870269098404,0.8482073523018021,0.24130398785940727
58320.80160320642,0.3079162629926711,0.9511824821954202,0.2928845553417067,0.30176067768424447,0.9368270381683301,0.28269756191059886,0.28712597184942956,0.9073300063092143,0.2605180098496822,0.2841736265122496,0.8478684563221934,0.2409418540384206
58521.18236472946,0.3081945959632819,0.9510380117429974,0.29310477577485605,0.30166961498524814,0.9366499938009067,0.2825588430058546,0.2869058997751297,0.9070858600272731,0.26024828484442214,0.2842335553892679,0.8475298338479715,0.24089641797308445
58721.563126252506,0.30819859438091374,0.9508969624871665,0.29306510723962514,0.3017227494835374,0.9364719745255995,0.28255489896814107,0.2867184015887902,0.9068413436890533,0.2600081005571561,0.2845323653069351,0.8471907975229691,0.24105320148547912
58921.94388777556,0.3077448984852441,0.9507521798637014,0.29258913307677936,0.3009951559681402,0.9362925350492891,0.2818195176189661,0.2865096994705067,0.9065966107059644,0.25974872247434583,0.2843965834735115,0.8468522217207957,0.2408418785643469
59122.3246492986,0.30786490448301096,0.9506081283765359,0.29265888064341605,0.3010673246139099,0.9361131534972619,0.281833082659311,0.2863186892840021,0.906351821764148,0.25950546563767835,0.2841779720812268,0.8465137687704403,0.24056056614802027
59322.70541082164,0.30800017221561315,0.9504679555204795,0.29274429398572943,0.3008486088194884,0.9359359766181762,0.2815750365096875,0.2861300616416002,0.9061071346910209,0.25926449030303556,0.2844842326874242,0.8461760178923211,0.24072373516859707
59523.086172344694,0.30757474710990784,0.9503246535859223,0.29229586499900084,0.3004854150033796,0.935759418642838,0.2811820572542144,0.2859442812862847,0.9058627171932395,0.2590262636118618,0.2845638173862167,0.8458390728895692,0.2406951954758742
59723.466933867734,0.30748841014640327,0.950181626953758,0.29216983782233386,0.300643146090173,0.9355819008285656,0.28127628609012423,0.28578036382581334,0.9056187380004874,0.2588080524332532,0.2843057008079016,0.8455034546979376,0.24038145222339902
59923.84769539078,0.30770101669150474,0.9500427974196468,0.2923291346664666,0.30000634549407196,0.9354041255091957,0.28062717325409203,0.2856042878646355,0.9053753552566848,0.2585790835882768,0.284387285329899,0.8451688980881681,0.24035528857255617
60124.228456913836,0.30737594608481095,0.9499014673371478,0.29197686221010594,0.2998012265584201,0.935227068516932,0.2803822222520118,0.2854639827185744,0.9051327246839017,0.2583827924771815,0.2846740082742954,0.8448358092040728,0.24050279613978126
60324.60921843688,0.30706661912555644,0.949759992667106,0.2916395899290015,0.29989806430963434,0.9350523570236098,0.2804203918995417,0.285299195506422,0.9048909873750424,0.2581646707191115,0.28447601457616234,0.8445042534800136,0.24024120432261142
60524.98997995992,0.3072955154070265,0.9496228431555064,0.2918148410297572,0.2994645020630328,0.9348782169245048,0.2799628397208728,0.2851811994359927,0.904650254088699,0.25798924453109073,0.2843835941969143,0.8441741540931057,0.24006928006913716
60725.37074148297,0.3071157773933927,0.9494837942947201,0.2916014536072511,0.2994011088877236,0.9347031168908466,0.279851149677931,0.28502745038146465,0.9044106145736145,0.25778185156985084,0.2846833274177433,0.8438457824823231,0.240228825184497
60925.751503006024,0.30661521105008105,0.9493442577870187,0.2910833899605493,0.2990884537834307,0.9345287396631445,0.27950675576202816,0.2849319951853063,0.9041721348958551,0.2576275703868339,0.28469390482378676,0.8435187020548007,0.24014463307987358
61126.13226452905,0.3067889854757384,0.9492089627995394,0.2912068547017486,0.2987332002709552,0.9343557631007109,0.2791230873026858,0.2847853313582758,0.9039348501927343,0.2574273858384312,0.28443671579376045,0.8431936423210775,0.23983523039998603
61326.513026052104,0.3067737851697061,0.9490722896523237,0.29115049869632303,0.2987844347386117,0.9341847946509347,0.2791198758111856,0.28470967856748397,0.903698776613791,0.257291788211541,0.28464102234657035,0.8428691798650096,0.23991514506119163
61526.89378757515,0.30614244749353636,0.9489348872993457,0.29050924890982477,0.29849786346989415,0.9340141248659788,0.27880122072319763,0.2845639497855541,0.9034639086075331,0.2570932583220545,0.2848710132696084,0.8425463913792947,0.2400170442388717
61727.27454909819,0.3062039302488897,0.9488014337179277,0.2905267280302109,0.29818361978325775,0.933842530416262,0.278456546027078,0.28450327989824636,0.9032302099895249,0.2569719572452016,0.284617147204998,0.8422238371946236,0.23971134585038043
61927.65531062124,0.30633295882328265,0.9486670237627417,0.29060797632731805,0.2980828673570395,0.9336722388529438,0.2783116981289521,0.2843564811977557,0.9029976249987869,0.2567732271745856,0.2845846148560089,0.8419024390193285,0.2395924813546501
62128.03607214429,0.3056445820786952,0.9485317218663654,0.2899135817182304,0.29783829221789515,0.933503668658403,0.2780331384523586,0.28430831911266397,0.9027660775449168,0.25666390605872813,0.28492752877161737,0.8415809552037666,0.23978958182746643
62328.41683366733,0.3055696496017863,0.9483999134242447,0.2898022292274109,0.29759857824057445,0.9333364208240214,0.27775959185737525,0.2841622984488658,0.9025354645606415,0.25646655204116675,0.2848822368905827,0.8412600843910739,0.23966005464808948
62528.79759519038,0.30578449400970187,0.9482674748320932,0.2899654899773893,0.2974774751327812,0.9331690015067197,0.2775967584403975,0.284124848779939,0.9023056694485985,0.25636746188536463,0.2846333868872246,0.8409393609191723,0.2393594184652022
62729.17835671343,0.3051172722535039,0.9481340068917569,0.2892920619135977,0.29717785231512084,0.9330007897792241,0.27726717091490133,0.28397905343461105,0.9020765640147994,0.25617084877446905,0.28489024681053776,0.840618383366791,0.23948397871084032
62929.559118236466,0.30491091682266797,0.9480034984805854,0.289056615872812,0.296960964194041,0.932833981416589,0.2770152785544364,0.28394723299560753,0.9018480026081793,0.256077244923208,0.28507347963506247,0.8402975685974552,0.23954655180895915
63129.93987975951,0.3051414503242931,0.9478725912381687,0.2892352172130606,0.29690909742460037,0.9326687093273391,0.2769178246825472,0.2837998611402729,0.9016198362387232,0.2558795843258652,0.2848320299656995,0.8399762469843508,0.2392521395515224
63330.32064128257,0.3045570215479246,0.947740510982346,0.2886410272250914,0.29652988439774475,0.9325038913386975,0.2765152710991111,0.2837690138578503,0.901391916108799,0.255787095133632,0.2848493567391888,0.8396552770672936,0.23917526555528393
63530.701402805615,0.3042484832881171,0.94761084563383,0.2883091625314628,0.2963896766765321,0.9323383537735547,0.27633546322807406,0.2836229863480799,0.9011640876482021,0.25559084972842594,0.28517721772197874,0.8393342315374377,0.23935900088866158
63731.082164328654,0.3044302686448613,0.9474809357587383,0.2884418758089172,0.2963100375756245,0.9321723304716613,0.2762120182690154,0.28359005915813057,0.9009362046674123,0.2554965515793331,0.2850588854523411,0.8390134438308762,0.23916823717795996
63931.4629258517,0.3039567201444526,0.9473496891671414,0.28795330434911093,0.2958659276708775,0.9320073642152997,0.275749223409649,0.28345088247192357,0.9007081345473346,0.25530651558708206,0.28490262921705983,0.8386928556640798,0.2389457996842604
64131.843687374756,0.30359933683561335,0.9472203453583542,0.287575468687997,0.29585259191863506,0.9318433917301986,0.2756882827056312,0.2834105647722246,0.9004797531464884,0.25520547540519967,0.2851839598258953,0.8383728790610717,0.23909049746127284
64332.224448897796,0.30367077882754473,0.9470908717356392,0.28760382264041984,0.29563563793150527,0.9316789943984318,0.2754375138563637,0.2832805863559513,0.9002509608840998,0.2550236200667564,0.285295547541554,0.8380535385106838,0.23909294313854235
64532.60521042084,0.30331206326511867,0.9469598643947387,0.28722435029882515,0.29529053496678925,0.9315134853663362,0.2750671154226038,0.2832238952996061,0.9000216903432302,0.25490764899314555,0.28502641800731926,0.8377351159580956,0.2387766393404822
64732.98597194389,0.3029645029875565,0.9468303229624262,0.2868559782098591,0.29535891194733127,0.9313478933541975,0.27508190042553493,0.2831045163016251,0.8997918977811854,0.25473514999346375,0.2851562304972103,0.8374178036905677,0.23879490425165512
64933.36673346693,0.30288833208709964,0.9467007496524028,0.2867446110478232,0.2949268990421193,0.9311828367603993,0.2746308664869885,0.2830248397453446,0.8995615718245414,0.2545982697067111,0.2854469587556115,0.8371019976301749,0.23894821939178051
65133.74749498998,0.30262098292543904,0.9465694217678919,0.28645176882256396,0.29475874343728165,0.9310180644969721,0.27442571480853756,0.2829206870275492,0.8993307341021863,0.25443926915718074,0.28527493623862166,0.8367872823078031,0.23871443860564803
65334.12825651303,0.30233779169190367,0.9464392211451323,0.2861443440916246,0.29478593155536137,0.9308522219684979,0.27440213939336167,0.28281381603925915,0.8990994223356777,0.2542777386294465,0.2851480769388783,0.8364741003669787,0.23851898112882222
65534.50901803608,0.30211462461754807,0.9463090891452393,0.2858938152392878,0.2942723303122852,0.9306852312740026,0.27387491179422885,0.28272915187370756,0.8988676935285891,0.2541361006380137,0.2854845481441346,0.8361621932966983,0.23871138592851643
65734.88977955912,0.3018889217879303,0.9461769793645104,0.2856403481209128,0.2942561663500777,0.9305185529006115,0.27381082209415586,0.28259094848180016,0.898635627641248,0.2539462943546781,0.2855309592649216,0.8358516721993936,0.23866152976628166
65935.27054108217,0.30171273839535784,0.9460457579155603,0.2854340562680155,0.2940885529177936,0.9303519678554629,0.27360586393083475,0.2825264001941021,0.8984031770347517,0.253822615530573,0.28528339093118393,0.8355423776562535,0.2383663627644799
66135.65130260521,0.30137158228015226,0.9459147341486154,0.2850718201324778,0.2937331048971643,0.9301850238242578,0.273226135176742,0.28235877111961954,0.8981705850023824,0.2536063426370625,0.2854437961574045,0.835234193831039,0.23841241896760118
66336.03206412826,0.3011340967176514,0.9457815205738639,0.28480706389025734,0.29379595945065795,0.9300167622256017,0.27323516696326505,0.2823146131873932,0.8979379782459347,0.25350101299477096,0.28570344991281826,0.8349273967510267,0.2385416376784967
66536.41282565129,0.30107682918617495,0.9456490540547702,0.284713018717716,0.29338210635073364,0.9298477693728134,0.2728006971641272,0.2821289376774336,0.8977054862201882,0.2532686951745057,0.285502899906536,0.8346209584515435,0.23828670396068816
66736.79358717434,0.30066926995924265,0.9455169593244107,0.2842878938941535,0.2931837523147571,0.9296794071606816,0.27256689704112746,0.2821054528590114,0.8974732383277659,0.2531820943272979,0.2854574854983438,0.8343155372028389,0.23816161536212233
66937.17434869739,0.30037582057016643,0.9453824905325134,0.2839700413463713,0.2932143576995341,0.9295108556913187,0.27254592852627435,0.2819140613381936,0.8972413650114227,0.25294495721099475,0.2857691063159617,0.8340101463470851,0.23833433418005096
67137.55511022043,0.30041917265535145,0.9452487106229467,0.28397083559888336,0.2927959996619487,0.92934156693067,0.2721074931168673,0.281908110058161,0.8970099830812739,0.25287438903374493,0.2857425136944466,0.8337053596447779,0.23822506514543146
67337.93587174348,0.3000104334907196,0.9451155324796666,0.2835445205980371,0.29269481844624506,0.9291712252429726,0.27196360307796696,0.2817153676818806,0.8967791959646867,0.252636480920653,0.2855381933440218,0.833400385788444,0.23796764049024308
67538.31663326653,0.2996300783374828,0.9449798429127693,0.28314438435929523,0.29255355113017856,0.9290008829688498,0.27178250731560843,0.28172028816710654,0.8965491001164251,0.25257607084075934,0.28577102508022806,0.8330956740601198,0.23807460476606399
67738.69739478957,0.2997424420984032,0.9448448408527976,0.28321010000129465,0.29227612136997483,0.9288313410332114,0.27147522176405936,0.28152808462167805,0.8963197747498848,0.25233918939386896,0.285956801050501,0.832791157038567,0.23814229520989402
67939.07815631262,0.29939255161441364,0.9447107264555701,0.28283935493103946,0.29224858980611,0.9286615181619995,0.2714000190900456,0.2815378593815861,0.8960912823907425,0.25228362145479005,0.2857102357748672,0.8324862758354482,0.23784985014828705
68139.45891783567,0.298917727844399,0.9445740389260873,0.28234992549659294,0.2919115019008145,0.928490893498612,0.27103717122240906,0.2813520891945161,0.895863675363819,0.2520531166970882,0.2857497468609535,0.8321817304662701,0.23779571882304693
68339.83967935872,0.29905515075698597,0.9444380530593077,0.2824390643382856,0.29166464345223614,0.9283199607927939,0.27075811037422404,0.28135946835717646,0.8956369861315697,0.2519959462590023,0.28606647566654664,0.8318768114198498,0.23797206763160086
68540.22044088176,0.2988087207353716,0.9443032848194217,0.2821660565231007,0.29164363708570934,0.9281497687902611,0.27068897433025196,0.28118644783341423,0.895411430986767,0.2517775596286034,0.28598276038933773,0.8315724932736589,0.23781539709024496
68740.60120240481,0.29825994723181043,0.9441659972254257,0.28160690051052517,0.2914408276367915,0.9279803860362548,0.27045137173711536,0.2811801129019087,0.8951868135598318,0.2517087293050534,0.2857856278019841,0.8312684032408725,0.2375645624921456
68940.98196392786,0.29836651311215595,0.9440293851589062,0.2816667559252753,0.29123068670500396,0.9278107316336441,0.27020695650593834,0.28102569022833696,0.8949631130742937,0.25150762658060455,0.28607170349944366,0.8309648256249719,0.23771552321465386
69141.3627254509,0.29824970650287197,0.943894349379439,0.28151621267213695,0.29101843473036004,0.9276405386810266,0.26996049755938034,0.2809952963461133,0.894740288754533,0.251417812591387,0.2862001214684349,0.8306618212999598,0.23773551415523983
69341.74348697395,0.2976622369893114,0.9437569781492994,0.28092081329019314,0.29080666361217095,0.9274709866553521,0.26971474322633127,0.28086567392715706,0.8945182880000273,0.25123948179929445,0.28597386375285677,0.8303596055616109,0.237461144706752
69542.124248497,0.29769543402933274,0.943620193325422,0.28091142301085437,0.2906549844432058,0.9273026633519769,0.26952514119071214,0.2808055117962059,0.894297039586277,0.25112353789885633,0.28603513847082207,0.8300583589733291,0.23742585764779953
69742.50501002005,0.2976992406265571,0.9434853285543708,0.2808748658529339,0.290547213540995,0.9271349763692711,0.26937648396048797,0.2807082039237183,0.894076454970777,0.25097459584533205,0.2863307175063074,0.8297580689107821,0.2375852232278723
69942.88577154308,0.297119673626643,0.9433484281579427,0.2802873770904946,0.2902744316061485,0.926967020886393,0.26907482510544256,0.28061390212295034,0.8938564381465476,0.2508285430460243,0.28619244714830805,0.8294590891840389,0.2373849265429868
70143.26653306613,0.29705835080569815,0.9432119850562869,0.2801889967409894,0.29009400888614656,0.9267990473098872,0.26885885106598656,0.28055305341714537,0.8936368810377399,0.2507125556213122,0.2860907618100382,0.8291614888777007,0.23721544201656689
70343.64729458917,0.29714527109104183,0.9430777257500654,0.2802310864779264,0.29002033880420586,0.9266325151961183,0.26874227600417167,0.28041970340652783,0.8934176666543289,0.250531917101359,0.2863619674672151,0.8288649956550859,0.23735541092049509
70544.02805611222,0.2966199169126112,0.9429418038386577,0.2796953195080504,0.28971493493189265,0.9264672585598229,0.26841140153018805,0.2803956287969904,0.8931986819869956,0.2504490060763867,0.2864201161473281,0.8285697543035399,0.237319045263783
70744.40881763527,0.29646013638168817,0.9428062156585886,0.2795044592756485,0.28961272660208465,0.9263023005838541,0.26826893492987375,0.28022219227629674,0.8929798158380352,0.250232761652618,0.28619723084154836,0.8282756223382259,0.23705018948676038
70944.78957915831,0.2965836457459532,0.9426729513269939,0.27958138065065735,0.2894551003648281,0.9261370400277587,0.2680750898728197,0.28023359761948125,0.8927609622471074,0.2501816162647368,0.2863599702023237,0.8279824907787198,0.23710104138743993
71145.17034068136,0.2961415647963882,0.9425383947140721,0.2791247950913011,0.2891628351835509,0.9259723890597467,0.2677568013222024,0.28002540505710005,0.8925420334509534,0.24993444444759097,0.28659354918170543,0.8276902891795376,0.2372106975991958
71345.55110220441,0.29590027024543436,0.9424041014445225,0.27885762829783994,0.2891643349357492,0.925809488189831,0.26771108492961887,0.2800673026514797,0.8923229557364474,0.24991048330710255,0.286401309400604,0.8273987803051489,0.2369680940758573
71545.93186372746,0.29600854814744804,0.9422721313844189,0.27892060557090326,0.2888926752632977,0.9256475232052975,0.26741278932962387,0.2798307149876069,0.8921036673469589,0.24963800707676576,0.28635260157570486,0.8271083221045245,0.23684461981954666
71746.31262525049,0.295663740123797,0.9421391754718963,0.2785563923371711,0.28869643791038085,0.9254853428550026,0.2671843218205068,0.2798926727456215,0.8918841264801884,0.2496318319399339,0.2866584166563917,0.8268178446417322,0.2370142942082494
71946.69338677354,0.29537614528160444,0.9420064704769834,0.27824624007982085,0.28868279429619514,0.9253228639783914,0.2671247899994401,0.2796336900575018,0.8916643037813756,0.24933937955893934,0.28665603651064264,0.8265280913531206,0.2369292667319919
72147.07414829658,0.29541593375749525,0.9418759641589293,0.27824516743575123,0.2882980125773255,0.9251615282993563,0.2667222299217055,0.2797033909436026,0.8914444078708036,0.24934002371917569,0.28643535391143704,0.8262381057773441,0.23666380424344893
72347.45490981963,0.29517207803483714,0.9417446963763555,0.2779767390076956,0.2882418478305565,0.9250016730099335,0.2666241914747394,0.2794331811311523,0.8912242137145541,0.24903761713936776,0.2866384865482298,0.8259485525905953,0.23674864308126925
72547.83567134268,0.2948788549505517,0.9416136776748272,0.2776619630785309,0.28813571939734745,0.9248421391022614,0.2664800550792118,0.27949920630409736,0.8910037374878365,0.2490348374418346,0.28683065782066075,0.8256587050910968,0.23682422951663423
72748.21643286572,0.2948164982342527,0.9414846634511649,0.27756521161992637,0.2878203360953941,0.9246818328005426,0.26614223589795716,0.27923765576026277,0.8907830092277176,0.24874015928782037,0.2866422231162915,0.8253691070748227,0.2365856357434356
72948.59719438877,0.29465618732729243,0.9413550239616573,0.27737608228193394,0.2878211465202063,0.9245213469625249,0.26609679406515935,0.279286451430385,0.8905620812922909,0.24872192346258196,0.286629455286219,0.8250797536086087,0.23649216034452333
73148.97795591182,0.2943990938532932,0.9412256028756851,0.2770959645981213,0.28754192169201004,0.9243622555266393,0.2657928992936907,0.27905480816065964,0.8903410212179235,0.24845394287353342,0.2869146271724384,0.8247901792212412,0.23664436676675105
73349.35871743486,0.2942276193830143,0.9410979716442844,0.2768970158030813,0.2873867722489093,0.9242039688349345,0.2656039955031034,0.2790715768709112,0.8901199011061116,0.2484071644058621,0.2868504880676636,0.8245011133306337,0.2365085467712243
73549.73947895791,0.29411478997785584,0.9409697620916965,0.2767531239531123,0.2873814401422763,0.9240452919590773,0.2655534667598898,0.27888689492218044,0.8898988020855868,0.24818111370861728,0.2867068635155302,0.8242119206236385,0.23630721463411453
73750.12024048096,0.2939284151915785,0.9408417030079039,0.27654011071125895,0.28699961689215553,0.9238854084243773,0.2651547582700489,0.27886130306393514,0.8896778090976752,0.24809671315204465,0.2869236803278972,0.823923568503359,0.2364031825838781
73950.501002004,0.2936592868034533,0.9407152127270805,0.2762497584545933,0.286904261766954,0.9237256677222522,0.2650208307730394,0.2787347607787607,0.8894570029467134,0.2479225849393456,0.287045531425762,0.8236357022616627,0.23642094785692966
74150.88176352705,0.29355855159022776,0.940588127013468,0.2761176882090388,0.28681821067323365,0.9235671892982978,0.26489588867104547,0.2786628495627344,0.8892364672024008,0.24779716788572,0.2868355772053952,0.8233485930411951,0.23616566892622123
74351.2625250501,0.29345395346691133,0.9404610821672327,0.27598202264374416,0.2866200712254943,0.9234087506344014,0.26466748187707684,0.2785987752467348,0.8890162856356932,0.2476788483525055,0.2869187735327475,0.8230622405414011,0.236152008597254
74551.64328657315,0.29311995578760836,0.9403353911151091,0.2756310682691842,0.28656798312858744,0.9232492669622223,0.26457368035831086,0.2784786758514489,0.888796533974959,0.2475108818827039,0.28716775618615076,0.8227768581257442,0.23627498418986087
74752.0240480962,0.2929964982927377,0.940209048952609,0.27547795900625965,0.28623512195719336,0.9230884924937725,0.2642203472262367,0.2784741049456596,0.8885772852888675,0.2474457641958614,0.2870495362706467,0.8224924810721432,0.2360960852778524
74952.40480961924,0.29296735243709326,0.9400825982821078,0.27541350989089264,0.2860635753399128,0.9229283265664499,0.2640161768800813,0.2783070026534507,0.8883586077451449,0.2472364214029438,0.28693098677055723,0.8222091379234142,0.23591727927613443
75152.78557114229,0.29261386363423825,0.9399573110942425,0.27504454045053595,0.286040366895962,0.9227689898040639,0.26394918040377063,0.27835507438699697,0.8881405562171326,0.2472184305919288,0.2871932937876838,0.8219269610326808,0.23605191119187685
75353.16633266532,0.29243589811063925,0.9398312909876688,0.2748404076524605,0.2858667752266432,0.9226090858659513,0.26374328417130066,0.2781491464796376,0.8879231769506118,0.24697507380830094,0.2872594964364448,0.8216461218240088,0.2360256512041225
75553.54709418837,0.29246653175235465,0.9397049963652939,0.27483226115731657,0.28571233516647093,0.9224477182328281,0.2635546916452841,0.2782399182748973,0.887706505959729,0.24699538567032964,0.28705580402770375,0.821366082128745,0.23577790110655183
75753.92785571142,0.29213745836962207,0.939579702526685,0.27448642623183134,0.2855141665072176,0.9222854706155472,0.2633255674245149,0.2780093961201913,0.8874905608882967,0.24673071489492526,0.28716487194399903,0.8210871545499829,0.2357873875912084
75954.30861723446,0.291888095359908,0.9394535903478292,0.2742153191656551,0.28536595962173067,0.922124217226382,0.26314286213924376,0.27812768959400447,0.88727558768962,0.24677590923727652,0.2873884065357279,0.8208089206445343,0.23589096777434343
76154.68937875751,0.29194821888421957,0.9393270426129303,0.27423485704062645,0.28526201796133405,0.9219633749858895,0.263001132834917,0.2778882053032873,0.8870613429938222,0.246503884598477,0.28725205692879896,0.8205314895053993,0.23569935813527718
76355.07014028056,0.29168128171068386,0.9392013592907595,0.27394745626234523,0.2851126105593561,0.9218015794331893,0.2628172547299343,0.2780148816015796,0.8868477979476337,0.24655688554503297,0.28718659009129527,0.8202545554686532,0.23556610879189374
76555.4509018036,0.29135998823107606,0.9390747977278989,0.27360882201410075,0.2849260698755243,0.9216382897181449,0.2625987757361909,0.2777829400230215,0.8866349111071564,0.24629205233439624,0.28742855788496935,0.8199781070794165,0.23568512481508366
76755.83166332665,0.2914102724526609,0.9389476547523313,0.2736189918901638,0.2848109309061546,0.9214749137233603,0.26244612798421874,0.2779008888497537,0.8864226314883402,0.24633763718714743,0.28743753113674453,0.8197023536374562,0.2356132207965291
76956.21242484968,0.291230196229752,0.9388212791534207,0.2734131053525175,0.2847297236603592,0.9213127830448309,0.2623251341211112,0.27769372627060507,0.8862108947053216,0.24609520561232756,0.2872760001508256,0.8194264138230694,0.23540154258102655
77156.59318637275,0.2908477217827315,0.9386939944105996,0.273017009725455,0.2845376867315324,0.9211507418365452,0.2621021012132056,0.2777879820409199,0.8859996311058075,0.24612004961388173,0.28742899551834383,0.819150995787218,0.23544774789697115
77356.97394789578,0.2908591667565589,0.9385660289151567,0.2729905331162748,0.2843925867367417,0.9209876177255113,0.2619220509574676,0.27762030843354174,0.8857887697964676,0.24591295147786282,0.28759092088444443,0.8188752499985152,0.23550108723655266
77557.35470941884,0.29076454130626045,0.9384387686066447,0.2728647180979229,0.2842658749146505,0.9208234226793537,0.2617586758898495,0.2776756327822109,0.8855782341005628,0.2459034965320267,0.2874218990289163,0.8185999281874378,0.23528354590456788
77757.73547094187,0.29034598325722477,0.9383105966915809,0.2724347127970903,0.28409376643353196,0.920660095435754,0.2615537941173983,0.2775567321909901,0.8853679480396257,0.24573983444452083,0.28742681061300246,0.8183242967283023,0.23520834265574417
77958.11623246493,0.29030070191230056,0.9381817381733607,0.2723548171130288,0.28404668356046525,0.9204980055328561,0.26146440569563056,0.27756139525277596,0.8851578390486223,0.2456856448252677,0.2876639310592314,0.8180490918558889,0.23532321756269928
78158.49699398797,0.2902720535597295,0.9380535257083512,0.27229072325630765,0.2838601339179486,0.9203358465030389,0.26124665663784125,0.2774971009470984,0.8849478318303555,0.24557045782234402,0.2876210037904635,0.8177741702807759,0.2352090277300702
78358.87775551103,0.28984887299032785,0.9379244403509502,0.27185634198580694,0.28369141796203545,0.9201726488939568,0.2610450835346088,0.27744748712352924,0.884737854911331,0.24546829460821037,0.28746872531614803,0.8174993483860037,0.2350054956273061
78559.25851703406,0.28973801724322634,0.9377947537821117,0.2717147925419287,0.28363806506588884,0.9200091527178423,0.26094961591979665,0.2774401615289958,0.8845278462924991,0.24540354855228574,0.287664088591636,0.8172250963835863,0.23508631252539625
78759.63927855711,0.2897493024208433,0.9376656720169115,0.27168797437087133,0.28339661790122506,0.9198472854151835,0.2606816096722859,0.2773392899312138,0.8843177494126392,0.24525605669567044,0.2877831806420829,0.8169510915704831,0.23510478356117515
78960.02004008016,0.28934580538194166,0.9375357746145271,0.27127204378022285,0.2833360328031853,0.9196864793693214,0.26058031848723207,0.2773868471197429,0.8841075198372075,0.24523979744249852,0.28761819038215763,0.8166779714556978,0.23489144027505918
79160.4008016032,0.2891772343834485,0.9374054387449503,0.27107631227226786,0.2832269581271734,0.9195255006145177,0.2604344104594162,0.2772408749248868,0.8838971299986282,0.2450524136644161,0.2876452936024309,0.8164056597027971,0.23483524568389738
79360.78156312625,0.2891928957016058,0.9372757128409065,0.2710534774672485,0.2830012698172672,0.9193636637309435,0.26018108425971204,0.2773369461786471,0.8836865614146969,0.24507893232186154,0.28786737772396437,0.8161341035992973,0.23493838427422797
79561.1623246493,0.2888303288480247,0.9371452086453792,0.27067595879139555,0.2829678473950523,0.9192024519485944,0.26010473914814775,0.27715672332880115,0.8834760567410584,0.24486132902580177,0.2877911738371188,0.8158635037949088,0.23479831544800142
79761.54308617234,0.28862352611919456,0.9370144932919893,0.27044442707872435,0.28276618868558034,0.9190431464544557,0.2598743277605301,0.27729176383901916,0.8832653796715296,0.24492221506705938,0.287695342440758,0.815593798217555,0.23464253707075797
79961.92384769539,0.28860720360873915,0.9368844348901434,0.27039159685819814,0.28267404637533755,0.9188846230117094,0.2597448345387965,0.27709538289184993,0.8830545456479163,0.24469033744069793,0.2878788991522499,0.8153251245987263,0.23471489932065231
80162.30460921845,0.2883006378914206,0.936753623791436,0.2700666672861708,0.28263329373303514,0.9187257140767687,0.25966247460675185,0.2772523894323455,0.8828435797493858,0.24477049198052267,0.2879493752654023,0.8150573380566672,0.23469525129889915
80362.68537074148,0.2880801671253654,0.9366228459614537,0.26982246599801096,0.2823436845734415,0.9185663422902606,0.25935140560738124,0.2770596547277978,0.882632521614938,0.24454186169016026,0.2877948701003307,0.8147905660571506,0.2344925451173926
80563.06613226452,0.28800833842732804,0.9364928114992108,0.26971773858902465,0.2822795976834066,0.9184083058987067,0.25924792709818595,0.27721679016325074,0.8824214178607647,0.2446220330306658,0.2878827928113994,0.81452493269507,0.23448771243877387
80763.44689378758,0.2877558266645911,0.9363620493279542,0.2694436355617161,0.28217953826877024,0.9182519377425471,0.2591119078065955,0.27704653017704367,0.8822103221105434,0.2444133086270981,0.28805606149260665,0.8142598104572184,0.23455247403202273
80963.82765531061,0.2875507564813307,0.9362315432379648,0.2692140884997605,0.282051458736317,0.9180959288672214,0.2589502959968737,0.2771824786112539,0.8819992989673098,0.24447475182114728,0.28794550213674447,0.8139955973059654,0.23438637100336546
81164.20841683366,0.2874132649576673,0.9361019020495646,0.2690481040011478,0.2820116672809773,0.9179393106714796,0.258869595465215,0.27705272763046335,0.881788416032452,0.2443018858547366,0.28789156980930236,0.8137317130257451,0.23426650026659449
81364.58917835672,0.28720090150906397,0.9359715395359599,0.2688118699415542,0.2817489545961031,0.9177826574668602,0.2585843042877212,0.27715156374972977,0.8815777423663276,0.24433064986378408,0.28809419033417744,0.8134684690421436,0.23435553995107924
81564.96993987975,0.28703536284758696,0.9358416442804568,0.26861964593392335,0.2816489475027423,0.9176276429426681,0.25844885983422466,0.2770773012533454,0.8813673520803539,0.24420688732723156,0.2881163264036646,0.8132053636112964,0.234297741975443
81765.3507014028,0.2868332247892725,0.9357127283272284,0.26839349934246737,0.2816090441508461,0.917473728843572,0.25836889981315087,0.2771267206393691,0.881157316430524,0.24419223746977797,0.28796562219616784,0.8129426585170066,0.23409953846965662
81965.73146292586,0.28664628060903946,0.9355830972796594,0.2681814150358995,0.28144968959427774,0.9173196902374366,0.25817934207604554,0.2771167197420436,0.8809477008657502,0.24412533712821177,0.2880843637239481,0.8126803636335584,0.23412050546832044
82166.1122244489,0.2865291891735377,0.935454113418562,0.2680349086268711,0.28136136435069126,0.9171647977183581,0.258054738820463,0.2771075015541689,0.8807385681090368,0.2440592641310914,0.28823099032900124,0.8124179005586977,0.23416401603904147
82366.49298597194,0.2862799560767594,0.9353261887941454,0.2677651402454307,0.2812258014320809,0.9170102675274694,0.2578869474068595,0.27716420655071267,0.88052997103893,0.24405139076712706,0.2881156578152644,0.8121558005232252,0.2339948027162317
82566.87374749499,0.2860989984069184,0.9351975593768188,0.26755908505030246,0.2811148554370283,0.9168572010529451,0.2577421795303971,0.2770946147763463,0.8803219501459454,0.24393247165485266,0.2880841965740569,0.8118934866715474,0.2338936828114825
82767.25450901804,0.28603203229387225,0.9350697029181849,0.2674598874621158,0.2810580471562592,0.9167045343008228,0.25764718622987726,0.2772152896695416,0.880114538028099,0.24398120660183428,0.28827602147887993,0.8116315795961705,0.2339739226726029
82967.6352705411,0.2857616513879709,0.934942959641812,0.2671708441008012,0.28088764816773304,0.9165512642938778,0.25744792905266967,0.27709256708066343,0.8799077546334713,0.24381589852557106,0.28826159946404817,0.8113695439849068,0.23388668250550462
83168.01603206413,0.2855662348658219,0.9348154988020465,0.26695174228711566,0.2807594597698762,0.9163970850110529,0.25728715052239254,0.2772673802903945,0.8797018657575488,0.24391263175516786,0.2881558588645912,0.8111080373974257,0.23372553314822817
83368.39679358716,0.2855443005288463,0.9346888908657667,0.2668950855543485,0.2807215797004323,0.9162435498847932,0.257209336713991,0.2771029494891557,0.8794966170841926,0.24371110665976434,0.28827781743222186,0.8108470017205636,0.23374920392746512
83568.77755511021,0.285279477372461,0.9345634131463548,0.2666117620738155,0.2806212357941619,0.9160909185961843,0.25707456567627024,0.27731188927179284,0.8792919937618551,0.24383812401166152,0.2883840982583337,0.810586251679913,0.23376018525131448
83769.15831663326,0.28505701237259495,0.9344371717051657,0.26636786841617205,0.28050054303202193,0.9159381690294691,0.256921153796522,0.277122778525481,0.8790879667405944,0.24361529991146916,0.2882590271484402,0.8103262215667478,0.23358384830170215
83969.5390781563,0.28506114101209284,0.934311827285976,0.26633599554723375,0.2803657404505385,0.9157843698636303,0.25675456294984655,0.2773440597106348,0.8788844981874832,0.24375339474406063,0.28828697807893944,0.8100666328072695,0.2335316616145896
84169.91983967937,0.2848302667070069,0.9341875776845041,0.26608489690625003,0.280243318451683,0.9156298585387019,0.2565991500303309,0.2771501862248289,0.8786815385321372,0.24352675203650098,0.2884487819787723,0.8098079954811335,0.23358812993320408
84370.3006012024,0.2845733065548181,0.9340624992675204,0.26580925394541566,0.28017468708370424,0.9154760612433842,0.25649321899148725,0.27736321460603275,0.8784790266198901,0.24365776678727133,0.28840057184215184,0.8095502957107749,0.23347476821797059
84570.68136272545,0.2845804442700427,0.9339383121012022,0.2657805797785739,0.2801016524406343,0.9153226954605287,0.25638339951490957,0.2771864385622007,0.878276897915585,0.24344644540467855,0.28831341047666,0.809293318413038,0.2333301167076365
84771.0621242485,0.2844036873118428,0.9338151528552407,0.2655804727397026,0.2799407143808728,0.9151688102909412,0.25619301053193955,0.27736982367938673,0.8780750840401658,0.24355153123748347,0.28846573857699476,0.809037334007655,0.233379552090881
84971.44288577154,0.2841120675888377,0.9336910720526399,0.26527290097011397,0.2798489771927495,0.9150136644102852,0.256065638102608,0.2772298483054942,0.8778735133725081,0.24337274094367164,0.28853153196025133,0.8087820962980738,0.23335913726690677
85171.82364729459,0.28410554546876804,0.9335678347791202,0.26523179893201865,0.2797649557116178,0.9148581232777041,0.2559452423412007,0.2773631692440206,0.8776721187001058,0.24343392039977557,0.2884096066049743,0.8085278210253046,0.23318719079108516
85372.20440881765,0.28398640694030364,0.9334455383750193,0.26508584451757905,0.279612160165305,0.9147034108065287,0.2557621966061859,0.27727623358294706,0.8774708353636973,0.2433018083085282,0.28845540356959076,0.8082741967126316,0.23315105960762894
85572.58517034068,0.28367045142821407,0.933322198735197,0.26475592944318666,0.2795784278555585,0.9145487672382758,0.25568810654171625,0.27734502853184095,0.877269599698556,0.2433063621585127,0.2886050314716418,0.8080214297171182,0.2331990501532699
85772.96593186373,0.2836365740793501,0.9331996377501482,0.2646895481835426,0.27944064312025474,0.9143933954226925,0.2555186784818306,0.27732320974115626,0.8770683561897967,0.24323141170095414,0.2885425421068191,0.8077695176100023,0.23307587004758906
85973.34669338679,0.28356992557062,0.9330779267740988,0.26459283824691965,0.2793269021730171,0.9142369377829551,0.2553709716830582,0.2773208939924108,0.8768670564316966,0.2431735560021318,0.2884830667394861,0.8075179177210922,0.23295524535126466
86173.72745490982,0.2832420831705486,0.9329550293117214,0.2642521260066922,0.2792924107072532,0.9140805803699491,0.2552957688722082,0.2773689914060358,0.8766656575718188,0.24315986924100455,0.28862599424525587,0.8072669578088087,0.23299822831891046
86374.10821643288,0.2831716568125188,0.9328328234112794,0.2641518161344718,0.27910427875459715,0.9139250033443685,0.25508037889422275,0.2772942894829874,0.8764641296276864,0.24303849808243427,0.288660811354157,0.8070161331893588,0.23295393178233476
86574.48897795592,0.28314654871074,0.9327113859874372,0.2640940098855537,0.27908059921679546,0.9137693773436145,0.255015305375014,0.2774090127838808,0.8762624543142049,0.24308310239088404,0.28856451362875607,0.8067657452421815,0.23280396488815103
86774.86973947895,0.28281678993520193,0.9325886223356229,0.2637517204990532,0.2790152244281473,0.9136129807242365,0.25491193085724145,0.27726534473739556,0.8760608905965053,0.24290132484218982,0.2886307863011255,0.8065153570758825,0.23278516167674496
86975.250501002,0.2827117551582782,0.9324664368677095,0.26361922299305596,0.27881729615406925,0.9134558987292866,0.25468730383968496,0.27743878392610904,0.8758591783004293,0.24299730531819222,0.28874735763434206,0.8062652658818503,0.23280696507573453
87175.63126252506,0.28270549953499635,0.9323449711274773,0.2635790508015352,0.27880636051991603,0.9132995192466128,0.2546337150257371,0.27724243463944287,0.8756573325569166,0.24276937078795982,0.28866730493624165,0.8060155206180383,0.23267032807359084
87376.01202404809,0.282388696383341,0.9322220437472077,0.2632489676735879,0.2786765806440403,0.9131438466896249,0.2544718048316104,0.27745939325644214,0.8754553753397857,0.24290331726486775,0.28865182652881377,0.8057656249971826,0.23258571940956796
87576.39278557114,0.2822562141805246,0.9320995827397197,0.26309089946335995,0.27859880765730854,0.9129881716458993,0.2543574160257737,0.27723165150666984,0.8752533402190739,0.242647928995663,0.28878604430415034,0.8055161160782662,0.2326218127854853
87776.77354709418,0.2822452025640554,0.9319778113619,0.2630462661530445,0.27858711279019255,0.9128317325154799,0.25430315682475685,0.27747139412959965,0.8750512710959316,0.24280169612586638,0.28879328413890565,0.8052665078665519,0.23255555941384942
87977.15430861723,0.2819540884984124,0.9318544738455972,0.262740178786303,0.27836957876071394,0.9126753171979473,0.2540610435936936,0.27723522435238657,0.8748492163356059,0.24253901876531125,0.28870175414157057,0.8050173989327325,0.23240993518636438
88177.5350701403,0.2818053997013321,0.9317315036830911,0.2625669688097367,0.2783308307209424,0.9125199899443246,0.25398244685066984,0.277473615601581,0.8746472320883285,0.24269152986346368,0.2887960729648565,0.8047683338231817,0.23241393445460556
88377.91583166333,0.28177332391290977,0.9316092089853517,0.26250262340367914,0.27829804178871553,0.9123653349894767,0.25390948612347686,0.2772523013586858,0.8744453807181701,0.24244199421658483,0.2888854129299753,0.8045199203935253,0.23241406941327442
88578.29659318637,0.28150974283460645,0.9314852941758175,0.2622221856176521,0.27814140573658225,0.9122106185218524,0.2537235437635052,0.27746706445222513,0.8742437239713571,0.24257383970611385,0.288807880993372,0.8042721386377761,0.23228013210198364
88778.67735470943,0.2813616797373926,0.9313616583226162,0.26204948062865485,0.2781154324926432,0.9120555056325826,0.2536567114063021,0.27728319538963336,0.8740423252875185,0.24235724886150847,0.28880161353493855,0.8040247667014321,0.2322036499454261
88979.05811623247,0.28129595041568867,0.9312387237466572,0.2619536818602089,0.2780088418461387,0.9119009380835233,0.25351652367500777,0.27745528479403747,0.8738412488922773,0.2424518725761842,0.2889322376951941,0.8037782303396233,0.23223744270271052
89179.43887775551,0.2810592767902517,0.9311141465345601,0.26169826863417595,0.277910733319143,0.9117475904884538,0.25338444147460787,0.2773274454128194,0.873640553361844,0.2422845028728821,0.288921079654473,0.8035322012732364,0.23215739112899877
89379.81963927858,0.2809246957381239,0.9309897799210933,0.26153802065963605,0.2779118872602725,0.9115947484560639,0.2533430169599781,0.2774395930904572,0.8734402935799203,0.24232691963962252,0.28885872408080676,0.8032871586678586,0.2320365037232942
89580.20040080161,0.28081943150874933,0.9308661896028998,0.261405314175002,0.2777407016593952,0.9114419449728265,0.2531445253185567,0.2773801412413487,0.8732405201658112,0.24221957882126152,0.2889465127674161,0.8030430227914217,0.23203648103778596
89780.58116232466,0.28060994390828176,0.9307409665285937,0.26117517041072863,0.27764880066319286,0.9112890410987501,0.25301830931857905,0.27742069956296095,0.8730412729610825,0.24219972069220144,0.2890137861386103,0.8027995609614071,0.23202014062387036
89980.96192384772,0.28049470146311406,0.9306159493865289,0.2610328428999869,0.27766682468363885,0.9111370002633815,0.25299251771490894,0.27743629427926747,0.872842582496449,0.2421582115769606,0.28894370299595756,0.8025569727773797,0.231893783579522
90181.34268537075,0.2803544582144698,0.9304917824988933,0.26086751955549353,0.27754432134234575,0.9109860647295173,0.25283900908768814,0.27740308781378015,0.8726444702722319,0.2420742706171376,0.2889679242621871,0.8023149983799747,0.23184329968628128
90381.72344689377,0.28016697303255944,0.9303660415543075,0.26065783767455475,0.2774756648390944,0.9108356552152437,0.25273472899000193,0.277494404385882,0.8724472128569363,0.24209921968985837,0.2890726787409327,0.8020737977033522,0.23185762125002096
90582.10420841684,0.28007690471328467,0.9302405219822856,0.26053888603566877,0.27738514337666414,0.9106849658124233,0.2526104798128515,0.2773919233505297,0.8722505450485212,0.24195525633455714,0.289045278516572,0.8018330627290584,0.23176606094031665
90782.48496993986,0.2799101018075783,0.930115959221944,0.2603488528386677,0.2772519817354979,0.9105343864466248,0.2524474630806424,0.2775484624393162,0.8720544540970893,0.24203737289800437,0.2890068211975591,0.8015929649356234,0.23166583469037097
90982.86573146292,0.27973675082046406,0.9299899073409307,0.26015235497537637,0.2772575828152638,0.9103847602152837,0.2524110780491431,0.27738986425341366,0.8718589142844287,0.24184482588148631,0.289103754253596,0.8013535221047148,0.2316743117248151
91183.24649298597,0.2796731075656016,0.9298641123500293,0.2600579859146624,0.2771847619539641,0.9102359618322325,0.2523035384024049,0.2775955717656317,0.8716638902692524,0.241970036006748,0.2891476598580347,0.8011141921206084,0.23164029393073393
91383.62725450902,0.2794908093881766,0.9297394061382653,0.25985361914166644,0.27703197060395207,0.9100874380767305,0.25212331639229885,0.2773972689592176,0.8714693398524935,0.24174321485677397,0.28907743254980894,0.8008753391718927,0.23151498684026817
91584.00801603205,0.27932560775891074,0.9296133046096762,0.2596648012908672,0.27702496703895113,0.9099383977292087,0.25207565463841003,0.2776331355133678,0.8712752107443555,0.24189486865402576,0.2891197082356922,0.8006364793504221,0.23147978531264587
91784.38877755511,0.27927987168161106,0.9294875199515646,0.2595871553017319,0.27692470673812336,0.9097895352684306,0.2519432002476237,0.2774158109503769,0.8710814445428073,0.24165176534166863,0.28921299464793193,0.8003979625220456,0.23148549165110402
91984.76953907814,0.27909888211523926,0.9293629515384563,0.2593841608537024,0.2768085198696167,0.9096415114892853,0.25179652040731,0.27765980225681197,0.8708879809191648,0.24181058456984952,0.28918502223544623,0.8001593888978444,0.2313941106703242
92185.15030060122,0.2789340705044161,0.9292371022420698,0.2591958873921088,0.2768226967814248,0.9094939884593455,0.25176857859181007,0.27744539503807564,0.8706947554498129,0.241570250383354,0.2891524641101871,0.7999211012581633,0.23129915752253238
92385.53106212425,0.27889808349254464,0.9291116226662612,0.2591274509122686,0.2766698706888186,0.9093463714753701,0.25158874300743705,0.2776727290878517,0.8705017041256036,0.24171458386018194,0.28924855566163277,0.7996831774963286,0.23130720407771815
92585.9118236473,0.2787312573323316,0.9289874843060678,0.25893784954662996,0.27662995090565573,0.9091980827646526,0.25151142099870216,0.27748169905413184,0.8703087680980934,0.24149475567356737,0.2892777668708653,0.7994451817510887,0.23126171691262798
92786.29258517033,0.2785616179975572,0.9288621855551517,0.2587453533049902,0.27662106699162925,0.9090499360960401,0.251462363271559,0.27766986504153235,0.8701158908851916,0.24160496199258383,0.28923094760504237,0.7992076625632123,0.23115558957636884
92986.6733466934,0.2785298044066016,0.9287372867533795,0.25868101482453665,0.2764206068995678,0.908902396191859,0.2512393519678251,0.2775209341036717,0.8699230214240087,0.24142184950387927,0.28926959004700314,0.7989701681652551,0.2311177730049485
93187.05410821643,0.2783832270560952,0.9286138503859273,0.2585105203594204,0.27645560784656315,0.9087550479322842,0.25123042915975224,0.2776536422238092,0.8697301180572222,0.24148373503033135,0.28934910727309676,0.7987333011160084,0.2311127676272106
93387.4348697395,0.2782074824469171,0.9284893317874092,0.25831267947539543,0.2763996247077036,0.9086072179746238,0.25113869405489664,0.2775619572821612,0.8695371447369717,0.24135043182273577,0.289317882765832,0.7984966056194603,0.2310193473335258
93587.81563126252,0.2781719654064496,0.9283652537425864,0.25824518724863255,0.2762331348165564,0.9084586797714865,0.2509463889645879,0.2776285536108423,0.869344072970862,0.24135473756905898,0.2893149731280588,0.7982606862964883,0.2309487690050543
93788.19639278555,0.2780517178925331,0.9282427249758277,0.258099484300775,0.27628088247844224,0.9083102839573837,0.25094876681599043,0.277603858222015,0.8691508860128924,0.2412796393342617,0.2893942102641702,0.7980254685007807,0.23094395022747788
93988.5771543086,0.2778655555840507,0.9281192032443124,0.2578923580577073,0.2761438902566593,0.9081622642337491,0.25078346062980367,0.2775968705579681,0.8689578577035546,0.24121998194526292,0.28941273594570016,0.7977907605180453,0.23089080671372836
94188.95791583166,0.2778202921436228,0.9279961120543461,0.25781615095908456,0.27609110783858615,0.9080141923780151,0.25069464430680527,0.27764484248723736,0.8687647108788377,0.2412080413104252,0.2893737671991763,0.7975568868511911,0.23079204090377636
94389.3386773547,0.2777290006173185,0.9278746141365336,0.2576976892823195,0.2761304244598006,0.9078653771355845,0.25068925194080593,0.27756855197042796,0.8685714579321824,0.24108812186107934,0.28943002119691313,0.7973235502006049,0.2307693720353591
94589.71943887776,0.27753061707266974,0.9277522002630367,0.25747964062952766,0.27591240141496226,0.9077159336901965,0.25045008306708677,0.27768479321262624,0.8683781189383758,0.24113539838777223,0.2894921758424571,0.7970911160798158,0.23075164153863842
94790.10020040079,0.27747375250754835,0.927630163477294,0.2573930223992353,0.27591558166293434,0.907566734639801,0.25041180348607067,0.2775503673376757,0.8681847206979459,0.24096498814667228,0.28946045142395027,0.7968595288065976,0.23065931892983405
94990.48096192384,0.2774059529762161,0.9275097347891467,0.2572967218739007,0.2759213677456923,0.9074178046155748,0.25037596176632276,0.27772400146122334,0.8679912997434388,0.24106201699827595,0.2894644202145797,0.7966284703402238,0.23059559829346035
95190.8617234469,0.27720136378697174,0.9273884326460489,0.25707333828974693,0.27575566275814317,0.9072686649995705,0.25018447201665234,0.2775483811510827,0.867797897577179,0.24085590163885912,0.2895445901458309,0.7963981590226596,0.23059277854711024
95391.24248496993,0.27713063614501693,0.9272674251684062,0.2569742114134723,0.27578831651132624,0.9071187575143909,0.2501727550107398,0.27776067422061923,0.8676045590294159,0.2409864272728936,0.28955938944254667,0.7961682738181305,0.2305379992603042
95591.62324649298,0.2770801308119068,0.9271480049175508,0.25689429048455337,0.2756990286771398,0.9069685960435653,0.25005036096988015,0.2775642675178691,0.8674113353676376,0.24076239193801505,0.2895268026505269,0.7959389962804848,0.23044567269795838
95792.00400801604,0.2768745172243967,0.9270277218001944,0.2566703529270612,0.275597301710905,0.9068186959613981,0.24991678574796286,0.2777930053711543,0.8672182799465201,0.24090717229914688,0.28958078109203444,0.7957099963760442,0.23042232227331477
95992.38476953907,0.27679040115080206,0.9269076281509123,0.2565591342256295,0.27566067391907656,0.9066690895202727,0.24993301223875392,0.27759912696783084,0.8670254456930213,0.24068550678327716,0.28963636132667026,0.7954814636936753,0.2304003566470499
96192.76553106212,0.27675112372589067,0.9267890622275193,0.2564899144283304,0.27549760043398136,0.9065192051170764,0.24974386575707472,0.2778220259163006,0.8668328874987671,0.24082526893578415,0.28961743863640094,0.7952534288470439,0.23031926112949616
96393.14629258518,0.2765464934863018,0.9266696301576259,0.2562672368403396,0.2754272933549693,0.9063687593484995,0.24963869416885873,0.2776539494157096,0.8666406577237686,0.24062620134123255,0.2896233066018999,0.7950253786627302,0.23025787900072744
96593.52705410821,0.276453836787701,0.926550249479398,0.25614837144518116,0.2755001144415547,0.9062183883764711,0.24966326970675903,0.27784858306417987,0.8664488029818704,0.24074157220616743,0.28969535118619,0.7947977210775953,0.23024920492955744
96793.90781563128,0.27641546012278845,0.9264322793970551,0.25608020478214066,0.2753603815786262,0.9060684975496723,0.2494953672216503,0.2777263578415613,0.866257366468547,0.24058250334273218,0.2897058398864997,0.7945699857052788,0.2301915650573519
96994.28857715431,0.2762198325412657,0.9263134641810725,0.25586614995681556,0.27533242289360577,0.9059189658658704,0.24942886381711984,0.2778725116353923,0.8660663844442695,0.2406560414885124,0.28969257585025804,0.7943425942194478,0.2301151522270081
97194.66933867735,0.27612034697026455,0.9261945451003473,0.2557411591550742,0.27529694146001726,0.9057691628993457,0.24935548021499002,0.2778115457810474,0.8658758836238357,0.2405503176840681,0.2897404447649187,0.7941151407812761,0.23008727408452298
97395.05010020039,0.27607416936100054,0.9260769533326424,0.2556659256556753,0.27515259532818864,0.905619123378924,0.24918345217655002,0.27789582539516894,0.865685884136008,0.24057049330492253,0.28979107604066945,0.7938880512087212,0.2300616726156054
97595.43086172345,0.2758974733519234,0.9259584824875292,0.2554696057470905,0.2752113326312361,0.9054695579558771,0.24919548370205322,0.2779081802320947,0.8654966767756945,0.2405286064396587,0.28977147781733414,0.7936613569669673,0.22998042429482887
97795.81162324648,0.27579303149101364,0.9258397577315253,0.255340153459683,0.2751567524932973,0.9053206438945398,0.24910508833916242,0.2779234099578115,0.8653079887223817,0.24048934688945983,0.28979200749320094,0.793434736507983,0.22993104510748733
97996.19238476953,0.2757325118646697,0.9257222650404483,0.2552517254286543,0.2750092813067129,0.9051721213637447,0.24893073455511616,0.27800821290002536,0.865119811979215,0.2405104128727475,0.28985532354848315,0.7932086543511032,0.22991575114839596
98196.57314629259,0.27557979363972374,0.9256038711307525,0.2550777237983422,0.27507186874769196,0.9050233667200761,0.24894646874401907,0.27795756723520776,0.864932129093353,0.24041443042635707,0.289868563291869,0.7929827531242701,0.22986077136336303
98396.95390781562,0.27547745483130087,0.9254850754907693,0.25495027308055146,0.27497588168448633,0.9048747020380495,0.24881871900689953,0.2781076609319751,0.8647449119618269,0.2404921847685304,0.289853643741348,0.7927575409424777,0.22978366184560803
98597.33466933868,0.27539466036558174,0.9253674241074888,0.2548412474754551,0.27487045352410727,0.9047268635475854,0.24868268329876791,0.27799888741249484,0.8645581265298088,0.24034619727871778,0.28990799934397216,0.7925326235989472,0.22976154732240012
98797.71543086172,0.2752692638356432,0.9252488663667804,0.25469257430954706,0.2749389720095261,0.9045797290944471,0.24870422081788288,0.2782011628630679,0.864371732682865,0.24046922117833794,0.28995523581074384,0.7923085157097617,0.22973400250748438
98998.09619238476,0.27517399109693685,0.9251297706148183,0.2545716512626732,0.27478926395667597,0.9044329048636177,0.24852845222567185,0.27804924400911857,0.8641856836838281,0.24028617603179167,0.28994234378391354,0.7920851484836117,0.22965902442776753
99198.47695390783,0.2750653938260873,0.9250117537070378,0.254438722327186,0.2747759961944401,0.9042859084140229,0.24847606132905736,0.27828559260996333,0.8639999312181177,0.24043873287400144,0.28995787400370016,0.7918622928249959,0.22960670693123128
99398.85771543086,0.274968408992037,0.9248928387892038,0.25431631236999597,0.27481075008503286,0.9041392438997594,0.24846718379740737,0.27811054863563484,0.8638144254362591,0.24023590377745369,0.29002300424096833,0.7916402269217901,0.22959387688985947
99599.2384769539,0.2748815367343413,0.9247732844478791,0.2542031015598971,0.27460899814995715,0.9039935954757998,0.24824477558758704,0.2783574818709979,0.8636291138810843,0.24039762541041992,0.29003940230344954,0.7914186454491142,0.22954259089786674
99799.61923847697,0.27475079788504014,0.9246547568244085,0.254049632205704,0.27468652250605147,0.9038485276601146,0.24827500893517154,0.2781811621078692,0.8634439463928811,0.24019384042257638,0.29002952781158714,0.7911978423045648,0.22947073660913953
100000.0,0.27467721962701735,0.9245353715890907,0.25394880531492275,0.2746648831635092,0.9037035556848849,0.24821563153663673,0.27841413428063144,0.8632588754855781,0.24034347247838864,0.29007924392826784,0.7909777775159328,0.22944623566588343
